event_id,evaluation_scope,operating_date,target_time_local,target_time_utc,actual_load_mw,pjm_forecast_mw,paired,signed_error_mw,absolute_error_mw,squared_error_mw2,underforecast_mw,overforecast_mw,absolute_percentage_error,underforecast_indicator,overforecast_indicator,selected_vintage_id,selected_evaluated_at_utc,vintage_age_hours,source_structure_missing,missing_reason,contiguous_paired_segment_id
E2014_PV1,REGISTERED_EVENT_PAIRED_HOURS,2014-01-06,2014-01-06 05:00:00,2014-01-06 05:00:00,85504.657,85288.0,True,-216.65700000000652,216.65700000000652,46940.25564900282,216.65700000000652,0.0,0.25338619860203226,1.0,0.0,2014-01-05 00:00:00+00:00,2014-01-05 00:00:00+00:00,17.0,False,NONE,1.0
E2014_PV1,REGISTERED_EVENT_PAIRED_HOURS,2014-01-06,2014-01-06 06:00:00,2014-01-06 06:00:00,83522.058,83361.0,True,-161.05800000000454,161.05800000000454,25939.679364001462,161.05800000000454,0.0,0.1928328921205516,1.0,0.0,2014-01-05 00:00:00+00:00,2014-01-05 00:00:00+00:00,17.0,False,NONE,1.0
E2014_PV1,REGISTERED_EVENT_PAIRED_HOURS,2014-01-06,2014-01-06 07:00:00,2014-01-06 07:00:00,82637.689,82739.0,True,101.31100000000151,101.31100000000151,10263.918721000307,0.0,101.31100000000151,0.12259660359088881,0.0,1.0,2014-01-05 00:00:00+00:00,2014-01-05 00:00:00+00:00,17.0,False,NONE,1.0
E2014_PV1,REGISTERED_EVENT_PAIRED_HOURS,2014-01-06,2014-01-06 08:00:00,2014-01-06 08:00:00,83287.857,83270.0,True,-17.85700000000361,17.85700000000361,318.8724490001289,17.85700000000361,0.0,0.0214401002057282,1.0,0.0,2014-01-05 00:00:00+00:00,2014-01-05 00:00:00+00:00,17.0,False,NONE,1.0
E2014_PV1,REGISTERED_EVENT_PAIRED_HOURS,2014-01-06,2014-01-06 09:00:00,2014-01-06 09:00:00,85374.475,85215.0,True,-159.47500000000582,159.47500000000582,25432.275625001857,159.47500000000582,0.0,0.1867947064974699,1.0,0.0,2014-01-05 00:00:00+00:00,2014-01-05 00:00:00+00:00,17.0,False,NONE,1.0
E2014_PV1,REGISTERED_EVENT_PAIRED_HOURS,2014-01-06,2014-01-06 10:00:00,2014-01-06 10:00:00,90889.688,90179.0,True,-710.6879999999946,710.6879999999946,505077.4333439924,710.6879999999946,0.0,0.7819236875364723,1.0,0.0,2014-01-05 00:00:00+00:00,2014-01-05 00:00:00+00:00,17.0,False,NONE,1.0
E2014_PV1,REGISTERED_EVENT_PAIRED_HOURS,2014-01-06,2014-01-06 11:00:00,2014-01-06 11:00:00,99324.883,97389.0,True,-1935.8830000000016,1935.8830000000016,3747642.9896890065,1935.8830000000016,0.0,1.9490413092155383,1.0,0.0,2014-01-05 00:00:00+00:00,2014-01-05 00:00:00+00:00,17.0,False,NONE,1.0
E2014_PV1,REGISTERED_EVENT_PAIRED_HOURS,2014-01-06,2014-01-06 12:00:00,2014-01-06 12:00:00,105683.549,103824.0,True,-1859.548999999999,1859.548999999999,3457922.4834009963,1859.548999999999,0.0,1.7595444301364247,1.0,0.0,2014-01-05 00:00:00+00:00,2014-01-05 00:00:00+00:00,17.0,False,NONE,1.0
E2014_PV1,REGISTERED_EVENT_PAIRED_HOURS,2014-01-06,2014-01-06 13:00:00,2014-01-06 13:00:00,107239.28,106669.0,True,-570.2799999999988,570.2799999999988,325219.2783999987,570.2799999999988,0.0,0.531782757213587,1.0,0.0,2014-01-05 00:00:00+00:00,2014-01-05 00:00:00+00:00,17.0,False,NONE,1.0
E2014_PV1,REGISTERED_EVENT_PAIRED_HOURS,2014-01-06,2014-01-06 14:00:00,2014-01-06 14:00:00,108904.523,108611.0,True,-293.52300000000105,293.52300000000105,86155.75152900061,293.52300000000105,0.0,0.26952324101359965,1.0,0.0,2014-01-05 00:00:00+00:00,2014-01-05 00:00:00+00:00,17.0,False,NONE,1.0
E2014_PV1,REGISTERED_EVENT_PAIRED_HOURS,2014-01-06,2014-01-06 15:00:00,2014-01-06 15:00:00,110740.238,109739.0,True,-1001.2379999999976,1001.2379999999976,1002477.5326439951,1001.2379999999976,0.0,0.9041320644443599,1.0,0.0,2014-01-05 00:00:00+00:00,2014-01-05 00:00:00+00:00,17.0,False,NONE,1.0
E2014_PV1,REGISTERED_EVENT_PAIRED_HOURS,2014-01-06,2014-01-06 16:00:00,2014-01-06 16:00:00,111981.587,109938.0,True,-2043.5869999999995,2043.5869999999995,4176247.826568998,2043.5869999999995,0.0,1.8249312719599156,1.0,0.0,2014-01-05 00:00:00+00:00,2014-01-05 00:00:00+00:00,17.0,False,NONE,1.0
E2014_PV1,REGISTERED_EVENT_PAIRED_HOURS,2014-01-06,2014-01-06 17:00:00,2014-01-06 17:00:00,112684.155,109531.0,True,-3153.154999999999,3153.154999999999,9942386.454024993,3153.154999999999,0.0,2.7982239384055365,1.0,0.0,2014-01-05 00:00:00+00:00,2014-01-05 00:00:00+00:00,17.0,False,NONE,1.0
E2014_PV1,REGISTERED_EVENT_PAIRED_HOURS,2014-01-06,2014-01-06 18:00:00,2014-01-06 18:00:00,112620.486,109269.0,True,-3351.4860000000044,3351.4860000000044,11232458.40819603,3351.4860000000044,0.0,2.9759115051235034,1.0,0.0,2014-01-05 00:00:00+00:00,2014-01-05 00:00:00+00:00,17.0,False,NONE,1.0
E2014_PV1,REGISTERED_EVENT_PAIRED_HOURS,2014-01-06,2014-01-06 19:00:00,2014-01-06 19:00:00,112289.285,108654.0,True,-3635.2850000000035,3635.2850000000035,13215297.031225026,3635.2850000000035,0.0,3.237428219442312,1.0,0.0,2014-01-05 00:00:00+00:00,2014-01-05 00:00:00+00:00,17.0,False,NONE,1.0
E2014_PV1,REGISTERED_EVENT_PAIRED_HOURS,2014-01-06,2014-01-06 20:00:00,2014-01-06 20:00:00,113163.45,109834.0,True,-3329.449999999997,3329.449999999997,11085237.30249998,3329.449999999997,0.0,2.9421602116230967,1.0,0.0,2014-01-05 00:00:00+00:00,2014-01-05 00:00:00+00:00,17.0,False,NONE,1.0
E2014_PV1,REGISTERED_EVENT_PAIRED_HOURS,2014-01-06,2014-01-06 21:00:00,2014-01-06 21:00:00,117184.429,112978.0,True,-4206.429000000004,4206.429000000004,17694044.93204103,4206.429000000004,0.0,3.5895801480587526,1.0,0.0,2014-01-05 00:00:00+00:00,2014-01-05 00:00:00+00:00,17.0,False,NONE,1.0
E2014_PV1,REGISTERED_EVENT_PAIRED_HOURS,2014-01-06,2014-01-06 22:00:00,2014-01-06 22:00:00,125832.1,120573.0,True,-5259.100000000006,5259.100000000006,27658132.810000062,5259.100000000006,0.0,4.179458182768949,1.0,0.0,2014-01-05 00:00:00+00:00,2014-01-05 00:00:00+00:00,17.0,False,NONE,1.0
E2014_PV1,REGISTERED_EVENT_PAIRED_HOURS,2014-01-06,2014-01-06 23:00:00,2014-01-06 23:00:00,130536.994,125365.0,True,-5171.994000000006,5171.994000000006,26749521.93603606,5171.994000000006,0.0,3.962090623903907,1.0,0.0,2014-01-05 00:00:00+00:00,2014-01-05 00:00:00+00:00,17.0,False,NONE,1.0
E2014_PV1,REGISTERED_EVENT_PAIRED_HOURS,2014-01-06,2014-01-07 00:00:00,2014-01-07 00:00:00,131141.653,126603.0,True,-4538.652999999991,4538.652999999991,20599371.05440892,4538.652999999991,0.0,3.4608782916591663,1.0,0.0,2014-01-05 00:00:00+00:00,2014-01-05 00:00:00+00:00,17.0,False,NONE,1.0
E2014_PV1,REGISTERED_EVENT_PAIRED_HOURS,2014-01-06,2014-01-07 01:00:00,2014-01-07 01:00:00,130559.635,126970.0,True,-3589.6349999999948,3589.6349999999948,12885479.433224963,3589.6349999999948,0.0,2.7494217489195605,1.0,0.0,2014-01-05 00:00:00+00:00,2014-01-05 00:00:00+00:00,17.0,False,NONE,1.0
E2014_PV1,REGISTERED_EVENT_PAIRED_HOURS,2014-01-06,2014-01-07 02:00:00,2014-01-07 02:00:00,128841.202,,False,,,,,,,,,2014-01-05 00:00:00+00:00,2014-01-05 00:00:00+00:00,17.0,True,NO_COMPLETE_VINTAGE,
E2014_PV1,REGISTERED_EVENT_PAIRED_HOURS,2014-01-06,2014-01-07 03:00:00,2014-01-07 03:00:00,125687.972,,False,,,,,,,,,2014-01-05 00:00:00+00:00,2014-01-05 00:00:00+00:00,17.0,True,NO_COMPLETE_VINTAGE,
E2014_PV1,REGISTERED_EVENT_PAIRED_HOURS,2014-01-06,2014-01-07 04:00:00,2014-01-07 04:00:00,121833.708,,False,,,,,,,,,2014-01-05 00:00:00+00:00,2014-01-05 00:00:00+00:00,17.0,True,NO_COMPLETE_VINTAGE,
E2014_PV1,REGISTERED_EVENT_PAIRED_HOURS,2014-01-07,2014-01-07 05:00:00,2014-01-07 05:00:00,119951.159,115557.0,True,-4394.159,4394.159,19308633.317280997,4394.159,0.0,3.6632901562876934,1.0,0.0,2014-01-06 00:00:00+00:00,2014-01-06 00:00:00+00:00,17.0,False,NONE,2.0
E2014_PV1,REGISTERED_EVENT_PAIRED_HOURS,2014-01-07,2014-01-07 06:00:00,2014-01-07 06:00:00,119189.921,114166.0,True,-5023.921000000002,5023.921000000002,25239782.21424102,5023.921000000002,0.0,4.215055231054312,1.0,0.0,2014-01-06 00:00:00+00:00,2014-01-06 00:00:00+00:00,17.0,False,NONE,2.0
E2014_PV1,REGISTERED_EVENT_PAIRED_HOURS,2014-01-07,2014-01-07 07:00:00,2014-01-07 07:00:00,119275.233,114101.0,True,-5174.232999999993,5174.232999999993,26772687.138288926,5174.232999999993,0.0,4.338061532019806,1.0,0.0,2014-01-06 00:00:00+00:00,2014-01-06 00:00:00+00:00,17.0,False,NONE,2.0
E2014_PV1,REGISTERED_EVENT_PAIRED_HOURS,2014-01-07,2014-01-07 08:00:00,2014-01-07 08:00:00,120128.948,114977.0,True,-5151.948000000004,5151.948000000004,26542568.19470404,5151.948000000004,0.0,4.288681525788442,1.0,0.0,2014-01-06 00:00:00+00:00,2014-01-06 00:00:00+00:00,17.0,False,NONE,2.0
E2014_PV1,REGISTERED_EVENT_PAIRED_HOURS,2014-01-07,2014-01-07 09:00:00,2014-01-07 09:00:00,122347.834,118228.0,True,-4119.834000000003,4119.834000000003,16973032.18755602,4119.834000000003,0.0,3.3673125753905886,1.0,0.0,2014-01-06 00:00:00+00:00,2014-01-06 00:00:00+00:00,17.0,False,NONE,2.0
E2014_PV1,REGISTERED_EVENT_PAIRED_HOURS,2014-01-07,2014-01-07 10:00:00,2014-01-07 10:00:00,126911.066,123647.0,True,-3264.066000000006,3264.066000000006,10654126.85235604,3264.066000000006,0.0,2.571931749434684,1.0,0.0,2014-01-06 00:00:00+00:00,2014-01-06 00:00:00+00:00,17.0,False,NONE,2.0
E2014_PV1,REGISTERED_EVENT_PAIRED_HOURS,2014-01-07,2014-01-07 11:00:00,2014-01-07 11:00:00,133606.209,131991.0,True,-1615.2090000000026,1615.2090000000026,2608900.113681008,1615.2090000000026,0.0,1.2089325878560049,1.0,0.0,2014-01-06 00:00:00+00:00,2014-01-06 00:00:00+00:00,17.0,False,NONE,2.0
E2014_PV1,REGISTERED_EVENT_PAIRED_HOURS,2014-01-07,2014-01-07 12:00:00,2014-01-07 12:00:00,137997.87,137043.0,True,-954.8699999999953,954.8699999999953,911776.7168999912,954.8699999999953,0.0,0.6919454626364852,1.0,0.0,2014-01-06 00:00:00+00:00,2014-01-06 00:00:00+00:00,17.0,False,NONE,2.0
E2014_PV1,REGISTERED_EVENT_PAIRED_HOURS,2014-01-07,2014-01-07 13:00:00,2014-01-07 13:00:00,137545.961,140551.0,True,3005.0389999999898,3005.0389999999898,9030259.391520938,0.0,3005.0389999999898,2.1847526297046187,0.0,1.0,2014-01-06 00:00:00+00:00,2014-01-06 00:00:00+00:00,17.0,False,NONE,2.0
E2014_PV1,REGISTERED_EVENT_PAIRED_HOURS,2014-01-07,2014-01-07 14:00:00,2014-01-07 14:00:00,136586.875,138690.0,True,2103.125,2103.125,4423134.765625,0.0,2103.125,1.5397709333345535,0.0,1.0,2014-01-06 00:00:00+00:00,2014-01-06 00:00:00+00:00,17.0,False,NONE,2.0
E2014_PV1,REGISTERED_EVENT_PAIRED_HOURS,2014-01-07,2014-01-07 15:00:00,2014-01-07 15:00:00,135644.03,135812.0,True,167.97000000000116,167.97000000000116,28213.92090000039,0.0,167.97000000000116,0.12383147271575548,0.0,1.0,2014-01-06 00:00:00+00:00,2014-01-06 00:00:00+00:00,17.0,False,NONE,2.0
E2014_PV1,REGISTERED_EVENT_PAIRED_HOURS,2014-01-07,2014-01-07 16:00:00,2014-01-07 16:00:00,134382.174,132168.0,True,-2214.173999999999,2214.173999999999,4902566.502275996,2214.173999999999,0.0,1.6476694297265937,1.0,0.0,2014-01-06 00:00:00+00:00,2014-01-06 00:00:00+00:00,17.0,False,NONE,2.0
E2014_PV1,REGISTERED_EVENT_PAIRED_HOURS,2014-01-07,2014-01-07 17:00:00,2014-01-07 17:00:00,132611.764,129246.0,True,-3365.7639999999956,3365.7639999999956,11328367.303695971,3365.7639999999956,0.0,2.538058388243743,1.0,0.0,2014-01-06 00:00:00+00:00,2014-01-06 00:00:00+00:00,17.0,False,NONE,2.0
E2014_PV1,REGISTERED_EVENT_PAIRED_HOURS,2014-01-07,2014-01-07 18:00:00,2014-01-07 18:00:00,130594.953,126552.0,True,-4042.952999999994,4042.952999999994,16345468.960208952,4042.952999999994,0.0,3.0957957464098893,1.0,0.0,2014-01-06 00:00:00+00:00,2014-01-06 00:00:00+00:00,17.0,False,NONE,2.0
E2014_PV1,REGISTERED_EVENT_PAIRED_HOURS,2014-01-07,2014-01-07 19:00:00,2014-01-07 19:00:00,128823.938,124398.0,True,-4425.937999999995,4425.937999999995,19588927.17984395,4425.937999999995,0.0,3.4356487378921727,1.0,0.0,2014-01-06 00:00:00+00:00,2014-01-06 00:00:00+00:00,17.0,False,NONE,2.0
E2014_PV1,REGISTERED_EVENT_PAIRED_HOURS,2014-01-07,2014-01-07 20:00:00,2014-01-07 20:00:00,128079.207,123791.0,True,-4288.206999999995,4288.206999999995,18388719.274848957,4288.206999999995,0.0,3.3480899050225963,1.0,0.0,2014-01-06 00:00:00+00:00,2014-01-06 00:00:00+00:00,17.0,False,NONE,2.0
E2014_PV1,REGISTERED_EVENT_PAIRED_HOURS,2014-01-07,2014-01-07 21:00:00,2014-01-07 21:00:00,130440.36,125979.0,True,-4461.360000000001,4461.360000000001,19903733.049600005,4461.360000000001,0.0,3.4202297509758486,1.0,0.0,2014-01-06 00:00:00+00:00,2014-01-06 00:00:00+00:00,17.0,False,NONE,2.0
E2014_PV1,REGISTERED_EVENT_PAIRED_HOURS,2014-01-07,2014-01-07 22:00:00,2014-01-07 22:00:00,137604.377,131954.0,True,-5650.377000000008,5650.377000000008,31926760.242129087,5650.377000000008,0.0,4.106248015642706,1.0,0.0,2014-01-06 00:00:00+00:00,2014-01-06 00:00:00+00:00,17.0,False,NONE,2.0
E2014_PV1,REGISTERED_EVENT_PAIRED_HOURS,2014-01-07,2014-01-07 23:00:00,2014-01-07 23:00:00,140510.233,137965.0,True,-2545.2330000000075,2545.2330000000075,6478211.024289038,2545.2330000000075,0.0,1.8114218058410076,1.0,0.0,2014-01-06 00:00:00+00:00,2014-01-06 00:00:00+00:00,17.0,False,NONE,2.0
E2014_PV1,REGISTERED_EVENT_PAIRED_HOURS,2014-01-07,2014-01-08 00:00:00,2014-01-08 00:00:00,140128.509,139522.0,True,-606.5089999999909,606.5089999999909,367853.167080989,606.5089999999909,0.0,0.43282341639700955,1.0,0.0,2014-01-06 00:00:00+00:00,2014-01-06 00:00:00+00:00,17.0,False,NONE,2.0
E2014_PV1,REGISTERED_EVENT_PAIRED_HOURS,2014-01-07,2014-01-08 01:00:00,2014-01-08 01:00:00,138023.189,136748.0,True,-1275.189000000013,1275.189000000013,1626106.9857210333,1275.189000000013,0.0,0.9238947522071911,1.0,0.0,2014-01-06 00:00:00+00:00,2014-01-06 00:00:00+00:00,17.0,False,NONE,2.0
E2014_PV1,REGISTERED_EVENT_PAIRED_HOURS,2014-01-07,2014-01-08 02:00:00,2014-01-08 02:00:00,133810.869,,False,,,,,,,,,2014-01-06 00:00:00+00:00,2014-01-06 00:00:00+00:00,17.0,True,NO_COMPLETE_VINTAGE,
E2014_PV1,REGISTERED_EVENT_PAIRED_HOURS,2014-01-07,2014-01-08 03:00:00,2014-01-08 03:00:00,127358.569,,False,,,,,,,,,2014-01-06 00:00:00+00:00,2014-01-06 00:00:00+00:00,17.0,True,NO_COMPLETE_VINTAGE,
E2014_PV1,REGISTERED_EVENT_PAIRED_HOURS,2014-01-07,2014-01-08 04:00:00,2014-01-08 04:00:00,121529.092,,False,,,,,,,,,2014-01-06 00:00:00+00:00,2014-01-06 00:00:00+00:00,17.0,True,NO_COMPLETE_VINTAGE,
E2014_PV1,REGISTERED_EVENT_PAIRED_HOURS,2014-01-08,2014-01-08 05:00:00,2014-01-08 05:00:00,117713.179,111368.0,True,-6345.179000000004,6345.179000000004,40261296.54204105,6345.179000000004,0.0,5.390372644680681,1.0,0.0,2014-01-07 00:00:00+00:00,2014-01-07 00:00:00+00:00,17.0,False,NONE,3.0
E2014_PV1,REGISTERED_EVENT_PAIRED_HOURS,2014-01-08,2014-01-08 06:00:00,2014-01-08 06:00:00,115888.623,109556.0,True,-6332.623000000007,6332.623000000007,40102114.06012908,6332.623000000007,0.0,5.464404387650725,1.0,0.0,2014-01-07 00:00:00+00:00,2014-01-07 00:00:00+00:00,17.0,False,NONE,3.0
E2014_PV1,REGISTERED_EVENT_PAIRED_HOURS,2014-01-08,2014-01-08 07:00:00,2014-01-08 07:00:00,115236.851,108907.0,True,-6329.850999999995,6329.850999999995,40067013.68220094,6329.850999999995,0.0,5.492905216578675,1.0,0.0,2014-01-07 00:00:00+00:00,2014-01-07 00:00:00+00:00,17.0,False,NONE,3.0
E2014_PV1,REGISTERED_EVENT_PAIRED_HOURS,2014-01-08,2014-01-08 08:00:00,2014-01-08 08:00:00,115158.794,109064.0,True,-6094.793999999994,6094.793999999994,37146513.90243593,6094.793999999994,0.0,5.292512875742685,1.0,0.0,2014-01-07 00:00:00+00:00,2014-01-07 00:00:00+00:00,17.0,False,NONE,3.0
E2014_PV1,REGISTERED_EVENT_PAIRED_HOURS,2014-01-08,2014-01-08 09:00:00,2014-01-08 09:00:00,117081.621,111011.0,True,-6070.620999999999,6070.620999999999,36852439.32564099,6070.620999999999,0.0,5.184947857870878,1.0,0.0,2014-01-07 00:00:00+00:00,2014-01-07 00:00:00+00:00,17.0,False,NONE,3.0
E2014_PV1,REGISTERED_EVENT_PAIRED_HOURS,2014-01-08,2014-01-08 10:00:00,2014-01-08 10:00:00,121543.547,115658.0,True,-5885.547000000006,5885.547000000006,34639663.48920907,5885.547000000006,0.0,4.842336055899377,1.0,0.0,2014-01-07 00:00:00+00:00,2014-01-07 00:00:00+00:00,17.0,False,NONE,3.0
E2014_PV1,REGISTERED_EVENT_PAIRED_HOURS,2014-01-08,2014-01-08 11:00:00,2014-01-08 11:00:00,128630.873,122829.0,True,-5801.873000000007,5801.873000000007,33661730.30812908,5801.873000000007,0.0,4.510482487357454,1.0,0.0,2014-01-07 00:00:00+00:00,2014-01-07 00:00:00+00:00,17.0,False,NONE,3.0
E2014_PV1,REGISTERED_EVENT_PAIRED_HOURS,2014-01-08,2014-01-08 12:00:00,2014-01-08 12:00:00,133288.136,127250.0,True,-6038.135999999999,6038.135999999999,36459086.35449598,6038.135999999999,0.0,4.530137626052478,1.0,0.0,2014-01-07 00:00:00+00:00,2014-01-07 00:00:00+00:00,17.0,False,NONE,3.0
E2014_PV1,REGISTERED_EVENT_PAIRED_HOURS,2014-01-08,2014-01-08 13:00:00,2014-01-08 13:00:00,132168.05,126044.0,True,-6124.049999999988,6124.049999999988,37503988.402499855,6124.049999999988,0.0,4.633532839441899,1.0,0.0,2014-01-07 00:00:00+00:00,2014-01-07 00:00:00+00:00,17.0,False,NONE,3.0
E2014_PV1,REGISTERED_EVENT_PAIRED_HOURS,2014-01-08,2014-01-08 14:00:00,2014-01-08 14:00:00,128615.536,123255.0,True,-5360.535999999993,5360.535999999993,28735346.207295924,5360.535999999993,0.0,4.16787595551442,1.0,0.0,2014-01-07 00:00:00+00:00,2014-01-07 00:00:00+00:00,17.0,False,NONE,3.0
E2014_PV1,REGISTERED_EVENT_PAIRED_HOURS,2014-01-08,2014-01-08 15:00:00,2014-01-08 15:00:00,125224.45,120517.0,True,-4707.449999999997,4707.449999999997,22160085.50249997,4707.449999999997,0.0,3.759209962591169,1.0,0.0,2014-01-07 00:00:00+00:00,2014-01-07 00:00:00+00:00,17.0,False,NONE,3.0
E2014_PV1,REGISTERED_EVENT_PAIRED_HOURS,2014-01-08,2014-01-08 16:00:00,2014-01-08 16:00:00,122182.555,120968.0,True,-1214.554999999993,1214.554999999993,1475143.848024983,1214.554999999993,0.0,0.9940494369265671,1.0,0.0,2014-01-07 00:00:00+00:00,2014-01-07 00:00:00+00:00,17.0,False,NONE,3.0
E2014_PV1,REGISTERED_EVENT_PAIRED_HOURS,2014-01-08,2014-01-08 17:00:00,2014-01-08 17:00:00,119198.671,118150.0,True,-1048.671000000002,1048.671000000002,1099710.8662410043,1048.671000000002,0.0,0.8797673591511788,1.0,0.0,2014-01-07 00:00:00+00:00,2014-01-07 00:00:00+00:00,17.0,False,NONE,3.0
E2014_PV1,REGISTERED_EVENT_PAIRED_HOURS,2014-01-08,2014-01-08 18:00:00,2014-01-08 18:00:00,117091.637,116326.0,True,-765.6370000000024,765.6370000000024,586200.0157690038,765.6370000000024,0.0,0.6538784661452828,1.0,0.0,2014-01-07 00:00:00+00:00,2014-01-07 00:00:00+00:00,17.0,False,NONE,3.0
E2014_PV1,REGISTERED_EVENT_PAIRED_HOURS,2014-01-08,2014-01-08 19:00:00,2014-01-08 19:00:00,115161.28,114838.0,True,-323.27999999999884,323.27999999999884,104509.95839999925,323.27999999999884,0.0,0.28071935289361044,1.0,0.0,2014-01-07 00:00:00+00:00,2014-01-07 00:00:00+00:00,17.0,False,NONE,3.0
E2014_PV1,REGISTERED_EVENT_PAIRED_HOURS,2014-01-08,2014-01-08 20:00:00,2014-01-08 20:00:00,114694.139,113594.0,True,-1100.1389999999956,1100.1389999999956,1210305.8193209902,1100.1389999999956,0.0,0.9591937387489308,1.0,0.0,2014-01-07 00:00:00+00:00,2014-01-07 00:00:00+00:00,17.0,False,NONE,3.0
E2014_PV1,REGISTERED_EVENT_PAIRED_HOURS,2014-01-08,2014-01-08 21:00:00,2014-01-08 21:00:00,117241.595,115976.0,True,-1265.5950000000012,1265.5950000000012,1601730.704025003,1265.5950000000012,0.0,1.0794761023167598,1.0,0.0,2014-01-07 00:00:00+00:00,2014-01-07 00:00:00+00:00,17.0,False,NONE,3.0
E2014_PV1,REGISTERED_EVENT_PAIRED_HOURS,2014-01-08,2014-01-08 22:00:00,2014-01-08 22:00:00,123774.213,123135.0,True,-639.2130000000034,639.2130000000034,408593.25936900434,639.2130000000034,0.0,0.5164347116470887,1.0,0.0,2014-01-07 00:00:00+00:00,2014-01-07 00:00:00+00:00,17.0,False,NONE,3.0
E2014_PV1,REGISTERED_EVENT_PAIRED_HOURS,2014-01-08,2014-01-08 23:00:00,2014-01-08 23:00:00,126135.807,126781.0,True,645.1929999999993,645.1929999999993,416274.0072489991,0.0,645.1929999999993,0.511506617625239,0.0,1.0,2014-01-07 00:00:00+00:00,2014-01-07 00:00:00+00:00,17.0,False,NONE,3.0
E2014_PV1,REGISTERED_EVENT_PAIRED_HOURS,2014-01-08,2014-01-09 00:00:00,2014-01-09 00:00:00,125489.604,127001.0,True,1511.3959999999934,1511.3959999999934,2284317.86881598,0.0,1511.3959999999934,1.204399370006772,0.0,1.0,2014-01-07 00:00:00+00:00,2014-01-07 00:00:00+00:00,17.0,False,NONE,3.0
E2014_PV1,REGISTERED_EVENT_PAIRED_HOURS,2014-01-08,2014-01-09 01:00:00,2014-01-09 01:00:00,123754.716,125250.0,True,1495.2839999999997,1495.2839999999997,2235874.240655999,0.0,1495.2839999999997,1.2082642571778837,0.0,1.0,2014-01-07 00:00:00+00:00,2014-01-07 00:00:00+00:00,17.0,False,NONE,3.0
E2014_PV1,REGISTERED_EVENT_PAIRED_HOURS,2014-01-08,2014-01-09 02:00:00,2014-01-09 02:00:00,119471.048,,False,,,,,,,,,2014-01-07 00:00:00+00:00,2014-01-07 00:00:00+00:00,17.0,True,NO_COMPLETE_VINTAGE,
E2014_PV1,REGISTERED_EVENT_PAIRED_HOURS,2014-01-08,2014-01-09 03:00:00,2014-01-09 03:00:00,112984.259,,False,,,,,,,,,2014-01-07 00:00:00+00:00,2014-01-07 00:00:00+00:00,17.0,True,NO_COMPLETE_VINTAGE,
E2014_PV1,REGISTERED_EVENT_PAIRED_HOURS,2014-01-08,2014-01-09 04:00:00,2014-01-09 04:00:00,106674.756,,False,,,,,,,,,2014-01-07 00:00:00+00:00,2014-01-07 00:00:00+00:00,17.0,True,NO_COMPLETE_VINTAGE,
E2015_COLD_anchor,ANCHOR_DAY_ONLY,2015-02-20,2015-02-20 05:00:00,2015-02-20 05:00:00,125664.654,121058.0,True,-4606.653999999995,4606.653999999995,21221261.075715955,4606.653999999995,0.0,3.6658311254332463,1.0,0.0,2015-02-19 16:45:00+00:00,2015-02-19 16:45:00+00:00,0.2,False,NONE,1.0
E2015_COLD_anchor,ANCHOR_DAY_ONLY,2015-02-20,2015-02-20 06:00:00,2015-02-20 06:00:00,124749.897,120461.0,True,-4288.896999999997,4288.896999999997,18394637.476608977,4288.896999999997,0.0,3.437996425760574,1.0,0.0,2015-02-19 16:45:00+00:00,2015-02-19 16:45:00+00:00,0.2,False,NONE,1.0
E2015_COLD_anchor,ANCHOR_DAY_ONLY,2015-02-20,2015-02-20 07:00:00,2015-02-20 07:00:00,124783.677,120195.0,True,-4588.676999999996,4588.676999999996,21055956.610328965,4588.676999999996,0.0,3.677305486037245,1.0,0.0,2015-02-19 16:45:00+00:00,2015-02-19 16:45:00+00:00,0.2,False,NONE,1.0
E2015_COLD_anchor,ANCHOR_DAY_ONLY,2015-02-20,2015-02-20 08:00:00,2015-02-20 08:00:00,125840.044,120892.0,True,-4948.043999999994,4948.043999999994,24483139.425935946,4948.043999999994,0.0,3.932010704001339,1.0,0.0,2015-02-19 16:45:00+00:00,2015-02-19 16:45:00+00:00,0.2,False,NONE,1.0
E2015_COLD_anchor,ANCHOR_DAY_ONLY,2015-02-20,2015-02-20 09:00:00,2015-02-20 09:00:00,127861.048,123361.0,True,-4500.047999999995,4500.047999999995,20250432.002303958,4500.047999999995,0.0,3.5194831188932496,1.0,0.0,2015-02-19 16:45:00+00:00,2015-02-19 16:45:00+00:00,0.2,False,NONE,1.0
E2015_COLD_anchor,ANCHOR_DAY_ONLY,2015-02-20,2015-02-20 10:00:00,2015-02-20 10:00:00,132614.909,128468.0,True,-4146.909000000014,4146.909000000014,17196854.25428112,4146.909000000014,0.0,3.127030762431103,1.0,0.0,2015-02-19 16:45:00+00:00,2015-02-19 16:45:00+00:00,0.2,False,NONE,1.0
E2015_COLD_anchor,ANCHOR_DAY_ONLY,2015-02-20,2015-02-20 11:00:00,2015-02-20 11:00:00,139530.158,136785.0,True,-2745.157999999996,2745.157999999996,7535892.444963977,2745.157999999996,0.0,1.9674298655922084,1.0,0.0,2015-02-19 16:45:00+00:00,2015-02-19 16:45:00+00:00,0.2,False,NONE,1.0
E2015_COLD_anchor,ANCHOR_DAY_ONLY,2015-02-20,2015-02-20 12:00:00,2015-02-20 12:00:00,143129.231,141220.0,True,-1909.2309999999998,1909.2309999999998,3645163.011360999,1909.2309999999998,0.0,1.3339210912130168,1.0,0.0,2015-02-19 16:45:00+00:00,2015-02-19 16:45:00+00:00,0.2,False,NONE,1.0
E2015_COLD_anchor,ANCHOR_DAY_ONLY,2015-02-20,2015-02-20 13:00:00,2015-02-20 13:00:00,141840.319,139696.0,True,-2144.3189999999886,2144.3189999999886,4598103.973760951,2144.3189999999886,0.0,1.5117838250208593,1.0,0.0,2015-02-19 16:45:00+00:00,2015-02-19 16:45:00+00:00,0.2,False,NONE,1.0
E2015_COLD_anchor,ANCHOR_DAY_ONLY,2015-02-20,2015-02-20 14:00:00,2015-02-20 14:00:00,138981.834,136834.0,True,-2147.8340000000026,2147.8340000000026,4613190.891556011,2147.8340000000026,0.0,1.5454062866949954,1.0,0.0,2015-02-19 16:45:00+00:00,2015-02-19 16:45:00+00:00,0.2,False,NONE,1.0
E2015_COLD_anchor,ANCHOR_DAY_ONLY,2015-02-20,2015-02-20 15:00:00,2015-02-20 15:00:00,136111.531,133421.0,True,-2690.530999999988,2690.530999999988,7238957.0619609365,2690.530999999988,0.0,1.9767105551108586,1.0,0.0,2015-02-19 16:45:00+00:00,2015-02-19 16:45:00+00:00,0.2,False,NONE,1.0
E2015_COLD_anchor,ANCHOR_DAY_ONLY,2015-02-20,2015-02-20 16:00:00,2015-02-20 16:00:00,132569.674,129211.0,True,-3358.673999999999,3358.673999999999,11280691.038275994,3358.673999999999,0.0,2.5335160739702802,1.0,0.0,2015-02-19 16:45:00+00:00,2015-02-19 16:45:00+00:00,0.2,False,NONE,1.0
E2015_COLD_anchor,ANCHOR_DAY_ONLY,2015-02-20,2015-02-20 17:00:00,2015-02-20 17:00:00,128896.343,125771.0,True,-3125.3429999999935,3125.3429999999935,9767768.86764896,3125.3429999999935,0.0,2.424694857324225,1.0,0.0,2015-02-19 16:45:00+00:00,2015-02-19 16:45:00+00:00,0.2,False,NONE,1.0
E2015_COLD_anchor,ANCHOR_DAY_ONLY,2015-02-20,2015-02-20 18:00:00,2015-02-20 18:00:00,125385.558,123247.0,True,-2138.5580000000045,2138.5580000000045,4573430.31936402,2138.5580000000045,0.0,1.7055855826713349,1.0,0.0,2015-02-19 16:45:00+00:00,2015-02-19 16:45:00+00:00,0.2,False,NONE,1.0
E2015_COLD_anchor,ANCHOR_DAY_ONLY,2015-02-20,2015-02-20 19:00:00,2015-02-20 19:00:00,122339.085,121308.0,True,-1031.0850000000064,1031.0850000000064,1063136.2772250131,1031.0850000000064,0.0,0.8428091480331132,1.0,0.0,2015-02-19 16:45:00+00:00,2015-02-19 16:45:00+00:00,0.2,False,NONE,1.0
E2015_COLD_anchor,ANCHOR_DAY_ONLY,2015-02-20,2015-02-20 20:00:00,2015-02-20 20:00:00,121024.32,120190.0,True,-834.320000000007,834.320000000007,696089.8624000116,834.320000000007,0.0,0.6893821010520917,1.0,0.0,2015-02-19 16:45:00+00:00,2015-02-19 16:45:00+00:00,0.2,False,NONE,1.0
E2015_COLD_anchor,ANCHOR_DAY_ONLY,2015-02-20,2015-02-20 21:00:00,2015-02-20 21:00:00,121612.546,121471.0,True,-141.5460000000021,141.5460000000021,20035.270116000593,141.5460000000021,0.0,0.11639095196642137,1.0,0.0,2015-02-19 16:45:00+00:00,2015-02-19 16:45:00+00:00,0.2,False,NONE,1.0
E2015_COLD_anchor,ANCHOR_DAY_ONLY,2015-02-20,2015-02-20 22:00:00,2015-02-20 22:00:00,125153.778,126388.0,True,1234.2219999999943,1234.2219999999943,1523303.945283986,0.0,1234.2219999999943,0.9861643968909946,0.0,1.0,2015-02-19 16:45:00+00:00,2015-02-19 16:45:00+00:00,0.2,False,NONE,1.0
E2015_COLD_anchor,ANCHOR_DAY_ONLY,2015-02-20,2015-02-20 23:00:00,2015-02-20 23:00:00,130983.166,131822.0,True,838.8340000000026,838.8340000000026,703642.4795560043,0.0,838.8340000000026,0.6404135933009915,0.0,1.0,2015-02-19 16:45:00+00:00,2015-02-19 16:45:00+00:00,0.2,False,NONE,1.0
E2015_COLD_anchor,ANCHOR_DAY_ONLY,2015-02-20,2015-02-21 00:00:00,2015-02-21 00:00:00,131932.199,131813.0,True,-119.19899999999325,119.19899999999325,14208.40160099839,119.19899999999325,0.0,0.09034867977906838,1.0,0.0,2015-02-19 16:45:00+00:00,2015-02-19 16:45:00+00:00,0.2,False,NONE,1.0
E2015_COLD_anchor,ANCHOR_DAY_ONLY,2015-02-20,2015-02-21 01:00:00,2015-02-21 01:00:00,130984.583,129981.0,True,-1003.5829999999987,1003.5829999999987,1007178.8378889974,1003.5829999999987,0.0,0.7661840630511446,1.0,0.0,2015-02-19 16:45:00+00:00,2015-02-19 16:45:00+00:00,0.2,False,NONE,1.0
E2015_COLD_anchor,ANCHOR_DAY_ONLY,2015-02-20,2015-02-21 02:00:00,2015-02-21 02:00:00,128469.172,126938.0,True,-1531.172000000006,1531.172000000006,2344487.6935840184,1531.172000000006,0.0,1.1918594758281822,1.0,0.0,2015-02-19 16:45:00+00:00,2015-02-19 16:45:00+00:00,0.2,False,NONE,1.0
E2015_COLD_anchor,ANCHOR_DAY_ONLY,2015-02-20,2015-02-21 03:00:00,2015-02-21 03:00:00,124215.91,122555.0,True,-1660.9100000000035,1660.9100000000035,2758622.0281000114,1660.9100000000035,0.0,1.3371153501995061,1.0,0.0,2015-02-19 16:45:00+00:00,2015-02-19 16:45:00+00:00,0.2,False,NONE,1.0
E2015_COLD_anchor,ANCHOR_DAY_ONLY,2015-02-20,2015-02-21 04:00:00,2015-02-21 04:00:00,119716.932,117966.0,True,-1750.9320000000007,1750.9320000000007,3065762.8686240027,1750.9320000000007,0.0,1.4625600328615176,1.0,0.0,2015-02-19 16:45:00+00:00,2015-02-19 16:45:00+00:00,0.2,False,NONE,1.0
E2018_SNAP,COMPLETE_REGISTERED_EVENT,2017-12-28,2017-12-28 05:00:00,2017-12-28 05:00:00,107147.629,106448.0,True,-699.6290000000008,699.6290000000008,489480.7376410011,699.6290000000008,0.0,0.6529579856592075,1.0,0.0,2017-12-27 16:45:00+00:00,2017-12-27 16:45:00+00:00,0.2,False,NONE,1.0
E2018_SNAP,COMPLETE_REGISTERED_EVENT,2017-12-28,2017-12-28 06:00:00,2017-12-28 06:00:00,105695.591,105200.0,True,-495.59100000000035,495.59100000000035,245610.43928100035,495.59100000000035,0.0,0.46888521584594794,1.0,0.0,2017-12-27 16:45:00+00:00,2017-12-27 16:45:00+00:00,0.2,False,NONE,1.0
E2018_SNAP,COMPLETE_REGISTERED_EVENT,2017-12-28,2017-12-28 07:00:00,2017-12-28 07:00:00,105434.125,104902.0,True,-532.125,532.125,283157.015625,532.125,0.0,0.5046990241537074,1.0,0.0,2017-12-27 16:45:00+00:00,2017-12-27 16:45:00+00:00,0.2,False,NONE,1.0
E2018_SNAP,COMPLETE_REGISTERED_EVENT,2017-12-28,2017-12-28 08:00:00,2017-12-28 08:00:00,106186.615,105625.0,True,-561.6150000000052,561.6150000000052,315411.4082250059,561.6150000000052,0.0,0.5288943432277271,1.0,0.0,2017-12-27 16:45:00+00:00,2017-12-27 16:45:00+00:00,0.2,False,NONE,1.0
E2018_SNAP,COMPLETE_REGISTERED_EVENT,2017-12-28,2017-12-28 09:00:00,2017-12-28 09:00:00,108386.346,108118.0,True,-268.346000000005,268.346000000005,72009.57571600268,268.346000000005,0.0,0.2475828459057057,1.0,0.0,2017-12-27 16:45:00+00:00,2017-12-27 16:45:00+00:00,0.2,False,NONE,1.0
E2018_SNAP,COMPLETE_REGISTERED_EVENT,2017-12-28,2017-12-28 10:00:00,2017-12-28 10:00:00,112239.363,113793.0,True,1553.6370000000024,1553.6370000000024,2413787.9277690076,0.0,1553.6370000000024,1.3842175850552558,0.0,1.0,2017-12-27 16:45:00+00:00,2017-12-27 16:45:00+00:00,0.2,False,NONE,1.0
E2018_SNAP,COMPLETE_REGISTERED_EVENT,2017-12-28,2017-12-28 11:00:00,2017-12-28 11:00:00,118069.235,121206.0,True,3136.7649999999994,3136.7649999999994,9839294.665224995,0.0,3136.7649999999994,2.656716629018558,0.0,1.0,2017-12-27 16:45:00+00:00,2017-12-27 16:45:00+00:00,0.2,False,NONE,1.0
E2018_SNAP,COMPLETE_REGISTERED_EVENT,2017-12-28,2017-12-28 12:00:00,2017-12-28 12:00:00,122086.924,125441.0,True,3354.076000000001,3354.076000000001,11249825.813776007,0.0,3354.076000000001,2.7472852047611593,0.0,1.0,2017-12-27 16:45:00+00:00,2017-12-27 16:45:00+00:00,0.2,False,NONE,1.0
E2018_SNAP,COMPLETE_REGISTERED_EVENT,2017-12-28,2017-12-28 13:00:00,2017-12-28 13:00:00,123257.605,125819.0,True,2561.395000000004,2561.395000000004,6560744.346025021,0.0,2561.395000000004,2.0780827276337264,0.0,1.0,2017-12-27 16:45:00+00:00,2017-12-27 16:45:00+00:00,0.2,False,NONE,1.0
E2018_SNAP,COMPLETE_REGISTERED_EVENT,2017-12-28,2017-12-28 14:00:00,2017-12-28 14:00:00,122051.261,123872.0,True,1820.7390000000014,1820.7390000000014,3315090.506121005,0.0,1820.7390000000014,1.4917822110826051,0.0,1.0,2017-12-27 16:45:00+00:00,2017-12-27 16:45:00+00:00,0.2,False,NONE,1.0
E2018_SNAP,COMPLETE_REGISTERED_EVENT,2017-12-28,2017-12-28 15:00:00,2017-12-28 15:00:00,120006.674,121030.0,True,1023.3260000000009,1023.3260000000009,1047196.1022760019,0.0,1023.3260000000009,0.8527242409867979,0.0,1.0,2017-12-27 16:45:00+00:00,2017-12-27 16:45:00+00:00,0.2,False,NONE,1.0
E2018_SNAP,COMPLETE_REGISTERED_EVENT,2017-12-28,2017-12-28 16:00:00,2017-12-28 16:00:00,117618.978,118192.0,True,573.0219999999972,573.0219999999972,328354.2124839968,0.0,573.0219999999972,0.4871849847224461,0.0,1.0,2017-12-27 16:45:00+00:00,2017-12-27 16:45:00+00:00,0.2,False,NONE,1.0
E2018_SNAP,COMPLETE_REGISTERED_EVENT,2017-12-28,2017-12-28 17:00:00,2017-12-28 17:00:00,115570.068,115979.0,True,408.9320000000007,408.9320000000007,167225.38062400057,0.0,408.9320000000007,0.35383902343987605,0.0,1.0,2017-12-27 16:45:00+00:00,2017-12-27 16:45:00+00:00,0.2,False,NONE,1.0
E2018_SNAP,COMPLETE_REGISTERED_EVENT,2017-12-28,2017-12-28 18:00:00,2017-12-28 18:00:00,113844.78,114346.0,True,501.22000000000116,501.22000000000116,251221.48840000117,0.0,501.22000000000116,0.44026612375200797,0.0,1.0,2017-12-27 16:45:00+00:00,2017-12-27 16:45:00+00:00,0.2,False,NONE,1.0
E2018_SNAP,COMPLETE_REGISTERED_EVENT,2017-12-28,2017-12-28 19:00:00,2017-12-28 19:00:00,112687.31,113454.0,True,766.6900000000023,766.6900000000023,587813.5561000035,0.0,766.6900000000023,0.6803694222534927,0.0,1.0,2017-12-27 16:45:00+00:00,2017-12-27 16:45:00+00:00,0.2,False,NONE,1.0
E2018_SNAP,COMPLETE_REGISTERED_EVENT,2017-12-28,2017-12-28 20:00:00,2017-12-28 20:00:00,112820.782,113977.0,True,1156.2179999999935,1156.2179999999935,1336840.063523985,0.0,1156.2179999999935,1.0248271457646814,0.0,1.0,2017-12-27 16:45:00+00:00,2017-12-27 16:45:00+00:00,0.2,False,NONE,1.0
E2018_SNAP,COMPLETE_REGISTERED_EVENT,2017-12-28,2017-12-28 21:00:00,2017-12-28 21:00:00,116198.975,117255.0,True,1056.0249999999942,1056.0249999999942,1115188.8006249878,0.0,1056.0249999999942,0.9088075002382716,0.0,1.0,2017-12-27 16:45:00+00:00,2017-12-27 16:45:00+00:00,0.2,False,NONE,1.0
E2018_SNAP,COMPLETE_REGISTERED_EVENT,2017-12-28,2017-12-28 22:00:00,2017-12-28 22:00:00,123812.962,124134.0,True,321.03800000000047,321.03800000000047,103065.3974440003,0.0,321.03800000000047,0.25929272251801916,0.0,1.0,2017-12-27 16:45:00+00:00,2017-12-27 16:45:00+00:00,0.2,False,NONE,1.0
E2018_SNAP,COMPLETE_REGISTERED_EVENT,2017-12-28,2017-12-28 23:00:00,2017-12-28 23:00:00,125631.379,126706.0,True,1074.6209999999992,1074.6209999999992,1154810.2936409982,0.0,1074.6209999999992,0.8553762671028223,0.0,1.0,2017-12-27 16:45:00+00:00,2017-12-27 16:45:00+00:00,0.2,False,NONE,1.0
E2018_SNAP,COMPLETE_REGISTERED_EVENT,2017-12-28,2017-12-29 00:00:00,2017-12-29 00:00:00,125165.185,126587.0,True,1421.8150000000023,1421.8150000000023,2021557.8942250067,0.0,1421.8150000000023,1.135950863652702,0.0,1.0,2017-12-27 16:45:00+00:00,2017-12-27 16:45:00+00:00,0.2,False,NONE,1.0
E2018_SNAP,COMPLETE_REGISTERED_EVENT,2017-12-28,2017-12-29 01:00:00,2017-12-29 01:00:00,123766.745,124964.0,True,1197.2550000000047,1197.2550000000047,1433419.535025011,0.0,1197.2550000000047,0.9673478930063197,0.0,1.0,2017-12-27 16:45:00+00:00,2017-12-27 16:45:00+00:00,0.2,False,NONE,1.0
E2018_SNAP,COMPLETE_REGISTERED_EVENT,2017-12-28,2017-12-29 02:00:00,2017-12-29 02:00:00,121463.075,121537.0,True,73.92500000000291,73.92500000000291,5464.9056250004305,0.0,73.92500000000291,0.06086211797289252,0.0,1.0,2017-12-27 16:45:00+00:00,2017-12-27 16:45:00+00:00,0.2,False,NONE,1.0
E2018_SNAP,COMPLETE_REGISTERED_EVENT,2017-12-28,2017-12-29 03:00:00,2017-12-29 03:00:00,116447.541,115837.0,True,-610.5409999999974,610.5409999999974,372760.3126809969,610.5409999999974,0.0,0.5243056184415242,1.0,0.0,2017-12-27 16:45:00+00:00,2017-12-27 16:45:00+00:00,0.2,False,NONE,1.0
E2018_SNAP,COMPLETE_REGISTERED_EVENT,2017-12-28,2017-12-29 04:00:00,2017-12-29 04:00:00,111446.489,110272.0,True,-1174.4890000000014,1174.4890000000014,1379424.4111210033,1174.4890000000014,0.0,1.0538591305465006,1.0,0.0,2017-12-27 16:45:00+00:00,2017-12-27 16:45:00+00:00,0.2,False,NONE,1.0
E2018_SNAP,COMPLETE_REGISTERED_EVENT,2017-12-29,2017-12-29 05:00:00,2017-12-29 05:00:00,107573.02,106512.0,True,-1061.020000000004,1061.020000000004,1125763.4404000086,1061.020000000004,0.0,0.98632538158732,1.0,0.0,2017-12-28 16:45:00+00:00,2017-12-28 16:45:00+00:00,0.2,False,NONE,1.0
E2018_SNAP,COMPLETE_REGISTERED_EVENT,2017-12-29,2017-12-29 06:00:00,2017-12-29 06:00:00,105155.763,104559.0,True,-596.7630000000063,596.7630000000063,356126.0781690075,596.7630000000063,0.0,0.5675038466508072,1.0,0.0,2017-12-28 16:45:00+00:00,2017-12-28 16:45:00+00:00,0.2,False,NONE,1.0
E2018_SNAP,COMPLETE_REGISTERED_EVENT,2017-12-29,2017-12-29 07:00:00,2017-12-29 07:00:00,104006.341,103694.0,True,-312.34100000000035,312.34100000000035,97556.90028100021,312.34100000000035,0.0,0.3003095743941231,1.0,0.0,2017-12-28 16:45:00+00:00,2017-12-28 16:45:00+00:00,0.2,False,NONE,1.0
E2018_SNAP,COMPLETE_REGISTERED_EVENT,2017-12-29,2017-12-29 08:00:00,2017-12-29 08:00:00,103708.651,103822.0,True,113.34900000000198,113.34900000000198,12847.995801000448,0.0,113.34900000000198,0.10929560736452157,0.0,1.0,2017-12-28 16:45:00+00:00,2017-12-28 16:45:00+00:00,0.2,False,NONE,1.0
E2018_SNAP,COMPLETE_REGISTERED_EVENT,2017-12-29,2017-12-29 09:00:00,2017-12-29 09:00:00,104493.85,105612.0,True,1118.1499999999942,1118.1499999999942,1250259.422499987,0.0,1118.1499999999942,1.0700629749980446,0.0,1.0,2017-12-28 16:45:00+00:00,2017-12-28 16:45:00+00:00,0.2,False,NONE,1.0
E2018_SNAP,COMPLETE_REGISTERED_EVENT,2017-12-29,2017-12-29 10:00:00,2017-12-29 10:00:00,107413.601,110067.0,True,2653.399000000005,2653.399000000005,7040526.253201026,0.0,2653.399000000005,2.4702635190491424,0.0,1.0,2017-12-28 16:45:00+00:00,2017-12-28 16:45:00+00:00,0.2,False,NONE,1.0
E2018_SNAP,COMPLETE_REGISTERED_EVENT,2017-12-29,2017-12-29 11:00:00,2017-12-29 11:00:00,112400.406,117891.0,True,5490.593999999997,5490.593999999997,30146622.47283597,0.0,5490.593999999997,4.884852462187723,0.0,1.0,2017-12-28 16:45:00+00:00,2017-12-28 16:45:00+00:00,0.2,False,NONE,1.0
E2018_SNAP,COMPLETE_REGISTERED_EVENT,2017-12-29,2017-12-29 12:00:00,2017-12-29 12:00:00,116567.948,122451.0,True,5883.051999999996,5883.051999999996,34610300.83470395,0.0,5883.051999999996,5.046886473458378,0.0,1.0,2017-12-28 16:45:00+00:00,2017-12-28 16:45:00+00:00,0.2,False,NONE,1.0
E2018_SNAP,COMPLETE_REGISTERED_EVENT,2017-12-29,2017-12-29 13:00:00,2017-12-29 13:00:00,117429.573,121457.0,True,4027.426999999996,4027.426999999996,16220168.240328968,0.0,4027.426999999996,3.429653107910046,0.0,1.0,2017-12-28 16:45:00+00:00,2017-12-28 16:45:00+00:00,0.2,False,NONE,1.0
E2018_SNAP,COMPLETE_REGISTERED_EVENT,2017-12-29,2017-12-29 14:00:00,2017-12-29 14:00:00,116314.306,119130.0,True,2815.694000000003,2815.694000000003,7928132.701636017,0.0,2815.694000000003,2.420763272232397,0.0,1.0,2017-12-28 16:45:00+00:00,2017-12-28 16:45:00+00:00,0.2,False,NONE,1.0
E2018_SNAP,COMPLETE_REGISTERED_EVENT,2017-12-29,2017-12-29 15:00:00,2017-12-29 15:00:00,114500.711,116525.0,True,2024.2890000000043,2024.2890000000043,4097745.9555210173,0.0,2024.2890000000043,1.7679270131344464,0.0,1.0,2017-12-28 16:45:00+00:00,2017-12-28 16:45:00+00:00,0.2,False,NONE,1.0
E2018_SNAP,COMPLETE_REGISTERED_EVENT,2017-12-29,2017-12-29 16:00:00,2017-12-29 16:00:00,112791.325,113653.0,True,861.6750000000029,861.6750000000029,742483.805625005,0.0,861.6750000000029,0.7639550293429064,0.0,1.0,2017-12-28 16:45:00+00:00,2017-12-28 16:45:00+00:00,0.2,False,NONE,1.0
E2018_SNAP,COMPLETE_REGISTERED_EVENT,2017-12-29,2017-12-29 17:00:00,2017-12-29 17:00:00,110513.603,111061.0,True,547.3969999999972,547.3969999999972,299643.47560899693,0.0,547.3969999999972,0.49532092442954484,0.0,1.0,2017-12-28 16:45:00+00:00,2017-12-28 16:45:00+00:00,0.2,False,NONE,1.0
E2018_SNAP,COMPLETE_REGISTERED_EVENT,2017-12-29,2017-12-29 18:00:00,2017-12-29 18:00:00,107753.241,109318.0,True,1564.7590000000055,1564.7590000000055,2448470.7280810173,0.0,1564.7590000000055,1.4521688493806006,0.0,1.0,2017-12-28 16:45:00+00:00,2017-12-28 16:45:00+00:00,0.2,False,NONE,1.0
E2018_SNAP,COMPLETE_REGISTERED_EVENT,2017-12-29,2017-12-29 19:00:00,2017-12-29 19:00:00,106733.421,108173.0,True,1439.578999999998,1439.578999999998,2072387.697240994,0.0,1439.578999999998,1.3487612282192265,0.0,1.0,2017-12-28 16:45:00+00:00,2017-12-28 16:45:00+00:00,0.2,False,NONE,1.0
E2018_SNAP,COMPLETE_REGISTERED_EVENT,2017-12-29,2017-12-29 20:00:00,2017-12-29 20:00:00,107241.646,108056.0,True,814.3540000000066,814.3540000000066,663172.4373160108,0.0,814.3540000000066,0.7593635778399063,0.0,1.0,2017-12-28 16:45:00+00:00,2017-12-28 16:45:00+00:00,0.2,False,NONE,1.0
E2018_SNAP,COMPLETE_REGISTERED_EVENT,2017-12-29,2017-12-29 21:00:00,2017-12-29 21:00:00,110544.903,110397.0,True,-147.9030000000057,147.9030000000057,21875.297409001687,147.9030000000057,0.0,0.13379449977897734,1.0,0.0,2017-12-28 16:45:00+00:00,2017-12-28 16:45:00+00:00,0.2,False,NONE,1.0
E2018_SNAP,COMPLETE_REGISTERED_EVENT,2017-12-29,2017-12-29 22:00:00,2017-12-29 22:00:00,117186.547,116076.0,True,-1110.547000000006,1110.547000000006,1233314.6392090132,1110.547000000006,0.0,0.9476744800749235,1.0,0.0,2017-12-28 16:45:00+00:00,2017-12-28 16:45:00+00:00,0.2,False,NONE,1.0
E2018_SNAP,COMPLETE_REGISTERED_EVENT,2017-12-29,2017-12-29 23:00:00,2017-12-29 23:00:00,118264.692,118347.0,True,82.30800000000454,82.30800000000454,6774.606864000747,0.0,82.30800000000454,0.06959642697078562,0.0,1.0,2017-12-28 16:45:00+00:00,2017-12-28 16:45:00+00:00,0.2,False,NONE,1.0
E2018_SNAP,COMPLETE_REGISTERED_EVENT,2017-12-29,2017-12-30 00:00:00,2017-12-30 00:00:00,117333.182,117749.0,True,415.8179999999993,415.8179999999993,172904.60912399943,0.0,415.8179999999993,0.35439079799267637,0.0,1.0,2017-12-28 16:45:00+00:00,2017-12-28 16:45:00+00:00,0.2,False,NONE,1.0
E2018_SNAP,COMPLETE_REGISTERED_EVENT,2017-12-29,2017-12-30 01:00:00,2017-12-30 01:00:00,115969.602,116063.0,True,93.39800000000105,93.39800000000105,8723.186404000196,0.0,93.39800000000105,0.0805366220020321,0.0,1.0,2017-12-28 16:45:00+00:00,2017-12-28 16:45:00+00:00,0.2,False,NONE,1.0
E2018_SNAP,COMPLETE_REGISTERED_EVENT,2017-12-29,2017-12-30 02:00:00,2017-12-30 02:00:00,113468.412,113358.0,True,-110.41199999999662,110.41199999999662,12190.809743999254,110.41199999999662,0.0,0.09730637633317422,1.0,0.0,2017-12-28 16:45:00+00:00,2017-12-28 16:45:00+00:00,0.2,False,NONE,1.0
E2018_SNAP,COMPLETE_REGISTERED_EVENT,2017-12-29,2017-12-30 03:00:00,2017-12-30 03:00:00,109574.278,109001.0,True,-573.2780000000057,573.2780000000057,328647.66528400657,573.2780000000057,0.0,0.5231866551746803,1.0,0.0,2017-12-28 16:45:00+00:00,2017-12-28 16:45:00+00:00,0.2,False,NONE,1.0
E2018_SNAP,COMPLETE_REGISTERED_EVENT,2017-12-29,2017-12-30 04:00:00,2017-12-30 04:00:00,104750.404,104096.0,True,-654.403999999995,654.403999999995,428244.59521599347,654.403999999995,0.0,0.6247269461605084,1.0,0.0,2017-12-28 16:45:00+00:00,2017-12-28 16:45:00+00:00,0.2,False,NONE,1.0
E2018_SNAP,COMPLETE_REGISTERED_EVENT,2017-12-30,2017-12-30 05:00:00,2017-12-30 05:00:00,100550.875,100326.0,True,-224.875,224.875,50568.765625,224.875,0.0,0.22364300658746133,1.0,0.0,2017-12-29 16:45:00+00:00,2017-12-29 16:45:00+00:00,0.2,False,NONE,1.0
E2018_SNAP,COMPLETE_REGISTERED_EVENT,2017-12-30,2017-12-30 06:00:00,2017-12-30 06:00:00,98037.131,98216.0,True,178.86900000000605,178.86900000000605,31994.119161002167,0.0,178.86900000000605,0.18245025958583597,0.0,1.0,2017-12-29 16:45:00+00:00,2017-12-29 16:45:00+00:00,0.2,False,NONE,1.0
E2018_SNAP,COMPLETE_REGISTERED_EVENT,2017-12-30,2017-12-30 07:00:00,2017-12-30 07:00:00,96612.821,97217.0,True,604.1790000000037,604.1790000000037,365032.2640410045,0.0,604.1790000000037,0.6253610998482321,0.0,1.0,2017-12-29 16:45:00+00:00,2017-12-29 16:45:00+00:00,0.2,False,NONE,1.0
E2018_SNAP,COMPLETE_REGISTERED_EVENT,2017-12-30,2017-12-30 08:00:00,2017-12-30 08:00:00,96153.474,96950.0,True,796.525999999998,796.525999999998,634453.6686759968,0.0,796.525999999998,0.8283902462016068,0.0,1.0,2017-12-29 16:45:00+00:00,2017-12-29 16:45:00+00:00,0.2,False,NONE,1.0
E2018_SNAP,COMPLETE_REGISTERED_EVENT,2017-12-30,2017-12-30 09:00:00,2017-12-30 09:00:00,96658.521,97636.0,True,977.4790000000066,977.4790000000066,955465.195441013,0.0,977.4790000000066,1.0112703876360851,0.0,1.0,2017-12-29 16:45:00+00:00,2017-12-29 16:45:00+00:00,0.2,False,NONE,1.0
E2018_SNAP,COMPLETE_REGISTERED_EVENT,2017-12-30,2017-12-30 10:00:00,2017-12-30 10:00:00,98422.777,99539.0,True,1116.2229999999981,1116.2229999999981,1245953.785728996,0.0,1116.2229999999981,1.134110450876628,0.0,1.0,2017-12-29 16:45:00+00:00,2017-12-29 16:45:00+00:00,0.2,False,NONE,1.0
E2018_SNAP,COMPLETE_REGISTERED_EVENT,2017-12-30,2017-12-30 11:00:00,2017-12-30 11:00:00,101043.207,102334.0,True,1290.7930000000051,1290.7930000000051,1666146.5688490132,0.0,1290.7930000000051,1.2774663812877645,0.0,1.0,2017-12-29 16:45:00+00:00,2017-12-29 16:45:00+00:00,0.2,False,NONE,1.0
E2018_SNAP,COMPLETE_REGISTERED_EVENT,2017-12-30,2017-12-30 12:00:00,2017-12-30 12:00:00,104123.536,105804.0,True,1680.4640000000072,1680.4640000000072,2823959.255296024,0.0,1680.4640000000072,1.6139136880637701,0.0,1.0,2017-12-29 16:45:00+00:00,2017-12-29 16:45:00+00:00,0.2,False,NONE,1.0
E2018_SNAP,COMPLETE_REGISTERED_EVENT,2017-12-30,2017-12-30 13:00:00,2017-12-30 13:00:00,106541.926,108259.0,True,1717.0739999999932,1717.0739999999932,2948343.121475977,0.0,1717.0739999999932,1.6116415991954125,0.0,1.0,2017-12-29 16:45:00+00:00,2017-12-29 16:45:00+00:00,0.2,False,NONE,1.0
E2018_SNAP,COMPLETE_REGISTERED_EVENT,2017-12-30,2017-12-30 14:00:00,2017-12-30 14:00:00,108831.374,109139.0,True,307.62600000000384,307.62600000000384,94633.75587600237,0.0,307.62600000000384,0.2826629754761746,0.0,1.0,2017-12-29 16:45:00+00:00,2017-12-29 16:45:00+00:00,0.2,False,NONE,1.0
E2018_SNAP,COMPLETE_REGISTERED_EVENT,2017-12-30,2017-12-30 15:00:00,2017-12-30 15:00:00,109288.061,108670.0,True,-618.0610000000015,618.0610000000015,381999.39972100186,618.0610000000015,0.0,0.5655338692485371,1.0,0.0,2017-12-29 16:45:00+00:00,2017-12-29 16:45:00+00:00,0.2,False,NONE,1.0
E2018_SNAP,COMPLETE_REGISTERED_EVENT,2017-12-30,2017-12-30 16:00:00,2017-12-30 16:00:00,108437.763,107436.0,True,-1001.7630000000063,1001.7630000000063,1003529.1081690126,1001.7630000000063,0.0,0.9238137824735524,1.0,0.0,2017-12-29 16:45:00+00:00,2017-12-29 16:45:00+00:00,0.2,False,NONE,1.0
E2018_SNAP,COMPLETE_REGISTERED_EVENT,2017-12-30,2017-12-30 17:00:00,2017-12-30 17:00:00,106834.842,105431.0,True,-1403.8420000000042,1403.8420000000042,1970772.3609640119,1403.8420000000042,0.0,1.3140301176277343,1.0,0.0,2017-12-29 16:45:00+00:00,2017-12-29 16:45:00+00:00,0.2,False,NONE,1.0
E2018_SNAP,COMPLETE_REGISTERED_EVENT,2017-12-30,2017-12-30 18:00:00,2017-12-30 18:00:00,105136.532,103493.0,True,-1643.5320000000065,1643.5320000000065,2701197.4350240217,1643.5320000000065,0.0,1.5632358883589639,1.0,0.0,2017-12-29 16:45:00+00:00,2017-12-29 16:45:00+00:00,0.2,False,NONE,1.0
E2018_SNAP,COMPLETE_REGISTERED_EVENT,2017-12-30,2017-12-30 19:00:00,2017-12-30 19:00:00,104191.921,102321.0,True,-1870.921000000002,1870.921000000002,3500345.388241008,1870.921000000002,0.0,1.7956488200270366,1.0,0.0,2017-12-29 16:45:00+00:00,2017-12-29 16:45:00+00:00,0.2,False,NONE,1.0
E2018_SNAP,COMPLETE_REGISTERED_EVENT,2017-12-30,2017-12-30 20:00:00,2017-12-30 20:00:00,104232.712,102428.0,True,-1804.7119999999995,1804.7119999999995,3256985.402943998,1804.7119999999995,0.0,1.7314257351377365,1.0,0.0,2017-12-29 16:45:00+00:00,2017-12-29 16:45:00+00:00,0.2,False,NONE,1.0
E2018_SNAP,COMPLETE_REGISTERED_EVENT,2017-12-30,2017-12-30 21:00:00,2017-12-30 21:00:00,107068.804,104856.0,True,-2212.8040000000037,2212.8040000000037,4896501.542416017,2212.8040000000037,0.0,2.066712167626346,1.0,0.0,2017-12-29 16:45:00+00:00,2017-12-29 16:45:00+00:00,0.2,False,NONE,1.0
E2018_SNAP,COMPLETE_REGISTERED_EVENT,2017-12-30,2017-12-30 22:00:00,2017-12-30 22:00:00,113271.902,110089.0,True,-3182.902000000002,3182.902000000002,10130865.141604012,3182.902000000002,0.0,2.8099660584846555,1.0,0.0,2017-12-29 16:45:00+00:00,2017-12-29 16:45:00+00:00,0.2,False,NONE,1.0
E2018_SNAP,COMPLETE_REGISTERED_EVENT,2017-12-30,2017-12-30 23:00:00,2017-12-30 23:00:00,115576.645,112356.0,True,-3220.645000000004,3220.645000000004,10372554.216025027,3220.645000000004,0.0,2.7865880688957563,1.0,0.0,2017-12-29 16:45:00+00:00,2017-12-29 16:45:00+00:00,0.2,False,NONE,1.0
E2018_SNAP,COMPLETE_REGISTERED_EVENT,2017-12-30,2017-12-31 00:00:00,2017-12-31 00:00:00,115266.499,112167.0,True,-3099.498999999996,3099.498999999996,9606894.051000977,3099.498999999996,0.0,2.6889851143999755,1.0,0.0,2017-12-29 16:45:00+00:00,2017-12-29 16:45:00+00:00,0.2,False,NONE,1.0
E2018_SNAP,COMPLETE_REGISTERED_EVENT,2017-12-30,2017-12-31 01:00:00,2017-12-31 01:00:00,114924.841,111197.0,True,-3727.8410000000003,3727.8410000000003,13896798.521281002,3727.8410000000003,0.0,3.2437208244647477,1.0,0.0,2017-12-29 16:45:00+00:00,2017-12-29 16:45:00+00:00,0.2,False,NONE,1.0
E2018_SNAP,COMPLETE_REGISTERED_EVENT,2017-12-30,2017-12-31 02:00:00,2017-12-31 02:00:00,113026.272,109283.0,True,-3743.271999999997,3743.271999999997,14012085.265983978,3743.271999999997,0.0,3.311860095677576,1.0,0.0,2017-12-29 16:45:00+00:00,2017-12-29 16:45:00+00:00,0.2,False,NONE,1.0
E2018_SNAP,COMPLETE_REGISTERED_EVENT,2017-12-30,2017-12-31 03:00:00,2017-12-31 03:00:00,109841.839,105944.0,True,-3897.839000000007,3897.839000000007,15193148.869921057,3897.839000000007,0.0,3.5485922627351565,1.0,0.0,2017-12-29 16:45:00+00:00,2017-12-29 16:45:00+00:00,0.2,False,NONE,1.0
E2018_SNAP,COMPLETE_REGISTERED_EVENT,2017-12-30,2017-12-31 04:00:00,2017-12-31 04:00:00,106047.785,101889.0,True,-4158.7850000000035,4158.7850000000035,17295492.67622503,4158.7850000000035,0.0,3.921614204389091,1.0,0.0,2017-12-29 16:45:00+00:00,2017-12-29 16:45:00+00:00,0.2,False,NONE,1.0
E2018_SNAP,COMPLETE_REGISTERED_EVENT,2017-12-31,2017-12-31 05:00:00,2017-12-31 05:00:00,103450.651,102573.0,True,-877.650999999998,877.650999999998,770271.2778009966,877.650999999998,0.0,0.8483764882252873,1.0,0.0,2017-12-30 16:45:00+00:00,2017-12-30 16:45:00+00:00,0.2,False,NONE,1.0
E2018_SNAP,COMPLETE_REGISTERED_EVENT,2017-12-31,2017-12-31 06:00:00,2017-12-31 06:00:00,101663.63,101148.0,True,-515.6300000000047,515.6300000000047,265874.2969000048,515.6300000000047,0.0,0.5071921984292757,1.0,0.0,2017-12-30 16:45:00+00:00,2017-12-30 16:45:00+00:00,0.2,False,NONE,1.0
E2018_SNAP,COMPLETE_REGISTERED_EVENT,2017-12-31,2017-12-31 07:00:00,2017-12-31 07:00:00,101229.912,100655.0,True,-574.9119999999966,574.9119999999966,330523.8077439961,574.9119999999966,0.0,0.5679269977039955,1.0,0.0,2017-12-30 16:45:00+00:00,2017-12-30 16:45:00+00:00,0.2,False,NONE,1.0
E2018_SNAP,COMPLETE_REGISTERED_EVENT,2017-12-31,2017-12-31 08:00:00,2017-12-31 08:00:00,101532.923,100865.0,True,-667.9229999999952,667.9229999999952,446121.1339289936,667.9229999999952,0.0,0.6578388371622033,1.0,0.0,2017-12-30 16:45:00+00:00,2017-12-30 16:45:00+00:00,0.2,False,NONE,1.0
E2018_SNAP,COMPLETE_REGISTERED_EVENT,2017-12-31,2017-12-31 09:00:00,2017-12-31 09:00:00,102481.151,102010.0,True,-471.150999999998,471.150999999998,221983.26480099815,471.150999999998,0.0,0.45974405576299393,1.0,0.0,2017-12-30 16:45:00+00:00,2017-12-30 16:45:00+00:00,0.2,False,NONE,1.0
E2018_SNAP,COMPLETE_REGISTERED_EVENT,2017-12-31,2017-12-31 10:00:00,2017-12-31 10:00:00,104299.19,103797.0,True,-502.1900000000023,502.1900000000023,252194.79610000234,502.1900000000023,0.0,0.4814898370735212,1.0,0.0,2017-12-30 16:45:00+00:00,2017-12-30 16:45:00+00:00,0.2,False,NONE,1.0
E2018_SNAP,COMPLETE_REGISTERED_EVENT,2017-12-31,2017-12-31 11:00:00,2017-12-31 11:00:00,107056.449,106426.0,True,-630.4489999999932,630.4489999999932,397465.9416009915,630.4489999999932,0.0,0.588893995540608,1.0,0.0,2017-12-30 16:45:00+00:00,2017-12-30 16:45:00+00:00,0.2,False,NONE,1.0
E2018_SNAP,COMPLETE_REGISTERED_EVENT,2017-12-31,2017-12-31 12:00:00,2017-12-31 12:00:00,109884.369,109464.0,True,-420.36900000000605,420.36900000000605,176710.0961610051,420.36900000000605,0.0,0.38255577551708564,1.0,0.0,2017-12-30 16:45:00+00:00,2017-12-30 16:45:00+00:00,0.2,False,NONE,1.0
E2018_SNAP,COMPLETE_REGISTERED_EVENT,2017-12-31,2017-12-31 13:00:00,2017-12-31 13:00:00,111708.963,111718.0,True,9.036999999996624,9.036999999996624,81.66736899993899,0.0,9.036999999996624,0.008089771632735167,0.0,1.0,2017-12-30 16:45:00+00:00,2017-12-30 16:45:00+00:00,0.2,False,NONE,1.0
E2018_SNAP,COMPLETE_REGISTERED_EVENT,2017-12-31,2017-12-31 14:00:00,2017-12-31 14:00:00,112831.141,111999.0,True,-832.1410000000033,832.1410000000033,692458.6438810055,832.1410000000033,0.0,0.7375100460962309,1.0,0.0,2017-12-30 16:45:00+00:00,2017-12-30 16:45:00+00:00,0.2,False,NONE,1.0
E2018_SNAP,COMPLETE_REGISTERED_EVENT,2017-12-31,2017-12-31 15:00:00,2017-12-31 15:00:00,113023.061,110749.0,True,-2274.0610000000015,2274.0610000000015,5171353.4317210065,2274.0610000000015,0.0,2.012032747900892,1.0,0.0,2017-12-30 16:45:00+00:00,2017-12-30 16:45:00+00:00,0.2,False,NONE,1.0
E2018_SNAP,COMPLETE_REGISTERED_EVENT,2017-12-31,2017-12-31 16:00:00,2017-12-31 16:00:00,112391.604,109106.0,True,-3285.6040000000066,3285.6040000000066,10795193.644816043,3285.6040000000066,0.0,2.9233535985481676,1.0,0.0,2017-12-30 16:45:00+00:00,2017-12-30 16:45:00+00:00,0.2,False,NONE,1.0
E2018_SNAP,COMPLETE_REGISTERED_EVENT,2017-12-31,2017-12-31 17:00:00,2017-12-31 17:00:00,111642.405,107640.0,True,-4002.404999999999,4002.404999999999,16019245.784024991,4002.404999999999,0.0,3.585022196539029,1.0,0.0,2017-12-30 16:45:00+00:00,2017-12-30 16:45:00+00:00,0.2,False,NONE,1.0
E2018_SNAP,COMPLETE_REGISTERED_EVENT,2017-12-31,2017-12-31 18:00:00,2017-12-31 18:00:00,111093.248,106411.0,True,-4682.248000000007,4682.248000000007,21923446.333504066,4682.248000000007,0.0,4.2147007890164545,1.0,0.0,2017-12-30 16:45:00+00:00,2017-12-30 16:45:00+00:00,0.2,False,NONE,1.0
E2018_SNAP,COMPLETE_REGISTERED_EVENT,2017-12-31,2017-12-31 19:00:00,2017-12-31 19:00:00,111148.822,105590.0,True,-5558.822,5558.822,30900502.027684003,5558.822,0.0,5.001242388335884,1.0,0.0,2017-12-30 16:45:00+00:00,2017-12-30 16:45:00+00:00,0.2,False,NONE,1.0
E2018_SNAP,COMPLETE_REGISTERED_EVENT,2017-12-31,2017-12-31 20:00:00,2017-12-31 20:00:00,111953.355,106342.0,True,-5611.354999999996,5611.354999999996,31487304.936024953,5611.354999999996,0.0,5.012225850667893,1.0,0.0,2017-12-30 16:45:00+00:00,2017-12-30 16:45:00+00:00,0.2,False,NONE,1.0
E2018_SNAP,COMPLETE_REGISTERED_EVENT,2017-12-31,2017-12-31 21:00:00,2017-12-31 21:00:00,115142.236,109998.0,True,-5144.236000000004,5144.236000000004,26463164.023696046,5144.236000000004,0.0,4.467722860619108,1.0,0.0,2017-12-30 16:45:00+00:00,2017-12-30 16:45:00+00:00,0.2,False,NONE,1.0
E2018_SNAP,COMPLETE_REGISTERED_EVENT,2017-12-31,2017-12-31 22:00:00,2017-12-31 22:00:00,122032.566,117119.0,True,-4913.566000000006,4913.566000000006,24143130.836356062,4913.566000000006,0.0,4.026438319751472,1.0,0.0,2017-12-30 16:45:00+00:00,2017-12-30 16:45:00+00:00,0.2,False,NONE,1.0
E2018_SNAP,COMPLETE_REGISTERED_EVENT,2017-12-31,2017-12-31 23:00:00,2017-12-31 23:00:00,123910.755,120019.0,True,-3891.7550000000047,3891.7550000000047,15145756.980025036,3891.7550000000047,0.0,3.1407725665137014,1.0,0.0,2017-12-30 16:45:00+00:00,2017-12-30 16:45:00+00:00,0.2,False,NONE,1.0
E2018_SNAP,COMPLETE_REGISTERED_EVENT,2017-12-31,2018-01-01 00:00:00,2018-01-01 00:00:00,122340.321,120666.0,True,-1674.3209999999963,1674.3209999999963,2803350.8110409877,1674.3209999999963,0.0,1.3685765954463993,1.0,0.0,2017-12-30 16:45:00+00:00,2017-12-30 16:45:00+00:00,0.2,False,NONE,1.0
E2018_SNAP,COMPLETE_REGISTERED_EVENT,2017-12-31,2018-01-01 01:00:00,2018-01-01 01:00:00,120627.113,120106.0,True,-521.1129999999976,521.1129999999976,271558.75876899745,521.1129999999976,0.0,0.43200320975931633,1.0,0.0,2017-12-30 16:45:00+00:00,2017-12-30 16:45:00+00:00,0.2,False,NONE,1.0
E2018_SNAP,COMPLETE_REGISTERED_EVENT,2017-12-31,2018-01-01 02:00:00,2018-01-01 02:00:00,118739.621,117814.0,True,-925.6209999999992,925.6209999999992,856774.2356409985,925.6209999999992,0.0,0.7795384490910572,1.0,0.0,2017-12-30 16:45:00+00:00,2017-12-30 16:45:00+00:00,0.2,False,NONE,1.0
E2018_SNAP,COMPLETE_REGISTERED_EVENT,2017-12-31,2018-01-01 03:00:00,2018-01-01 03:00:00,116275.735,113783.0,True,-2492.7350000000006,2492.7350000000006,6213727.780225003,2492.7350000000006,0.0,2.1438135824297313,1.0,0.0,2017-12-30 16:45:00+00:00,2017-12-30 16:45:00+00:00,0.2,False,NONE,1.0
E2018_SNAP,COMPLETE_REGISTERED_EVENT,2017-12-31,2018-01-01 04:00:00,2018-01-01 04:00:00,114224.052,109792.0,True,-4432.051999999996,4432.051999999996,19643084.930703964,4432.051999999996,0.0,3.8801390096019324,1.0,0.0,2017-12-30 16:45:00+00:00,2017-12-30 16:45:00+00:00,0.2,False,NONE,1.0
E2018_SNAP,COMPLETE_REGISTERED_EVENT,2018-01-01,2018-01-01 05:00:00,2018-01-01 05:00:00,112288.391,115846.0,True,3557.6089999999967,3557.6089999999967,12656581.796880977,0.0,3557.6089999999967,3.1682785444846178,0.0,1.0,2017-12-31 16:45:00+00:00,2017-12-31 16:45:00+00:00,0.2,False,NONE,1.0
E2018_SNAP,COMPLETE_REGISTERED_EVENT,2018-01-01,2018-01-01 06:00:00,2018-01-01 06:00:00,111308.584,115385.0,True,4076.4159999999974,4076.4159999999974,16617167.40505598,0.0,4076.4159999999974,3.6622656164595515,0.0,1.0,2017-12-31 16:45:00+00:00,2017-12-31 16:45:00+00:00,0.2,False,NONE,1.0
E2018_SNAP,COMPLETE_REGISTERED_EVENT,2018-01-01,2018-01-01 07:00:00,2018-01-01 07:00:00,110402.115,114644.0,True,4241.884999999995,4241.884999999995,17993588.353224955,0.0,4241.884999999995,3.8422135300578204,0.0,1.0,2017-12-31 16:45:00+00:00,2017-12-31 16:45:00+00:00,0.2,False,NONE,1.0
E2018_SNAP,COMPLETE_REGISTERED_EVENT,2018-01-01,2018-01-01 08:00:00,2018-01-01 08:00:00,110466.337,114594.0,True,4127.6630000000005,4127.6630000000005,17037601.841569003,0.0,4127.6630000000005,3.7365799501435455,0.0,1.0,2017-12-31 16:45:00+00:00,2017-12-31 16:45:00+00:00,0.2,False,NONE,1.0
E2018_SNAP,COMPLETE_REGISTERED_EVENT,2018-01-01,2018-01-01 09:00:00,2018-01-01 09:00:00,111476.085,115241.0,True,3764.9149999999936,3764.9149999999936,14174584.957224952,0.0,3764.9149999999936,3.3773297653931724,0.0,1.0,2017-12-31 16:45:00+00:00,2017-12-31 16:45:00+00:00,0.2,False,NONE,1.0
E2018_SNAP,COMPLETE_REGISTERED_EVENT,2018-01-01,2018-01-01 10:00:00,2018-01-01 10:00:00,113381.067,117277.0,True,3895.9330000000045,3895.9330000000045,15178293.940489035,0.0,3895.9330000000045,3.4361407094537264,0.0,1.0,2017-12-31 16:45:00+00:00,2017-12-31 16:45:00+00:00,0.2,False,NONE,1.0
E2018_SNAP,COMPLETE_REGISTERED_EVENT,2018-01-01,2018-01-01 11:00:00,2018-01-01 11:00:00,115586.459,120252.0,True,4665.540999999997,4665.540999999997,21767272.822680976,0.0,4665.540999999997,4.036407932524343,0.0,1.0,2017-12-31 16:45:00+00:00,2017-12-31 16:45:00+00:00,0.2,False,NONE,1.0
E2018_SNAP,COMPLETE_REGISTERED_EVENT,2018-01-01,2018-01-01 12:00:00,2018-01-01 12:00:00,117208.858,122679.0,True,5470.142000000007,5470.142000000007,29922453.500164077,0.0,5470.142000000007,4.667003922177971,0.0,1.0,2017-12-31 16:45:00+00:00,2017-12-31 16:45:00+00:00,0.2,False,NONE,1.0
E2018_SNAP,COMPLETE_REGISTERED_EVENT,2018-01-01,2018-01-01 13:00:00,2018-01-01 13:00:00,117238.522,123310.0,True,6071.478000000003,6071.478000000003,36862845.10448404,0.0,6071.478000000003,5.178739800216863,0.0,1.0,2017-12-31 16:45:00+00:00,2017-12-31 16:45:00+00:00,0.2,False,NONE,1.0
E2018_SNAP,COMPLETE_REGISTERED_EVENT,2018-01-01,2018-01-01 14:00:00,2018-01-01 14:00:00,116004.56,122251.0,True,6246.440000000002,6246.440000000002,39018012.673600025,0.0,6246.440000000002,5.384650396501657,0.0,1.0,2017-12-31 16:45:00+00:00,2017-12-31 16:45:00+00:00,0.2,False,NONE,1.0
E2018_SNAP,COMPLETE_REGISTERED_EVENT,2018-01-01,2018-01-01 15:00:00,2018-01-01 15:00:00,114973.62,120065.0,True,5091.380000000005,5091.380000000005,25922150.30440005,0.0,5091.380000000005,4.428302770670355,0.0,1.0,2017-12-31 16:45:00+00:00,2017-12-31 16:45:00+00:00,0.2,False,NONE,1.0
E2018_SNAP,COMPLETE_REGISTERED_EVENT,2018-01-01,2018-01-01 16:00:00,2018-01-01 16:00:00,113918.928,117513.0,True,3594.072,3594.072,12917353.541184,0.0,3594.072,3.1549383961899644,0.0,1.0,2017-12-31 16:45:00+00:00,2017-12-31 16:45:00+00:00,0.2,False,NONE,1.0
E2018_SNAP,COMPLETE_REGISTERED_EVENT,2018-01-01,2018-01-01 17:00:00,2018-01-01 17:00:00,112980.92,115330.0,True,2349.0800000000017,2349.0800000000017,5518176.846400009,0.0,2349.0800000000017,2.079182927524401,0.0,1.0,2017-12-31 16:45:00+00:00,2017-12-31 16:45:00+00:00,0.2,False,NONE,1.0
E2018_SNAP,COMPLETE_REGISTERED_EVENT,2018-01-01,2018-01-01 18:00:00,2018-01-01 18:00:00,111843.436,113545.0,True,1701.5639999999985,1701.5639999999985,2895320.0460959948,0.0,1701.5639999999985,1.5213802980802544,0.0,1.0,2017-12-31 16:45:00+00:00,2017-12-31 16:45:00+00:00,0.2,False,NONE,1.0
E2018_SNAP,COMPLETE_REGISTERED_EVENT,2018-01-01,2018-01-01 19:00:00,2018-01-01 19:00:00,111228.095,111727.0,True,498.90499999999884,498.90499999999884,248906.19902499884,0.0,498.90499999999884,0.4485422500493233,0.0,1.0,2017-12-31 16:45:00+00:00,2017-12-31 16:45:00+00:00,0.2,False,NONE,1.0
E2018_SNAP,COMPLETE_REGISTERED_EVENT,2018-01-01,2018-01-01 20:00:00,2018-01-01 20:00:00,112148.198,111677.0,True,-471.19800000000396,471.19800000000396,222027.55520400373,471.19800000000396,0.0,0.42015655035313537,1.0,0.0,2017-12-31 16:45:00+00:00,2017-12-31 16:45:00+00:00,0.2,False,NONE,1.0
E2018_SNAP,COMPLETE_REGISTERED_EVENT,2018-01-01,2018-01-01 21:00:00,2018-01-01 21:00:00,116033.6,114027.0,True,-2006.6000000000058,2006.6000000000058,4026443.5600000233,2006.6000000000058,0.0,1.7293266777898866,1.0,0.0,2017-12-31 16:45:00+00:00,2017-12-31 16:45:00+00:00,0.2,False,NONE,1.0
E2018_SNAP,COMPLETE_REGISTERED_EVENT,2018-01-01,2018-01-01 22:00:00,2018-01-01 22:00:00,124005.756,120403.0,True,-3602.755999999994,3602.755999999994,12979850.795535956,3602.755999999994,0.0,2.9053135243173664,1.0,0.0,2017-12-31 16:45:00+00:00,2017-12-31 16:45:00+00:00,0.2,False,NONE,1.0
E2018_SNAP,COMPLETE_REGISTERED_EVENT,2018-01-01,2018-01-01 23:00:00,2018-01-01 23:00:00,126905.301,124323.0,True,-2582.3010000000068,2582.3010000000068,6668278.4546010345,2582.3010000000068,0.0,2.034825164632017,1.0,0.0,2017-12-31 16:45:00+00:00,2017-12-31 16:45:00+00:00,0.2,False,NONE,1.0
E2018_SNAP,COMPLETE_REGISTERED_EVENT,2018-01-01,2018-01-02 00:00:00,2018-01-02 00:00:00,127416.928,126336.0,True,-1080.9279999999999,1080.9279999999999,1168405.3411839998,1080.9279999999999,0.0,0.8483393980429349,1.0,0.0,2017-12-31 16:45:00+00:00,2017-12-31 16:45:00+00:00,0.2,False,NONE,1.0
E2018_SNAP,COMPLETE_REGISTERED_EVENT,2018-01-01,2018-01-02 01:00:00,2018-01-02 01:00:00,126634.566,126896.0,True,261.43399999999383,261.43399999999383,68347.73635599678,0.0,261.43399999999383,0.20644758240810318,0.0,1.0,2017-12-31 16:45:00+00:00,2017-12-31 16:45:00+00:00,0.2,False,NONE,1.0
E2018_SNAP,COMPLETE_REGISTERED_EVENT,2018-01-01,2018-01-02 02:00:00,2018-01-02 02:00:00,124233.443,125239.0,True,1005.5570000000007,1005.5570000000007,1011144.8802490014,0.0,1005.5570000000007,0.8094092667141171,0.0,1.0,2017-12-31 16:45:00+00:00,2017-12-31 16:45:00+00:00,0.2,False,NONE,1.0
E2018_SNAP,COMPLETE_REGISTERED_EVENT,2018-01-01,2018-01-02 03:00:00,2018-01-02 03:00:00,119902.142,121062.0,True,1159.857999999993,1159.857999999993,1345270.5801639836,0.0,1159.857999999993,0.967337180681887,0.0,1.0,2017-12-31 16:45:00+00:00,2017-12-31 16:45:00+00:00,0.2,False,NONE,1.0
E2018_SNAP,COMPLETE_REGISTERED_EVENT,2018-01-01,2018-01-02 04:00:00,2018-01-02 04:00:00,116148.265,117224.0,True,1075.7350000000006,1075.7350000000006,1157205.7902250013,0.0,1075.7350000000006,0.926173972551377,0.0,1.0,2017-12-31 16:45:00+00:00,2017-12-31 16:45:00+00:00,0.2,False,NONE,1.0
E2018_SNAP,COMPLETE_REGISTERED_EVENT,2018-01-02,2018-01-02 05:00:00,2018-01-02 05:00:00,113663.187,115346.0,True,1682.8129999999946,1682.8129999999946,2831859.592968982,0.0,1682.8129999999946,1.4805259683594783,0.0,1.0,2018-01-01 16:45:00+00:00,2018-01-01 16:45:00+00:00,0.2,False,NONE,1.0
E2018_SNAP,COMPLETE_REGISTERED_EVENT,2018-01-02,2018-01-02 06:00:00,2018-01-02 06:00:00,112618.231,113910.0,True,1291.7690000000002,1291.7690000000002,1668667.1493610006,0.0,1291.7690000000002,1.1470336450232468,0.0,1.0,2018-01-01 16:45:00+00:00,2018-01-01 16:45:00+00:00,0.2,False,NONE,1.0
E2018_SNAP,COMPLETE_REGISTERED_EVENT,2018-01-02,2018-01-02 07:00:00,2018-01-02 07:00:00,112738.666,113682.0,True,943.3340000000026,943.3340000000026,889879.0355560048,0.0,943.3340000000026,0.8367439792129548,0.0,1.0,2018-01-01 16:45:00+00:00,2018-01-01 16:45:00+00:00,0.2,False,NONE,1.0
E2018_SNAP,COMPLETE_REGISTERED_EVENT,2018-01-02,2018-01-02 08:00:00,2018-01-02 08:00:00,113615.387,114277.0,True,661.6129999999976,661.6129999999976,437731.7617689968,0.0,661.6129999999976,0.5823269342910371,0.0,1.0,2018-01-01 16:45:00+00:00,2018-01-01 16:45:00+00:00,0.2,False,NONE,1.0
E2018_SNAP,COMPLETE_REGISTERED_EVENT,2018-01-02,2018-01-02 09:00:00,2018-01-02 09:00:00,115818.541,116363.0,True,544.4590000000026,544.4590000000026,296435.6026810028,0.0,544.4590000000026,0.4700965797868258,0.0,1.0,2018-01-01 16:45:00+00:00,2018-01-01 16:45:00+00:00,0.2,False,NONE,1.0
E2018_SNAP,COMPLETE_REGISTERED_EVENT,2018-01-02,2018-01-02 10:00:00,2018-01-02 10:00:00,121015.152,121634.0,True,618.8479999999981,618.8479999999981,382972.8471039977,0.0,618.8479999999981,0.5113805914155264,0.0,1.0,2018-01-01 16:45:00+00:00,2018-01-01 16:45:00+00:00,0.2,False,NONE,1.0
E2018_SNAP,COMPLETE_REGISTERED_EVENT,2018-01-02,2018-01-02 11:00:00,2018-01-02 11:00:00,128281.107,129276.0,True,994.8929999999964,994.8929999999964,989812.0814489928,0.0,994.8929999999964,0.7755569181360403,0.0,1.0,2018-01-01 16:45:00+00:00,2018-01-01 16:45:00+00:00,0.2,False,NONE,1.0
E2018_SNAP,COMPLETE_REGISTERED_EVENT,2018-01-02,2018-01-02 12:00:00,2018-01-02 12:00:00,132976.411,134925.0,True,1948.5890000000072,1948.5890000000072,3796999.090921028,0.0,1948.5890000000072,1.4653644096320266,0.0,1.0,2018-01-01 16:45:00+00:00,2018-01-01 16:45:00+00:00,0.2,False,NONE,1.0
E2018_SNAP,COMPLETE_REGISTERED_EVENT,2018-01-02,2018-01-02 13:00:00,2018-01-02 13:00:00,132546.462,134103.0,True,1556.5380000000005,1556.5380000000005,2422810.5454440014,0.0,1556.5380000000005,1.1743338724499492,0.0,1.0,2018-01-01 16:45:00+00:00,2018-01-01 16:45:00+00:00,0.2,False,NONE,1.0
E2018_SNAP,COMPLETE_REGISTERED_EVENT,2018-01-02,2018-01-02 14:00:00,2018-01-02 14:00:00,130182.791,131119.0,True,936.2090000000026,936.2090000000026,876487.2916810048,0.0,936.2090000000026,0.719149584064458,0.0,1.0,2018-01-01 16:45:00+00:00,2018-01-01 16:45:00+00:00,0.2,False,NONE,1.0
E2018_SNAP,COMPLETE_REGISTERED_EVENT,2018-01-02,2018-01-02 15:00:00,2018-01-02 15:00:00,127595.535,128212.0,True,616.4649999999965,616.4649999999965,380029.0962249957,0.0,616.4649999999965,0.48313994686412537,0.0,1.0,2018-01-01 16:45:00+00:00,2018-01-01 16:45:00+00:00,0.2,False,NONE,1.0
E2018_SNAP,COMPLETE_REGISTERED_EVENT,2018-01-02,2018-01-02 16:00:00,2018-01-02 16:00:00,124414.008,125433.0,True,1018.9919999999984,1018.9919999999984,1038344.6960639966,0.0,1018.9919999999984,0.8190331751067761,0.0,1.0,2018-01-01 16:45:00+00:00,2018-01-01 16:45:00+00:00,0.2,False,NONE,1.0
E2018_SNAP,COMPLETE_REGISTERED_EVENT,2018-01-02,2018-01-02 17:00:00,2018-01-02 17:00:00,121434.451,123060.0,True,1625.548999999999,1625.548999999999,2642409.5514009967,0.0,1625.548999999999,1.3386225956586233,0.0,1.0,2018-01-01 16:45:00+00:00,2018-01-01 16:45:00+00:00,0.2,False,NONE,1.0
E2018_SNAP,COMPLETE_REGISTERED_EVENT,2018-01-02,2018-01-02 18:00:00,2018-01-02 18:00:00,118987.433,121359.0,True,2371.5669999999955,2371.5669999999955,5624330.035488978,0.0,2371.5669999999955,1.9931239293144474,0.0,1.0,2018-01-01 16:45:00+00:00,2018-01-01 16:45:00+00:00,0.2,False,NONE,1.0
E2018_SNAP,COMPLETE_REGISTERED_EVENT,2018-01-02,2018-01-02 19:00:00,2018-01-02 19:00:00,117130.272,120252.0,True,3121.728000000003,3121.728000000003,9745185.705984017,0.0,3121.728000000003,2.665176087015322,0.0,1.0,2018-01-01 16:45:00+00:00,2018-01-01 16:45:00+00:00,0.2,False,NONE,1.0
E2018_SNAP,COMPLETE_REGISTERED_EVENT,2018-01-02,2018-01-02 20:00:00,2018-01-02 20:00:00,116928.688,120775.0,True,3846.3120000000054,3846.3120000000054,14794116.001344042,0.0,3846.3120000000054,3.289451088341986,0.0,1.0,2018-01-01 16:45:00+00:00,2018-01-01 16:45:00+00:00,0.2,False,NONE,1.0
E2018_SNAP,COMPLETE_REGISTERED_EVENT,2018-01-02,2018-01-02 21:00:00,2018-01-02 21:00:00,120533.07,123528.0,True,2994.929999999993,2994.929999999993,8969605.704899957,0.0,2994.929999999993,2.4847371762786703,0.0,1.0,2018-01-01 16:45:00+00:00,2018-01-01 16:45:00+00:00,0.2,False,NONE,1.0
E2018_SNAP,COMPLETE_REGISTERED_EVENT,2018-01-02,2018-01-02 22:00:00,2018-01-02 22:00:00,129042.488,130242.0,True,1199.5120000000024,1199.5120000000024,1438829.038144006,0.0,1199.5120000000024,0.9295481035672549,0.0,1.0,2018-01-01 16:45:00+00:00,2018-01-01 16:45:00+00:00,0.2,False,NONE,1.0
E2018_SNAP,COMPLETE_REGISTERED_EVENT,2018-01-02,2018-01-02 23:00:00,2018-01-02 23:00:00,132846.694,133243.0,True,396.3060000000114,396.3060000000114,157058.44563600904,0.0,396.3060000000114,0.2983183006421006,0.0,1.0,2018-01-01 16:45:00+00:00,2018-01-01 16:45:00+00:00,0.2,False,NONE,1.0
E2018_SNAP,COMPLETE_REGISTERED_EVENT,2018-01-02,2018-01-03 00:00:00,2018-01-03 00:00:00,133114.813,133174.0,True,59.187000000005355,59.187000000005355,3503.100969000634,0.0,59.187000000005355,0.044463120719709356,0.0,1.0,2018-01-01 16:45:00+00:00,2018-01-01 16:45:00+00:00,0.2,False,NONE,1.0
E2018_SNAP,COMPLETE_REGISTERED_EVENT,2018-01-02,2018-01-03 01:00:00,2018-01-03 01:00:00,132307.079,131524.0,True,-783.0789999999979,783.0789999999979,613212.7202409967,783.0789999999979,0.0,0.5918647784522535,1.0,0.0,2018-01-01 16:45:00+00:00,2018-01-01 16:45:00+00:00,0.2,False,NONE,1.0
E2018_SNAP,COMPLETE_REGISTERED_EVENT,2018-01-02,2018-01-03 02:00:00,2018-01-03 02:00:00,129311.045,127297.0,True,-2014.0449999999983,2014.0449999999983,4056377.262024993,2014.0449999999983,0.0,1.5575196998833303,1.0,0.0,2018-01-01 16:45:00+00:00,2018-01-01 16:45:00+00:00,0.2,False,NONE,1.0
E2018_SNAP,COMPLETE_REGISTERED_EVENT,2018-01-02,2018-01-03 03:00:00,2018-01-03 03:00:00,124596.873,121003.0,True,-3593.873000000007,3593.873000000007,12915923.14012905,3593.873000000007,0.0,2.8844006382086387,1.0,0.0,2018-01-01 16:45:00+00:00,2018-01-01 16:45:00+00:00,0.2,False,NONE,1.0
E2018_SNAP,COMPLETE_REGISTERED_EVENT,2018-01-02,2018-01-03 04:00:00,2018-01-03 04:00:00,119893.077,115171.0,True,-4722.077000000005,4722.077000000005,22298011.193929046,4722.077000000005,0.0,3.938573534149936,1.0,0.0,2018-01-01 16:45:00+00:00,2018-01-01 16:45:00+00:00,0.2,False,NONE,1.0
E2018_SNAP,COMPLETE_REGISTERED_EVENT,2018-01-03,2018-01-03 05:00:00,2018-01-03 05:00:00,116718.368,111783.0,True,-4935.368000000002,4935.368000000002,24357857.29542402,4935.368000000002,0.0,4.228441576564883,1.0,0.0,2018-01-02 16:45:00+00:00,2018-01-02 16:45:00+00:00,0.2,False,NONE,1.0
E2018_SNAP,COMPLETE_REGISTERED_EVENT,2018-01-03,2018-01-03 06:00:00,2018-01-03 06:00:00,115500.056,110428.0,True,-5072.055999999997,5072.055999999997,25725752.067135967,5072.055999999997,0.0,4.391388347032487,1.0,0.0,2018-01-02 16:45:00+00:00,2018-01-02 16:45:00+00:00,0.2,False,NONE,1.0
E2018_SNAP,COMPLETE_REGISTERED_EVENT,2018-01-03,2018-01-03 07:00:00,2018-01-03 07:00:00,115177.018,110122.0,True,-5055.017999999996,5055.017999999996,25553206.980323963,5055.017999999996,0.0,4.388912031044246,1.0,0.0,2018-01-02 16:45:00+00:00,2018-01-02 16:45:00+00:00,0.2,False,NONE,1.0
E2018_SNAP,COMPLETE_REGISTERED_EVENT,2018-01-03,2018-01-03 08:00:00,2018-01-03 08:00:00,116054.755,110752.0,True,-5302.755000000005,5302.755000000005,28119210.59002505,5302.755000000005,0.0,4.569183744345507,1.0,0.0,2018-01-02 16:45:00+00:00,2018-01-02 16:45:00+00:00,0.2,False,NONE,1.0
E2018_SNAP,COMPLETE_REGISTERED_EVENT,2018-01-03,2018-01-03 09:00:00,2018-01-03 09:00:00,118444.286,113017.0,True,-5427.285999999993,5427.285999999993,29455433.325795922,5427.285999999993,0.0,4.582142527331367,1.0,0.0,2018-01-02 16:45:00+00:00,2018-01-02 16:45:00+00:00,0.2,False,NONE,1.0
E2018_SNAP,COMPLETE_REGISTERED_EVENT,2018-01-03,2018-01-03 10:00:00,2018-01-03 10:00:00,123585.167,118304.0,True,-5281.167000000001,5281.167000000001,27890724.88188901,5281.167000000001,0.0,4.273301665724983,1.0,0.0,2018-01-02 16:45:00+00:00,2018-01-02 16:45:00+00:00,0.2,False,NONE,1.0
E2018_SNAP,COMPLETE_REGISTERED_EVENT,2018-01-03,2018-01-03 11:00:00,2018-01-03 11:00:00,131022.276,126338.0,True,-4684.275999999998,4684.275999999998,21942441.64417598,4684.275999999998,0.0,3.575175262563748,1.0,0.0,2018-01-02 16:45:00+00:00,2018-01-02 16:45:00+00:00,0.2,False,NONE,1.0
E2018_SNAP,COMPLETE_REGISTERED_EVENT,2018-01-03,2018-01-03 12:00:00,2018-01-03 12:00:00,135149.768,130529.0,True,-4620.768000000011,4620.768000000011,21351496.9098241,4620.768000000011,0.0,3.4189980999449516,1.0,0.0,2018-01-02 16:45:00+00:00,2018-01-02 16:45:00+00:00,0.2,False,NONE,1.0
E2018_SNAP,COMPLETE_REGISTERED_EVENT,2018-01-03,2018-01-03 13:00:00,2018-01-03 13:00:00,133781.632,128787.0,True,-4994.632000000012,4994.632000000012,24946348.815424122,4994.632000000012,0.0,3.7334213414290023,1.0,0.0,2018-01-02 16:45:00+00:00,2018-01-02 16:45:00+00:00,0.2,False,NONE,1.0
E2018_SNAP,COMPLETE_REGISTERED_EVENT,2018-01-03,2018-01-03 14:00:00,2018-01-03 14:00:00,129469.358,125341.0,True,-4128.357999999993,4128.357999999993,17043339.776163943,4128.357999999993,0.0,3.1886757328324697,1.0,0.0,2018-01-02 16:45:00+00:00,2018-01-02 16:45:00+00:00,0.2,False,NONE,1.0
E2018_SNAP,COMPLETE_REGISTERED_EVENT,2018-01-03,2018-01-03 15:00:00,2018-01-03 15:00:00,124912.879,121841.0,True,-3071.879000000001,3071.879000000001,9436440.590641005,3071.879000000001,0.0,2.4592171956904463,1.0,0.0,2018-01-02 16:45:00+00:00,2018-01-02 16:45:00+00:00,0.2,False,NONE,1.0
E2018_SNAP,COMPLETE_REGISTERED_EVENT,2018-01-03,2018-01-03 16:00:00,2018-01-03 16:00:00,121129.135,118429.0,True,-2700.1349999999948,2700.1349999999948,7290729.018224971,2700.1349999999948,0.0,2.2291375233547197,1.0,0.0,2018-01-02 16:45:00+00:00,2018-01-02 16:45:00+00:00,0.2,False,NONE,1.0
E2018_SNAP,COMPLETE_REGISTERED_EVENT,2018-01-03,2018-01-03 17:00:00,2018-01-03 17:00:00,117576.511,115862.0,True,-1714.5109999999986,1714.5109999999986,2939547.969120995,1714.5109999999986,0.0,1.4582087743699068,1.0,0.0,2018-01-02 16:45:00+00:00,2018-01-02 16:45:00+00:00,0.2,False,NONE,1.0
E2018_SNAP,COMPLETE_REGISTERED_EVENT,2018-01-03,2018-01-03 18:00:00,2018-01-03 18:00:00,115281.932,114100.0,True,-1181.9320000000007,1181.9320000000007,1396963.2526240016,1181.9320000000007,0.0,1.0252534629624361,1.0,0.0,2018-01-02 16:45:00+00:00,2018-01-02 16:45:00+00:00,0.2,False,NONE,1.0
E2018_SNAP,COMPLETE_REGISTERED_EVENT,2018-01-03,2018-01-03 19:00:00,2018-01-03 19:00:00,113414.701,112414.0,True,-1000.7010000000009,1000.7010000000009,1001402.4914010018,1000.7010000000009,0.0,0.8823379960239908,1.0,0.0,2018-01-02 16:45:00+00:00,2018-01-02 16:45:00+00:00,0.2,False,NONE,1.0
E2018_SNAP,COMPLETE_REGISTERED_EVENT,2018-01-03,2018-01-03 20:00:00,2018-01-03 20:00:00,113977.964,112274.0,True,-1703.9640000000072,1703.9640000000072,2903493.3132960247,1703.9640000000072,0.0,1.494994242922261,1.0,0.0,2018-01-02 16:45:00+00:00,2018-01-02 16:45:00+00:00,0.2,False,NONE,1.0
E2018_SNAP,COMPLETE_REGISTERED_EVENT,2018-01-03,2018-01-03 21:00:00,2018-01-03 21:00:00,117240.643,115117.0,True,-2123.6429999999964,2123.6429999999964,4509859.591448985,2123.6429999999964,0.0,1.8113539346589873,1.0,0.0,2018-01-02 16:45:00+00:00,2018-01-02 16:45:00+00:00,0.2,False,NONE,1.0
E2018_SNAP,COMPLETE_REGISTERED_EVENT,2018-01-03,2018-01-03 22:00:00,2018-01-03 22:00:00,123541.47,122017.0,True,-1524.4700000000012,1524.4700000000012,2324008.7809000034,1524.4700000000012,0.0,1.2339743083840602,1.0,0.0,2018-01-02 16:45:00+00:00,2018-01-02 16:45:00+00:00,0.2,False,NONE,1.0
E2018_SNAP,COMPLETE_REGISTERED_EVENT,2018-01-03,2018-01-03 23:00:00,2018-01-03 23:00:00,125580.303,125826.0,True,245.69700000000012,245.69700000000012,60367.015809000055,0.0,245.69700000000012,0.19564931293405155,0.0,1.0,2018-01-02 16:45:00+00:00,2018-01-02 16:45:00+00:00,0.2,False,NONE,1.0
E2018_SNAP,COMPLETE_REGISTERED_EVENT,2018-01-03,2018-01-04 00:00:00,2018-01-04 00:00:00,124732.208,125729.0,True,996.7920000000013,996.7920000000013,993594.2912640026,0.0,996.7920000000013,0.7991456384705395,0.0,1.0,2018-01-02 16:45:00+00:00,2018-01-02 16:45:00+00:00,0.2,False,NONE,1.0
E2018_SNAP,COMPLETE_REGISTERED_EVENT,2018-01-03,2018-01-04 01:00:00,2018-01-04 01:00:00,122889.227,124446.0,True,1556.773000000001,1556.773000000001,2423542.1735290033,0.0,1556.773000000001,1.2668099865255082,0.0,1.0,2018-01-02 16:45:00+00:00,2018-01-02 16:45:00+00:00,0.2,False,NONE,1.0
E2018_SNAP,COMPLETE_REGISTERED_EVENT,2018-01-03,2018-01-04 02:00:00,2018-01-04 02:00:00,119087.774,120979.0,True,1891.225999999995,1891.225999999995,3576735.7830759813,0.0,1891.225999999995,1.588094173294393,0.0,1.0,2018-01-02 16:45:00+00:00,2018-01-02 16:45:00+00:00,0.2,False,NONE,1.0
E2018_SNAP,COMPLETE_REGISTERED_EVENT,2018-01-03,2018-01-04 03:00:00,2018-01-04 03:00:00,113502.984,115527.0,True,2024.0160000000033,2024.0160000000033,4096640.7682560133,0.0,2024.0160000000033,1.7832271264339652,0.0,1.0,2018-01-02 16:45:00+00:00,2018-01-02 16:45:00+00:00,0.2,False,NONE,1.0
E2018_SNAP,COMPLETE_REGISTERED_EVENT,2018-01-03,2018-01-04 04:00:00,2018-01-04 04:00:00,108790.771,110229.0,True,1438.2290000000066,1438.2290000000066,2068502.6564410191,0.0,1438.2290000000066,1.3220137947179422,0.0,1.0,2018-01-02 16:45:00+00:00,2018-01-02 16:45:00+00:00,0.2,False,NONE,1.0
E2018_SNAP,COMPLETE_REGISTERED_EVENT,2018-01-04,2018-01-04 05:00:00,2018-01-04 05:00:00,105100.547,107907.0,True,2806.452999999994,2806.452999999994,7876178.441208967,0.0,2806.452999999994,2.6702553698412186,0.0,1.0,2018-01-03 16:45:00+00:00,2018-01-03 16:45:00+00:00,0.2,False,NONE,1.0
E2018_SNAP,COMPLETE_REGISTERED_EVENT,2018-01-04,2018-01-04 06:00:00,2018-01-04 06:00:00,103686.582,106198.0,True,2511.418000000005,2511.418000000005,6307220.370724026,0.0,2511.418000000005,2.4221243979283695,0.0,1.0,2018-01-03 16:45:00+00:00,2018-01-03 16:45:00+00:00,0.2,False,NONE,1.0
E2018_SNAP,COMPLETE_REGISTERED_EVENT,2018-01-04,2018-01-04 07:00:00,2018-01-04 07:00:00,103239.584,105282.0,True,2042.4159999999974,2042.4159999999974,4171463.1170559893,0.0,2042.4159999999974,1.9783264527683464,0.0,1.0,2018-01-03 16:45:00+00:00,2018-01-03 16:45:00+00:00,0.2,False,NONE,1.0
E2018_SNAP,COMPLETE_REGISTERED_EVENT,2018-01-04,2018-01-04 08:00:00,2018-01-04 08:00:00,103900.238,105547.0,True,1646.7620000000024,1646.7620000000024,2711825.084644008,0.0,1646.7620000000024,1.5849453588354652,0.0,1.0,2018-01-03 16:45:00+00:00,2018-01-03 16:45:00+00:00,0.2,False,NONE,1.0
E2018_SNAP,COMPLETE_REGISTERED_EVENT,2018-01-04,2018-01-04 09:00:00,2018-01-04 09:00:00,106243.542,107480.0,True,1236.4579999999987,1236.4579999999987,1528828.3857639967,0.0,1236.4579999999987,1.1637959133553724,0.0,1.0,2018-01-03 16:45:00+00:00,2018-01-03 16:45:00+00:00,0.2,False,NONE,1.0
E2018_SNAP,COMPLETE_REGISTERED_EVENT,2018-01-04,2018-01-04 10:00:00,2018-01-04 10:00:00,111066.968,112100.0,True,1033.0320000000065,1033.0320000000065,1067155.1130240136,0.0,1033.0320000000065,0.9300983169001305,0.0,1.0,2018-01-03 16:45:00+00:00,2018-01-03 16:45:00+00:00,0.2,False,NONE,1.0
E2018_SNAP,COMPLETE_REGISTERED_EVENT,2018-01-04,2018-01-04 11:00:00,2018-01-04 11:00:00,118152.747,120046.0,True,1893.252999999997,1893.252999999997,3584406.9220089884,0.0,1893.252999999997,1.6023774715961507,0.0,1.0,2018-01-03 16:45:00+00:00,2018-01-03 16:45:00+00:00,0.2,False,NONE,1.0
E2018_SNAP,COMPLETE_REGISTERED_EVENT,2018-01-04,2018-01-04 12:00:00,2018-01-04 12:00:00,123163.684,124668.0,True,1504.3160000000062,1504.3160000000062,2262966.6278560185,0.0,1504.3160000000062,1.2213957484415667,0.0,1.0,2018-01-03 16:45:00+00:00,2018-01-03 16:45:00+00:00,0.2,False,NONE,1.0
E2018_SNAP,COMPLETE_REGISTERED_EVENT,2018-01-04,2018-01-04 13:00:00,2018-01-04 13:00:00,124753.923,124682.0,True,-71.92299999999523,71.92299999999523,5172.9179289993135,71.92299999999523,0.0,0.05765189444182467,1.0,0.0,2018-01-03 16:45:00+00:00,2018-01-03 16:45:00+00:00,0.2,False,NONE,1.0
E2018_SNAP,COMPLETE_REGISTERED_EVENT,2018-01-04,2018-01-04 14:00:00,2018-01-04 14:00:00,125810.013,123731.0,True,-2079.0130000000063,2079.0130000000063,4322295.054169026,2079.0130000000063,0.0,1.6525020150820635,1.0,0.0,2018-01-03 16:45:00+00:00,2018-01-03 16:45:00+00:00,0.2,False,NONE,1.0
E2018_SNAP,COMPLETE_REGISTERED_EVENT,2018-01-04,2018-01-04 15:00:00,2018-01-04 15:00:00,126304.821,122558.0,True,-3746.8209999999963,3746.8209999999963,14038667.606040971,3746.8209999999963,0.0,2.9664908831943926,1.0,0.0,2018-01-03 16:45:00+00:00,2018-01-03 16:45:00+00:00,0.2,False,NONE,1.0
E2018_SNAP,COMPLETE_REGISTERED_EVENT,2018-01-04,2018-01-04 16:00:00,2018-01-04 16:00:00,126285.739,121044.0,True,-5241.739000000001,5241.739000000001,27475827.744121015,5241.739000000001,0.0,4.1506974908702885,1.0,0.0,2018-01-03 16:45:00+00:00,2018-01-03 16:45:00+00:00,0.2,False,NONE,1.0
E2018_SNAP,COMPLETE_REGISTERED_EVENT,2018-01-04,2018-01-04 17:00:00,2018-01-04 17:00:00,125325.5,119406.0,True,-5919.5,5919.5,35040480.25,5919.5,0.0,4.7233005254317755,1.0,0.0,2018-01-03 16:45:00+00:00,2018-01-03 16:45:00+00:00,0.2,False,NONE,1.0
E2018_SNAP,COMPLETE_REGISTERED_EVENT,2018-01-04,2018-01-04 18:00:00,2018-01-04 18:00:00,124478.416,118362.0,True,-6116.415999999997,6116.415999999997,37410544.68505597,6116.415999999997,0.0,4.913635790481137,1.0,0.0,2018-01-03 16:45:00+00:00,2018-01-03 16:45:00+00:00,0.2,False,NONE,1.0
E2018_SNAP,COMPLETE_REGISTERED_EVENT,2018-01-04,2018-01-04 19:00:00,2018-01-04 19:00:00,122971.843,117391.0,True,-5580.8429999999935,5580.8429999999935,31145808.590648927,5580.8429999999935,0.0,4.538309635645612,1.0,0.0,2018-01-03 16:45:00+00:00,2018-01-03 16:45:00+00:00,0.2,False,NONE,1.0
E2018_SNAP,COMPLETE_REGISTERED_EVENT,2018-01-04,2018-01-04 20:00:00,2018-01-04 20:00:00,122677.634,117176.0,True,-5501.6340000000055,5501.6340000000055,30267976.669956062,5501.6340000000055,0.0,4.484626757637016,1.0,0.0,2018-01-03 16:45:00+00:00,2018-01-03 16:45:00+00:00,0.2,False,NONE,1.0
E2018_SNAP,COMPLETE_REGISTERED_EVENT,2018-01-04,2018-01-04 21:00:00,2018-01-04 21:00:00,124917.377,120259.0,True,-4658.376999999993,4658.376999999993,21700476.274128936,4658.376999999993,0.0,3.7291665194026553,1.0,0.0,2018-01-03 16:45:00+00:00,2018-01-03 16:45:00+00:00,0.2,False,NONE,1.0
E2018_SNAP,COMPLETE_REGISTERED_EVENT,2018-01-04,2018-01-04 22:00:00,2018-01-04 22:00:00,131955.805,127342.0,True,-4613.804999999993,4613.804999999993,21287196.578024935,4613.804999999993,0.0,3.4964774759246047,1.0,0.0,2018-01-03 16:45:00+00:00,2018-01-03 16:45:00+00:00,0.2,False,NONE,1.0
E2018_SNAP,COMPLETE_REGISTERED_EVENT,2018-01-04,2018-01-04 23:00:00,2018-01-04 23:00:00,134403.236,130381.0,True,-4022.2360000000044,4022.2360000000044,16178382.439696036,4022.2360000000044,0.0,2.992663063558979,1.0,0.0,2018-01-03 16:45:00+00:00,2018-01-03 16:45:00+00:00,0.2,False,NONE,1.0
E2018_SNAP,COMPLETE_REGISTERED_EVENT,2018-01-04,2018-01-05 00:00:00,2018-01-05 00:00:00,133661.665,130435.0,True,-3226.665000000008,3226.665000000008,10411367.022225052,3226.665000000008,0.0,2.4140541717776807,1.0,0.0,2018-01-03 16:45:00+00:00,2018-01-03 16:45:00+00:00,0.2,False,NONE,1.0
E2018_SNAP,COMPLETE_REGISTERED_EVENT,2018-01-04,2018-01-05 01:00:00,2018-01-05 01:00:00,132352.621,129474.0,True,-2878.6210000000137,2878.6210000000137,8286458.861641079,2878.6210000000137,0.0,2.174963350366906,1.0,0.0,2018-01-03 16:45:00+00:00,2018-01-03 16:45:00+00:00,0.2,False,NONE,1.0
E2018_SNAP,COMPLETE_REGISTERED_EVENT,2018-01-04,2018-01-05 02:00:00,2018-01-05 02:00:00,129636.832,126787.0,True,-2849.831999999995,2849.831999999995,8121542.42822397,2849.831999999995,0.0,2.1983196874172264,1.0,0.0,2018-01-03 16:45:00+00:00,2018-01-03 16:45:00+00:00,0.2,False,NONE,1.0
E2018_SNAP,COMPLETE_REGISTERED_EVENT,2018-01-04,2018-01-05 03:00:00,2018-01-05 03:00:00,125162.178,121905.0,True,-3257.178,3257.178,10609208.523683999,3257.178,0.0,2.6023660278586713,1.0,0.0,2018-01-03 16:45:00+00:00,2018-01-03 16:45:00+00:00,0.2,False,NONE,1.0
E2018_SNAP,COMPLETE_REGISTERED_EVENT,2018-01-04,2018-01-05 04:00:00,2018-01-05 04:00:00,121150.874,117153.0,True,-3997.873999999996,3997.873999999996,15982996.51987597,3997.873999999996,0.0,3.2999134616230634,1.0,0.0,2018-01-03 16:45:00+00:00,2018-01-03 16:45:00+00:00,0.2,False,NONE,1.0
E2018_SNAP,COMPLETE_REGISTERED_EVENT,2018-01-05,2018-01-05 05:00:00,2018-01-05 05:00:00,118302.99,115903.0,True,-2399.9900000000052,2399.9900000000052,5759952.000100025,2399.9900000000052,0.0,2.028680762844629,1.0,0.0,2018-01-04 16:45:00+00:00,2018-01-04 16:45:00+00:00,0.2,False,NONE,1.0
E2018_SNAP,COMPLETE_REGISTERED_EVENT,2018-01-05,2018-01-05 06:00:00,2018-01-05 06:00:00,116894.417,114713.0,True,-2181.4170000000013,2181.4170000000013,4758580.1278890055,2181.4170000000013,0.0,1.8661430169073012,1.0,0.0,2018-01-04 16:45:00+00:00,2018-01-04 16:45:00+00:00,0.2,False,NONE,1.0
E2018_SNAP,COMPLETE_REGISTERED_EVENT,2018-01-05,2018-01-05 07:00:00,2018-01-05 07:00:00,116818.672,114440.0,True,-2378.672000000006,2378.672000000006,5658080.483584029,2378.672000000006,0.0,2.0362087321109126,1.0,0.0,2018-01-04 16:45:00+00:00,2018-01-04 16:45:00+00:00,0.2,False,NONE,1.0
E2018_SNAP,COMPLETE_REGISTERED_EVENT,2018-01-05,2018-01-05 08:00:00,2018-01-05 08:00:00,117268.789,115208.0,True,-2060.7890000000043,2060.7890000000043,4246851.302521017,2060.7890000000043,0.0,1.7573209526364293,1.0,0.0,2018-01-04 16:45:00+00:00,2018-01-04 16:45:00+00:00,0.2,False,NONE,1.0
E2018_SNAP,COMPLETE_REGISTERED_EVENT,2018-01-05,2018-01-05 09:00:00,2018-01-05 09:00:00,119378.345,117350.0,True,-2028.3450000000012,2028.3450000000012,4114183.439025005,2028.3450000000012,0.0,1.6990895626840874,1.0,0.0,2018-01-04 16:45:00+00:00,2018-01-04 16:45:00+00:00,0.2,False,NONE,1.0
E2018_SNAP,COMPLETE_REGISTERED_EVENT,2018-01-05,2018-01-05 10:00:00,2018-01-05 10:00:00,123738.053,122502.0,True,-1236.0529999999999,1236.0529999999999,1527827.0188089998,1236.0529999999999,0.0,0.9989271449099009,1.0,0.0,2018-01-04 16:45:00+00:00,2018-01-04 16:45:00+00:00,0.2,False,NONE,1.0
E2018_SNAP,COMPLETE_REGISTERED_EVENT,2018-01-05,2018-01-05 11:00:00,2018-01-05 11:00:00,129772.895,130219.0,True,446.1049999999959,446.1049999999959,199009.67102499635,0.0,446.1049999999959,0.34375822470477824,0.0,1.0,2018-01-04 16:45:00+00:00,2018-01-04 16:45:00+00:00,0.2,False,NONE,1.0
E2018_SNAP,COMPLETE_REGISTERED_EVENT,2018-01-05,2018-01-05 12:00:00,2018-01-05 12:00:00,134538.156,134991.0,True,452.8440000000119,452.8440000000119,205067.68833601076,0.0,452.8440000000119,0.3365915019676737,0.0,1.0,2018-01-04 16:45:00+00:00,2018-01-04 16:45:00+00:00,0.2,False,NONE,1.0
E2018_SNAP,COMPLETE_REGISTERED_EVENT,2018-01-05,2018-01-05 13:00:00,2018-01-05 13:00:00,135177.966,134096.0,True,-1081.9659999999858,1081.9659999999858,1170650.4251559693,1081.9659999999858,0.0,0.8004011541348284,1.0,0.0,2018-01-04 16:45:00+00:00,2018-01-04 16:45:00+00:00,0.2,False,NONE,1.0
E2018_SNAP,COMPLETE_REGISTERED_EVENT,2018-01-05,2018-01-05 14:00:00,2018-01-05 14:00:00,133749.512,131980.0,True,-1769.511999999988,1769.511999999988,3131172.718143957,1769.511999999988,0.0,1.3230044532797907,1.0,0.0,2018-01-04 16:45:00+00:00,2018-01-04 16:45:00+00:00,0.2,False,NONE,1.0
E2018_SNAP,COMPLETE_REGISTERED_EVENT,2018-01-05,2018-01-05 15:00:00,2018-01-05 15:00:00,131803.235,129611.0,True,-2192.234999999986,2192.234999999986,4805894.295224939,2192.234999999986,0.0,1.663263424452356,1.0,0.0,2018-01-04 16:45:00+00:00,2018-01-04 16:45:00+00:00,0.2,False,NONE,1.0
E2018_SNAP,COMPLETE_REGISTERED_EVENT,2018-01-05,2018-01-05 16:00:00,2018-01-05 16:00:00,129660.476,126950.0,True,-2710.475999999995,2710.475999999995,7346680.146575973,2710.475999999995,0.0,2.0904411919635364,1.0,0.0,2018-01-04 16:45:00+00:00,2018-01-04 16:45:00+00:00,0.2,False,NONE,1.0
E2018_SNAP,COMPLETE_REGISTERED_EVENT,2018-01-05,2018-01-05 17:00:00,2018-01-05 17:00:00,127474.044,124173.0,True,-3301.0439999999944,3301.0439999999944,10896891.489935962,3301.0439999999944,0.0,2.5895812954674873,1.0,0.0,2018-01-04 16:45:00+00:00,2018-01-04 16:45:00+00:00,0.2,False,NONE,1.0
E2018_SNAP,COMPLETE_REGISTERED_EVENT,2018-01-05,2018-01-05 18:00:00,2018-01-05 18:00:00,125592.584,122122.0,True,-3470.5840000000026,3470.5840000000026,12044953.301056018,3470.5840000000026,0.0,2.7633669835155255,1.0,0.0,2018-01-04 16:45:00+00:00,2018-01-04 16:45:00+00:00,0.2,False,NONE,1.0
E2018_SNAP,COMPLETE_REGISTERED_EVENT,2018-01-05,2018-01-05 19:00:00,2018-01-05 19:00:00,124419.603,120707.0,True,-3712.603000000003,3712.603000000003,13783421.03560902,3712.603000000003,0.0,2.983937346271715,1.0,0.0,2018-01-04 16:45:00+00:00,2018-01-04 16:45:00+00:00,0.2,False,NONE,1.0
E2018_SNAP,COMPLETE_REGISTERED_EVENT,2018-01-05,2018-01-05 20:00:00,2018-01-05 20:00:00,124896.803,120280.0,True,-4616.803,4616.803,21314869.940809,4616.803,0.0,3.6964941368435187,1.0,0.0,2018-01-04 16:45:00+00:00,2018-01-04 16:45:00+00:00,0.2,False,NONE,1.0
E2018_SNAP,COMPLETE_REGISTERED_EVENT,2018-01-05,2018-01-05 21:00:00,2018-01-05 21:00:00,128426.686,122653.0,True,-5773.6860000000015,5773.6860000000015,33335450.026596017,5773.6860000000015,0.0,4.49570582238648,1.0,0.0,2018-01-04 16:45:00+00:00,2018-01-04 16:45:00+00:00,0.2,False,NONE,1.0
E2018_SNAP,COMPLETE_REGISTERED_EVENT,2018-01-05,2018-01-05 22:00:00,2018-01-05 22:00:00,135514.133,129116.0,True,-6398.133000000002,6398.133000000002,40936105.88568902,6398.133000000002,0.0,4.721376920885441,1.0,0.0,2018-01-04 16:45:00+00:00,2018-01-04 16:45:00+00:00,0.2,False,NONE,1.0
E2018_SNAP,COMPLETE_REGISTERED_EVENT,2018-01-05,2018-01-05 23:00:00,2018-01-05 23:00:00,137465.267,132104.0,True,-5361.266999999993,5361.266999999993,28743183.84528892,5361.266999999993,0.0,3.900088449251688,1.0,0.0,2018-01-04 16:45:00+00:00,2018-01-04 16:45:00+00:00,0.2,False,NONE,1.0
E2018_SNAP,COMPLETE_REGISTERED_EVENT,2018-01-05,2018-01-06 00:00:00,2018-01-06 00:00:00,136844.833,132092.0,True,-4752.833000000013,4752.833000000013,22589421.525889125,4752.833000000013,0.0,3.4731548833853396,1.0,0.0,2018-01-04 16:45:00+00:00,2018-01-04 16:45:00+00:00,0.2,False,NONE,1.0
E2018_SNAP,COMPLETE_REGISTERED_EVENT,2018-01-05,2018-01-06 01:00:00,2018-01-06 01:00:00,135456.264,131224.0,True,-4232.263999999996,4232.263999999996,17912058.565695964,4232.263999999996,0.0,3.1244505606621455,1.0,0.0,2018-01-04 16:45:00+00:00,2018-01-04 16:45:00+00:00,0.2,False,NONE,1.0
E2018_SNAP,COMPLETE_REGISTERED_EVENT,2018-01-05,2018-01-06 02:00:00,2018-01-06 02:00:00,132869.49,128856.0,True,-4013.4899999999907,4013.4899999999907,16108101.980099926,4013.4899999999907,0.0,3.020625728299244,1.0,0.0,2018-01-04 16:45:00+00:00,2018-01-04 16:45:00+00:00,0.2,False,NONE,1.0
E2018_SNAP,COMPLETE_REGISTERED_EVENT,2018-01-05,2018-01-06 03:00:00,2018-01-06 03:00:00,129131.288,124597.0,True,-4534.2880000000005,4534.2880000000005,20559767.666944005,4534.2880000000005,0.0,3.511378280374622,1.0,0.0,2018-01-04 16:45:00+00:00,2018-01-04 16:45:00+00:00,0.2,False,NONE,1.0
E2018_SNAP,COMPLETE_REGISTERED_EVENT,2018-01-05,2018-01-06 04:00:00,2018-01-06 04:00:00,124811.584,120190.0,True,-4621.584000000003,4621.584000000003,21359038.669056024,4621.584000000003,0.0,3.7028486073856755,1.0,0.0,2018-01-04 16:45:00+00:00,2018-01-04 16:45:00+00:00,0.2,False,NONE,1.0
E2018_SNAP,COMPLETE_REGISTERED_EVENT,2018-01-06,2018-01-06 05:00:00,2018-01-06 05:00:00,121932.131,118271.0,True,-3661.130999999994,3661.130999999994,13403880.199160956,3661.130999999994,0.0,3.002597403960728,1.0,0.0,2018-01-05 16:45:00+00:00,2018-01-05 16:45:00+00:00,0.2,False,NONE,1.0
E2018_SNAP,COMPLETE_REGISTERED_EVENT,2018-01-06,2018-01-06 06:00:00,2018-01-06 06:00:00,120479.065,116672.0,True,-3807.0650000000023,3807.0650000000023,14493743.914225018,3807.0650000000023,0.0,3.159939031731365,1.0,0.0,2018-01-05 16:45:00+00:00,2018-01-05 16:45:00+00:00,0.2,False,NONE,1.0
E2018_SNAP,COMPLETE_REGISTERED_EVENT,2018-01-06,2018-01-06 07:00:00,2018-01-06 07:00:00,119927.401,116169.0,True,-3758.400999999998,3758.400999999998,14125578.076800985,3758.400999999998,0.0,3.1338968147904733,1.0,0.0,2018-01-05 16:45:00+00:00,2018-01-05 16:45:00+00:00,0.2,False,NONE,1.0
E2018_SNAP,COMPLETE_REGISTERED_EVENT,2018-01-06,2018-01-06 08:00:00,2018-01-06 08:00:00,120162.807,116392.0,True,-3770.8070000000007,3770.8070000000007,14218985.431249006,3770.8070000000007,0.0,3.138081652836223,1.0,0.0,2018-01-05 16:45:00+00:00,2018-01-05 16:45:00+00:00,0.2,False,NONE,1.0
E2018_SNAP,COMPLETE_REGISTERED_EVENT,2018-01-06,2018-01-06 09:00:00,2018-01-06 09:00:00,121252.977,117573.0,True,-3679.976999999999,3679.976999999999,13542230.720528992,3679.976999999999,0.0,3.0349580612771256,1.0,0.0,2018-01-05 16:45:00+00:00,2018-01-05 16:45:00+00:00,0.2,False,NONE,1.0
E2018_SNAP,COMPLETE_REGISTERED_EVENT,2018-01-06,2018-01-06 10:00:00,2018-01-06 10:00:00,123513.803,119907.0,True,-3606.803,3606.803,13009027.880809,3606.803,0.0,2.920161886684033,1.0,0.0,2018-01-05 16:45:00+00:00,2018-01-05 16:45:00+00:00,0.2,False,NONE,1.0
E2018_SNAP,COMPLETE_REGISTERED_EVENT,2018-01-06,2018-01-06 11:00:00,2018-01-06 11:00:00,126864.164,123236.0,True,-3628.1640000000043,3628.1640000000043,13163574.01089603,3628.1640000000043,0.0,2.85988090379881,1.0,0.0,2018-01-05 16:45:00+00:00,2018-01-05 16:45:00+00:00,0.2,False,NONE,1.0
E2018_SNAP,COMPLETE_REGISTERED_EVENT,2018-01-06,2018-01-06 12:00:00,2018-01-06 12:00:00,130040.544,126293.0,True,-3747.5439999999944,3747.5439999999944,14044086.031935958,3747.5439999999944,0.0,2.8818273783905384,1.0,0.0,2018-01-05 16:45:00+00:00,2018-01-05 16:45:00+00:00,0.2,False,NONE,1.0
E2018_SNAP,COMPLETE_REGISTERED_EVENT,2018-01-06,2018-01-06 13:00:00,2018-01-06 13:00:00,130992.726,127796.0,True,-3196.725999999995,3196.725999999995,10219057.119075969,3196.725999999995,0.0,2.440384361495,1.0,0.0,2018-01-05 16:45:00+00:00,2018-01-05 16:45:00+00:00,0.2,False,NONE,1.0
E2018_SNAP,COMPLETE_REGISTERED_EVENT,2018-01-06,2018-01-06 14:00:00,2018-01-06 14:00:00,129798.234,128007.0,True,-1791.2339999999967,1791.2339999999967,3208519.242755988,1791.2339999999967,0.0,1.3800141533512673,1.0,0.0,2018-01-05 16:45:00+00:00,2018-01-05 16:45:00+00:00,0.2,False,NONE,1.0
E2018_SNAP,COMPLETE_REGISTERED_EVENT,2018-01-06,2018-01-06 15:00:00,2018-01-06 15:00:00,127541.619,126549.0,True,-992.619000000006,992.619000000006,985292.479161012,992.619000000006,0.0,0.7782706600266741,1.0,0.0,2018-01-05 16:45:00+00:00,2018-01-05 16:45:00+00:00,0.2,False,NONE,1.0
E2018_SNAP,COMPLETE_REGISTERED_EVENT,2018-01-06,2018-01-06 16:00:00,2018-01-06 16:00:00,124919.116,124413.0,True,-506.11599999999453,506.11599999999453,256153.40545599445,506.11599999999453,0.0,0.40515496443314136,1.0,0.0,2018-01-05 16:45:00+00:00,2018-01-05 16:45:00+00:00,0.2,False,NONE,1.0
E2018_SNAP,COMPLETE_REGISTERED_EVENT,2018-01-06,2018-01-06 17:00:00,2018-01-06 17:00:00,122281.934,121753.0,True,-528.9339999999938,528.9339999999938,279771.1763559935,528.9339999999938,0.0,0.43255285772630475,1.0,0.0,2018-01-05 16:45:00+00:00,2018-01-05 16:45:00+00:00,0.2,False,NONE,1.0
E2018_SNAP,COMPLETE_REGISTERED_EVENT,2018-01-06,2018-01-06 18:00:00,2018-01-06 18:00:00,119839.983,118929.0,True,-910.9829999999929,910.9829999999929,829890.026288987,910.9829999999929,0.0,0.760166162573632,1.0,0.0,2018-01-05 16:45:00+00:00,2018-01-05 16:45:00+00:00,0.2,False,NONE,1.0
E2018_SNAP,COMPLETE_REGISTERED_EVENT,2018-01-06,2018-01-06 19:00:00,2018-01-06 19:00:00,118559.521,117405.0,True,-1154.5209999999934,1154.5209999999934,1332918.7394409848,1154.5209999999934,0.0,0.9737902028129766,1.0,0.0,2018-01-05 16:45:00+00:00,2018-01-05 16:45:00+00:00,0.2,False,NONE,1.0
E2018_SNAP,COMPLETE_REGISTERED_EVENT,2018-01-06,2018-01-06 20:00:00,2018-01-06 20:00:00,118812.771,117297.0,True,-1515.7709999999934,1515.7709999999934,2297561.72444098,1515.7709999999934,0.0,1.2757643704816828,1.0,0.0,2018-01-05 16:45:00+00:00,2018-01-05 16:45:00+00:00,0.2,False,NONE,1.0
E2018_SNAP,COMPLETE_REGISTERED_EVENT,2018-01-06,2018-01-06 21:00:00,2018-01-06 21:00:00,122608.509,120029.0,True,-2579.5090000000055,2579.5090000000055,6653866.681081029,2579.5090000000055,0.0,2.1038580609442086,1.0,0.0,2018-01-05 16:45:00+00:00,2018-01-05 16:45:00+00:00,0.2,False,NONE,1.0
E2018_SNAP,COMPLETE_REGISTERED_EVENT,2018-01-06,2018-01-06 22:00:00,2018-01-06 22:00:00,129895.15,126089.0,True,-3806.149999999994,3806.149999999994,14486777.822499955,3806.149999999994,0.0,2.93017098790832,1.0,0.0,2018-01-05 16:45:00+00:00,2018-01-05 16:45:00+00:00,0.2,False,NONE,1.0
E2018_SNAP,COMPLETE_REGISTERED_EVENT,2018-01-06,2018-01-06 23:00:00,2018-01-06 23:00:00,133030.625,129257.0,True,-3773.625,3773.625,14240245.640625,3773.625,0.0,2.836658852050045,1.0,0.0,2018-01-05 16:45:00+00:00,2018-01-05 16:45:00+00:00,0.2,False,NONE,1.0
E2018_SNAP,COMPLETE_REGISTERED_EVENT,2018-01-06,2018-01-07 00:00:00,2018-01-07 00:00:00,132833.13,129512.0,True,-3321.1300000000047,3321.1300000000047,11029904.476900032,3321.1300000000047,0.0,2.5002271647141074,1.0,0.0,2018-01-05 16:45:00+00:00,2018-01-05 16:45:00+00:00,0.2,False,NONE,1.0
E2018_SNAP,COMPLETE_REGISTERED_EVENT,2018-01-06,2018-01-07 01:00:00,2018-01-07 01:00:00,132450.985,128460.0,True,-3990.984999999986,3990.984999999986,15927961.270224888,3990.984999999986,0.0,3.0131787996895505,1.0,0.0,2018-01-05 16:45:00+00:00,2018-01-05 16:45:00+00:00,0.2,False,NONE,1.0
E2018_SNAP,COMPLETE_REGISTERED_EVENT,2018-01-06,2018-01-07 02:00:00,2018-01-07 02:00:00,130451.347,126698.0,True,-3753.3469999999943,3753.3469999999943,14087613.702408956,3753.3469999999943,0.0,2.8772006470734213,1.0,0.0,2018-01-05 16:45:00+00:00,2018-01-05 16:45:00+00:00,0.2,False,NONE,1.0
E2018_SNAP,COMPLETE_REGISTERED_EVENT,2018-01-06,2018-01-07 03:00:00,2018-01-07 03:00:00,127471.851,123389.0,True,-4082.850999999995,4082.850999999995,16669672.28820096,4082.850999999995,0.0,3.202943212929414,1.0,0.0,2018-01-05 16:45:00+00:00,2018-01-05 16:45:00+00:00,0.2,False,NONE,1.0
E2018_SNAP,COMPLETE_REGISTERED_EVENT,2018-01-06,2018-01-07 04:00:00,2018-01-07 04:00:00,123964.465,120326.0,True,-3638.4649999999965,3638.4649999999965,13238427.556224974,3638.4649999999965,0.0,2.93508708322179,1.0,0.0,2018-01-05 16:45:00+00:00,2018-01-05 16:45:00+00:00,0.2,False,NONE,1.0
E2018_SNAP,COMPLETE_REGISTERED_EVENT,2018-01-07,2018-01-07 05:00:00,2018-01-07 05:00:00,121522.941,117419.0,True,-4103.941000000006,4103.941000000006,16842331.73148105,4103.941000000006,0.0,3.3770915731869966,1.0,0.0,2018-01-06 16:45:00+00:00,2018-01-06 16:45:00+00:00,0.2,False,NONE,1.0
E2018_SNAP,COMPLETE_REGISTERED_EVENT,2018-01-07,2018-01-07 06:00:00,2018-01-07 06:00:00,119996.935,116029.0,True,-3967.9349999999977,3967.9349999999977,15744508.164224982,3967.9349999999977,0.0,3.3066969585514814,1.0,0.0,2018-01-06 16:45:00+00:00,2018-01-06 16:45:00+00:00,0.2,False,NONE,1.0
E2018_SNAP,COMPLETE_REGISTERED_EVENT,2018-01-07,2018-01-07 07:00:00,2018-01-07 07:00:00,119778.84,115495.0,True,-4283.8399999999965,4283.8399999999965,18351285.14559997,4283.8399999999965,0.0,3.5764580789060876,1.0,0.0,2018-01-06 16:45:00+00:00,2018-01-06 16:45:00+00:00,0.2,False,NONE,1.0
E2018_SNAP,COMPLETE_REGISTERED_EVENT,2018-01-07,2018-01-07 08:00:00,2018-01-07 08:00:00,119790.752,115305.0,True,-4485.751999999993,4485.751999999993,20121971.005503938,4485.751999999993,0.0,3.744656348763879,1.0,0.0,2018-01-06 16:45:00+00:00,2018-01-06 16:45:00+00:00,0.2,False,NONE,1.0
E2018_SNAP,COMPLETE_REGISTERED_EVENT,2018-01-07,2018-01-07 09:00:00,2018-01-07 09:00:00,120611.457,116021.0,True,-4590.456999999995,4590.456999999995,21072295.46884895,4590.456999999995,0.0,3.805987519079548,1.0,0.0,2018-01-06 16:45:00+00:00,2018-01-06 16:45:00+00:00,0.2,False,NONE,1.0
E2018_SNAP,COMPLETE_REGISTERED_EVENT,2018-01-07,2018-01-07 10:00:00,2018-01-07 10:00:00,122290.572,117548.0,True,-4742.572,4742.572,22491989.175184,4742.572,0.0,3.8781174398301124,1.0,0.0,2018-01-06 16:45:00+00:00,2018-01-06 16:45:00+00:00,0.2,False,NONE,1.0
E2018_SNAP,COMPLETE_REGISTERED_EVENT,2018-01-07,2018-01-07 11:00:00,2018-01-07 11:00:00,124606.162,119761.0,True,-4845.161999999997,4845.161999999997,23475594.806243967,4845.161999999997,0.0,3.8883807367407694,1.0,0.0,2018-01-06 16:45:00+00:00,2018-01-06 16:45:00+00:00,0.2,False,NONE,1.0
E2018_SNAP,COMPLETE_REGISTERED_EVENT,2018-01-07,2018-01-07 12:00:00,2018-01-07 12:00:00,126995.538,122153.0,True,-4842.5380000000005,4842.5380000000005,23450174.281444006,4842.5380000000005,0.0,3.813156018127188,1.0,0.0,2018-01-06 16:45:00+00:00,2018-01-06 16:45:00+00:00,0.2,False,NONE,1.0
E2018_SNAP,COMPLETE_REGISTERED_EVENT,2018-01-07,2018-01-07 13:00:00,2018-01-07 13:00:00,127357.985,122972.0,True,-4385.985000000001,4385.985000000001,19236864.420225006,4385.985000000001,0.0,3.443824115150692,1.0,0.0,2018-01-06 16:45:00+00:00,2018-01-06 16:45:00+00:00,0.2,False,NONE,1.0
E2018_SNAP,COMPLETE_REGISTERED_EVENT,2018-01-07,2018-01-07 14:00:00,2018-01-07 14:00:00,125117.497,121703.0,True,-3414.497000000003,3414.497000000003,11658789.763009021,3414.497000000003,0.0,2.729032375064219,1.0,0.0,2018-01-06 16:45:00+00:00,2018-01-06 16:45:00+00:00,0.2,False,NONE,1.0
E2018_SNAP,COMPLETE_REGISTERED_EVENT,2018-01-07,2018-01-07 15:00:00,2018-01-07 15:00:00,121570.513,119456.0,True,-2114.5130000000063,2114.5130000000063,4471165.227169027,2114.5130000000063,0.0,1.7393304904454965,1.0,0.0,2018-01-06 16:45:00+00:00,2018-01-06 16:45:00+00:00,0.2,False,NONE,1.0
E2018_SNAP,COMPLETE_REGISTERED_EVENT,2018-01-07,2018-01-07 16:00:00,2018-01-07 16:00:00,118347.292,116762.0,True,-1585.2920000000013,1585.2920000000013,2513150.725264004,1585.2920000000013,0.0,1.3395253691144882,1.0,0.0,2018-01-06 16:45:00+00:00,2018-01-06 16:45:00+00:00,0.2,False,NONE,1.0
E2018_SNAP,COMPLETE_REGISTERED_EVENT,2018-01-07,2018-01-07 17:00:00,2018-01-07 17:00:00,115438.239,114907.0,True,-531.2390000000014,531.2390000000014,282214.8751210015,531.2390000000014,0.0,0.4601932640361929,1.0,0.0,2018-01-06 16:45:00+00:00,2018-01-06 16:45:00+00:00,0.2,False,NONE,1.0
E2018_SNAP,COMPLETE_REGISTERED_EVENT,2018-01-07,2018-01-07 18:00:00,2018-01-07 18:00:00,112898.608,113100.0,True,201.3920000000071,201.3920000000071,40558.73766400286,0.0,201.3920000000071,0.1783830673979675,0.0,1.0,2018-01-06 16:45:00+00:00,2018-01-06 16:45:00+00:00,0.2,False,NONE,1.0
E2018_SNAP,COMPLETE_REGISTERED_EVENT,2018-01-07,2018-01-07 19:00:00,2018-01-07 19:00:00,111472.922,112180.0,True,707.0779999999941,707.0779999999941,499959.2980839916,0.0,707.0779999999941,0.634304714825717,0.0,1.0,2018-01-06 16:45:00+00:00,2018-01-06 16:45:00+00:00,0.2,False,NONE,1.0
E2018_SNAP,COMPLETE_REGISTERED_EVENT,2018-01-07,2018-01-07 20:00:00,2018-01-07 20:00:00,111887.865,113030.0,True,1142.1349999999948,1142.1349999999948,1304472.358224988,0.0,1142.1349999999948,1.0207854086767987,0.0,1.0,2018-01-06 16:45:00+00:00,2018-01-06 16:45:00+00:00,0.2,False,NONE,1.0
E2018_SNAP,COMPLETE_REGISTERED_EVENT,2018-01-07,2018-01-07 21:00:00,2018-01-07 21:00:00,115325.974,116344.0,True,1018.025999999998,1018.025999999998,1036376.9366759959,0.0,1018.025999999998,0.8827378297277576,0.0,1.0,2018-01-06 16:45:00+00:00,2018-01-06 16:45:00+00:00,0.2,False,NONE,1.0
E2018_SNAP,COMPLETE_REGISTERED_EVENT,2018-01-07,2018-01-07 22:00:00,2018-01-07 22:00:00,122354.11,122818.0,True,463.8899999999994,463.8899999999994,215193.93209999945,0.0,463.8899999999994,0.37913724353027406,0.0,1.0,2018-01-06 16:45:00+00:00,2018-01-06 16:45:00+00:00,0.2,False,NONE,1.0
E2018_SNAP,COMPLETE_REGISTERED_EVENT,2018-01-07,2018-01-07 23:00:00,2018-01-07 23:00:00,124517.357,124509.0,True,-8.357000000003609,8.357000000003609,69.83944900006031,8.357000000003609,0.0,0.006711514122487845,1.0,0.0,2018-01-06 16:45:00+00:00,2018-01-06 16:45:00+00:00,0.2,False,NONE,1.0
E2018_SNAP,COMPLETE_REGISTERED_EVENT,2018-01-07,2018-01-08 00:00:00,2018-01-08 00:00:00,123744.286,122799.0,True,-945.2859999999928,945.2859999999928,893565.6217959863,945.2859999999928,0.0,0.7639027469922877,1.0,0.0,2018-01-06 16:45:00+00:00,2018-01-06 16:45:00+00:00,0.2,False,NONE,1.0
E2018_SNAP,COMPLETE_REGISTERED_EVENT,2018-01-07,2018-01-08 01:00:00,2018-01-08 01:00:00,121983.163,120948.0,True,-1035.1630000000005,1035.1630000000005,1071562.436569001,1035.1630000000005,0.0,0.848611377621025,1.0,0.0,2018-01-06 16:45:00+00:00,2018-01-06 16:45:00+00:00,0.2,False,NONE,1.0
E2018_SNAP,COMPLETE_REGISTERED_EVENT,2018-01-07,2018-01-08 02:00:00,2018-01-08 02:00:00,118428.986,117707.0,True,-721.9860000000044,721.9860000000044,521263.78419600637,721.9860000000044,0.0,0.6096362253747613,1.0,0.0,2018-01-06 16:45:00+00:00,2018-01-06 16:45:00+00:00,0.2,False,NONE,1.0
E2018_SNAP,COMPLETE_REGISTERED_EVENT,2018-01-07,2018-01-08 03:00:00,2018-01-08 03:00:00,113543.388,113407.0,True,-136.3880000000063,136.3880000000063,18601.686544001714,136.3880000000063,0.0,0.12011972022536994,1.0,0.0,2018-01-06 16:45:00+00:00,2018-01-06 16:45:00+00:00,0.2,False,NONE,1.0
E2018_SNAP,COMPLETE_REGISTERED_EVENT,2018-01-07,2018-01-08 04:00:00,2018-01-08 04:00:00,109085.258,109260.0,True,174.74199999999837,174.74199999999837,30534.76656399943,0.0,174.74199999999837,0.1601884646961172,0.0,1.0,2018-01-06 16:45:00+00:00,2018-01-06 16:45:00+00:00,0.2,False,NONE,1.0
E2022_ELLIOTT,COMPLETE_REGISTERED_EVENT,2022-12-23,2022-12-23 05:00:00,2022-12-23 05:00:00,87716.783,88920.0,True,1203.2170000000042,1203.2170000000042,1447731.1490890102,0.0,1203.2170000000042,1.3717067120439246,0.0,1.0,2022-12-22 16:45:00+00:00,2022-12-22 16:45:00+00:00,0.2,False,NONE,1.0
E2022_ELLIOTT,COMPLETE_REGISTERED_EVENT,2022-12-23,2022-12-23 06:00:00,2022-12-23 06:00:00,86269.643,87227.0,True,957.3570000000036,957.3570000000036,916532.425449007,0.0,957.3570000000036,1.1097263958771728,0.0,1.0,2022-12-22 16:45:00+00:00,2022-12-22 16:45:00+00:00,0.2,False,NONE,1.0
E2022_ELLIOTT,COMPLETE_REGISTERED_EVENT,2022-12-23,2022-12-23 07:00:00,2022-12-23 07:00:00,85983.087,86477.0,True,493.91300000000047,493.91300000000047,243950.05156900047,0.0,493.91300000000047,0.5744304109481444,0.0,1.0,2022-12-22 16:45:00+00:00,2022-12-22 16:45:00+00:00,0.2,False,NONE,1.0
E2022_ELLIOTT,COMPLETE_REGISTERED_EVENT,2022-12-23,2022-12-23 08:00:00,2022-12-23 08:00:00,86890.692,87061.0,True,170.30800000000454,170.30800000000454,29004.814864001546,0.0,170.30800000000454,0.19600258218682912,0.0,1.0,2022-12-22 16:45:00+00:00,2022-12-22 16:45:00+00:00,0.2,False,NONE,1.0
E2022_ELLIOTT,COMPLETE_REGISTERED_EVENT,2022-12-23,2022-12-23 09:00:00,2022-12-23 09:00:00,89143.58,89187.0,True,43.419999999998254,43.419999999998254,1885.2963999998483,0.0,43.419999999998254,0.04870793836190812,0.0,1.0,2022-12-22 16:45:00+00:00,2022-12-22 16:45:00+00:00,0.2,False,NONE,1.0
E2022_ELLIOTT,COMPLETE_REGISTERED_EVENT,2022-12-23,2022-12-23 10:00:00,2022-12-23 10:00:00,92842.984,94441.0,True,1598.0160000000033,1598.0160000000033,2553655.1362560103,0.0,1598.0160000000033,1.7212027566886512,0.0,1.0,2022-12-22 16:45:00+00:00,2022-12-22 16:45:00+00:00,0.2,False,NONE,1.0
E2022_ELLIOTT,COMPLETE_REGISTERED_EVENT,2022-12-23,2022-12-23 11:00:00,2022-12-23 11:00:00,98060.779,102438.0,True,4377.221000000005,4377.221000000005,19160063.682841044,0.0,4377.221000000005,4.463783629538579,0.0,1.0,2022-12-22 16:45:00+00:00,2022-12-22 16:45:00+00:00,0.2,False,NONE,1.0
E2022_ELLIOTT,COMPLETE_REGISTERED_EVENT,2022-12-23,2022-12-23 12:00:00,2022-12-23 12:00:00,103106.625,108435.0,True,5328.375,5328.375,28391580.140625,0.0,5328.375,5.1678299042374825,0.0,1.0,2022-12-22 16:45:00+00:00,2022-12-22 16:45:00+00:00,0.2,False,NONE,1.0
E2022_ELLIOTT,COMPLETE_REGISTERED_EVENT,2022-12-23,2022-12-23 13:00:00,2022-12-23 13:00:00,106606.382,111378.0,True,4771.618000000002,4771.618000000002,22768338.337924022,0.0,4771.618000000002,4.475921525973934,0.0,1.0,2022-12-22 16:45:00+00:00,2022-12-22 16:45:00+00:00,0.2,False,NONE,1.0
E2022_ELLIOTT,COMPLETE_REGISTERED_EVENT,2022-12-23,2022-12-23 14:00:00,2022-12-23 14:00:00,109905.952,112713.0,True,2807.047999999995,2807.047999999995,7879518.474303973,0.0,2807.047999999995,2.5540454806305624,0.0,1.0,2022-12-22 16:45:00+00:00,2022-12-22 16:45:00+00:00,0.2,False,NONE,1.0
E2022_ELLIOTT,COMPLETE_REGISTERED_EVENT,2022-12-23,2022-12-23 15:00:00,2022-12-23 15:00:00,112857.179,113576.0,True,718.8209999999963,718.8209999999963,516703.63004099467,0.0,718.8209999999963,0.6369297960212139,0.0,1.0,2022-12-22 16:45:00+00:00,2022-12-22 16:45:00+00:00,0.2,False,NONE,1.0
E2022_ELLIOTT,COMPLETE_REGISTERED_EVENT,2022-12-23,2022-12-23 16:00:00,2022-12-23 16:00:00,114062.009,113845.0,True,-217.00900000000547,217.00900000000547,47092.90608100237,217.00900000000547,0.0,0.19025528473727432,1.0,0.0,2022-12-22 16:45:00+00:00,2022-12-22 16:45:00+00:00,0.2,False,NONE,1.0
E2022_ELLIOTT,COMPLETE_REGISTERED_EVENT,2022-12-23,2022-12-23 17:00:00,2022-12-23 17:00:00,114983.956,114021.0,True,-962.9560000000056,962.9560000000056,927284.2579360107,962.9560000000056,0.0,0.8374698814502483,1.0,0.0,2022-12-22 16:45:00+00:00,2022-12-22 16:45:00+00:00,0.2,False,NONE,1.0
E2022_ELLIOTT,COMPLETE_REGISTERED_EVENT,2022-12-23,2022-12-23 18:00:00,2022-12-23 18:00:00,116036.871,114048.0,True,-1988.8709999999992,1988.8709999999992,3955607.8546409965,1988.8709999999992,0.0,1.7139991649723123,1.0,0.0,2022-12-22 16:45:00+00:00,2022-12-22 16:45:00+00:00,0.2,False,NONE,1.0
E2022_ELLIOTT,COMPLETE_REGISTERED_EVENT,2022-12-23,2022-12-23 19:00:00,2022-12-23 19:00:00,117513.03,114006.0,True,-3507.029999999999,3507.029999999999,12299259.420899991,3507.029999999999,0.0,2.984375434792209,1.0,0.0,2022-12-22 16:45:00+00:00,2022-12-22 16:45:00+00:00,0.2,False,NONE,1.0
E2022_ELLIOTT,COMPLETE_REGISTERED_EVENT,2022-12-23,2022-12-23 20:00:00,2022-12-23 20:00:00,120847.362,114929.0,True,-5918.361999999994,5918.361999999994,35027008.763043925,5918.361999999994,0.0,4.897386175463221,1.0,0.0,2022-12-22 16:45:00+00:00,2022-12-22 16:45:00+00:00,0.2,False,NONE,1.0
E2022_ELLIOTT,COMPLETE_REGISTERED_EVENT,2022-12-23,2022-12-23 21:00:00,2022-12-23 21:00:00,126430.044,117782.0,True,-8648.043999999994,8648.043999999994,74788665.0259359,8648.043999999994,0.0,6.840181120240688,1.0,0.0,2022-12-22 16:45:00+00:00,2022-12-22 16:45:00+00:00,0.2,False,NONE,1.0
E2022_ELLIOTT,COMPLETE_REGISTERED_EVENT,2022-12-23,2022-12-23 22:00:00,2022-12-23 22:00:00,133612.59,122937.0,True,-10675.589999999997,10675.589999999997,113968221.84809993,10675.589999999997,0.0,7.9899581319395105,1.0,0.0,2022-12-22 16:45:00+00:00,2022-12-22 16:45:00+00:00,0.2,False,NONE,1.0
E2022_ELLIOTT,COMPLETE_REGISTERED_EVENT,2022-12-23,2022-12-23 23:00:00,2022-12-23 23:00:00,134699.095,125821.0,True,-8878.095000000001,8878.095000000001,78820570.82902502,8878.095000000001,0.0,6.59105764593296,1.0,0.0,2022-12-22 16:45:00+00:00,2022-12-22 16:45:00+00:00,0.2,False,NONE,1.0
E2022_ELLIOTT,COMPLETE_REGISTERED_EVENT,2022-12-23,2022-12-24 00:00:00,2022-12-24 00:00:00,133864.877,126784.0,True,-7080.877000000008,7080.877000000008,50138819.089129105,7080.877000000008,0.0,5.289570467390043,1.0,0.0,2022-12-22 16:45:00+00:00,2022-12-22 16:45:00+00:00,0.2,False,NONE,1.0
E2022_ELLIOTT,COMPLETE_REGISTERED_EVENT,2022-12-23,2022-12-24 01:00:00,2022-12-24 01:00:00,133166.729,126671.0,True,-6495.728999999992,6495.728999999992,42194495.2414409,6495.728999999992,0.0,4.877891834378535,1.0,0.0,2022-12-22 16:45:00+00:00,2022-12-22 16:45:00+00:00,0.2,False,NONE,1.0
E2022_ELLIOTT,COMPLETE_REGISTERED_EVENT,2022-12-23,2022-12-24 02:00:00,2022-12-24 02:00:00,131479.103,124868.0,True,-6611.103000000003,6611.103000000003,43706682.876609035,6611.103000000003,0.0,5.028253805473561,1.0,0.0,2022-12-22 16:45:00+00:00,2022-12-22 16:45:00+00:00,0.2,False,NONE,1.0
E2022_ELLIOTT,COMPLETE_REGISTERED_EVENT,2022-12-23,2022-12-24 03:00:00,2022-12-24 03:00:00,128795.97,122235.0,True,-6560.970000000001,6560.970000000001,43046327.34090002,6560.970000000001,0.0,5.094080195211078,1.0,0.0,2022-12-22 16:45:00+00:00,2022-12-22 16:45:00+00:00,0.2,False,NONE,1.0
E2022_ELLIOTT,COMPLETE_REGISTERED_EVENT,2022-12-23,2022-12-24 04:00:00,2022-12-24 04:00:00,125783.391,119008.0,True,-6775.391000000003,6775.391000000003,45905923.202881046,6775.391000000003,0.0,5.386554573011951,1.0,0.0,2022-12-22 16:45:00+00:00,2022-12-22 16:45:00+00:00,0.2,False,NONE,1.0
E2022_ELLIOTT,COMPLETE_REGISTERED_EVENT,2022-12-24,2022-12-24 05:00:00,2022-12-24 05:00:00,123195.648,112754.0,True,-10441.648000000001,10441.648000000001,109028012.95590402,10441.648000000001,0.0,8.475663036408559,1.0,0.0,2022-12-23 16:45:00+00:00,2022-12-23 16:45:00+00:00,0.2,False,NONE,1.0
E2022_ELLIOTT,COMPLETE_REGISTERED_EVENT,2022-12-24,2022-12-24 06:00:00,2022-12-24 06:00:00,121560.354,110304.0,True,-11256.354000000007,11256.354000000007,126705505.37331615,11256.354000000007,0.0,9.259889124705909,1.0,0.0,2022-12-23 16:45:00+00:00,2022-12-23 16:45:00+00:00,0.2,False,NONE,1.0
E2022_ELLIOTT,COMPLETE_REGISTERED_EVENT,2022-12-24,2022-12-24 07:00:00,2022-12-24 07:00:00,120644.344,108894.0,True,-11750.343999999997,11750.343999999997,138070584.11833593,11750.343999999997,0.0,9.739655926182497,1.0,0.0,2022-12-23 16:45:00+00:00,2022-12-23 16:45:00+00:00,0.2,False,NONE,1.0
E2022_ELLIOTT,COMPLETE_REGISTERED_EVENT,2022-12-24,2022-12-24 08:00:00,2022-12-24 08:00:00,120531.519,108452.0,True,-12079.519,12079.519,145914779.271361,12079.519,0.0,10.02187568879805,1.0,0.0,2022-12-23 16:45:00+00:00,2022-12-23 16:45:00+00:00,0.2,False,NONE,1.0
E2022_ELLIOTT,COMPLETE_REGISTERED_EVENT,2022-12-24,2022-12-24 09:00:00,2022-12-24 09:00:00,121175.038,109112.0,True,-12063.038,12063.038,145516885.789444,12063.038,0.0,9.95505196375511,1.0,0.0,2022-12-23 16:45:00+00:00,2022-12-23 16:45:00+00:00,0.2,False,NONE,1.0
E2022_ELLIOTT,COMPLETE_REGISTERED_EVENT,2022-12-24,2022-12-24 10:00:00,2022-12-24 10:00:00,122678.057,110988.0,True,-11690.057,11690.057,136657432.66324902,11690.057,0.0,9.529052942206283,1.0,0.0,2022-12-23 16:45:00+00:00,2022-12-23 16:45:00+00:00,0.2,False,NONE,1.0
E2022_ELLIOTT,COMPLETE_REGISTERED_EVENT,2022-12-24,2022-12-24 11:00:00,2022-12-24 11:00:00,124398.757,114250.0,True,-10148.756999999998,10148.756999999998,102997268.64504896,10148.756999999998,0.0,8.158246307879104,1.0,0.0,2022-12-23 16:45:00+00:00,2022-12-23 16:45:00+00:00,0.2,False,NONE,1.0
E2022_ELLIOTT,COMPLETE_REGISTERED_EVENT,2022-12-24,2022-12-24 12:00:00,2022-12-24 12:00:00,127156.693,117530.0,True,-9626.693,9626.693,92673218.11624898,9626.693,0.0,7.570732434823545,1.0,0.0,2022-12-23 16:45:00+00:00,2022-12-23 16:45:00+00:00,0.2,False,NONE,1.0
E2022_ELLIOTT,COMPLETE_REGISTERED_EVENT,2022-12-24,2022-12-24 13:00:00,2022-12-24 13:00:00,128541.331,119837.0,True,-8704.331000000006,8704.331000000006,75765378.1575611,8704.331000000006,0.0,6.7716204058910865,1.0,0.0,2022-12-23 16:45:00+00:00,2022-12-23 16:45:00+00:00,0.2,False,NONE,1.0
E2022_ELLIOTT,COMPLETE_REGISTERED_EVENT,2022-12-24,2022-12-24 14:00:00,2022-12-24 14:00:00,128060.361,120965.0,True,-7095.361000000004,7095.361000000004,50344147.72032106,7095.361000000004,0.0,5.540637980865918,1.0,0.0,2022-12-23 16:45:00+00:00,2022-12-23 16:45:00+00:00,0.2,False,NONE,1.0
E2022_ELLIOTT,COMPLETE_REGISTERED_EVENT,2022-12-24,2022-12-24 15:00:00,2022-12-24 15:00:00,126353.097,120893.0,True,-5460.096999999994,5460.096999999994,29812659.249408938,5460.096999999994,0.0,4.3213004901652665,1.0,0.0,2022-12-23 16:45:00+00:00,2022-12-23 16:45:00+00:00,0.2,False,NONE,1.0
E2022_ELLIOTT,COMPLETE_REGISTERED_EVENT,2022-12-24,2022-12-24 16:00:00,2022-12-24 16:00:00,124336.821,120131.0,True,-4205.820999999996,4205.820999999996,17688930.28404097,4205.820999999996,0.0,3.382602970040545,1.0,0.0,2022-12-23 16:45:00+00:00,2022-12-23 16:45:00+00:00,0.2,False,NONE,1.0
E2022_ELLIOTT,COMPLETE_REGISTERED_EVENT,2022-12-24,2022-12-24 17:00:00,2022-12-24 17:00:00,122290.526,118862.0,True,-3428.525999999998,3428.525999999998,11754790.532675987,3428.525999999998,0.0,2.8035908521646213,1.0,0.0,2022-12-23 16:45:00+00:00,2022-12-23 16:45:00+00:00,0.2,False,NONE,1.0
E2022_ELLIOTT,COMPLETE_REGISTERED_EVENT,2022-12-24,2022-12-24 18:00:00,2022-12-24 18:00:00,120186.359,117712.0,True,-2474.3589999999967,2474.3589999999967,6122452.460880984,2474.3589999999967,0.0,2.0587685828805222,1.0,0.0,2022-12-23 16:45:00+00:00,2022-12-23 16:45:00+00:00,0.2,False,NONE,1.0
E2022_ELLIOTT,COMPLETE_REGISTERED_EVENT,2022-12-24,2022-12-24 19:00:00,2022-12-24 19:00:00,118702.784,117097.0,True,-1605.7839999999997,1605.7839999999997,2578542.2546559987,1605.7839999999997,0.0,1.352777033435037,1.0,0.0,2022-12-23 16:45:00+00:00,2022-12-23 16:45:00+00:00,0.2,False,NONE,1.0
E2022_ELLIOTT,COMPLETE_REGISTERED_EVENT,2022-12-24,2022-12-24 20:00:00,2022-12-24 20:00:00,118902.812,117265.0,True,-1637.8120000000054,1637.8120000000054,2682428.1473440174,1637.8120000000054,0.0,1.3774375664050782,1.0,0.0,2022-12-23 16:45:00+00:00,2022-12-23 16:45:00+00:00,0.2,False,NONE,1.0
E2022_ELLIOTT,COMPLETE_REGISTERED_EVENT,2022-12-24,2022-12-24 21:00:00,2022-12-24 21:00:00,121552.477,119901.0,True,-1651.476999999999,1651.476999999999,2727376.281528997,1651.476999999999,0.0,1.358653513905767,1.0,0.0,2022-12-23 16:45:00+00:00,2022-12-23 16:45:00+00:00,0.2,False,NONE,1.0
E2022_ELLIOTT,COMPLETE_REGISTERED_EVENT,2022-12-24,2022-12-24 22:00:00,2022-12-24 22:00:00,125548.388,125063.0,True,-485.3880000000063,485.3880000000063,235601.5105440061,485.3880000000063,0.0,0.38661428293289296,1.0,0.0,2022-12-23 16:45:00+00:00,2022-12-23 16:45:00+00:00,0.2,False,NONE,1.0
E2022_ELLIOTT,COMPLETE_REGISTERED_EVENT,2022-12-24,2022-12-24 23:00:00,2022-12-24 23:00:00,125420.384,124843.0,True,-577.3840000000055,577.3840000000055,333372.2834560063,577.3840000000055,0.0,0.4603589796057437,1.0,0.0,2022-12-23 16:45:00+00:00,2022-12-23 16:45:00+00:00,0.2,False,NONE,1.0
E2022_ELLIOTT,COMPLETE_REGISTERED_EVENT,2022-12-24,2022-12-25 00:00:00,2022-12-25 00:00:00,124254.156,123382.0,True,-872.1560000000027,872.1560000000027,760656.0883360046,872.1560000000027,0.0,0.7019129404412056,1.0,0.0,2022-12-23 16:45:00+00:00,2022-12-23 16:45:00+00:00,0.2,False,NONE,1.0
E2022_ELLIOTT,COMPLETE_REGISTERED_EVENT,2022-12-24,2022-12-25 01:00:00,2022-12-25 01:00:00,123347.123,122094.0,True,-1253.1230000000069,1253.1230000000069,1570317.2531290173,1253.1230000000069,0.0,1.0159320862311534,1.0,0.0,2022-12-23 16:45:00+00:00,2022-12-23 16:45:00+00:00,0.2,False,NONE,1.0
E2022_ELLIOTT,COMPLETE_REGISTERED_EVENT,2022-12-24,2022-12-25 02:00:00,2022-12-25 02:00:00,122127.073,120523.0,True,-1604.073000000004,1604.073000000004,2573050.1893290128,1604.073000000004,0.0,1.3134458728901197,1.0,0.0,2022-12-23 16:45:00+00:00,2022-12-23 16:45:00+00:00,0.2,False,NONE,1.0
E2022_ELLIOTT,COMPLETE_REGISTERED_EVENT,2022-12-24,2022-12-25 03:00:00,2022-12-25 03:00:00,119471.424,117749.0,True,-1722.423999999999,1722.423999999999,2966744.4357759967,1722.423999999999,0.0,1.4417037500113827,1.0,0.0,2022-12-23 16:45:00+00:00,2022-12-23 16:45:00+00:00,0.2,False,NONE,1.0
E2022_ELLIOTT,COMPLETE_REGISTERED_EVENT,2022-12-24,2022-12-25 04:00:00,2022-12-25 04:00:00,116167.254,114528.0,True,-1639.2540000000008,1639.2540000000008,2687153.6765160025,1639.2540000000008,0.0,1.4111153905729759,1.0,0.0,2022-12-23 16:45:00+00:00,2022-12-23 16:45:00+00:00,0.2,False,NONE,1.0
E2022_ELLIOTT,COMPLETE_REGISTERED_EVENT,2022-12-25,2022-12-25 05:00:00,2022-12-25 05:00:00,113403.387,113739.0,True,335.61299999999756,335.61299999999756,112636.08576899835,0.0,335.61299999999756,0.29594618721572885,0.0,1.0,2022-12-24 16:45:00+00:00,2022-12-24 16:45:00+00:00,0.2,False,NONE,1.0
E2022_ELLIOTT,COMPLETE_REGISTERED_EVENT,2022-12-25,2022-12-25 06:00:00,2022-12-25 06:00:00,111667.318,112404.0,True,736.6820000000007,736.6820000000007,542700.369124001,0.0,736.6820000000007,0.6597113758924529,0.0,1.0,2022-12-24 16:45:00+00:00,2022-12-24 16:45:00+00:00,0.2,False,NONE,1.0
E2022_ELLIOTT,COMPLETE_REGISTERED_EVENT,2022-12-25,2022-12-25 07:00:00,2022-12-25 07:00:00,110652.89,112095.0,True,1442.1100000000006,1442.1100000000006,2079681.2521000018,0.0,1442.1100000000006,1.3032736876551536,0.0,1.0,2022-12-24 16:45:00+00:00,2022-12-24 16:45:00+00:00,0.2,False,NONE,1.0
E2022_ELLIOTT,COMPLETE_REGISTERED_EVENT,2022-12-25,2022-12-25 08:00:00,2022-12-25 08:00:00,110249.023,112467.0,True,2217.976999999999,2217.976999999999,4919421.972528995,0.0,2217.976999999999,2.011788349362514,0.0,1.0,2022-12-24 16:45:00+00:00,2022-12-24 16:45:00+00:00,0.2,False,NONE,1.0
E2022_ELLIOTT,COMPLETE_REGISTERED_EVENT,2022-12-25,2022-12-25 09:00:00,2022-12-25 09:00:00,110623.211,113231.0,True,2607.7890000000043,2607.7890000000043,6800563.468521022,0.0,2607.7890000000043,2.3573615124948817,0.0,1.0,2022-12-24 16:45:00+00:00,2022-12-24 16:45:00+00:00,0.2,False,NONE,1.0
E2022_ELLIOTT,COMPLETE_REGISTERED_EVENT,2022-12-25,2022-12-25 10:00:00,2022-12-25 10:00:00,111792.489,115018.0,True,3225.5109999999986,3225.5109999999986,10403921.211120991,0.0,3225.5109999999986,2.8852662901172175,0.0,1.0,2022-12-24 16:45:00+00:00,2022-12-24 16:45:00+00:00,0.2,False,NONE,1.0
E2022_ELLIOTT,COMPLETE_REGISTERED_EVENT,2022-12-25,2022-12-25 11:00:00,2022-12-25 11:00:00,114166.76,117681.0,True,3514.2400000000052,3514.2400000000052,12349882.777600037,0.0,3514.2400000000052,3.078163906902504,0.0,1.0,2022-12-24 16:45:00+00:00,2022-12-24 16:45:00+00:00,0.2,False,NONE,1.0
E2022_ELLIOTT,COMPLETE_REGISTERED_EVENT,2022-12-25,2022-12-25 12:00:00,2022-12-25 12:00:00,116828.469,119750.0,True,2921.5310000000027,2921.5310000000027,8535343.383961016,0.0,2921.5310000000027,2.5007012631484566,0.0,1.0,2022-12-24 16:45:00+00:00,2022-12-24 16:45:00+00:00,0.2,False,NONE,1.0
E2022_ELLIOTT,COMPLETE_REGISTERED_EVENT,2022-12-25,2022-12-25 13:00:00,2022-12-25 13:00:00,116746.182,120621.0,True,3874.8179999999993,3874.8179999999993,15014214.533123994,0.0,3874.8179999999993,3.3190104666549174,0.0,1.0,2022-12-24 16:45:00+00:00,2022-12-24 16:45:00+00:00,0.2,False,NONE,1.0
E2022_ELLIOTT,COMPLETE_REGISTERED_EVENT,2022-12-25,2022-12-25 14:00:00,2022-12-25 14:00:00,113423.571,120412.0,True,6988.429000000004,6988.429000000004,48838139.88804105,0.0,6988.429000000004,6.1613551207976025,0.0,1.0,2022-12-24 16:45:00+00:00,2022-12-24 16:45:00+00:00,0.2,False,NONE,1.0
E2022_ELLIOTT,COMPLETE_REGISTERED_EVENT,2022-12-25,2022-12-25 15:00:00,2022-12-25 15:00:00,109703.485,119808.0,True,10104.515,10104.515,102101223.38522498,0.0,10104.515,9.210751144323263,0.0,1.0,2022-12-24 16:45:00+00:00,2022-12-24 16:45:00+00:00,0.2,False,NONE,1.0
E2022_ELLIOTT,COMPLETE_REGISTERED_EVENT,2022-12-25,2022-12-25 16:00:00,2022-12-25 16:00:00,106648.635,119000.0,True,12351.365000000005,12351.365000000005,152556217.36322513,0.0,12351.365000000005,11.5813624806356,0.0,1.0,2022-12-24 16:45:00+00:00,2022-12-24 16:45:00+00:00,0.2,False,NONE,1.0
E2022_ELLIOTT,COMPLETE_REGISTERED_EVENT,2022-12-25,2022-12-25 17:00:00,2022-12-25 17:00:00,104028.633,117983.0,True,13954.366999999998,13954.366999999998,194724358.37068895,0.0,13954.366999999998,13.413967479511143,0.0,1.0,2022-12-24 16:45:00+00:00,2022-12-24 16:45:00+00:00,0.2,False,NONE,1.0
E2022_ELLIOTT,COMPLETE_REGISTERED_EVENT,2022-12-25,2022-12-25 18:00:00,2022-12-25 18:00:00,101708.445,116970.0,True,15261.554999999993,15261.554999999993,232915061.01802477,0.0,15261.554999999993,15.005199420756057,0.0,1.0,2022-12-24 16:45:00+00:00,2022-12-24 16:45:00+00:00,0.2,False,NONE,1.0
E2022_ELLIOTT,COMPLETE_REGISTERED_EVENT,2022-12-25,2022-12-25 19:00:00,2022-12-25 19:00:00,100262.715,116586.0,True,16323.285000000003,16323.285000000003,266449633.1912251,0.0,16323.285000000003,16.280513648568167,0.0,1.0,2022-12-24 16:45:00+00:00,2022-12-24 16:45:00+00:00,0.2,False,NONE,1.0
E2022_ELLIOTT,COMPLETE_REGISTERED_EVENT,2022-12-25,2022-12-25 20:00:00,2022-12-25 20:00:00,100934.511,117242.0,True,16307.489000000001,16307.489000000001,265934197.48512104,0.0,16307.489000000001,16.156504686489246,0.0,1.0,2022-12-24 16:45:00+00:00,2022-12-24 16:45:00+00:00,0.2,False,NONE,1.0
E2022_ELLIOTT,COMPLETE_REGISTERED_EVENT,2022-12-25,2022-12-25 21:00:00,2022-12-25 21:00:00,104410.637,119606.0,True,15195.362999999998,15195.362999999998,230899056.70176893,0.0,15195.362999999998,14.553462594045852,0.0,1.0,2022-12-24 16:45:00+00:00,2022-12-24 16:45:00+00:00,0.2,False,NONE,1.0
E2022_ELLIOTT,COMPLETE_REGISTERED_EVENT,2022-12-25,2022-12-25 22:00:00,2022-12-25 22:00:00,109692.171,123503.0,True,13810.828999999998,13810.828999999998,190738997.66724095,0.0,13810.828999999998,12.59053301078342,0.0,1.0,2022-12-24 16:45:00+00:00,2022-12-24 16:45:00+00:00,0.2,False,NONE,1.0
E2022_ELLIOTT,COMPLETE_REGISTERED_EVENT,2022-12-25,2022-12-25 23:00:00,2022-12-25 23:00:00,111368.977,124278.0,True,12909.023000000001,12909.023000000001,166642874.81452903,0.0,12909.023000000001,11.591219878045573,0.0,1.0,2022-12-24 16:45:00+00:00,2022-12-24 16:45:00+00:00,0.2,False,NONE,1.0
E2022_ELLIOTT,COMPLETE_REGISTERED_EVENT,2022-12-25,2022-12-26 00:00:00,2022-12-26 00:00:00,111810.184,124341.0,True,12530.816000000006,12530.816000000006,157021349.62585616,0.0,12530.816000000006,11.207222411869036,0.0,1.0,2022-12-24 16:45:00+00:00,2022-12-24 16:45:00+00:00,0.2,False,NONE,1.0
E2022_ELLIOTT,COMPLETE_REGISTERED_EVENT,2022-12-25,2022-12-26 01:00:00,2022-12-26 01:00:00,112114.665,123516.0,True,11401.335000000006,11401.335000000006,129990439.78222515,0.0,11401.335000000006,10.169352064691989,0.0,1.0,2022-12-24 16:45:00+00:00,2022-12-24 16:45:00+00:00,0.2,False,NONE,1.0
E2022_ELLIOTT,COMPLETE_REGISTERED_EVENT,2022-12-25,2022-12-26 02:00:00,2022-12-26 02:00:00,111569.003,121972.0,True,10402.997000000003,10402.997000000003,108222346.58200906,0.0,10402.997000000003,9.324271724468133,0.0,1.0,2022-12-24 16:45:00+00:00,2022-12-24 16:45:00+00:00,0.2,False,NONE,1.0
E2022_ELLIOTT,COMPLETE_REGISTERED_EVENT,2022-12-25,2022-12-26 03:00:00,2022-12-26 03:00:00,109712.19,119496.0,True,9783.809999999998,9783.809999999998,95722938.11609995,0.0,9783.809999999998,8.91770549835893,0.0,1.0,2022-12-24 16:45:00+00:00,2022-12-24 16:45:00+00:00,0.2,False,NONE,1.0
E2022_ELLIOTT,COMPLETE_REGISTERED_EVENT,2022-12-25,2022-12-26 04:00:00,2022-12-26 04:00:00,107179.816,116418.0,True,9238.183999999994,9238.183999999994,85344043.61785589,0.0,9238.183999999994,8.619331833896778,0.0,1.0,2022-12-24 16:45:00+00:00,2022-12-24 16:45:00+00:00,0.2,False,NONE,1.0
E2022_ELLIOTT,COMPLETE_REGISTERED_EVENT,2022-12-26,2022-12-26 05:00:00,2022-12-26 05:00:00,105189.328,107348.0,True,2158.672000000006,2158.672000000006,4659864.803584025,0.0,2158.672000000006,2.0521777646492865,0.0,1.0,2022-12-25 16:45:00+00:00,2022-12-25 16:45:00+00:00,0.2,False,NONE,1.0
E2022_ELLIOTT,COMPLETE_REGISTERED_EVENT,2022-12-26,2022-12-26 06:00:00,2022-12-26 06:00:00,104045.078,105838.0,True,1792.922000000006,1792.922000000006,3214569.298084021,0.0,1792.922000000006,1.7232165465818634,0.0,1.0,2022-12-25 16:45:00+00:00,2022-12-25 16:45:00+00:00,0.2,False,NONE,1.0
E2022_ELLIOTT,COMPLETE_REGISTERED_EVENT,2022-12-26,2022-12-26 07:00:00,2022-12-26 07:00:00,103817.026,105399.0,True,1581.974000000002,1581.974000000002,2502641.736676006,0.0,1581.974000000002,1.5238097843411562,0.0,1.0,2022-12-25 16:45:00+00:00,2022-12-25 16:45:00+00:00,0.2,False,NONE,1.0
E2022_ELLIOTT,COMPLETE_REGISTERED_EVENT,2022-12-26,2022-12-26 08:00:00,2022-12-26 08:00:00,104193.0,105440.0,True,1247.0,1247.0,1555009.0,0.0,1247.0,1.196817444550018,0.0,1.0,2022-12-25 16:45:00+00:00,2022-12-25 16:45:00+00:00,0.2,False,NONE,1.0
E2022_ELLIOTT,COMPLETE_REGISTERED_EVENT,2022-12-26,2022-12-26 09:00:00,2022-12-26 09:00:00,105531.535,106431.0,True,899.4649999999965,899.4649999999965,809037.2862249938,0.0,899.4649999999965,0.8523186931754536,0.0,1.0,2022-12-25 16:45:00+00:00,2022-12-25 16:45:00+00:00,0.2,False,NONE,1.0
E2022_ELLIOTT,COMPLETE_REGISTERED_EVENT,2022-12-26,2022-12-26 10:00:00,2022-12-26 10:00:00,107810.592,108655.0,True,844.4079999999958,844.4079999999958,713024.8704639929,0.0,844.4079999999958,0.783232875671433,0.0,1.0,2022-12-25 16:45:00+00:00,2022-12-25 16:45:00+00:00,0.2,False,NONE,1.0
E2022_ELLIOTT,COMPLETE_REGISTERED_EVENT,2022-12-26,2022-12-26 11:00:00,2022-12-26 11:00:00,110822.48,112334.0,True,1511.520000000004,1511.520000000004,2284692.7104000123,0.0,1511.520000000004,1.3639110043377518,0.0,1.0,2022-12-25 16:45:00+00:00,2022-12-25 16:45:00+00:00,0.2,False,NONE,1.0
E2022_ELLIOTT,COMPLETE_REGISTERED_EVENT,2022-12-26,2022-12-26 12:00:00,2022-12-26 12:00:00,113183.848,117055.0,True,3871.152000000002,3871.152000000002,14985817.807104014,0.0,3871.152000000002,3.420233600822621,0.0,1.0,2022-12-25 16:45:00+00:00,2022-12-25 16:45:00+00:00,0.2,False,NONE,1.0
E2022_ELLIOTT,COMPLETE_REGISTERED_EVENT,2022-12-26,2022-12-26 13:00:00,2022-12-26 13:00:00,112747.785,117590.0,True,4842.2149999999965,4842.2149999999965,23447046.106224965,0.0,4842.2149999999965,4.294731821117369,0.0,1.0,2022-12-25 16:45:00+00:00,2022-12-25 16:45:00+00:00,0.2,False,NONE,1.0
E2022_ELLIOTT,COMPLETE_REGISTERED_EVENT,2022-12-26,2022-12-26 14:00:00,2022-12-26 14:00:00,110365.758,115376.0,True,5010.241999999998,5010.241999999998,25102524.898563985,0.0,5010.241999999998,4.5396707192460894,0.0,1.0,2022-12-25 16:45:00+00:00,2022-12-25 16:45:00+00:00,0.2,False,NONE,1.0
E2022_ELLIOTT,COMPLETE_REGISTERED_EVENT,2022-12-26,2022-12-26 15:00:00,2022-12-26 15:00:00,108127.619,111647.0,True,3519.380999999994,3519.380999999994,12386042.623160958,0.0,3519.380999999994,3.254840005308906,0.0,1.0,2022-12-25 16:45:00+00:00,2022-12-25 16:45:00+00:00,0.2,False,NONE,1.0
E2022_ELLIOTT,COMPLETE_REGISTERED_EVENT,2022-12-26,2022-12-26 16:00:00,2022-12-26 16:00:00,106278.553,108994.0,True,2715.447,2715.447,7373652.409809001,0.0,2715.447,2.555028200280446,0.0,1.0,2022-12-25 16:45:00+00:00,2022-12-25 16:45:00+00:00,0.2,False,NONE,1.0
E2022_ELLIOTT,COMPLETE_REGISTERED_EVENT,2022-12-26,2022-12-26 17:00:00,2022-12-26 17:00:00,104925.291,106511.0,True,1585.7090000000026,1585.7090000000026,2514473.0326810083,0.0,1585.7090000000026,1.5112743409022356,0.0,1.0,2022-12-25 16:45:00+00:00,2022-12-25 16:45:00+00:00,0.2,False,NONE,1.0
E2022_ELLIOTT,COMPLETE_REGISTERED_EVENT,2022-12-26,2022-12-26 18:00:00,2022-12-26 18:00:00,104416.618,104565.0,True,148.3819999999978,148.3819999999978,22017.217923999342,0.0,148.3819999999978,0.1421057326334758,0.0,1.0,2022-12-25 16:45:00+00:00,2022-12-25 16:45:00+00:00,0.2,False,NONE,1.0
E2022_ELLIOTT,COMPLETE_REGISTERED_EVENT,2022-12-26,2022-12-26 19:00:00,2022-12-26 19:00:00,105009.411,103496.0,True,-1513.4109999999928,1513.4109999999928,2290412.854920978,1513.4109999999928,0.0,1.4412146355148996,1.0,0.0,2022-12-25 16:45:00+00:00,2022-12-25 16:45:00+00:00,0.2,False,NONE,1.0
E2022_ELLIOTT,COMPLETE_REGISTERED_EVENT,2022-12-26,2022-12-26 20:00:00,2022-12-26 20:00:00,106316.191,103867.0,True,-2449.191000000006,2449.191000000006,5998536.55448103,2449.191000000006,0.0,2.3036858045450535,1.0,0.0,2022-12-25 16:45:00+00:00,2022-12-25 16:45:00+00:00,0.2,False,NONE,1.0
E2022_ELLIOTT,COMPLETE_REGISTERED_EVENT,2022-12-26,2022-12-26 21:00:00,2022-12-26 21:00:00,109245.967,106463.0,True,-2782.967000000004,2782.967000000004,7744905.323089023,2782.967000000004,0.0,2.547432254409908,1.0,0.0,2022-12-25 16:45:00+00:00,2022-12-25 16:45:00+00:00,0.2,False,NONE,1.0
E2022_ELLIOTT,COMPLETE_REGISTERED_EVENT,2022-12-26,2022-12-26 22:00:00,2022-12-26 22:00:00,113921.42,112315.0,True,-1606.4199999999983,1606.4199999999983,2580585.216399994,1606.4199999999983,0.0,1.4101123388384715,1.0,0.0,2022-12-25 16:45:00+00:00,2022-12-25 16:45:00+00:00,0.2,False,NONE,1.0
E2022_ELLIOTT,COMPLETE_REGISTERED_EVENT,2022-12-26,2022-12-26 23:00:00,2022-12-26 23:00:00,114506.704,114848.0,True,341.2960000000021,341.2960000000021,116482.95961600143,0.0,341.2960000000021,0.2980576578293635,0.0,1.0,2022-12-25 16:45:00+00:00,2022-12-25 16:45:00+00:00,0.2,False,NONE,1.0
E2022_ELLIOTT,COMPLETE_REGISTERED_EVENT,2022-12-26,2022-12-27 00:00:00,2022-12-27 00:00:00,113616.827,114808.0,True,1191.1729999999952,1191.1729999999952,1418893.1159289887,0.0,1191.1729999999952,1.0484124855907084,0.0,1.0,2022-12-25 16:45:00+00:00,2022-12-25 16:45:00+00:00,0.2,False,NONE,1.0
E2022_ELLIOTT,COMPLETE_REGISTERED_EVENT,2022-12-26,2022-12-27 01:00:00,2022-12-27 01:00:00,112054.936,113719.0,True,1664.0639999999985,1664.0639999999985,2769108.996095995,0.0,1664.0639999999985,1.4850430149725833,0.0,1.0,2022-12-25 16:45:00+00:00,2022-12-25 16:45:00+00:00,0.2,False,NONE,1.0
E2022_ELLIOTT,COMPLETE_REGISTERED_EVENT,2022-12-26,2022-12-27 02:00:00,2022-12-27 02:00:00,109238.972,110660.0,True,1421.0280000000057,1421.0280000000057,2019320.576784016,0.0,1421.0280000000057,1.3008434389148278,0.0,1.0,2022-12-25 16:45:00+00:00,2022-12-25 16:45:00+00:00,0.2,False,NONE,1.0
E2022_ELLIOTT,COMPLETE_REGISTERED_EVENT,2022-12-26,2022-12-27 03:00:00,2022-12-27 03:00:00,105036.26,106684.0,True,1647.7400000000052,1647.7400000000052,2715047.1076000175,0.0,1647.7400000000052,1.5687344541780193,0.0,1.0,2022-12-25 16:45:00+00:00,2022-12-25 16:45:00+00:00,0.2,False,NONE,1.0
E2022_ELLIOTT,COMPLETE_REGISTERED_EVENT,2022-12-26,2022-12-27 04:00:00,2022-12-27 04:00:00,100874.003,102797.0,True,1922.997000000003,1922.997000000003,3697917.462009012,0.0,1922.997000000003,1.9063355699287587,0.0,1.0,2022-12-25 16:45:00+00:00,2022-12-25 16:45:00+00:00,0.2,False,NONE,1.0
