timestamp_ept,actual_mw,persistence_1h,naive_24h,naive_168h
2014-01-08 00:00:00,117713.179,121529.092,119951.159,91392.412
2014-01-08 01:00:00,115888.623,117713.179,119189.921,89227.554
2014-01-08 02:00:00,115236.851,115888.623,119275.233,87668.736
2014-01-08 03:00:00,115158.794,115236.851,120128.948,87062.268
2014-01-08 04:00:00,117081.621,115158.794,122347.834,87373.595
2014-01-08 05:00:00,121543.547,117081.621,126911.066,88632.963
2014-01-08 06:00:00,128630.873,121543.547,133606.209,90575.953
2014-01-08 07:00:00,133288.136,128630.873,137997.87,91895.899
2014-01-08 08:00:00,132168.05,133288.136,137545.961,92502.138
2014-01-08 09:00:00,128615.536,132168.05,136586.875,93018.173
2014-01-08 10:00:00,125224.45,128615.536,135644.03,93238.325
2014-01-08 11:00:00,122182.555,125224.45,134382.174,92739.08
2014-01-08 12:00:00,119198.671,122182.555,132611.764,91572.544
2014-01-08 13:00:00,117091.637,119198.671,130594.953,90127.954
2014-01-08 14:00:00,115161.28,117091.637,128823.938,88964.428
2014-01-08 15:00:00,114694.139,115161.28,128079.207,89018.517
2014-01-08 16:00:00,117241.595,114694.139,130440.36,91986.3
2014-01-08 17:00:00,123774.213,117241.595,137604.377,99585.156
2014-01-08 18:00:00,126135.807,123774.213,140510.233,102303.815
2014-01-08 19:00:00,125489.604,126135.807,140128.509,101889.004
2014-01-08 20:00:00,123754.716,125489.604,138023.189,100727.123
2014-01-08 21:00:00,119471.048,123754.716,133810.869,97952.414
2014-01-08 22:00:00,112984.259,119471.048,127358.569,93588.866
2014-01-08 23:00:00,106674.756,112984.259,121529.092,88722.24
2014-01-09 00:00:00,102282.28,106674.756,117713.179,85368.263
2014-01-09 01:00:00,99915.144,102282.28,115888.623,83575.648
2014-01-09 02:00:00,98533.007,99915.144,115236.851,82946.837
2014-01-09 03:00:00,98572.796,98533.007,115158.794,83423.93
2014-01-09 04:00:00,100515.776,98572.796,117081.621,85653.425
2014-01-09 05:00:00,105585.857,100515.776,121543.547,90873.923
2014-01-09 06:00:00,114640.728,105585.857,128630.873,99454.744
2014-01-09 07:00:00,119827.987,114640.728,133288.136,105736.494
2014-01-09 08:00:00,118390.606,119827.987,132168.05,107147.905
2014-01-09 09:00:00,115512.557,118390.606,128615.536,107934.414
2014-01-09 10:00:00,112939.769,115512.557,125224.45,108875.027
2014-01-09 11:00:00,109837.772,112939.769,122182.555,108880.17
2014-01-09 12:00:00,107214.057,109837.772,119198.671,108605.642
2014-01-09 13:00:00,105669.463,107214.057,117091.637,108738.89
2014-01-09 14:00:00,104794.044,105669.463,115161.28,108636.012
2014-01-09 15:00:00,104857.011,104794.044,114694.139,109165.394
2014-01-09 16:00:00,107628.99,104857.011,117241.595,112000.142
2014-01-09 17:00:00,114625.16,107628.99,123774.213,118005.055
2014-01-09 18:00:00,117239.595,114625.16,126135.807,119985.492
2014-01-09 19:00:00,116742.645,117239.595,125489.604,119085.645
2014-01-09 20:00:00,115180.735,116742.645,123754.716,117009.88
2014-01-09 21:00:00,111192.849,115180.735,119471.048,113261.1
2014-01-09 22:00:00,104815.782,111192.849,112984.259,108322.288
2014-01-09 23:00:00,98521.932,104815.782,106674.756,103424.122
2014-01-10 00:00:00,93841.845,98521.932,102282.28,99487.35
2014-01-10 01:00:00,91104.971,93841.845,99915.144,97783.51
2014-01-10 02:00:00,89966.642,91104.971,98533.007,97746.096
2014-01-10 03:00:00,89497.343,89966.642,98572.796,98699.818
2014-01-10 04:00:00,90872.299,89497.343,100515.776,101588.998
2014-01-10 05:00:00,95442.693,90872.299,105585.857,106824.574
2014-01-10 06:00:00,103748.893,95442.693,114640.728,113859.0
2014-01-10 07:00:00,109249.679,103748.893,119827.987,119478.385
2014-01-10 08:00:00,109813.81,109249.679,118390.606,121360.553
2014-01-10 09:00:00,109716.595,109813.81,115512.557,121534.176
2014-01-10 10:00:00,109379.291,109716.595,112939.769,120741.116
2014-01-10 11:00:00,108110.759,109379.291,109837.772,119372.298
2014-01-10 12:00:00,106814.297,108110.759,107214.057,117650.301
2014-01-10 13:00:00,105538.658,106814.297,105669.463,116124.782
2014-01-10 14:00:00,103954.243,105538.658,104794.044,114484.787
2014-01-10 15:00:00,103600.22,103954.243,104857.011,113710.078
2014-01-10 16:00:00,104953.783,103600.22,107628.99,116351.977
2014-01-10 17:00:00,109371.828,104953.783,114625.16,124561.53
2014-01-10 18:00:00,109440.261,109371.828,117239.595,127294.741
2014-01-10 19:00:00,106984.495,109440.261,116742.645,126378.516
2014-01-10 20:00:00,104426.6,106984.495,115180.735,125175.236
2014-01-10 21:00:00,100704.351,104426.6,111192.849,122125.023
2014-01-10 22:00:00,95407.302,100704.351,104815.782,117801.579
2014-01-10 23:00:00,89619.463,95407.302,98521.932,112949.177
2014-01-11 00:00:00,84372.145,89619.463,93841.845,109090.126
2014-01-11 01:00:00,81311.183,84372.145,91104.971,106929.393
2014-01-11 02:00:00,79160.37,81311.183,89966.642,105826.647
2014-01-11 03:00:00,78196.722,79160.37,89497.343,105685.901
2014-01-11 04:00:00,78186.382,78196.722,90872.299,106169.219
2014-01-11 05:00:00,79659.927,78186.382,95442.693,107952.747
2014-01-11 06:00:00,82434.903,79659.927,103748.893,110848.966
2014-01-11 07:00:00,86013.268,82434.903,109249.679,113658.37
2014-01-11 08:00:00,89086.389,86013.268,109813.81,114764.416
2014-01-11 09:00:00,91646.808,89086.389,109716.595,113031.077
2014-01-11 10:00:00,93558.474,91646.808,109379.291,110600.265
2014-01-11 11:00:00,93465.054,93558.474,108110.759,107804.887
2014-01-11 12:00:00,92400.954,93465.054,106814.297,104405.646
2014-01-11 13:00:00,91075.218,92400.954,105538.658,101383.751
2014-01-11 14:00:00,89773.648,91075.218,103954.243,99138.88
2014-01-11 15:00:00,89270.011,89773.648,103600.22,98275.14
2014-01-11 16:00:00,90984.445,89270.011,104953.783,100936.83
2014-01-11 17:00:00,94954.903,90984.445,109371.828,108632.598
2014-01-11 18:00:00,95934.689,94954.903,109440.261,111467.427
2014-01-11 19:00:00,94481.92,95934.689,106984.495,110626.585
2014-01-11 20:00:00,93054.202,94481.92,104426.6,109379.869
2014-01-11 21:00:00,90190.543,93054.202,100704.351,106999.598
2014-01-11 22:00:00,86447.106,90190.543,95407.302,102845.771
2014-01-11 23:00:00,82184.937,86447.106,89619.463,98128.582
2014-01-12 00:00:00,78266.917,82184.937,84372.145,93565.922
2014-01-12 01:00:00,75891.718,78266.917,81311.183,90837.982
2014-01-12 02:00:00,74532.02,75891.718,79160.37,89143.401
2014-01-12 03:00:00,74446.306,74532.02,78196.722,88219.044
2014-01-12 04:00:00,75152.346,74446.306,78186.382,88137.311
2014-01-12 05:00:00,76735.911,75152.346,79659.927,89157.683
2014-01-12 06:00:00,79217.029,76735.911,82434.903,91258.336
2014-01-12 07:00:00,83105.317,79217.029,86013.268,93885.063
2014-01-12 08:00:00,86023.333,83105.317,89086.389,96034.405
2014-01-12 09:00:00,88225.117,86023.333,91646.808,97815.048
2014-01-12 10:00:00,89091.484,88225.117,93558.474,98432.731
2014-01-12 11:00:00,88999.263,89091.484,93465.054,98189.475
2014-01-12 12:00:00,88758.791,88999.263,92400.954,98137.02
2014-01-12 13:00:00,87311.738,88758.791,91075.218,97553.448
2014-01-12 14:00:00,86086.83,87311.738,89773.648,97037.81
2014-01-12 15:00:00,85560.089,86086.83,89270.011,97171.263
2014-01-12 16:00:00,87933.845,85560.089,90984.445,100019.566
2014-01-12 17:00:00,94914.697,87933.845,94954.903,105903.865
2014-01-12 18:00:00,99310.418,94914.697,95934.689,107094.888
2014-01-12 19:00:00,99435.271,99310.418,94481.92,105407.017
2014-01-12 20:00:00,98856.083,99435.271,93054.202,103217.08
2014-01-12 21:00:00,95948.082,98856.083,90190.543,98927.982
2014-01-12 22:00:00,91684.459,95948.082,86447.106,94087.82
2014-01-12 23:00:00,87490.23,91684.459,82184.937,89198.695
2014-01-13 00:00:00,84080.605,87490.23,78266.917,85504.657
2014-01-13 01:00:00,82540.765,84080.605,75891.718,83522.058
2014-01-13 02:00:00,82118.028,82540.765,74532.02,82637.689
2014-01-13 03:00:00,82807.935,82118.028,74446.306,83287.857
2014-01-13 04:00:00,85230.707,82807.935,75152.346,85374.475
2014-01-13 05:00:00,91453.597,85230.707,76735.911,90889.688
2014-01-13 06:00:00,101141.645,91453.597,79217.029,99324.883
2014-01-13 07:00:00,106693.493,101141.645,83105.317,105683.549
2014-01-13 08:00:00,105609.105,106693.493,86023.333,107239.28
2014-01-13 09:00:00,102646.287,105609.105,88225.117,108904.523
2014-01-13 10:00:00,100400.991,102646.287,89091.484,110740.238
2014-01-13 11:00:00,98203.381,100400.991,88999.263,111981.587
2014-01-13 12:00:00,96381.563,98203.381,88758.791,112684.155
2014-01-13 13:00:00,95171.915,96381.563,87311.738,112620.486
2014-01-13 14:00:00,94001.143,95171.915,86086.83,112289.285
2014-01-13 15:00:00,93702.537,94001.143,85560.089,113163.45
2014-01-13 16:00:00,95891.385,93702.537,87933.845,117184.429
2014-01-13 17:00:00,101811.258,95891.385,94914.697,125832.1
2014-01-13 18:00:00,103732.48,101811.258,99310.418,130536.994
2014-01-13 19:00:00,102669.395,103732.48,99435.271,131141.653
2014-01-13 20:00:00,100339.151,102669.395,98856.083,130559.635
2014-01-13 21:00:00,96349.112,100339.151,95948.082,128841.202
2014-01-13 22:00:00,90315.216,96349.112,91684.459,125687.972
2014-01-13 23:00:00,83851.17,90315.216,87490.23,121833.708
2014-01-14 00:00:00,79286.072,83851.17,84080.605,119951.159
2014-01-14 01:00:00,76797.581,79286.072,82540.765,119189.921
2014-01-14 02:00:00,75657.008,76797.581,82118.028,119275.233
2014-01-14 03:00:00,75542.097,75657.008,82807.935,120128.948
2014-01-14 04:00:00,77283.491,75542.097,85230.707,122347.834
2014-01-14 05:00:00,82784.645,77283.491,91453.597,126911.066
2014-01-14 06:00:00,91898.64,82784.645,101141.645,133606.209
2014-01-14 07:00:00,97970.324,91898.64,106693.493,137997.87
2014-01-14 08:00:00,98195.81,97970.324,105609.105,137545.961
2014-01-14 09:00:00,98052.049,98195.81,102646.287,136586.875
2014-01-14 10:00:00,98611.258,98052.049,100400.991,135644.03
2014-01-14 11:00:00,98241.69,98611.258,98203.381,134382.174
2014-01-14 12:00:00,97672.962,98241.69,96381.563,132611.764
2014-01-14 13:00:00,97020.754,97672.962,95171.915,130594.953
2014-01-14 14:00:00,96058.851,97020.754,94001.143,128823.938
2014-01-14 15:00:00,95679.041,96058.851,93702.537,128079.207
2014-01-14 16:00:00,97340.895,95679.041,95891.385,130440.36
2014-01-14 17:00:00,102699.583,97340.895,101811.258,137604.377
2014-01-14 18:00:00,105460.326,102699.583,103732.48,140510.233
2014-01-14 19:00:00,104934.894,105460.326,102669.395,140128.509
2014-01-14 20:00:00,103532.501,104934.894,100339.151,138023.189
2014-01-14 21:00:00,100085.831,103532.501,96349.112,133810.869
2014-01-14 22:00:00,94873.398,100085.831,90315.216,127358.569
2014-01-14 23:00:00,89157.932,94873.398,83851.17,121529.092
2014-01-15 00:00:00,85165.891,89157.932,79286.072,117713.179
2014-01-15 01:00:00,83065.133,85165.891,76797.581,115888.623
2014-01-15 02:00:00,82612.216,83065.133,75657.008,115236.851
2014-01-15 03:00:00,82815.497,82612.216,75542.097,115158.794
2014-01-15 04:00:00,85094.867,82815.497,77283.491,117081.621
2014-01-15 05:00:00,90913.543,85094.867,82784.645,121543.547
2014-01-15 06:00:00,100469.993,90913.543,91898.64,128630.873
2014-01-15 07:00:00,106356.34,100469.993,97970.324,133288.136
2014-01-15 08:00:00,106333.342,106356.34,98195.81,132168.05
2014-01-15 09:00:00,104835.69,106333.342,98052.049,128615.536
2014-01-15 10:00:00,103471.795,104835.69,98611.258,125224.45
2014-01-15 11:00:00,101896.849,103471.795,98241.69,122182.555
2014-01-15 12:00:00,100650.817,101896.849,97672.962,119198.671
2014-01-15 13:00:00,99708.168,100650.817,97020.754,117091.637
2014-01-15 14:00:00,99058.572,99708.168,96058.851,115161.28
2014-01-15 15:00:00,99428.683,99058.572,95679.041,114694.139
2014-01-15 16:00:00,101609.555,99428.683,97340.895,117241.595
2014-01-15 17:00:00,107368.195,101609.555,102699.583,123774.213
2014-01-15 18:00:00,110452.076,107368.195,105460.326,126135.807
2014-01-15 19:00:00,109833.687,110452.076,104934.894,125489.604
2014-01-15 20:00:00,108081.186,109833.687,103532.501,123754.716
2014-01-15 21:00:00,104633.994,108081.186,100085.831,119471.048
2014-01-15 22:00:00,98953.977,104633.994,94873.398,112984.259
2014-01-15 23:00:00,93221.843,98953.977,89157.932,106674.756
2014-01-16 00:00:00,89384.706,93221.843,85165.891,102282.28
2014-01-16 01:00:00,87568.081,89384.706,83065.133,99915.144
2014-01-16 02:00:00,86899.957,87568.081,82612.216,98533.007
2014-01-16 03:00:00,87354.784,86899.957,82815.497,98572.796
2014-01-16 04:00:00,89391.495,87354.784,85094.867,100515.776
2014-01-16 05:00:00,95129.651,89391.495,90913.543,105585.857
2014-01-16 06:00:00,105015.594,95129.651,100469.993,114640.728
2014-01-16 07:00:00,111123.611,105015.594,106356.34,119827.987
2014-01-16 08:00:00,111276.612,111123.611,106333.342,118390.606
2014-01-16 09:00:00,110264.554,111276.612,104835.69,115512.557
2014-01-16 10:00:00,109238.8,110264.554,103471.795,112939.769
2014-01-16 11:00:00,107916.481,109238.8,101896.849,109837.772
2014-01-16 12:00:00,105950.061,107916.481,100650.817,107214.057
2014-01-16 13:00:00,104447.691,105950.061,99708.168,105669.463
2014-01-16 14:00:00,103145.823,104447.691,99058.572,104794.044
2014-01-16 15:00:00,102766.179,103145.823,99428.683,104857.011
2014-01-16 16:00:00,104700.927,102766.179,101609.555,107628.99
2014-01-16 17:00:00,110896.386,104700.927,107368.195,114625.16
2014-01-16 18:00:00,114165.401,110896.386,110452.076,117239.595
2014-01-16 19:00:00,113583.222,114165.401,109833.687,116742.645
2014-01-16 20:00:00,112180.058,113583.222,108081.186,115180.735
2014-01-16 21:00:00,108500.279,112180.058,104633.994,111192.849
2014-01-16 22:00:00,102800.245,108500.279,98953.977,104815.782
2014-01-16 23:00:00,96893.301,102800.245,93221.843,98521.932
2014-01-17 00:00:00,92821.255,96893.301,89384.706,93841.845
2014-01-17 01:00:00,90634.126,92821.255,87568.081,91104.971
2014-01-17 02:00:00,89664.802,90634.126,86899.957,89966.642
2014-01-17 03:00:00,89910.987,89664.802,87354.784,89497.343
2014-01-17 04:00:00,91671.159,89910.987,89391.495,90872.299
2014-01-17 05:00:00,97092.234,91671.159,95129.651,95442.693
2014-01-17 06:00:00,106149.921,97092.234,105015.594,103748.893
2014-01-17 07:00:00,111510.564,106149.921,111123.611,109249.679
2014-01-17 08:00:00,110739.972,111510.564,111276.612,109813.81
2014-01-17 09:00:00,108064.9,110739.972,110264.554,109716.595
2014-01-17 10:00:00,105975.657,108064.9,109238.8,109379.291
2014-01-17 11:00:00,103705.058,105975.657,107916.481,108110.759
2014-01-17 12:00:00,101765.842,103705.058,105950.061,106814.297
2014-01-17 13:00:00,100538.783,101765.842,104447.691,105538.658
2014-01-17 14:00:00,99690.73,100538.783,103145.823,103954.243
2014-01-17 15:00:00,99508.081,99690.73,102766.179,103600.22
2014-01-17 16:00:00,101514.022,99508.081,104700.927,104953.783
2014-01-17 17:00:00,107343.255,101514.022,110896.386,109371.828
2014-01-17 18:00:00,109527.714,107343.255,114165.401,109440.261
2014-01-17 19:00:00,108595.666,109527.714,113583.222,106984.495
2014-01-17 20:00:00,107082.9,108595.666,112180.058,104426.6
2014-01-17 21:00:00,104343.22,107082.9,108500.279,100704.351
2014-01-17 22:00:00,100150.471,104343.22,102800.245,95407.302
2014-01-17 23:00:00,95235.926,100150.471,96893.301,89619.463
2014-01-18 00:00:00,91104.817,95235.926,92821.255,84372.145
2014-01-18 01:00:00,89035.291,91104.817,90634.126,81311.183
2014-01-18 02:00:00,88107.91,89035.291,89664.802,79160.37
2014-01-18 03:00:00,88184.451,88107.91,89910.987,78196.722
2014-01-18 04:00:00,89075.892,88184.451,91671.159,78186.382
2014-01-18 05:00:00,91580.176,89075.892,97092.234,79659.927
2014-01-18 06:00:00,95669.252,91580.176,106149.921,82434.903
2014-01-18 07:00:00,100061.544,95669.252,111510.564,86013.268
2014-01-18 08:00:00,103276.281,100061.544,110739.972,89086.389
2014-01-18 09:00:00,105667.783,103276.281,108064.9,91646.808
2014-01-18 10:00:00,105906.712,105667.783,105975.657,93558.474
2014-01-18 11:00:00,104776.313,105906.712,103705.058,93465.054
2014-01-18 12:00:00,102925.73,104776.313,101765.842,92400.954
2014-01-18 13:00:00,100992.762,102925.73,100538.783,91075.218
2014-01-18 14:00:00,99619.389,100992.762,99690.73,89773.648
2014-01-18 15:00:00,99624.537,99619.389,99508.081,89270.011
2014-01-18 16:00:00,101870.012,99624.537,101514.022,90984.445
2014-01-18 17:00:00,108292.829,101870.012,107343.255,94954.903
2014-01-18 18:00:00,111634.607,108292.829,109527.714,95934.689
2014-01-18 19:00:00,111077.054,111634.607,108595.666,94481.92
2014-01-18 20:00:00,109679.055,111077.054,107082.9,93054.202
2014-01-18 21:00:00,107004.579,109679.055,104343.22,90190.543
2014-01-18 22:00:00,103269.59,107004.579,100150.471,86447.106
2014-01-18 23:00:00,98865.69,103269.59,95235.926,82184.937
2014-01-19 00:00:00,94979.136,98865.69,91104.817,78266.917
2014-01-19 01:00:00,92291.131,94979.136,89035.291,75891.718
2014-01-19 02:00:00,90930.146,92291.131,88107.91,74532.02
2014-01-19 03:00:00,90278.234,90930.146,88184.451,74446.306
2014-01-19 04:00:00,90490.94,90278.234,89075.892,75152.346
2014-01-19 05:00:00,91960.624,90490.94,91580.176,76735.911
2014-01-19 06:00:00,94384.386,91960.624,95669.252,79217.029
2014-01-19 07:00:00,97230.983,94384.386,100061.544,83105.317
2014-01-19 08:00:00,99375.448,97230.983,103276.281,86023.333
2014-01-19 09:00:00,100039.919,99375.448,105667.783,88225.117
2014-01-19 10:00:00,98960.555,100039.919,105906.712,89091.484
2014-01-19 11:00:00,97504.336,98960.555,104776.313,88999.263
2014-01-19 12:00:00,95983.423,97504.336,102925.73,88758.791
2014-01-19 13:00:00,93890.183,95983.423,100992.762,87311.738
2014-01-19 14:00:00,92239.178,93890.183,99619.389,86086.83
2014-01-19 15:00:00,91330.373,92239.178,99624.537,85560.089
2014-01-19 16:00:00,93013.902,91330.373,101870.012,87933.845
2014-01-19 17:00:00,99165.78,93013.902,108292.829,94914.697
2014-01-19 18:00:00,104142.249,99165.78,111634.607,99310.418
2014-01-19 19:00:00,103684.019,104142.249,111077.054,99435.271
2014-01-19 20:00:00,102188.642,103684.019,109679.055,98856.083
2014-01-19 21:00:00,99101.497,102188.642,107004.579,95948.082
2014-01-19 22:00:00,95362.989,99101.497,103269.59,91684.459
2014-01-19 23:00:00,90910.312,95362.989,98865.69,87490.23
2014-01-20 00:00:00,87420.288,90910.312,94979.136,84080.605
2014-01-20 01:00:00,85292.569,87420.288,92291.131,82540.765
2014-01-20 02:00:00,84486.704,85292.569,90930.146,82118.028
2014-01-20 03:00:00,84386.614,84486.704,90278.234,82807.935
2014-01-20 04:00:00,85965.904,84386.614,90490.94,85230.707
2014-01-20 05:00:00,90052.619,85965.904,91960.624,91453.597
2014-01-20 06:00:00,96248.718,90052.619,94384.386,101141.645
2014-01-20 07:00:00,101499.377,96248.718,97230.983,106693.493
2014-01-20 08:00:00,103834.458,101499.377,99375.448,105609.105
2014-01-20 09:00:00,104186.246,103834.458,100039.919,102646.287
2014-01-20 10:00:00,103767.603,104186.246,98960.555,100400.991
2014-01-20 11:00:00,102345.147,103767.603,97504.336,98203.381
2014-01-20 12:00:00,100480.253,102345.147,95983.423,96381.563
2014-01-20 13:00:00,98891.957,100480.253,93890.183,95171.915
2014-01-20 14:00:00,97825.582,98891.957,92239.178,94001.143
2014-01-20 15:00:00,97148.505,97825.582,91330.373,93702.537
2014-01-20 16:00:00,98759.897,97148.505,93013.902,95891.385
2014-01-20 17:00:00,104660.706,98759.897,99165.78,101811.258
2014-01-20 18:00:00,108431.393,104660.706,104142.249,103732.48
2014-01-20 19:00:00,107902.264,108431.393,103684.019,102669.395
2014-01-20 20:00:00,106621.591,107902.264,102188.642,100339.151
2014-01-20 21:00:00,103079.145,106621.591,99101.497,96349.112
2014-01-20 22:00:00,98106.779,103079.145,95362.989,90315.216
2014-01-20 23:00:00,92902.564,98106.779,90910.312,83851.17
2014-01-21 00:00:00,89099.736,92902.564,87420.288,79286.072
2014-01-21 01:00:00,87550.989,89099.736,85292.569,76797.581
2014-01-21 02:00:00,87438.116,87550.989,84486.704,75657.008
2014-01-21 03:00:00,88177.56,87438.116,84386.614,75542.097
2014-01-21 04:00:00,90672.172,88177.56,85965.904,77283.491
2014-01-21 05:00:00,96603.287,90672.172,90052.619,82784.645
2014-01-21 06:00:00,105284.966,96603.287,96248.718,91898.64
2014-01-21 07:00:00,111397.484,105284.966,101499.377,97970.324
2014-01-21 08:00:00,112985.601,111397.484,103834.458,98195.81
2014-01-21 09:00:00,114384.216,112985.601,104186.246,98052.049
2014-01-21 10:00:00,115450.951,114384.216,103767.603,98611.258
2014-01-21 11:00:00,116109.532,115450.951,102345.147,98241.69
2014-01-21 12:00:00,116013.146,116109.532,100480.253,97672.962
2014-01-21 13:00:00,115955.163,116013.146,98891.957,97020.754
2014-01-21 14:00:00,115652.683,115955.163,97825.582,96058.851
2014-01-21 15:00:00,115962.811,115652.683,97148.505,95679.041
2014-01-21 16:00:00,118163.701,115962.811,98759.897,97340.895
2014-01-21 17:00:00,124731.121,118163.701,104660.706,102699.583
2014-01-21 18:00:00,128506.12,124731.121,108431.393,105460.326
2014-01-21 19:00:00,127794.532,128506.12,107902.264,104934.894
2014-01-21 20:00:00,126131.852,127794.532,106621.591,103532.501
2014-01-21 21:00:00,122931.165,126131.852,103079.145,100085.831
2014-01-21 22:00:00,118271.837,122931.165,98106.779,94873.398
2014-01-21 23:00:00,113960.886,118271.837,92902.564,89157.932
2014-01-22 00:00:00,110759.901,113960.886,89099.736,85165.891
2014-01-22 01:00:00,109974.918,110759.901,87550.989,83065.133
2014-01-22 02:00:00,110161.108,109974.918,87438.116,82612.216
2014-01-22 03:00:00,111392.623,110161.108,88177.56,82815.497
2014-01-22 04:00:00,113994.484,111392.623,90672.172,85094.867
2014-01-22 05:00:00,119003.943,113994.484,96603.287,90913.543
2014-01-22 06:00:00,126377.875,119003.943,105284.966,100469.993
2014-01-22 07:00:00,132231.927,126377.875,111397.484,106356.34
2014-01-22 08:00:00,133268.979,132231.927,112985.601,106333.342
2014-01-22 09:00:00,131806.227,133268.979,114384.216,104835.69
2014-01-22 10:00:00,130229.367,131806.227,115450.951,103471.795
2014-01-22 11:00:00,128094.041,130229.367,116109.532,101896.849
2014-01-22 12:00:00,125968.122,128094.041,116013.146,100650.817
2014-01-22 13:00:00,123835.349,125968.122,115955.163,99708.168
2014-01-22 14:00:00,122310.862,123835.349,115652.683,99058.572
2014-01-22 15:00:00,121975.993,122310.862,115962.811,99428.683
2014-01-22 16:00:00,124217.509,121975.993,118163.701,101609.555
2014-01-22 17:00:00,131096.129,124217.509,124731.121,107368.195
2014-01-22 18:00:00,135061.252,131096.129,128506.12,110452.076
2014-01-22 19:00:00,134530.335,135061.252,127794.532,109833.687
2014-01-22 20:00:00,132946.212,134530.335,126131.852,108081.186
2014-01-22 21:00:00,129040.703,132946.212,122931.165,104633.994
2014-01-22 22:00:00,122858.603,129040.703,118271.837,98953.977
2014-01-22 23:00:00,117296.992,122858.603,113960.886,93221.843
2014-01-23 00:00:00,113360.204,117296.992,110759.901,89384.706
2014-01-23 01:00:00,111483.384,113360.204,109974.918,87568.081
2014-01-23 02:00:00,110849.142,111483.384,110161.108,86899.957
2014-01-23 03:00:00,111169.065,110849.142,111392.623,87354.784
2014-01-23 04:00:00,113413.097,111169.065,113994.484,89391.495
2014-01-23 05:00:00,118752.738,113413.097,119003.943,95129.651
2014-01-23 06:00:00,127271.985,118752.738,126377.875,105015.594
2014-01-23 07:00:00,132431.034,127271.985,132231.927,111123.611
2014-01-23 08:00:00,132097.755,132431.034,133268.979,111276.612
2014-01-23 09:00:00,129467.284,132097.755,131806.227,110264.554
2014-01-23 10:00:00,126959.265,129467.284,130229.367,109238.8
2014-01-23 11:00:00,124398.892,126959.265,128094.041,107916.481
2014-01-23 12:00:00,122248.17,124398.892,125968.122,105950.061
2014-01-23 13:00:00,120757.527,122248.17,123835.349,104447.691
2014-01-23 14:00:00,120160.554,120757.527,122310.862,103145.823
2014-01-23 15:00:00,120036.738,120160.554,121975.993,102766.179
2014-01-23 16:00:00,121963.031,120036.738,124217.509,104700.927
2014-01-23 17:00:00,128435.403,121963.031,131096.129,110896.386
2014-01-23 18:00:00,133792.01,128435.403,135061.252,114165.401
2014-01-23 19:00:00,134301.983,133792.01,134530.335,113583.222
2014-01-23 20:00:00,133405.411,134301.983,132946.212,112180.058
2014-01-23 21:00:00,130685.478,133405.411,129040.703,108500.279
2014-01-23 22:00:00,125432.922,130685.478,122858.603,102800.245
2014-01-23 23:00:00,120323.136,125432.922,117296.992,96893.301
2014-01-24 00:00:00,117405.825,120323.136,113360.204,92821.255
2014-01-24 01:00:00,116182.703,117405.825,111483.384,90634.126
2014-01-24 02:00:00,116148.317,116182.703,110849.142,89664.802
2014-01-24 03:00:00,116772.416,116148.317,111169.065,89910.987
2014-01-24 04:00:00,119015.816,116772.416,113413.097,91671.159
2014-01-24 05:00:00,124091.382,119015.816,118752.738,97092.234
2014-01-24 06:00:00,131929.607,124091.382,127271.985,106149.921
2014-01-24 07:00:00,136982.197,131929.607,132431.034,111510.564
2014-01-24 08:00:00,136324.684,136982.197,132097.755,110739.972
2014-01-24 09:00:00,134245.784,136324.684,129467.284,108064.9
2014-01-24 10:00:00,131508.208,134245.784,126959.265,105975.657
2014-01-24 11:00:00,128037.639,131508.208,124398.892,103705.058
2014-01-24 12:00:00,124862.611,128037.639,122248.17,101765.842
2014-01-24 13:00:00,122524.903,124862.611,120757.527,100538.783
2014-01-24 14:00:00,120609.301,122524.903,120160.554,99690.73
2014-01-24 15:00:00,120102.965,120609.301,120036.738,99508.081
2014-01-24 16:00:00,122124.119,120102.965,121963.031,101514.022
2014-01-24 17:00:00,128182.912,122124.119,128435.403,107343.255
2014-01-24 18:00:00,131690.723,128182.912,133792.01,109527.714
2014-01-24 19:00:00,130829.438,131690.723,134301.983,108595.666
2014-01-24 20:00:00,129172.521,130829.438,133405.411,107082.9
2014-01-24 21:00:00,125810.994,129172.521,130685.478,104343.22
2014-01-24 22:00:00,120614.652,125810.994,125432.922,100150.471
2014-01-24 23:00:00,115206.934,120614.652,120323.136,95235.926
2014-01-25 00:00:00,110737.02,115206.934,117405.825,91104.817
2014-01-25 01:00:00,108012.33,110737.02,116182.703,89035.291
2014-01-25 02:00:00,106556.337,108012.33,116148.317,88107.91
2014-01-25 03:00:00,105718.473,106556.337,116772.416,88184.451
2014-01-25 04:00:00,105833.438,105718.473,119015.816,89075.892
2014-01-25 05:00:00,107215.373,105833.438,124091.382,91580.176
2014-01-25 06:00:00,110017.633,107215.373,131929.607,95669.252
2014-01-25 07:00:00,113176.081,110017.633,136982.197,100061.544
2014-01-25 08:00:00,115197.077,113176.081,136324.684,103276.281
2014-01-25 09:00:00,117532.316,115197.077,134245.784,105667.783
2014-01-25 10:00:00,118034.962,117532.316,131508.208,105906.712
2014-01-25 11:00:00,117160.12,118034.962,128037.639,104776.313
2014-01-25 12:00:00,115069.106,117160.12,124862.611,102925.73
2014-01-25 13:00:00,112729.619,115069.106,122524.903,100992.762
2014-01-25 14:00:00,110642.404,112729.619,120609.301,99619.389
2014-01-25 15:00:00,109296.138,110642.404,120102.965,99624.537
2014-01-25 16:00:00,109993.43,109296.138,122124.119,101870.012
2014-01-25 17:00:00,114544.492,109993.43,128182.912,108292.829
2014-01-25 18:00:00,118274.928,114544.492,131690.723,111634.607
2014-01-25 19:00:00,117277.905,118274.928,130829.438,111077.054
2014-01-25 20:00:00,115480.407,117277.905,129172.521,109679.055
2014-01-25 21:00:00,112879.467,115480.407,125810.994,107004.579
2014-01-25 22:00:00,109020.045,112879.467,120614.652,103269.59
2014-01-25 23:00:00,104943.843,109020.045,115206.934,98865.69
2014-01-26 00:00:00,101497.598,104943.843,110737.02,94979.136
2014-01-26 01:00:00,99877.218,101497.598,108012.33,92291.131
2014-01-26 02:00:00,99536.02,99877.218,106556.337,90930.146
2014-01-26 03:00:00,99652.65,99536.02,105718.473,90278.234
2014-01-26 04:00:00,100756.991,99652.65,105833.438,90490.94
2014-01-26 05:00:00,102667.021,100756.991,107215.373,91960.624
2014-01-26 06:00:00,105945.588,102667.021,110017.633,94384.386
2014-01-26 07:00:00,108913.018,105945.588,113176.081,97230.983
2014-01-26 08:00:00,110390.874,108913.018,115197.077,99375.448
2014-01-26 09:00:00,110101.386,110390.874,117532.316,100039.919
2014-01-26 10:00:00,109041.295,110101.386,118034.962,98960.555
2014-01-26 11:00:00,107640.241,109041.295,117160.12,97504.336
2014-01-26 12:00:00,106900.931,107640.241,115069.106,95983.423
2014-01-26 13:00:00,106127.437,106900.931,112729.619,93890.183
2014-01-26 14:00:00,105204.183,106127.437,110642.404,92239.178
2014-01-26 15:00:00,103887.617,105204.183,109296.138,91330.373
2014-01-26 16:00:00,104867.806,103887.617,109993.43,93013.902
2014-01-26 17:00:00,110267.952,104867.806,114544.492,99165.78
2014-01-26 18:00:00,114005.82,110267.952,118274.928,104142.249
2014-01-26 19:00:00,113229.598,114005.82,117277.905,103684.019
2014-01-26 20:00:00,111241.208,113229.598,115480.407,102188.642
2014-01-26 21:00:00,107317.024,111241.208,112879.467,99101.497
2014-01-26 22:00:00,102635.258,107317.024,109020.045,95362.989
2014-01-26 23:00:00,98061.043,102635.258,104943.843,90910.312
2014-01-27 00:00:00,94365.42,98061.043,101497.598,87420.288
2014-01-27 01:00:00,92474.797,94365.42,99877.218,85292.569
2014-01-27 02:00:00,91899.175,92474.797,99536.02,84486.704
2014-01-27 03:00:00,92415.289,91899.175,99652.65,84386.614
2014-01-27 04:00:00,94543.022,92415.289,100756.991,85965.904
2014-01-27 05:00:00,99955.527,94543.022,102667.021,90052.619
2014-01-27 06:00:00,109025.033,99955.527,105945.588,96248.718
2014-01-27 07:00:00,114465.691,109025.033,108913.018,101499.377
2014-01-27 08:00:00,114445.071,114465.691,110390.874,103834.458
2014-01-27 09:00:00,113644.043,114445.071,110101.386,104186.246
2014-01-27 10:00:00,112652.835,113644.043,109041.295,103767.603
2014-01-27 11:00:00,111343.727,112652.835,107640.241,102345.147
2014-01-27 12:00:00,110185.587,111343.727,106900.931,100480.253
2014-01-27 13:00:00,109806.623,110185.587,106127.437,98891.957
2014-01-27 14:00:00,109422.43,109806.623,105204.183,97825.582
2014-01-27 15:00:00,110078.378,109422.43,103887.617,97148.505
2014-01-27 16:00:00,113190.377,110078.378,104867.806,98759.897
2014-01-27 17:00:00,120000.267,113190.377,110267.952,104660.706
2014-01-27 18:00:00,125476.226,120000.267,114005.82,108431.393
2014-01-27 19:00:00,126378.96,125476.226,113229.598,107902.264
2014-01-27 20:00:00,125693.743,126378.96,111241.208,106621.591
2014-01-27 21:00:00,122870.378,125693.743,107317.024,103079.145
2014-01-27 22:00:00,118175.726,122870.378,102635.258,98106.779
2014-01-27 23:00:00,113535.691,118175.726,98061.043,92902.564
2014-01-28 00:00:00,110582.946,113535.691,94365.42,89099.736
2014-01-28 01:00:00,109572.881,110582.946,92474.797,87550.989
2014-01-28 02:00:00,109955.804,109572.881,91899.175,87438.116
2014-01-28 03:00:00,110917.788,109955.804,92415.289,88177.56
2014-01-28 04:00:00,113662.384,110917.788,94543.022,90672.172
2014-01-28 05:00:00,119339.831,113662.384,99955.527,96603.287
2014-01-28 06:00:00,127727.513,119339.831,109025.033,105284.966
2014-01-28 07:00:00,132754.872,127727.513,114465.691,111397.484
2014-01-28 08:00:00,133136.655,132754.872,114445.071,112985.601
2014-01-28 09:00:00,132556.047,133136.655,113644.043,114384.216
2014-01-28 10:00:00,131375.313,132556.047,112652.835,115450.951
2014-01-28 11:00:00,129219.77,131375.313,111343.727,116109.532
2014-01-28 12:00:00,127383.243,129219.77,110185.587,116013.146
2014-01-28 13:00:00,126401.804,127383.243,109806.623,115955.163
2014-01-28 14:00:00,125755.638,126401.804,109422.43,115652.683
2014-01-28 15:00:00,125769.864,125755.638,110078.378,115962.811
2014-01-28 16:00:00,127876.81,125769.864,113190.377,118163.701
2014-01-28 17:00:00,133196.747,127876.81,120000.267,124731.121
2014-01-28 18:00:00,137335.9,133196.747,125476.226,128506.12
2014-01-28 19:00:00,136992.412,137335.9,126378.96,127794.532
2014-01-28 20:00:00,135124.176,136992.412,125693.743,126131.852
2014-01-28 21:00:00,131168.279,135124.176,122870.378,122931.165
2014-01-28 22:00:00,125826.364,131168.279,118175.726,118271.837
2014-01-28 23:00:00,120755.215,125826.364,113535.691,113960.886
2014-01-29 00:00:00,117602.836,120755.215,110582.946,110759.901
2014-01-29 01:00:00,116329.918,117602.836,109572.881,109974.918
2014-01-29 02:00:00,115931.916,116329.918,109955.804,110161.108
2014-01-29 03:00:00,116338.249,115931.916,110917.788,111392.623
2014-01-29 04:00:00,118351.586,116338.249,113662.384,113994.484
2014-01-29 05:00:00,123150.558,118351.586,119339.831,119003.943
2014-01-29 06:00:00,130635.26,123150.558,127727.513,126377.875
2014-01-29 07:00:00,135819.634,130635.26,132754.872,132231.927
2014-01-29 08:00:00,136019.893,135819.634,133136.655,133268.979
2014-01-29 09:00:00,133234.15,136019.893,132556.047,131806.227
2014-01-29 10:00:00,129837.625,133234.15,131375.313,130229.367
2014-01-29 11:00:00,126625.44,129837.625,129219.77,128094.041
2014-01-29 12:00:00,123640.716,126625.44,127383.243,125968.122
2014-01-29 13:00:00,121017.684,123640.716,126401.804,123835.349
2014-01-29 14:00:00,118710.755,121017.684,125755.638,122310.862
2014-01-29 15:00:00,117591.772,118710.755,125769.864,121975.993
2014-01-29 16:00:00,119489.454,117591.772,127876.81,124217.509
2014-01-29 17:00:00,125981.821,119489.454,133196.747,131096.129
2014-01-29 18:00:00,131887.031,125981.821,137335.9,135061.252
2014-01-29 19:00:00,132340.297,131887.031,136992.412,134530.335
2014-01-29 20:00:00,131143.806,132340.297,135124.176,132946.212
2014-01-29 21:00:00,127690.42,131143.806,131168.279,129040.703
2014-01-29 22:00:00,122225.423,127690.42,125826.364,122858.603
2014-01-29 23:00:00,117787.572,122225.423,120755.215,117296.992
2014-01-30 00:00:00,114738.256,117787.572,117602.836,113360.204
2014-01-30 01:00:00,113741.274,114738.256,116329.918,111483.384
2014-01-30 02:00:00,113975.358,113741.274,115931.916,110849.142
2014-01-30 03:00:00,114903.804,113975.358,116338.249,111169.065
2014-01-30 04:00:00,117415.477,114903.804,118351.586,113413.097
2014-01-30 05:00:00,123119.837,117415.477,123150.558,118752.738
2014-01-30 06:00:00,131721.996,123119.837,130635.26,127271.985
2014-01-30 07:00:00,136214.684,131721.996,135819.634,132431.034
2014-01-30 08:00:00,134216.698,136214.684,136019.893,132097.755
2014-01-30 09:00:00,128699.911,134216.698,133234.15,129467.284
2014-01-30 10:00:00,123767.924,128699.911,129837.625,126959.265
2014-01-30 11:00:00,119780.914,123767.924,126625.44,124398.892
2014-01-30 12:00:00,116234.992,119780.914,123640.716,122248.17
2014-01-30 13:00:00,113750.715,116234.992,121017.684,120757.527
2014-01-30 14:00:00,111780.791,113750.715,118710.755,120160.554
2014-01-30 15:00:00,111017.839,111780.791,117591.772,120036.738
2014-01-30 16:00:00,112941.374,111017.839,119489.454,121963.031
2014-01-30 17:00:00,118853.634,112941.374,125981.821,128435.403
2014-01-30 18:00:00,124061.756,118853.634,131887.031,133792.01
2014-01-30 19:00:00,124159.615,124061.756,132340.297,134301.983
2014-01-30 20:00:00,122780.355,124159.615,131143.806,133405.411
2014-01-30 21:00:00,119075.766,122780.355,127690.42,130685.478
2014-01-30 22:00:00,112891.132,119075.766,122225.423,125432.922
2014-01-30 23:00:00,106738.738,112891.132,117787.572,120323.136
2014-01-31 00:00:00,102124.209,106738.738,114738.256,117405.825
2014-01-31 01:00:00,99793.032,102124.209,113741.274,116182.703
2014-01-31 02:00:00,98914.25,99793.032,113975.358,116148.317
2014-01-31 03:00:00,98510.618,98914.25,114903.804,116772.416
2014-01-31 04:00:00,100031.781,98510.618,117415.477,119015.816
2014-01-31 05:00:00,104840.698,100031.781,123119.837,124091.382
2014-01-31 06:00:00,113062.827,104840.698,131721.996,131929.607
2014-01-31 07:00:00,117733.053,113062.827,136214.684,136982.197
2014-01-31 08:00:00,116553.297,117733.053,134216.698,136324.684
2014-01-31 09:00:00,114120.907,116553.297,128699.911,134245.784
2014-01-31 10:00:00,111576.77,114120.907,123767.924,131508.208
2014-01-31 11:00:00,108363.245,111576.77,119780.914,128037.639
2014-01-31 12:00:00,105838.561,108363.245,116234.992,124862.611
2014-01-31 13:00:00,103573.223,105838.561,113750.715,122524.903
2014-01-31 14:00:00,101647.181,103573.223,111780.791,120609.301
2014-01-31 15:00:00,100583.148,101647.181,111017.839,120102.965
2014-01-31 16:00:00,101491.866,100583.148,112941.374,122124.119
2014-01-31 17:00:00,106140.822,101491.866,118853.634,128182.912
2014-01-31 18:00:00,109965.236,106140.822,124061.756,131690.723
2014-01-31 19:00:00,109045.44,109965.236,124159.615,130829.438
2014-01-31 20:00:00,107623.384,109045.44,122780.355,129172.521
2014-01-31 21:00:00,104926.546,107623.384,119075.766,125810.994
2014-01-31 22:00:00,100675.979,104926.546,112891.132,120614.652
2014-01-31 23:00:00,95683.385,100675.979,106738.738,115206.934
2014-02-01 00:00:00,91781.012,95683.385,102124.209,110737.02
2014-02-01 01:00:00,89489.288,91781.012,99793.032,108012.33
2014-02-01 02:00:00,88388.678,89489.288,98914.25,106556.337
2014-02-01 03:00:00,88099.39,88388.678,98510.618,105718.473
2014-02-01 04:00:00,88679.501,88099.39,100031.781,105833.438
2014-02-01 05:00:00,90828.66,88679.501,104840.698,107215.373
2014-02-01 06:00:00,94524.745,90828.66,113062.827,110017.633
2014-02-01 07:00:00,97994.785,94524.745,117733.053,113176.081
2014-02-01 08:00:00,99848.035,97994.785,116553.297,115197.077
2014-02-01 09:00:00,99491.968,99848.035,114120.907,117532.316
2014-02-01 10:00:00,97944.211,99491.968,111576.77,118034.962
2014-02-01 11:00:00,95910.104,97944.211,108363.245,117160.12
2014-02-01 12:00:00,93155.936,95910.104,105838.561,115069.106
2014-02-01 13:00:00,90514.915,93155.936,103573.223,112729.619
2014-02-01 14:00:00,88397.638,90514.915,101647.181,110642.404
2014-02-01 15:00:00,87791.487,88397.638,100583.148,109296.138
2014-02-01 16:00:00,88970.815,87791.487,101491.866,109993.43
2014-02-01 17:00:00,93697.238,88970.815,106140.822,114544.492
2014-02-01 18:00:00,98093.41,93697.238,109965.236,118274.928
2014-02-01 19:00:00,97766.713,98093.41,109045.44,117277.905
2014-02-01 20:00:00,96277.371,97766.713,107623.384,115480.407
2014-02-01 21:00:00,93870.548,96277.371,104926.546,112879.467
2014-02-01 22:00:00,90167.622,93870.548,100675.979,109020.045
2014-02-01 23:00:00,85880.277,90167.622,95683.385,104943.843
2014-02-02 00:00:00,82131.637,85880.277,91781.012,101497.598
2014-02-02 01:00:00,80016.914,82131.637,89489.288,99877.218
2014-02-02 02:00:00,78883.358,80016.914,88388.678,99536.02
2014-02-02 03:00:00,78698.697,78883.358,88099.39,99652.65
2014-02-02 04:00:00,79186.54,78698.697,88679.501,100756.991
2014-02-02 05:00:00,81116.593,79186.54,90828.66,102667.021
2014-02-02 06:00:00,84453.749,81116.593,94524.745,105945.588
2014-02-02 07:00:00,87149.747,84453.749,97994.785,108913.018
2014-02-02 08:00:00,89489.674,87149.747,99848.035,110390.874
2014-02-02 09:00:00,90621.092,89489.674,99491.968,110101.386
2014-02-02 10:00:00,90377.581,90621.092,97944.211,109041.295
2014-02-02 11:00:00,90027.194,90377.581,95910.104,107640.241
2014-02-02 12:00:00,89595.213,90027.194,93155.936,106900.931
2014-02-02 13:00:00,89212.088,89595.213,90514.915,106127.437
2014-02-02 14:00:00,88892.052,89212.088,88397.638,105204.183
2014-02-02 15:00:00,89064.564,88892.052,87791.487,103887.617
2014-02-02 16:00:00,91035.323,89064.564,88970.815,104867.806
2014-02-02 17:00:00,95930.848,91035.323,93697.238,110267.952
2014-02-02 18:00:00,98232.321,95930.848,98093.41,114005.82
2014-02-02 19:00:00,96328.167,98232.321,97766.713,113229.598
2014-02-02 20:00:00,95249.664,96328.167,96277.371,111241.208
2014-02-02 21:00:00,93307.817,95249.664,93870.548,107317.024
2014-02-02 22:00:00,90729.583,93307.817,90167.622,102635.258
2014-02-02 23:00:00,86350.108,90729.583,85880.277,98061.043
2014-02-03 00:00:00,82950.181,86350.108,82131.637,94365.42
2014-02-03 01:00:00,81479.356,82950.181,80016.914,92474.797
2014-02-03 02:00:00,81026.35,81479.356,78883.358,91899.175
2014-02-03 03:00:00,81889.02,81026.35,78698.697,92415.289
2014-02-03 04:00:00,84417.349,81889.02,79186.54,94543.022
2014-02-03 05:00:00,90226.621,84417.349,81116.593,99955.527
2014-02-03 06:00:00,99026.296,90226.621,84453.749,109025.033
2014-02-03 07:00:00,105423.396,99026.296,87149.747,114465.691
2014-02-03 08:00:00,107176.557,105423.396,89489.674,114445.071
2014-02-03 09:00:00,108192.372,107176.557,90621.092,113644.043
2014-02-03 10:00:00,108601.161,108192.372,90377.581,112652.835
2014-02-03 11:00:00,108478.15,108601.161,90027.194,111343.727
2014-02-03 12:00:00,107913.81,108478.15,89595.213,110185.587
2014-02-03 13:00:00,106688.963,107913.81,89212.088,109806.623
2014-02-03 14:00:00,105231.572,106688.963,88892.052,109422.43
2014-02-03 15:00:00,104235.041,105231.572,89064.564,110078.378
2014-02-03 16:00:00,105098.107,104235.041,91035.323,113190.377
2014-02-03 17:00:00,109926.363,105098.107,95930.848,120000.267
2014-02-03 18:00:00,114989.11,109926.363,98232.321,125476.226
2014-02-03 19:00:00,114872.942,114989.11,96328.167,126378.96
2014-02-03 20:00:00,112878.559,114872.942,95249.664,125693.743
2014-02-03 21:00:00,109214.329,112878.559,93307.817,122870.378
2014-02-03 22:00:00,103571.961,109214.329,90729.583,118175.726
2014-02-03 23:00:00,98468.048,103571.961,86350.108,113535.691
2014-02-04 00:00:00,94946.097,98468.048,82950.181,110582.946
2014-02-04 01:00:00,93457.037,94946.097,81479.356,109572.881
2014-02-04 02:00:00,92875.073,93457.037,81026.35,109955.804
2014-02-04 03:00:00,93389.231,92875.073,81889.02,110917.788
2014-02-04 04:00:00,95634.041,93389.231,84417.349,113662.384
2014-02-04 05:00:00,101453.846,95634.041,90226.621,119339.831
2014-02-04 06:00:00,110603.919,101453.846,99026.296,127727.513
2014-02-04 07:00:00,115961.941,110603.919,105423.396,132754.872
2014-02-04 08:00:00,115692.819,115961.941,107176.557,133136.655
2014-02-04 09:00:00,113821.696,115692.819,108192.372,132556.047
2014-02-04 10:00:00,111934.621,113821.696,108601.161,131375.313
2014-02-04 11:00:00,109778.103,111934.621,108478.15,129219.77
2014-02-04 12:00:00,107936.384,109778.103,107913.81,127383.243
2014-02-04 13:00:00,106794.135,107936.384,106688.963,126401.804
2014-02-04 14:00:00,106168.397,106794.135,105231.572,125755.638
2014-02-04 15:00:00,106121.452,106168.397,104235.041,125769.864
2014-02-04 16:00:00,108114.558,106121.452,105098.107,127876.81
2014-02-04 17:00:00,113242.369,108114.558,109926.363,133196.747
2014-02-04 18:00:00,117238.647,113242.369,114989.11,137335.9
2014-02-04 19:00:00,116569.676,117238.647,114872.942,136992.412
2014-02-04 20:00:00,114622.821,116569.676,112878.559,135124.176
2014-02-04 21:00:00,110619.717,114622.821,109214.329,131168.279
2014-02-04 22:00:00,104831.782,110619.717,103571.961,125826.364
2014-02-04 23:00:00,98853.868,104831.782,98468.048,120755.215
2014-02-05 00:00:00,94593.253,98853.868,94946.097,117602.836
2014-02-05 01:00:00,92105.713,94593.253,93457.037,116329.918
2014-02-05 02:00:00,90925.929,92105.713,92875.073,115931.916
2014-02-05 03:00:00,90775.912,90925.929,93389.231,116338.249
2014-02-05 04:00:00,91958.531,90775.912,95634.041,118351.586
2014-02-05 05:00:00,96089.989,91958.531,101453.846,123150.558
2014-02-05 06:00:00,102168.556,96089.989,110603.919,130635.26
2014-02-05 07:00:00,105981.47,102168.556,115961.941,135819.634
2014-02-05 08:00:00,107020.774,105981.47,115692.819,136019.893
2014-02-05 09:00:00,107971.05,107020.774,113821.696,133234.15
2014-02-05 10:00:00,108459.907,107971.05,111934.621,129837.625
2014-02-05 11:00:00,108935.545,108459.907,109778.103,126625.44
2014-02-05 12:00:00,108375.023,108935.545,107936.384,123640.716
2014-02-05 13:00:00,107358.105,108375.023,106794.135,121017.684
2014-02-05 14:00:00,106288.413,107358.105,106168.397,118710.755
2014-02-05 15:00:00,105509.117,106288.413,106121.452,117591.772
2014-02-05 16:00:00,106421.488,105509.117,108114.558,119489.454
2014-02-05 17:00:00,110225.789,106421.488,113242.369,125981.821
2014-02-05 18:00:00,114563.22,110225.789,117238.647,131887.031
2014-02-05 19:00:00,114070.534,114563.22,116569.676,132340.297
2014-02-05 20:00:00,112445.293,114070.534,114622.821,131143.806
2014-02-05 21:00:00,108589.686,112445.293,110619.717,127690.42
2014-02-05 22:00:00,103443.127,108589.686,104831.782,122225.423
2014-02-05 23:00:00,98368.292,103443.127,98853.868,117787.572
2014-02-06 00:00:00,94949.174,98368.292,94593.253,114738.256
2014-02-06 01:00:00,93278.818,94949.174,92105.713,113741.274
2014-02-06 02:00:00,93140.639,93278.818,90925.929,113975.358
2014-02-06 03:00:00,93778.119,93140.639,90775.912,114903.804
2014-02-06 04:00:00,96227.742,93778.119,91958.531,117415.477
2014-02-06 05:00:00,101637.028,96227.742,96089.989,123119.837
2014-02-06 06:00:00,110620.473,101637.028,102168.556,131721.996
2014-02-06 07:00:00,116221.493,110620.473,105981.47,136214.684
2014-02-06 08:00:00,116102.537,116221.493,107020.774,134216.698
2014-02-06 09:00:00,114448.196,116102.537,107971.05,128699.911
2014-02-06 10:00:00,112571.882,114448.196,108459.907,123767.924
2014-02-06 11:00:00,110460.349,112571.882,108935.545,119780.914
2014-02-06 12:00:00,108472.179,110460.349,108375.023,116234.992
2014-02-06 13:00:00,107384.852,108472.179,107358.105,113750.715
2014-02-06 14:00:00,106387.626,107384.852,106288.413,111780.791
2014-02-06 15:00:00,106184.333,106387.626,105509.117,111017.839
2014-02-06 16:00:00,107826.72,106184.333,106421.488,112941.374
2014-02-06 17:00:00,112924.684,107826.72,110225.789,118853.634
2014-02-06 18:00:00,118650.108,112924.684,114563.22,124061.756
2014-02-06 19:00:00,119263.271,118650.108,114070.534,124159.615
2014-02-06 20:00:00,117921.52,119263.271,112445.293,122780.355
2014-02-06 21:00:00,114501.89,117921.52,108589.686,119075.766
2014-02-06 22:00:00,108770.409,114501.89,103443.127,112891.132
2014-02-06 23:00:00,103194.057,108770.409,98368.292,106738.738
2014-02-07 00:00:00,99375.089,103194.057,94949.174,102124.209
2014-02-07 01:00:00,97773.944,99375.089,93278.818,99793.032
2014-02-07 02:00:00,97206.879,97773.944,93140.639,98914.25
2014-02-07 03:00:00,97664.364,97206.879,93778.119,98510.618
2014-02-07 04:00:00,100222.166,97664.364,96227.742,100031.781
2014-02-07 05:00:00,106088.669,100222.166,101637.028,104840.698
2014-02-07 06:00:00,115755.114,106088.669,110620.473,113062.827
2014-02-07 07:00:00,120626.662,115755.114,116221.493,117733.053
2014-02-07 08:00:00,119186.348,120626.662,116102.537,116553.297
2014-02-07 09:00:00,115911.98,119186.348,114448.196,114120.907
2014-02-07 10:00:00,113094.047,115911.98,112571.882,111576.77
2014-02-07 11:00:00,110515.04,113094.047,110460.349,108363.245
2014-02-07 12:00:00,108198.97,110515.04,108472.179,105838.561
2014-02-07 13:00:00,106502.014,108198.97,107384.852,103573.223
2014-02-07 14:00:00,104938.879,106502.014,106387.626,101647.181
2014-02-07 15:00:00,104085.808,104938.879,106184.333,100583.148
2014-02-07 16:00:00,105075.636,104085.808,107826.72,101491.866
2014-02-07 17:00:00,109133.206,105075.636,112924.684,106140.822
2014-02-07 18:00:00,114826.622,109133.206,118650.108,109965.236
2014-02-07 19:00:00,115312.01,114826.622,119263.271,109045.44
2014-02-07 20:00:00,114234.312,115312.01,117921.52,107623.384
2014-02-07 21:00:00,111687.348,114234.312,114501.89,104926.546
2014-02-07 22:00:00,107784.035,111687.348,108770.409,100675.979
2014-02-07 23:00:00,103213.463,107784.035,103194.057,95683.385
2014-02-08 00:00:00,99285.734,103213.463,99375.089,91781.012
2014-02-08 01:00:00,97086.987,99285.734,97773.944,89489.288
2014-02-08 02:00:00,96105.45,97086.987,97206.879,88388.678
2014-02-08 03:00:00,95851.474,96105.45,97664.364,88099.39
2014-02-08 04:00:00,96332.345,95851.474,100222.166,88679.501
2014-02-08 05:00:00,98540.804,96332.345,106088.669,90828.66
2014-02-08 06:00:00,101998.766,98540.804,115755.114,94524.745
2014-02-08 07:00:00,105303.218,101998.766,120626.662,97994.785
2014-02-08 08:00:00,108093.122,105303.218,119186.348,99848.035
2014-02-08 09:00:00,109619.848,108093.122,115911.98,99491.968
2014-02-08 10:00:00,109412.572,109619.848,113094.047,97944.211
2014-02-08 11:00:00,107999.011,109412.572,110515.04,95910.104
2014-02-08 12:00:00,106050.942,107999.011,108198.97,93155.936
2014-02-08 13:00:00,103894.589,106050.942,106502.014,90514.915
2014-02-08 14:00:00,101737.99,103894.589,104938.879,88397.638
2014-02-08 15:00:00,100437.449,101737.99,104085.808,87791.487
2014-02-08 16:00:00,101488.394,100437.449,105075.636,88970.815
2014-02-08 17:00:00,105536.609,101488.394,109133.206,93697.238
2014-02-08 18:00:00,109965.726,105536.609,114826.622,98093.41
2014-02-08 19:00:00,109783.403,109965.726,115312.01,97766.713
2014-02-08 20:00:00,108393.305,109783.403,114234.312,96277.371
2014-02-08 21:00:00,106099.575,108393.305,111687.348,93870.548
2014-02-08 22:00:00,102310.331,106099.575,107784.035,90167.622
2014-02-08 23:00:00,98349.501,102310.331,103213.463,85880.277
2014-02-09 00:00:00,94857.963,98349.501,99285.734,82131.637
2014-02-09 01:00:00,92690.16,94857.963,97086.987,80016.914
2014-02-09 02:00:00,91541.817,92690.16,96105.45,78883.358
2014-02-09 03:00:00,90950.143,91541.817,95851.474,78698.697
2014-02-09 04:00:00,91246.89,90950.143,96332.345,79186.54
2014-02-09 05:00:00,92450.906,91246.89,98540.804,81116.593
2014-02-09 06:00:00,94879.385,92450.906,101998.766,84453.749
2014-02-09 07:00:00,97453.722,94879.385,105303.218,87149.747
2014-02-09 08:00:00,100106.233,97453.722,108093.122,89489.674
2014-02-09 09:00:00,101864.44,100106.233,109619.848,90621.092
2014-02-09 10:00:00,102033.426,101864.44,109412.572,90377.581
2014-02-09 11:00:00,101173.754,102033.426,107999.011,90027.194
2014-02-09 12:00:00,100642.002,101173.754,106050.942,89595.213
2014-02-09 13:00:00,100149.71,100642.002,103894.589,89212.088
2014-02-09 14:00:00,99846.208,100149.71,101737.99,88892.052
2014-02-09 15:00:00,100454.112,99846.208,100437.449,89064.564
2014-02-09 16:00:00,102596.069,100454.112,101488.394,91035.323
2014-02-09 17:00:00,106717.571,102596.069,105536.609,95930.848
2014-02-09 18:00:00,111531.364,106717.571,109965.726,98232.321
2014-02-09 19:00:00,111704.621,111531.364,109783.403,96328.167
2014-02-09 20:00:00,110056.783,111704.621,108393.305,95249.664
2014-02-09 21:00:00,106457.74,110056.783,106099.575,93307.817
2014-02-09 22:00:00,101957.924,106457.74,102310.331,90729.583
2014-02-09 23:00:00,97626.785,101957.924,98349.501,86350.108
2014-02-10 00:00:00,94652.061,97626.785,94857.963,82950.181
2014-02-10 01:00:00,93041.252,94652.061,92690.16,81479.356
2014-02-10 02:00:00,93039.015,93041.252,91541.817,81026.35
2014-02-10 03:00:00,93972.046,93039.015,90950.143,81889.02
2014-02-10 04:00:00,96944.957,93972.046,91246.89,84417.349
2014-02-10 05:00:00,103098.209,96944.957,92450.906,90226.621
2014-02-10 06:00:00,112867.903,103098.209,94879.385,99026.296
2014-02-10 07:00:00,118278.784,112867.903,97453.722,105423.396
2014-02-10 08:00:00,118829.149,118278.784,100106.233,107176.557
2014-02-10 09:00:00,117423.705,118829.149,101864.44,108192.372
2014-02-10 10:00:00,116039.601,117423.705,102033.426,108601.161
2014-02-10 11:00:00,114118.08,116039.601,101173.754,108478.15
2014-02-10 12:00:00,112429.464,114118.08,100642.002,107913.81
2014-02-10 13:00:00,111127.395,112429.464,100149.71,106688.963
2014-02-10 14:00:00,109743.312,111127.395,99846.208,105231.572
2014-02-10 15:00:00,109017.989,109743.312,100454.112,104235.041
2014-02-10 16:00:00,110531.578,109017.989,102596.069,105098.107
2014-02-10 17:00:00,115269.552,110531.578,106717.571,109926.363
2014-02-10 18:00:00,121611.771,115269.552,111531.364,114989.11
2014-02-10 19:00:00,122984.982,121611.771,111704.621,114872.942
2014-02-10 20:00:00,122113.296,122984.982,110056.783,112878.559
2014-02-10 21:00:00,119036.199,122113.296,106457.74,109214.329
2014-02-10 22:00:00,113533.961,119036.199,101957.924,103571.961
2014-02-10 23:00:00,108156.575,113533.961,97626.785,98468.048
2014-02-11 00:00:00,104832.853,108156.575,94652.061,94946.097
2014-02-11 01:00:00,103710.026,104832.853,93041.252,93457.037
2014-02-11 02:00:00,103679.765,103710.026,93039.015,92875.073
2014-02-11 03:00:00,104468.812,103679.765,93972.046,93389.231
2014-02-11 04:00:00,107246.899,104468.812,96944.957,95634.041
2014-02-11 05:00:00,113396.644,107246.899,103098.209,101453.846
2014-02-11 06:00:00,123091.193,113396.644,112867.903,110603.919
2014-02-11 07:00:00,127583.825,123091.193,118278.784,115961.941
2014-02-11 08:00:00,125718.874,127583.825,118829.149,115692.819
2014-02-11 09:00:00,122218.247,125718.874,117423.705,113821.696
2014-02-11 10:00:00,119284.612,122218.247,116039.601,111934.621
2014-02-11 11:00:00,116109.419,119284.612,114118.08,109778.103
2014-02-11 12:00:00,113507.537,116109.419,112429.464,107936.384
2014-02-11 13:00:00,111418.291,113507.537,111127.395,106794.135
2014-02-11 14:00:00,109623.292,111418.291,109743.312,106168.397
2014-02-11 15:00:00,108896.983,109623.292,109017.989,106121.452
2014-02-11 16:00:00,110176.836,108896.983,110531.578,108114.558
2014-02-11 17:00:00,115139.154,110176.836,115269.552,113242.369
2014-02-11 18:00:00,122340.81,115139.154,121611.771,117238.647
2014-02-11 19:00:00,124064.909,122340.81,122984.982,116569.676
2014-02-11 20:00:00,123787.517,124064.909,122113.296,114622.821
2014-02-11 21:00:00,121517.991,123787.517,119036.199,110619.717
2014-02-11 22:00:00,116170.666,121517.991,113533.961,104831.782
2014-02-11 23:00:00,111186.709,116170.666,108156.575,98853.868
2014-02-12 00:00:00,107935.858,111186.709,104832.853,94593.253
2014-02-12 01:00:00,106902.44,107935.858,103710.026,92105.713
2014-02-12 02:00:00,106947.684,106902.44,103679.765,90925.929
2014-02-12 03:00:00,107867.471,106947.684,104468.812,90775.912
2014-02-12 04:00:00,110576.294,107867.471,107246.899,91958.531
2014-02-12 05:00:00,116496.321,110576.294,113396.644,96089.989
2014-02-12 06:00:00,125693.753,116496.321,123091.193,102168.556
2014-02-12 07:00:00,129690.523,125693.753,127583.825,105981.47
2014-02-12 08:00:00,128004.348,129690.523,125718.874,107020.774
2014-02-12 09:00:00,125158.742,128004.348,122218.247,107971.05
2014-02-12 10:00:00,121941.158,125158.742,119284.612,108459.907
2014-02-12 11:00:00,118735.404,121941.158,116109.419,108935.545
2014-02-12 12:00:00,115911.865,118735.404,113507.537,108375.023
2014-02-12 13:00:00,114377.047,115911.865,111418.291,107358.105
2014-02-12 14:00:00,113030.958,114377.047,109623.292,106288.413
2014-02-12 15:00:00,112811.0,113030.958,108896.983,105509.117
2014-02-12 16:00:00,114230.662,112811.0,110176.836,106421.488
2014-02-12 17:00:00,118203.39,114230.662,115139.154,110225.789
2014-02-12 18:00:00,122761.528,118203.39,122340.81,114563.22
2014-02-12 19:00:00,122711.243,122761.528,124064.909,114070.534
2014-02-12 20:00:00,121111.297,122711.243,123787.517,112445.293
2014-02-12 21:00:00,117411.016,121111.297,121517.991,108589.686
2014-02-12 22:00:00,111815.973,117411.016,116170.666,103443.127
2014-02-12 23:00:00,106303.87,111815.973,111186.709,98368.292
2014-02-13 00:00:00,102016.778,106303.87,107935.858,94949.174
2014-02-13 01:00:00,99813.5,102016.778,106902.44,93278.818
2014-02-13 02:00:00,98916.189,99813.5,106947.684,93140.639
2014-02-13 03:00:00,98553.311,98916.189,107867.471,93778.119
2014-02-13 04:00:00,99828.105,98553.311,110576.294,96227.742
2014-02-13 05:00:00,103338.401,99828.105,116496.321,101637.028
2014-02-13 06:00:00,109170.135,103338.401,125693.753,110620.473
2014-02-13 07:00:00,113003.685,109170.135,129690.523,116221.493
2014-02-13 08:00:00,113941.786,113003.685,128004.348,116102.537
2014-02-13 09:00:00,114060.97,113941.786,125158.742,114448.196
2014-02-13 10:00:00,113621.612,114060.97,121941.158,112571.882
2014-02-13 11:00:00,112302.938,113621.612,118735.404,110460.349
2014-02-13 12:00:00,110762.957,112302.938,115911.865,108472.179
2014-02-13 13:00:00,109103.339,110762.957,114377.047,107384.852
2014-02-13 14:00:00,107435.295,109103.339,113030.958,106387.626
2014-02-13 15:00:00,106295.325,107435.295,112811.0,106184.333
2014-02-13 16:00:00,107419.364,106295.325,114230.662,107826.72
2014-02-13 17:00:00,111153.603,107419.364,118203.39,112924.684
2014-02-13 18:00:00,114887.384,111153.603,122761.528,118650.108
2014-02-13 19:00:00,114461.515,114887.384,122711.243,119263.271
2014-02-13 20:00:00,112296.918,114461.515,121111.297,117921.52
2014-02-13 21:00:00,108543.676,112296.918,117411.016,114501.89
2014-02-13 22:00:00,103198.035,108543.676,111815.973,108770.409
2014-02-13 23:00:00,97931.209,103198.035,106303.87,103194.057
2014-02-14 00:00:00,94038.55,97931.209,102016.778,99375.089
2014-02-14 01:00:00,91970.387,94038.55,99813.5,97773.944
2014-02-14 02:00:00,90987.79,91970.387,98916.189,97206.879
2014-02-14 03:00:00,91119.464,90987.79,98553.311,97664.364
2014-02-14 04:00:00,92770.059,91119.464,99828.105,100222.166
2014-02-14 05:00:00,97062.082,92770.059,103338.401,106088.669
2014-02-14 06:00:00,103981.722,97062.082,109170.135,115755.114
2014-02-14 07:00:00,108198.825,103981.722,113003.685,120626.662
2014-02-14 08:00:00,108831.689,108198.825,113941.786,119186.348
2014-02-14 09:00:00,107883.725,108831.689,114060.97,115911.98
2014-02-14 10:00:00,106579.446,107883.725,113621.612,113094.047
2014-02-14 11:00:00,105067.749,106579.446,112302.938,110515.04
2014-02-14 12:00:00,103272.523,105067.749,110762.957,108198.97
2014-02-14 13:00:00,101600.874,103272.523,109103.339,106502.014
2014-02-14 14:00:00,100065.373,101600.874,107435.295,104938.879
2014-02-14 15:00:00,98990.351,100065.373,106295.325,104085.808
2014-02-14 16:00:00,99021.257,98990.351,107419.364,105075.636
2014-02-14 17:00:00,102147.137,99021.257,111153.603,109133.206
2014-02-14 18:00:00,107167.05,102147.137,114887.384,114826.622
2014-02-14 19:00:00,107024.283,107167.05,114461.515,115312.01
2014-02-14 20:00:00,105449.205,107024.283,112296.918,114234.312
2014-02-14 21:00:00,102940.833,105449.205,108543.676,111687.348
2014-02-14 22:00:00,98640.001,102940.833,103198.035,107784.035
2014-02-14 23:00:00,94330.523,98640.001,97931.209,103213.463
2014-02-15 00:00:00,90513.396,94330.523,94038.55,99285.734
2014-02-15 01:00:00,88083.958,90513.396,91970.387,97086.987
2014-02-15 02:00:00,87133.149,88083.958,90987.79,96105.45
2014-02-15 03:00:00,86889.419,87133.149,91119.464,95851.474
2014-02-15 04:00:00,87625.922,86889.419,92770.059,96332.345
2014-02-15 05:00:00,89840.843,87625.922,97062.082,98540.804
2014-02-15 06:00:00,93260.253,89840.843,103981.722,101998.766
2014-02-15 07:00:00,96678.588,93260.253,108198.825,105303.218
2014-02-15 08:00:00,100186.974,96678.588,108831.689,108093.122
2014-02-15 09:00:00,102490.87,100186.974,107883.725,109619.848
2014-02-15 10:00:00,103167.134,102490.87,106579.446,109412.572
2014-02-15 11:00:00,102742.504,103167.134,105067.749,107999.011
2014-02-15 12:00:00,101610.66,102742.504,103272.523,106050.942
2014-02-15 13:00:00,100365.92,101610.66,101600.874,103894.589
2014-02-15 14:00:00,99282.28,100365.92,100065.373,101737.99
2014-02-15 15:00:00,99027.403,99282.28,98990.351,100437.449
2014-02-15 16:00:00,100191.358,99027.403,99021.257,101488.394
2014-02-15 17:00:00,103720.187,100191.358,102147.137,105536.609
2014-02-15 18:00:00,109128.539,103720.187,107167.05,109965.726
2014-02-15 19:00:00,109561.892,109128.539,107024.283,109783.403
2014-02-15 20:00:00,108195.49,109561.892,105449.205,108393.305
2014-02-15 21:00:00,106112.141,108195.49,102940.833,106099.575
2014-02-15 22:00:00,102738.6,106112.141,98640.001,102310.331
2014-02-15 23:00:00,98864.231,102738.6,94330.523,98349.501
2014-02-16 00:00:00,95433.282,98864.231,90513.396,94857.963
2014-02-16 01:00:00,93558.545,95433.282,88083.958,92690.16
2014-02-16 02:00:00,92584.148,93558.545,87133.149,91541.817
2014-02-16 03:00:00,92475.824,92584.148,86889.419,90950.143
2014-02-16 04:00:00,92988.98,92475.824,87625.922,91246.89
2014-02-16 05:00:00,94441.481,92988.98,89840.843,92450.906
2014-02-16 06:00:00,96985.177,94441.481,93260.253,94879.385
2014-02-16 07:00:00,99143.219,96985.177,96678.588,97453.722
2014-02-16 08:00:00,101294.851,99143.219,100186.974,100106.233
2014-02-16 09:00:00,101598.496,101294.851,102490.87,101864.44
2014-02-16 10:00:00,100162.451,101598.496,103167.134,102033.426
2014-02-16 11:00:00,98369.27,100162.451,102742.504,101173.754
2014-02-16 12:00:00,96604.461,98369.27,101610.66,100642.002
2014-02-16 13:00:00,95339.645,96604.461,100365.92,100149.71
2014-02-16 14:00:00,94780.292,95339.645,99282.28,99846.208
2014-02-16 15:00:00,95291.436,94780.292,99027.403,100454.112
2014-02-16 16:00:00,97437.541,95291.436,100191.358,102596.069
2014-02-16 17:00:00,101924.345,97437.541,103720.187,106717.571
2014-02-16 18:00:00,107508.15,101924.345,109128.539,111531.364
2014-02-16 19:00:00,108309.509,107508.15,109561.892,111704.621
2014-02-16 20:00:00,107139.534,108309.509,108195.49,110056.783
2014-02-16 21:00:00,104306.455,107139.534,106112.141,106457.74
2014-02-16 22:00:00,100780.992,104306.455,102738.6,101957.924
2014-02-16 23:00:00,97161.958,100780.992,98864.231,97626.785
2014-02-17 00:00:00,94274.576,97161.958,95433.282,94652.061
2014-02-17 01:00:00,93657.855,94274.576,93558.545,93041.252
2014-02-17 02:00:00,93708.827,93657.855,92584.148,93039.015
2014-02-17 03:00:00,94928.16,93708.827,92475.824,93972.046
2014-02-17 04:00:00,97774.733,94928.16,92988.98,96944.957
2014-02-17 05:00:00,103385.497,97774.733,94441.481,103098.209
2014-02-17 06:00:00,111363.705,103385.497,96985.177,112867.903
2014-02-17 07:00:00,115790.25,111363.705,99143.219,118278.784
2014-02-17 08:00:00,116116.698,115790.25,101294.851,118829.149
2014-02-17 09:00:00,115183.474,116116.698,101598.496,117423.705
2014-02-17 10:00:00,113338.42,115183.474,100162.451,116039.601
2014-02-17 11:00:00,111126.87,113338.42,98369.27,114118.08
2014-02-17 12:00:00,108581.988,111126.87,96604.461,112429.464
2014-02-17 13:00:00,106583.847,108581.988,95339.645,111127.395
2014-02-17 14:00:00,104863.765,106583.847,94780.292,109743.312
2014-02-17 15:00:00,104147.69,104863.765,95291.436,109017.989
2014-02-17 16:00:00,105525.708,104147.69,97437.541,110531.578
2014-02-17 17:00:00,110094.413,105525.708,101924.345,115269.552
2014-02-17 18:00:00,116126.996,110094.413,107508.15,121611.771
2014-02-17 19:00:00,116347.906,116126.996,108309.509,122984.982
2014-02-17 20:00:00,114667.993,116347.906,107139.534,122113.296
2014-02-17 21:00:00,110342.608,114667.993,104306.455,119036.199
2014-02-17 22:00:00,104300.103,110342.608,100780.992,113533.961
2014-02-17 23:00:00,98140.076,104300.103,97161.958,108156.575
2014-02-18 00:00:00,93889.68,98140.076,94274.576,104832.853
2014-02-18 01:00:00,91719.473,93889.68,93657.855,103710.026
2014-02-18 02:00:00,90748.665,91719.473,93708.827,103679.765
2014-02-18 03:00:00,90789.911,90748.665,94928.16,104468.812
2014-02-18 04:00:00,92585.286,90789.911,97774.733,107246.899
2014-02-18 05:00:00,98012.149,92585.286,103385.497,113396.644
2014-02-18 06:00:00,105844.305,98012.149,111363.705,123091.193
2014-02-18 07:00:00,110518.998,105844.305,115790.25,127583.825
2014-02-18 08:00:00,110515.241,110518.998,116116.698,125718.874
2014-02-18 09:00:00,107742.414,110515.241,115183.474,122218.247
2014-02-18 10:00:00,105095.025,107742.414,113338.42,119284.612
2014-02-18 11:00:00,102405.635,105095.025,111126.87,116109.419
2014-02-18 12:00:00,99745.395,102405.635,108581.988,113507.537
2014-02-18 13:00:00,97781.512,99745.395,106583.847,111418.291
2014-02-18 14:00:00,96047.578,97781.512,104863.765,109623.292
2014-02-18 15:00:00,94691.537,96047.578,104147.69,108896.983
2014-02-18 16:00:00,95253.962,94691.537,105525.708,110176.836
2014-02-18 17:00:00,98653.986,95253.962,110094.413,115139.154
2014-02-18 18:00:00,105217.471,98653.986,116126.996,122340.81
2014-02-18 19:00:00,106616.258,105217.471,116347.906,124064.909
2014-02-18 20:00:00,105536.454,106616.258,114667.993,123787.517
2014-02-18 21:00:00,102140.991,105536.454,110342.608,121517.991
2014-02-18 22:00:00,96612.044,102140.991,104300.103,116170.666
2014-02-18 23:00:00,91109.972,96612.044,98140.076,111186.709
2014-02-19 00:00:00,87020.881,91109.972,93889.68,107935.858
2014-02-19 01:00:00,84944.585,87020.881,91719.473,106902.44
2014-02-19 02:00:00,83883.845,84944.585,90748.665,106947.684
2014-02-19 03:00:00,83943.223,83883.845,90789.911,107867.471
2014-02-19 04:00:00,85558.636,83943.223,92585.286,110576.294
2014-02-19 05:00:00,90703.281,85558.636,98012.149,116496.321
2014-02-19 06:00:00,99580.435,90703.281,105844.305,125693.753
2014-02-19 07:00:00,103233.831,99580.435,110518.998,129690.523
2014-02-19 08:00:00,102153.505,103233.831,110515.241,128004.348
2014-02-19 09:00:00,100949.516,102153.505,107742.414,125158.742
2014-02-19 10:00:00,99766.942,100949.516,105095.025,121941.158
2014-02-19 11:00:00,97690.991,99766.942,102405.635,118735.404
2014-02-19 12:00:00,95685.244,97690.991,99745.395,115911.865
2014-02-19 13:00:00,93900.589,95685.244,97781.512,114377.047
2014-02-19 14:00:00,92224.591,93900.589,96047.578,113030.958
2014-02-19 15:00:00,91037.89,92224.591,94691.537,112811.0
2014-02-19 16:00:00,91933.393,91037.89,95253.962,114230.662
2014-02-19 17:00:00,94777.223,91933.393,98653.986,118203.39
2014-02-19 18:00:00,100770.688,94777.223,105217.471,122761.528
2014-02-19 19:00:00,101981.927,100770.688,106616.258,122711.243
2014-02-19 20:00:00,100978.766,101981.927,105536.454,121111.297
2014-02-19 21:00:00,97705.773,100978.766,102140.991,117411.016
2014-02-19 22:00:00,92333.767,97705.773,96612.044,111815.973
2014-02-19 23:00:00,86809.098,92333.767,91109.972,106303.87
2014-02-20 00:00:00,82953.071,86809.098,87020.881,102016.778
2014-02-20 01:00:00,81132.287,82953.071,84944.585,99813.5
2014-02-20 02:00:00,80766.262,81132.287,83883.845,98916.189
2014-02-20 03:00:00,81321.999,80766.262,83943.223,98553.311
2014-02-20 04:00:00,83821.054,81321.999,85558.636,99828.105
2014-02-20 05:00:00,90163.79,83821.054,90703.281,103338.401
2014-02-20 06:00:00,100096.801,90163.79,99580.435,109170.135
2014-02-20 07:00:00,104232.925,100096.801,103233.831,113003.685
2014-02-20 08:00:00,102771.444,104232.925,102153.505,113941.786
2014-02-20 09:00:00,100325.502,102771.444,100949.516,114060.97
2014-02-20 10:00:00,98679.031,100325.502,99766.942,113621.612
2014-02-20 11:00:00,97191.786,98679.031,97690.991,112302.938
2014-02-20 12:00:00,95685.785,97191.786,95685.244,110762.957
2014-02-20 13:00:00,94741.331,95685.785,93900.589,109103.339
2014-02-20 14:00:00,93945.239,94741.331,92224.591,107435.295
2014-02-20 15:00:00,93790.421,93945.239,91037.89,106295.325
2014-02-20 16:00:00,95163.675,93790.421,91933.393,107419.364
2014-02-20 17:00:00,98084.273,95163.675,94777.223,111153.603
2014-02-20 18:00:00,101642.49,98084.273,100770.688,114887.384
2014-02-20 19:00:00,101406.22,101642.49,101981.927,114461.515
2014-02-20 20:00:00,99532.612,101406.22,100978.766,112296.918
2014-02-20 21:00:00,95768.479,99532.612,97705.773,108543.676
2014-02-20 22:00:00,89875.081,95768.479,92333.767,103198.035
2014-02-20 23:00:00,84248.353,89875.081,86809.098,97931.209
2014-02-21 00:00:00,79917.159,84248.353,82953.071,94038.55
2014-02-21 01:00:00,77538.859,79917.159,81132.287,91970.387
2014-02-21 02:00:00,76441.219,77538.859,80766.262,90987.79
2014-02-21 03:00:00,76380.176,76441.219,81321.999,91119.464
2014-02-21 04:00:00,77988.581,76380.176,83821.054,92770.059
2014-02-21 05:00:00,83198.005,77988.581,90163.79,97062.082
2014-02-21 06:00:00,92289.623,83198.005,100096.801,103981.722
2014-02-21 07:00:00,97332.43,92289.623,104232.925,108198.825
2014-02-21 08:00:00,98145.921,97332.43,102771.444,108831.689
2014-02-21 09:00:00,98386.137,98145.921,100325.502,107883.725
2014-02-21 10:00:00,98407.981,98386.137,98679.031,106579.446
2014-02-21 11:00:00,97614.977,98407.981,97191.786,105067.749
2014-02-21 12:00:00,96488.127,97614.977,95685.785,103272.523
2014-02-21 13:00:00,95531.319,96488.127,94741.331,101600.874
2014-02-21 14:00:00,94441.137,95531.319,93945.239,100065.373
2014-02-21 15:00:00,93226.94,94441.137,93790.421,98990.351
2014-02-21 16:00:00,92776.178,93226.94,95163.675,99021.257
2014-02-21 17:00:00,94085.741,92776.178,98084.273,102147.137
2014-02-21 18:00:00,98698.201,94085.741,101642.49,107167.05
2014-02-21 19:00:00,99503.063,98698.201,101406.22,107024.283
2014-02-21 20:00:00,98537.758,99503.063,99532.612,105449.205
2014-02-21 21:00:00,95940.449,98537.758,95768.479,102940.833
2014-02-21 22:00:00,91963.949,95940.449,89875.081,98640.001
2014-02-21 23:00:00,87454.88,91963.949,84248.353,94330.523
2014-02-22 00:00:00,83768.589,87454.88,79917.159,90513.396
2014-02-22 01:00:00,81552.153,83768.589,77538.859,88083.958
2014-02-22 02:00:00,80636.196,81552.153,76441.219,87133.149
2014-02-22 03:00:00,80431.161,80636.196,76380.176,86889.419
2014-02-22 04:00:00,81362.991,80431.161,77988.581,87625.922
2014-02-22 05:00:00,83751.766,81362.991,83198.005,89840.843
2014-02-22 06:00:00,87505.168,83751.766,92289.623,93260.253
2014-02-22 07:00:00,90699.975,87505.168,97332.43,96678.588
2014-02-22 08:00:00,92439.35,90699.975,98145.921,100186.974
2014-02-22 09:00:00,91889.11,92439.35,98386.137,102490.87
2014-02-22 10:00:00,90124.734,91889.11,98407.981,103167.134
2014-02-22 11:00:00,87861.026,90124.734,97614.977,102742.504
2014-02-22 12:00:00,85260.352,87861.026,96488.127,101610.66
2014-02-22 13:00:00,82617.383,85260.352,95531.319,100365.92
2014-02-22 14:00:00,80614.773,82617.383,94441.137,99282.28
2014-02-22 15:00:00,79626.817,80614.773,93226.94,99027.403
2014-02-22 16:00:00,80167.45,79626.817,92776.178,100191.358
2014-02-22 17:00:00,82777.148,80167.45,94085.741,103720.187
2014-02-22 18:00:00,88775.088,82777.148,98698.201,109128.539
2014-02-22 19:00:00,90513.384,88775.088,99503.063,109561.892
2014-02-22 20:00:00,89853.126,90513.384,98537.758,108195.49
2014-02-22 21:00:00,88156.339,89853.126,95940.449,106112.141
2014-02-22 22:00:00,85255.242,88156.339,91963.949,102738.6
2014-02-22 23:00:00,81555.502,85255.242,87454.88,98864.231
2014-02-23 00:00:00,78455.402,81555.502,83768.589,95433.282
2014-02-23 01:00:00,76493.789,78455.402,81552.153,93558.545
2014-02-23 02:00:00,75777.284,76493.789,80636.196,92584.148
2014-02-23 03:00:00,75552.003,75777.284,80431.161,92475.824
2014-02-23 04:00:00,76119.239,75552.003,81362.991,92988.98
2014-02-23 05:00:00,77805.254,76119.239,83751.766,94441.481
2014-02-23 06:00:00,80629.818,77805.254,87505.168,96985.177
2014-02-23 07:00:00,83082.172,80629.818,90699.975,99143.219
2014-02-23 08:00:00,85452.484,83082.172,92439.35,101294.851
2014-02-23 09:00:00,86268.625,85452.484,91889.11,101598.496
2014-02-23 10:00:00,85687.353,86268.625,90124.734,100162.451
2014-02-23 11:00:00,84045.19,85687.353,87861.026,98369.27
2014-02-23 12:00:00,82379.565,84045.19,85260.352,96604.461
2014-02-23 13:00:00,81152.647,82379.565,82617.383,95339.645
2014-02-23 14:00:00,80206.777,81152.647,80614.773,94780.292
2014-02-23 15:00:00,80198.674,80206.777,79626.817,95291.436
2014-02-23 16:00:00,81734.976,80198.674,80167.45,97437.541
2014-02-23 17:00:00,85755.376,81734.976,82777.148,101924.345
2014-02-23 18:00:00,92229.386,85755.376,88775.088,107508.15
2014-02-23 19:00:00,94943.098,92229.386,90513.384,108309.509
2014-02-23 20:00:00,94455.785,94943.098,89853.126,107139.534
2014-02-23 21:00:00,91384.387,94455.785,88156.339,104306.455
2014-02-23 22:00:00,87603.858,91384.387,85255.242,100780.992
2014-02-23 23:00:00,83542.523,87603.858,81555.502,97161.958
2014-02-24 00:00:00,80695.439,83542.523,78455.402,94274.576
2014-02-24 01:00:00,79406.163,80695.439,76493.789,93657.855
2014-02-24 02:00:00,79530.973,79406.163,75777.284,93708.827
2014-02-24 03:00:00,80638.718,79530.973,75552.003,94928.16
2014-02-24 04:00:00,83572.765,80638.718,76119.239,97774.733
2014-02-24 05:00:00,90235.32,83572.765,77805.254,103385.497
2014-02-24 06:00:00,100774.65,90235.32,80629.818,111363.705
2014-02-24 07:00:00,105701.943,100774.65,83082.172,115790.25
2014-02-24 08:00:00,104925.594,105701.943,85452.484,116116.698
2014-02-24 09:00:00,103743.931,104925.594,86268.625,115183.474
2014-02-24 10:00:00,102714.908,103743.931,85687.353,113338.42
2014-02-24 11:00:00,101230.478,102714.908,84045.19,111126.87
2014-02-24 12:00:00,100019.085,101230.478,82379.565,108581.988
2014-02-24 13:00:00,98893.542,100019.085,81152.647,106583.847
2014-02-24 14:00:00,97630.993,98893.542,80206.777,104863.765
2014-02-24 15:00:00,97059.623,97630.993,80198.674,104147.69
2014-02-24 16:00:00,98626.085,97059.623,81734.976,105525.708
2014-02-24 17:00:00,102831.508,98626.085,85755.376,110094.413
2014-02-24 18:00:00,109741.742,102831.508,92229.386,116126.996
2014-02-24 19:00:00,111838.171,109741.742,94943.098,116347.906
2014-02-24 20:00:00,110468.658,111838.171,94455.785,114667.993
2014-02-24 21:00:00,106815.919,110468.658,91384.387,110342.608
2014-02-24 22:00:00,101131.192,106815.919,87603.858,104300.103
2014-02-24 23:00:00,95897.497,101131.192,83542.523,98140.076
2014-02-25 00:00:00,92241.335,95897.497,80695.439,93889.68
2014-02-25 01:00:00,90712.702,92241.335,79406.163,91719.473
2014-02-25 02:00:00,90139.544,90712.702,79530.973,90748.665
2014-02-25 03:00:00,90432.81,90139.544,80638.718,90789.911
2014-02-25 04:00:00,92439.773,90432.81,83572.765,92585.286
2014-02-25 05:00:00,98378.874,92439.773,90235.32,98012.149
2014-02-25 06:00:00,108012.932,98378.874,100774.65,105844.305
2014-02-25 07:00:00,111955.016,108012.932,105701.943,110518.998
2014-02-25 08:00:00,111968.102,111955.016,104925.594,110515.241
2014-02-25 09:00:00,111448.971,111968.102,103743.931,107742.414
2014-02-25 10:00:00,110904.432,111448.971,102714.908,105095.025
2014-02-25 11:00:00,109570.298,110904.432,101230.478,102405.635
2014-02-25 12:00:00,108152.573,109570.298,100019.085,99745.395
2014-02-25 13:00:00,106838.778,108152.573,98893.542,97781.512
2014-02-25 14:00:00,105266.646,106838.778,97630.993,96047.578
2014-02-25 15:00:00,104692.532,105266.646,97059.623,94691.537
2014-02-25 16:00:00,105544.269,104692.532,98626.085,95253.962
2014-02-25 17:00:00,108743.771,105544.269,102831.508,98653.986
2014-02-25 18:00:00,114561.094,108743.771,109741.742,105217.471
2014-02-25 19:00:00,116489.229,114561.094,111838.171,106616.258
2014-02-25 20:00:00,115217.313,116489.229,110468.658,105536.454
2014-02-25 21:00:00,111552.667,115217.313,106815.919,102140.991
2014-02-25 22:00:00,105903.529,111552.667,101131.192,96612.044
2014-02-25 23:00:00,100283.985,105903.529,95897.497,91109.972
2014-02-26 00:00:00,96404.111,100283.985,92241.335,87020.881
2014-02-26 01:00:00,94615.366,96404.111,90712.702,84944.585
2014-02-26 02:00:00,94059.193,94615.366,90139.544,83883.845
2014-02-26 03:00:00,94262.596,94059.193,90432.81,83943.223
2014-02-26 04:00:00,96460.437,94262.596,92439.773,85558.636
2014-02-26 05:00:00,102062.048,96460.437,98378.874,90703.281
2014-02-26 06:00:00,111508.125,102062.048,108012.932,99580.435
2014-02-26 07:00:00,116245.053,111508.125,111955.016,103233.831
2014-02-26 08:00:00,116194.913,116245.053,111968.102,102153.505
2014-02-26 09:00:00,115653.511,116194.913,111448.971,100949.516
2014-02-26 10:00:00,114764.153,115653.511,110904.432,99766.942
2014-02-26 11:00:00,112542.308,114764.153,109570.298,97690.991
2014-02-26 12:00:00,110048.567,112542.308,108152.573,95685.244
2014-02-26 13:00:00,108016.418,110048.567,106838.778,93900.589
2014-02-26 14:00:00,106123.29,108016.418,105266.646,92224.591
2014-02-26 15:00:00,105022.439,106123.29,104692.532,91037.89
2014-02-26 16:00:00,106234.398,105022.439,105544.269,91933.393
2014-02-26 17:00:00,110240.604,106234.398,108743.771,94777.223
2014-02-26 18:00:00,117288.283,110240.604,114561.094,100770.688
2014-02-26 19:00:00,120196.856,117288.283,116489.229,101981.927
2014-02-26 20:00:00,119466.274,120196.856,115217.313,100978.766
2014-02-26 21:00:00,116224.586,119466.274,111552.667,97705.773
2014-02-26 22:00:00,110752.002,116224.586,105903.529,92333.767
2014-02-26 23:00:00,105555.929,110752.002,100283.985,86809.098
2014-02-27 00:00:00,102337.673,105555.929,96404.111,82953.071
2014-02-27 01:00:00,101003.776,102337.673,94615.366,81132.287
2014-02-27 02:00:00,100713.426,101003.776,94059.193,80766.262
2014-02-27 03:00:00,101465.008,100713.426,94262.596,81321.999
2014-02-27 04:00:00,103889.126,101465.008,96460.437,83821.054
2014-02-27 05:00:00,109629.53,103889.126,102062.048,90163.79
2014-02-27 06:00:00,118674.239,109629.53,111508.125,100096.801
2014-02-27 07:00:00,121501.604,118674.239,116245.053,104232.925
2014-02-27 08:00:00,118780.02,121501.604,116194.913,102771.444
2014-02-27 09:00:00,115884.88,118780.02,115653.511,100325.502
2014-02-27 10:00:00,114039.179,115884.88,114764.153,98679.031
2014-02-27 11:00:00,112116.147,114039.179,112542.308,97191.786
2014-02-27 12:00:00,109878.032,112116.147,110048.567,95685.785
2014-02-27 13:00:00,108502.085,109878.032,108016.418,94741.331
2014-02-27 14:00:00,106488.932,108502.085,106123.29,93945.239
2014-02-27 15:00:00,105781.388,106488.932,105022.439,93790.421
2014-02-27 16:00:00,107100.475,105781.388,106234.398,95163.675
2014-02-27 17:00:00,110874.428,107100.475,110240.604,98084.273
2014-02-27 18:00:00,117817.794,110874.428,117288.283,101642.49
2014-02-27 19:00:00,121099.723,117817.794,120196.856,101406.22
2014-02-27 20:00:00,121116.96,121099.723,119466.274,99532.612
2014-02-27 21:00:00,118649.369,121116.96,116224.586,95768.479
2014-02-27 22:00:00,113789.415,118649.369,110752.002,89875.081
2014-02-27 23:00:00,109086.437,113789.415,105555.929,84248.353
2014-02-28 00:00:00,106290.931,109086.437,102337.673,79917.159
2014-02-28 01:00:00,105626.491,106290.931,101003.776,77538.859
2014-02-28 02:00:00,105832.561,105626.491,100713.426,76441.219
2014-02-28 03:00:00,107462.743,105832.561,101465.008,76380.176
2014-02-28 04:00:00,110145.707,107462.743,103889.126,77988.581
2014-02-28 05:00:00,116193.018,110145.707,109629.53,83198.005
2014-02-28 06:00:00,125124.007,116193.018,118674.239,92289.623
2014-02-28 07:00:00,127830.413,125124.007,121501.604,97332.43
2014-02-28 08:00:00,125160.394,127830.413,118780.02,98145.921
2014-02-28 09:00:00,121846.156,125160.394,115884.88,98386.137
2014-02-28 10:00:00,118841.384,121846.156,114039.179,98407.981
2014-02-28 11:00:00,115699.474,118841.384,112116.147,97614.977
2014-02-28 12:00:00,112032.549,115699.474,109878.032,96488.127
2014-02-28 13:00:00,108948.506,112032.549,108502.085,95531.319
2014-02-28 14:00:00,106281.207,108948.506,106488.932,94441.137
2014-02-28 15:00:00,104505.881,106281.207,105781.388,93226.94
2014-02-28 16:00:00,104936.817,104505.881,107100.475,92776.178
2014-02-28 17:00:00,107916.724,104936.817,110874.428,94085.741
2014-02-28 18:00:00,113862.943,107916.724,117817.794,98698.201
2014-02-28 19:00:00,115860.977,113862.943,121099.723,99503.063
2014-02-28 20:00:00,115199.856,115860.977,121116.96,98537.758
2014-02-28 21:00:00,112768.65,115199.856,118649.369,95940.449
2014-02-28 22:00:00,108580.693,112768.65,113789.415,91963.949
2014-02-28 23:00:00,103624.782,108580.693,109086.437,87454.88
2014-03-01 00:00:00,99780.189,103624.782,106290.931,83768.589
2014-03-01 01:00:00,97685.486,99780.189,105626.491,81552.153
2014-03-01 02:00:00,96696.059,97685.486,105832.561,80636.196
2014-03-01 03:00:00,96313.454,96696.059,107462.743,80431.161
2014-03-01 04:00:00,96839.337,96313.454,110145.707,81362.991
2014-03-01 05:00:00,98797.657,96839.337,116193.018,83751.766
2014-03-01 06:00:00,101852.511,98797.657,125124.007,87505.168
2014-03-01 07:00:00,104128.667,101852.511,127830.413,90699.975
2014-03-01 08:00:00,104918.797,104128.667,125160.394,92439.35
2014-03-01 09:00:00,104089.337,104918.797,121846.156,91889.11
2014-03-01 10:00:00,102182.392,104089.337,118841.384,90124.734
2014-03-01 11:00:00,99546.203,102182.392,115699.474,87861.026
2014-03-01 12:00:00,96344.413,99546.203,112032.549,85260.352
2014-03-01 13:00:00,93230.841,96344.413,108948.506,82617.383
2014-03-01 14:00:00,90842.369,93230.841,106281.207,80614.773
2014-03-01 15:00:00,90378.135,90842.369,104505.881,79626.817
2014-03-01 16:00:00,91373.218,90378.135,104936.817,80167.45
2014-03-01 17:00:00,94049.944,91373.218,107916.724,82777.148
2014-03-01 18:00:00,98929.372,94049.944,113862.943,88775.088
2014-03-01 19:00:00,100306.688,98929.372,115860.977,90513.384
2014-03-01 20:00:00,99027.145,100306.688,115199.856,89853.126
2014-03-01 21:00:00,96804.905,99027.145,112768.65,88156.339
2014-03-01 22:00:00,93412.265,96804.905,108580.693,85255.242
2014-03-01 23:00:00,89258.841,93412.265,103624.782,81555.502
2014-03-02 00:00:00,85847.969,89258.841,99780.189,78455.402
2014-03-02 01:00:00,83771.188,85847.969,97685.486,76493.789
2014-03-02 02:00:00,82996.761,83771.188,96696.059,75777.284
2014-03-02 03:00:00,82454.901,82996.761,96313.454,75552.003
2014-03-02 04:00:00,82917.317,82454.901,96839.337,76119.239
2014-03-02 05:00:00,84517.382,82917.317,98797.657,77805.254
2014-03-02 06:00:00,87027.697,84517.382,101852.511,80629.818
2014-03-02 07:00:00,89524.081,87027.697,104128.667,83082.172
2014-03-02 08:00:00,92490.5,89524.081,104918.797,85452.484
2014-03-02 09:00:00,94100.693,92490.5,104089.337,86268.625
2014-03-02 10:00:00,94308.781,94100.693,102182.392,85687.353
2014-03-02 11:00:00,93398.445,94308.781,99546.203,84045.19
2014-03-02 12:00:00,92817.198,93398.445,96344.413,82379.565
2014-03-02 13:00:00,92574.593,92817.198,93230.841,81152.647
2014-03-02 14:00:00,92446.81,92574.593,90842.369,80206.777
2014-03-02 15:00:00,92877.064,92446.81,90378.135,80198.674
2014-03-02 16:00:00,94975.179,92877.064,91373.218,81734.976
2014-03-02 17:00:00,98514.868,94975.179,94049.944,85755.376
2014-03-02 18:00:00,103462.132,98514.868,98929.372,92229.386
2014-03-02 19:00:00,104907.289,103462.132,100306.688,94943.098
2014-03-02 20:00:00,103543.71,104907.289,99027.145,94455.785
2014-03-02 21:00:00,100557.03,103543.71,96804.905,91384.387
2014-03-02 22:00:00,96646.083,100557.03,93412.265,87603.858
2014-03-02 23:00:00,93156.607,96646.083,89258.841,83542.523
2014-03-03 00:00:00,90667.313,93156.607,85847.969,80695.439
2014-03-03 01:00:00,89406.285,90667.313,83771.188,79406.163
2014-03-03 02:00:00,89580.933,89406.285,82996.761,79530.973
2014-03-03 03:00:00,90847.547,89580.933,82454.901,80638.718
2014-03-03 04:00:00,94200.523,90847.547,82917.317,83572.765
2014-03-03 05:00:00,100198.494,94200.523,84517.382,90235.32
2014-03-03 06:00:00,108486.241,100198.494,87027.697,100774.65
2014-03-03 07:00:00,114034.746,108486.241,89524.081,105701.943
2014-03-03 08:00:00,117365.91,114034.746,92490.5,104925.594
2014-03-03 09:00:00,119282.745,117365.91,94100.693,103743.931
2014-03-03 10:00:00,120490.736,119282.745,94308.781,102714.908
2014-03-03 11:00:00,120609.841,120490.736,93398.445,101230.478
2014-03-03 12:00:00,119893.285,120609.841,92817.198,100019.085
2014-03-03 13:00:00,118511.798,119893.285,92574.593,98893.542
2014-03-03 14:00:00,116563.447,118511.798,92446.81,97630.993
2014-03-03 15:00:00,115461.666,116563.447,92877.064,97059.623
2014-03-03 16:00:00,115865.857,115461.666,94975.179,98626.085
2014-03-03 17:00:00,118297.936,115865.857,98514.868,102831.508
2014-03-03 18:00:00,124074.152,118297.936,103462.132,109741.742
2014-03-03 19:00:00,126638.86,124074.152,104907.289,111838.171
2014-03-03 20:00:00,125357.95,126638.86,103543.71,110468.658
2014-03-03 21:00:00,122080.811,125357.95,100557.03,106815.919
2014-03-03 22:00:00,117034.359,122080.811,96646.083,101131.192
2014-03-03 23:00:00,112691.387,117034.359,93156.607,95897.497
2014-03-04 00:00:00,109765.836,112691.387,90667.313,92241.335
2014-03-04 01:00:00,108661.771,109765.836,89406.285,90712.702
2014-03-04 02:00:00,108655.026,108661.771,89580.933,90139.544
2014-03-04 03:00:00,109203.228,108655.026,90847.547,90432.81
2014-03-04 04:00:00,111327.486,109203.228,94200.523,92439.773
2014-03-04 05:00:00,116205.451,111327.486,100198.494,98378.874
2014-03-04 06:00:00,122781.852,116205.451,108486.241,108012.932
2014-03-04 07:00:00,125717.345,122781.852,114034.746,111955.016
2014-03-04 08:00:00,124762.976,125717.345,117365.91,111968.102
2014-03-04 09:00:00,122512.225,124762.976,119282.745,111448.971
2014-03-04 10:00:00,119461.842,122512.225,120490.736,110904.432
2014-03-04 11:00:00,115850.601,119461.842,120609.841,109570.298
2014-03-04 12:00:00,112594.121,115850.601,119893.285,108152.573
2014-03-04 13:00:00,110200.011,112594.121,118511.798,106838.778
2014-03-04 14:00:00,108098.164,110200.011,116563.447,105266.646
2014-03-04 15:00:00,106337.043,108098.164,115461.666,104692.532
2014-03-04 16:00:00,107097.302,106337.043,115865.857,105544.269
2014-03-04 17:00:00,110438.612,107097.302,118297.936,108743.771
2014-03-04 18:00:00,116703.506,110438.612,124074.152,114561.094
2014-03-04 19:00:00,118639.35,116703.506,126638.86,116489.229
2014-03-04 20:00:00,117269.361,118639.35,125357.95,115217.313
2014-03-04 21:00:00,113607.923,117269.361,122080.811,111552.667
2014-03-04 22:00:00,107764.04,113607.923,117034.359,105903.529
2014-03-04 23:00:00,102153.594,107764.04,112691.387,100283.985
2014-03-05 00:00:00,98663.59,102153.594,109765.836,96404.111
2014-03-05 01:00:00,96817.005,98663.59,108661.771,94615.366
2014-03-05 02:00:00,96425.158,96817.005,108655.026,94059.193
2014-03-05 03:00:00,97166.467,96425.158,109203.228,94262.596
2014-03-05 04:00:00,99735.271,97166.467,111327.486,96460.437
2014-03-05 05:00:00,105333.814,99735.271,116205.451,102062.048
2014-03-05 06:00:00,113958.933,105333.814,122781.852,111508.125
2014-03-05 07:00:00,117044.767,113958.933,125717.345,116245.053
2014-03-05 08:00:00,114662.243,117044.767,124762.976,116194.913
2014-03-05 09:00:00,111264.759,114662.243,122512.225,115653.511
2014-03-05 10:00:00,108574.114,111264.759,119461.842,114764.153
2014-03-05 11:00:00,106121.726,108574.114,115850.601,112542.308
2014-03-05 12:00:00,104116.394,106121.726,112594.121,110048.567
2014-03-05 13:00:00,102447.932,104116.394,110200.011,108016.418
2014-03-05 14:00:00,100908.077,102447.932,108098.164,106123.29
2014-03-05 15:00:00,100489.369,100908.077,106337.043,105022.439
2014-03-05 16:00:00,101752.06,100489.369,107097.302,106234.398
2014-03-05 17:00:00,104772.12,101752.06,110438.612,110240.604
2014-03-05 18:00:00,110969.96,104772.12,116703.506,117288.283
2014-03-05 19:00:00,113843.318,110969.96,118639.35,120196.856
2014-03-05 20:00:00,113206.365,113843.318,117269.361,119466.274
2014-03-05 21:00:00,110413.79,113206.365,113607.923,116224.586
2014-03-05 22:00:00,104935.953,110413.79,107764.04,110752.002
2014-03-05 23:00:00,99800.457,104935.953,102153.594,105555.929
2014-03-06 00:00:00,96282.141,99800.457,98663.59,102337.673
2014-03-06 01:00:00,94902.339,96282.141,96817.005,101003.776
2014-03-06 02:00:00,94811.575,94902.339,96425.158,100713.426
2014-03-06 03:00:00,95468.114,94811.575,97166.467,101465.008
2014-03-06 04:00:00,97993.251,95468.114,99735.271,103889.126
2014-03-06 05:00:00,104087.731,97993.251,105333.814,109629.53
2014-03-06 06:00:00,113363.932,104087.731,113958.933,118674.239
2014-03-06 07:00:00,116903.955,113363.932,117044.767,121501.604
2014-03-06 08:00:00,115359.139,116903.955,114662.243,118780.02
2014-03-06 09:00:00,112659.991,115359.139,111264.759,115884.88
2014-03-06 10:00:00,109797.134,112659.991,108574.114,114039.179
2014-03-06 11:00:00,107174.542,109797.134,106121.726,112116.147
2014-03-06 12:00:00,104675.887,107174.542,104116.394,109878.032
2014-03-06 13:00:00,102847.753,104675.887,102447.932,108502.085
2014-03-06 14:00:00,101510.72,102847.753,100908.077,106488.932
2014-03-06 15:00:00,100891.874,101510.72,100489.369,105781.388
2014-03-06 16:00:00,102339.629,100891.874,101752.06,107100.475
2014-03-06 17:00:00,105687.937,102339.629,104772.12,110874.428
2014-03-06 18:00:00,111027.852,105687.937,110969.96,117817.794
2014-03-06 19:00:00,113588.287,111027.852,113843.318,121099.723
2014-03-06 20:00:00,112665.083,113588.287,113206.365,121116.96
2014-03-06 21:00:00,109409.909,112665.083,110413.79,118649.369
2014-03-06 22:00:00,103571.72,109409.909,104935.953,113789.415
2014-03-06 23:00:00,97714.68,103571.72,99800.457,109086.437
2014-03-07 00:00:00,94328.016,97714.68,96282.141,106290.931
2014-03-07 01:00:00,92010.408,94328.016,94902.339,105626.491
2014-03-07 02:00:00,91198.497,92010.408,94811.575,105832.561
2014-03-07 03:00:00,91382.354,91198.497,95468.114,107462.743
2014-03-07 04:00:00,93563.178,91382.354,97993.251,110145.707
2014-03-07 05:00:00,99017.598,93563.178,104087.731,116193.018
2014-03-07 06:00:00,107625.154,99017.598,113363.932,125124.007
2014-03-07 07:00:00,111111.294,107625.154,116903.955,127830.413
2014-03-07 08:00:00,110265.362,111111.294,115359.139,125160.394
2014-03-07 09:00:00,108285.164,110265.362,112659.991,121846.156
2014-03-07 10:00:00,105971.943,108285.164,109797.134,118841.384
2014-03-07 11:00:00,103348.974,105971.943,107174.542,115699.474
2014-03-07 12:00:00,100851.835,103348.974,104675.887,112032.549
2014-03-07 13:00:00,98985.718,100851.835,102847.753,108948.506
2014-03-07 14:00:00,97201.46,98985.718,101510.72,106281.207
2014-03-07 15:00:00,95722.515,97201.46,100891.874,104505.881
2014-03-07 16:00:00,95345.915,95722.515,102339.629,104936.817
2014-03-07 17:00:00,96871.993,95345.915,105687.937,107916.724
2014-03-07 18:00:00,100598.467,96871.993,111027.852,113862.943
2014-03-07 19:00:00,102522.086,100598.467,113588.287,115860.977
2014-03-07 20:00:00,101307.268,102522.086,112665.083,115199.856
2014-03-07 21:00:00,98613.898,101307.268,109409.909,112768.65
2014-03-07 22:00:00,94381.991,98613.898,103571.72,108580.693
2014-03-07 23:00:00,89637.595,94381.991,97714.68,103624.782
2014-03-08 00:00:00,85959.937,89637.595,94328.016,99780.189
2014-03-08 01:00:00,84062.132,85959.937,92010.408,97685.486
2014-03-08 02:00:00,83422.77,84062.132,91198.497,96696.059
2014-03-08 03:00:00,83458.237,83422.77,91382.354,96313.454
2014-03-08 04:00:00,84581.878,83458.237,93563.178,96839.337
2014-03-08 05:00:00,87231.516,84581.878,99017.598,98797.657
2014-03-08 06:00:00,90584.568,87231.516,107625.154,101852.511
2014-03-08 07:00:00,92611.497,90584.568,111111.294,104128.667
2014-03-08 08:00:00,93268.439,92611.497,110265.362,104918.797
2014-03-08 09:00:00,92412.468,93268.439,108285.164,104089.337
2014-03-08 10:00:00,91079.648,92412.468,105971.943,102182.392
2014-03-08 11:00:00,88813.171,91079.648,103348.974,99546.203
2014-03-08 12:00:00,86270.335,88813.171,100851.835,96344.413
2014-03-08 13:00:00,83898.832,86270.335,98985.718,93230.841
2014-03-08 14:00:00,82126.799,83898.832,97201.46,90842.369
2014-03-08 15:00:00,81474.934,82126.799,95722.515,90378.135
2014-03-08 16:00:00,82083.486,81474.934,95345.915,91373.218
2014-03-08 17:00:00,84072.18,82083.486,96871.993,94049.944
2014-03-08 18:00:00,88708.481,84072.18,100598.467,98929.372
2014-03-08 19:00:00,90903.768,88708.481,102522.086,100306.688
2014-03-08 20:00:00,89952.303,90903.768,101307.268,99027.145
2014-03-08 21:00:00,87948.567,89952.303,98613.898,96804.905
2014-03-08 22:00:00,84578.266,87948.567,94381.991,93412.265
2014-03-08 23:00:00,80597.778,84578.266,89637.595,89258.841
2014-03-09 00:00:00,77344.613,80597.778,85959.937,85847.969
2014-03-09 01:00:00,75060.968,77344.613,84062.132,83771.188
2014-03-09 03:00:00,74561.084,75060.968,83422.77,82996.761
2014-03-09 04:00:00,74878.541,74561.084,83458.237,82454.901
2014-03-09 05:00:00,76124.274,74878.541,84581.878,82917.317
2014-03-09 06:00:00,78655.69,76124.274,87231.516,84517.382
2014-03-09 07:00:00,82061.763,78655.69,90584.568,87027.697
2014-03-09 08:00:00,84381.585,82061.763,92611.497,89524.081
2014-03-09 09:00:00,85856.336,84381.585,93268.439,92490.5
2014-03-09 10:00:00,86222.022,85856.336,92412.468,94100.693
2014-03-09 11:00:00,85466.786,86222.022,91079.648,94308.781
2014-03-09 12:00:00,84825.31,85466.786,88813.171,93398.445
2014-03-09 13:00:00,83142.723,84825.31,86270.335,92817.198
2014-03-09 14:00:00,81489.93,83142.723,83898.832,92574.593
2014-03-09 15:00:00,80354.446,81489.93,82126.799,92446.81
2014-03-09 16:00:00,80132.019,80354.446,81474.934,92877.064
2014-03-09 17:00:00,81732.032,80132.019,82083.486,94975.179
2014-03-09 18:00:00,84721.345,81732.032,84072.18,98514.868
2014-03-09 19:00:00,91194.863,84721.345,88708.481,103462.132
2014-03-09 20:00:00,94943.048,91194.863,90903.768,104907.289
2014-03-09 21:00:00,92767.936,94943.048,89952.303,103543.71
2014-03-09 22:00:00,89069.443,92767.936,87948.567,100557.03
2014-03-09 23:00:00,84283.97,89069.443,84578.266,96646.083
2014-03-10 00:00:00,80966.562,84283.97,80597.778,93156.607
2014-03-10 01:00:00,79041.334,80966.562,77344.613,90667.313
2014-03-10 02:00:00,78556.684,79041.334,75060.968,89406.285
2014-03-10 03:00:00,78887.359,78556.684,74561.084,89580.933
2014-03-10 04:00:00,81041.388,78887.359,74878.541,90847.547
2014-03-10 05:00:00,86503.909,81041.388,76124.274,94200.523
2014-03-10 06:00:00,96316.869,86503.909,78655.69,100198.494
2014-03-10 07:00:00,102543.974,96316.869,82061.763,108486.241
2014-03-10 08:00:00,102258.067,102543.974,84381.585,114034.746
2014-03-10 09:00:00,100199.876,102258.067,85856.336,117365.91
2014-03-10 10:00:00,98426.091,100199.876,86222.022,119282.745
2014-03-10 11:00:00,97023.832,98426.091,85466.786,120490.736
2014-03-10 12:00:00,95103.283,97023.832,84825.31,120609.841
2014-03-10 13:00:00,92786.697,95103.283,83142.723,119893.285
2014-03-10 14:00:00,90406.774,92786.697,81489.93,118511.798
2014-03-10 15:00:00,88343.187,90406.774,80354.446,116563.447
2014-03-10 16:00:00,87091.681,88343.187,80132.019,115461.666
2014-03-10 17:00:00,87135.404,87091.681,81732.032,115865.857
2014-03-10 18:00:00,88276.878,87135.404,84721.345,118297.936
2014-03-10 19:00:00,92892.578,88276.878,91194.863,124074.152
2014-03-10 20:00:00,95488.942,92892.578,94943.048,126638.86
2014-03-10 21:00:00,92457.744,95488.942,92767.936,125357.95
2014-03-10 22:00:00,87063.311,92457.744,89069.443,122080.811
2014-03-10 23:00:00,81348.497,87063.311,84283.97,117034.359
2014-03-11 00:00:00,76762.583,81348.497,80966.562,112691.387
2014-03-11 01:00:00,74283.236,76762.583,79041.334,109765.836
2014-03-11 02:00:00,73127.039,74283.236,78556.684,108661.771
2014-03-11 03:00:00,72919.707,73127.039,78887.359,108655.026
2014-03-11 04:00:00,74700.914,72919.707,81041.388,109203.228
2014-03-11 05:00:00,79921.849,74700.914,86503.909,111327.486
2014-03-11 06:00:00,89233.029,79921.849,96316.869,116205.451
2014-03-11 07:00:00,95603.399,89233.029,102543.974,122781.852
2014-03-11 08:00:00,95259.639,95603.399,102258.067,125717.345
2014-03-11 09:00:00,93881.62,95259.639,100199.876,124762.976
2014-03-11 10:00:00,92202.996,93881.62,98426.091,122512.225
2014-03-11 11:00:00,90196.885,92202.996,97023.832,119461.842
2014-03-11 12:00:00,88716.482,90196.885,95103.283,115850.601
2014-03-11 13:00:00,87732.788,88716.482,92786.697,112594.121
2014-03-11 14:00:00,86664.68,87732.788,90406.774,110200.011
2014-03-11 15:00:00,85667.387,86664.68,88343.187,108098.164
2014-03-11 16:00:00,85343.912,85667.387,87091.681,106337.043
2014-03-11 17:00:00,85786.549,85343.912,87135.404,107097.302
2014-03-11 18:00:00,86430.644,85786.549,88276.878,110438.612
2014-03-11 19:00:00,90503.426,86430.644,92892.578,116703.506
2014-03-11 20:00:00,92667.722,90503.426,95488.942,118639.35
2014-03-11 21:00:00,89750.727,92667.722,92457.744,117269.361
2014-03-11 22:00:00,83716.622,89750.727,87063.311,113607.923
2014-03-11 23:00:00,77807.791,83716.622,81348.497,107764.04
2014-03-12 00:00:00,73628.925,77807.791,76762.583,102153.594
2014-03-12 01:00:00,71230.331,73628.925,74283.236,98663.59
2014-03-12 02:00:00,70301.563,71230.331,73127.039,96817.005
2014-03-12 03:00:00,70484.129,70301.563,72919.707,96425.158
2014-03-12 04:00:00,72167.281,70484.129,74700.914,97166.467
2014-03-12 05:00:00,77419.87,72167.281,79921.849,99735.271
2014-03-12 06:00:00,86855.232,77419.87,89233.029,105333.814
2014-03-12 07:00:00,93444.972,86855.232,95603.399,113958.933
2014-03-12 08:00:00,93756.375,93444.972,95259.639,117044.767
2014-03-12 09:00:00,93815.417,93756.375,93881.62,114662.243
2014-03-12 10:00:00,93742.322,93815.417,92202.996,111264.759
2014-03-12 11:00:00,93906.289,93742.322,90196.885,108574.114
2014-03-12 12:00:00,93630.168,93906.289,88716.482,106121.726
2014-03-12 13:00:00,93579.712,93630.168,87732.788,104116.394
2014-03-12 14:00:00,93243.298,93579.712,86664.68,102447.932
2014-03-12 15:00:00,93069.434,93243.298,85667.387,100908.077
2014-03-12 16:00:00,93882.876,93069.434,85343.912,100489.369
2014-03-12 17:00:00,95542.342,93882.876,85786.549,101752.06
2014-03-12 18:00:00,97142.604,95542.342,86430.644,104772.12
2014-03-12 19:00:00,100125.835,97142.604,90503.426,110969.96
2014-03-12 20:00:00,101763.768,100125.835,92667.722,113843.318
2014-03-12 21:00:00,99535.914,101763.768,89750.727,113206.365
2014-03-12 22:00:00,95153.042,99535.914,83716.622,110413.79
2014-03-12 23:00:00,90997.697,95153.042,77807.791,104935.953
2014-03-13 00:00:00,88146.728,90997.697,73628.925,99800.457
2014-03-13 01:00:00,87216.619,88146.728,71230.331,96282.141
2014-03-13 02:00:00,87664.135,87216.619,70301.563,94902.339
2014-03-13 03:00:00,88991.331,87664.135,70484.129,94811.575
2014-03-13 04:00:00,92152.167,88991.331,72167.281,95468.114
2014-03-13 05:00:00,98505.335,92152.167,77419.87,97993.251
2014-03-13 06:00:00,109218.849,98505.335,86855.232,104087.731
2014-03-13 07:00:00,116126.405,109218.849,93444.972,113363.932
2014-03-13 08:00:00,115961.765,116126.405,93756.375,116903.955
2014-03-13 09:00:00,114756.454,115961.765,93815.417,115359.139
2014-03-13 10:00:00,113456.711,114756.454,93742.322,112659.991
2014-03-13 11:00:00,111428.825,113456.711,93906.289,109797.134
2014-03-13 12:00:00,109190.513,111428.825,93630.168,107174.542
2014-03-13 13:00:00,107304.636,109190.513,93579.712,104675.887
2014-03-13 14:00:00,105101.758,107304.636,93243.298,102847.753
2014-03-13 15:00:00,102870.721,105101.758,93069.434,101510.72
2014-03-13 16:00:00,101744.833,102870.721,93882.876,100891.874
2014-03-13 17:00:00,102060.478,101744.833,95542.342,102339.629
2014-03-13 18:00:00,103803.693,102060.478,97142.604,105687.937
2014-03-13 19:00:00,109463.055,103803.693,100125.835,111027.852
2014-03-13 20:00:00,112434.528,109463.055,101763.768,113588.287
2014-03-13 21:00:00,109924.991,112434.528,99535.914,112665.083
2014-03-13 22:00:00,104421.56,109924.991,95153.042,109409.909
2014-03-13 23:00:00,98414.997,104421.56,90997.697,103571.72
2014-03-14 00:00:00,94336.269,98414.997,88146.728,97714.68
2014-03-14 01:00:00,92071.807,94336.269,87216.619,94328.016
2014-03-14 02:00:00,91060.991,92071.807,87664.135,92010.408
2014-03-14 03:00:00,91255.232,91060.991,88991.331,91198.497
2014-03-14 04:00:00,92872.256,91255.232,92152.167,91382.354
2014-03-14 05:00:00,97785.13,92872.256,98505.335,93563.178
2014-03-14 06:00:00,106613.994,97785.13,109218.849,99017.598
2014-03-14 07:00:00,111778.796,106613.994,116126.405,107625.154
2014-03-14 08:00:00,110554.066,111778.796,115961.765,111111.294
2014-03-14 09:00:00,107856.386,110554.066,114756.454,110265.362
2014-03-14 10:00:00,105395.518,107856.386,113456.711,108285.164
2014-03-14 11:00:00,101858.519,105395.518,111428.825,105971.943
2014-03-14 12:00:00,98264.39,101858.519,109190.513,103348.974
2014-03-14 13:00:00,94844.338,98264.39,107304.636,100851.835
2014-03-14 14:00:00,91717.609,94844.338,105101.758,98985.718
2014-03-14 15:00:00,89536.591,91717.609,102870.721,97201.46
2014-03-14 16:00:00,88667.599,89536.591,101744.833,95722.515
2014-03-14 17:00:00,88689.021,88667.599,102060.478,95345.915
2014-03-14 18:00:00,89330.786,88689.021,103803.693,96871.993
2014-03-14 19:00:00,92911.383,89330.786,109463.055,100598.467
2014-03-14 20:00:00,94686.683,92911.383,112434.528,102522.086
2014-03-14 21:00:00,92468.024,94686.683,109924.991,101307.268
2014-03-14 22:00:00,88186.004,92468.024,104421.56,98613.898
2014-03-14 23:00:00,82718.37,88186.004,98414.997,94381.991
2014-03-15 00:00:00,78016.571,82718.37,94336.269,89637.595
2014-03-15 01:00:00,75346.302,78016.571,92071.807,85959.937
2014-03-15 02:00:00,73741.222,75346.302,91060.991,84062.132
2014-03-15 03:00:00,72967.532,73741.222,91255.232,83422.77
2014-03-15 04:00:00,73148.631,72967.532,92872.256,83458.237
2014-03-15 05:00:00,75009.405,73148.631,97785.13,84581.878
2014-03-15 06:00:00,78453.83,75009.405,106613.994,87231.516
2014-03-15 07:00:00,82264.307,78453.83,111778.796,90584.568
2014-03-15 08:00:00,85073.988,82264.307,110554.066,92611.497
2014-03-15 09:00:00,86381.089,85073.988,107856.386,93268.439
2014-03-15 10:00:00,86206.337,86381.089,105395.518,92412.468
2014-03-15 11:00:00,84669.762,86206.337,101858.519,91079.648
2014-03-15 12:00:00,82573.484,84669.762,98264.39,88813.171
2014-03-15 13:00:00,80498.281,82573.484,94844.338,86270.335
2014-03-15 14:00:00,78322.414,80498.281,91717.609,83898.832
2014-03-15 15:00:00,77019.703,78322.414,89536.591,82126.799
2014-03-15 16:00:00,76740.637,77019.703,88667.599,81474.934
2014-03-15 17:00:00,76983.138,76740.637,88689.021,82083.486
2014-03-15 18:00:00,77856.625,76983.138,89330.786,84072.18
2014-03-15 19:00:00,81711.729,77856.625,92911.383,88708.481
2014-03-15 20:00:00,85008.391,81711.729,94686.683,90903.768
2014-03-15 21:00:00,83863.234,85008.391,92468.024,89952.303
2014-03-15 22:00:00,81270.213,83863.234,88186.004,87948.567
2014-03-15 23:00:00,77638.762,81270.213,82718.37,84578.266
2014-03-16 00:00:00,74677.761,77638.762,78016.571,80597.778
2014-03-16 01:00:00,72775.359,74677.761,75346.302,77344.613
2014-03-16 02:00:00,72400.82,72775.359,73741.222,75060.968
2014-03-16 03:00:00,72707.009,72400.82,72967.532,74561.084
2014-03-16 04:00:00,73779.27,72707.009,73148.631,74878.541
2014-03-16 05:00:00,75966.141,73779.27,75009.405,76124.274
2014-03-16 06:00:00,79217.82,75966.141,78453.83,78655.69
2014-03-16 07:00:00,82949.709,79217.82,82264.307,82061.763
2014-03-16 08:00:00,85972.406,82949.709,85073.988,84381.585
2014-03-16 09:00:00,88218.569,85972.406,86381.089,85856.336
2014-03-16 10:00:00,88885.448,88218.569,86206.337,86222.022
2014-03-16 11:00:00,88875.119,88885.448,84669.762,85466.786
2014-03-16 12:00:00,89008.997,88875.119,82573.484,84825.31
2014-03-16 13:00:00,88923.66,89008.997,80498.281,83142.723
2014-03-16 14:00:00,88793.27,88923.66,78322.414,81489.93
2014-03-16 15:00:00,89405.944,88793.27,77019.703,80354.446
2014-03-16 16:00:00,90961.5,89405.944,76740.637,80132.019
2014-03-16 17:00:00,93369.771,90961.5,76983.138,81732.032
2014-03-16 18:00:00,95931.966,93369.771,77856.625,84721.345
2014-03-16 19:00:00,100672.902,95931.966,81711.729,91194.863
2014-03-16 20:00:00,102915.55,100672.902,85008.391,94943.048
2014-03-16 21:00:00,100732.304,102915.55,83863.234,92767.936
2014-03-16 22:00:00,96950.756,100732.304,81270.213,89069.443
2014-03-16 23:00:00,92571.049,96950.756,77638.762,84283.97
2014-03-17 00:00:00,89562.376,92571.049,74677.761,80966.562
2014-03-17 01:00:00,88146.468,89562.376,72775.359,79041.334
2014-03-17 02:00:00,88064.837,88146.468,72400.82,78556.684
2014-03-17 03:00:00,88428.266,88064.837,72707.009,78887.359
2014-03-17 04:00:00,90977.211,88428.266,73779.27,81041.388
2014-03-17 05:00:00,96289.265,90977.211,75966.141,86503.909
2014-03-17 06:00:00,104950.906,96289.265,79217.82,96316.869
2014-03-17 07:00:00,111082.071,104950.906,82949.709,102543.974
2014-03-17 08:00:00,112281.721,111082.071,85972.406,102258.067
2014-03-17 09:00:00,112642.216,112281.721,88218.569,100199.876
2014-03-17 10:00:00,112510.017,112642.216,88885.448,98426.091
2014-03-17 11:00:00,111373.289,112510.017,88875.119,97023.832
2014-03-17 12:00:00,109533.117,111373.289,89008.997,95103.283
2014-03-17 13:00:00,107710.79,109533.117,88923.66,92786.697
2014-03-17 14:00:00,105325.843,107710.79,88793.27,90406.774
2014-03-17 15:00:00,103703.518,105325.843,89405.944,88343.187
2014-03-17 16:00:00,103727.418,103703.518,90961.5,87091.681
2014-03-17 17:00:00,104542.391,103727.418,93369.771,87135.404
2014-03-17 18:00:00,105314.955,104542.391,95931.966,88276.878
2014-03-17 19:00:00,108272.677,105314.955,100672.902,92892.578
2014-03-17 20:00:00,109792.437,108272.677,102915.55,95488.942
2014-03-17 21:00:00,106319.214,109792.437,100732.304,92457.744
2014-03-17 22:00:00,100624.531,106319.214,96950.756,87063.311
2014-03-17 23:00:00,94610.472,100624.531,92571.049,81348.497
2014-03-18 00:00:00,90307.148,94610.472,89562.376,76762.583
2014-03-18 01:00:00,88209.797,90307.148,88146.468,74283.236
2014-03-18 02:00:00,87152.039,88209.797,88064.837,73127.039
2014-03-18 03:00:00,87358.718,87152.039,88428.266,72919.707
2014-03-18 04:00:00,89142.465,87358.718,90977.211,74700.914
2014-03-18 05:00:00,94390.685,89142.465,96289.265,79921.849
2014-03-18 06:00:00,103753.776,94390.685,104950.906,89233.029
2014-03-18 07:00:00,109451.378,103753.776,111082.071,95603.399
2014-03-18 08:00:00,109123.311,109451.378,112281.721,95259.639
2014-03-18 09:00:00,107343.503,109123.311,112642.216,93881.62
2014-03-18 10:00:00,105339.68,107343.503,112510.017,92202.996
2014-03-18 11:00:00,102868.266,105339.68,111373.289,90196.885
2014-03-18 12:00:00,100140.611,102868.266,109533.117,88716.482
2014-03-18 13:00:00,97876.783,100140.611,107710.79,87732.788
2014-03-18 14:00:00,95828.476,97876.783,105325.843,86664.68
2014-03-18 15:00:00,94116.679,95828.476,103703.518,85667.387
2014-03-18 16:00:00,93490.28,94116.679,103727.418,85343.912
2014-03-18 17:00:00,94294.397,93490.28,104542.391,85786.549
2014-03-18 18:00:00,95042.403,94294.397,105314.955,86430.644
2014-03-18 19:00:00,99061.504,95042.403,108272.677,90503.426
2014-03-18 20:00:00,101851.662,99061.504,109792.437,92667.722
2014-03-18 21:00:00,99187.256,101851.662,106319.214,89750.727
2014-03-18 22:00:00,93395.266,99187.256,100624.531,83716.622
2014-03-18 23:00:00,87627.678,93395.266,94610.472,77807.791
2014-03-19 00:00:00,83332.171,87627.678,90307.148,73628.925
2014-03-19 01:00:00,80928.484,83332.171,88209.797,71230.331
2014-03-19 02:00:00,79826.287,80928.484,87152.039,70301.563
2014-03-19 03:00:00,79883.49,79826.287,87358.718,70484.129
2014-03-19 04:00:00,81682.379,79883.49,89142.465,72167.281
2014-03-19 05:00:00,86873.303,81682.379,94390.685,77419.87
2014-03-19 06:00:00,96372.721,86873.303,103753.776,86855.232
2014-03-19 07:00:00,101913.931,96372.721,109451.378,93444.972
2014-03-19 08:00:00,101918.39,101913.931,109123.311,93756.375
2014-03-19 09:00:00,101218.463,101918.39,107343.503,93815.417
2014-03-19 10:00:00,100410.584,101218.463,105339.68,93742.322
2014-03-19 11:00:00,99564.777,100410.584,102868.266,93906.289
2014-03-19 12:00:00,98560.048,99564.777,100140.611,93630.168
2014-03-19 13:00:00,97760.674,98560.048,97876.783,93579.712
2014-03-19 14:00:00,96631.046,97760.674,95828.476,93243.298
2014-03-19 15:00:00,95788.012,96631.046,94116.679,93069.434
2014-03-19 16:00:00,96210.674,95788.012,93490.28,93882.876
2014-03-19 17:00:00,96980.519,96210.674,94294.397,95542.342
2014-03-19 18:00:00,97704.672,96980.519,95042.403,97142.604
2014-03-19 19:00:00,99933.665,97704.672,99061.504,100125.835
2014-03-19 20:00:00,100513.233,99933.665,101851.662,101763.768
2014-03-19 21:00:00,97114.22,100513.233,99187.256,99535.914
2014-03-19 22:00:00,91125.04,97114.22,93395.266,95153.042
2014-03-19 23:00:00,85066.47,91125.04,87627.678,90997.697
2014-03-20 00:00:00,80664.777,85066.47,83332.171,88146.728
2014-03-20 01:00:00,78297.793,80664.777,80928.484,87216.619
2014-03-20 02:00:00,77299.39,78297.793,79826.287,87664.135
2014-03-20 03:00:00,77374.359,77299.39,79883.49,88991.331
2014-03-20 04:00:00,78963.633,77374.359,81682.379,92152.167
2014-03-20 05:00:00,84267.202,78963.633,86873.303,98505.335
2014-03-20 06:00:00,93952.715,84267.202,96372.721,109218.849
2014-03-20 07:00:00,99813.699,93952.715,101913.931,116126.405
2014-03-20 08:00:00,99067.535,99813.699,101918.39,115961.765
2014-03-20 09:00:00,97173.237,99067.535,101218.463,114756.454
2014-03-20 10:00:00,96091.595,97173.237,100410.584,113456.711
2014-03-20 11:00:00,94769.944,96091.595,99564.777,111428.825
2014-03-20 12:00:00,93219.704,94769.944,98560.048,109190.513
2014-03-20 13:00:00,91805.829,93219.704,97760.674,107304.636
2014-03-20 14:00:00,90194.582,91805.829,96631.046,105101.758
2014-03-20 15:00:00,89059.853,90194.582,95788.012,102870.721
2014-03-20 16:00:00,88467.138,89059.853,96210.674,101744.833
2014-03-20 17:00:00,88648.786,88467.138,96980.519,102060.478
2014-03-20 18:00:00,89591.849,88648.786,97704.672,103803.693
2014-03-20 19:00:00,93371.587,89591.849,99933.665,109463.055
2014-03-20 20:00:00,96651.639,93371.587,100513.233,112434.528
2014-03-20 21:00:00,94447.493,96651.639,97114.22,109924.991
2014-03-20 22:00:00,89418.019,94447.493,91125.04,104421.56
2014-03-20 23:00:00,84136.308,89418.019,85066.47,98414.997
2014-03-21 00:00:00,80245.855,84136.308,80664.777,94336.269
2014-03-21 01:00:00,78237.516,80245.855,78297.793,92071.807
2014-03-21 02:00:00,77394.76,78237.516,77299.39,91060.991
2014-03-21 03:00:00,77886.772,77394.76,77374.359,91255.232
2014-03-21 04:00:00,79986.382,77886.772,78963.633,92872.256
2014-03-21 05:00:00,85525.445,79986.382,84267.202,97785.13
2014-03-21 06:00:00,95531.156,85525.445,93952.715,106613.994
2014-03-21 07:00:00,100884.799,95531.156,99813.699,111778.796
2014-03-21 08:00:00,100226.494,100884.799,99067.535,110554.066
2014-03-21 09:00:00,97838.986,100226.494,97173.237,107856.386
2014-03-21 10:00:00,95642.42,97838.986,96091.595,105395.518
2014-03-21 11:00:00,93215.75,95642.42,94769.944,101858.519
2014-03-21 12:00:00,91018.374,93215.75,93219.704,98264.39
2014-03-21 13:00:00,89626.592,91018.374,91805.829,94844.338
2014-03-21 14:00:00,87808.028,89626.592,90194.582,91717.609
2014-03-21 15:00:00,86201.947,87808.028,89059.853,89536.591
2014-03-21 16:00:00,84803.078,86201.947,88467.138,88667.599
2014-03-21 17:00:00,84135.601,84803.078,88648.786,88689.021
2014-03-21 18:00:00,83972.801,84135.601,89591.849,89330.786
2014-03-21 19:00:00,87147.713,83972.801,93371.587,92911.383
2014-03-21 20:00:00,90178.846,87147.713,96651.639,94686.683
2014-03-21 21:00:00,88299.457,90178.846,94447.493,92468.024
2014-03-21 22:00:00,84511.025,88299.457,89418.019,88186.004
2014-03-21 23:00:00,79881.048,84511.025,84136.308,82718.37
2014-03-22 00:00:00,75991.929,79881.048,80245.855,78016.571
2014-03-22 01:00:00,73572.346,75991.929,78237.516,75346.302
2014-03-22 02:00:00,72177.986,73572.346,77394.76,73741.222
2014-03-22 03:00:00,71693.006,72177.986,77886.772,72967.532
2014-03-22 04:00:00,72208.383,71693.006,79986.382,73148.631
2014-03-22 05:00:00,74001.186,72208.383,85525.445,75009.405
2014-03-22 06:00:00,77418.841,74001.186,95531.156,78453.83
2014-03-22 07:00:00,80943.954,77418.841,100884.799,82264.307
2014-03-22 08:00:00,84059.482,80943.954,100226.494,85073.988
2014-03-22 09:00:00,85773.652,84059.482,97838.986,86381.089
2014-03-22 10:00:00,85768.498,85773.652,95642.42,86206.337
2014-03-22 11:00:00,84477.588,85768.498,93215.75,84669.762
2014-03-22 12:00:00,82499.283,84477.588,91018.374,82573.484
2014-03-22 13:00:00,80236.563,82499.283,89626.592,80498.281
2014-03-22 14:00:00,78264.019,80236.563,87808.028,78322.414
2014-03-22 15:00:00,76858.153,78264.019,86201.947,77019.703
2014-03-22 16:00:00,76506.105,76858.153,84803.078,76740.637
2014-03-22 17:00:00,76797.271,76506.105,84135.601,76983.138
2014-03-22 18:00:00,77343.031,76797.271,83972.801,77856.625
2014-03-22 19:00:00,80685.909,77343.031,87147.713,81711.729
2014-03-22 20:00:00,83952.34,80685.909,90178.846,85008.391
2014-03-22 21:00:00,82540.409,83952.34,88299.457,83863.234
2014-03-22 22:00:00,79570.655,82540.409,84511.025,81270.213
2014-03-22 23:00:00,75800.387,79570.655,79881.048,77638.762
2014-03-23 00:00:00,72444.675,75800.387,75991.929,74677.761
2014-03-23 01:00:00,70455.759,72444.675,73572.346,72775.359
2014-03-23 02:00:00,69840.982,70455.759,72177.986,72400.82
2014-03-23 03:00:00,69722.402,69840.982,71693.006,72707.009
2014-03-23 04:00:00,70518.047,69722.402,72208.383,73779.27
2014-03-23 05:00:00,72384.289,70518.047,74001.186,75966.141
2014-03-23 06:00:00,75573.492,72384.289,77418.841,79217.82
2014-03-23 07:00:00,78867.265,75573.492,80943.954,82949.709
2014-03-23 08:00:00,82488.04,78867.265,84059.482,85972.406
2014-03-23 09:00:00,85315.263,82488.04,85773.652,88218.569
2014-03-23 10:00:00,86444.309,85315.263,85768.498,88885.448
2014-03-23 11:00:00,86452.491,86444.309,84477.588,88875.119
2014-03-23 12:00:00,86171.45,86452.491,82499.283,89008.997
2014-03-23 13:00:00,85478.369,86171.45,80236.563,88923.66
2014-03-23 14:00:00,84628.987,85478.369,78264.019,88793.27
2014-03-23 15:00:00,84251.649,84628.987,76858.153,89405.944
2014-03-23 16:00:00,84876.995,84251.649,76506.105,90961.5
2014-03-23 17:00:00,85977.615,84876.995,76797.271,93369.771
2014-03-23 18:00:00,87548.511,85977.615,77343.031,95931.966
2014-03-23 19:00:00,92409.396,87548.511,80685.909,100672.902
2014-03-23 20:00:00,97072.816,92409.396,83952.34,102915.55
2014-03-23 21:00:00,95571.797,97072.816,82540.409,100732.304
2014-03-23 22:00:00,92007.508,95571.797,79570.655,96950.756
2014-03-23 23:00:00,88176.634,92007.508,75800.387,92571.049
2014-03-24 00:00:00,85302.08,88176.634,72444.675,89562.376
2014-03-24 01:00:00,84461.427,85302.08,70455.759,88146.468
2014-03-24 02:00:00,84950.863,84461.427,69840.982,88064.837
2014-03-24 03:00:00,86280.468,84950.863,69722.402,88428.266
2014-03-24 04:00:00,89463.031,86280.468,70518.047,90977.211
2014-03-24 05:00:00,96200.677,89463.031,72384.289,96289.265
2014-03-24 06:00:00,106865.075,96200.677,75573.492,104950.906
2014-03-24 07:00:00,112303.24,106865.075,78867.265,111082.071
2014-03-24 08:00:00,110947.187,112303.24,82488.04,112281.721
2014-03-24 09:00:00,108560.911,110947.187,85315.263,112642.216
2014-03-24 10:00:00,106088.471,108560.911,86444.309,112510.017
2014-03-24 11:00:00,103745.714,106088.471,86452.491,111373.289
2014-03-24 12:00:00,101430.019,103745.714,86171.45,109533.117
2014-03-24 13:00:00,99349.983,101430.019,85478.369,107710.79
2014-03-24 14:00:00,96979.101,99349.983,84628.987,105325.843
2014-03-24 15:00:00,94994.121,96979.101,84251.649,103703.518
2014-03-24 16:00:00,94450.773,94994.121,84876.995,103727.418
2014-03-24 17:00:00,95001.346,94450.773,85977.615,104542.391
2014-03-24 18:00:00,96644.356,95001.346,87548.511,105314.955
2014-03-24 19:00:00,101704.351,96644.356,92409.396,108272.677
2014-03-24 20:00:00,105526.715,101704.351,97072.816,109792.437
2014-03-24 21:00:00,103397.349,105526.715,95571.797,106319.214
2014-03-24 22:00:00,98350.484,103397.349,92007.508,100624.531
2014-03-24 23:00:00,93103.996,98350.484,88176.634,94610.472
2014-03-25 00:00:00,89058.539,93103.996,85302.08,90307.148
2014-03-25 01:00:00,87299.198,89058.539,84461.427,88209.797
2014-03-25 02:00:00,86802.56,87299.198,84950.863,87152.039
2014-03-25 03:00:00,87335.154,86802.56,86280.468,87358.718
2014-03-25 04:00:00,89559.58,87335.154,89463.031,89142.465
2014-03-25 05:00:00,95124.272,89559.58,96200.677,94390.685
2014-03-25 06:00:00,104554.61,95124.272,106865.075,103753.776
2014-03-25 07:00:00,109605.268,104554.61,112303.24,109451.378
2014-03-25 08:00:00,109444.408,109605.268,110947.187,109123.311
2014-03-25 09:00:00,107995.051,109444.408,108560.911,107343.503
2014-03-25 10:00:00,106678.823,107995.051,106088.471,105339.68
2014-03-25 11:00:00,105204.405,106678.823,103745.714,102868.266
2014-03-25 12:00:00,103894.449,105204.405,101430.019,100140.611
2014-03-25 13:00:00,103013.786,103894.449,99349.983,97876.783
2014-03-25 14:00:00,102088.736,103013.786,96979.101,95828.476
2014-03-25 15:00:00,101598.121,102088.736,94994.121,94116.679
2014-03-25 16:00:00,102612.724,101598.121,94450.773,93490.28
2014-03-25 17:00:00,103864.749,102612.724,95001.346,94294.397
2014-03-25 18:00:00,105099.7,103864.749,96644.356,95042.403
2014-03-25 19:00:00,107911.459,105099.7,101704.351,99061.504
2014-03-25 20:00:00,110169.288,107911.459,105526.715,101851.662
2014-03-25 21:00:00,107060.785,110169.288,103397.349,99187.256
2014-03-25 22:00:00,101235.967,107060.785,98350.484,93395.266
2014-03-25 23:00:00,95805.325,101235.967,93103.996,87627.678
2014-03-26 00:00:00,91779.658,95805.325,89058.539,83332.171
2014-03-26 01:00:00,89885.144,91779.658,87299.198,80928.484
2014-03-26 02:00:00,89817.641,89885.144,86802.56,79826.287
2014-03-26 03:00:00,90154.454,89817.641,87335.154,79883.49
2014-03-26 04:00:00,92662.566,90154.454,89559.58,81682.379
2014-03-26 05:00:00,98739.84,92662.566,95124.272,86873.303
2014-03-26 06:00:00,108354.261,98739.84,104554.61,96372.721
2014-03-26 07:00:00,113112.352,108354.261,109605.268,101913.931
2014-03-26 08:00:00,111925.105,113112.352,109444.408,101918.39
2014-03-26 09:00:00,109627.051,111925.105,107995.051,101218.463
2014-03-26 10:00:00,108374.786,109627.051,106678.823,100410.584
2014-03-26 11:00:00,106350.576,108374.786,105204.405,99564.777
2014-03-26 12:00:00,104806.065,106350.576,103894.449,98560.048
2014-03-26 13:00:00,103135.231,104806.065,103013.786,97760.674
2014-03-26 14:00:00,101150.597,103135.231,102088.736,96631.046
2014-03-26 15:00:00,99294.749,101150.597,101598.121,95788.012
2014-03-26 16:00:00,98292.356,99294.749,102612.724,96210.674
2014-03-26 17:00:00,98342.288,98292.356,103864.749,96980.519
2014-03-26 18:00:00,99607.978,98342.288,105099.7,97704.672
2014-03-26 19:00:00,104207.656,99607.978,107911.459,99933.665
2014-03-26 20:00:00,108637.719,104207.656,110169.288,100513.233
2014-03-26 21:00:00,106803.782,108637.719,107060.785,97114.22
2014-03-26 22:00:00,101379.502,106803.782,101235.967,91125.04
2014-03-26 23:00:00,95848.69,101379.502,95805.325,85066.47
2014-03-27 00:00:00,92253.559,95848.69,91779.658,80664.777
2014-03-27 01:00:00,90727.04,92253.559,89885.144,78297.793
2014-03-27 02:00:00,90273.671,90727.04,89817.641,77299.39
2014-03-27 03:00:00,90623.102,90273.671,90154.454,77374.359
2014-03-27 04:00:00,93104.329,90623.102,92662.566,78963.633
2014-03-27 05:00:00,98897.933,93104.329,98739.84,84267.202
2014-03-27 06:00:00,108489.93,98897.933,108354.261,93952.715
2014-03-27 07:00:00,112571.388,108489.93,113112.352,99813.699
2014-03-27 08:00:00,110580.977,112571.388,111925.105,99067.535
2014-03-27 09:00:00,107513.128,110580.977,109627.051,97173.237
2014-03-27 10:00:00,104835.23,107513.128,108374.786,96091.595
2014-03-27 11:00:00,101919.083,104835.23,106350.576,94769.944
2014-03-27 12:00:00,99381.077,101919.083,104806.065,93219.704
2014-03-27 13:00:00,97793.51,99381.077,103135.231,91805.829
2014-03-27 14:00:00,95464.859,97793.51,101150.597,90194.582
2014-03-27 15:00:00,93974.075,95464.859,99294.749,89059.853
2014-03-27 16:00:00,93651.863,93974.075,98292.356,88467.138
2014-03-27 17:00:00,93986.481,93651.863,98342.288,88648.786
2014-03-27 18:00:00,94351.314,93986.481,99607.978,89591.849
2014-03-27 19:00:00,97639.466,94351.314,104207.656,93371.587
2014-03-27 20:00:00,100265.935,97639.466,108637.719,96651.639
2014-03-27 21:00:00,97093.528,100265.935,106803.782,94447.493
2014-03-27 22:00:00,91366.344,97093.528,101379.502,89418.019
2014-03-27 23:00:00,85409.823,91366.344,95848.69,84136.308
2014-03-28 00:00:00,81077.37,85409.823,92253.559,80245.855
2014-03-28 01:00:00,78534.294,81077.37,90727.04,78237.516
2014-03-28 02:00:00,76990.152,78534.294,90273.671,77394.76
2014-03-28 03:00:00,76648.726,76990.152,90623.102,77886.772
2014-03-28 04:00:00,77889.259,76648.726,93104.329,79986.382
2014-03-28 05:00:00,82357.414,77889.259,98897.933,85525.445
2014-03-28 06:00:00,90863.672,82357.414,108489.93,95531.156
2014-03-28 07:00:00,95262.93,90863.672,112571.388,100884.799
2014-03-28 08:00:00,95368.738,95262.93,110580.977,100226.494
2014-03-28 09:00:00,95065.607,95368.738,107513.128,97838.986
2014-03-28 10:00:00,95105.978,95065.607,104835.23,95642.42
2014-03-28 11:00:00,94293.485,95105.978,101919.083,93215.75
2014-03-28 12:00:00,92512.731,94293.485,99381.077,91018.374
2014-03-28 13:00:00,91169.591,92512.731,97793.51,89626.592
2014-03-28 14:00:00,89038.418,91169.591,95464.859,87808.028
2014-03-28 15:00:00,87410.111,89038.418,93974.075,86201.947
2014-03-28 16:00:00,86716.404,87410.111,93651.863,84803.078
2014-03-28 17:00:00,85840.796,86716.404,93986.481,84135.601
2014-03-28 18:00:00,85204.622,85840.796,94351.314,83972.801
2014-03-28 19:00:00,86880.776,85204.622,97639.466,87147.713
2014-03-28 20:00:00,88874.935,86880.776,100265.935,90178.846
2014-03-28 21:00:00,86458.309,88874.935,97093.528,88299.457
2014-03-28 22:00:00,82194.601,86458.309,91366.344,84511.025
2014-03-28 23:00:00,77131.706,82194.601,85409.823,79881.048
2014-03-29 00:00:00,72843.165,77131.706,81077.37,75991.929
2014-03-29 01:00:00,70091.162,72843.165,78534.294,73572.346
2014-03-29 02:00:00,68743.864,70091.162,76990.152,72177.986
2014-03-29 03:00:00,68226.346,68743.864,76648.726,71693.006
2014-03-29 04:00:00,68545.4,68226.346,77889.259,72208.383
2014-03-29 05:00:00,70179.654,68545.4,82357.414,74001.186
2014-03-29 06:00:00,73583.636,70179.654,90863.672,77418.841
2014-03-29 07:00:00,77226.858,73583.636,95262.93,80943.954
2014-03-29 08:00:00,81164.626,77226.858,95368.738,84059.482
2014-03-29 09:00:00,84638.569,81164.626,95065.607,85773.652
2014-03-29 10:00:00,86514.483,84638.569,95105.978,85768.498
2014-03-29 11:00:00,86967.459,86514.483,94293.485,84477.588
2014-03-29 12:00:00,86279.88,86967.459,92512.731,82499.283
2014-03-29 13:00:00,85517.145,86279.88,91169.591,80236.563
2014-03-29 14:00:00,84704.859,85517.145,89038.418,78264.019
2014-03-29 15:00:00,84338.815,84704.859,87410.111,76858.153
2014-03-29 16:00:00,84677.827,84338.815,86716.404,76506.105
2014-03-29 17:00:00,85417.212,84677.827,85840.796,76797.271
2014-03-29 18:00:00,85739.676,85417.212,85204.622,77343.031
2014-03-29 19:00:00,87459.709,85739.676,86880.776,80685.909
2014-03-29 20:00:00,88728.242,87459.709,88874.935,83952.34
2014-03-29 21:00:00,86815.027,88728.242,86458.309,82540.409
2014-03-29 22:00:00,83400.733,86815.027,82194.601,79570.655
2014-03-29 23:00:00,79225.231,83400.733,77131.706,75800.387
2014-03-30 00:00:00,75342.954,79225.231,72843.165,72444.675
2014-03-30 01:00:00,72991.76,75342.954,70091.162,70455.759
2014-03-30 02:00:00,71720.654,72991.76,68743.864,69840.982
2014-03-30 03:00:00,71263.235,71720.654,68226.346,69722.402
2014-03-30 04:00:00,71364.587,71263.235,68545.4,70518.047
2014-03-30 05:00:00,72794.692,71364.587,70179.654,72384.289
2014-03-30 06:00:00,75530.589,72794.692,73583.636,75573.492
2014-03-30 07:00:00,78596.395,75530.589,77226.858,78867.265
2014-03-30 08:00:00,82060.599,78596.395,81164.626,82488.04
2014-03-30 09:00:00,85092.767,82060.599,84638.569,85315.263
2014-03-30 10:00:00,86231.314,85092.767,86514.483,86444.309
2014-03-30 11:00:00,86563.211,86231.314,86967.459,86452.491
2014-03-30 12:00:00,86561.846,86563.211,86279.88,86171.45
2014-03-30 13:00:00,85990.109,86561.846,85517.145,85478.369
2014-03-30 14:00:00,85177.229,85990.109,84704.859,84628.987
2014-03-30 15:00:00,84543.257,85177.229,84338.815,84251.649
2014-03-30 16:00:00,85261.076,84543.257,84677.827,84876.995
2014-03-30 17:00:00,86389.946,85261.076,85417.212,85977.615
2014-03-30 18:00:00,87155.326,86389.946,85739.676,87548.511
2014-03-30 19:00:00,89896.006,87155.326,87459.709,92409.396
2014-03-30 20:00:00,93379.176,89896.006,88728.242,97072.816
2014-03-30 21:00:00,91183.686,93379.176,86815.027,95571.797
2014-03-30 22:00:00,87008.872,91183.686,83400.733,92007.508
2014-03-30 23:00:00,82319.181,87008.872,79225.231,88176.634
2014-03-31 00:00:00,78922.033,82319.181,75342.954,85302.08
2014-03-31 01:00:00,77301.808,78922.033,72991.76,84461.427
2014-03-31 02:00:00,76745.388,77301.808,71720.654,84950.863
2014-03-31 03:00:00,77337.879,76745.388,71263.235,86280.468
2014-03-31 04:00:00,79545.262,77337.879,71364.587,89463.031
2014-03-31 05:00:00,85450.495,79545.262,72794.692,96200.677
2014-03-31 06:00:00,95387.024,85450.495,75530.589,106865.075
2014-03-31 07:00:00,100244.87,95387.024,78596.395,112303.24
2014-03-31 08:00:00,99538.408,100244.87,82060.599,110947.187
2014-03-31 09:00:00,97617.316,99538.408,85092.767,108560.911
2014-03-31 10:00:00,95655.368,97617.316,86231.314,106088.471
2014-03-31 11:00:00,93146.859,95655.368,86563.211,103745.714
2014-03-31 12:00:00,90727.077,93146.859,86561.846,101430.019
2014-03-31 13:00:00,89021.991,90727.077,85990.109,99349.983
2014-03-31 14:00:00,87063.76,89021.991,85177.229,96979.101
2014-03-31 15:00:00,85305.376,87063.76,84543.257,94994.121
2014-03-31 16:00:00,84427.838,85305.376,85261.076,94450.773
2014-03-31 17:00:00,84307.422,84427.838,86389.946,95001.346
2014-03-31 18:00:00,84445.159,84307.422,87155.326,96644.356
2014-03-31 19:00:00,87325.996,84445.159,89896.006,101704.351
2014-03-31 20:00:00,91423.36,87325.996,93379.176,105526.715
2014-03-31 21:00:00,88713.461,91423.36,91183.686,103397.349
2014-03-31 22:00:00,83439.103,88713.461,87008.872,98350.484
2014-03-31 23:00:00,77530.534,83439.103,82319.181,93103.996
2014-04-01 00:00:00,73546.706,77530.534,78922.033,89058.539
2014-04-01 01:00:00,71684.695,73546.706,77301.808,87299.198
2014-04-01 02:00:00,70879.411,71684.695,76745.388,86802.56
2014-04-01 03:00:00,71250.121,70879.411,77337.879,87335.154
2014-04-01 04:00:00,73602.138,71250.121,79545.262,89559.58
2014-04-01 05:00:00,79352.084,73602.138,85450.495,95124.272
2014-04-01 06:00:00,89087.401,79352.084,95387.024,104554.61
2014-04-01 07:00:00,93853.964,89087.401,100244.87,109605.268
2014-04-01 08:00:00,93000.558,93853.964,99538.408,109444.408
2014-04-01 09:00:00,91442.506,93000.558,97617.316,107995.051
2014-04-01 10:00:00,90154.46,91442.506,95655.368,106678.823
2014-04-01 11:00:00,88896.851,90154.46,93146.859,105204.405
2014-04-01 12:00:00,87706.224,88896.851,90727.077,103894.449
2014-04-01 13:00:00,86775.205,87706.224,89021.991,103013.786
2014-04-01 14:00:00,85520.786,86775.205,87063.76,102088.736
2014-04-01 15:00:00,84456.796,85520.786,85305.376,101598.121
2014-04-01 16:00:00,83878.865,84456.796,84427.838,102612.724
2014-04-01 17:00:00,83467.902,83878.865,84307.422,103864.749
2014-04-01 18:00:00,83135.332,83467.902,84445.159,105099.7
2014-04-01 19:00:00,85575.059,83135.332,87325.996,107911.459
2014-04-01 20:00:00,89962.27,85575.059,91423.36,110169.288
2014-04-01 21:00:00,87482.154,89962.27,88713.461,107060.785
2014-04-01 22:00:00,81688.03,87482.154,83439.103,101235.967
2014-04-01 23:00:00,75684.903,81688.03,77530.534,95805.325
2014-04-02 00:00:00,71286.801,75684.903,73546.706,91779.658
2014-04-02 01:00:00,68830.421,71286.801,71684.695,89885.144
2014-04-02 02:00:00,68114.624,68830.421,70879.411,89817.641
2014-04-02 03:00:00,68014.326,68114.624,71250.121,90154.454
2014-04-02 04:00:00,70005.269,68014.326,73602.138,92662.566
2014-04-02 05:00:00,75207.943,70005.269,79352.084,98739.84
2014-04-02 06:00:00,85054.595,75207.943,89087.401,108354.261
2014-04-02 07:00:00,90262.521,85054.595,93853.964,113112.352
2014-04-02 08:00:00,90488.604,90262.521,93000.558,111925.105
2014-04-02 09:00:00,90366.609,90488.604,91442.506,109627.051
2014-04-02 10:00:00,90264.289,90366.609,90154.46,108374.786
2014-04-02 11:00:00,89539.37,90264.289,88896.851,106350.576
2014-04-02 12:00:00,88320.948,89539.37,87706.224,104806.065
2014-04-02 13:00:00,87215.536,88320.948,86775.205,103135.231
2014-04-02 14:00:00,85892.396,87215.536,85520.786,101150.597
2014-04-02 15:00:00,84491.495,85892.396,84456.796,99294.749
2014-04-02 16:00:00,84038.936,84491.495,83878.865,98292.356
2014-04-02 17:00:00,84185.995,84038.936,83467.902,98342.288
2014-04-02 18:00:00,84775.218,84185.995,83135.332,99607.978
2014-04-02 19:00:00,87348.045,84775.218,85575.059,104207.656
2014-04-02 20:00:00,90626.629,87348.045,89962.27,108637.719
2014-04-02 21:00:00,87860.809,90626.629,87482.154,106803.782
2014-04-02 22:00:00,82106.193,87860.809,81688.03,101379.502
2014-04-02 23:00:00,76055.421,82106.193,75684.903,95848.69
2014-04-03 00:00:00,71544.047,76055.421,71286.801,92253.559
2014-04-03 01:00:00,69045.781,71544.047,68830.421,90727.04
2014-04-03 02:00:00,67839.133,69045.781,68114.624,90273.671
2014-04-03 03:00:00,67534.133,67839.133,68014.326,90623.102
2014-04-03 04:00:00,68976.567,67534.133,70005.269,93104.329
2014-04-03 05:00:00,74029.514,68976.567,75207.943,98897.933
2014-04-03 06:00:00,82992.218,74029.514,85054.595,108489.93
2014-04-03 07:00:00,88214.654,82992.218,90262.521,112571.388
2014-04-03 08:00:00,89080.871,88214.654,90488.604,110580.977
2014-04-03 09:00:00,89106.599,89080.871,90366.609,107513.128
2014-04-03 10:00:00,89203.981,89106.599,90264.289,104835.23
2014-04-03 11:00:00,88773.496,89203.981,89539.37,101919.083
2014-04-03 12:00:00,88384.891,88773.496,88320.948,99381.077
2014-04-03 13:00:00,88210.698,88384.891,87215.536,97793.51
2014-04-03 14:00:00,87547.217,88210.698,85892.396,95464.859
2014-04-03 15:00:00,86860.497,87547.217,84491.495,93974.075
2014-04-03 16:00:00,87015.494,86860.497,84038.936,93651.863
2014-04-03 17:00:00,87530.655,87015.494,84185.995,93986.481
2014-04-03 18:00:00,87628.082,87530.655,84775.218,94351.314
2014-04-03 19:00:00,89725.127,87628.082,87348.045,97639.466
2014-04-03 20:00:00,91650.708,89725.127,90626.629,100265.935
2014-04-03 21:00:00,88466.094,91650.708,87860.809,97093.528
2014-04-03 22:00:00,82735.723,88466.094,82106.193,91366.344
2014-04-03 23:00:00,76577.374,82735.723,76055.421,85409.823
2014-04-04 00:00:00,71973.263,76577.374,71544.047,81077.37
2014-04-04 01:00:00,69273.166,71973.263,69045.781,78534.294
2014-04-04 02:00:00,67924.66,69273.166,67839.133,76990.152
2014-04-04 03:00:00,67703.825,67924.66,67534.133,76648.726
2014-04-04 04:00:00,69078.036,67703.825,68976.567,77889.259
2014-04-04 05:00:00,73911.807,69078.036,74029.514,82357.414
2014-04-04 06:00:00,82594.969,73911.807,82992.218,90863.672
2014-04-04 07:00:00,88261.706,82594.969,88214.654,95262.93
2014-04-04 08:00:00,89773.181,88261.706,89080.871,95368.738
2014-04-04 09:00:00,90425.292,89773.181,89106.599,95065.607
2014-04-04 10:00:00,90906.378,90425.292,89203.981,95105.978
2014-04-04 11:00:00,90846.358,90906.378,88773.496,94293.485
2014-04-04 12:00:00,90010.714,90846.358,88384.891,92512.731
2014-04-04 13:00:00,89471.433,90010.714,88210.698,91169.591
2014-04-04 14:00:00,88711.461,89471.433,87547.217,89038.418
2014-04-04 15:00:00,87756.869,88711.461,86860.497,87410.111
2014-04-04 16:00:00,87633.692,87756.869,87015.494,86716.404
2014-04-04 17:00:00,87558.899,87633.692,87530.655,85840.796
2014-04-04 18:00:00,87063.122,87558.899,87628.082,85204.622
2014-04-04 19:00:00,88368.725,87063.122,89725.127,86880.776
2014-04-04 20:00:00,89771.182,88368.725,91650.708,88874.935
2014-04-04 21:00:00,87607.388,89771.182,88466.094,86458.309
2014-04-04 22:00:00,83073.082,87607.388,82735.723,82194.601
2014-04-04 23:00:00,77723.991,83073.082,76577.374,77131.706
2014-04-05 00:00:00,73528.443,77723.991,71973.263,72843.165
2014-04-05 01:00:00,70521.31,73528.443,69273.166,70091.162
2014-04-05 02:00:00,69132.445,70521.31,67924.66,68743.864
2014-04-05 03:00:00,68376.402,69132.445,67703.825,68226.346
2014-04-05 04:00:00,68822.688,68376.402,69078.036,68545.4
2014-04-05 05:00:00,70666.223,68822.688,73911.807,70179.654
2014-04-05 06:00:00,74230.599,70666.223,82594.969,73583.636
2014-04-05 07:00:00,77697.331,74230.599,88261.706,77226.858
2014-04-05 08:00:00,80815.254,77697.331,89773.181,81164.626
2014-04-05 09:00:00,82897.306,80815.254,90425.292,84638.569
2014-04-05 10:00:00,83547.914,82897.306,90906.378,86514.483
2014-04-05 11:00:00,82582.56,83547.914,90846.358,86967.459
2014-04-05 12:00:00,81063.522,82582.56,90010.714,86279.88
2014-04-05 13:00:00,78941.029,81063.522,89471.433,85517.145
2014-04-05 14:00:00,77056.505,78941.029,88711.461,84704.859
2014-04-05 15:00:00,75590.546,77056.505,87756.869,84338.815
2014-04-05 16:00:00,75237.697,75590.546,87633.692,84677.827
2014-04-05 17:00:00,75373.735,75237.697,87558.899,85417.212
2014-04-05 18:00:00,76175.276,75373.735,87063.122,85739.676
2014-04-05 19:00:00,78518.042,76175.276,88368.725,87459.709
2014-04-05 20:00:00,82959.177,78518.042,89771.182,88728.242
2014-04-05 21:00:00,82742.378,82959.177,87607.388,86815.027
2014-04-05 22:00:00,79884.385,82742.378,83073.082,83400.733
2014-04-05 23:00:00,76023.021,79884.385,77723.991,79225.231
2014-04-06 00:00:00,72969.145,76023.021,73528.443,75342.954
2014-04-06 01:00:00,70900.475,72969.145,70521.31,72991.76
2014-04-06 02:00:00,70139.851,70900.475,69132.445,71720.654
2014-04-06 03:00:00,70343.011,70139.851,68376.402,71263.235
2014-04-06 04:00:00,71204.923,70343.011,68822.688,71364.587
2014-04-06 05:00:00,73228.693,71204.923,70666.223,72794.692
2014-04-06 06:00:00,76170.249,73228.693,74230.599,75530.589
2014-04-06 07:00:00,78639.84,76170.249,77697.331,78596.395
2014-04-06 08:00:00,80140.402,78639.84,80815.254,82060.599
2014-04-06 09:00:00,79826.23,80140.402,82897.306,85092.767
2014-04-06 10:00:00,78566.996,79826.23,83547.914,86231.314
2014-04-06 11:00:00,77007.784,78566.996,82582.56,86563.211
2014-04-06 12:00:00,75568.726,77007.784,81063.522,86561.846
2014-04-06 13:00:00,74044.96,75568.726,78941.029,85990.109
2014-04-06 14:00:00,72700.403,74044.96,77056.505,85177.229
2014-04-06 15:00:00,71749.018,72700.403,75590.546,84543.257
2014-04-06 16:00:00,72155.26,71749.018,75237.697,85261.076
2014-04-06 17:00:00,73330.119,72155.26,75373.735,86389.946
2014-04-06 18:00:00,74858.458,73330.119,76175.276,87155.326
2014-04-06 19:00:00,78580.459,74858.458,78518.042,89896.006
2014-04-06 20:00:00,83341.132,78580.459,82959.177,93379.176
2014-04-06 21:00:00,81859.818,83341.132,82742.378,91183.686
2014-04-06 22:00:00,77589.386,81859.818,79884.385,87008.872
2014-04-06 23:00:00,73147.274,77589.386,76023.021,82319.181
2014-04-07 00:00:00,69784.875,73147.274,72969.145,78922.033
2014-04-07 01:00:00,68015.3,69784.875,70900.475,77301.808
2014-04-07 02:00:00,67691.678,68015.3,70139.851,76745.388
2014-04-07 03:00:00,68096.02,67691.678,70343.011,77337.879
2014-04-07 04:00:00,70308.99,68096.02,71204.923,79545.262
2014-04-07 05:00:00,76075.908,70308.99,73228.693,85450.495
2014-04-07 06:00:00,85831.022,76075.908,76170.249,95387.024
2014-04-07 07:00:00,91093.085,85831.022,78639.84,100244.87
2014-04-07 08:00:00,92466.212,91093.085,80140.402,99538.408
2014-04-07 09:00:00,93328.077,92466.212,79826.23,97617.316
2014-04-07 10:00:00,93922.92,93328.077,78566.996,95655.368
2014-04-07 11:00:00,93830.479,93922.92,77007.784,93146.859
2014-04-07 12:00:00,93365.962,93830.479,75568.726,90727.077
2014-04-07 13:00:00,92773.839,93365.962,74044.96,89021.991
2014-04-07 14:00:00,91956.302,92773.839,72700.403,87063.76
2014-04-07 15:00:00,91253.343,91956.302,71749.018,85305.376
2014-04-07 16:00:00,91715.252,91253.343,72155.26,84427.838
2014-04-07 17:00:00,92505.612,91715.252,73330.119,84307.422
2014-04-07 18:00:00,92860.205,92505.612,74858.458,84445.159
2014-04-07 19:00:00,93679.945,92860.205,78580.459,87325.996
2014-04-07 20:00:00,94521.089,93679.945,83341.132,91423.36
2014-04-07 21:00:00,90821.304,94521.089,81859.818,88713.461
2014-04-07 22:00:00,84713.547,90821.304,77589.386,83439.103
2014-04-07 23:00:00,78684.551,84713.547,73147.274,77530.534
2014-04-08 00:00:00,73744.622,78684.551,69784.875,73546.706
2014-04-08 01:00:00,71137.527,73744.622,68015.3,71684.695
2014-04-08 02:00:00,69736.717,71137.527,67691.678,70879.411
2014-04-08 03:00:00,69422.935,69736.717,68096.02,71250.121
2014-04-08 04:00:00,70778.049,69422.935,70308.99,73602.138
2014-04-08 05:00:00,75732.413,70778.049,76075.908,79352.084
2014-04-08 06:00:00,84822.697,75732.413,85831.022,89087.401
2014-04-08 07:00:00,89828.906,84822.697,91093.085,93853.964
2014-04-08 08:00:00,90537.755,89828.906,92466.212,93000.558
2014-04-08 09:00:00,90145.221,90537.755,93328.077,91442.506
2014-04-08 10:00:00,89641.641,90145.221,93922.92,90154.46
2014-04-08 11:00:00,88761.171,89641.641,93830.479,88896.851
2014-04-08 12:00:00,87614.224,88761.171,93365.962,87706.224
2014-04-08 13:00:00,86454.663,87614.224,92773.839,86775.205
2014-04-08 14:00:00,85411.915,86454.663,91956.302,85520.786
2014-04-08 15:00:00,84147.373,85411.915,91253.343,84456.796
2014-04-08 16:00:00,83370.072,84147.373,91715.252,83878.865
2014-04-08 17:00:00,83245.83,83370.072,92505.612,83467.902
2014-04-08 18:00:00,83138.335,83245.83,92860.205,83135.332
2014-04-08 19:00:00,85023.7,83138.335,93679.945,85575.059
2014-04-08 20:00:00,89334.812,85023.7,94521.089,89962.27
2014-04-08 21:00:00,87340.816,89334.812,90821.304,87482.154
2014-04-08 22:00:00,81802.599,87340.816,84713.547,81688.03
2014-04-08 23:00:00,75996.068,81802.599,78684.551,75684.903
2014-04-09 00:00:00,71903.342,75996.068,73744.622,71286.801
2014-04-09 01:00:00,69945.755,71903.342,71137.527,68830.421
2014-04-09 02:00:00,69150.45,69945.755,69736.717,68114.624
2014-04-09 03:00:00,69288.342,69150.45,69422.935,68014.326
2014-04-09 04:00:00,71415.936,69288.342,70778.049,70005.269
2014-04-09 05:00:00,76928.352,71415.936,75732.413,75207.943
2014-04-09 06:00:00,86437.672,76928.352,84822.697,85054.595
2014-04-09 07:00:00,90335.004,86437.672,89828.906,90262.521
2014-04-09 08:00:00,89656.855,90335.004,90537.755,90488.604
2014-04-09 09:00:00,88216.516,89656.855,90145.221,90366.609
2014-04-09 10:00:00,87133.978,88216.516,89641.641,90264.289
2014-04-09 11:00:00,86300.098,87133.978,88761.171,89539.37
2014-04-09 12:00:00,85529.077,86300.098,87614.224,88320.948
2014-04-09 13:00:00,84527.547,85529.077,86454.663,87215.536
2014-04-09 14:00:00,84136.629,84527.547,85411.915,85892.396
2014-04-09 15:00:00,83141.174,84136.629,84147.373,84491.495
2014-04-09 16:00:00,82690.114,83141.174,83370.072,84038.936
2014-04-09 17:00:00,82551.872,82690.114,83245.83,84185.995
2014-04-09 18:00:00,82386.553,82551.872,83138.335,84775.218
2014-04-09 19:00:00,84297.18,82386.553,85023.7,87348.045
2014-04-09 20:00:00,88789.412,84297.18,89334.812,90626.629
2014-04-09 21:00:00,87285.898,88789.412,87340.816,87860.809
2014-04-09 22:00:00,81691.288,87285.898,81802.599,82106.193
2014-04-09 23:00:00,75757.211,81691.288,75996.068,76055.421
2014-04-10 00:00:00,71839.536,75757.211,71903.342,71544.047
2014-04-10 01:00:00,69862.155,71839.536,69945.755,69045.781
2014-04-10 02:00:00,69278.478,69862.155,69150.45,67839.133
2014-04-10 03:00:00,69720.223,69278.478,69288.342,67534.133
2014-04-10 04:00:00,71904.421,69720.223,71415.936,68976.567
2014-04-10 05:00:00,77647.149,71904.421,76928.352,74029.514
2014-04-10 06:00:00,87186.885,77647.149,86437.672,82992.218
2014-04-10 07:00:00,91038.493,87186.885,90335.004,88214.654
2014-04-10 08:00:00,89928.812,91038.493,89656.855,89080.871
2014-04-10 09:00:00,88315.909,89928.812,88216.516,89106.599
2014-04-10 10:00:00,87301.661,88315.909,87133.978,89203.981
2014-04-10 11:00:00,86292.662,87301.661,86300.098,88773.496
2014-04-10 12:00:00,85276.834,86292.662,85529.077,88384.891
2014-04-10 13:00:00,84762.104,85276.834,84527.547,88210.698
2014-04-10 14:00:00,83736.612,84762.104,84136.629,87547.217
2014-04-10 15:00:00,82744.175,83736.612,83141.174,86860.497
2014-04-10 16:00:00,82352.696,82744.175,82690.114,87015.494
2014-04-10 17:00:00,82234.116,82352.696,82551.872,87530.655
2014-04-10 18:00:00,81788.06,82234.116,82386.553,87628.082
2014-04-10 19:00:00,83382.523,81788.06,84297.18,89725.127
2014-04-10 20:00:00,87365.549,83382.523,88789.412,91650.708
2014-04-10 21:00:00,85170.306,87365.549,87285.898,88466.094
2014-04-10 22:00:00,79183.277,85170.306,81691.288,82735.723
2014-04-10 23:00:00,72967.005,79183.277,75757.211,76577.374
2014-04-11 00:00:00,68296.57,72967.005,71839.536,71973.263
2014-04-11 01:00:00,65741.711,68296.57,69862.155,69273.166
2014-04-11 02:00:00,64290.198,65741.711,69278.478,67924.66
2014-04-11 03:00:00,64019.678,64290.198,69720.223,67703.825
2014-04-11 04:00:00,65318.977,64019.678,71904.421,69078.036
2014-04-11 05:00:00,70037.441,65318.977,77647.149,73911.807
2014-04-11 06:00:00,78839.714,70037.441,87186.885,82594.969
2014-04-11 07:00:00,83684.144,78839.714,91038.493,88261.706
2014-04-11 08:00:00,84976.85,83684.144,89928.812,89773.181
2014-04-11 09:00:00,85263.384,84976.85,88315.909,90425.292
2014-04-11 10:00:00,85482.81,85263.384,87301.661,90906.378
2014-04-11 11:00:00,85671.73,85482.81,86292.662,90846.358
2014-04-11 12:00:00,85267.6,85671.73,85276.834,90010.714
2014-04-11 13:00:00,85031.58,85267.6,84762.104,89471.433
2014-04-11 14:00:00,84398.921,85031.58,83736.612,88711.461
2014-04-11 15:00:00,83900.217,84398.921,82744.175,87756.869
2014-04-11 16:00:00,83215.464,83900.217,82352.696,87633.692
2014-04-11 17:00:00,82567.287,83215.464,82234.116,87558.899
2014-04-11 18:00:00,81158.706,82567.287,81788.06,87063.122
2014-04-11 19:00:00,81444.924,81158.706,83382.523,88368.725
2014-04-11 20:00:00,83833.192,81444.924,87365.549,89771.182
2014-04-11 21:00:00,82139.787,83833.192,85170.306,87607.388
2014-04-11 22:00:00,77414.618,82139.787,79183.277,83073.082
2014-04-11 23:00:00,71924.489,77414.618,72967.005,77723.991
2014-04-12 00:00:00,67425.708,71924.489,68296.57,73528.443
2014-04-12 01:00:00,64380.44,67425.708,65741.711,70521.31
2014-04-12 02:00:00,62661.68,64380.44,64290.198,69132.445
2014-04-12 03:00:00,61996.803,62661.68,64019.678,68376.402
2014-04-12 04:00:00,62316.008,61996.803,65318.977,68822.688
2014-04-12 05:00:00,63799.211,62316.008,70037.441,70666.223
2014-04-12 06:00:00,66940.765,63799.211,78839.714,74230.599
2014-04-12 07:00:00,69871.473,66940.765,83684.144,77697.331
2014-04-12 08:00:00,73484.222,69871.473,84976.85,80815.254
2014-04-12 09:00:00,75408.541,73484.222,85263.384,82897.306
2014-04-12 10:00:00,76112.394,75408.541,85482.81,83547.914
2014-04-12 11:00:00,76172.247,76112.394,85671.73,82582.56
2014-04-12 12:00:00,75541.716,76172.247,85267.6,81063.522
2014-04-12 13:00:00,74663.349,75541.716,85031.58,78941.029
2014-04-12 14:00:00,73965.737,74663.349,84398.921,77056.505
2014-04-12 15:00:00,73911.377,73965.737,83900.217,75590.546
2014-04-12 16:00:00,74113.63,73911.377,83215.464,75237.697
2014-04-12 17:00:00,74692.617,74113.63,82567.287,75373.735
2014-04-12 18:00:00,74524.002,74692.617,81158.706,76175.276
2014-04-12 19:00:00,75420.949,74524.002,81444.924,78518.042
2014-04-12 20:00:00,78727.019,75420.949,83833.192,82959.177
2014-04-12 21:00:00,77348.281,78727.019,82139.787,82742.378
2014-04-12 22:00:00,73190.496,77348.281,77414.618,79884.385
2014-04-12 23:00:00,68147.232,73190.496,71924.489,76023.021
2014-04-13 00:00:00,63874.941,68147.232,67425.708,72969.145
2014-04-13 01:00:00,61050.875,63874.941,64380.44,70900.475
2014-04-13 02:00:00,59225.25,61050.875,62661.68,70139.851
2014-04-13 03:00:00,58114.762,59225.25,61996.803,70343.011
2014-04-13 04:00:00,58068.043,58114.762,62316.008,71204.923
2014-04-13 05:00:00,58907.045,58068.043,63799.211,73228.693
2014-04-13 06:00:00,60475.448,58907.045,66940.765,76170.249
2014-04-13 07:00:00,62419.607,60475.448,69871.473,78639.84
2014-04-13 08:00:00,66298.25,62419.607,73484.222,80140.402
2014-04-13 09:00:00,69270.651,66298.25,75408.541,79826.23
2014-04-13 10:00:00,71235.726,69270.651,76112.394,78566.996
2014-04-13 11:00:00,72477.019,71235.726,76172.247,77007.784
2014-04-13 12:00:00,73446.899,72477.019,75541.716,75568.726
2014-04-13 13:00:00,74148.508,73446.899,74663.349,74044.96
2014-04-13 14:00:00,74345.21,74148.508,73965.737,72700.403
2014-04-13 15:00:00,75149.545,74345.21,73911.377,71749.018
2014-04-13 16:00:00,76430.128,75149.545,74113.63,72155.26
2014-04-13 17:00:00,77513.846,76430.128,74692.617,73330.119
2014-04-13 18:00:00,77936.542,77513.846,74524.002,74858.458
2014-04-13 19:00:00,79629.677,77936.542,75420.949,78580.459
2014-04-13 20:00:00,83608.64,79629.677,78727.019,83341.132
2014-04-13 21:00:00,81687.976,83608.64,77348.281,81859.818
2014-04-13 22:00:00,76586.043,81687.976,73190.496,77589.386
2014-04-13 23:00:00,71071.585,76586.043,68147.232,73147.274
2014-04-14 00:00:00,66532.668,71071.585,63874.941,69784.875
2014-04-14 01:00:00,63831.796,66532.668,61050.875,68015.3
2014-04-14 02:00:00,62354.284,63831.796,59225.25,67691.678
2014-04-14 03:00:00,61904.848,62354.284,58114.762,68096.02
2014-04-14 04:00:00,63073.228,61904.848,58068.043,70308.99
2014-04-14 05:00:00,67066.303,63073.228,58907.045,76075.908
2014-04-14 06:00:00,75193.011,67066.303,60475.448,85831.022
2014-04-14 07:00:00,80596.769,75193.011,62419.607,91093.085
2014-04-14 08:00:00,83519.411,80596.769,66298.25,92466.212
2014-04-14 09:00:00,85634.643,83519.411,69270.651,93328.077
2014-04-14 10:00:00,87405.03,85634.643,71235.726,93922.92
2014-04-14 11:00:00,88261.874,87405.03,72477.019,93830.479
2014-04-14 12:00:00,88579.857,88261.874,73446.899,93365.962
2014-04-14 13:00:00,88708.791,88579.857,74148.508,92773.839
2014-04-14 14:00:00,88253.593,88708.791,74345.21,91956.302
2014-04-14 15:00:00,87623.633,88253.593,75149.545,91253.343
2014-04-14 16:00:00,87535.756,87623.633,76430.128,91715.252
2014-04-14 17:00:00,87534.264,87535.756,77513.846,92505.612
2014-04-14 18:00:00,87176.094,87534.264,77936.542,92860.205
2014-04-14 19:00:00,88360.299,87176.094,79629.677,93679.945
2014-04-14 20:00:00,90588.801,88360.299,83608.64,94521.089
2014-04-14 21:00:00,87457.217,90588.801,81687.976,90821.304
2014-04-14 22:00:00,81725.494,87457.217,76586.043,84713.547
2014-04-14 23:00:00,75309.988,81725.494,71071.585,78684.551
2014-04-15 00:00:00,70545.32,75309.988,66532.668,73744.622
2014-04-15 01:00:00,67818.326,70545.32,63831.796,71137.527
2014-04-15 02:00:00,66427.643,67818.326,62354.284,69736.717
2014-04-15 03:00:00,65920.415,66427.643,61904.848,69422.935
2014-04-15 04:00:00,67302.392,65920.415,63073.228,70778.049
2014-04-15 05:00:00,72080.458,67302.392,67066.303,75732.413
2014-04-15 06:00:00,80701.614,72080.458,75193.011,84822.697
2014-04-15 07:00:00,86443.817,80701.614,80596.769,89828.906
2014-04-15 08:00:00,89157.925,86443.817,83519.411,90537.755
2014-04-15 09:00:00,90939.146,89157.925,85634.643,90145.221
2014-04-15 10:00:00,92229.651,90939.146,87405.03,89641.641
2014-04-15 11:00:00,92643.577,92229.651,88261.874,88761.171
2014-04-15 12:00:00,92684.506,92643.577,88579.857,87614.224
2014-04-15 13:00:00,92336.229,92684.506,88708.791,86454.663
2014-04-15 14:00:00,91301.798,92336.229,88253.593,85411.915
2014-04-15 15:00:00,90303.778,91301.798,87623.633,84147.373
2014-04-15 16:00:00,90581.24,90303.778,87535.756,83370.072
2014-04-15 17:00:00,91092.356,90581.24,87534.264,83245.83
2014-04-15 18:00:00,91491.892,91092.356,87176.094,83138.335
2014-04-15 19:00:00,92783.991,91491.892,88360.299,85023.7
2014-04-15 20:00:00,94822.24,92783.991,90588.801,89334.812
2014-04-15 21:00:00,93173.215,94822.24,87457.217,87340.816
2014-04-15 22:00:00,88125.888,93173.215,81725.494,81802.599
2014-04-15 23:00:00,82986.684,88125.888,75309.988,75996.068
2014-04-16 00:00:00,79245.564,82986.684,70545.32,71903.342
2014-04-16 01:00:00,77419.233,79245.564,67818.326,69945.755
2014-04-16 02:00:00,76928.12,77419.233,66427.643,69150.45
2014-04-16 03:00:00,77320.703,76928.12,65920.415,69288.342
2014-04-16 04:00:00,79823.325,77320.703,67302.392,71415.936
2014-04-16 05:00:00,85816.143,79823.325,72080.458,76928.352
2014-04-16 06:00:00,94806.89,85816.143,80701.614,86437.672
2014-04-16 07:00:00,99179.552,94806.89,86443.817,90335.004
2014-04-16 08:00:00,99104.237,99179.552,89157.925,89656.855
2014-04-16 09:00:00,97873.059,99104.237,90939.146,88216.516
2014-04-16 10:00:00,96070.206,97873.059,92229.651,87133.978
2014-04-16 11:00:00,94391.51,96070.206,92643.577,86300.098
2014-04-16 12:00:00,92698.577,94391.51,92684.506,85529.077
2014-04-16 13:00:00,90793.215,92698.577,92336.229,84527.547
2014-04-16 14:00:00,89040.312,90793.215,91301.798,84136.629
2014-04-16 15:00:00,86969.23,89040.312,90303.778,83141.174
2014-04-16 16:00:00,85916.685,86969.23,90581.24,82690.114
2014-04-16 17:00:00,85893.15,85916.685,91092.356,82551.872
2014-04-16 18:00:00,85974.666,85893.15,91491.892,82386.553
2014-04-16 19:00:00,88190.58,85974.666,92783.991,84297.18
2014-04-16 20:00:00,93558.817,88190.58,94822.24,88789.412
2014-04-16 21:00:00,93024.417,93558.817,93173.215,87285.898
2014-04-16 22:00:00,88266.407,93024.417,88125.888,81691.288
2014-04-16 23:00:00,82877.226,88266.407,82986.684,75757.211
2014-04-17 00:00:00,78908.698,82877.226,79245.564,71839.536
2014-04-17 01:00:00,77062.479,78908.698,77419.233,69862.155
2014-04-17 02:00:00,76306.813,77062.479,76928.12,69278.478
2014-04-17 03:00:00,76623.458,76306.813,77320.703,69720.223
2014-04-17 04:00:00,78779.297,76623.458,79823.325,71904.421
2014-04-17 05:00:00,84086.379,78779.297,85816.143,77647.149
2014-04-17 06:00:00,92021.338,84086.379,94806.89,87186.885
2014-04-17 07:00:00,95354.792,92021.338,99179.552,91038.493
2014-04-17 08:00:00,94313.371,95354.792,99104.237,89928.812
2014-04-17 09:00:00,92339.212,94313.371,97873.059,88315.909
2014-04-17 10:00:00,90739.13,92339.212,96070.206,87301.661
2014-04-17 11:00:00,89078.508,90739.13,94391.51,86292.662
2014-04-17 12:00:00,87512.469,89078.508,92698.577,85276.834
2014-04-17 13:00:00,86174.712,87512.469,90793.215,84762.104
2014-04-17 14:00:00,84760.383,86174.712,89040.312,83736.612
2014-04-17 15:00:00,83175.426,84760.383,86969.23,82744.175
2014-04-17 16:00:00,82368.349,83175.426,85916.685,82352.696
2014-04-17 17:00:00,81896.831,82368.349,85893.15,82234.116
2014-04-17 18:00:00,81561.124,81896.831,85974.666,81788.06
2014-04-17 19:00:00,82913.205,81561.124,88190.58,83382.523
2014-04-17 20:00:00,87416.79,82913.205,93558.817,87365.549
2014-04-17 21:00:00,86731.188,87416.79,93024.417,85170.306
2014-04-17 22:00:00,81837.252,86731.188,88266.407,79183.277
2014-04-17 23:00:00,76142.451,81837.252,82877.226,72967.005
2014-04-18 00:00:00,71912.44,76142.451,78908.698,68296.57
2014-04-18 01:00:00,69752.838,71912.44,77062.479,65741.711
2014-04-18 02:00:00,69078.881,69752.838,76306.813,64290.198
2014-04-18 03:00:00,69195.469,69078.881,76623.458,64019.678
2014-04-18 04:00:00,70677.076,69195.469,78779.297,65318.977
2014-04-18 05:00:00,74481.74,70677.076,84086.379,70037.441
2014-04-18 06:00:00,80079.347,74481.74,92021.338,78839.714
2014-04-18 07:00:00,83543.62,80079.347,95354.792,83684.144
2014-04-18 08:00:00,85459.356,83543.62,94313.371,84976.85
2014-04-18 09:00:00,85697.738,85459.356,92339.212,85263.384
2014-04-18 10:00:00,84867.749,85697.738,90739.13,85482.81
2014-04-18 11:00:00,83152.408,84867.749,89078.508,85671.73
2014-04-18 12:00:00,81339.918,83152.408,87512.469,85267.6
2014-04-18 13:00:00,79920.349,81339.918,86174.712,85031.58
2014-04-18 14:00:00,78603.148,79920.349,84760.383,84398.921
2014-04-18 15:00:00,77603.075,78603.148,83175.426,83900.217
2014-04-18 16:00:00,77279.933,77603.075,82368.349,83215.464
2014-04-18 17:00:00,77454.23,77279.933,81896.831,82567.287
2014-04-18 18:00:00,77341.235,77454.23,81561.124,81158.706
2014-04-18 19:00:00,78027.078,77341.235,82913.205,81444.924
2014-04-18 20:00:00,81143.346,78027.078,87416.79,83833.192
2014-04-18 21:00:00,80620.407,81143.346,86731.188,82139.787
2014-04-18 22:00:00,77058.444,80620.407,81837.252,77414.618
2014-04-18 23:00:00,72181.164,77058.444,76142.451,71924.489
2014-04-19 00:00:00,68251.192,72181.164,71912.44,67425.708
2014-04-19 01:00:00,65803.011,68251.192,69752.838,64380.44
2014-04-19 02:00:00,64562.318,65803.011,69078.881,62661.68
2014-04-19 03:00:00,64213.291,64562.318,69195.469,61996.803
2014-04-19 04:00:00,64817.82,64213.291,70677.076,62316.008
2014-04-19 05:00:00,66776.155,64817.82,74481.74,63799.211
2014-04-19 06:00:00,69575.548,66776.155,80079.347,66940.765
2014-04-19 07:00:00,72311.962,69575.548,83543.62,69871.473
2014-04-19 08:00:00,75276.244,72311.962,85459.356,73484.222
2014-04-19 09:00:00,76616.987,75276.244,85697.738,75408.541
2014-04-19 10:00:00,76449.287,76616.987,84867.749,76112.394
2014-04-19 11:00:00,75541.662,76449.287,83152.408,76172.247
2014-04-19 12:00:00,74281.76,75541.662,81339.918,75541.716
2014-04-19 13:00:00,72769.81,74281.76,79920.349,74663.349
2014-04-19 14:00:00,71696.171,72769.81,78603.148,73965.737
2014-04-19 15:00:00,71059.689,71696.171,77603.075,73911.377
2014-04-19 16:00:00,71122.402,71059.689,77279.933,74113.63
2014-04-19 17:00:00,71463.642,71122.402,77454.23,74692.617
2014-04-19 18:00:00,71694.168,71463.642,77341.235,74524.002
2014-04-19 19:00:00,73217.08,71694.168,78027.078,75420.949
2014-04-19 20:00:00,76989.178,73217.08,81143.346,78727.019
2014-04-19 21:00:00,76877.138,76989.178,80620.407,77348.281
2014-04-19 22:00:00,73652.42,76877.138,77058.444,73190.496
2014-04-19 23:00:00,69198.822,73652.42,72181.164,68147.232
2014-04-20 00:00:00,65192.928,69198.822,68251.192,63874.941
2014-04-20 01:00:00,62653.232,65192.928,65803.011,61050.875
2014-04-20 02:00:00,61478.594,62653.232,64562.318,59225.25
2014-04-20 03:00:00,61025.746,61478.594,64213.291,58114.762
2014-04-20 04:00:00,61409.605,61025.746,64817.82,58068.043
2014-04-20 05:00:00,63171.433,61409.605,66776.155,58907.045
2014-04-20 06:00:00,65254.498,63171.433,69575.548,60475.448
2014-04-20 07:00:00,67751.37,65254.498,72311.962,62419.607
2014-04-20 08:00:00,70608.078,67751.37,75276.244,66298.25
2014-04-20 09:00:00,71872.125,70608.078,76616.987,69270.651
2014-04-20 10:00:00,71407.594,71872.125,76449.287,71235.726
2014-04-20 11:00:00,70755.159,71407.594,75541.662,72477.019
2014-04-20 12:00:00,69954.464,70755.159,74281.76,73446.899
2014-04-20 13:00:00,68845.407,69954.464,72769.81,74148.508
2014-04-20 14:00:00,67337.386,68845.407,71696.171,74345.21
2014-04-20 15:00:00,66565.236,67337.386,71059.689,75149.545
2014-04-20 16:00:00,66459.556,66565.236,71122.402,76430.128
2014-04-20 17:00:00,67093.912,66459.556,71463.642,77513.846
2014-04-20 18:00:00,67786.703,67093.912,71694.168,77936.542
2014-04-20 19:00:00,69998.023,67786.703,73217.08,79629.677
2014-04-20 20:00:00,75167.845,69998.023,76989.178,83608.64
2014-04-20 21:00:00,75535.827,75167.845,76877.138,81687.976
2014-04-20 22:00:00,71937.31,75535.827,73652.42,76586.043
2014-04-20 23:00:00,67505.016,71937.31,69198.822,71071.585
2014-04-21 00:00:00,64068.096,67505.016,65192.928,66532.668
2014-04-21 01:00:00,62533.668,64068.096,62653.232,63831.796
2014-04-21 02:00:00,62088.032,62533.668,61478.594,62354.284
2014-04-21 03:00:00,62714.783,62088.032,61025.746,61904.848
2014-04-21 04:00:00,64901.77,62714.783,61409.605,63073.228
2014-04-21 05:00:00,70437.294,64901.77,63171.433,67066.303
2014-04-21 06:00:00,78677.174,70437.294,65254.498,75193.011
2014-04-21 07:00:00,83131.268,78677.174,67751.37,80596.769
2014-04-21 08:00:00,84423.007,83131.268,70608.078,83519.411
2014-04-21 09:00:00,84745.894,84423.007,71872.125,85634.643
2014-04-21 10:00:00,85117.604,84745.894,71407.594,87405.03
2014-04-21 11:00:00,85281.389,85117.604,70755.159,88261.874
2014-04-21 12:00:00,85039.815,85281.389,69954.464,88579.857
2014-04-21 13:00:00,85074.857,85039.815,68845.407,88708.791
2014-04-21 14:00:00,84775.278,85074.857,67337.386,88253.593
2014-04-21 15:00:00,84323.944,84775.278,66565.236,87623.633
2014-04-21 16:00:00,83733.638,84323.944,66459.556,87535.756
2014-04-21 17:00:00,83696.675,83733.638,67093.912,87534.264
2014-04-21 18:00:00,83183.994,83696.675,67786.703,87176.094
2014-04-21 19:00:00,84157.15,83183.994,69998.023,88360.299
2014-04-21 20:00:00,87625.331,84157.15,75167.845,90588.801
2014-04-21 21:00:00,85210.436,87625.331,75535.827,87457.217
2014-04-21 22:00:00,78655.474,85210.436,71937.31,81725.494
2014-04-21 23:00:00,72219.715,78655.474,67505.016,75309.988
2014-04-22 00:00:00,67573.0,72219.715,64068.096,70545.32
2014-04-22 01:00:00,64780.894,67573.0,62533.668,67818.326
2014-04-22 02:00:00,63125.267,64780.894,62088.032,66427.643
2014-04-22 03:00:00,62798.583,63125.267,62714.783,65920.415
2014-04-22 04:00:00,64139.088,62798.583,64901.77,67302.392
2014-04-22 05:00:00,68905.24,64139.088,70437.294,72080.458
2014-04-22 06:00:00,77067.534,68905.24,78677.174,80701.614
2014-04-22 07:00:00,81616.067,77067.534,83131.268,86443.817
2014-04-22 08:00:00,83264.704,81616.067,84423.007,89157.925
2014-04-22 09:00:00,83884.657,83264.704,84745.894,90939.146
2014-04-22 10:00:00,84763.468,83884.657,85117.604,92229.651
2014-04-22 11:00:00,85093.739,84763.468,85281.389,92643.577
2014-04-22 12:00:00,85086.754,85093.739,85039.815,92684.506
2014-04-22 13:00:00,85350.24,85086.754,85074.857,92336.229
2014-04-22 14:00:00,85025.681,85350.24,84775.278,91301.798
2014-04-22 15:00:00,84445.738,85025.681,84323.944,90303.778
2014-04-22 16:00:00,84172.033,84445.738,83733.638,90581.24
2014-04-22 17:00:00,83815.353,84172.033,83696.675,91092.356
2014-04-22 18:00:00,83394.527,83815.353,83183.994,91491.892
2014-04-22 19:00:00,83873.506,83394.527,84157.15,92783.991
2014-04-22 20:00:00,86646.939,83873.506,87625.331,94822.24
2014-04-22 21:00:00,85104.481,86646.939,85210.436,93173.215
2014-04-22 22:00:00,79093.75,85104.481,78655.474,88125.888
2014-04-22 23:00:00,72987.674,79093.75,72219.715,82986.684
2014-04-23 00:00:00,68206.783,72987.674,67573.0,79245.564
2014-04-23 01:00:00,65433.018,68206.783,64780.894,77419.233
2014-04-23 02:00:00,64265.538,65433.018,63125.267,76928.12
2014-04-23 03:00:00,64205.614,64265.538,62798.583,77320.703
2014-04-23 04:00:00,65570.008,64205.614,64139.088,79823.325
2014-04-23 05:00:00,70763.705,65570.008,68905.24,85816.143
2014-04-23 06:00:00,79366.338,70763.705,77067.534,94806.89
2014-04-23 07:00:00,84319.646,79366.338,81616.067,99179.552
2014-04-23 08:00:00,85803.468,84319.646,83264.704,99104.237
2014-04-23 09:00:00,86416.759,85803.468,83884.657,97873.059
2014-04-23 10:00:00,86732.571,86416.759,84763.468,96070.206
2014-04-23 11:00:00,86241.957,86732.571,85093.739,94391.51
2014-04-23 12:00:00,85671.466,86241.957,85086.754,92698.577
2014-04-23 13:00:00,85036.378,85671.466,85350.24,90793.215
2014-04-23 14:00:00,84117.96,85036.378,85025.681,89040.312
2014-04-23 15:00:00,83180.442,84117.96,84445.738,86969.23
2014-04-23 16:00:00,82816.026,83180.442,84172.033,85916.685
2014-04-23 17:00:00,82610.813,82816.026,83815.353,85893.15
2014-04-23 18:00:00,82611.346,82610.813,83394.527,85974.666
2014-04-23 19:00:00,83764.147,82611.346,83873.506,88190.58
2014-04-23 20:00:00,88170.417,83764.147,86646.939,93558.817
2014-04-23 21:00:00,87090.487,88170.417,85104.481,93024.417
2014-04-23 22:00:00,81512.272,87090.487,79093.75,88266.407
2014-04-23 23:00:00,75744.097,81512.272,72987.674,82877.226
2014-04-24 00:00:00,71517.503,75744.097,68206.783,78908.698
2014-04-24 01:00:00,69327.004,71517.503,65433.018,77062.479
2014-04-24 02:00:00,68451.882,69327.004,64265.538,76306.813
2014-04-24 03:00:00,68484.106,68451.882,64205.614,76623.458
2014-04-24 04:00:00,70303.201,68484.106,65570.008,78779.297
2014-04-24 05:00:00,75741.552,70303.201,70763.705,84086.379
2014-04-24 06:00:00,84129.528,75741.552,79366.338,92021.338
2014-04-24 07:00:00,88127.483,84129.528,84319.646,95354.792
2014-04-24 08:00:00,88576.678,88127.483,85803.468,94313.371
2014-04-24 09:00:00,87834.189,88576.678,86416.759,92339.212
2014-04-24 10:00:00,87213.422,87834.189,86732.571,90739.13
2014-04-24 11:00:00,85931.255,87213.422,86241.957,89078.508
2014-04-24 12:00:00,84936.045,85931.255,85671.466,87512.469
2014-04-24 13:00:00,84410.271,84936.045,85036.378,86174.712
2014-04-24 14:00:00,83475.499,84410.271,84117.96,84760.383
2014-04-24 15:00:00,82466.993,83475.499,83180.442,83175.426
2014-04-24 16:00:00,82050.18,82466.993,82816.026,82368.349
2014-04-24 17:00:00,81866.945,82050.18,82610.813,81896.831
2014-04-24 18:00:00,81468.29,81866.945,82611.346,81561.124
2014-04-24 19:00:00,82310.057,81468.29,83764.147,82913.205
2014-04-24 20:00:00,86477.328,82310.057,88170.417,87416.79
2014-04-24 21:00:00,85171.777,86477.328,87090.487,86731.188
2014-04-24 22:00:00,79722.934,85171.777,81512.272,81837.252
2014-04-24 23:00:00,73643.775,79722.934,75744.097,76142.451
2014-04-25 00:00:00,69353.471,73643.775,71517.503,71912.44
2014-04-25 01:00:00,67030.069,69353.471,69327.004,69752.838
2014-04-25 02:00:00,66096.109,67030.069,68451.882,69078.881
2014-04-25 03:00:00,65993.518,66096.109,68484.106,69195.469
2014-04-25 04:00:00,67547.755,65993.518,70303.201,70677.076
2014-04-25 05:00:00,72610.29,67547.755,75741.552,74481.74
2014-04-25 06:00:00,80330.113,72610.29,84129.528,80079.347
2014-04-25 07:00:00,84643.682,80330.113,88127.483,83543.62
2014-04-25 08:00:00,85658.68,84643.682,88576.678,85459.356
2014-04-25 09:00:00,85743.997,85658.68,87834.189,85697.738
2014-04-25 10:00:00,85755.836,85743.997,87213.422,84867.749
2014-04-25 11:00:00,85440.731,85755.836,85931.255,83152.408
2014-04-25 12:00:00,84783.122,85440.731,84936.045,81339.918
2014-04-25 13:00:00,84360.933,84783.122,84410.271,79920.349
2014-04-25 14:00:00,83598.565,84360.933,83475.499,78603.148
2014-04-25 15:00:00,82829.872,83598.565,82466.993,77603.075
2014-04-25 16:00:00,82442.293,82829.872,82050.18,77279.933
2014-04-25 17:00:00,82147.451,82442.293,81866.945,77454.23
2014-04-25 18:00:00,81697.779,82147.451,81468.29,77341.235
2014-04-25 19:00:00,81618.147,81697.779,82310.057,78027.078
2014-04-25 20:00:00,82967.314,81618.147,86477.328,81143.346
2014-04-25 21:00:00,81959.118,82967.314,85171.777,80620.407
2014-04-25 22:00:00,77551.909,81959.118,79722.934,77058.444
2014-04-25 23:00:00,72188.005,77551.909,73643.775,72181.164
2014-04-26 00:00:00,67891.601,72188.005,69353.471,68251.192
2014-04-26 01:00:00,65214.971,67891.601,67030.069,65803.011
2014-04-26 02:00:00,63748.86,65214.971,66096.109,64562.318
2014-04-26 03:00:00,63218.808,63748.86,65993.518,64213.291
2014-04-26 04:00:00,63525.289,63218.808,67547.755,64817.82
2014-04-26 05:00:00,65201.454,63525.289,72610.29,66776.155
2014-04-26 06:00:00,67785.514,65201.454,80330.113,69575.548
2014-04-26 07:00:00,70400.967,67785.514,84643.682,72311.962
2014-04-26 08:00:00,73547.853,70400.967,85658.68,75276.244
2014-04-26 09:00:00,75055.468,73547.853,85743.997,76616.987
2014-04-26 10:00:00,75492.308,75055.468,85755.836,76449.287
2014-04-26 11:00:00,75184.944,75492.308,85440.731,75541.662
2014-04-26 12:00:00,74367.08,75184.944,84783.122,74281.76
2014-04-26 13:00:00,73511.399,74367.08,84360.933,72769.81
2014-04-26 14:00:00,72885.15,73511.399,83598.565,71696.171
2014-04-26 15:00:00,72695.55,72885.15,82829.872,71059.689
2014-04-26 16:00:00,73062.55,72695.55,82442.293,71122.402
2014-04-26 17:00:00,73389.667,73062.55,82147.451,71463.642
2014-04-26 18:00:00,73239.003,73389.667,81697.779,71694.168
2014-04-26 19:00:00,73842.934,73239.003,81618.147,73217.08
2014-04-26 20:00:00,76927.877,73842.934,82967.314,76989.178
2014-04-26 21:00:00,76713.243,76927.877,81959.118,76877.138
2014-04-26 22:00:00,72917.603,76713.243,77551.909,73652.42
2014-04-26 23:00:00,68344.136,72917.603,72188.005,69198.822
2014-04-27 00:00:00,64210.832,68344.136,67891.601,65192.928
2014-04-27 01:00:00,61591.595,64210.832,65214.971,62653.232
2014-04-27 02:00:00,60255.903,61591.595,63748.86,61478.594
2014-04-27 03:00:00,59541.1,60255.903,63218.808,61025.746
2014-04-27 04:00:00,59696.665,59541.1,63525.289,61409.605
2014-04-27 05:00:00,60821.178,59696.665,65201.454,63171.433
2014-04-27 06:00:00,62554.789,60821.178,67785.514,65254.498
2014-04-27 07:00:00,64936.613,62554.789,70400.967,67751.37
2014-04-27 08:00:00,68570.214,64936.613,73547.853,70608.078
2014-04-27 09:00:00,70805.156,68570.214,75055.468,71872.125
2014-04-27 10:00:00,71567.129,70805.156,75492.308,71407.594
2014-04-27 11:00:00,71699.063,71567.129,75184.944,70755.159
2014-04-27 12:00:00,71668.014,71699.063,74367.08,69954.464
2014-04-27 13:00:00,71285.162,71668.014,73511.399,68845.407
2014-04-27 14:00:00,70890.738,71285.162,72885.15,67337.386
2014-04-27 15:00:00,70927.716,70890.738,72695.55,66565.236
2014-04-27 16:00:00,71734.26,70927.716,73062.55,66459.556
2014-04-27 17:00:00,73070.922,71734.26,73389.667,67093.912
2014-04-27 18:00:00,73811.132,73070.922,73239.003,67786.703
2014-04-27 19:00:00,75314.126,73811.132,73842.934,69998.023
2014-04-27 20:00:00,79385.578,75314.126,76927.877,75167.845
2014-04-27 21:00:00,78620.075,79385.578,76713.243,75535.827
2014-04-27 22:00:00,73811.152,78620.075,72917.603,71937.31
2014-04-27 23:00:00,68628.096,73811.152,68344.136,67505.016
2014-04-28 00:00:00,64793.83,68628.096,64210.832,64068.096
2014-04-28 01:00:00,62657.374,64793.83,61591.595,62533.668
2014-04-28 02:00:00,61976.668,62657.374,60255.903,62088.032
2014-04-28 03:00:00,62135.249,61976.668,59541.1,62714.783
2014-04-28 04:00:00,63767.261,62135.249,59696.665,64901.77
2014-04-28 05:00:00,68851.774,63767.261,60821.178,70437.294
2014-04-28 06:00:00,77334.793,68851.774,62554.789,78677.174
2014-04-28 07:00:00,82458.78,77334.793,64936.613,83131.268
2014-04-28 08:00:00,84088.048,82458.78,68570.214,84423.007
2014-04-28 09:00:00,84491.206,84088.048,70805.156,84745.894
2014-04-28 10:00:00,85131.115,84491.206,71567.129,85117.604
2014-04-28 11:00:00,85338.224,85131.115,71699.063,85281.389
2014-04-28 12:00:00,85412.689,85338.224,71668.014,85039.815
2014-04-28 13:00:00,85189.928,85412.689,71285.162,85074.857
2014-04-28 14:00:00,84534.491,85189.928,70890.738,84775.278
2014-04-28 15:00:00,84046.603,84534.491,70927.716,84323.944
2014-04-28 16:00:00,84350.002,84046.603,71734.26,83733.638
2014-04-28 17:00:00,84896.789,84350.002,73070.922,83696.675
2014-04-28 18:00:00,85418.887,84896.789,73811.132,83183.994
2014-04-28 19:00:00,86508.126,85418.887,75314.126,84157.15
2014-04-28 20:00:00,88091.396,86508.126,79385.578,87625.331
2014-04-28 21:00:00,85298.467,88091.396,78620.075,85210.436
2014-04-28 22:00:00,79379.561,85298.467,73811.152,78655.474
2014-04-28 23:00:00,72994.128,79379.561,68628.096,72219.715
2014-04-29 00:00:00,68867.353,72994.128,64793.83,67573.0
2014-04-29 01:00:00,66364.944,68867.353,62657.374,64780.894
2014-04-29 02:00:00,65026.601,66364.944,61976.668,63125.267
2014-04-29 03:00:00,64766.063,65026.601,62135.249,62798.583
2014-04-29 04:00:00,66065.422,64766.063,63767.261,64139.088
2014-04-29 05:00:00,70751.769,66065.422,68851.774,68905.24
2014-04-29 06:00:00,79417.591,70751.769,77334.793,77067.534
2014-04-29 07:00:00,84604.161,79417.591,82458.78,81616.067
2014-04-29 08:00:00,86481.797,84604.161,84088.048,83264.704
2014-04-29 09:00:00,87598.919,86481.797,84491.206,83884.657
2014-04-29 10:00:00,88432.599,87598.919,85131.115,84763.468
2014-04-29 11:00:00,88701.085,88432.599,85338.224,85093.739
2014-04-29 12:00:00,88754.23,88701.085,85412.689,85086.754
2014-04-29 13:00:00,88787.149,88754.23,85189.928,85350.24
2014-04-29 14:00:00,88120.5,88787.149,84534.491,85025.681
2014-04-29 15:00:00,87974.434,88120.5,84046.603,84445.738
2014-04-29 16:00:00,88299.132,87974.434,84350.002,84172.033
2014-04-29 17:00:00,88701.121,88299.132,84896.789,83815.353
2014-04-29 18:00:00,88556.481,88701.121,85418.887,83394.527
2014-04-29 19:00:00,88753.209,88556.481,86508.126,83873.506
2014-04-29 20:00:00,90094.625,88753.209,88091.396,86646.939
2014-04-29 21:00:00,87719.611,90094.625,85298.467,85104.481
2014-04-29 22:00:00,81718.891,87719.611,79379.561,79093.75
2014-04-29 23:00:00,75422.634,81718.891,72994.128,72987.674
2014-04-30 00:00:00,70941.866,75422.634,68867.353,68206.783
2014-04-30 01:00:00,68405.114,70941.866,66364.944,65433.018
2014-04-30 02:00:00,67064.661,68405.114,65026.601,64265.538
2014-04-30 03:00:00,66668.327,67064.661,64766.063,64205.614
2014-04-30 04:00:00,67988.868,66668.327,66065.422,65570.008
2014-04-30 05:00:00,72580.34,67988.868,70751.769,70763.705
2014-04-30 06:00:00,80943.76,72580.34,79417.591,79366.338
2014-04-30 07:00:00,86030.897,80943.76,84604.161,84319.646
2014-04-30 08:00:00,87863.318,86030.897,86481.797,85803.468
2014-04-30 09:00:00,88998.928,87863.318,87598.919,86416.759
2014-04-30 10:00:00,90057.244,88998.928,88432.599,86732.571
2014-04-30 11:00:00,90330.355,90057.244,88701.085,86241.957
2014-04-30 12:00:00,90112.029,90330.355,88754.23,85671.466
2014-04-30 13:00:00,90118.377,90112.029,88787.149,85036.378
2014-04-30 14:00:00,89367.572,90118.377,88120.5,84117.96
2014-04-30 15:00:00,88832.192,89367.572,87974.434,83180.442
2014-04-30 16:00:00,88977.32,88832.192,88299.132,82816.026
2014-04-30 17:00:00,89390.496,88977.32,88701.121,82610.813
2014-04-30 18:00:00,89342.376,89390.496,88556.481,82611.346
2014-04-30 19:00:00,89184.493,89342.376,88753.209,83764.147
2014-04-30 20:00:00,89711.046,89184.493,90094.625,88170.417
2014-04-30 21:00:00,87331.406,89711.046,87719.611,87090.487
2014-04-30 22:00:00,81485.884,87331.406,81718.891,81512.272
2014-04-30 23:00:00,74835.316,81485.884,75422.634,75744.097
2014-05-01 00:00:00,70117.014,74835.316,70941.866,71517.503
2014-05-01 01:00:00,67125.702,70117.014,68405.114,69327.004
2014-05-01 02:00:00,65385.723,67125.702,67064.661,68451.882
2014-05-01 03:00:00,65035.695,65385.723,66668.327,68484.106
2014-05-01 04:00:00,66030.815,65035.695,67988.868,70303.201
2014-05-01 05:00:00,70578.199,66030.815,72580.34,75741.552
2014-05-01 06:00:00,78632.238,70578.199,80943.76,84129.528
2014-05-01 07:00:00,83576.563,78632.238,86030.897,88127.483
2014-05-01 08:00:00,85216.037,83576.563,87863.318,88576.678
2014-05-01 09:00:00,86080.865,85216.037,88998.928,87834.189
2014-05-01 10:00:00,86868.499,86080.865,90057.244,87213.422
2014-05-01 11:00:00,86806.445,86868.499,90330.355,85931.255
2014-05-01 12:00:00,86691.622,86806.445,90112.029,84936.045
2014-05-01 13:00:00,86765.254,86691.622,90118.377,84410.271
2014-05-01 14:00:00,86576.794,86765.254,89367.572,83475.499
2014-05-01 15:00:00,86040.506,86576.794,88832.192,82466.993
2014-05-01 16:00:00,86013.853,86040.506,88977.32,82050.18
2014-05-01 17:00:00,85887.864,86013.853,89390.496,81866.945
2014-05-01 18:00:00,85387.973,85887.864,89342.376,81468.29
2014-05-01 19:00:00,85560.447,85387.973,89184.493,82310.057
2014-05-01 20:00:00,88534.605,85560.447,89711.046,86477.328
2014-05-01 21:00:00,87062.715,88534.605,87331.406,85171.777
2014-05-01 22:00:00,81132.52,87062.715,81485.884,79722.934
2014-05-01 23:00:00,74352.485,81132.52,74835.316,73643.775
2014-05-02 00:00:00,69177.871,74352.485,70117.014,69353.471
2014-05-02 01:00:00,66315.163,69177.871,67125.702,67030.069
2014-05-02 02:00:00,64640.374,66315.163,65385.723,66096.109
2014-05-02 03:00:00,64209.451,64640.374,65035.695,65993.518
2014-05-02 04:00:00,65202.86,64209.451,66030.815,67547.755
2014-05-02 05:00:00,69812.136,65202.86,70578.199,72610.29
2014-05-02 06:00:00,77210.144,69812.136,78632.238,80330.113
2014-05-02 07:00:00,82164.513,77210.144,83576.563,84643.682
2014-05-02 08:00:00,83961.851,82164.513,85216.037,85658.68
2014-05-02 09:00:00,84661.699,83961.851,86080.865,85743.997
2014-05-02 10:00:00,85096.877,84661.699,86868.499,85755.836
2014-05-02 11:00:00,85346.749,85096.877,86806.445,85440.731
2014-05-02 12:00:00,84913.843,85346.749,86691.622,84783.122
2014-05-02 13:00:00,84327.862,84913.843,86765.254,84360.933
2014-05-02 14:00:00,83433.448,84327.862,86576.794,83598.565
2014-05-02 15:00:00,82611.957,83433.448,86040.506,82829.872
2014-05-02 16:00:00,82141.539,82611.957,86013.853,82442.293
2014-05-02 17:00:00,81542.295,82141.539,85887.864,82147.451
2014-05-02 18:00:00,80418.498,81542.295,85387.973,81697.779
2014-05-02 19:00:00,80195.598,80418.498,85560.447,81618.147
2014-05-02 20:00:00,82814.971,80195.598,88534.605,82967.314
2014-05-02 21:00:00,82245.911,82814.971,87062.715,81959.118
2014-05-02 22:00:00,77732.623,82245.911,81132.52,77551.909
2014-05-02 23:00:00,72294.193,77732.623,74352.485,72188.005
2014-05-03 00:00:00,67654.248,72294.193,69177.871,67891.601
2014-05-03 01:00:00,64804.383,67654.248,66315.163,65214.971
2014-05-03 02:00:00,63112.922,64804.383,64640.374,63748.86
2014-05-03 03:00:00,62411.035,63112.922,64209.451,63218.808
2014-05-03 04:00:00,62671.021,62411.035,65202.86,63525.289
2014-05-03 05:00:00,64127.694,62671.021,69812.136,65201.454
2014-05-03 06:00:00,66385.208,64127.694,77210.144,67785.514
2014-05-03 07:00:00,69542.199,66385.208,82164.513,70400.967
2014-05-03 08:00:00,73036.411,69542.199,83961.851,73547.853
2014-05-03 09:00:00,75160.778,73036.411,84661.699,75055.468
2014-05-03 10:00:00,75818.52,75160.778,85096.877,75492.308
2014-05-03 11:00:00,75665.687,75818.52,85346.749,75184.944
2014-05-03 12:00:00,75152.231,75665.687,84913.843,74367.08
2014-05-03 13:00:00,74371.273,75152.231,84327.862,73511.399
2014-05-03 14:00:00,73860.038,74371.273,83433.448,72885.15
2014-05-03 15:00:00,73299.299,73860.038,82611.957,72695.55
2014-05-03 16:00:00,73342.371,73299.299,82141.539,73062.55
2014-05-03 17:00:00,73427.636,73342.371,81542.295,73389.667
2014-05-03 18:00:00,73283.088,73427.636,80418.498,73239.003
2014-05-03 19:00:00,73541.097,73283.088,80195.598,73842.934
2014-05-03 20:00:00,76061.809,73541.097,82814.971,76927.877
2014-05-03 21:00:00,76279.759,76061.809,82245.911,76713.243
2014-05-03 22:00:00,72741.819,76279.759,77732.623,72917.603
2014-05-03 23:00:00,67863.276,72741.819,72294.193,68344.136
2014-05-04 00:00:00,63780.133,67863.276,67654.248,64210.832
2014-05-04 01:00:00,61356.926,63780.133,64804.383,61591.595
2014-05-04 02:00:00,59788.83,61356.926,63112.922,60255.903
2014-05-04 03:00:00,59019.188,59788.83,62411.035,59541.1
2014-05-04 04:00:00,58964.638,59019.188,62671.021,59696.665
2014-05-04 05:00:00,59990.613,58964.638,64127.694,60821.178
2014-05-04 06:00:00,61003.44,59990.613,66385.208,62554.789
2014-05-04 07:00:00,63433.662,61003.44,69542.199,64936.613
2014-05-04 08:00:00,67174.891,63433.662,73036.411,68570.214
2014-05-04 09:00:00,69909.484,67174.891,75160.778,70805.156
2014-05-04 10:00:00,71076.403,69909.484,75818.52,71567.129
2014-05-04 11:00:00,71914.225,71076.403,75665.687,71699.063
2014-05-04 12:00:00,72418.345,71914.225,75152.231,71668.014
2014-05-04 13:00:00,72476.539,72418.345,74371.273,71285.162
2014-05-04 14:00:00,71860.785,72476.539,73860.038,70890.738
2014-05-04 15:00:00,71725.496,71860.785,73299.299,70927.716
2014-05-04 16:00:00,72476.361,71725.496,73342.371,71734.26
2014-05-04 17:00:00,73712.158,72476.361,73427.636,73070.922
2014-05-04 18:00:00,74329.072,73712.158,73283.088,73811.132
2014-05-04 19:00:00,75110.58,74329.072,73541.097,75314.126
2014-05-04 20:00:00,78588.799,75110.58,76061.809,79385.578
2014-05-04 21:00:00,78757.916,78588.799,76279.759,78620.075
2014-05-04 22:00:00,74253.34,78757.916,72741.819,73811.152
2014-05-04 23:00:00,69073.899,74253.34,67863.276,68628.096
2014-05-05 00:00:00,64780.594,69073.899,63780.133,64793.83
2014-05-05 01:00:00,62629.592,64780.594,61356.926,62657.374
2014-05-05 02:00:00,61695.622,62629.592,59788.83,61976.668
2014-05-05 03:00:00,61778.288,61695.622,59019.188,62135.249
2014-05-05 04:00:00,63590.098,61778.288,58964.638,63767.261
2014-05-05 05:00:00,68705.93,63590.098,59990.613,68851.774
2014-05-05 06:00:00,76440.443,68705.93,61003.44,77334.793
2014-05-05 07:00:00,81700.731,76440.443,63433.662,82458.78
2014-05-05 08:00:00,83160.17,81700.731,67174.891,84088.048
2014-05-05 09:00:00,83616.225,83160.17,69909.484,84491.206
2014-05-05 10:00:00,84184.799,83616.225,71076.403,85131.115
2014-05-05 11:00:00,84412.652,84184.799,71914.225,85338.224
2014-05-05 12:00:00,84200.221,84412.652,72418.345,85412.689
2014-05-05 13:00:00,84132.647,84200.221,72476.539,85189.928
2014-05-05 14:00:00,83601.847,84132.647,71860.785,84534.491
2014-05-05 15:00:00,83128.315,83601.847,71725.496,84046.603
2014-05-05 16:00:00,82991.107,83128.315,72476.361,84350.002
2014-05-05 17:00:00,82919.731,82991.107,73712.158,84896.789
2014-05-05 18:00:00,82512.304,82919.731,74329.072,85418.887
2014-05-05 19:00:00,82881.656,82512.304,75110.58,86508.126
2014-05-05 20:00:00,85293.394,82881.656,78588.799,88091.396
2014-05-05 21:00:00,84660.205,85293.394,78757.916,85298.467
2014-05-05 22:00:00,78759.887,84660.205,74253.34,79379.561
2014-05-05 23:00:00,72527.104,78759.887,69073.899,72994.128
2014-05-06 00:00:00,68035.288,72527.104,64780.594,68867.353
2014-05-06 01:00:00,65558.342,68035.288,62629.592,66364.944
2014-05-06 02:00:00,64267.276,65558.342,61695.622,65026.601
2014-05-06 03:00:00,64195.49,64267.276,61778.288,64766.063
2014-05-06 04:00:00,65507.826,64195.49,63590.098,66065.422
2014-05-06 05:00:00,70342.592,65507.826,68705.93,70751.769
2014-05-06 06:00:00,77989.141,70342.592,76440.443,79417.591
2014-05-06 07:00:00,82473.538,77989.141,81700.731,84604.161
2014-05-06 08:00:00,83679.979,82473.538,83160.17,86481.797
2014-05-06 09:00:00,84037.605,83679.979,83616.225,87598.919
2014-05-06 10:00:00,84404.974,84037.605,84184.799,88432.599
2014-05-06 11:00:00,84487.762,84404.974,84412.652,88701.085
2014-05-06 12:00:00,84626.59,84487.762,84200.221,88754.23
2014-05-06 13:00:00,84974.262,84626.59,84132.647,88787.149
2014-05-06 14:00:00,84862.535,84974.262,83601.847,88120.5
2014-05-06 15:00:00,84666.287,84862.535,83128.315,87974.434
2014-05-06 16:00:00,84602.607,84666.287,82991.107,88299.132
2014-05-06 17:00:00,84582.254,84602.607,82919.731,88701.121
2014-05-06 18:00:00,83740.241,84582.254,82512.304,88556.481
2014-05-06 19:00:00,83329.069,83740.241,82881.656,88753.209
2014-05-06 20:00:00,86176.822,83329.069,85293.394,90094.625
2014-05-06 21:00:00,85883.742,86176.822,84660.205,87719.611
2014-05-06 22:00:00,79381.741,85883.742,78759.887,81718.891
2014-05-06 23:00:00,72422.693,79381.741,72527.104,75422.634
2014-05-07 00:00:00,67269.519,72422.693,68035.288,70941.866
2014-05-07 01:00:00,64665.703,67269.519,65558.342,68405.114
2014-05-07 02:00:00,63267.927,64665.703,64267.276,67064.661
2014-05-07 03:00:00,62934.496,63267.927,64195.49,66668.327
2014-05-07 04:00:00,63969.362,62934.496,65507.826,67988.868
2014-05-07 05:00:00,68643.78,63969.362,70342.592,72580.34
2014-05-07 06:00:00,76108.897,68643.78,77989.141,80943.76
2014-05-07 07:00:00,80925.604,76108.897,82473.538,86030.897
2014-05-07 08:00:00,82642.119,80925.604,83679.979,87863.318
2014-05-07 09:00:00,83566.512,82642.119,84037.605,88998.928
2014-05-07 10:00:00,84816.599,83566.512,84404.974,90057.244
2014-05-07 11:00:00,85702.02,84816.599,84487.762,90330.355
2014-05-07 12:00:00,86315.154,85702.02,84626.59,90112.029
2014-05-07 13:00:00,87007.755,86315.154,84974.262,90118.377
2014-05-07 14:00:00,87169.187,87007.755,84862.535,89367.572
2014-05-07 15:00:00,87192.191,87169.187,84666.287,88832.192
2014-05-07 16:00:00,87588.905,87192.191,84602.607,88977.32
2014-05-07 17:00:00,87376.048,87588.905,84582.254,89390.496
2014-05-07 18:00:00,86693.954,87376.048,83740.241,89342.376
2014-05-07 19:00:00,86275.762,86693.954,83329.069,89184.493
2014-05-07 20:00:00,87946.0,86275.762,86176.822,89711.046
2014-05-07 21:00:00,87181.078,87946.0,85883.742,87331.406
2014-05-07 22:00:00,80936.185,87181.078,79381.741,81485.884
2014-05-07 23:00:00,74011.433,80936.185,72422.693,74835.316
2014-05-08 00:00:00,68792.556,74011.433,67269.519,70117.014
2014-05-08 01:00:00,65691.622,68792.556,64665.703,67125.702
2014-05-08 02:00:00,64190.054,65691.622,63267.927,65385.723
2014-05-08 03:00:00,63237.22,64190.054,62934.496,65035.695
2014-05-08 04:00:00,64380.972,63237.22,63969.362,66030.815
2014-05-08 05:00:00,68878.025,64380.972,68643.78,70578.199
2014-05-08 06:00:00,76488.491,68878.025,76108.897,78632.238
2014-05-08 07:00:00,81710.019,76488.491,80925.604,83576.563
2014-05-08 08:00:00,84589.557,81710.019,82642.119,85216.037
2014-05-08 09:00:00,86633.175,84589.557,83566.512,86080.865
2014-05-08 10:00:00,89058.827,86633.175,84816.599,86868.499
2014-05-08 11:00:00,90707.762,89058.827,85702.02,86806.445
2014-05-08 12:00:00,92324.454,90707.762,86315.154,86691.622
2014-05-08 13:00:00,94125.647,92324.454,87007.755,86765.254
2014-05-08 14:00:00,95624.246,94125.647,87169.187,86576.794
2014-05-08 15:00:00,96660.47,95624.246,87192.191,86040.506
2014-05-08 16:00:00,97647.148,96660.47,87588.905,86013.853
2014-05-08 17:00:00,97989.289,97647.148,87376.048,85887.864
2014-05-08 18:00:00,96952.879,97989.289,86693.954,85387.973
2014-05-08 19:00:00,95686.31,96952.879,86275.762,85560.447
2014-05-08 20:00:00,96635.02,95686.31,87946.0,88534.605
2014-05-08 21:00:00,95690.484,96635.02,87181.078,87062.715
2014-05-08 22:00:00,88941.032,95690.484,80936.185,81132.52
2014-05-08 23:00:00,80604.594,88941.032,74011.433,74352.485
2014-05-09 00:00:00,74302.314,80604.594,68792.556,69177.871
2014-05-09 01:00:00,69978.419,74302.314,65691.622,66315.163
2014-05-09 02:00:00,67290.954,69978.419,64190.054,64640.374
2014-05-09 03:00:00,65964.366,67290.954,63237.22,64209.451
2014-05-09 04:00:00,66474.798,65964.366,64380.972,65202.86
2014-05-09 05:00:00,70155.165,66474.798,68878.025,69812.136
2014-05-09 06:00:00,77038.452,70155.165,76488.491,77210.144
2014-05-09 07:00:00,82991.728,77038.452,81710.019,82164.513
2014-05-09 08:00:00,86284.993,82991.728,84589.557,83961.851
2014-05-09 09:00:00,88715.356,86284.993,86633.175,84661.699
2014-05-09 10:00:00,90844.13,88715.356,89058.827,85096.877
2014-05-09 11:00:00,92481.877,90844.13,90707.762,85346.749
2014-05-09 12:00:00,93342.477,92481.877,92324.454,84913.843
2014-05-09 13:00:00,94493.097,93342.477,94125.647,84327.862
2014-05-09 14:00:00,94388.267,94493.097,95624.246,83433.448
2014-05-09 15:00:00,94083.423,94388.267,96660.47,82611.957
2014-05-09 16:00:00,93598.893,94083.423,97647.148,82141.539
2014-05-09 17:00:00,92174.604,93598.893,97989.289,81542.295
2014-05-09 18:00:00,89858.414,92174.604,96952.879,80418.498
2014-05-09 19:00:00,88181.273,89858.414,95686.31,80195.598
2014-05-09 20:00:00,88868.442,88181.273,96635.02,82814.971
2014-05-09 21:00:00,87589.311,88868.442,95690.484,82245.911
2014-05-09 22:00:00,82380.605,87589.311,88941.032,77732.623
2014-05-09 23:00:00,75882.989,82380.605,80604.594,72294.193
2014-05-10 00:00:00,70224.4,75882.989,74302.314,67654.248
2014-05-10 01:00:00,66335.958,70224.4,69978.419,64804.383
2014-05-10 02:00:00,64077.077,66335.958,67290.954,63112.922
2014-05-10 03:00:00,62656.868,64077.077,65964.366,62411.035
2014-05-10 04:00:00,62208.516,62656.868,66474.798,62671.021
2014-05-10 05:00:00,63410.907,62208.516,70155.165,64127.694
2014-05-10 06:00:00,64872.294,63410.907,77038.452,66385.208
2014-05-10 07:00:00,68455.106,64872.294,82991.728,69542.199
2014-05-10 08:00:00,73591.314,68455.106,86284.993,73036.411
2014-05-10 09:00:00,77520.227,73591.314,88715.356,75160.778
2014-05-10 10:00:00,80303.472,77520.227,90844.13,75818.52
2014-05-10 11:00:00,81747.327,80303.472,92481.877,75665.687
2014-05-10 12:00:00,82168.888,81747.327,93342.477,75152.231
2014-05-10 13:00:00,81858.794,82168.888,94493.097,74371.273
2014-05-10 14:00:00,81431.669,81858.794,94388.267,73860.038
2014-05-10 15:00:00,80765.905,81431.669,94083.423,73299.299
2014-05-10 16:00:00,80172.66,80765.905,93598.893,73342.371
2014-05-10 17:00:00,79982.098,80172.66,92174.604,73427.636
2014-05-10 18:00:00,79320.751,79982.098,89858.414,73283.088
2014-05-10 19:00:00,78986.429,79320.751,88181.273,73541.097
2014-05-10 20:00:00,80363.597,78986.429,88868.442,76061.809
2014-05-10 21:00:00,80483.185,80363.597,87589.311,76279.759
2014-05-10 22:00:00,76494.232,80483.185,82380.605,72741.819
2014-05-10 23:00:00,71257.411,76494.232,75882.989,67863.276
2014-05-11 00:00:00,66379.641,71257.411,70224.4,63780.133
2014-05-11 01:00:00,62898.355,66379.641,66335.958,61356.926
2014-05-11 02:00:00,60676.083,62898.355,64077.077,59788.83
2014-05-11 03:00:00,59284.375,60676.083,62656.868,59019.188
2014-05-11 04:00:00,58845.277,59284.375,62208.516,58964.638
2014-05-11 05:00:00,59016.42,58845.277,63410.907,59990.613
2014-05-11 06:00:00,59426.33,59016.42,64872.294,61003.44
2014-05-11 07:00:00,62480.43,59426.33,68455.106,63433.662
2014-05-11 08:00:00,67412.913,62480.43,73591.314,67174.891
2014-05-11 09:00:00,71556.238,67412.913,77520.227,69909.484
2014-05-11 10:00:00,73809.868,71556.238,80303.472,71076.403
2014-05-11 11:00:00,75529.119,73809.868,81747.327,71914.225
2014-05-11 12:00:00,77026.553,75529.119,82168.888,72418.345
2014-05-11 13:00:00,78172.358,77026.553,81858.794,72476.539
2014-05-11 14:00:00,79446.26,78172.358,81431.669,71860.785
2014-05-11 15:00:00,81051.618,79446.26,80765.905,71725.496
2014-05-11 16:00:00,82804.265,81051.618,80172.66,72476.361
2014-05-11 17:00:00,83846.16,82804.265,79982.098,73712.158
2014-05-11 18:00:00,84099.305,83846.16,79320.751,74329.072
2014-05-11 19:00:00,83795.012,84099.305,78986.429,75110.58
2014-05-11 20:00:00,85816.998,83795.012,80363.597,78588.799
2014-05-11 21:00:00,85592.85,85816.998,80483.185,78757.916
2014-05-11 22:00:00,80140.033,85592.85,76494.232,74253.34
2014-05-11 23:00:00,73623.367,80140.033,71257.411,69073.899
2014-05-12 00:00:00,68421.596,73623.367,66379.641,64780.594
2014-05-12 01:00:00,65139.716,68421.596,62898.355,62629.592
2014-05-12 02:00:00,63349.239,65139.716,60676.083,61695.622
2014-05-12 03:00:00,62663.174,63349.239,59284.375,61778.288
2014-05-12 04:00:00,63895.397,62663.174,58845.277,63590.098
2014-05-12 05:00:00,68118.86,63895.397,59016.42,68705.93
2014-05-12 06:00:00,75581.368,68118.86,59426.33,76440.443
2014-05-12 07:00:00,81749.379,75581.368,62480.43,81700.731
2014-05-12 08:00:00,86074.453,81749.379,67412.913,83160.17
2014-05-12 09:00:00,90124.901,86074.453,71556.238,83616.225
2014-05-12 10:00:00,93980.319,90124.901,73809.868,84184.799
2014-05-12 11:00:00,97817.705,93980.319,75529.119,84412.652
2014-05-12 12:00:00,100712.138,97817.705,77026.553,84200.221
2014-05-12 13:00:00,103506.776,100712.138,78172.358,84132.647
2014-05-12 14:00:00,105132.067,103506.776,79446.26,83601.847
2014-05-12 15:00:00,106451.187,105132.067,81051.618,83128.315
2014-05-12 16:00:00,107721.351,106451.187,82804.265,82991.107
2014-05-12 17:00:00,107891.132,107721.351,83846.16,82919.731
2014-05-12 18:00:00,106432.311,107891.132,84099.305,82512.304
2014-05-12 19:00:00,104592.204,106432.311,83795.012,82881.656
2014-05-12 20:00:00,104636.049,104592.204,85816.998,85293.394
2014-05-12 21:00:00,102118.788,104636.049,85592.85,84660.205
2014-05-12 22:00:00,93813.445,102118.788,80140.033,78759.887
2014-05-12 23:00:00,85052.774,93813.445,73623.367,72527.104
2014-05-13 00:00:00,77972.616,85052.774,68421.596,68035.288
2014-05-13 01:00:00,73276.911,77972.616,65139.716,65558.342
2014-05-13 02:00:00,70694.056,73276.911,63349.239,64267.276
2014-05-13 03:00:00,69019.04,70694.056,62663.174,64195.49
2014-05-13 04:00:00,69612.461,69019.04,63895.397,65507.826
2014-05-13 05:00:00,73343.379,69612.461,68118.86,70342.592
2014-05-13 06:00:00,80306.655,73343.379,75581.368,77989.141
2014-05-13 07:00:00,86845.736,80306.655,81749.379,82473.538
2014-05-13 08:00:00,91173.747,86845.736,86074.453,83679.979
2014-05-13 09:00:00,95203.047,91173.747,90124.901,84037.605
2014-05-13 10:00:00,98817.624,95203.047,93980.319,84404.974
2014-05-13 11:00:00,102244.148,98817.624,97817.705,84487.762
2014-05-13 12:00:00,104676.967,102244.148,100712.138,84626.59
2014-05-13 13:00:00,107062.539,104676.967,103506.776,84974.262
2014-05-13 14:00:00,108417.899,107062.539,105132.067,84862.535
2014-05-13 15:00:00,109352.905,108417.899,106451.187,84666.287
2014-05-13 16:00:00,109709.641,109352.905,107721.351,84602.607
2014-05-13 17:00:00,108660.841,109709.641,107891.132,84582.254
2014-05-13 18:00:00,106172.313,108660.841,106432.311,83740.241
2014-05-13 19:00:00,102643.634,106172.313,104592.204,83329.069
2014-05-13 20:00:00,101494.704,102643.634,104636.049,86176.822
2014-05-13 21:00:00,98770.897,101494.704,102118.788,85883.742
2014-05-13 22:00:00,90546.062,98770.897,93813.445,79381.741
2014-05-13 23:00:00,81754.778,90546.062,85052.774,72422.693
2014-05-14 00:00:00,74964.137,81754.778,77972.616,67269.519
2014-05-14 01:00:00,70856.717,74964.137,73276.911,64665.703
2014-05-14 02:00:00,67979.712,70856.717,70694.056,63267.927
2014-05-14 03:00:00,66776.815,67979.712,69019.04,62934.496
2014-05-14 04:00:00,66984.205,66776.815,69612.461,63969.362
2014-05-14 05:00:00,70669.629,66984.205,73343.379,68643.78
2014-05-14 06:00:00,77761.048,70669.629,80306.655,76108.897
2014-05-14 07:00:00,82938.147,77761.048,86845.736,80925.604
2014-05-14 08:00:00,85705.073,82938.147,91173.747,82642.119
2014-05-14 09:00:00,87553.395,85705.073,95203.047,83566.512
2014-05-14 10:00:00,89460.572,87553.395,98817.624,84816.599
2014-05-14 11:00:00,90697.196,89460.572,102244.148,85702.02
2014-05-14 12:00:00,91708.978,90697.196,104676.967,86315.154
2014-05-14 13:00:00,92942.238,91708.978,107062.539,87007.755
2014-05-14 14:00:00,93727.199,92942.238,108417.899,87169.187
2014-05-14 15:00:00,93955.62,93727.199,109352.905,87192.191
2014-05-14 16:00:00,94505.149,93955.62,109709.641,87588.905
2014-05-14 17:00:00,94003.066,94505.149,108660.841,87376.048
2014-05-14 18:00:00,92632.544,94003.066,106172.313,86693.954
2014-05-14 19:00:00,91888.506,92632.544,102643.634,86275.762
2014-05-14 20:00:00,93120.179,91888.506,101494.704,87946.0
2014-05-14 21:00:00,91251.257,93120.179,98770.897,87181.078
2014-05-14 22:00:00,84567.963,91251.257,90546.062,80936.185
2014-05-14 23:00:00,77249.278,84567.963,81754.778,74011.433
2014-05-15 00:00:00,71731.731,77249.278,74964.137,68792.556
2014-05-15 01:00:00,68466.552,71731.731,70856.717,65691.622
2014-05-15 02:00:00,66566.087,68466.552,67979.712,64190.054
2014-05-15 03:00:00,65804.531,66566.087,66776.815,63237.22
2014-05-15 04:00:00,66748.811,65804.531,66984.205,64380.972
2014-05-15 05:00:00,70983.916,66748.811,70669.629,68878.025
2014-05-15 06:00:00,78660.033,70983.916,77761.048,76488.491
2014-05-15 07:00:00,84674.896,78660.033,82938.147,81710.019
2014-05-15 08:00:00,87956.65,84674.896,85705.073,84589.557
2014-05-15 09:00:00,90132.383,87956.65,87553.395,86633.175
2014-05-15 10:00:00,92132.984,90132.383,89460.572,89058.827
2014-05-15 11:00:00,93290.458,92132.984,90697.196,90707.762
2014-05-15 12:00:00,93949.41,93290.458,91708.978,92324.454
2014-05-15 13:00:00,94558.178,93949.41,92942.238,94125.647
2014-05-15 14:00:00,94564.289,94558.178,93727.199,95624.246
2014-05-15 15:00:00,94361.676,94564.289,93955.62,96660.47
2014-05-15 16:00:00,93921.286,94361.676,94505.149,97647.148
2014-05-15 17:00:00,92901.741,93921.286,94003.066,97989.289
2014-05-15 18:00:00,91331.714,92901.741,92632.544,96952.879
2014-05-15 19:00:00,90481.352,91331.714,91888.506,95686.31
2014-05-15 20:00:00,91581.091,90481.352,93120.179,96635.02
2014-05-15 21:00:00,90211.935,91581.091,91251.257,95690.484
2014-05-15 22:00:00,84326.011,90211.935,84567.963,88941.032
2014-05-15 23:00:00,77324.639,84326.011,77249.278,80604.594
2014-05-16 00:00:00,72345.618,77324.639,71731.731,74302.314
2014-05-16 01:00:00,69121.544,72345.618,68466.552,69978.419
2014-05-16 02:00:00,67447.833,69121.544,66566.087,67290.954
2014-05-16 03:00:00,66795.242,67447.833,65804.531,65964.366
2014-05-16 04:00:00,67759.661,66795.242,66748.811,66474.798
2014-05-16 05:00:00,71641.324,67759.661,70983.916,70155.165
2014-05-16 06:00:00,78776.362,71641.324,78660.033,77038.452
2014-05-16 07:00:00,83872.833,78776.362,84674.896,82991.728
2014-05-16 08:00:00,86603.927,83872.833,87956.65,86284.993
2014-05-16 09:00:00,88046.167,86603.927,90132.383,88715.356
2014-05-16 10:00:00,89107.097,88046.167,92132.984,90844.13
2014-05-16 11:00:00,89194.63,89107.097,93290.458,92481.877
2014-05-16 12:00:00,88811.412,89194.63,93949.41,93342.477
2014-05-16 13:00:00,88553.749,88811.412,94558.178,94493.097
2014-05-16 14:00:00,87855.447,88553.749,94564.289,94388.267
2014-05-16 15:00:00,87231.356,87855.447,94361.676,94083.423
2014-05-16 16:00:00,86703.162,87231.356,93921.286,93598.893
2014-05-16 17:00:00,85805.218,86703.162,92901.741,92174.604
2014-05-16 18:00:00,84337.339,85805.218,91331.714,89858.414
2014-05-16 19:00:00,82951.621,84337.339,90481.352,88181.273
2014-05-16 20:00:00,84111.368,82951.621,91581.091,88868.442
2014-05-16 21:00:00,83899.295,84111.368,90211.935,87589.311
2014-05-16 22:00:00,79462.433,83899.295,84326.011,82380.605
2014-05-16 23:00:00,73554.273,79462.433,77324.639,75882.989
2014-05-17 00:00:00,68425.175,73554.273,72345.618,70224.4
2014-05-17 01:00:00,65196.57,68425.175,69121.544,66335.958
2014-05-17 02:00:00,63454.041,65196.57,67447.833,64077.077
2014-05-17 03:00:00,62443.268,63454.041,66795.242,62656.868
2014-05-17 04:00:00,62660.36,62443.268,67759.661,62208.516
2014-05-17 05:00:00,63851.858,62660.36,71641.324,63410.907
2014-05-17 06:00:00,65612.449,63851.858,78776.362,64872.294
2014-05-17 07:00:00,68976.872,65612.449,83872.833,68455.106
2014-05-17 08:00:00,72719.265,68976.872,86603.927,73591.314
2014-05-17 09:00:00,75453.99,72719.265,88046.167,77520.227
2014-05-17 10:00:00,76502.621,75453.99,89107.097,80303.472
2014-05-17 11:00:00,76657.822,76502.621,89194.63,81747.327
2014-05-17 12:00:00,75925.261,76657.822,88811.412,82168.888
2014-05-17 13:00:00,75248.499,75925.261,88553.749,81858.794
2014-05-17 14:00:00,74441.757,75248.499,87855.447,81431.669
2014-05-17 15:00:00,73843.975,74441.757,87231.356,80765.905
2014-05-17 16:00:00,73828.166,73843.975,86703.162,80172.66
2014-05-17 17:00:00,74069.776,73828.166,85805.218,79982.098
2014-05-17 18:00:00,73887.948,74069.776,84337.339,79320.751
2014-05-17 19:00:00,73637.45,73887.948,82951.621,78986.429
2014-05-17 20:00:00,75582.377,73637.45,84111.368,80363.597
2014-05-17 21:00:00,76605.031,75582.377,83899.295,80483.185
2014-05-17 22:00:00,73407.665,76605.031,79462.433,76494.232
2014-05-17 23:00:00,69101.195,73407.665,73554.273,71257.411
2014-05-18 00:00:00,64941.604,69101.195,68425.175,66379.641
2014-05-18 01:00:00,62423.339,64941.604,65196.57,62898.355
2014-05-18 02:00:00,61079.731,62423.339,63454.041,60676.083
2014-05-18 03:00:00,60457.827,61079.731,62443.268,59284.375
2014-05-18 04:00:00,60675.97,60457.827,62660.36,58845.277
2014-05-18 05:00:00,61233.328,60675.97,63851.858,59016.42
2014-05-18 06:00:00,61928.792,61233.328,65612.449,59426.33
2014-05-18 07:00:00,64157.406,61928.792,68976.872,62480.43
2014-05-18 08:00:00,67473.656,64157.406,72719.265,67412.913
2014-05-18 09:00:00,69778.346,67473.656,75453.99,71556.238
2014-05-18 10:00:00,70755.67,69778.346,76502.621,73809.868
2014-05-18 11:00:00,71401.412,70755.67,76657.822,75529.119
2014-05-18 12:00:00,71736.847,71401.412,75925.261,77026.553
2014-05-18 13:00:00,71512.283,71736.847,75248.499,78172.358
2014-05-18 14:00:00,71292.788,71512.283,74441.757,79446.26
2014-05-18 15:00:00,71252.221,71292.788,73843.975,81051.618
2014-05-18 16:00:00,71966.742,71252.221,73828.166,82804.265
2014-05-18 17:00:00,72984.534,71966.742,74069.776,83846.16
2014-05-18 18:00:00,73600.761,72984.534,73887.948,84099.305
2014-05-18 19:00:00,74118.106,73600.761,73637.45,83795.012
2014-05-18 20:00:00,76574.3,74118.106,75582.377,85816.998
2014-05-18 21:00:00,77800.983,76574.3,76605.031,85592.85
2014-05-18 22:00:00,73778.964,77800.983,73407.665,80140.033
2014-05-18 23:00:00,68576.33,73778.964,69101.195,73623.367
2014-05-19 00:00:00,64643.257,68576.33,64941.604,68421.596
2014-05-19 01:00:00,62580.429,64643.257,62423.339,65139.716
2014-05-19 02:00:00,61777.615,62580.429,61079.731,63349.239
2014-05-19 03:00:00,61810.265,61777.615,60457.827,62663.174
2014-05-19 04:00:00,63705.032,61810.265,60675.97,63895.397
2014-05-19 05:00:00,68483.175,63705.032,61233.328,68118.86
2014-05-19 06:00:00,75772.082,68483.175,61928.792,75581.368
2014-05-19 07:00:00,81100.078,75772.082,64157.406,81749.379
2014-05-19 08:00:00,83230.959,81100.078,67473.656,86074.453
2014-05-19 09:00:00,84323.377,83230.959,69778.346,90124.901
2014-05-19 10:00:00,85398.727,84323.377,70755.67,93980.319
2014-05-19 11:00:00,85788.416,85398.727,71401.412,97817.705
2014-05-19 12:00:00,86128.151,85788.416,71736.847,100712.138
2014-05-19 13:00:00,86461.255,86128.151,71512.283,103506.776
2014-05-19 14:00:00,86453.314,86461.255,71292.788,105132.067
2014-05-19 15:00:00,86402.518,86453.314,71252.221,106451.187
2014-05-19 16:00:00,86324.042,86402.518,71966.742,107721.351
2014-05-19 17:00:00,86174.365,86324.042,72984.534,107891.132
2014-05-19 18:00:00,85360.879,86174.365,73600.761,106432.311
2014-05-19 19:00:00,84600.122,85360.879,74118.106,104592.204
2014-05-19 20:00:00,85975.555,84600.122,76574.3,104636.049
2014-05-19 21:00:00,85631.28,85975.555,77800.983,102118.788
2014-05-19 22:00:00,79488.048,85631.28,73778.964,93813.445
2014-05-19 23:00:00,72424.531,79488.048,68576.33,85052.774
2014-05-20 00:00:00,67383.469,72424.531,64643.257,77972.616
2014-05-20 01:00:00,64678.426,67383.469,62580.429,73276.911
2014-05-20 02:00:00,63136.893,64678.426,61777.615,70694.056
2014-05-20 03:00:00,62644.219,63136.893,61810.265,69019.04
2014-05-20 04:00:00,63838.835,62644.219,63705.032,69612.461
2014-05-20 05:00:00,67964.254,63838.835,68483.175,73343.379
2014-05-20 06:00:00,74917.165,67964.254,75772.082,80306.655
2014-05-20 07:00:00,80439.934,74917.165,81100.078,86845.736
2014-05-20 08:00:00,82743.365,80439.934,83230.959,91173.747
2014-05-20 09:00:00,84684.072,82743.365,84323.377,95203.047
2014-05-20 10:00:00,86503.333,84684.072,85398.727,98817.624
2014-05-20 11:00:00,88111.24,86503.333,85788.416,102244.148
2014-05-20 12:00:00,89053.141,88111.24,86128.151,104676.967
2014-05-20 13:00:00,90676.893,89053.141,86461.255,107062.539
2014-05-20 14:00:00,91583.956,90676.893,86453.314,108417.899
2014-05-20 15:00:00,92307.141,91583.956,86402.518,109352.905
2014-05-20 16:00:00,93271.771,92307.141,86324.042,109709.641
2014-05-20 17:00:00,93506.121,93271.771,86174.365,108660.841
2014-05-20 18:00:00,92342.877,93506.121,85360.879,106172.313
2014-05-20 19:00:00,91934.445,92342.877,84600.122,102643.634
2014-05-20 20:00:00,93513.904,91934.445,85975.555,101494.704
2014-05-20 21:00:00,92619.607,93513.904,85631.28,98770.897
2014-05-20 22:00:00,85886.223,92619.607,79488.048,90546.062
2014-05-20 23:00:00,78292.231,85886.223,72424.531,81754.778
2014-05-21 00:00:00,72235.7,78292.231,67383.469,74964.137
2014-05-21 01:00:00,68733.544,72235.7,64678.426,70856.717
2014-05-21 02:00:00,66590.112,68733.544,63136.893,67979.712
2014-05-21 03:00:00,65471.285,66590.112,62644.219,66776.815
2014-05-21 04:00:00,66196.311,65471.285,63838.835,66984.205
2014-05-21 05:00:00,70358.61,66196.311,67964.254,70669.629
2014-05-21 06:00:00,77335.425,70358.61,74917.165,77761.048
2014-05-21 07:00:00,83330.152,77335.425,80439.934,82938.147
2014-05-21 08:00:00,86686.576,83330.152,82743.365,85705.073
2014-05-21 09:00:00,89105.246,86686.576,84684.072,87553.395
2014-05-21 10:00:00,91599.526,89105.246,86503.333,89460.572
2014-05-21 11:00:00,93859.635,91599.526,88111.24,90697.196
2014-05-21 12:00:00,95449.866,93859.635,89053.141,91708.978
2014-05-21 13:00:00,97334.65,95449.866,90676.893,92942.238
2014-05-21 14:00:00,98505.327,97334.65,91583.956,93727.199
2014-05-21 15:00:00,99341.243,98505.327,92307.141,93955.62
2014-05-21 16:00:00,100616.706,99341.243,93271.771,94505.149
2014-05-21 17:00:00,100392.568,100616.706,93506.121,94003.066
2014-05-21 18:00:00,98732.403,100392.568,92342.877,92632.544
2014-05-21 19:00:00,97480.758,98732.403,91934.445,91888.506
2014-05-21 20:00:00,97368.037,97480.758,93513.904,93120.179
2014-05-21 21:00:00,95706.867,97368.037,92619.607,91251.257
2014-05-21 22:00:00,88852.215,95706.867,85886.223,84567.963
2014-05-21 23:00:00,80787.227,88852.215,78292.231,77249.278
2014-05-22 00:00:00,74210.463,80787.227,72235.7,71731.731
2014-05-22 01:00:00,70244.775,74210.463,68733.544,68466.552
2014-05-22 02:00:00,67867.424,70244.775,66590.112,66566.087
2014-05-22 03:00:00,66574.374,67867.424,65471.285,65804.531
2014-05-22 04:00:00,67150.077,66574.374,66196.311,66748.811
2014-05-22 05:00:00,70968.317,67150.077,70358.61,70983.916
2014-05-22 06:00:00,77757.402,70968.317,77335.425,78660.033
2014-05-22 07:00:00,83726.642,77757.402,83330.152,84674.896
2014-05-22 08:00:00,87502.144,83726.642,86686.576,87956.65
2014-05-22 09:00:00,90640.447,87502.144,89105.246,90132.383
2014-05-22 10:00:00,93845.815,90640.447,91599.526,92132.984
2014-05-22 11:00:00,96233.587,93845.815,93859.635,93290.458
2014-05-22 12:00:00,97770.476,96233.587,95449.866,93949.41
2014-05-22 13:00:00,99386.165,97770.476,97334.65,94558.178
2014-05-22 14:00:00,100527.461,99386.165,98505.327,94564.289
2014-05-22 15:00:00,101222.472,100527.461,99341.243,94361.676
2014-05-22 16:00:00,101185.071,101222.472,100616.706,93921.286
2014-05-22 17:00:00,100147.741,101185.071,100392.568,92901.741
2014-05-22 18:00:00,97440.825,100147.741,98732.403,91331.714
2014-05-22 19:00:00,94981.647,97440.825,97480.758,90481.352
2014-05-22 20:00:00,94146.87,94981.647,97368.037,91581.091
2014-05-22 21:00:00,93372.441,94146.87,95706.867,90211.935
2014-05-22 22:00:00,86669.194,93372.441,88852.215,84326.011
2014-05-22 23:00:00,78347.755,86669.194,80787.227,77324.639
2014-05-23 00:00:00,71901.684,78347.755,74210.463,72345.618
2014-05-23 01:00:00,67841.722,71901.684,70244.775,69121.544
2014-05-23 02:00:00,65390.602,67841.722,67867.424,67447.833
2014-05-23 03:00:00,64345.763,65390.602,66574.374,66795.242
2014-05-23 04:00:00,64613.655,64345.763,67150.077,67759.661
2014-05-23 05:00:00,67997.629,64613.655,70968.317,71641.324
2014-05-23 06:00:00,73843.12,67997.629,77757.402,78776.362
2014-05-23 07:00:00,79893.592,73843.12,83726.642,83872.833
2014-05-23 08:00:00,83477.089,79893.592,87502.144,86603.927
2014-05-23 09:00:00,85984.809,83477.089,90640.447,88046.167
2014-05-23 10:00:00,87556.318,85984.809,93845.815,89107.097
2014-05-23 11:00:00,88706.207,87556.318,96233.587,89194.63
2014-05-23 12:00:00,89419.514,88706.207,97770.476,88811.412
2014-05-23 13:00:00,90349.155,89419.514,99386.165,88553.749
2014-05-23 14:00:00,90485.385,90349.155,100527.461,87855.447
2014-05-23 15:00:00,90479.834,90485.385,101222.472,87231.356
2014-05-23 16:00:00,90624.495,90479.834,101185.071,86703.162
2014-05-23 17:00:00,90038.652,90624.495,100147.741,85805.218
2014-05-23 18:00:00,87897.032,90038.652,97440.825,84337.339
2014-05-23 19:00:00,85352.757,87897.032,94981.647,82951.621
2014-05-23 20:00:00,84380.88,85352.757,94146.87,84111.368
2014-05-23 21:00:00,83920.562,84380.88,93372.441,83899.295
2014-05-23 22:00:00,78875.754,83920.562,86669.194,79462.433
2014-05-23 23:00:00,72290.466,78875.754,78347.755,73554.273
2014-05-24 00:00:00,67222.342,72290.466,71901.684,68425.175
2014-05-24 01:00:00,63428.736,67222.342,67841.722,65196.57
2014-05-24 02:00:00,61106.636,63428.736,65390.602,63454.041
2014-05-24 03:00:00,59912.037,61106.636,64345.763,62443.268
2014-05-24 04:00:00,59639.894,59912.037,64613.655,62660.36
2014-05-24 05:00:00,60341.257,59639.894,67997.629,63851.858
2014-05-24 06:00:00,60957.57,60341.257,73843.12,65612.449
2014-05-24 07:00:00,64296.08,60957.57,79893.592,68976.872
2014-05-24 08:00:00,68770.186,64296.08,83477.089,72719.265
2014-05-24 09:00:00,72633.758,68770.186,85984.809,75453.99
2014-05-24 10:00:00,75024.466,72633.758,87556.318,76502.621
2014-05-24 11:00:00,76286.005,75024.466,88706.207,76657.822
2014-05-24 12:00:00,76878.54,76286.005,89419.514,75925.261
2014-05-24 13:00:00,77302.595,76878.54,90349.155,75248.499
2014-05-24 14:00:00,77641.407,77302.595,90485.385,74441.757
2014-05-24 15:00:00,78449.77,77641.407,90479.834,73843.975
2014-05-24 16:00:00,79431.678,78449.77,90624.495,73828.166
2014-05-24 17:00:00,80194.674,79431.678,90038.652,74069.776
2014-05-24 18:00:00,79728.421,80194.674,87897.032,73887.948
2014-05-24 19:00:00,78296.18,79728.421,85352.757,73637.45
2014-05-24 20:00:00,78187.274,78296.18,84380.88,75582.377
2014-05-24 21:00:00,78557.799,78187.274,83920.562,76605.031
2014-05-24 22:00:00,74856.595,78557.799,78875.754,73407.665
2014-05-24 23:00:00,69361.186,74856.595,72290.466,69101.195
2014-05-25 00:00:00,64589.185,69361.186,67222.342,64941.604
2014-05-25 01:00:00,61314.404,64589.185,63428.736,62423.339
2014-05-25 02:00:00,59073.889,61314.404,61106.636,61079.731
2014-05-25 03:00:00,58045.585,59073.889,59912.037,60457.827
2014-05-25 04:00:00,57569.509,58045.585,59639.894,60675.97
2014-05-25 05:00:00,57748.072,57569.509,60341.257,61233.328
2014-05-25 06:00:00,57592.737,57748.072,60957.57,61928.792
2014-05-25 07:00:00,60583.724,57592.737,64296.08,64157.406
2014-05-25 08:00:00,65246.449,60583.724,68770.186,67473.656
2014-05-25 09:00:00,69678.005,65246.449,72633.758,69778.346
2014-05-25 10:00:00,72671.299,69678.005,75024.466,70755.67
2014-05-25 11:00:00,75131.897,72671.299,76286.005,71401.412
2014-05-25 12:00:00,77083.792,75131.897,76878.54,71736.847
2014-05-25 13:00:00,78649.305,77083.792,77302.595,71512.283
2014-05-25 14:00:00,80089.318,78649.305,77641.407,71292.788
2014-05-25 15:00:00,81659.405,80089.318,78449.77,71252.221
2014-05-25 16:00:00,83506.834,81659.405,79431.678,71966.742
2014-05-25 17:00:00,84699.765,83506.834,80194.674,72984.534
2014-05-25 18:00:00,84523.545,84699.765,79728.421,73600.761
2014-05-25 19:00:00,82408.547,84523.545,78296.18,74118.106
2014-05-25 20:00:00,81286.432,82408.547,78187.274,76574.3
2014-05-25 21:00:00,81418.876,81286.432,78557.799,77800.983
2014-05-25 22:00:00,77431.246,81418.876,74856.595,73778.964
2014-05-25 23:00:00,71939.301,77431.246,69361.186,68576.33
2014-05-26 00:00:00,66321.26,71939.301,64589.185,64643.257
2014-05-26 01:00:00,62824.127,66321.26,61314.404,62580.429
2014-05-26 02:00:00,60417.544,62824.127,59073.889,61777.615
2014-05-26 03:00:00,59311.692,60417.544,58045.585,61810.265
2014-05-26 04:00:00,58974.167,59311.692,57569.509,63705.032
2014-05-26 05:00:00,59728.359,58974.167,57748.072,68483.175
2014-05-26 06:00:00,60041.882,59728.359,57592.737,75772.082
2014-05-26 07:00:00,63183.883,60041.882,60583.724,81100.078
2014-05-26 08:00:00,68528.167,63183.883,65246.449,83230.959
2014-05-26 09:00:00,74343.14,68528.167,69678.005,84323.377
2014-05-26 10:00:00,79630.019,74343.14,72671.299,85398.727
2014-05-26 11:00:00,84147.019,79630.019,75131.897,85788.416
2014-05-26 12:00:00,87785.251,84147.019,77083.792,86128.151
2014-05-26 13:00:00,90631.611,87785.251,78649.305,86461.255
2014-05-26 14:00:00,93401.46,90631.611,80089.318,86453.314
2014-05-26 15:00:00,95976.061,93401.46,81659.405,86402.518
2014-05-26 16:00:00,97946.21,95976.061,83506.834,86324.042
2014-05-26 17:00:00,98982.945,97946.21,84699.765,86174.365
2014-05-26 18:00:00,98234.821,98982.945,84523.545,85360.879
2014-05-26 19:00:00,96891.843,98234.821,82408.547,84600.122
2014-05-26 20:00:00,97076.097,96891.843,81286.432,85975.555
2014-05-26 21:00:00,96766.956,97076.097,81418.876,85631.28
2014-05-26 22:00:00,90142.304,96766.956,77431.246,79488.048
2014-05-26 23:00:00,82350.782,90142.304,71939.301,72424.531
2014-05-27 00:00:00,75819.385,82350.782,66321.26,67383.469
2014-05-27 01:00:00,71730.363,75819.385,62824.127,64678.426
2014-05-27 02:00:00,69241.871,71730.363,60417.544,63136.893
2014-05-27 03:00:00,68151.341,69241.871,59311.692,62644.219
2014-05-27 04:00:00,68620.651,68151.341,58974.167,63838.835
2014-05-27 05:00:00,72673.257,68620.651,59728.359,67964.254
2014-05-27 06:00:00,79818.131,72673.257,60041.882,74917.165
2014-05-27 07:00:00,87408.069,79818.131,63183.883,80439.934
2014-05-27 08:00:00,93318.392,87408.069,68528.167,82743.365
2014-05-27 09:00:00,98671.671,93318.392,74343.14,84684.072
2014-05-27 10:00:00,104263.762,98671.671,79630.019,86503.333
2014-05-27 11:00:00,109032.599,104263.762,84147.019,88111.24
2014-05-27 12:00:00,112708.203,109032.599,87785.251,89053.141
2014-05-27 13:00:00,115722.65,112708.203,90631.611,90676.893
2014-05-27 14:00:00,117510.157,115722.65,93401.46,91583.956
2014-05-27 15:00:00,119025.749,117510.157,95976.061,92307.141
2014-05-27 16:00:00,119741.906,119025.749,97946.21,93271.771
2014-05-27 17:00:00,118493.708,119741.906,98982.945,93506.121
2014-05-27 18:00:00,114303.0,118493.708,98234.821,92342.877
2014-05-27 19:00:00,109884.236,114303.0,96891.843,91934.445
2014-05-27 20:00:00,107564.935,109884.236,97076.097,93513.904
2014-05-27 21:00:00,104472.788,107564.935,96766.956,92619.607
2014-05-27 22:00:00,96109.897,104472.788,90142.304,85886.223
2014-05-27 23:00:00,87181.058,96109.897,82350.782,78292.231
2014-05-28 00:00:00,80203.879,87181.058,75819.385,72235.7
2014-05-28 01:00:00,75768.644,80203.879,71730.363,68733.544
2014-05-28 02:00:00,72953.182,75768.644,69241.871,66590.112
2014-05-28 03:00:00,71379.551,72953.182,68151.341,65471.285
2014-05-28 04:00:00,71730.372,71379.551,68620.651,66196.311
2014-05-28 05:00:00,75139.595,71730.372,72673.257,70358.61
2014-05-28 06:00:00,81980.819,75139.595,79818.131,77335.425
2014-05-28 07:00:00,88257.857,81980.819,87408.069,83330.152
2014-05-28 08:00:00,92722.437,88257.857,93318.392,86686.576
2014-05-28 09:00:00,95975.553,92722.437,98671.671,89105.246
2014-05-28 10:00:00,99745.473,95975.553,104263.762,91599.526
2014-05-28 11:00:00,102596.582,99745.473,109032.599,93859.635
2014-05-28 12:00:00,104771.583,102596.582,112708.203,95449.866
2014-05-28 13:00:00,107223.418,104771.583,115722.65,97334.65
2014-05-28 14:00:00,108299.522,107223.418,117510.157,98505.327
2014-05-28 15:00:00,108902.089,108299.522,119025.749,99341.243
2014-05-28 16:00:00,108833.503,108902.089,119741.906,100616.706
2014-05-28 17:00:00,107387.035,108833.503,118493.708,100392.568
2014-05-28 18:00:00,104343.137,107387.035,114303.0,98732.403
2014-05-28 19:00:00,100897.54,104343.137,109884.236,97480.758
2014-05-28 20:00:00,99484.005,100897.54,107564.935,97368.037
2014-05-28 21:00:00,96705.847,99484.005,104472.788,95706.867
2014-05-28 22:00:00,88734.414,96705.847,96109.897,88852.215
2014-05-28 23:00:00,80752.756,88734.414,87181.058,80787.227
2014-05-29 00:00:00,74316.129,80752.756,80203.879,74210.463
2014-05-29 01:00:00,70068.172,74316.129,75768.644,70244.775
2014-05-29 02:00:00,67490.666,70068.172,72953.182,67867.424
2014-05-29 03:00:00,66410.783,67490.666,71379.551,66574.374
2014-05-29 04:00:00,66829.851,66410.783,71730.372,67150.077
2014-05-29 05:00:00,70494.773,66829.851,75139.595,70968.317
2014-05-29 06:00:00,77094.695,70494.773,81980.819,77757.402
2014-05-29 07:00:00,82742.467,77094.695,88257.857,83726.642
2014-05-29 08:00:00,85606.778,82742.467,92722.437,87502.144
2014-05-29 09:00:00,88015.459,85606.778,95975.553,90640.447
2014-05-29 10:00:00,90302.627,88015.459,99745.473,93845.815
2014-05-29 11:00:00,91838.332,90302.627,102596.582,96233.587
2014-05-29 12:00:00,92941.483,91838.332,104771.583,97770.476
2014-05-29 13:00:00,94046.783,92941.483,107223.418,99386.165
2014-05-29 14:00:00,94633.006,94046.783,108299.522,100527.461
2014-05-29 15:00:00,94735.194,94633.006,108902.089,101222.472
2014-05-29 16:00:00,95099.72,94735.194,108833.503,101185.071
2014-05-29 17:00:00,95129.44,95099.72,107387.035,100147.741
2014-05-29 18:00:00,93989.305,95129.44,104343.137,97440.825
2014-05-29 19:00:00,92561.258,93989.305,100897.54,94981.647
2014-05-29 20:00:00,91979.992,92561.258,99484.005,94146.87
2014-05-29 21:00:00,90625.176,91979.992,96705.847,93372.441
2014-05-29 22:00:00,84504.413,90625.176,88734.414,86669.194
2014-05-29 23:00:00,77156.586,84504.413,80752.756,78347.755
2014-05-30 00:00:00,71289.374,77156.586,74316.129,71901.684
2014-05-30 01:00:00,67491.597,71289.374,70068.172,67841.722
2014-05-30 02:00:00,65296.777,67491.597,67490.666,65390.602
2014-05-30 03:00:00,64271.045,65296.777,66410.783,64345.763
2014-05-30 04:00:00,64862.306,64271.045,66829.851,64613.655
2014-05-30 05:00:00,68584.847,64862.306,70494.773,67997.629
2014-05-30 06:00:00,75026.503,68584.847,77094.695,73843.12
2014-05-30 07:00:00,80754.073,75026.503,82742.467,79893.592
2014-05-30 08:00:00,84188.579,80754.073,85606.778,83477.089
2014-05-30 09:00:00,86802.366,84188.579,88015.459,85984.809
2014-05-30 10:00:00,89219.466,86802.366,90302.627,87556.318
2014-05-30 11:00:00,91175.314,89219.466,91838.332,88706.207
2014-05-30 12:00:00,92540.939,91175.314,92941.483,89419.514
2014-05-30 13:00:00,94095.753,92540.939,94046.783,90349.155
2014-05-30 14:00:00,95101.33,94095.753,94633.006,90485.385
2014-05-30 15:00:00,96062.693,95101.33,94735.194,90479.834
2014-05-30 16:00:00,96979.44,96062.693,95099.72,90624.495
2014-05-30 17:00:00,96983.215,96979.44,95129.44,90038.652
2014-05-30 18:00:00,95237.71,96983.215,93989.305,87897.032
2014-05-30 19:00:00,92274.619,95237.71,92561.258,85352.757
2014-05-30 20:00:00,90688.122,92274.619,91979.992,84380.88
2014-05-30 21:00:00,89824.734,90688.122,90625.176,83920.562
2014-05-30 22:00:00,84746.461,89824.734,84504.413,78875.754
2014-05-30 23:00:00,77790.778,84746.461,77156.586,72290.466
2014-05-31 00:00:00,71237.605,77790.778,71289.374,67222.342
2014-05-31 01:00:00,66864.169,71237.605,67491.597,63428.736
2014-05-31 02:00:00,64379.175,66864.169,65296.777,61106.636
2014-05-31 03:00:00,62683.516,64379.175,64271.045,59912.037
2014-05-31 04:00:00,62298.46,62683.516,64862.306,59639.894
2014-05-31 05:00:00,62711.021,62298.46,68584.847,60341.257
2014-05-31 06:00:00,63543.631,62711.021,75026.503,60957.57
2014-05-31 07:00:00,67360.395,63543.631,80754.073,64296.08
2014-05-31 08:00:00,72861.043,67360.395,84188.579,68770.186
2014-05-31 09:00:00,77527.585,72861.043,86802.366,72633.758
2014-05-31 10:00:00,81495.31,77527.585,89219.466,75024.466
2014-05-31 11:00:00,83893.036,81495.31,91175.314,76286.005
2014-05-31 12:00:00,85716.467,83893.036,92540.939,76878.54
2014-05-31 13:00:00,87339.417,85716.467,94095.753,77302.595
2014-05-31 14:00:00,88474.64,87339.417,95101.33,77641.407
2014-05-31 15:00:00,90092.68,88474.64,96062.693,78449.77
2014-05-31 16:00:00,91815.694,90092.68,96979.44,79431.678
2014-05-31 17:00:00,92451.274,91815.694,96983.215,80194.674
2014-05-31 18:00:00,91823.566,92451.274,95237.71,79728.421
2014-05-31 19:00:00,89422.746,91823.566,92274.619,78296.18
2014-05-31 20:00:00,87152.713,89422.746,90688.122,78187.274
2014-05-31 21:00:00,86234.739,87152.713,89824.734,78557.799
2014-05-31 22:00:00,81638.093,86234.739,84746.461,74856.595
2014-05-31 23:00:00,75165.419,81638.093,77790.778,69361.186
2014-06-01 00:00:00,69112.307,75165.419,71237.605,64589.185
2014-06-01 01:00:00,64954.407,69112.307,66864.169,61314.404
2014-06-01 02:00:00,62443.396,64954.407,64379.175,59073.889
2014-06-01 03:00:00,60701.653,62443.396,62683.516,58045.585
2014-06-01 04:00:00,59961.212,60701.653,62298.46,57569.509
2014-06-01 05:00:00,59883.275,59961.212,62711.021,57748.072
2014-06-01 06:00:00,59806.394,59883.275,63543.631,57592.737
2014-06-01 07:00:00,62892.131,59806.394,67360.395,60583.724
2014-06-01 08:00:00,68183.743,62892.131,72861.043,65246.449
2014-06-01 09:00:00,73149.759,68183.743,77527.585,69678.005
2014-06-01 10:00:00,77100.208,73149.759,81495.31,72671.299
2014-06-01 11:00:00,80724.929,77100.208,83893.036,75131.897
2014-06-01 12:00:00,83773.644,80724.929,85716.467,77083.792
2014-06-01 13:00:00,86712.978,83773.644,87339.417,78649.305
2014-06-01 14:00:00,88914.705,86712.978,88474.64,80089.318
2014-06-01 15:00:00,91357.923,88914.705,90092.68,81659.405
2014-06-01 16:00:00,93949.764,91357.923,91815.694,83506.834
2014-06-01 17:00:00,96108.576,93949.764,92451.274,84699.765
2014-06-01 18:00:00,96616.319,96108.576,91823.566,84523.545
2014-06-01 19:00:00,94863.549,96616.319,89422.746,82408.547
2014-06-01 20:00:00,93728.044,94863.549,87152.713,81286.432
2014-06-01 21:00:00,93362.909,93728.044,86234.739,81418.876
2014-06-01 22:00:00,87783.937,93362.909,81638.093,77431.246
2014-06-01 23:00:00,80610.171,87783.937,75165.419,71939.301
2014-06-02 00:00:00,74459.359,80610.171,69112.307,66321.26
2014-06-02 01:00:00,70468.785,74459.359,64954.407,62824.127
2014-06-02 02:00:00,68311.562,70468.785,62443.396,60417.544
2014-06-02 03:00:00,67342.265,68311.562,60701.653,59311.692
2014-06-02 04:00:00,68026.125,67342.265,59961.212,58974.167
2014-06-02 05:00:00,71597.006,68026.125,59883.275,59728.359
2014-06-02 06:00:00,78435.821,71597.006,59806.394,60041.882
2014-06-02 07:00:00,85314.656,78435.821,62892.131,63183.883
2014-06-02 08:00:00,89820.73,85314.656,68183.743,68528.167
2014-06-02 09:00:00,93571.609,89820.73,73149.759,74343.14
2014-06-02 10:00:00,96959.381,93571.609,77100.208,79630.019
2014-06-02 11:00:00,99359.34,96959.381,80724.929,84147.019
2014-06-02 12:00:00,101751.943,99359.34,83773.644,87785.251
2014-06-02 13:00:00,103586.655,101751.943,86712.978,90631.611
2014-06-02 14:00:00,105508.219,103586.655,88914.705,93401.46
2014-06-02 15:00:00,107685.287,105508.219,91357.923,95976.061
2014-06-02 16:00:00,109672.98,107685.287,93949.764,97946.21
2014-06-02 17:00:00,110333.897,109672.98,96108.576,98982.945
2014-06-02 18:00:00,108884.466,110333.897,96616.319,98234.821
2014-06-02 19:00:00,105961.128,108884.466,94863.549,96891.843
2014-06-02 20:00:00,104139.189,105961.128,93728.044,97076.097
2014-06-02 21:00:00,102869.989,104139.189,93362.909,96766.956
2014-06-02 22:00:00,95618.882,102869.989,87783.937,90142.304
2014-06-02 23:00:00,86538.435,95618.882,80610.171,82350.782
2014-06-03 00:00:00,79434.616,86538.435,74459.359,75819.385
2014-06-03 01:00:00,74603.007,79434.616,70468.785,71730.363
2014-06-03 02:00:00,71874.179,74603.007,68311.562,69241.871
2014-06-03 03:00:00,70391.737,71874.179,67342.265,68151.341
2014-06-03 04:00:00,70708.039,70391.737,68026.125,68620.651
2014-06-03 05:00:00,74302.746,70708.039,71597.006,72673.257
2014-06-03 06:00:00,80792.414,74302.746,78435.821,79818.131
2014-06-03 07:00:00,87796.268,80792.414,85314.656,87408.069
2014-06-03 08:00:00,92781.772,87796.268,89820.73,93318.392
2014-06-03 09:00:00,97598.808,92781.772,93571.609,98671.671
2014-06-03 10:00:00,102713.765,97598.808,96959.381,104263.762
2014-06-03 11:00:00,106999.815,102713.765,99359.34,109032.599
2014-06-03 12:00:00,110796.818,106999.815,101751.943,112708.203
2014-06-03 13:00:00,113821.41,110796.818,103586.655,115722.65
2014-06-03 14:00:00,115509.082,113821.41,105508.219,117510.157
2014-06-03 15:00:00,117097.396,115509.082,107685.287,119025.749
2014-06-03 16:00:00,118593.734,117097.396,109672.98,119741.906
2014-06-03 17:00:00,118484.693,118593.734,110333.897,118493.708
2014-06-03 18:00:00,116325.667,118484.693,108884.466,114303.0
2014-06-03 19:00:00,113080.69,116325.667,105961.128,109884.236
2014-06-03 20:00:00,109925.324,113080.69,104139.189,107564.935
2014-06-03 21:00:00,107419.611,109925.324,102869.989,104472.788
2014-06-03 22:00:00,99324.761,107419.611,95618.882,96109.897
2014-06-03 23:00:00,89219.694,99324.761,86538.435,87181.058
2014-06-04 00:00:00,81292.19,89219.694,79434.616,80203.879
2014-06-04 01:00:00,76134.394,81292.19,74603.007,75768.644
2014-06-04 02:00:00,72645.287,76134.394,71874.179,72953.182
2014-06-04 03:00:00,71068.226,72645.287,70391.737,71379.551
2014-06-04 04:00:00,71178.621,71068.226,70708.039,71730.372
2014-06-04 05:00:00,74407.519,71178.621,74302.746,75139.595
2014-06-04 06:00:00,80815.432,74407.519,80792.414,81980.819
2014-06-04 07:00:00,87676.206,80815.432,87796.268,88257.857
2014-06-04 08:00:00,92604.417,87676.206,92781.772,92722.437
2014-06-04 09:00:00,96552.912,92604.417,97598.808,95975.553
2014-06-04 10:00:00,100383.167,96552.912,102713.765,99745.473
2014-06-04 11:00:00,103336.429,100383.167,106999.815,102596.582
2014-06-04 12:00:00,105473.595,103336.429,110796.818,104771.583
2014-06-04 13:00:00,107233.128,105473.595,113821.41,107223.418
2014-06-04 14:00:00,108257.796,107233.128,115509.082,108299.522
2014-06-04 15:00:00,109065.896,108257.796,117097.396,108902.089
2014-06-04 16:00:00,109307.36,109065.896,118593.734,108833.503
2014-06-04 17:00:00,108209.67,109307.36,118484.693,107387.035
2014-06-04 18:00:00,105612.738,108209.67,116325.667,104343.137
2014-06-04 19:00:00,102689.164,105612.738,113080.69,100897.54
2014-06-04 20:00:00,101760.97,102689.164,109925.324,99484.005
2014-06-04 21:00:00,99285.012,101760.97,107419.611,96705.847
2014-06-04 22:00:00,92102.769,99285.012,99324.761,88734.414
2014-06-04 23:00:00,84030.016,92102.769,89219.694,80752.756
2014-06-05 00:00:00,77431.918,84030.016,81292.19,74316.129
2014-06-05 01:00:00,73090.064,77431.918,76134.394,70068.172
2014-06-05 02:00:00,70483.811,73090.064,72645.287,67490.666
2014-06-05 03:00:00,69077.919,70483.811,71068.226,66410.783
2014-06-05 04:00:00,69452.292,69077.919,71178.621,66829.851
2014-06-05 05:00:00,72940.259,69452.292,74407.519,70494.773
2014-06-05 06:00:00,78916.368,72940.259,80815.432,77094.695
2014-06-05 07:00:00,84797.407,78916.368,87676.206,82742.467
2014-06-05 08:00:00,88322.331,84797.407,92604.417,85606.778
2014-06-05 09:00:00,91057.04,88322.331,96552.912,88015.459
2014-06-05 10:00:00,93561.927,91057.04,100383.167,90302.627
2014-06-05 11:00:00,95567.709,93561.927,103336.429,91838.332
2014-06-05 12:00:00,96641.784,95567.709,105473.595,92941.483
2014-06-05 13:00:00,98052.793,96641.784,107233.128,94046.783
2014-06-05 14:00:00,99006.92,98052.793,108257.796,94633.006
2014-06-05 15:00:00,100163.208,99006.92,109065.896,94735.194
2014-06-05 16:00:00,101145.163,100163.208,109307.36,95099.72
2014-06-05 17:00:00,101211.424,101145.163,108209.67,95129.44
2014-06-05 18:00:00,99482.734,101211.424,105612.738,93989.305
2014-06-05 19:00:00,96723.703,99482.734,102689.164,92561.258
2014-06-05 20:00:00,94619.309,96723.703,101760.97,91979.992
2014-06-05 21:00:00,93828.243,94619.309,99285.012,90625.176
2014-06-05 22:00:00,87687.474,93828.243,92102.769,84504.413
2014-06-05 23:00:00,79648.692,87687.474,84030.016,77156.586
2014-06-06 00:00:00,72818.977,79648.692,77431.918,71289.374
2014-06-06 01:00:00,68770.934,72818.977,73090.064,67491.597
2014-06-06 02:00:00,66140.001,68770.934,70483.811,65296.777
2014-06-06 03:00:00,64809.97,66140.001,69077.919,64271.045
2014-06-06 04:00:00,65363.361,64809.97,69452.292,64862.306
2014-06-06 05:00:00,68362.831,65363.361,72940.259,68584.847
2014-06-06 06:00:00,73916.355,68362.831,78916.368,75026.503
2014-06-06 07:00:00,80201.71,73916.355,84797.407,80754.073
2014-06-06 08:00:00,84599.366,80201.71,88322.331,84188.579
2014-06-06 09:00:00,88095.227,84599.366,91057.04,86802.366
2014-06-06 10:00:00,90914.106,88095.227,93561.927,89219.466
2014-06-06 11:00:00,93206.996,90914.106,95567.709,91175.314
2014-06-06 12:00:00,94777.833,93206.996,96641.784,92540.939
2014-06-06 13:00:00,96749.99,94777.833,98052.793,94095.753
2014-06-06 14:00:00,98337.963,96749.99,99006.92,95101.33
2014-06-06 15:00:00,99943.36,98337.963,100163.208,96062.693
2014-06-06 16:00:00,101420.884,99943.36,101145.163,96979.44
2014-06-06 17:00:00,101660.18,101420.884,101211.424,96983.215
2014-06-06 18:00:00,99727.625,101660.18,99482.734,95237.71
2014-06-06 19:00:00,96265.463,99727.625,96723.703,92274.619
2014-06-06 20:00:00,93040.481,96265.463,94619.309,90688.122
2014-06-06 21:00:00,91572.791,93040.481,93828.243,89824.734
2014-06-06 22:00:00,86215.415,91572.791,87687.474,84746.461
2014-06-06 23:00:00,78818.336,86215.415,79648.692,77790.778
2014-06-07 00:00:00,72109.617,78818.336,72818.977,71237.605
2014-06-07 01:00:00,67641.461,72109.617,68770.934,66864.169
2014-06-07 02:00:00,64671.249,67641.461,66140.001,64379.175
2014-06-07 03:00:00,62884.96,64671.249,64809.97,62683.516
2014-06-07 04:00:00,62474.87,62884.96,65363.361,62298.46
2014-06-07 05:00:00,62861.084,62474.87,68362.831,62711.021
2014-06-07 06:00:00,63792.837,62861.084,73916.355,63543.631
2014-06-07 07:00:00,68357.403,63792.837,80201.71,67360.395
2014-06-07 08:00:00,74170.607,68357.403,84599.366,72861.043
2014-06-07 09:00:00,79378.811,74170.607,88095.227,77527.585
2014-06-07 10:00:00,83743.537,79378.811,90914.106,81495.31
2014-06-07 11:00:00,86874.501,83743.537,93206.996,83893.036
2014-06-07 12:00:00,89314.167,86874.501,94777.833,85716.467
2014-06-07 13:00:00,91485.488,89314.167,96749.99,87339.417
2014-06-07 14:00:00,93554.763,91485.488,98337.963,88474.64
2014-06-07 15:00:00,95839.802,93554.763,99943.36,90092.68
2014-06-07 16:00:00,97796.14,95839.802,101420.884,91815.694
2014-06-07 17:00:00,98811.231,97796.14,101660.18,92451.274
2014-06-07 18:00:00,97505.821,98811.231,99727.625,91823.566
2014-06-07 19:00:00,94534.019,97505.821,96265.463,89422.746
2014-06-07 20:00:00,91860.049,94534.019,93040.481,87152.713
2014-06-07 21:00:00,91054.991,91860.049,91572.791,86234.739
2014-06-07 22:00:00,85989.889,91054.991,86215.415,81638.093
2014-06-07 23:00:00,79150.89,85989.889,78818.336,75165.419
2014-06-08 00:00:00,72804.776,79150.89,72109.617,69112.307
2014-06-08 01:00:00,68163.804,72804.776,67641.461,64954.407
2014-06-08 02:00:00,65351.13,68163.804,64671.249,62443.396
2014-06-08 03:00:00,63349.869,65351.13,62884.96,60701.653
2014-06-08 04:00:00,62542.414,63349.869,62474.87,59961.212
2014-06-08 05:00:00,62247.085,62542.414,62861.084,59883.275
2014-06-08 06:00:00,62524.881,62247.085,63792.837,59806.394
2014-06-08 07:00:00,65280.865,62524.881,68357.403,62892.131
2014-06-08 08:00:00,70982.656,65280.865,74170.607,68183.743
2014-06-08 09:00:00,76833.188,70982.656,79378.811,73149.759
2014-06-08 10:00:00,81823.506,76833.188,83743.537,77100.208
2014-06-08 11:00:00,85659.431,81823.506,86874.501,80724.929
2014-06-08 12:00:00,88687.876,85659.431,89314.167,83773.644
2014-06-08 13:00:00,90620.807,88687.876,91485.488,86712.978
2014-06-08 14:00:00,91871.803,90620.807,93554.763,88914.705
2014-06-08 15:00:00,92786.404,91871.803,95839.802,91357.923
2014-06-08 16:00:00,93516.805,92786.404,97796.14,93949.764
2014-06-08 17:00:00,93709.401,93516.805,98811.231,96108.576
2014-06-08 18:00:00,92507.751,93709.401,97505.821,96616.319
2014-06-08 19:00:00,90814.889,92507.751,94534.019,94863.549
2014-06-08 20:00:00,90489.385,90814.889,91860.049,93728.044
2014-06-08 21:00:00,90183.598,90489.385,91054.991,93362.909
2014-06-08 22:00:00,85254.57,90183.598,85989.889,87783.937
2014-06-08 23:00:00,78664.18,85254.57,79150.89,80610.171
2014-06-09 00:00:00,73086.375,78664.18,72804.776,74459.359
2014-06-09 01:00:00,69627.592,73086.375,68163.804,70468.785
2014-06-09 02:00:00,67388.696,69627.592,65351.13,68311.562
2014-06-09 03:00:00,66698.495,67388.696,63349.869,67342.265
2014-06-09 04:00:00,67444.101,66698.495,62542.414,68026.125
2014-06-09 05:00:00,71464.099,67444.101,62247.085,71597.006
2014-06-09 06:00:00,77631.184,71464.099,62524.881,78435.821
2014-06-09 07:00:00,84243.897,77631.184,65280.865,85314.656
2014-06-09 08:00:00,89279.707,84243.897,70982.656,89820.73
2014-06-09 09:00:00,93021.445,89279.707,76833.188,93571.609
2014-06-09 10:00:00,96825.47,93021.445,81823.506,96959.381
2014-06-09 11:00:00,99419.522,96825.47,85659.431,99359.34
2014-06-09 12:00:00,101463.367,99419.522,88687.876,101751.943
2014-06-09 13:00:00,103592.201,101463.367,90620.807,103586.655
2014-06-09 14:00:00,104728.287,103592.201,91871.803,105508.219
2014-06-09 15:00:00,105717.895,104728.287,92786.404,107685.287
2014-06-09 16:00:00,106468.023,105717.895,93516.805,109672.98
2014-06-09 17:00:00,106240.203,106468.023,93709.401,110333.897
2014-06-09 18:00:00,104668.973,106240.203,92507.751,108884.466
2014-06-09 19:00:00,102017.39,104668.973,90814.889,105961.128
2014-06-09 20:00:00,100899.312,102017.39,90489.385,104139.189
2014-06-09 21:00:00,99791.474,100899.312,90183.598,102869.989
2014-06-09 22:00:00,93174.114,99791.474,85254.57,95618.882
2014-06-09 23:00:00,84965.469,93174.114,78664.18,86538.435
2014-06-10 00:00:00,78278.996,84965.469,73086.375,79434.616
2014-06-10 01:00:00,74223.61,78278.996,69627.592,74603.007
2014-06-10 02:00:00,71715.392,74223.61,67388.696,71874.179
2014-06-10 03:00:00,70408.775,71715.392,66698.495,70391.737
2014-06-10 04:00:00,71109.586,70408.775,67444.101,70708.039
2014-06-10 05:00:00,74878.355,71109.586,71464.099,74302.746
2014-06-10 06:00:00,81318.719,74878.355,77631.184,80792.414
2014-06-10 07:00:00,87403.753,81318.719,84243.897,87796.268
2014-06-10 08:00:00,91958.413,87403.753,89279.707,92781.772
2014-06-10 09:00:00,95523.326,91958.413,93021.445,97598.808
2014-06-10 10:00:00,99381.016,95523.326,96825.47,102713.765
2014-06-10 11:00:00,102598.391,99381.016,99419.522,106999.815
2014-06-10 12:00:00,105194.877,102598.391,101463.367,110796.818
2014-06-10 13:00:00,107573.874,105194.877,103592.201,113821.41
2014-06-10 14:00:00,109529.681,107573.874,104728.287,115509.082
2014-06-10 15:00:00,110790.728,109529.681,105717.895,117097.396
2014-06-10 16:00:00,111607.783,110790.728,106468.023,118593.734
2014-06-10 17:00:00,111191.339,111607.783,106240.203,118484.693
2014-06-10 18:00:00,108909.52,111191.339,104668.973,116325.667
2014-06-10 19:00:00,106475.227,108909.52,102017.39,113080.69
2014-06-10 20:00:00,104992.852,106475.227,100899.312,109925.324
2014-06-10 21:00:00,103429.42,104992.852,99791.474,107419.611
2014-06-10 22:00:00,96169.405,103429.42,93174.114,99324.761
2014-06-10 23:00:00,87728.141,96169.405,84965.469,89219.694
2014-06-11 00:00:00,80531.485,87728.141,78278.996,81292.19
2014-06-11 01:00:00,76060.164,80531.485,74223.61,76134.394
2014-06-11 02:00:00,73303.869,76060.164,71715.392,72645.287
2014-06-11 03:00:00,71893.238,73303.869,70408.775,71068.226
2014-06-11 04:00:00,72344.597,71893.238,71109.586,71178.621
2014-06-11 05:00:00,75885.632,72344.597,74878.355,74407.519
2014-06-11 06:00:00,81987.382,75885.632,81318.719,80815.432
2014-06-11 07:00:00,88091.169,81987.382,87403.753,87676.206
2014-06-11 08:00:00,92329.922,88091.169,91958.413,92604.417
2014-06-11 09:00:00,95574.395,92329.922,95523.326,96552.912
2014-06-11 10:00:00,99034.399,95574.395,99381.016,100383.167
2014-06-11 11:00:00,101790.901,99034.399,102598.391,103336.429
2014-06-11 12:00:00,103815.881,101790.901,105194.877,105473.595
2014-06-11 13:00:00,105834.962,103815.881,107573.874,107233.128
2014-06-11 14:00:00,106778.516,105834.962,109529.681,108257.796
2014-06-11 15:00:00,107076.55,106778.516,110790.728,109065.896
2014-06-11 16:00:00,106849.093,107076.55,111607.783,109307.36
2014-06-11 17:00:00,105504.084,106849.093,111191.339,108209.67
2014-06-11 18:00:00,102540.161,105504.084,108909.52,105612.738
2014-06-11 19:00:00,99839.797,102540.161,106475.227,102689.164
2014-06-11 20:00:00,98675.935,99839.797,104992.852,101760.97
2014-06-11 21:00:00,96914.943,98675.935,103429.42,99285.012
2014-06-11 22:00:00,90760.684,96914.943,96169.405,92102.769
2014-06-11 23:00:00,83344.385,90760.684,87728.141,84030.016
2014-06-12 00:00:00,76856.254,83344.385,80531.485,77431.918
2014-06-12 01:00:00,72831.225,76856.254,76060.164,73090.064
2014-06-12 02:00:00,70475.027,72831.225,73303.869,70483.811
2014-06-12 03:00:00,69356.178,70475.027,71893.238,69077.919
2014-06-12 04:00:00,69920.983,69356.178,72344.597,69452.292
2014-06-12 05:00:00,73648.565,69920.983,75885.632,72940.259
2014-06-12 06:00:00,80084.499,73648.565,81987.382,78916.368
2014-06-12 07:00:00,86177.735,80084.499,88091.169,84797.407
2014-06-12 08:00:00,90523.183,86177.735,92329.922,88322.331
2014-06-12 09:00:00,94075.783,90523.183,95574.395,91057.04
2014-06-12 10:00:00,97477.701,94075.783,99034.399,93561.927
2014-06-12 11:00:00,99678.627,97477.701,101790.901,95567.709
2014-06-12 12:00:00,101317.783,99678.627,103815.881,96641.784
2014-06-12 13:00:00,102983.563,101317.783,105834.962,98052.793
2014-06-12 14:00:00,104074.567,102983.563,106778.516,99006.92
2014-06-12 15:00:00,104222.974,104074.567,107076.55,100163.208
2014-06-12 16:00:00,104079.862,104222.974,106849.093,101145.163
2014-06-12 17:00:00,103837.073,104079.862,105504.084,101211.424
2014-06-12 18:00:00,102133.52,103837.073,102540.161,99482.734
2014-06-12 19:00:00,100099.526,102133.52,99839.797,96723.703
2014-06-12 20:00:00,99204.457,100099.526,98675.935,94619.309
2014-06-12 21:00:00,98315.742,99204.457,96914.943,93828.243
2014-06-12 22:00:00,92677.267,98315.742,90760.684,87687.474
2014-06-12 23:00:00,84956.436,92677.267,83344.385,79648.692
2014-06-13 00:00:00,78321.386,84956.436,76856.254,72818.977
2014-06-13 01:00:00,73997.787,78321.386,72831.225,68770.934
2014-06-13 02:00:00,71377.559,73997.787,70475.027,66140.001
2014-06-13 03:00:00,70090.25,71377.559,69356.178,64809.97
2014-06-13 04:00:00,70396.26,70090.25,69920.983,65363.361
2014-06-13 05:00:00,73974.923,70396.26,73648.565,68362.831
2014-06-13 06:00:00,79446.361,73974.923,80084.499,73916.355
2014-06-13 07:00:00,86298.092,79446.361,86177.735,80201.71
2014-06-13 08:00:00,91306.596,86298.092,90523.183,84599.366
2014-06-13 09:00:00,95404.618,91306.596,94075.783,88095.227
2014-06-13 10:00:00,99421.458,95404.618,97477.701,90914.106
2014-06-13 11:00:00,102620.453,99421.458,99678.627,93206.996
2014-06-13 12:00:00,104769.369,102620.453,101317.783,94777.833
2014-06-13 13:00:00,106345.338,104769.369,102983.563,96749.99
2014-06-13 14:00:00,106974.623,106345.338,104074.567,98337.963
2014-06-13 15:00:00,106641.123,106974.623,104222.974,99943.36
2014-06-13 16:00:00,106497.902,106641.123,104079.862,101420.884
2014-06-13 17:00:00,104866.784,106497.902,103837.073,101660.18
2014-06-13 18:00:00,101432.771,104866.784,102133.52,99727.625
2014-06-13 19:00:00,97801.085,101432.771,100099.526,96265.463
2014-06-13 20:00:00,95081.299,97801.085,99204.457,93040.481
2014-06-13 21:00:00,93419.979,95081.299,98315.742,91572.791
2014-06-13 22:00:00,88348.969,93419.979,92677.267,86215.415
2014-06-13 23:00:00,81106.326,88348.969,84956.436,78818.336
2014-06-14 00:00:00,74687.422,81106.326,78321.386,72109.617
2014-06-14 01:00:00,70182.811,74687.422,73997.787,67641.461
2014-06-14 02:00:00,67183.45,70182.811,71377.559,64671.249
2014-06-14 03:00:00,65233.08,67183.45,70090.25,62884.96
2014-06-14 04:00:00,64504.003,65233.08,70396.26,62474.87
2014-06-14 05:00:00,64882.355,64504.003,73974.923,62861.084
2014-06-14 06:00:00,65694.241,64882.355,79446.361,63792.837
2014-06-14 07:00:00,69798.543,65694.241,86298.092,68357.403
2014-06-14 08:00:00,75344.08,69798.543,91306.596,74170.607
2014-06-14 09:00:00,79979.742,75344.08,95404.618,79378.811
2014-06-14 10:00:00,83202.634,79979.742,99421.458,83743.537
2014-06-14 11:00:00,84842.624,83202.634,102620.453,86874.501
2014-06-14 12:00:00,85851.054,84842.624,104769.369,89314.167
2014-06-14 13:00:00,86506.403,85851.054,106345.338,91485.488
2014-06-14 14:00:00,86916.975,86506.403,106974.623,93554.763
2014-06-14 15:00:00,87824.061,86916.975,106641.123,95839.802
2014-06-14 16:00:00,88668.42,87824.061,106497.902,97796.14
2014-06-14 17:00:00,89216.049,88668.42,104866.784,98811.231
2014-06-14 18:00:00,88085.957,89216.049,101432.771,97505.821
2014-06-14 19:00:00,85809.769,88085.957,97801.085,94534.019
2014-06-14 20:00:00,83777.087,85809.769,95081.299,91860.049
2014-06-14 21:00:00,83430.99,83777.087,93419.979,91054.991
2014-06-14 22:00:00,79595.304,83430.99,88348.969,85989.889
2014-06-14 23:00:00,73629.253,79595.304,81106.326,79150.89
2014-06-15 00:00:00,68144.089,73629.253,74687.422,72804.776
2014-06-15 01:00:00,64149.847,68144.089,70182.811,68163.804
2014-06-15 02:00:00,61761.444,64149.847,67183.45,65351.13
2014-06-15 03:00:00,60258.074,61761.444,65233.08,63349.869
2014-06-15 04:00:00,59605.299,60258.074,64504.003,62542.414
2014-06-15 05:00:00,59343.481,59605.299,64882.355,62247.085
2014-06-15 06:00:00,59357.597,59343.481,65694.241,62524.881
2014-06-15 07:00:00,62505.043,59357.597,69798.543,65280.865
2014-06-15 08:00:00,67542.404,62505.043,75344.08,70982.656
2014-06-15 09:00:00,72481.885,67542.404,79979.742,76833.188
2014-06-15 10:00:00,75957.807,72481.885,83202.634,81823.506
2014-06-15 11:00:00,79220.524,75957.807,84842.624,85659.431
2014-06-15 12:00:00,81977.161,79220.524,85851.054,88687.876
2014-06-15 13:00:00,84907.015,81977.161,86506.403,90620.807
2014-06-15 14:00:00,87869.006,84907.015,86916.975,91871.803
2014-06-15 15:00:00,91335.098,87869.006,87824.061,92786.404
2014-06-15 16:00:00,94999.597,91335.098,88668.42,93516.805
2014-06-15 17:00:00,97671.883,94999.597,89216.049,93709.401
2014-06-15 18:00:00,98294.453,97671.883,88085.957,92507.751
2014-06-15 19:00:00,97220.061,98294.453,85809.769,90814.889
2014-06-15 20:00:00,95794.729,97220.061,83777.087,90489.385
2014-06-15 21:00:00,95791.145,95794.729,83430.99,90183.598
2014-06-15 22:00:00,91085.465,95791.145,79595.304,85254.57
2014-06-15 23:00:00,83757.865,91085.465,73629.253,78664.18
2014-06-16 00:00:00,76946.573,83757.865,68144.089,73086.375
2014-06-16 01:00:00,72448.595,76946.573,64149.847,69627.592
2014-06-16 02:00:00,69739.66,72448.595,61761.444,67388.696
2014-06-16 03:00:00,68191.969,69739.66,60258.074,66698.495
2014-06-16 04:00:00,68995.42,68191.969,59605.299,67444.101
2014-06-16 05:00:00,72252.995,68995.42,59343.481,71464.099
2014-06-16 06:00:00,77913.85,72252.995,59357.597,77631.184
2014-06-16 07:00:00,85645.325,77913.85,62505.043,84243.897
2014-06-16 08:00:00,92941.425,85645.325,67542.404,89279.707
2014-06-16 09:00:00,99725.708,92941.425,72481.885,93021.445
2014-06-16 10:00:00,106506.444,99725.708,75957.807,96825.47
2014-06-16 11:00:00,112465.925,106506.444,79220.524,99419.522
2014-06-16 12:00:00,117227.986,112465.925,81977.161,101463.367
2014-06-16 13:00:00,121348.846,117227.986,84907.015,103592.201
2014-06-16 14:00:00,124233.478,121348.846,87869.006,104728.287
2014-06-16 15:00:00,126434.096,124233.478,91335.098,105717.895
2014-06-16 16:00:00,128255.961,126434.096,94999.597,106468.023
2014-06-16 17:00:00,128927.607,128255.961,97671.883,106240.203
2014-06-16 18:00:00,126931.646,128927.607,98294.453,104668.973
2014-06-16 19:00:00,122576.632,126931.646,97220.061,102017.39
2014-06-16 20:00:00,119101.901,122576.632,95794.729,100899.312
2014-06-16 21:00:00,116527.818,119101.901,95791.145,99791.474
2014-06-16 22:00:00,108830.181,116527.818,91085.465,93174.114
2014-06-16 23:00:00,98726.576,108830.181,83757.865,84965.469
2014-06-17 00:00:00,90653.136,98726.576,76946.573,78278.996
2014-06-17 01:00:00,84989.645,90653.136,72448.595,74223.61
2014-06-17 02:00:00,81251.024,84989.645,69739.66,71715.392
2014-06-17 03:00:00,79143.326,81251.024,68191.969,70408.775
2014-06-17 04:00:00,79089.957,79143.326,68995.42,71109.586
2014-06-17 05:00:00,81936.267,79089.957,72252.995,74878.355
2014-06-17 06:00:00,87972.866,81936.267,77913.85,81318.719
2014-06-17 07:00:00,95795.291,87972.866,85645.325,87403.753
2014-06-17 08:00:00,103143.925,95795.291,92941.425,91958.413
2014-06-17 09:00:00,110464.609,103143.925,99725.708,95523.326
2014-06-17 10:00:00,117559.957,110464.609,106506.444,99381.016
2014-06-17 11:00:00,124438.887,117559.957,112465.925,102598.391
2014-06-17 12:00:00,129665.623,124438.887,117227.986,105194.877
2014-06-17 13:00:00,134138.791,129665.623,121348.846,107573.874
2014-06-17 14:00:00,137315.363,134138.791,124233.478,109529.681
2014-06-17 15:00:00,139608.44,137315.363,126434.096,110790.728
2014-06-17 16:00:00,141356.638,139608.44,128255.961,111607.783
2014-06-17 17:00:00,141677.933,141356.638,128927.607,111191.339
2014-06-17 18:00:00,139203.296,141677.933,126931.646,108909.52
2014-06-17 19:00:00,135723.202,139203.296,122576.632,106475.227
2014-06-17 20:00:00,131500.751,135723.202,119101.901,104992.852
2014-06-17 21:00:00,128670.353,131500.751,116527.818,103429.42
2014-06-17 22:00:00,120357.109,128670.353,108830.181,96169.405
2014-06-17 23:00:00,109823.813,120357.109,98726.576,87728.141
2014-06-18 00:00:00,100736.98,109823.813,90653.136,80531.485
2014-06-18 01:00:00,94584.367,100736.98,84989.645,76060.164
2014-06-18 02:00:00,90359.719,94584.367,81251.024,73303.869
2014-06-18 03:00:00,87661.181,90359.719,79143.326,71893.238
2014-06-18 04:00:00,86903.727,87661.181,79089.957,72344.597
2014-06-18 05:00:00,89473.319,86903.727,81936.267,75885.632
2014-06-18 06:00:00,94813.037,89473.319,87972.866,81987.382
2014-06-18 07:00:00,102575.731,94813.037,95795.291,88091.169
2014-06-18 08:00:00,109701.589,102575.731,103143.925,92329.922
2014-06-18 09:00:00,116612.287,109701.589,110464.609,95574.395
2014-06-18 10:00:00,123407.519,116612.287,117559.957,99034.399
2014-06-18 11:00:00,128651.508,123407.519,124438.887,101790.901
2014-06-18 12:00:00,131954.786,128651.508,129665.623,103815.881
2014-06-18 13:00:00,134237.737,131954.786,134138.791,105834.962
2014-06-18 14:00:00,136206.178,134237.737,137315.363,106778.516
2014-06-18 15:00:00,138322.768,136206.178,139608.44,107076.55
2014-06-18 16:00:00,139517.273,138322.768,141356.638,106849.093
2014-06-18 17:00:00,139072.917,139517.273,141677.933,105504.084
2014-06-18 18:00:00,136293.727,139072.917,139203.296,102540.161
2014-06-18 19:00:00,131446.746,136293.727,135723.202,99839.797
2014-06-18 20:00:00,126616.963,131446.746,131500.751,98675.935
2014-06-18 21:00:00,122611.166,126616.963,128670.353,96914.943
2014-06-18 22:00:00,113278.109,122611.166,120357.109,90760.684
2014-06-18 23:00:00,102616.223,113278.109,109823.813,83344.385
2014-06-19 00:00:00,93927.343,102616.223,100736.98,76856.254
2014-06-19 01:00:00,87755.238,93927.343,94584.367,72831.225
2014-06-19 02:00:00,83776.9,87755.238,90359.719,70475.027
2014-06-19 03:00:00,81235.965,83776.9,87661.181,69356.178
2014-06-19 04:00:00,80801.6,81235.965,86903.727,69920.983
2014-06-19 05:00:00,83868.422,80801.6,89473.319,73648.565
2014-06-19 06:00:00,89287.087,83868.422,94813.037,80084.499
2014-06-19 07:00:00,95900.351,89287.087,102575.731,86177.735
2014-06-19 08:00:00,101346.766,95900.351,109701.589,90523.183
2014-06-19 09:00:00,105954.164,101346.766,116612.287,94075.783
2014-06-19 10:00:00,110000.772,105954.164,123407.519,97477.701
2014-06-19 11:00:00,113188.793,110000.772,128651.508,99678.627
2014-06-19 12:00:00,115805.205,113188.793,131954.786,101317.783
2014-06-19 13:00:00,118228.423,115805.205,134237.737,102983.563
2014-06-19 14:00:00,119421.785,118228.423,136206.178,104074.567
2014-06-19 15:00:00,119781.083,119421.785,138322.768,104222.974
2014-06-19 16:00:00,119165.388,119781.083,139517.273,104079.862
2014-06-19 17:00:00,117234.789,119165.388,139072.917,103837.073
2014-06-19 18:00:00,114196.606,117234.789,136293.727,102133.52
2014-06-19 19:00:00,110463.487,114196.606,131446.746,100099.526
2014-06-19 20:00:00,107411.374,110463.487,126616.963,99204.457
2014-06-19 21:00:00,106160.149,107411.374,122611.166,98315.742
2014-06-19 22:00:00,99697.757,106160.149,113278.109,92677.267
2014-06-19 23:00:00,91026.52,99697.757,102616.223,84956.436
2014-06-20 00:00:00,83368.208,91026.52,93927.343,78321.386
2014-06-20 01:00:00,78391.479,83368.208,87755.238,73997.787
2014-06-20 02:00:00,75046.542,78391.479,83776.9,71377.559
2014-06-20 03:00:00,73384.704,75046.542,81235.965,70090.25
2014-06-20 04:00:00,73342.371,73384.704,80801.6,70396.26
2014-06-20 05:00:00,75756.104,73342.371,83868.422,73974.923
2014-06-20 06:00:00,80629.54,75756.104,89287.087,79446.361
2014-06-20 07:00:00,86870.347,80629.54,95900.351,86298.092
2014-06-20 08:00:00,92313.081,86870.347,101346.766,91306.596
2014-06-20 09:00:00,97245.041,92313.081,105954.164,95404.618
2014-06-20 10:00:00,101927.644,97245.041,110000.772,99421.458
2014-06-20 11:00:00,105804.378,101927.644,113188.793,102620.453
2014-06-20 12:00:00,109227.72,105804.378,115805.205,104769.369
2014-06-20 13:00:00,112407.226,109227.72,118228.423,106345.338
2014-06-20 14:00:00,114451.948,112407.226,119421.785,106974.623
2014-06-20 15:00:00,115435.533,114451.948,119781.083,106641.123
2014-06-20 16:00:00,116056.07,115435.533,119165.388,106497.902
2014-06-20 17:00:00,114982.677,116056.07,117234.789,104866.784
2014-06-20 18:00:00,111748.337,114982.677,114196.606,101432.771
2014-06-20 19:00:00,106897.704,111748.337,110463.487,97801.085
2014-06-20 20:00:00,102994.766,106897.704,107411.374,95081.299
2014-06-20 21:00:00,100650.045,102994.766,106160.149,93419.979
2014-06-20 22:00:00,94987.621,100650.045,99697.757,88348.969
2014-06-20 23:00:00,87119.279,94987.621,91026.52,81106.326
2014-06-21 00:00:00,80203.288,87119.279,83368.208,74687.422
2014-06-21 01:00:00,75313.629,80203.288,78391.479,70182.811
2014-06-21 02:00:00,72182.499,75313.629,75046.542,67183.45
2014-06-21 03:00:00,70281.008,72182.499,73384.704,65233.08
2014-06-21 04:00:00,69427.642,70281.008,73342.371,64504.003
2014-06-21 05:00:00,69741.416,69427.642,75756.104,64882.355
2014-06-21 06:00:00,70994.617,69741.416,80629.54,65694.241
2014-06-21 07:00:00,74265.602,70994.617,86870.347,69798.543
2014-06-21 08:00:00,78928.009,74265.602,92313.081,75344.08
2014-06-21 09:00:00,83695.143,78928.009,97245.041,79979.742
2014-06-21 10:00:00,87656.509,83695.143,101927.644,83202.634
2014-06-21 11:00:00,90600.839,87656.509,105804.378,84842.624
2014-06-21 12:00:00,93135.542,90600.839,109227.72,85851.054
2014-06-21 13:00:00,95226.834,93135.542,112407.226,86506.403
2014-06-21 14:00:00,97103.17,95226.834,114451.948,86916.975
2014-06-21 15:00:00,98381.991,97103.17,115435.533,87824.061
2014-06-21 16:00:00,99437.493,98381.991,116056.07,88668.42
2014-06-21 17:00:00,99425.956,99437.493,114982.677,89216.049
2014-06-21 18:00:00,97571.357,99425.956,111748.337,88085.957
2014-06-21 19:00:00,94932.388,97571.357,106897.704,85809.769
2014-06-21 20:00:00,92501.481,94932.388,102994.766,83777.087
2014-06-21 21:00:00,91935.508,92501.481,100650.045,83430.99
2014-06-21 22:00:00,87745.923,91935.508,94987.621,79595.304
2014-06-21 23:00:00,81429.338,87745.923,87119.279,73629.253
2014-06-22 00:00:00,75340.317,81429.338,80203.288,68144.089
2014-06-22 01:00:00,70966.83,75340.317,75313.629,64149.847
2014-06-22 02:00:00,68121.733,70966.83,72182.499,61761.444
2014-06-22 03:00:00,66136.847,68121.733,70281.008,60258.074
2014-06-22 04:00:00,65238.117,66136.847,69427.642,59605.299
2014-06-22 05:00:00,64898.947,65238.117,69741.416,59343.481
2014-06-22 06:00:00,64891.696,64898.947,70994.617,59357.597
2014-06-22 07:00:00,67765.688,64891.696,74265.602,62505.043
2014-06-22 08:00:00,72760.944,67765.688,78928.009,67542.404
2014-06-22 09:00:00,78113.711,72760.944,83695.143,72481.885
2014-06-22 10:00:00,82955.506,78113.711,87656.509,75957.807
2014-06-22 11:00:00,87722.972,82955.506,90600.839,79220.524
2014-06-22 12:00:00,91705.119,87722.972,93135.542,81977.161
2014-06-22 13:00:00,95264.532,91705.119,95226.834,84907.015
2014-06-22 14:00:00,98059.554,95264.532,97103.17,87869.006
2014-06-22 15:00:00,100453.648,98059.554,98381.991,91335.098
2014-06-22 16:00:00,102504.452,100453.648,99437.493,94999.597
2014-06-22 17:00:00,104023.984,102504.452,99425.956,97671.883
2014-06-22 18:00:00,103269.432,104023.984,97571.357,98294.453
2014-06-22 19:00:00,100730.578,103269.432,94932.388,97220.061
2014-06-22 20:00:00,98086.992,100730.578,92501.481,95794.729
2014-06-22 21:00:00,97538.87,98086.992,91935.508,95791.145
2014-06-22 22:00:00,92051.046,97538.87,87745.923,91085.465
2014-06-22 23:00:00,84686.226,92051.046,81429.338,83757.865
2014-06-23 00:00:00,77877.119,84686.226,75340.317,76946.573
2014-06-23 01:00:00,73329.116,77877.119,70966.83,72448.595
2014-06-23 02:00:00,70832.503,73329.116,68121.733,69739.66
2014-06-23 03:00:00,69330.573,70832.503,66136.847,68191.969
2014-06-23 04:00:00,70047.88,69330.573,65238.117,68995.42
2014-06-23 05:00:00,73273.088,70047.88,64898.947,72252.995
2014-06-23 06:00:00,78732.957,73273.088,64891.696,77913.85
2014-06-23 07:00:00,86448.802,78732.957,67765.688,85645.325
2014-06-23 08:00:00,93329.808,86448.802,72760.944,92941.425
2014-06-23 09:00:00,99099.223,93329.808,78113.711,99725.708
2014-06-23 10:00:00,104808.524,99099.223,82955.506,106506.444
2014-06-23 11:00:00,109759.094,104808.524,87722.972,112465.925
2014-06-23 12:00:00,114113.893,109759.094,91705.119,117227.986
2014-06-23 13:00:00,117749.757,114113.893,95264.532,121348.846
2014-06-23 14:00:00,120122.17,117749.757,98059.554,124233.478
2014-06-23 15:00:00,121878.653,120122.17,100453.648,126434.096
2014-06-23 16:00:00,122739.614,121878.653,102504.452,128255.961
2014-06-23 17:00:00,122400.16,122739.614,104023.984,128927.607
2014-06-23 18:00:00,119665.381,122400.16,103269.432,126931.646
2014-06-23 19:00:00,115157.244,119665.381,100730.578,122576.632
2014-06-23 20:00:00,111037.467,115157.244,98086.992,119101.901
2014-06-23 21:00:00,108846.087,111037.467,97538.87,116527.818
2014-06-23 22:00:00,101448.67,108846.087,92051.046,108830.181
2014-06-23 23:00:00,92277.099,101448.67,84686.226,98726.576
2014-06-24 00:00:00,84461.811,92277.099,77877.119,90653.136
2014-06-24 01:00:00,79135.439,84461.811,73329.116,84989.645
2014-06-24 02:00:00,75688.691,79135.439,70832.503,81251.024
2014-06-24 03:00:00,73918.35,75688.691,69330.573,79143.326
2014-06-24 04:00:00,74115.749,73918.35,70047.88,79089.957
2014-06-24 05:00:00,77237.69,74115.749,73273.088,81936.267
2014-06-24 06:00:00,82708.949,77237.69,78732.957,87972.866
2014-06-24 07:00:00,89991.115,82708.949,86448.802,95795.291
2014-06-24 08:00:00,96337.613,89991.115,93329.808,103143.925
2014-06-24 09:00:00,101970.84,96337.613,99099.223,110464.609
2014-06-24 10:00:00,107590.405,101970.84,104808.524,117559.957
2014-06-24 11:00:00,112969.056,107590.405,109759.094,124438.887
2014-06-24 12:00:00,117304.923,112969.056,114113.893,129665.623
2014-06-24 13:00:00,121584.764,117304.923,117749.757,134138.791
2014-06-24 14:00:00,124590.389,121584.764,120122.17,137315.363
2014-06-24 15:00:00,127068.353,124590.389,121878.653,139608.44
2014-06-24 16:00:00,128627.458,127068.353,122739.614,141356.638
2014-06-24 17:00:00,128139.105,128627.458,122400.16,141677.933
2014-06-24 18:00:00,124806.587,128139.105,119665.381,139203.296
2014-06-24 19:00:00,119491.793,124806.587,115157.244,135723.202
2014-06-24 20:00:00,115361.22,119491.793,111037.467,131500.751
2014-06-24 21:00:00,112582.793,115361.22,108846.087,128670.353
2014-06-24 22:00:00,104996.599,112582.793,101448.67,120357.109
2014-06-24 23:00:00,95890.906,104996.599,92277.099,109823.813
2014-06-25 00:00:00,88117.765,95890.906,84461.811,100736.98
2014-06-25 01:00:00,82745.117,88117.765,79135.439,94584.367
2014-06-25 02:00:00,79222.219,82745.117,75688.691,90359.719
2014-06-25 03:00:00,77457.382,79222.219,73918.35,87661.181
2014-06-25 04:00:00,77684.781,77457.382,74115.749,86903.727
2014-06-25 05:00:00,80985.56,77684.781,77237.69,89473.319
2014-06-25 06:00:00,86694.643,80985.56,82708.949,94813.037
2014-06-25 07:00:00,93473.813,86694.643,89991.115,102575.731
2014-06-25 08:00:00,99216.347,93473.813,96337.613,109701.589
2014-06-25 09:00:00,104446.69,99216.347,101970.84,116612.287
2014-06-25 10:00:00,110085.566,104446.69,107590.405,123407.519
2014-06-25 11:00:00,115502.022,110085.566,112969.056,128651.508
2014-06-25 12:00:00,120037.787,115502.022,117304.923,131954.786
2014-06-25 13:00:00,124101.893,120037.787,121584.764,134237.737
2014-06-25 14:00:00,126684.61,124101.893,124590.389,136206.178
2014-06-25 15:00:00,127886.02,126684.61,127068.353,138322.768
2014-06-25 16:00:00,128349.819,127886.02,128627.458,139517.273
2014-06-25 17:00:00,127274.336,128349.819,128139.105,139072.917
2014-06-25 18:00:00,124020.603,127274.336,124806.587,136293.727
2014-06-25 19:00:00,119574.224,124020.603,119491.793,131446.746
2014-06-25 20:00:00,115955.035,119574.224,115361.22,126616.963
2014-06-25 21:00:00,113209.758,115955.035,112582.793,122611.166
2014-06-25 22:00:00,105469.329,113209.758,104996.599,113278.109
2014-06-25 23:00:00,95935.298,105469.329,95890.906,102616.223
2014-06-26 00:00:00,87782.442,95935.298,88117.765,93927.343
2014-06-26 01:00:00,82522.608,87782.442,82745.117,87755.238
2014-06-26 02:00:00,79027.28,82522.608,79222.219,83776.9
2014-06-26 03:00:00,77049.597,79027.28,77457.382,81235.965
2014-06-26 04:00:00,76847.544,77049.597,77684.781,80801.6
2014-06-26 05:00:00,79678.668,76847.544,80985.56,83868.422
2014-06-26 06:00:00,85095.437,79678.668,86694.643,89287.087
2014-06-26 07:00:00,92305.177,85095.437,93473.813,95900.351
2014-06-26 08:00:00,98565.318,92305.177,99216.347,101346.766
2014-06-26 09:00:00,103972.514,98565.318,104446.69,105954.164
2014-06-26 10:00:00,109016.317,103972.514,110085.566,110000.772
2014-06-26 11:00:00,113362.71,109016.317,115502.022,113188.793
2014-06-26 12:00:00,116665.605,113362.71,120037.787,115805.205
2014-06-26 13:00:00,119963.638,116665.605,124101.893,118228.423
2014-06-26 14:00:00,122419.436,119963.638,126684.61,119421.785
2014-06-26 15:00:00,124472.494,122419.436,127886.02,119781.083
2014-06-26 16:00:00,126314.994,124472.494,128349.819,119165.388
2014-06-26 17:00:00,126638.47,126314.994,127274.336,117234.789
2014-06-26 18:00:00,124611.107,126638.47,124020.603,114196.606
2014-06-26 19:00:00,119899.614,124611.107,119574.224,110463.487
2014-06-26 20:00:00,115123.398,119899.614,115955.035,107411.374
2014-06-26 21:00:00,112528.743,115123.398,113209.758,106160.149
2014-06-26 22:00:00,105367.012,112528.743,105469.329,99697.757
2014-06-26 23:00:00,95625.376,105367.012,95935.298,91026.52
2014-06-27 00:00:00,87178.581,95625.376,87782.442,83368.208
2014-06-27 01:00:00,81290.821,87178.581,82522.608,78391.479
2014-06-27 02:00:00,77447.242,81290.821,79027.28,75046.542
2014-06-27 03:00:00,75485.447,77447.242,77049.597,73384.704
2014-06-27 04:00:00,75382.522,75485.447,76847.544,73342.371
2014-06-27 05:00:00,77762.469,75382.522,79678.668,75756.104
2014-06-27 06:00:00,82484.085,77762.469,85095.437,80629.54
2014-06-27 07:00:00,89348.659,82484.085,92305.177,86870.347
2014-06-27 08:00:00,96093.063,89348.659,98565.318,92313.081
2014-06-27 09:00:00,102972.263,96093.063,103972.514,97245.041
2014-06-27 10:00:00,109231.463,102972.263,109016.317,101927.644
2014-06-27 11:00:00,114519.826,109231.463,113362.71,105804.378
2014-06-27 12:00:00,118794.677,114519.826,116665.605,109227.72
2014-06-27 13:00:00,122204.778,118794.677,119963.638,112407.226
2014-06-27 14:00:00,124477.571,122204.778,122419.436,114451.948
2014-06-27 15:00:00,126101.614,124477.571,124472.494,115435.533
2014-06-27 16:00:00,127032.118,126101.614,126314.994,116056.07
2014-06-27 17:00:00,126414.415,127032.118,126638.47,114982.677
2014-06-27 18:00:00,123100.73,126414.415,124611.107,111748.337
2014-06-27 19:00:00,118024.481,123100.73,119899.614,106897.704
2014-06-27 20:00:00,113030.743,118024.481,115123.398,102994.766
2014-06-27 21:00:00,110551.879,113030.743,112528.743,100650.045
2014-06-27 22:00:00,104133.25,110551.879,105367.012,94987.621
2014-06-27 23:00:00,95227.531,104133.25,95625.376,87119.279
2014-06-28 00:00:00,87077.905,95227.531,87178.581,80203.288
2014-06-28 01:00:00,80892.481,87077.905,81290.821,75313.629
2014-06-28 02:00:00,76766.785,80892.481,77447.242,72182.499
2014-06-28 03:00:00,73977.89,76766.785,75485.447,70281.008
2014-06-28 04:00:00,72578.729,73977.89,75382.522,69427.642
2014-06-28 05:00:00,72392.508,72578.729,77762.469,69741.416
2014-06-28 06:00:00,73421.997,72392.508,82484.085,70994.617
2014-06-28 07:00:00,78116.847,73421.997,89348.659,74265.602
2014-06-28 08:00:00,85511.948,78116.847,96093.063,78928.009
2014-06-28 09:00:00,92920.49,85511.948,102972.263,83695.143
2014-06-28 10:00:00,99462.644,92920.49,109231.463,87656.509
2014-06-28 11:00:00,104481.601,99462.644,114519.826,90600.839
2014-06-28 12:00:00,108588.95,104481.601,118794.677,93135.542
2014-06-28 13:00:00,111501.862,108588.95,122204.778,95226.834
2014-06-28 14:00:00,113580.196,111501.862,124477.571,97103.17
2014-06-28 15:00:00,115661.356,113580.196,126101.614,98381.991
2014-06-28 16:00:00,116996.773,115661.356,127032.118,99437.493
2014-06-28 17:00:00,117099.227,116996.773,126414.415,99425.956
2014-06-28 18:00:00,114834.604,117099.227,123100.73,97571.357
2014-06-28 19:00:00,110451.506,114834.604,118024.481,94932.388
2014-06-28 20:00:00,106237.803,110451.506,113030.743,92501.481
2014-06-28 21:00:00,104288.327,106237.803,110551.879,91935.508
2014-06-28 22:00:00,99043.34,104288.327,104133.25,87745.923
2014-06-28 23:00:00,91526.278,99043.34,95227.531,81429.338
2014-06-29 00:00:00,84180.077,91526.278,87077.905,75340.317
2014-06-29 01:00:00,78869.991,84180.077,80892.481,70966.83
2014-06-29 02:00:00,75035.72,78869.991,76766.785,68121.733
2014-06-29 03:00:00,72487.279,75035.72,73977.89,66136.847
2014-06-29 04:00:00,71062.124,72487.279,72578.729,65238.117
2014-06-29 05:00:00,70212.283,71062.124,72392.508,64898.947
2014-06-29 06:00:00,69970.829,70212.283,73421.997,64891.696
2014-06-29 07:00:00,73540.414,69970.829,78116.847,67765.688
2014-06-29 08:00:00,80665.282,73540.414,85511.948,72760.944
2014-06-29 09:00:00,87882.309,80665.282,92920.49,78113.711
2014-06-29 10:00:00,94176.788,87882.309,99462.644,82955.506
2014-06-29 11:00:00,99842.837,94176.788,104481.601,87722.972
2014-06-29 12:00:00,104460.015,99842.837,108588.95,91705.119
2014-06-29 13:00:00,107825.392,104460.015,111501.862,95264.532
2014-06-29 14:00:00,110465.958,107825.392,113580.196,98059.554
2014-06-29 15:00:00,112674.619,110465.958,115661.356,100453.648
2014-06-29 16:00:00,114782.651,112674.619,116996.773,102504.452
2014-06-29 17:00:00,115369.774,114782.651,117099.227,104023.984
2014-06-29 18:00:00,114011.69,115369.774,114834.604,103269.432
2014-06-29 19:00:00,110868.068,114011.69,110451.506,100730.578
2014-06-29 20:00:00,107658.54,110868.068,106237.803,98086.992
2014-06-29 21:00:00,106054.413,107658.54,104288.327,97538.87
2014-06-29 22:00:00,100623.534,106054.413,99043.34,92051.046
2014-06-29 23:00:00,92599.737,100623.534,91526.278,84686.226
2014-06-30 00:00:00,85636.642,92599.737,84180.077,77877.119
2014-06-30 01:00:00,80632.976,85636.642,78869.991,73329.116
2014-06-30 02:00:00,77270.743,80632.976,75035.72,70832.503
2014-06-30 03:00:00,75792.596,77270.743,72487.279,69330.573
2014-06-30 04:00:00,76015.077,75792.596,71062.124,70047.88
2014-06-30 05:00:00,79066.054,76015.077,70212.283,73273.088
2014-06-30 06:00:00,84394.781,79066.054,69970.829,78732.957
2014-06-30 07:00:00,91316.636,84394.781,73540.414,86448.802
2014-06-30 08:00:00,97530.505,91316.636,80665.282,93329.808
2014-06-30 09:00:00,103728.287,97530.505,87882.309,99099.223
2014-06-30 10:00:00,110291.0,103728.287,94176.788,104808.524
2014-06-30 11:00:00,115839.442,110291.0,99842.837,109759.094
2014-06-30 12:00:00,120773.884,115839.442,104460.015,114113.893
2014-06-30 13:00:00,125559.323,120773.884,107825.392,117749.757
2014-06-30 14:00:00,129304.714,125559.323,110465.958,120122.17
2014-06-30 15:00:00,132225.022,129304.714,112674.619,121878.653
2014-06-30 16:00:00,134166.491,132225.022,114782.651,122739.614
2014-06-30 17:00:00,134432.78,134166.491,115369.774,122400.16
2014-06-30 18:00:00,132391.677,134432.78,114011.69,119665.381
2014-06-30 19:00:00,128304.156,132391.677,110868.068,115157.244
2014-06-30 20:00:00,123000.721,128304.156,107658.54,111037.467
2014-06-30 21:00:00,119541.321,123000.721,106054.413,108846.087
2014-06-30 22:00:00,110893.617,119541.321,100623.534,101448.67
2014-06-30 23:00:00,100398.537,110893.617,92599.737,92277.099
2014-07-01 00:00:00,91834.558,100398.537,85636.642,84461.811
2014-07-01 01:00:00,86001.023,91834.558,80632.976,79135.439
2014-07-01 02:00:00,82209.729,86001.023,77270.743,75688.691
2014-07-01 03:00:00,80066.972,82209.729,75792.596,73918.35
2014-07-01 04:00:00,79644.591,80066.972,76015.077,74115.749
2014-07-01 05:00:00,82020.007,79644.591,79066.054,77237.69
2014-07-01 06:00:00,87122.351,82020.007,84394.781,82708.949
2014-07-01 07:00:00,94462.902,87122.351,91316.636,89991.115
2014-07-01 08:00:00,102206.798,94462.902,97530.505,96337.613
2014-07-01 09:00:00,110120.761,102206.798,103728.287,101970.84
2014-07-01 10:00:00,117269.104,110120.761,110291.0,107590.405
2014-07-01 11:00:00,123710.31,117269.104,115839.442,112969.056
2014-07-01 12:00:00,129025.189,123710.31,120773.884,117304.923
2014-07-01 13:00:00,133164.201,129025.189,125559.323,121584.764
2014-07-01 14:00:00,136198.579,133164.201,129304.714,124590.389
2014-07-01 15:00:00,137919.07,136198.579,132225.022,127068.353
2014-07-01 16:00:00,139326.921,137919.07,134166.491,128627.458
2014-07-01 17:00:00,139379.87,139326.921,134432.78,128139.105
2014-07-01 18:00:00,136884.616,139379.87,132391.677,124806.587
2014-07-01 19:00:00,132711.159,136884.616,128304.156,119491.793
2014-07-01 20:00:00,128350.893,132711.159,123000.721,115361.22
2014-07-01 21:00:00,124948.191,128350.893,119541.321,112582.793
2014-07-01 22:00:00,116627.34,124948.191,110893.617,104996.599
2014-07-01 23:00:00,106543.361,116627.34,100398.537,95890.906
2014-07-02 00:00:00,97624.058,106543.361,91834.558,88117.765
2014-07-02 01:00:00,91301.568,97624.058,86001.023,82745.117
2014-07-02 02:00:00,86880.148,91301.568,82209.729,79222.219
2014-07-02 03:00:00,84097.679,86880.148,80066.972,77457.382
2014-07-02 04:00:00,83527.287,84097.679,79644.591,77684.781
2014-07-02 05:00:00,85855.718,83527.287,82020.007,80985.56
2014-07-02 06:00:00,90636.438,85855.718,87122.351,86694.643
2014-07-02 07:00:00,98071.375,90636.438,94462.902,93473.813
2014-07-02 08:00:00,106078.544,98071.375,102206.798,99216.347
2014-07-02 09:00:00,113616.992,106078.544,110120.761,104446.69
2014-07-02 10:00:00,121012.838,113616.992,117269.104,110085.566
2014-07-02 11:00:00,127175.343,121012.838,123710.31,115502.022
2014-07-02 12:00:00,131723.445,127175.343,129025.189,120037.787
2014-07-02 13:00:00,134834.493,131723.445,133164.201,124101.893
2014-07-02 14:00:00,136556.814,134834.493,136198.579,126684.61
2014-07-02 15:00:00,137015.408,136556.814,137919.07,127886.02
2014-07-02 16:00:00,136451.18,137015.408,139326.921,128349.819
2014-07-02 17:00:00,133725.05,136451.18,139379.87,127274.336
2014-07-02 18:00:00,129327.47,133725.05,136884.616,124020.603
2014-07-02 19:00:00,124279.46,129327.47,132711.159,119574.224
2014-07-02 20:00:00,119615.215,124279.46,128350.893,115955.035
2014-07-02 21:00:00,116484.224,119615.215,124948.191,113209.758
2014-07-02 22:00:00,108762.145,116484.224,116627.34,105469.329
2014-07-02 23:00:00,99074.794,108762.145,106543.361,95935.298
2014-07-03 00:00:00,90920.319,99074.794,97624.058,87782.442
2014-07-03 01:00:00,85141.89,90920.319,91301.568,82522.608
2014-07-03 02:00:00,81362.476,85141.89,86880.148,79027.28
2014-07-03 03:00:00,79140.365,81362.476,84097.679,77049.597
2014-07-03 04:00:00,78960.659,79140.365,83527.287,76847.544
2014-07-03 05:00:00,81523.43,78960.659,85855.718,79678.668
2014-07-03 06:00:00,85770.822,81523.43,90636.438,85095.437
2014-07-03 07:00:00,92451.186,85770.822,98071.375,92305.177
2014-07-03 08:00:00,99152.025,92451.186,106078.544,98565.318
2014-07-03 09:00:00,105024.825,99152.025,113616.992,103972.514
2014-07-03 10:00:00,110896.526,105024.825,121012.838,109016.317
2014-07-03 11:00:00,115966.262,110896.526,127175.343,113362.71
2014-07-03 12:00:00,119240.344,115966.262,131723.445,116665.605
2014-07-03 13:00:00,121768.955,119240.344,134834.493,119963.638
2014-07-03 14:00:00,123074.232,121768.955,136556.814,122419.436
2014-07-03 15:00:00,122830.925,123074.232,137015.408,124472.494
2014-07-03 16:00:00,120920.263,122830.925,136451.18,126314.994
2014-07-03 17:00:00,117610.266,120920.263,133725.05,126638.47
2014-07-03 18:00:00,112709.378,117610.266,129327.47,124611.107
2014-07-03 19:00:00,107049.488,112709.378,124279.46,119899.614
2014-07-03 20:00:00,102940.213,107049.488,119615.215,115123.398
2014-07-03 21:00:00,100064.798,102940.213,116484.224,112528.743
2014-07-03 22:00:00,94376.813,100064.798,108762.145,105367.012
2014-07-03 23:00:00,86965.44,94376.813,99074.794,95625.376
2014-07-04 00:00:00,80216.582,86965.44,90920.319,87178.581
2014-07-04 01:00:00,75497.993,80216.582,85141.89,81290.821
2014-07-04 02:00:00,72195.692,75497.993,81362.476,77447.242
2014-07-04 03:00:00,69997.097,72195.692,79140.365,75485.447
2014-07-04 04:00:00,68991.497,69997.097,78960.659,75382.522
2014-07-04 05:00:00,69129.132,68991.497,81523.43,77762.469
2014-07-04 06:00:00,68828.173,69129.132,85770.822,82484.085
2014-07-04 07:00:00,70529.436,68828.173,92451.186,89348.659
2014-07-04 08:00:00,74369.728,70529.436,99152.025,96093.063
2014-07-04 09:00:00,78736.319,74369.728,105024.825,102972.263
2014-07-04 10:00:00,82810.437,78736.319,110896.526,109231.463
2014-07-04 11:00:00,85845.959,82810.437,115966.262,114519.826
2014-07-04 12:00:00,87519.181,85845.959,119240.344,118794.677
2014-07-04 13:00:00,88219.306,87519.181,121768.955,122204.778
2014-07-04 14:00:00,88690.509,88219.306,123074.232,124477.571
2014-07-04 15:00:00,89336.244,88690.509,122830.925,126101.614
2014-07-04 16:00:00,90079.501,89336.244,120920.263,127032.118
2014-07-04 17:00:00,90323.254,90079.501,117610.266,126414.415
2014-07-04 18:00:00,88732.815,90323.254,112709.378,123100.73
2014-07-04 19:00:00,85240.473,88732.815,107049.488,118024.481
2014-07-04 20:00:00,81166.299,85240.473,102940.213,113030.743
2014-07-04 21:00:00,79336.225,81166.299,100064.798,110551.879
2014-07-04 22:00:00,76651.194,79336.225,94376.813,104133.25
2014-07-04 23:00:00,72952.438,76651.194,86965.44,95227.531
2014-07-05 00:00:00,68158.111,72952.438,80216.582,87077.905
2014-07-05 01:00:00,64166.387,68158.111,75497.993,80892.481
2014-07-05 02:00:00,61592.537,64166.387,72195.692,76766.785
2014-07-05 03:00:00,60178.883,61592.537,69997.097,73977.89
2014-07-05 04:00:00,59511.738,60178.883,68991.497,72578.729
2014-07-05 05:00:00,59599.189,59511.738,69129.132,72392.508
2014-07-05 06:00:00,59795.464,59599.189,68828.173,73421.997
2014-07-05 07:00:00,63014.006,59795.464,70529.436,78116.847
2014-07-05 08:00:00,68446.906,63014.006,74369.728,85511.948
2014-07-05 09:00:00,73766.811,68446.906,78736.319,92920.49
2014-07-05 10:00:00,78347.145,73766.811,82810.437,99462.644
2014-07-05 11:00:00,81903.724,78347.145,85845.959,104481.601
2014-07-05 12:00:00,84351.162,81903.724,87519.181,108588.95
2014-07-05 13:00:00,86178.672,84351.162,88219.306,111501.862
2014-07-05 14:00:00,88515.831,86178.672,88690.509,113580.196
2014-07-05 15:00:00,91010.584,88515.831,89336.244,115661.356
2014-07-05 16:00:00,93463.176,91010.584,90079.501,116996.773
2014-07-05 17:00:00,95051.49,93463.176,90323.254,117099.227
2014-07-05 18:00:00,94282.443,95051.49,88732.815,114834.604
2014-07-05 19:00:00,91285.667,94282.443,85240.473,110451.506
2014-07-05 20:00:00,87835.619,91285.667,81166.299,106237.803
2014-07-05 21:00:00,86738.115,87835.619,79336.225,104288.327
2014-07-05 22:00:00,82643.126,86738.115,76651.194,99043.34
2014-07-05 23:00:00,76866.922,82643.126,72952.438,91526.278
2014-07-06 00:00:00,71261.437,76866.922,68158.111,84180.077
2014-07-06 01:00:00,67011.967,71261.437,64166.387,78869.991
2014-07-06 02:00:00,64148.839,67011.967,61592.537,75035.72
2014-07-06 03:00:00,62423.433,64148.839,60178.883,72487.279
2014-07-06 04:00:00,61438.47,62423.433,59511.738,71062.124
2014-07-06 05:00:00,61144.169,61438.47,59599.189,70212.283
2014-07-06 06:00:00,60889.515,61144.169,59795.464,69970.829
2014-07-06 07:00:00,63657.994,60889.515,63014.006,73540.414
2014-07-06 08:00:00,68863.237,63657.994,68446.906,80665.282
2014-07-06 09:00:00,74447.852,68863.237,73766.811,87882.309
2014-07-06 10:00:00,80033.893,74447.852,78347.145,94176.788
2014-07-06 11:00:00,85274.654,80033.893,81903.724,99842.837
2014-07-06 12:00:00,90105.0,85274.654,84351.162,104460.015
2014-07-06 13:00:00,93781.189,90105.0,86178.672,107825.392
2014-07-06 14:00:00,97181.283,93781.189,88515.831,110465.958
2014-07-06 15:00:00,100797.254,97181.283,91010.584,112674.619
2014-07-06 16:00:00,103997.69,100797.254,93463.176,114782.651
2014-07-06 17:00:00,105871.452,103997.69,95051.49,115369.774
2014-07-06 18:00:00,105794.024,105871.452,94282.443,114011.69
2014-07-06 19:00:00,103567.229,105794.024,91285.667,110868.068
2014-07-06 20:00:00,101382.015,103567.229,87835.619,107658.54
2014-07-06 21:00:00,101093.269,101382.015,86738.115,106054.413
2014-07-06 22:00:00,96735.04,101093.269,82643.126,100623.534
2014-07-06 23:00:00,89628.989,96735.04,76866.922,92599.737
2014-07-07 00:00:00,83044.627,89628.989,71261.437,85636.642
2014-07-07 01:00:00,78483.541,83044.627,67011.967,80632.976
2014-07-07 02:00:00,75449.777,78483.541,64148.839,77270.743
2014-07-07 03:00:00,73906.133,75449.777,62423.433,75792.596
2014-07-07 04:00:00,74277.237,73906.133,61438.47,76015.077
2014-07-07 05:00:00,77610.894,74277.237,61144.169,79066.054
2014-07-07 06:00:00,83003.647,77610.894,60889.515,84394.781
2014-07-07 07:00:00,90448.748,83003.647,63657.994,91316.636
2014-07-07 08:00:00,98154.355,90448.748,68863.237,97530.505
2014-07-07 09:00:00,105278.633,98154.355,74447.852,103728.287
2014-07-07 10:00:00,112604.896,105278.633,80033.893,110291.0
2014-07-07 11:00:00,118942.671,112604.896,85274.654,115839.442
2014-07-07 12:00:00,124132.719,118942.671,90105.0,120773.884
2014-07-07 13:00:00,128123.055,124132.719,93781.189,125559.323
2014-07-07 14:00:00,131260.141,128123.055,97181.283,129304.714
2014-07-07 15:00:00,133464.768,131260.141,100797.254,132225.022
2014-07-07 16:00:00,134786.86,133464.768,103997.69,134166.491
2014-07-07 17:00:00,135069.142,134786.86,105871.452,134432.78
2014-07-07 18:00:00,133219.038,135069.142,105794.024,132391.677
2014-07-07 19:00:00,129192.063,133219.038,103567.229,128304.156
2014-07-07 20:00:00,125233.452,129192.063,101382.015,123000.721
2014-07-07 21:00:00,121742.124,125233.452,101093.269,119541.321
2014-07-07 22:00:00,113651.918,121742.124,96735.04,110893.617
2014-07-07 23:00:00,103725.13,113651.918,89628.989,100398.537
2014-07-08 00:00:00,95034.105,103725.13,83044.627,91834.558
2014-07-08 01:00:00,88754.366,95034.105,78483.541,86001.023
2014-07-08 02:00:00,84452.374,88754.366,75449.777,82209.729
2014-07-08 03:00:00,81934.164,84452.374,73906.133,80066.972
2014-07-08 04:00:00,81687.831,81934.164,74277.237,79644.591
2014-07-08 05:00:00,84519.901,81687.831,77610.894,82020.007
2014-07-08 06:00:00,90191.498,84519.901,83003.647,87122.351
2014-07-08 07:00:00,97780.623,90191.498,90448.748,94462.902
2014-07-08 08:00:00,104358.566,97780.623,98154.355,102206.798
2014-07-08 09:00:00,110724.763,104358.566,105278.633,110120.761
2014-07-08 10:00:00,116822.881,110724.763,112604.896,117269.104
2014-07-08 11:00:00,122693.85,116822.881,118942.671,123710.31
2014-07-08 12:00:00,127198.564,122693.85,124132.719,129025.189
2014-07-08 13:00:00,130954.747,127198.564,128123.055,133164.201
2014-07-08 14:00:00,133343.152,130954.747,131260.141,136198.579
2014-07-08 15:00:00,134707.649,133343.152,133464.768,137919.07
2014-07-08 16:00:00,135558.974,134707.649,134786.86,139326.921
2014-07-08 17:00:00,135044.869,135558.974,135069.142,139379.87
2014-07-08 18:00:00,131687.785,135044.869,133219.038,136884.616
2014-07-08 19:00:00,125001.501,131687.785,129192.063,132711.159
2014-07-08 20:00:00,119166.299,125001.501,125233.452,128350.893
2014-07-08 21:00:00,114244.081,119166.299,121742.124,124948.191
2014-07-08 22:00:00,106642.304,114244.081,113651.918,116627.34
2014-07-08 23:00:00,97210.946,106642.304,103725.13,106543.361
2014-07-09 00:00:00,88932.937,97210.946,95034.105,97624.058
2014-07-09 01:00:00,83401.43,88932.937,88754.366,91301.568
2014-07-09 02:00:00,79512.595,83401.43,84452.374,86880.148
2014-07-09 03:00:00,77577.417,79512.595,81934.164,84097.679
2014-07-09 04:00:00,77434.934,77577.417,81687.831,83527.287
2014-07-09 05:00:00,80144.335,77434.934,84519.901,85855.718
2014-07-09 06:00:00,84965.045,80144.335,90191.498,90636.438
2014-07-09 07:00:00,91785.112,84965.045,97780.623,98071.375
2014-07-09 08:00:00,102075.89,91785.112,104358.566,106078.544
2014-07-09 09:00:00,105104.737,102075.89,110724.763,113616.992
2014-07-09 10:00:00,109359.462,105104.737,116822.881,121012.838
2014-07-09 11:00:00,114104.982,109359.462,122693.85,127175.343
2014-07-09 12:00:00,117825.469,114104.982,127198.564,131723.445
2014-07-09 13:00:00,121257.115,117825.469,130954.747,134834.493
2014-07-09 14:00:00,123821.641,121257.115,133343.152,136556.814
2014-07-09 15:00:00,125509.809,123821.641,134707.649,137015.408
2014-07-09 16:00:00,125792.172,125509.809,135558.974,136451.18
2014-07-09 17:00:00,123888.113,125792.172,135044.869,133725.05
2014-07-09 18:00:00,120168.758,123888.113,131687.785,129327.47
2014-07-09 19:00:00,116009.761,120168.758,125001.501,124279.46
2014-07-09 20:00:00,112210.959,116009.761,119166.299,119615.215
2014-07-09 21:00:00,109816.249,112210.959,114244.081,116484.224
2014-07-09 22:00:00,103002.145,109816.249,106642.304,108762.145
2014-07-09 23:00:00,93823.059,103002.145,97210.946,99074.794
2014-07-10 00:00:00,85894.077,93823.059,88932.937,90920.319
2014-07-10 01:00:00,80496.147,85894.077,83401.43,85141.89
2014-07-10 02:00:00,77004.978,80496.147,79512.595,81362.476
2014-07-10 03:00:00,75109.023,77004.978,77577.417,79140.365
2014-07-10 04:00:00,75058.586,75109.023,77434.934,78960.659
2014-07-10 05:00:00,77948.559,75058.586,80144.335,81523.43
2014-07-10 06:00:00,82700.843,77948.559,84965.045,85770.822
2014-07-10 07:00:00,89038.137,82700.843,91785.112,92451.186
2014-07-10 08:00:00,94967.873,89038.137,102075.89,99152.025
2014-07-10 09:00:00,99995.631,94967.873,105104.737,105024.825
2014-07-10 10:00:00,104985.205,99995.631,109359.462,110896.526
2014-07-10 11:00:00,109191.546,104985.205,114104.982,115966.262
2014-07-10 12:00:00,112653.695,109191.546,117825.469,119240.344
2014-07-10 13:00:00,115993.945,112653.695,121257.115,121768.955
2014-07-10 14:00:00,117998.018,115993.945,123821.641,123074.232
2014-07-10 15:00:00,119341.044,117998.018,125509.809,122830.925
2014-07-10 16:00:00,120140.82,119341.044,125792.172,120920.263
2014-07-10 17:00:00,120079.27,120140.82,123888.113,117610.266
2014-07-10 18:00:00,117140.716,120079.27,120168.758,112709.378
2014-07-10 19:00:00,112760.268,117140.716,116009.761,107049.488
2014-07-10 20:00:00,108851.323,112760.268,112210.959,102940.213
2014-07-10 21:00:00,106410.347,108851.323,109816.249,100064.798
2014-07-10 22:00:00,99477.567,106410.347,103002.145,94376.813
2014-07-10 23:00:00,90565.178,99477.567,93823.059,86965.44
2014-07-11 00:00:00,83092.118,90565.178,85894.077,80216.582
2014-07-11 01:00:00,77833.596,83092.118,80496.147,75497.993
2014-07-11 02:00:00,74431.025,77833.596,77004.978,72195.692
2014-07-11 03:00:00,72643.084,74431.025,75109.023,69997.097
2014-07-11 04:00:00,72687.754,72643.084,75058.586,68991.497
2014-07-11 05:00:00,75492.928,72687.754,77948.559,69129.132
2014-07-11 06:00:00,79631.038,75492.928,82700.843,68828.173
2014-07-11 07:00:00,86190.84,79631.038,89038.137,70529.436
2014-07-11 08:00:00,92702.835,86190.84,94967.873,74369.728
2014-07-11 09:00:00,98666.808,92702.835,99995.631,78736.319
2014-07-11 10:00:00,104547.972,98666.808,104985.205,82810.437
2014-07-11 11:00:00,109485.666,104547.972,109191.546,85845.959
2014-07-11 12:00:00,113345.699,109485.666,112653.695,87519.181
2014-07-11 13:00:00,117063.494,113345.699,115993.945,88219.306
2014-07-11 14:00:00,119760.847,117063.494,117998.018,88690.509
2014-07-11 15:00:00,121826.666,119760.847,119341.044,89336.244
2014-07-11 16:00:00,123058.462,121826.666,120140.82,90079.501
2014-07-11 17:00:00,122673.398,123058.462,120079.27,90323.254
2014-07-11 18:00:00,119446.17,122673.398,117140.716,88732.815
2014-07-11 19:00:00,114664.171,119446.17,112760.268,85240.473
2014-07-11 20:00:00,110250.435,114664.171,108851.323,81166.299
2014-07-11 21:00:00,107767.893,110250.435,106410.347,79336.225
2014-07-11 22:00:00,101336.921,107767.893,99477.567,76651.194
2014-07-11 23:00:00,92991.285,101336.921,90565.178,72952.438
2014-07-12 00:00:00,85316.542,92991.285,83092.118,68158.111
2014-07-12 01:00:00,79596.502,85316.542,77833.596,64166.387
2014-07-12 02:00:00,75754.363,79596.502,74431.025,61592.537
2014-07-12 03:00:00,73324.826,75754.363,72643.084,60178.883
2014-07-12 04:00:00,72209.801,73324.826,72687.754,59511.738
2014-07-12 05:00:00,72425.044,72209.801,75492.928,59599.189
2014-07-12 06:00:00,73074.538,72425.044,79631.038,59795.464
2014-07-12 07:00:00,77676.9,73074.538,86190.84,63014.006
2014-07-12 08:00:00,84934.834,77676.9,92702.835,68446.906
2014-07-12 09:00:00,92718.683,84934.834,98666.808,73766.811
2014-07-12 10:00:00,100238.765,92718.683,104547.972,78347.145
2014-07-12 11:00:00,106325.314,100238.765,109485.666,81903.724
2014-07-12 12:00:00,110663.119,106325.314,113345.699,84351.162
2014-07-12 13:00:00,113775.054,110663.119,117063.494,86178.672
2014-07-12 14:00:00,115849.289,113775.054,119760.847,88515.831
2014-07-12 15:00:00,117391.854,115849.289,121826.666,91010.584
2014-07-12 16:00:00,118492.717,117391.854,123058.462,93463.176
2014-07-12 17:00:00,118504.955,118492.717,122673.398,95051.49
2014-07-12 18:00:00,116260.939,118504.955,119446.17,94282.443
2014-07-12 19:00:00,112075.824,116260.939,114664.171,91285.667
2014-07-12 20:00:00,109091.172,112075.824,110250.435,87835.619
2014-07-12 21:00:00,107613.552,109091.172,107767.893,86738.115
2014-07-12 22:00:00,102391.209,107613.552,101336.921,82643.126
2014-07-12 23:00:00,95299.025,102391.209,92991.285,76866.922
2014-07-13 00:00:00,88223.018,95299.025,85316.542,71261.437
2014-07-13 01:00:00,82522.009,88223.018,79596.502,67011.967
2014-07-13 02:00:00,78801.319,82522.009,75754.363,64148.839
2014-07-13 03:00:00,76290.285,78801.319,73324.826,62423.433
2014-07-13 04:00:00,74931.12,76290.285,72209.801,61438.47
2014-07-13 05:00:00,74675.63,74931.12,72425.044,61144.169
2014-07-13 06:00:00,74492.282,74675.63,73074.538,60889.515
2014-07-13 07:00:00,77663.374,74492.282,77676.9,63657.994
2014-07-13 08:00:00,84575.67,77663.374,84934.834,68863.237
2014-07-13 09:00:00,91830.176,84575.67,92718.683,74447.852
2014-07-13 10:00:00,98688.423,91830.176,100238.765,80033.893
2014-07-13 11:00:00,105110.774,98688.423,106325.314,85274.654
2014-07-13 12:00:00,110945.252,105110.774,110663.119,90105.0
2014-07-13 13:00:00,115415.128,110945.252,113775.054,93781.189
2014-07-13 14:00:00,118454.552,115415.128,115849.289,97181.283
2014-07-13 15:00:00,120593.451,118454.552,117391.854,100797.254
2014-07-13 16:00:00,122600.33,120593.451,118492.717,103997.69
2014-07-13 17:00:00,123428.332,122600.33,118504.955,105871.452
2014-07-13 18:00:00,122403.212,123428.332,116260.939,105794.024
2014-07-13 19:00:00,119186.742,122403.212,112075.824,103567.229
2014-07-13 20:00:00,116614.427,119186.742,109091.172,101382.015
2014-07-13 21:00:00,114406.118,116614.427,107613.552,101093.269
2014-07-13 22:00:00,107183.633,114406.118,102391.209,96735.04
2014-07-13 23:00:00,98326.38,107183.633,95299.025,89628.989
2014-07-14 00:00:00,90388.772,98326.38,88223.018,83044.627
2014-07-14 01:00:00,84555.554,90388.772,82522.009,78483.541
2014-07-14 02:00:00,81334.865,84555.554,78801.319,75449.777
2014-07-14 03:00:00,79487.447,81334.865,76290.285,73906.133
2014-07-14 04:00:00,79705.54,79487.447,74931.12,74277.237
2014-07-14 05:00:00,83301.639,79705.54,74675.63,77610.894
2014-07-14 06:00:00,88861.351,83301.639,74492.282,83003.647
2014-07-14 07:00:00,95648.608,88861.351,77663.374,90448.748
2014-07-14 08:00:00,101527.641,95648.608,84575.67,98154.355
2014-07-14 09:00:00,107128.963,101527.641,91830.176,105278.633
2014-07-14 10:00:00,113001.735,107128.963,98688.423,112604.896
2014-07-14 11:00:00,118006.973,113001.735,105110.774,118942.671
2014-07-14 12:00:00,122255.596,118006.973,110945.252,124132.719
2014-07-14 13:00:00,125913.251,122255.596,115415.128,128123.055
2014-07-14 14:00:00,128853.132,125913.251,118454.552,131260.141
2014-07-14 15:00:00,130626.974,128853.132,120593.451,133464.768
2014-07-14 16:00:00,130829.47,130626.974,122600.33,134786.86
2014-07-14 17:00:00,128803.559,130829.47,123428.332,135069.142
2014-07-14 18:00:00,125209.525,128803.559,122403.212,133219.038
2014-07-14 19:00:00,120597.692,125209.525,119186.742,129192.063
2014-07-14 20:00:00,115788.46,120597.692,116614.427,125233.452
2014-07-14 21:00:00,112331.336,115788.46,114406.118,121742.124
2014-07-14 22:00:00,104894.397,112331.336,107183.633,113651.918
2014-07-14 23:00:00,96218.754,104894.397,98326.38,103725.13
2014-07-15 00:00:00,88561.875,96218.754,90388.772,95034.105
2014-07-15 01:00:00,83416.023,88561.875,84555.554,88754.366
2014-07-15 02:00:00,80231.534,83416.023,81334.865,84452.374
2014-07-15 03:00:00,78341.335,80231.534,79487.447,81934.164
2014-07-15 04:00:00,78669.418,78341.335,79705.54,81687.831
2014-07-15 05:00:00,81994.325,78669.418,83301.639,84519.901
2014-07-15 06:00:00,86999.376,81994.325,88861.351,90191.498
2014-07-15 07:00:00,93320.351,86999.376,95648.608,97780.623
2014-07-15 08:00:00,98953.377,93320.351,101527.641,104358.566
2014-07-15 09:00:00,104189.151,98953.377,107128.963,110724.763
2014-07-15 10:00:00,109072.423,104189.151,113001.735,116822.881
2014-07-15 11:00:00,113107.124,109072.423,118006.973,122693.85
2014-07-15 12:00:00,116094.38,113107.124,122255.596,127198.564
2014-07-15 13:00:00,118280.047,116094.38,125913.251,130954.747
2014-07-15 14:00:00,118298.687,118280.047,128853.132,133343.152
2014-07-15 15:00:00,117289.508,118298.687,130626.974,134707.649
2014-07-15 16:00:00,116520.593,117289.508,130829.47,135558.974
2014-07-15 17:00:00,114796.611,116520.593,128803.559,135044.869
2014-07-15 18:00:00,111291.413,114796.611,125209.525,131687.785
2014-07-15 19:00:00,107588.035,111291.413,120597.692,125001.501
2014-07-15 20:00:00,104703.617,107588.035,115788.46,119166.299
2014-07-15 21:00:00,102343.247,104703.617,112331.336,114244.081
2014-07-15 22:00:00,95851.732,102343.247,104894.397,106642.304
2014-07-15 23:00:00,87726.902,95851.732,96218.754,97210.946
2014-07-16 00:00:00,81014.076,87726.902,88561.875,88932.937
2014-07-16 01:00:00,76540.704,81014.076,83416.023,83401.43
2014-07-16 02:00:00,73852.806,76540.704,80231.534,79512.595
2014-07-16 03:00:00,72292.242,73852.806,78341.335,77577.417
2014-07-16 04:00:00,72707.681,72292.242,78669.418,77434.934
2014-07-16 05:00:00,75848.407,72707.681,81994.325,80144.335
2014-07-16 06:00:00,80742.143,75848.407,86999.376,84965.045
2014-07-16 07:00:00,85942.427,80742.143,93320.351,91785.112
2014-07-16 08:00:00,90403.252,85942.427,98953.377,102075.89
2014-07-16 09:00:00,94290.645,90403.252,104189.151,105104.737
2014-07-16 10:00:00,97571.46,94290.645,109072.423,109359.462
2014-07-16 11:00:00,100172.989,97571.46,113107.124,114104.982
2014-07-16 12:00:00,102083.109,100172.989,116094.38,117825.469
2014-07-16 13:00:00,104171.106,102083.109,118280.047,121257.115
2014-07-16 14:00:00,105877.626,104171.106,118298.687,123821.641
2014-07-16 15:00:00,106917.037,105877.626,117289.508,125509.809
2014-07-16 16:00:00,107681.928,106917.037,116520.593,125792.172
2014-07-16 17:00:00,107285.17,107681.928,114796.611,123888.113
2014-07-16 18:00:00,104928.428,107285.17,111291.413,120168.758
2014-07-16 19:00:00,101495.663,104928.428,107588.035,116009.761
2014-07-16 20:00:00,98399.123,101495.663,104703.617,112210.959
2014-07-16 21:00:00,97426.859,98399.123,102343.247,109816.249
2014-07-16 22:00:00,91429.139,97426.859,95851.732,103002.145
2014-07-16 23:00:00,83410.131,91429.139,87726.902,93823.059
2014-07-17 00:00:00,76494.236,83410.131,81014.076,85894.077
2014-07-17 01:00:00,72110.084,76494.236,76540.704,80496.147
2014-07-17 02:00:00,69411.05,72110.084,73852.806,77004.978
2014-07-17 03:00:00,68220.062,69411.05,72292.242,75109.023
2014-07-17 04:00:00,68565.929,68220.062,72707.681,75058.586
2014-07-17 05:00:00,71557.429,68565.929,75848.407,77948.559
2014-07-17 06:00:00,76092.449,71557.429,80742.143,82700.843
2014-07-17 07:00:00,82157.898,76092.449,85942.427,89038.137
2014-07-17 08:00:00,87389.918,82157.898,90403.252,94967.873
2014-07-17 09:00:00,91859.253,87389.918,94290.645,99995.631
2014-07-17 10:00:00,96097.907,91859.253,97571.46,104985.205
2014-07-17 11:00:00,99391.851,96097.907,100172.989,109191.546
2014-07-17 12:00:00,101934.81,99391.851,102083.109,112653.695
2014-07-17 13:00:00,104216.701,101934.81,104171.106,115993.945
2014-07-17 14:00:00,106079.249,104216.701,105877.626,117998.018
2014-07-17 15:00:00,107337.546,106079.249,106917.037,119341.044
2014-07-17 16:00:00,108501.628,107337.546,107681.928,120140.82
2014-07-17 17:00:00,108607.2,108501.628,107285.17,120079.27
2014-07-17 18:00:00,106698.011,108607.2,104928.428,117140.716
2014-07-17 19:00:00,103066.411,106698.011,101495.663,112760.268
2014-07-17 20:00:00,99880.501,103066.411,98399.123,108851.323
2014-07-17 21:00:00,98542.438,99880.501,97426.859,106410.347
2014-07-17 22:00:00,91893.82,98542.438,91429.139,99477.567
2014-07-17 23:00:00,83643.705,91893.82,83410.131,90565.178
2014-07-18 00:00:00,76820.475,83643.705,76494.236,83092.118
2014-07-18 01:00:00,72347.112,76820.475,72110.084,77833.596
2014-07-18 02:00:00,69437.692,72347.112,69411.05,74431.025
2014-07-18 03:00:00,68032.813,69437.692,68220.062,72643.084
2014-07-18 04:00:00,68373.269,68032.813,68565.929,72687.754
2014-07-18 05:00:00,71064.884,68373.269,71557.429,75492.928
2014-07-18 06:00:00,75404.496,71064.884,76092.449,79631.038
2014-07-18 07:00:00,80910.878,75404.496,82157.898,86190.84
2014-07-18 08:00:00,86584.567,80910.878,87389.918,92702.835
2014-07-18 09:00:00,91467.566,86584.567,91859.253,98666.808
2014-07-18 10:00:00,95858.923,91467.566,96097.907,104547.972
2014-07-18 11:00:00,99484.605,95858.923,99391.851,109485.666
2014-07-18 12:00:00,102251.6,99484.605,101934.81,113345.699
2014-07-18 13:00:00,104702.529,102251.6,104216.701,117063.494
2014-07-18 14:00:00,106343.955,104702.529,106079.249,119760.847
2014-07-18 15:00:00,107248.05,106343.955,107337.546,121826.666
2014-07-18 16:00:00,107748.887,107248.05,108501.628,123058.462
2014-07-18 17:00:00,106799.513,107748.887,108607.2,122673.398
2014-07-18 18:00:00,103715.234,106799.513,106698.011,119446.17
2014-07-18 19:00:00,99758.405,103715.234,103066.411,114664.171
2014-07-18 20:00:00,97661.048,99758.405,99880.501,110250.435
2014-07-18 21:00:00,96402.583,97661.048,98542.438,107767.893
2014-07-18 22:00:00,90982.535,96402.583,91893.82,101336.921
2014-07-18 23:00:00,83983.411,90982.535,83643.705,92991.285
2014-07-19 00:00:00,77687.614,83983.411,76820.475,85316.542
2014-07-19 01:00:00,73229.336,77687.614,72347.112,79596.502
2014-07-19 02:00:00,70156.568,73229.336,69437.692,75754.363
2014-07-19 03:00:00,68552.708,70156.568,68032.813,73324.826
2014-07-19 04:00:00,67773.971,68552.708,68373.269,72209.801
2014-07-19 05:00:00,68461.267,67773.971,71064.884,72425.044
2014-07-19 06:00:00,69793.888,68461.267,75404.496,73074.538
2014-07-19 07:00:00,72322.088,69793.888,80910.878,77676.9
2014-07-19 08:00:00,77311.546,72322.088,86584.567,84934.834
2014-07-19 09:00:00,82288.63,77311.546,91467.566,92718.683
2014-07-19 10:00:00,86504.106,82288.63,95858.923,100238.765
2014-07-19 11:00:00,89643.97,86504.106,99484.605,106325.314
2014-07-19 12:00:00,91722.101,89643.97,102251.6,110663.119
2014-07-19 13:00:00,92754.864,91722.101,104702.529,113775.054
2014-07-19 14:00:00,93411.146,92754.864,106343.955,115849.289
2014-07-19 15:00:00,93927.01,93411.146,107248.05,117391.854
2014-07-19 16:00:00,94611.892,93927.01,107748.887,118492.717
2014-07-19 17:00:00,94406.609,94611.892,106799.513,118504.955
2014-07-19 18:00:00,93103.899,94406.609,103715.234,116260.939
2014-07-19 19:00:00,91154.987,93103.899,99758.405,112075.824
2014-07-19 20:00:00,90492.151,91154.987,97661.048,109091.172
2014-07-19 21:00:00,90224.254,90492.151,96402.583,107613.552
2014-07-19 22:00:00,86409.681,90224.254,90982.535,102391.209
2014-07-19 23:00:00,80791.641,86409.681,83983.411,95299.025
2014-07-20 00:00:00,75338.229,80791.641,77687.614,88223.018
2014-07-20 01:00:00,71173.888,75338.229,73229.336,82522.009
2014-07-20 02:00:00,68415.963,71173.888,70156.568,78801.319
2014-07-20 03:00:00,66726.778,68415.963,68552.708,76290.285
2014-07-20 04:00:00,65879.865,66726.778,67773.971,74931.12
2014-07-20 05:00:00,66046.124,65879.865,68461.267,74675.63
2014-07-20 06:00:00,66126.214,66046.124,69793.888,74492.282
2014-07-20 07:00:00,68228.474,66126.214,72322.088,77663.374
2014-07-20 08:00:00,73175.215,68228.474,77311.546,84575.67
2014-07-20 09:00:00,78942.37,73175.215,82288.63,91830.176
2014-07-20 10:00:00,84242.962,78942.37,86504.106,98688.423
2014-07-20 11:00:00,88968.71,84242.962,89643.97,105110.774
2014-07-20 12:00:00,92905.523,88968.71,91722.101,110945.252
2014-07-20 13:00:00,95943.374,92905.523,92754.864,115415.128
2014-07-20 14:00:00,97932.008,95943.374,93411.146,118454.552
2014-07-20 15:00:00,99691.877,97932.008,93927.01,120593.451
2014-07-20 16:00:00,101626.403,99691.877,94611.892,122600.33
2014-07-20 17:00:00,103023.306,101626.403,94406.609,123428.332
2014-07-20 18:00:00,102717.313,103023.306,93103.899,122403.212
2014-07-20 19:00:00,100931.632,102717.313,91154.987,119186.742
2014-07-20 20:00:00,99694.41,100931.632,90492.151,116614.427
2014-07-20 21:00:00,99164.293,99694.41,90224.254,114406.118
2014-07-20 22:00:00,93887.204,99164.293,86409.681,107183.633
2014-07-20 23:00:00,86872.956,93887.204,80791.641,98326.38
2014-07-21 00:00:00,80317.619,86872.956,75338.229,90388.772
2014-07-21 01:00:00,75763.303,80317.619,71173.888,84555.554
2014-07-21 02:00:00,72886.788,75763.303,68415.963,81334.865
2014-07-21 03:00:00,71499.179,72886.788,66726.778,79487.447
2014-07-21 04:00:00,72137.202,71499.179,65879.865,79705.54
2014-07-21 05:00:00,75731.388,72137.202,66046.124,83301.639
2014-07-21 06:00:00,81192.459,75731.388,66126.214,88861.351
2014-07-21 07:00:00,87501.124,81192.459,68228.474,95648.608
2014-07-21 08:00:00,93783.442,87501.124,73175.215,101527.641
2014-07-21 09:00:00,99647.782,93783.442,78942.37,107128.963
2014-07-21 10:00:00,105657.74,99647.782,84242.962,113001.735
2014-07-21 11:00:00,110756.489,105657.74,88968.71,118006.973
2014-07-21 12:00:00,115290.559,110756.489,92905.523,122255.596
2014-07-21 13:00:00,119567.998,115290.559,95943.374,125913.251
2014-07-21 14:00:00,122656.462,119567.998,97932.008,128853.132
2014-07-21 15:00:00,124880.505,122656.462,99691.877,130626.974
2014-07-21 16:00:00,126395.017,124880.505,101626.403,130829.47
2014-07-21 17:00:00,126663.203,126395.017,103023.306,128803.559
2014-07-21 18:00:00,124949.027,126663.203,102717.313,125209.525
2014-07-21 19:00:00,121162.753,124949.027,100931.632,120597.692
2014-07-21 20:00:00,117617.077,121162.753,99694.41,115788.46
2014-07-21 21:00:00,114982.157,117617.077,99164.293,112331.336
2014-07-21 22:00:00,107089.125,114982.157,93887.204,104894.397
2014-07-21 23:00:00,97363.485,107089.125,86872.956,96218.754
2014-07-22 00:00:00,88968.659,97363.485,80317.619,88561.875
2014-07-22 01:00:00,82926.566,88968.659,75763.303,83416.023
2014-07-22 02:00:00,79361.485,82926.566,72886.788,80231.534
2014-07-22 03:00:00,76970.012,79361.485,71499.179,78341.335
2014-07-22 04:00:00,77010.986,76970.012,72137.202,78669.418
2014-07-22 05:00:00,80246.133,77010.986,75731.388,81994.325
2014-07-22 06:00:00,85521.65,80246.133,81192.459,86999.376
2014-07-22 07:00:00,92151.198,85521.65,87501.124,93320.351
2014-07-22 08:00:00,99469.766,92151.198,93783.442,98953.377
2014-07-22 09:00:00,106462.876,99469.766,99647.782,104189.151
2014-07-22 10:00:00,113994.066,106462.876,105657.74,109072.423
2014-07-22 11:00:00,120485.341,113994.066,110756.489,113107.124
2014-07-22 12:00:00,125657.274,120485.341,115290.559,116094.38
2014-07-22 13:00:00,130645.306,125657.274,119567.998,118280.047
2014-07-22 14:00:00,133991.07,130645.306,122656.462,118298.687
2014-07-22 15:00:00,136079.971,133991.07,124880.505,117289.508
2014-07-22 16:00:00,137800.693,136079.971,126395.017,116520.593
2014-07-22 17:00:00,138187.788,137800.693,126663.203,114796.611
2014-07-22 18:00:00,136449.774,138187.788,124949.027,111291.413
2014-07-22 19:00:00,132334.998,136449.774,121162.753,107588.035
2014-07-22 20:00:00,128334.741,132334.998,117617.077,104703.617
2014-07-22 21:00:00,124924.515,128334.741,114982.157,102343.247
2014-07-22 22:00:00,116265.37,124924.515,107089.125,95851.732
2014-07-22 23:00:00,105878.395,116265.37,97363.485,87726.902
2014-07-23 00:00:00,96738.02,105878.395,88968.659,81014.076
2014-07-23 01:00:00,89901.746,96738.02,82926.566,76540.704
2014-07-23 02:00:00,85270.655,89901.746,79361.485,73852.806
2014-07-23 03:00:00,82318.957,85270.655,76970.012,72292.242
2014-07-23 04:00:00,81711.832,82318.957,77010.986,72707.681
2014-07-23 05:00:00,84552.196,81711.832,80246.133,75848.407
2014-07-23 06:00:00,89675.519,84552.196,85521.65,80742.143
2014-07-23 07:00:00,96062.323,89675.519,92151.198,85942.427
2014-07-23 08:00:00,102188.48,96062.323,99469.766,90403.252
2014-07-23 09:00:00,108586.518,102188.48,106462.876,94290.645
2014-07-23 10:00:00,115015.112,108586.518,113994.066,97571.46
2014-07-23 11:00:00,119933.088,115015.112,120485.341,100172.989
2014-07-23 12:00:00,123687.85,119933.088,125657.274,102083.109
2014-07-23 13:00:00,126111.898,123687.85,130645.306,104171.106
2014-07-23 14:00:00,127335.964,126111.898,133991.07,105877.626
2014-07-23 15:00:00,128505.567,127335.964,136079.971,106917.037
2014-07-23 16:00:00,129256.941,128505.567,137800.693,107681.928
2014-07-23 17:00:00,128005.111,129256.941,138187.788,107285.17
2014-07-23 18:00:00,124356.658,128005.111,136449.774,104928.428
2014-07-23 19:00:00,119914.695,124356.658,132334.998,101495.663
2014-07-23 20:00:00,115945.645,119914.695,128334.741,98399.123
2014-07-23 21:00:00,112570.752,115945.645,124924.515,97426.859
2014-07-23 22:00:00,105743.964,112570.752,116265.37,91429.139
2014-07-23 23:00:00,97978.353,105743.964,105878.395,83410.131
2014-07-24 00:00:00,88242.506,97978.353,96738.02,76494.236
2014-07-24 01:00:00,83074.459,88242.506,89901.746,72110.084
2014-07-24 02:00:00,79558.509,83074.459,85270.655,69411.05
2014-07-24 03:00:00,77328.936,79558.509,82318.957,68220.062
2014-07-24 04:00:00,77389.311,77328.936,81711.832,68565.929
2014-07-24 05:00:00,80203.487,77389.311,84552.196,71557.429
2014-07-24 06:00:00,84949.267,80203.487,89675.519,76092.449
2014-07-24 07:00:00,89948.975,84949.267,96062.323,82157.898
2014-07-24 08:00:00,94636.107,89948.975,102188.48,87389.918
2014-07-24 09:00:00,98163.174,94636.107,108586.518,91859.253
2014-07-24 10:00:00,101336.115,98163.174,115015.112,96097.907
2014-07-24 11:00:00,103837.274,101336.115,119933.088,99391.851
2014-07-24 12:00:00,105581.504,103837.274,123687.85,101934.81
2014-07-24 13:00:00,107581.412,105581.504,126111.898,104216.701
2014-07-24 14:00:00,108892.038,107581.412,127335.964,106079.249
2014-07-24 15:00:00,109975.272,108892.038,128505.567,107337.546
2014-07-24 16:00:00,110418.698,109975.272,129256.941,108501.628
2014-07-24 17:00:00,109993.327,110418.698,128005.111,108607.2
2014-07-24 18:00:00,107359.426,109993.327,124356.658,106698.011
2014-07-24 19:00:00,103831.884,107359.426,119914.695,103066.411
2014-07-24 20:00:00,101032.332,103831.884,115945.645,99880.501
2014-07-24 21:00:00,99561.733,101032.332,112570.752,98542.438
2014-07-24 22:00:00,93000.064,99561.733,105743.964,91893.82
2014-07-24 23:00:00,84862.885,93000.064,97978.353,83643.705
2014-07-25 00:00:00,78011.151,84862.885,88242.506,76820.475
2014-07-25 01:00:00,73360.798,78011.151,83074.459,72347.112
2014-07-25 02:00:00,70397.845,73360.798,79558.509,69437.692
2014-07-25 03:00:00,68786.908,70397.845,77328.936,68032.813
2014-07-25 04:00:00,68673.024,68786.908,77389.311,68373.269
2014-07-25 05:00:00,71562.322,68673.024,80203.487,71064.884
2014-07-25 06:00:00,75764.983,71562.322,84949.267,75404.496
2014-07-25 07:00:00,81273.044,75764.983,89948.975,80910.878
2014-07-25 08:00:00,86708.725,81273.044,94636.107,86584.567
2014-07-25 09:00:00,91256.67,86708.725,98163.174,91467.566
2014-07-25 10:00:00,95646.548,91256.67,101336.115,95858.923
2014-07-25 11:00:00,98826.197,95646.548,103837.274,99484.605
2014-07-25 12:00:00,101553.928,98826.197,105581.504,102251.6
2014-07-25 13:00:00,104301.377,101553.928,107581.412,104702.529
2014-07-25 14:00:00,106394.805,104301.377,108892.038,106343.955
2014-07-25 15:00:00,108337.63,106394.805,109975.272,107248.05
2014-07-25 16:00:00,110147.204,108337.63,110418.698,107748.887
2014-07-25 17:00:00,110169.915,110147.204,109993.327,106799.513
2014-07-25 18:00:00,107546.657,110169.915,107359.426,103715.234
2014-07-25 19:00:00,103414.093,107546.657,103831.884,99758.405
2014-07-25 20:00:00,100021.15,103414.093,101032.332,97661.048
2014-07-25 21:00:00,98609.452,100021.15,99561.733,96402.583
2014-07-25 22:00:00,92450.238,98609.452,93000.064,90982.535
2014-07-25 23:00:00,85004.76,92450.238,84862.885,83983.411
2014-07-26 00:00:00,78522.839,85004.76,78011.151,77687.614
2014-07-26 01:00:00,73835.748,78522.839,73360.798,73229.336
2014-07-26 02:00:00,70940.181,73835.748,70397.845,70156.568
2014-07-26 03:00:00,69100.907,70940.181,68786.908,68552.708
2014-07-26 04:00:00,68379.211,69100.907,68673.024,67773.971
2014-07-26 05:00:00,69026.091,68379.211,71562.322,68461.267
2014-07-26 06:00:00,70096.024,69026.091,75764.983,69793.888
2014-07-26 07:00:00,73240.259,70096.024,81273.044,72322.088
2014-07-26 08:00:00,79161.706,73240.259,86708.725,77311.546
2014-07-26 09:00:00,85385.927,79161.706,91256.67,82288.63
2014-07-26 10:00:00,90875.179,85385.927,95646.548,86504.106
2014-07-26 11:00:00,95480.818,90875.179,98826.197,89643.97
2014-07-26 12:00:00,99477.087,95480.818,101553.928,91722.101
2014-07-26 13:00:00,102759.259,99477.087,104301.377,92754.864
2014-07-26 14:00:00,105922.838,102759.259,106394.805,93411.146
2014-07-26 15:00:00,108196.353,105922.838,108337.63,93927.01
2014-07-26 16:00:00,110142.786,108196.353,110147.204,94611.892
2014-07-26 17:00:00,110662.758,110142.786,110169.915,94406.609
2014-07-26 18:00:00,109117.433,110662.758,107546.657,93103.899
2014-07-26 19:00:00,106063.543,109117.433,103414.093,91154.987
2014-07-26 20:00:00,104031.408,106063.543,100021.15,90492.151
2014-07-26 21:00:00,102710.512,104031.408,98609.452,90224.254
2014-07-26 22:00:00,97631.515,102710.512,92450.238,86409.681
2014-07-26 23:00:00,90902.549,97631.515,85004.76,80791.641
2014-07-27 00:00:00,84467.135,90902.549,78522.839,75338.229
2014-07-27 01:00:00,79736.586,84467.135,73835.748,71173.888
2014-07-27 02:00:00,76258.31,79736.586,70940.181,68415.963
2014-07-27 03:00:00,74133.896,76258.31,69100.907,66726.778
2014-07-27 04:00:00,72803.789,74133.896,68379.211,65879.865
2014-07-27 05:00:00,72861.682,72803.789,69026.091,66046.124
2014-07-27 06:00:00,72817.589,72861.682,70096.024,66126.214
2014-07-27 07:00:00,75047.315,72817.589,73240.259,68228.474
2014-07-27 08:00:00,80563.958,75047.315,79161.706,73175.215
2014-07-27 09:00:00,87031.999,80563.958,85385.927,78942.37
2014-07-27 10:00:00,93256.678,87031.999,90875.179,84242.962
2014-07-27 11:00:00,99004.48,93256.678,95480.818,88968.71
2014-07-27 12:00:00,103846.483,99004.48,99477.087,92905.523
2014-07-27 13:00:00,107618.937,103846.483,102759.259,95943.374
2014-07-27 14:00:00,110147.588,107618.937,105922.838,97932.008
2014-07-27 15:00:00,111774.596,110147.588,108196.353,99691.877
2014-07-27 16:00:00,113072.863,111774.596,110142.786,101626.403
2014-07-27 17:00:00,113284.181,113072.863,110662.758,103023.306
2014-07-27 18:00:00,112118.257,113284.181,109117.433,102717.313
2014-07-27 19:00:00,109260.836,112118.257,106063.543,100931.632
2014-07-27 20:00:00,107040.824,109260.836,104031.408,99694.41
2014-07-27 21:00:00,104615.006,107040.824,102710.512,99164.293
2014-07-27 22:00:00,98594.804,104615.006,97631.515,93887.204
2014-07-27 23:00:00,90840.262,98594.804,90902.549,86872.956
2014-07-28 00:00:00,83680.018,90840.262,84467.135,80317.619
2014-07-28 01:00:00,78920.476,83680.018,79736.586,75763.303
2014-07-28 02:00:00,75919.023,78920.476,76258.31,72886.788
2014-07-28 03:00:00,74373.266,75919.023,74133.896,71499.179
2014-07-28 04:00:00,74613.944,74373.266,72803.789,72137.202
2014-07-28 05:00:00,77888.225,74613.944,72861.682,75731.388
2014-07-28 06:00:00,83281.582,77888.225,72817.589,81192.459
2014-07-28 07:00:00,88964.728,83281.582,75047.315,87501.124
2014-07-28 08:00:00,95031.156,88964.728,80563.958,93783.442
2014-07-28 09:00:00,99575.307,95031.156,87031.999,99647.782
2014-07-28 10:00:00,103154.195,99575.307,93256.678,105657.74
2014-07-28 11:00:00,105870.404,103154.195,99004.48,110756.489
2014-07-28 12:00:00,107817.586,105870.404,103846.483,115290.559
2014-07-28 13:00:00,109280.933,107817.586,107618.937,119567.998
2014-07-28 14:00:00,109886.981,109280.933,110147.588,122656.462
2014-07-28 15:00:00,110018.98,109886.981,111774.596,124880.505
2014-07-28 16:00:00,110024.322,110018.98,113072.863,126395.017
2014-07-28 17:00:00,109236.865,110024.322,113284.181,126663.203
2014-07-28 18:00:00,106295.277,109236.865,112118.257,124949.027
2014-07-28 19:00:00,101862.345,106295.277,109260.836,121162.753
2014-07-28 20:00:00,99329.983,101862.345,107040.824,117617.077
2014-07-28 21:00:00,97589.276,99329.983,104615.006,114982.157
2014-07-28 22:00:00,90713.229,97589.276,98594.804,107089.125
2014-07-28 23:00:00,82871.253,90713.229,90840.262,97363.485
2014-07-29 00:00:00,76484.126,82871.253,83680.018,88968.659
2014-07-29 01:00:00,71878.997,76484.126,78920.476,82926.566
2014-07-29 02:00:00,69140.444,71878.997,75919.023,79361.485
2014-07-29 03:00:00,67702.04,69140.444,74373.266,76970.012
2014-07-29 04:00:00,67933.501,67702.04,74613.944,77010.986
2014-07-29 05:00:00,71224.721,67933.501,77888.225,80246.133
2014-07-29 06:00:00,75889.367,71224.721,83281.582,85521.65
2014-07-29 07:00:00,80756.933,75889.367,88964.728,92151.198
2014-07-29 08:00:00,84955.694,80756.933,95031.156,99469.766
2014-07-29 09:00:00,88542.24,84955.694,99575.307,106462.876
2014-07-29 10:00:00,92030.162,88542.24,103154.195,113994.066
2014-07-29 11:00:00,94748.736,92030.162,105870.404,120485.341
2014-07-29 12:00:00,96590.439,94748.736,107817.586,125657.274
2014-07-29 13:00:00,98498.623,96590.439,109280.933,130645.306
2014-07-29 14:00:00,99544.404,98498.623,109886.981,133991.07
2014-07-29 15:00:00,100248.705,99544.404,110018.98,136079.971
2014-07-29 16:00:00,100504.804,100248.705,110024.322,137800.693
2014-07-29 17:00:00,99950.307,100504.804,109236.865,138187.788
2014-07-29 18:00:00,97886.859,99950.307,106295.277,136449.774
2014-07-29 19:00:00,94973.862,97886.859,101862.345,132334.998
2014-07-29 20:00:00,94123.872,94973.862,99329.983,128334.741
2014-07-29 21:00:00,92978.087,94123.872,97589.276,124924.515
2014-07-29 22:00:00,87068.569,92978.087,90713.229,116265.37
2014-07-29 23:00:00,79864.059,87068.569,82871.253,105878.395
2014-07-30 00:00:00,73581.347,79864.059,76484.126,96738.02
2014-07-30 01:00:00,69655.157,73581.347,71878.997,89901.746
2014-07-30 02:00:00,67139.811,69655.157,69140.444,85270.655
2014-07-30 03:00:00,65935.176,67139.811,67702.04,82318.957
2014-07-30 04:00:00,66474.719,65935.176,67933.501,81711.832
2014-07-30 05:00:00,69727.294,66474.719,71224.721,84552.196
2014-07-30 06:00:00,74643.433,69727.294,75889.367,89675.519
2014-07-30 07:00:00,79376.941,74643.433,80756.933,96062.323
2014-07-30 08:00:00,83988.095,79376.941,84955.694,102188.48
2014-07-30 09:00:00,88033.716,83988.095,88542.24,108586.518
2014-07-30 10:00:00,91766.715,88033.716,92030.162,115015.112
2014-07-30 11:00:00,95073.332,91766.715,94748.736,119933.088
2014-07-30 12:00:00,97709.295,95073.332,96590.439,123687.85
2014-07-30 13:00:00,100373.916,97709.295,98498.623,126111.898
2014-07-30 14:00:00,102318.704,100373.916,99544.404,127335.964
2014-07-30 15:00:00,103818.217,102318.704,100248.705,128505.567
2014-07-30 16:00:00,104925.59,103818.217,100504.804,129256.941
2014-07-30 17:00:00,104924.732,104925.59,99950.307,128005.111
2014-07-30 18:00:00,103058.329,104924.732,97886.859,124356.658
2014-07-30 19:00:00,99628.206,103058.329,94973.862,119914.695
2014-07-30 20:00:00,97914.837,99628.206,94123.872,115945.645
2014-07-30 21:00:00,96501.278,97914.837,92978.087,112570.752
2014-07-30 22:00:00,89884.526,96501.278,87068.569,105743.964
2014-07-30 23:00:00,82210.119,89884.526,79864.059,97978.353
2014-07-31 00:00:00,75775.904,82210.119,73581.347,88242.506
2014-07-31 01:00:00,71666.227,75775.904,69655.157,83074.459
2014-07-31 02:00:00,68910.565,71666.227,67139.811,79558.509
2014-07-31 03:00:00,67681.705,68910.565,65935.176,77328.936
2014-07-31 04:00:00,68091.563,67681.705,66474.719,77389.311
2014-07-31 05:00:00,71399.665,68091.563,69727.294,80203.487
2014-07-31 06:00:00,76432.951,71399.665,74643.433,84949.267
2014-07-31 07:00:00,81623.899,76432.951,79376.941,89948.975
2014-07-31 08:00:00,86741.668,81623.899,83988.095,94636.107
2014-07-31 09:00:00,91677.784,86741.668,88033.716,98163.174
2014-07-31 10:00:00,96690.615,91677.784,91766.715,101336.115
2014-07-31 11:00:00,101224.184,96690.615,95073.332,103837.274
2014-07-31 12:00:00,105003.44,101224.184,97709.295,105581.504
2014-07-31 13:00:00,108823.221,105003.44,100373.916,107581.412
2014-07-31 14:00:00,111644.708,108823.221,102318.704,108892.038
2014-07-31 15:00:00,113575.988,111644.708,103818.217,109975.272
2014-07-31 16:00:00,115006.462,113575.988,104925.59,110418.698
2014-07-31 17:00:00,115264.389,115006.462,104924.732,109993.327
2014-07-31 18:00:00,113067.404,115264.389,103058.329,107359.426
2014-07-31 19:00:00,109256.845,113067.404,99628.206,103831.884
2014-07-31 20:00:00,107155.033,109256.845,97914.837,101032.332
2014-07-31 21:00:00,105623.795,107155.033,96501.278,99561.733
2014-07-31 22:00:00,98602.261,105623.795,89884.526,93000.064
2014-07-31 23:00:00,90132.142,98602.261,82210.119,84862.885
2014-08-01 00:00:00,82797.475,90132.142,75775.904,78011.151
2014-08-01 01:00:00,77755.277,82797.475,71666.227,73360.798
2014-08-01 02:00:00,74512.745,77755.277,68910.565,70397.845
2014-08-01 03:00:00,72812.671,74512.745,67681.705,68786.908
2014-08-01 04:00:00,72803.479,72812.671,68091.563,68673.024
2014-08-01 05:00:00,76019.28,72803.479,71399.665,71562.322
2014-08-01 06:00:00,81117.996,76019.28,76432.951,75764.983
2014-08-01 07:00:00,86245.489,81117.996,81623.899,81273.044
2014-08-01 08:00:00,91621.333,86245.489,86741.668,86708.725
2014-08-01 09:00:00,96634.277,91621.333,91677.784,91256.67
2014-08-01 10:00:00,101787.245,96634.277,96690.615,95646.548
2014-08-01 11:00:00,106099.123,101787.245,101224.184,98826.197
2014-08-01 12:00:00,109272.157,106099.123,105003.44,101553.928
2014-08-01 13:00:00,111522.338,109272.157,108823.221,104301.377
2014-08-01 14:00:00,112020.979,111522.338,111644.708,106394.805
2014-08-01 15:00:00,111064.121,112020.979,113575.988,108337.63
2014-08-01 16:00:00,109917.235,111064.121,115006.462,110147.204
2014-08-01 17:00:00,108693.527,109917.235,115264.389,110169.915
2014-08-01 18:00:00,105703.723,108693.527,113067.404,107546.657
2014-08-01 19:00:00,102209.835,105703.723,109256.845,103414.093
2014-08-01 20:00:00,100449.453,102209.835,107155.033,100021.15
2014-08-01 21:00:00,99028.96,100449.453,105623.795,98609.452
2014-08-01 22:00:00,93405.736,99028.96,98602.261,92450.238
2014-08-01 23:00:00,85877.418,93405.736,90132.142,85004.76
2014-08-02 00:00:00,79294.991,85877.418,82797.475,78522.839
2014-08-02 01:00:00,74503.179,79294.991,77755.277,73835.748
2014-08-02 02:00:00,71276.205,74503.179,74512.745,70940.181
2014-08-02 03:00:00,69277.619,71276.205,72812.671,69100.907
2014-08-02 04:00:00,68378.593,69277.619,72803.479,68379.211
2014-08-02 05:00:00,69121.647,68378.593,76019.28,69026.091
2014-08-02 06:00:00,70380.169,69121.647,81117.996,70096.024
2014-08-02 07:00:00,72677.532,70380.169,86245.489,73240.259
2014-08-02 08:00:00,77851.791,72677.532,91621.333,79161.706
2014-08-02 09:00:00,83444.233,77851.791,96634.277,85385.927
2014-08-02 10:00:00,88394.173,83444.233,101787.245,90875.179
2014-08-02 11:00:00,91908.591,88394.173,106099.123,95480.818
2014-08-02 12:00:00,94132.585,91908.591,109272.157,99477.087
2014-08-02 13:00:00,95129.018,94132.585,111522.338,102759.259
2014-08-02 14:00:00,95935.779,95129.018,112020.979,105922.838
2014-08-02 15:00:00,96509.043,95935.779,111064.121,108196.353
2014-08-02 16:00:00,97077.622,96509.043,109917.235,110142.786
2014-08-02 17:00:00,97454.324,97077.622,108693.527,110662.758
2014-08-02 18:00:00,96104.882,97454.324,105703.723,109117.433
2014-08-02 19:00:00,93789.604,96104.882,102209.835,106063.543
2014-08-02 20:00:00,92899.821,93789.604,100449.453,104031.408
2014-08-02 21:00:00,91920.188,92899.821,99028.96,102710.512
2014-08-02 22:00:00,87531.098,91920.188,93405.736,97631.515
2014-08-02 23:00:00,81467.781,87531.098,85877.418,90902.549
2014-08-03 00:00:00,75719.81,81467.781,79294.991,84467.135
2014-08-03 01:00:00,71590.232,75719.81,74503.179,79736.586
2014-08-03 02:00:00,68780.33,71590.232,71276.205,76258.31
2014-08-03 03:00:00,66936.119,68780.33,69277.619,74133.896
2014-08-03 04:00:00,66132.853,66936.119,68378.593,72803.789
2014-08-03 05:00:00,66129.666,66132.853,69121.647,72861.682
2014-08-03 06:00:00,66640.391,66129.666,70380.169,72817.589
2014-08-03 07:00:00,68318.863,66640.391,72677.532,75047.315
2014-08-03 08:00:00,73291.198,68318.863,77851.791,80563.958
2014-08-03 09:00:00,78826.846,73291.198,83444.233,87031.999
2014-08-03 10:00:00,83763.117,78826.846,88394.173,93256.678
2014-08-03 11:00:00,88096.844,83763.117,91908.591,99004.48
2014-08-03 12:00:00,91660.642,88096.844,94132.585,103846.483
2014-08-03 13:00:00,94755.441,91660.642,95129.018,107618.937
2014-08-03 14:00:00,96498.431,94755.441,95935.779,110147.588
2014-08-03 15:00:00,98740.471,96498.431,96509.043,111774.596
2014-08-03 16:00:00,101142.938,98740.471,97077.622,113072.863
2014-08-03 17:00:00,102832.872,101142.938,97454.324,113284.181
2014-08-03 18:00:00,102459.148,102832.872,96104.882,112118.257
2014-08-03 19:00:00,100632.145,102459.148,93789.604,109260.836
2014-08-03 20:00:00,99249.098,100632.145,92899.821,107040.824
2014-08-03 21:00:00,98202.418,99249.098,91920.188,104615.006
2014-08-03 22:00:00,92088.02,98202.418,87531.098,98594.804
2014-08-03 23:00:00,84853.3,92088.02,81467.781,90840.262
2014-08-04 00:00:00,78652.439,84853.3,75719.81,83680.018
2014-08-04 01:00:00,74087.828,78652.439,71590.232,78920.476
2014-08-04 02:00:00,71464.097,74087.828,68780.33,75919.023
2014-08-04 03:00:00,70289.536,71464.097,66936.119,74373.266
2014-08-04 04:00:00,70989.828,70289.536,66132.853,74613.944
2014-08-04 05:00:00,74581.201,70989.828,66129.666,77888.225
2014-08-04 06:00:00,80094.85,74581.201,66640.391,83281.582
2014-08-04 07:00:00,85509.966,80094.85,68318.863,88964.728
2014-08-04 08:00:00,91740.5,85509.966,73291.198,95031.156
2014-08-04 09:00:00,97494.286,91740.5,78826.846,99575.307
2014-08-04 10:00:00,103556.065,97494.286,83763.117,103154.195
2014-08-04 11:00:00,108778.975,103556.065,88096.844,105870.404
2014-08-04 12:00:00,113348.334,108778.975,91660.642,107817.586
2014-08-04 13:00:00,117253.432,113348.334,94755.441,109280.933
2014-08-04 14:00:00,120569.015,117253.432,96498.431,109886.981
2014-08-04 15:00:00,122968.978,120569.015,98740.471,110018.98
2014-08-04 16:00:00,124535.132,122968.978,101142.938,110024.322
2014-08-04 17:00:00,124835.685,124535.132,102832.872,109236.865
2014-08-04 18:00:00,122205.253,124835.685,102459.148,106295.277
2014-08-04 19:00:00,117303.053,122205.253,100632.145,101862.345
2014-08-04 20:00:00,113844.983,117303.053,99249.098,99329.983
2014-08-04 21:00:00,110513.159,113844.983,98202.418,97589.276
2014-08-04 22:00:00,101948.665,110513.159,92088.02,90713.229
2014-08-04 23:00:00,92236.813,101948.665,84853.3,82871.253
2014-08-05 00:00:00,84302.797,92236.813,78652.439,76484.126
2014-08-05 01:00:00,79065.816,84302.797,74087.828,71878.997
2014-08-05 02:00:00,75573.211,79065.816,71464.097,69140.444
2014-08-05 03:00:00,73688.92,75573.211,70289.536,67702.04
2014-08-05 04:00:00,73659.04,73688.92,70989.828,67933.501
2014-08-05 05:00:00,77079.703,73659.04,74581.201,71224.721
2014-08-05 06:00:00,82400.275,77079.703,80094.85,75889.367
2014-08-05 07:00:00,87842.959,82400.275,85509.966,80756.933
2014-08-05 08:00:00,93810.585,87842.959,91740.5,84955.694
2014-08-05 09:00:00,99788.416,93810.585,97494.286,88542.24
2014-08-05 10:00:00,105719.776,99788.416,103556.065,92030.162
2014-08-05 11:00:00,111435.544,105719.776,108778.975,94748.736
2014-08-05 12:00:00,116221.97,111435.544,113348.334,96590.439
2014-08-05 13:00:00,120069.036,116221.97,117253.432,98498.623
2014-08-05 14:00:00,123174.551,120069.036,120569.015,99544.404
2014-08-05 15:00:00,125021.882,123174.551,122968.978,100248.705
2014-08-05 16:00:00,126160.594,125021.882,124535.132,100504.804
2014-08-05 17:00:00,125598.756,126160.594,124835.685,99950.307
2014-08-05 18:00:00,122280.936,125598.756,122205.253,97886.859
2014-08-05 19:00:00,117253.202,122280.936,117303.053,94973.862
2014-08-05 20:00:00,114647.642,117253.202,113844.983,94123.872
2014-08-05 21:00:00,111244.532,114647.642,110513.159,92978.087
2014-08-05 22:00:00,102951.634,111244.532,101948.665,87068.569
2014-08-05 23:00:00,93768.423,102951.634,92236.813,79864.059
2014-08-06 00:00:00,85541.601,93768.423,84302.797,73581.347
2014-08-06 01:00:00,80027.391,85541.601,79065.816,69655.157
2014-08-06 02:00:00,76528.002,80027.391,75573.211,67139.811
2014-08-06 03:00:00,74628.146,76528.002,73688.92,65935.176
2014-08-06 04:00:00,74498.047,74628.146,73659.04,66474.719
2014-08-06 05:00:00,77605.825,74498.047,77079.703,69727.294
2014-08-06 06:00:00,82905.289,77605.825,82400.275,74643.433
2014-08-06 07:00:00,88133.242,82905.289,87842.959,79376.941
2014-08-06 08:00:00,93287.157,88133.242,93810.585,83988.095
2014-08-06 09:00:00,98309.018,93287.157,99788.416,88033.716
2014-08-06 10:00:00,103191.128,98309.018,105719.776,91766.715
2014-08-06 11:00:00,107329.693,103191.128,111435.544,95073.332
2014-08-06 12:00:00,110552.295,107329.693,116221.97,97709.295
2014-08-06 13:00:00,113253.427,110552.295,120069.036,100373.916
2014-08-06 14:00:00,115531.792,113253.427,123174.551,102318.704
2014-08-06 15:00:00,117243.397,115531.792,125021.882,103818.217
2014-08-06 16:00:00,118700.051,117243.397,126160.594,104925.59
2014-08-06 17:00:00,118340.2,118700.051,125598.756,104924.732
2014-08-06 18:00:00,115285.265,118340.2,122280.936,103058.329
2014-08-06 19:00:00,110308.615,115285.265,117253.202,99628.206
2014-08-06 20:00:00,107983.988,110308.615,114647.642,97914.837
2014-08-06 21:00:00,105335.652,107983.988,111244.532,96501.278
2014-08-06 22:00:00,97717.775,105335.652,102951.634,89884.526
2014-08-06 23:00:00,89091.733,97717.775,93768.423,82210.119
2014-08-07 00:00:00,81691.119,89091.733,85541.601,75775.904
2014-08-07 01:00:00,76818.961,81691.119,80027.391,71666.227
2014-08-07 02:00:00,73528.453,76818.961,76528.002,68910.565
2014-08-07 03:00:00,71586.304,73528.453,74628.146,67681.705
2014-08-07 04:00:00,71670.537,71586.304,74498.047,68091.563
2014-08-07 05:00:00,74978.364,71670.537,77605.825,71399.665
2014-08-07 06:00:00,79924.539,74978.364,82905.289,76432.951
2014-08-07 07:00:00,84955.9,79924.539,88133.242,81623.899
2014-08-07 08:00:00,90388.877,84955.9,93287.157,86741.668
2014-08-07 09:00:00,95403.999,90388.877,98309.018,91677.784
2014-08-07 10:00:00,100139.333,95403.999,103191.128,96690.615
2014-08-07 11:00:00,104446.045,100139.333,107329.693,101224.184
2014-08-07 12:00:00,108176.714,104446.045,110552.295,105003.44
2014-08-07 13:00:00,111598.697,108176.714,113253.427,108823.221
2014-08-07 14:00:00,114113.401,111598.697,115531.792,111644.708
2014-08-07 15:00:00,115951.682,114113.401,117243.397,113575.988
2014-08-07 16:00:00,116856.362,115951.682,118700.051,115006.462
2014-08-07 17:00:00,116206.416,116856.362,118340.2,115264.389
2014-08-07 18:00:00,112956.436,116206.416,115285.265,113067.404
2014-08-07 19:00:00,108077.396,112956.436,110308.615,109256.845
2014-08-07 20:00:00,105923.925,108077.396,107983.988,107155.033
2014-08-07 21:00:00,103110.503,105923.925,105335.652,105623.795
2014-08-07 22:00:00,95449.331,103110.503,97717.775,98602.261
2014-08-07 23:00:00,86906.591,95449.331,89091.733,90132.142
2014-08-08 00:00:00,79780.22,86906.591,81691.119,82797.475
2014-08-08 01:00:00,74727.257,79780.22,76818.961,77755.277
2014-08-08 02:00:00,71613.654,74727.257,73528.453,74512.745
2014-08-08 03:00:00,69838.218,71613.654,71586.304,72812.671
2014-08-08 04:00:00,70056.488,69838.218,71670.537,72803.479
2014-08-08 05:00:00,72935.21,70056.488,74978.364,76019.28
2014-08-08 06:00:00,77873.292,72935.21,79924.539,81117.996
2014-08-08 07:00:00,82755.071,77873.292,84955.9,86245.489
2014-08-08 08:00:00,87877.287,82755.071,90388.877,91621.333
2014-08-08 09:00:00,92516.094,87877.287,95403.999,96634.277
2014-08-08 10:00:00,97016.409,92516.094,100139.333,101787.245
2014-08-08 11:00:00,100964.53,97016.409,104446.045,106099.123
2014-08-08 12:00:00,104292.957,100964.53,108176.714,109272.157
2014-08-08 13:00:00,107279.914,104292.957,111598.697,111522.338
2014-08-08 14:00:00,109361.667,107279.914,114113.401,112020.979
2014-08-08 15:00:00,110791.96,109361.667,115951.682,111064.121
2014-08-08 16:00:00,111740.53,110791.96,116856.362,109917.235
2014-08-08 17:00:00,111160.926,111740.53,116206.416,108693.527
2014-08-08 18:00:00,108026.554,111160.926,112956.436,105703.723
2014-08-08 19:00:00,103727.908,108026.554,108077.396,102209.835
2014-08-08 20:00:00,101509.363,103727.908,105923.925,100449.453
2014-08-08 21:00:00,99321.204,101509.363,103110.503,99028.96
2014-08-08 22:00:00,92983.403,99321.204,95449.331,93405.736
2014-08-08 23:00:00,85386.657,92983.403,86906.591,85877.418
2014-08-09 00:00:00,78602.587,85386.657,79780.22,79294.991
2014-08-09 01:00:00,73989.199,78602.587,74727.257,74503.179
2014-08-09 02:00:00,70871.122,73989.199,71613.654,71276.205
2014-08-09 03:00:00,68723.092,70871.122,69838.218,69277.619
2014-08-09 04:00:00,67858.69,68723.092,70056.488,68378.593
2014-08-09 05:00:00,68295.766,67858.69,72935.21,69121.647
2014-08-09 06:00:00,69304.074,68295.766,77873.292,70380.169
2014-08-09 07:00:00,71919.947,69304.074,82755.071,72677.532
2014-08-09 08:00:00,77753.299,71919.947,87877.287,77851.791
2014-08-09 09:00:00,84073.066,77753.299,92516.094,83444.233
2014-08-09 10:00:00,89839.239,84073.066,97016.409,88394.173
2014-08-09 11:00:00,94499.566,89839.239,100964.53,91908.591
2014-08-09 12:00:00,97946.839,94499.566,104292.957,94132.585
2014-08-09 13:00:00,100777.435,97946.839,107279.914,95129.018
2014-08-09 14:00:00,102577.116,100777.435,109361.667,95935.779
2014-08-09 15:00:00,104153.568,102577.116,110791.96,96509.043
2014-08-09 16:00:00,105452.42,104153.568,111740.53,97077.622
2014-08-09 17:00:00,105617.193,105452.42,111160.926,97454.324
2014-08-09 18:00:00,103969.827,105617.193,108026.554,96104.882
2014-08-09 19:00:00,100773.633,103969.827,103727.908,93789.604
2014-08-09 20:00:00,98870.81,100773.633,101509.363,92899.821
2014-08-09 21:00:00,96997.712,98870.81,99321.204,91920.188
2014-08-09 22:00:00,91299.766,96997.712,92983.403,87531.098
2014-08-09 23:00:00,84463.853,91299.766,85386.657,81467.781
2014-08-10 00:00:00,78305.664,84463.853,78602.587,75719.81
2014-08-10 01:00:00,73645.057,78305.664,73989.199,71590.232
2014-08-10 02:00:00,70384.513,73645.057,70871.122,68780.33
2014-08-10 03:00:00,68094.592,70384.513,68723.092,66936.119
2014-08-10 04:00:00,67031.691,68094.592,67858.69,66132.853
2014-08-10 05:00:00,66990.641,67031.691,68295.766,66129.666
2014-08-10 06:00:00,66866.549,66990.641,69304.074,66640.391
2014-08-10 07:00:00,69094.383,66866.549,71919.947,68318.863
2014-08-10 08:00:00,74952.101,69094.383,77753.299,73291.198
2014-08-10 09:00:00,81663.237,74952.101,84073.066,78826.846
2014-08-10 10:00:00,88150.329,81663.237,89839.239,83763.117
2014-08-10 11:00:00,94151.205,88150.329,94499.566,88096.844
2014-08-10 12:00:00,99150.961,94151.205,97946.839,91660.642
2014-08-10 13:00:00,103292.548,99150.961,100777.435,94755.441
2014-08-10 14:00:00,106147.102,103292.548,102577.116,96498.431
2014-08-10 15:00:00,108424.03,106147.102,104153.568,98740.471
2014-08-10 16:00:00,110354.668,108424.03,105452.42,101142.938
2014-08-10 17:00:00,110942.078,110354.668,105617.193,102832.872
2014-08-10 18:00:00,109662.739,110942.078,103969.827,102459.148
2014-08-10 19:00:00,106265.665,109662.739,100773.633,100632.145
2014-08-10 20:00:00,105238.226,106265.665,98870.81,99249.098
2014-08-10 21:00:00,103382.811,105238.226,96997.712,98202.418
2014-08-10 22:00:00,96473.248,103382.811,91299.766,92088.02
2014-08-10 23:00:00,89096.244,96473.248,84463.853,84853.3
2014-08-11 00:00:00,82344.14,89096.244,78305.664,78652.439
2014-08-11 01:00:00,77637.861,82344.14,73645.057,74087.828
2014-08-11 02:00:00,74590.919,77637.861,70384.513,71464.097
2014-08-11 03:00:00,73155.348,74590.919,68094.592,70289.536
2014-08-11 04:00:00,73524.646,73155.348,67031.691,70989.828
2014-08-11 05:00:00,77094.912,73524.646,66990.641,74581.201
2014-08-11 06:00:00,82959.223,77094.912,66866.549,80094.85
2014-08-11 07:00:00,88770.392,82959.223,69094.383,85509.966
2014-08-11 08:00:00,94619.336,88770.392,74952.101,91740.5
2014-08-11 09:00:00,99687.34,94619.336,81663.237,97494.286
2014-08-11 10:00:00,104483.551,99687.34,88150.329,103556.065
2014-08-11 11:00:00,108361.553,104483.551,94151.205,108778.975
2014-08-11 12:00:00,111643.884,108361.553,99150.961,113348.334
2014-08-11 13:00:00,114218.644,111643.884,103292.548,117253.432
2014-08-11 14:00:00,115646.024,114218.644,106147.102,120569.015
2014-08-11 15:00:00,116101.903,115646.024,108424.03,122968.978
2014-08-11 16:00:00,116249.504,116101.903,110354.668,124535.132
2014-08-11 17:00:00,115038.276,116249.504,110942.078,124835.685
2014-08-11 18:00:00,112295.02,115038.276,109662.739,122205.253
2014-08-11 19:00:00,109243.128,112295.02,106265.665,117303.053
2014-08-11 20:00:00,108444.433,109243.128,105238.226,113844.983
2014-08-11 21:00:00,105627.394,108444.433,103382.811,110513.159
2014-08-11 22:00:00,98462.863,105627.394,96473.248,101948.665
2014-08-11 23:00:00,90323.332,98462.863,89096.244,92236.813
2014-08-12 00:00:00,83504.833,90323.332,82344.14,84302.797
2014-08-12 01:00:00,78835.213,83504.833,77637.861,79065.816
2014-08-12 02:00:00,76094.496,78835.213,74590.919,75573.211
2014-08-12 03:00:00,74736.03,76094.496,73155.348,73688.92
2014-08-12 04:00:00,75317.135,74736.03,73524.646,73659.04
2014-08-12 05:00:00,78993.176,75317.135,77094.912,77079.703
2014-08-12 06:00:00,85753.383,78993.176,82959.223,82400.275
2014-08-12 07:00:00,90835.887,85753.383,88770.392,87842.959
2014-08-12 08:00:00,94810.233,90835.887,94619.336,93810.585
2014-08-12 09:00:00,98675.558,94810.233,99687.34,99788.416
2014-08-12 10:00:00,102098.245,98675.558,104483.551,105719.776
2014-08-12 11:00:00,104818.167,102098.245,108361.553,111435.544
2014-08-12 12:00:00,106782.748,104818.167,111643.884,116221.97
2014-08-12 13:00:00,107915.568,106782.748,114218.644,120069.036
2014-08-12 14:00:00,108327.896,107915.568,115646.024,123174.551
2014-08-12 15:00:00,108261.519,108327.896,116101.903,125021.882
2014-08-12 16:00:00,108057.215,108261.519,116249.504,126160.594
2014-08-12 17:00:00,107345.242,108057.215,115038.276,125598.756
2014-08-12 18:00:00,105318.904,107345.242,112295.02,122280.936
2014-08-12 19:00:00,103011.571,105318.904,109243.128,117253.202
2014-08-12 20:00:00,102832.912,103011.571,108444.433,114647.642
2014-08-12 21:00:00,100844.415,102832.912,105627.394,111244.532
2014-08-12 22:00:00,94025.584,100844.415,98462.863,102951.634
2014-08-12 23:00:00,86343.572,94025.584,90323.332,93768.423
2014-08-13 00:00:00,80209.109,86343.572,83504.833,85541.601
2014-08-13 01:00:00,75961.782,80209.109,78835.213,80027.391
2014-08-13 02:00:00,73323.672,75961.782,76094.496,76528.002
2014-08-13 03:00:00,72000.683,73323.672,74736.03,74628.146
2014-08-13 04:00:00,72016.816,72000.683,75317.135,74498.047
2014-08-13 05:00:00,75539.931,72016.816,78993.176,77605.825
2014-08-13 06:00:00,81548.817,75539.931,85753.383,82905.289
2014-08-13 07:00:00,86331.085,81548.817,90835.887,88133.242
2014-08-13 08:00:00,91143.845,86331.085,94810.233,93287.157
2014-08-13 09:00:00,95458.068,91143.845,98675.558,98309.018
2014-08-13 10:00:00,99371.061,95458.068,102098.245,103191.128
2014-08-13 11:00:00,102166.081,99371.061,104818.167,107329.693
2014-08-13 12:00:00,104933.485,102166.081,106782.748,110552.295
2014-08-13 13:00:00,107689.073,104933.485,107915.568,113253.427
2014-08-13 14:00:00,109630.487,107689.073,108327.896,115531.792
2014-08-13 15:00:00,111081.702,109630.487,108261.519,117243.397
2014-08-13 16:00:00,112338.285,111081.702,108057.215,118700.051
2014-08-13 17:00:00,112084.471,112338.285,107345.242,118340.2
2014-08-13 18:00:00,109342.112,112084.471,105318.904,115285.265
2014-08-13 19:00:00,104868.638,109342.112,103011.571,110308.615
2014-08-13 20:00:00,102889.779,104868.638,102832.912,107983.988
2014-08-13 21:00:00,100525.869,102889.779,100844.415,105335.652
2014-08-13 22:00:00,93143.05,100525.869,94025.584,97717.775
2014-08-13 23:00:00,84683.18,93143.05,86343.572,89091.733
2014-08-14 00:00:00,77701.894,84683.18,80209.109,81691.119
2014-08-14 01:00:00,73018.982,77701.894,75961.782,76818.961
2014-08-14 02:00:00,70181.575,73018.982,73323.672,73528.453
2014-08-14 03:00:00,68596.528,70181.575,72000.683,71586.304
2014-08-14 04:00:00,68694.357,68596.528,72016.816,71670.537
2014-08-14 05:00:00,71994.873,68694.357,75539.931,74978.364
2014-08-14 06:00:00,77240.226,71994.873,81548.817,79924.539
2014-08-14 07:00:00,81948.843,77240.226,86331.085,84955.9
2014-08-14 08:00:00,86398.179,81948.843,91143.845,90388.877
2014-08-14 09:00:00,90383.406,86398.179,95458.068,95403.999
2014-08-14 10:00:00,93864.766,90383.406,99371.061,100139.333
2014-08-14 11:00:00,96687.796,93864.766,102166.081,104446.045
2014-08-14 12:00:00,99100.671,96687.796,104933.485,108176.714
2014-08-14 13:00:00,101558.319,99100.671,107689.073,111598.697
2014-08-14 14:00:00,103313.507,101558.319,109630.487,114113.401
2014-08-14 15:00:00,104371.872,103313.507,111081.702,115951.682
2014-08-14 16:00:00,105468.175,104371.872,112338.285,116856.362
2014-08-14 17:00:00,105392.604,105468.175,112084.471,116206.416
2014-08-14 18:00:00,102923.332,105392.604,109342.112,112956.436
2014-08-14 19:00:00,99057.537,102923.332,104868.638,108077.396
2014-08-14 20:00:00,98014.536,99057.537,102889.779,105923.925
2014-08-14 21:00:00,95590.611,98014.536,100525.869,103110.503
2014-08-14 22:00:00,88650.811,95590.611,93143.05,95449.331
2014-08-14 23:00:00,80938.614,88650.811,84683.18,86906.591
2014-08-15 00:00:00,74510.583,80938.614,77701.894,79780.22
2014-08-15 01:00:00,70407.598,74510.583,73018.982,74727.257
2014-08-15 02:00:00,67729.799,70407.598,70181.575,71613.654
2014-08-15 03:00:00,66464.895,67729.799,68596.528,69838.218
2014-08-15 04:00:00,66674.826,66464.895,68694.357,70056.488
2014-08-15 05:00:00,69813.923,66674.826,71994.873,72935.21
2014-08-15 06:00:00,74805.492,69813.923,77240.226,77873.292
2014-08-15 07:00:00,78890.415,74805.492,81948.843,82755.071
2014-08-15 08:00:00,83551.409,78890.415,86398.179,87877.287
2014-08-15 09:00:00,87345.102,83551.409,90383.406,92516.094
2014-08-15 10:00:00,90607.95,87345.102,93864.766,97016.409
2014-08-15 11:00:00,92994.13,90607.95,96687.796,100964.53
2014-08-15 12:00:00,95086.357,92994.13,99100.671,104292.957
2014-08-15 13:00:00,96980.987,95086.357,101558.319,107279.914
2014-08-15 14:00:00,98380.472,96980.987,103313.507,109361.667
2014-08-15 15:00:00,99506.142,98380.472,104371.872,110791.96
2014-08-15 16:00:00,100155.587,99506.142,105468.175,111740.53
2014-08-15 17:00:00,99689.191,100155.587,105392.604,111160.926
2014-08-15 18:00:00,97091.409,99689.191,102923.332,108026.554
2014-08-15 19:00:00,93767.673,97091.409,99057.537,103727.908
2014-08-15 20:00:00,92934.749,93767.673,98014.536,101509.363
2014-08-15 21:00:00,90678.414,92934.749,95590.611,99321.204
2014-08-15 22:00:00,85143.523,90678.414,88650.811,92983.403
2014-08-15 23:00:00,78287.131,85143.523,80938.614,85386.657
2014-08-16 00:00:00,72322.474,78287.131,74510.583,78602.587
2014-08-16 01:00:00,68200.529,72322.474,70407.598,73989.199
2014-08-16 02:00:00,65609.512,68200.529,67729.799,70871.122
2014-08-16 03:00:00,64209.039,65609.512,66464.895,68723.092
2014-08-16 04:00:00,63686.586,64209.039,66674.826,67858.69
2014-08-16 05:00:00,64455.922,63686.586,69813.923,68295.766
2014-08-16 06:00:00,65878.603,64455.922,74805.492,69304.074
2014-08-16 07:00:00,68203.651,65878.603,78890.415,71919.947
2014-08-16 08:00:00,73214.925,68203.651,83551.409,77753.299
2014-08-16 09:00:00,78572.806,73214.925,87345.102,84073.066
2014-08-16 10:00:00,82826.161,78572.806,90607.95,89839.239
2014-08-16 11:00:00,86153.788,82826.161,92994.13,94499.566
2014-08-16 12:00:00,88626.219,86153.788,95086.357,97946.839
2014-08-16 13:00:00,90815.674,88626.219,96980.987,100777.435
2014-08-16 14:00:00,92634.676,90815.674,98380.472,102577.116
2014-08-16 15:00:00,94338.645,92634.676,99506.142,104153.568
2014-08-16 16:00:00,96162.154,94338.645,100155.587,105452.42
2014-08-16 17:00:00,97081.576,96162.154,99689.191,105617.193
2014-08-16 18:00:00,96132.146,97081.576,97091.409,103969.827
2014-08-16 19:00:00,93328.342,96132.146,93767.673,100773.633
2014-08-16 20:00:00,92943.275,93328.342,92934.749,98870.81
2014-08-16 21:00:00,91218.529,92943.275,90678.414,96997.712
2014-08-16 22:00:00,85988.536,91218.529,85143.523,91299.766
2014-08-16 23:00:00,80151.679,85988.536,78287.131,84463.853
2014-08-17 00:00:00,74779.273,80151.679,72322.474,78305.664
2014-08-17 01:00:00,70798.061,74779.273,68200.529,73645.057
2014-08-17 02:00:00,68032.415,70798.061,65609.512,70384.513
2014-08-17 03:00:00,66359.69,68032.415,64209.039,68094.592
2014-08-17 04:00:00,65629.815,66359.69,63686.586,67031.691
2014-08-17 05:00:00,65925.038,65629.815,64455.922,66990.641
2014-08-17 06:00:00,66659.382,65925.038,65878.603,66866.549
2014-08-17 07:00:00,68465.101,66659.382,68203.651,69094.383
2014-08-17 08:00:00,73287.64,68465.101,73214.925,74952.101
2014-08-17 09:00:00,78405.179,73287.64,78572.806,81663.237
2014-08-17 10:00:00,83233.412,78405.179,82826.161,88150.329
2014-08-17 11:00:00,87246.257,83233.412,86153.788,94151.205
2014-08-17 12:00:00,91067.172,87246.257,88626.219,99150.961
2014-08-17 13:00:00,93832.514,91067.172,90815.674,103292.548
2014-08-17 14:00:00,96230.387,93832.514,92634.676,106147.102
2014-08-17 15:00:00,98657.819,96230.387,94338.645,108424.03
2014-08-17 16:00:00,100712.907,98657.819,96162.154,110354.668
2014-08-17 17:00:00,102042.48,100712.907,97081.576,110942.078
2014-08-17 18:00:00,101141.209,102042.48,96132.146,109662.739
2014-08-17 19:00:00,98740.92,101141.209,93328.342,106265.665
2014-08-17 20:00:00,99202.643,98740.92,92943.275,105238.226
2014-08-17 21:00:00,97141.495,99202.643,91218.529,103382.811
2014-08-17 22:00:00,90874.442,97141.495,85988.536,96473.248
2014-08-17 23:00:00,83746.055,90874.442,80151.679,89096.244
2014-08-18 00:00:00,77653.462,83746.055,74779.273,82344.14
2014-08-18 01:00:00,73553.808,77653.462,70798.061,77637.861
2014-08-18 02:00:00,70957.547,73553.808,68032.415,74590.919
2014-08-18 03:00:00,69883.126,70957.547,66359.69,73155.348
2014-08-18 04:00:00,70462.491,69883.126,65629.815,73524.646
2014-08-18 05:00:00,74447.794,70462.491,65925.038,77094.912
2014-08-18 06:00:00,80854.443,74447.794,66659.382,82959.223
2014-08-18 07:00:00,86167.329,80854.443,68465.101,88770.392
2014-08-18 08:00:00,90820.17,86167.329,73287.64,94619.336
2014-08-18 09:00:00,95033.377,90820.17,78405.179,99687.34
2014-08-18 10:00:00,99823.381,95033.377,83233.412,104483.551
2014-08-18 11:00:00,103915.607,99823.381,87246.257,108361.553
2014-08-18 12:00:00,107855.626,103915.607,91067.172,111643.884
2014-08-18 13:00:00,111874.945,107855.626,93832.514,114218.644
2014-08-18 14:00:00,114600.397,111874.945,96230.387,115646.024
2014-08-18 15:00:00,116143.529,114600.397,98657.819,116101.903
2014-08-18 16:00:00,117480.461,116143.529,100712.907,116249.504
2014-08-18 17:00:00,117771.95,117480.461,102042.48,115038.276
2014-08-18 18:00:00,115836.241,117771.95,101141.209,112295.02
2014-08-18 19:00:00,112351.567,115836.241,98740.92,109243.128
2014-08-18 20:00:00,111515.344,112351.567,99202.643,108444.433
2014-08-18 21:00:00,107999.242,111515.344,97141.495,105627.394
2014-08-18 22:00:00,99866.689,107999.242,90874.442,98462.863
2014-08-18 23:00:00,91025.668,99866.689,83746.055,90323.332
2014-08-19 00:00:00,83650.479,91025.668,77653.462,83504.833
2014-08-19 01:00:00,78888.721,83650.479,73553.808,78835.213
2014-08-19 02:00:00,75599.497,78888.721,70957.547,76094.496
2014-08-19 03:00:00,73990.53,75599.497,69883.126,74736.03
2014-08-19 04:00:00,74344.681,73990.53,70462.491,75317.135
2014-08-19 05:00:00,77833.284,74344.681,74447.794,78993.176
2014-08-19 06:00:00,84369.147,77833.284,80854.443,85753.383
2014-08-19 07:00:00,89574.923,84369.147,86167.329,90835.887
2014-08-19 08:00:00,94547.124,89574.923,90820.17,94810.233
2014-08-19 09:00:00,99788.702,94547.124,95033.377,98675.558
2014-08-19 10:00:00,105167.81,99788.702,99823.381,102098.245
2014-08-19 11:00:00,110320.216,105167.81,103915.607,104818.167
2014-08-19 12:00:00,114707.515,110320.216,107855.626,106782.748
2014-08-19 13:00:00,118308.226,114707.515,111874.945,107915.568
2014-08-19 14:00:00,121114.793,118308.226,114600.397,108327.896
2014-08-19 15:00:00,123676.36,121114.793,116143.529,108261.519
2014-08-19 16:00:00,125479.802,123676.36,117480.461,108057.215
2014-08-19 17:00:00,126019.804,125479.802,117771.95,107345.242
2014-08-19 18:00:00,123185.769,126019.804,115836.241,105318.904
2014-08-19 19:00:00,119038.089,123185.769,112351.567,103011.571
2014-08-19 20:00:00,117641.804,119038.089,111515.344,102832.912
2014-08-19 21:00:00,113478.113,117641.804,107999.242,100844.415
2014-08-19 22:00:00,104078.839,113478.113,99866.689,94025.584
2014-08-19 23:00:00,94977.38,104078.839,91025.668,86343.572
2014-08-20 00:00:00,87302.885,94977.38,83650.479,80209.109
2014-08-20 01:00:00,81740.803,87302.885,78888.721,75961.782
2014-08-20 02:00:00,78146.324,81740.803,75599.497,73323.672
2014-08-20 03:00:00,76052.85,78146.324,73990.53,72000.683
2014-08-20 04:00:00,75971.752,76052.85,74344.681,72016.816
2014-08-20 05:00:00,79516.843,75971.752,77833.284,75539.931
2014-08-20 06:00:00,86433.479,79516.843,84369.147,81548.817
2014-08-20 07:00:00,91404.238,86433.479,89574.923,86331.085
2014-08-20 08:00:00,96246.436,91404.238,94547.124,91143.845
2014-08-20 09:00:00,101379.902,96246.436,99788.702,95458.068
2014-08-20 10:00:00,106954.661,101379.902,105167.81,99371.061
2014-08-20 11:00:00,112324.913,106954.661,110320.216,102166.081
2014-08-20 12:00:00,117389.024,112324.913,114707.515,104933.485
2014-08-20 13:00:00,121931.533,117389.024,118308.226,107689.073
2014-08-20 14:00:00,125123.759,121931.533,121114.793,109630.487
2014-08-20 15:00:00,126610.442,125123.759,123676.36,111081.702
2014-08-20 16:00:00,127240.354,126610.442,125479.802,112338.285
2014-08-20 17:00:00,126081.83,127240.354,126019.804,112084.471
2014-08-20 18:00:00,122700.313,126081.83,123185.769,109342.112
2014-08-20 19:00:00,118679.584,122700.313,119038.089,104868.638
2014-08-20 20:00:00,116905.804,118679.584,117641.804,102889.779
2014-08-20 21:00:00,112729.999,116905.804,113478.113,100525.869
2014-08-20 22:00:00,103879.209,112729.999,104078.839,93143.05
2014-08-20 23:00:00,94867.169,103879.209,94977.38,84683.18
2014-08-21 00:00:00,87169.191,94867.169,87302.885,77701.894
2014-08-21 01:00:00,81951.253,87169.191,81740.803,73018.982
2014-08-21 02:00:00,78529.18,81951.253,78146.324,70181.575
2014-08-21 03:00:00,76516.63,78529.18,76052.85,68596.528
2014-08-21 04:00:00,76565.586,76516.63,75971.752,68694.357
2014-08-21 05:00:00,80251.816,76565.586,79516.843,71994.873
2014-08-21 06:00:00,87178.687,80251.816,86433.479,77240.226
2014-08-21 07:00:00,92568.712,87178.687,91404.238,81948.843
2014-08-21 08:00:00,98097.099,92568.712,96246.436,86398.179
2014-08-21 09:00:00,102997.428,98097.099,101379.902,90383.406
2014-08-21 10:00:00,108150.816,102997.428,106954.661,93864.766
2014-08-21 11:00:00,113039.748,108150.816,112324.913,96687.796
2014-08-21 12:00:00,116912.969,113039.748,117389.024,99100.671
2014-08-21 13:00:00,120230.693,116912.969,121931.533,101558.319
2014-08-21 14:00:00,122018.142,120230.693,125123.759,103313.507
2014-08-21 15:00:00,122266.682,122018.142,126610.442,104371.872
2014-08-21 16:00:00,121520.488,122266.682,127240.354,105468.175
2014-08-21 17:00:00,120384.399,121520.488,126081.83,105392.604
2014-08-21 18:00:00,117612.28,120384.399,122700.313,102923.332
2014-08-21 19:00:00,114962.65,117612.28,118679.584,99057.537
2014-08-21 20:00:00,114862.44,114962.65,116905.804,98014.536
2014-08-21 21:00:00,111416.697,114862.44,112729.999,95590.611
2014-08-21 22:00:00,103496.425,111416.697,103879.209,88650.811
2014-08-21 23:00:00,95339.21,103496.425,94867.169,80938.614
2014-08-22 00:00:00,87779.876,95339.21,87169.191,74510.583
2014-08-22 01:00:00,82730.279,87779.876,81951.253,70407.598
2014-08-22 02:00:00,79506.545,82730.279,78529.18,67729.799
2014-08-22 03:00:00,77653.975,79506.545,76516.63,66464.895
2014-08-22 04:00:00,77921.76,77653.975,76565.586,66674.826
2014-08-22 05:00:00,81651.925,77921.76,80251.816,69813.923
2014-08-22 06:00:00,88275.463,81651.925,87178.687,74805.492
2014-08-22 07:00:00,93588.547,88275.463,92568.712,78890.415
2014-08-22 08:00:00,98574.796,93588.547,98097.099,83551.409
2014-08-22 09:00:00,103427.798,98574.796,102997.428,87345.102
2014-08-22 10:00:00,107800.491,103427.798,108150.816,90607.95
2014-08-22 11:00:00,111010.598,107800.491,113039.748,92994.13
2014-08-22 12:00:00,113584.14,111010.598,116912.969,95086.357
2014-08-22 13:00:00,116323.052,113584.14,120230.693,96980.987
2014-08-22 14:00:00,118184.956,116323.052,122018.142,98380.472
2014-08-22 15:00:00,119408.301,118184.956,122266.682,99506.142
2014-08-22 16:00:00,120123.676,119408.301,121520.488,100155.587
2014-08-22 17:00:00,119661.205,120123.676,120384.399,99689.191
2014-08-22 18:00:00,116782.603,119661.205,117612.28,97091.409
2014-08-22 19:00:00,112952.313,116782.603,114962.65,93767.673
2014-08-22 20:00:00,111922.961,112952.313,114862.44,92934.749
2014-08-22 21:00:00,108611.771,111922.961,111416.697,90678.414
2014-08-22 22:00:00,101898.372,108611.771,103496.425,85143.523
2014-08-22 23:00:00,93862.13,101898.372,95339.21,78287.131
2014-08-23 00:00:00,86664.056,93862.13,87779.876,72322.474
2014-08-23 01:00:00,81496.724,86664.056,82730.279,68200.529
2014-08-23 02:00:00,77763.05,81496.724,79506.545,65609.512
2014-08-23 03:00:00,75372.768,77763.05,77653.975,64209.039
2014-08-23 04:00:00,74290.45,75372.768,77921.76,63686.586
2014-08-23 05:00:00,74758.978,74290.45,81651.925,64455.922
2014-08-23 06:00:00,76948.419,74758.978,88275.463,65878.603
2014-08-23 07:00:00,79576.352,76948.419,93588.547,68203.651
2014-08-23 08:00:00,85279.91,79576.352,98574.796,73214.925
2014-08-23 09:00:00,91452.449,85279.91,103427.798,78572.806
2014-08-23 10:00:00,96699.933,91452.449,107800.491,82826.161
2014-08-23 11:00:00,100504.255,96699.933,111010.598,86153.788
2014-08-23 12:00:00,103226.855,100504.255,113584.14,88626.219
2014-08-23 13:00:00,104452.011,103226.855,116323.052,90815.674
2014-08-23 14:00:00,104602.955,104452.011,118184.956,92634.676
2014-08-23 15:00:00,103914.129,104602.955,119408.301,94338.645
2014-08-23 16:00:00,103613.565,103914.129,120123.676,96162.154
2014-08-23 17:00:00,102676.32,103613.565,119661.205,97081.576
2014-08-23 18:00:00,100850.115,102676.32,116782.603,96132.146
2014-08-23 19:00:00,98663.103,100850.115,112952.313,93328.342
2014-08-23 20:00:00,98647.044,98663.103,111922.961,92943.275
2014-08-23 21:00:00,96239.13,98647.044,108611.771,91218.529
2014-08-23 22:00:00,90900.165,96239.13,101898.372,85988.536
2014-08-23 23:00:00,84452.877,90900.165,93862.13,80151.679
2014-08-24 00:00:00,78651.627,84452.877,86664.056,74779.273
2014-08-24 01:00:00,74240.302,78651.627,81496.724,70798.061
2014-08-24 02:00:00,71221.698,74240.302,77763.05,68032.415
2014-08-24 03:00:00,69285.03,71221.698,75372.768,66359.69
2014-08-24 04:00:00,68273.355,69285.03,74290.45,65629.815
2014-08-24 05:00:00,68322.505,68273.355,74758.978,65925.038
2014-08-24 06:00:00,69152.003,68322.505,76948.419,66659.382
2014-08-24 07:00:00,70932.043,69152.003,79576.352,68465.101
2014-08-24 08:00:00,76436.404,70932.043,85279.91,73287.64
2014-08-24 09:00:00,82556.35,76436.404,91452.449,78405.179
2014-08-24 10:00:00,88186.872,82556.35,96699.933,83233.412
2014-08-24 11:00:00,93223.629,88186.872,100504.255,87246.257
2014-08-24 12:00:00,97792.477,93223.629,103226.855,91067.172
2014-08-24 13:00:00,101215.362,97792.477,104452.011,93832.514
2014-08-24 14:00:00,103793.84,101215.362,104602.955,96230.387
2014-08-24 15:00:00,106135.988,103793.84,103914.129,98657.819
2014-08-24 16:00:00,108216.872,106135.988,103613.565,100712.907
2014-08-24 17:00:00,109536.827,108216.872,102676.32,102042.48
2014-08-24 18:00:00,108593.757,109536.827,100850.115,101141.209
2014-08-24 19:00:00,105801.439,108593.757,98663.103,98740.92
2014-08-24 20:00:00,105748.554,105801.439,98647.044,99202.643
2014-08-24 21:00:00,102453.01,105748.554,96239.13,97141.495
2014-08-24 22:00:00,95357.631,102453.01,90900.165,90874.442
2014-08-24 23:00:00,87400.815,95357.631,84452.877,83746.055
2014-08-25 00:00:00,81078.145,87400.815,78651.627,77653.462
2014-08-25 01:00:00,76491.695,81078.145,74240.302,73553.808
2014-08-25 02:00:00,73804.864,76491.695,71221.698,70957.547
2014-08-25 03:00:00,72589.643,73804.864,69285.03,69883.126
2014-08-25 04:00:00,73147.198,72589.643,68273.355,70462.491
2014-08-25 05:00:00,77266.802,73147.198,68322.505,74447.794
2014-08-25 06:00:00,84233.582,77266.802,69152.003,80854.443
2014-08-25 07:00:00,89629.352,84233.582,70932.043,86167.329
2014-08-25 08:00:00,94844.442,89629.352,76436.404,90820.17
2014-08-25 09:00:00,100482.207,94844.442,82556.35,95033.377
2014-08-25 10:00:00,106171.332,100482.207,88186.872,99823.381
2014-08-25 11:00:00,111283.557,106171.332,93223.629,103915.607
2014-08-25 12:00:00,115711.762,111283.557,97792.477,107855.626
2014-08-25 13:00:00,118920.593,115711.762,101215.362,111874.945
2014-08-25 14:00:00,120738.816,118920.593,103793.84,114600.397
2014-08-25 15:00:00,122031.215,120738.816,106135.988,116143.529
2014-08-25 16:00:00,123018.929,122031.215,108216.872,117480.461
2014-08-25 17:00:00,122894.645,123018.929,109536.827,117771.95
2014-08-25 18:00:00,120196.013,122894.645,108593.757,115836.241
2014-08-25 19:00:00,116113.57,120196.013,105801.439,112351.567
2014-08-25 20:00:00,115028.145,116113.57,105748.554,111515.344
2014-08-25 21:00:00,109788.46,115028.145,102453.01,107999.242
2014-08-25 22:00:00,100638.899,109788.46,95357.631,99866.689
2014-08-25 23:00:00,91152.221,100638.899,87400.815,91025.668
2014-08-26 00:00:00,83325.653,91152.221,81078.145,83650.479
2014-08-26 01:00:00,78262.021,83325.653,76491.695,78888.721
2014-08-26 02:00:00,75193.656,78262.021,73804.864,75599.497
2014-08-26 03:00:00,73326.299,75193.656,72589.643,73990.53
2014-08-26 04:00:00,73736.812,73326.299,73147.198,74344.681
2014-08-26 05:00:00,77347.746,73736.812,77266.802,77833.284
2014-08-26 06:00:00,84635.407,77347.746,84233.582,84369.147
2014-08-26 07:00:00,89616.057,84635.407,89629.352,89574.923
2014-08-26 08:00:00,94826.431,89616.057,94844.442,94547.124
2014-08-26 09:00:00,100601.877,94826.431,100482.207,99788.702
2014-08-26 10:00:00,106717.929,100601.877,106171.332,105167.81
2014-08-26 11:00:00,111981.135,106717.929,111283.557,110320.216
2014-08-26 12:00:00,116122.811,111981.135,115711.762,114707.515
2014-08-26 13:00:00,120330.598,116122.811,118920.593,118308.226
2014-08-26 14:00:00,123542.051,120330.598,120738.816,121114.793
2014-08-26 15:00:00,126187.897,123542.051,122031.215,123676.36
2014-08-26 16:00:00,128819.917,126187.897,123018.929,125479.802
2014-08-26 17:00:00,129369.004,128819.917,122894.645,126019.804
2014-08-26 18:00:00,126521.225,129369.004,120196.013,123185.769
2014-08-26 19:00:00,121714.524,126521.225,116113.57,119038.089
2014-08-26 20:00:00,119923.977,121714.524,115028.145,117641.804
2014-08-26 21:00:00,113896.834,119923.977,109788.46,113478.113
2014-08-26 22:00:00,103680.814,113896.834,100638.899,104078.839
2014-08-26 23:00:00,93657.865,103680.814,91152.221,94977.38
2014-08-27 00:00:00,85605.79,93657.865,83325.653,87302.885
2014-08-27 01:00:00,80264.559,85605.79,78262.021,81740.803
2014-08-27 02:00:00,76663.177,80264.559,75193.656,78146.324
2014-08-27 03:00:00,74893.613,76663.177,73326.299,76052.85
2014-08-27 04:00:00,74963.945,74893.613,73736.812,75971.752
2014-08-27 05:00:00,78731.481,74963.945,77347.746,79516.843
2014-08-27 06:00:00,86099.033,78731.481,84635.407,86433.479
2014-08-27 07:00:00,91185.742,86099.033,89616.057,91404.238
2014-08-27 08:00:00,96439.486,91185.742,94826.431,96246.436
2014-08-27 09:00:00,102227.2,96439.486,100601.877,101379.902
2014-08-27 10:00:00,108117.281,102227.2,106717.929,106954.661
2014-08-27 11:00:00,113988.485,108117.281,111981.135,112324.913
2014-08-27 12:00:00,119197.041,113988.485,116122.811,117389.024
2014-08-27 13:00:00,124496.531,119197.041,120330.598,121931.533
2014-08-27 14:00:00,128681.466,124496.531,123542.051,125123.759
2014-08-27 15:00:00,131728.977,128681.466,126187.897,126610.442
2014-08-27 16:00:00,133390.98,131728.977,128819.917,127240.354
2014-08-27 17:00:00,132803.629,133390.98,129369.004,126081.83
2014-08-27 18:00:00,129167.378,132803.629,126521.225,122700.313
2014-08-27 19:00:00,124007.503,129167.378,121714.524,118679.584
2014-08-27 20:00:00,122674.675,124007.503,119923.977,116905.804
2014-08-27 21:00:00,116565.917,122674.675,113896.834,112729.999
2014-08-27 22:00:00,106412.34,116565.917,103680.814,103879.209
2014-08-27 23:00:00,96516.919,106412.34,93657.865,94867.169
2014-08-28 00:00:00,88663.219,96516.919,85605.79,87169.191
2014-08-28 01:00:00,83332.193,88663.219,80264.559,81951.253
2014-08-28 02:00:00,79865.565,83332.193,76663.177,78529.18
2014-08-28 03:00:00,77556.521,79865.565,74893.613,76516.63
2014-08-28 04:00:00,77522.424,77556.521,74963.945,76565.586
2014-08-28 05:00:00,80957.336,77522.424,78731.481,80251.816
2014-08-28 06:00:00,87769.668,80957.336,86099.033,87178.687
2014-08-28 07:00:00,92301.6,87769.668,91185.742,92568.712
2014-08-28 08:00:00,96418.628,92301.6,96439.486,98097.099
2014-08-28 09:00:00,100834.462,96418.628,102227.2,102997.428
2014-08-28 10:00:00,105181.39,100834.462,108117.281,108150.816
2014-08-28 11:00:00,108630.368,105181.39,113988.485,113039.748
2014-08-28 12:00:00,111814.323,108630.368,119197.041,116912.969
2014-08-28 13:00:00,114635.003,111814.323,124496.531,120230.693
2014-08-28 14:00:00,116981.305,114635.003,128681.466,122018.142
2014-08-28 15:00:00,118598.402,116981.305,131728.977,122266.682
2014-08-28 16:00:00,119843.641,118598.402,133390.98,121520.488
2014-08-28 17:00:00,118980.635,119843.641,132803.629,120384.399
2014-08-28 18:00:00,114956.318,118980.635,129167.378,117612.28
2014-08-28 19:00:00,110173.784,114956.318,124007.503,114962.65
2014-08-28 20:00:00,109297.162,110173.784,122674.675,114862.44
2014-08-28 21:00:00,104325.29,109297.162,116565.917,111416.697
2014-08-28 22:00:00,95568.341,104325.29,106412.34,103496.425
2014-08-28 23:00:00,86708.202,95568.341,96516.919,95339.21
2014-08-29 00:00:00,79601.758,86708.202,88663.219,87779.876
2014-08-29 01:00:00,75055.265,79601.758,83332.193,82730.279
2014-08-29 02:00:00,72158.787,75055.265,79865.565,79506.545
2014-08-29 03:00:00,70499.278,72158.787,77556.521,77653.975
2014-08-29 04:00:00,70593.678,70499.278,77522.424,77921.76
2014-08-29 05:00:00,73696.806,70593.678,80957.336,81651.925
2014-08-29 06:00:00,80148.141,73696.806,87769.668,88275.463
2014-08-29 07:00:00,84582.665,80148.141,92301.6,93588.547
2014-08-29 08:00:00,89048.797,84582.665,96418.628,98574.796
2014-08-29 09:00:00,93150.243,89048.797,100834.462,103427.798
2014-08-29 10:00:00,97410.717,93150.243,105181.39,107800.491
2014-08-29 11:00:00,101127.285,97410.717,108630.368,111010.598
2014-08-29 12:00:00,104822.888,101127.285,111814.323,113584.14
2014-08-29 13:00:00,108386.445,104822.888,114635.003,116323.052
2014-08-29 14:00:00,111400.385,108386.445,116981.305,118184.956
2014-08-29 15:00:00,113725.157,111400.385,118598.402,119408.301
2014-08-29 16:00:00,115698.741,113725.157,119843.641,120123.676
2014-08-29 17:00:00,115635.697,115698.741,118980.635,119661.205
2014-08-29 18:00:00,111821.6,115635.697,114956.318,116782.603
2014-08-29 19:00:00,106837.274,111821.6,110173.784,112952.313
2014-08-29 20:00:00,105385.733,106837.274,109297.162,111922.961
2014-08-29 21:00:00,101191.589,105385.733,104325.29,108611.771
2014-08-29 22:00:00,94690.587,101191.589,95568.341,101898.372
2014-08-29 23:00:00,86947.201,94690.587,86708.202,93862.13
2014-08-30 00:00:00,80144.055,86947.201,79601.758,86664.056
2014-08-30 01:00:00,75483.523,80144.055,75055.265,81496.724
2014-08-30 02:00:00,72230.282,75483.523,72158.787,77763.05
2014-08-30 03:00:00,70191.811,72230.282,70499.278,75372.768
2014-08-30 04:00:00,69421.028,70191.811,70593.678,74290.45
2014-08-30 05:00:00,69858.658,69421.028,73696.806,74758.978
2014-08-30 06:00:00,71484.101,69858.658,80148.141,76948.419
2014-08-30 07:00:00,73624.191,71484.101,84582.665,79576.352
2014-08-30 08:00:00,79168.243,73624.191,89048.797,85279.91
2014-08-30 09:00:00,85377.062,79168.243,93150.243,91452.449
2014-08-30 10:00:00,91273.536,85377.062,97410.717,96699.933
2014-08-30 11:00:00,96109.104,91273.536,101127.285,100504.255
2014-08-30 12:00:00,100050.705,96109.104,104822.888,103226.855
2014-08-30 13:00:00,103751.883,100050.705,108386.445,104452.011
2014-08-30 14:00:00,106334.264,103751.883,111400.385,104602.955
2014-08-30 15:00:00,108057.885,106334.264,113725.157,103914.129
2014-08-30 16:00:00,109310.675,108057.885,115698.741,103613.565
2014-08-30 17:00:00,109246.578,109310.675,115635.697,102676.32
2014-08-30 18:00:00,107260.124,109246.578,111821.6,100850.115
2014-08-30 19:00:00,104978.386,107260.124,106837.274,98663.103
2014-08-30 20:00:00,104692.241,104978.386,105385.733,98647.044
2014-08-30 21:00:00,101655.443,104692.241,101191.589,96239.13
2014-08-30 22:00:00,95873.929,101655.443,94690.587,90900.165
2014-08-30 23:00:00,89419.644,95873.929,86947.201,84452.877
2014-08-31 00:00:00,83356.146,89419.644,80144.055,78651.627
2014-08-31 01:00:00,79050.578,83356.146,75483.523,74240.302
2014-08-31 02:00:00,75638.895,79050.578,72230.282,71221.698
2014-08-31 03:00:00,73394.391,75638.895,70191.811,69285.03
2014-08-31 04:00:00,72196.291,73394.391,69421.028,68273.355
2014-08-31 05:00:00,72367.45,72196.291,69858.658,68322.505
2014-08-31 06:00:00,73743.649,72367.45,71484.101,69152.003
2014-08-31 07:00:00,75688.345,73743.649,73624.191,70932.043
2014-08-31 08:00:00,81182.18,75688.345,79168.243,76436.404
2014-08-31 09:00:00,88274.759,81182.18,85377.062,82556.35
2014-08-31 10:00:00,95226.965,88274.759,91273.536,88186.872
2014-08-31 11:00:00,101504.249,95226.965,96109.104,93223.629
2014-08-31 12:00:00,106586.895,101504.249,100050.705,97792.477
2014-08-31 13:00:00,110177.897,106586.895,103751.883,101215.362
2014-08-31 14:00:00,112778.079,110177.897,106334.264,103793.84
2014-08-31 15:00:00,114335.464,112778.079,108057.885,106135.988
2014-08-31 16:00:00,114607.751,114335.464,109310.675,108216.872
2014-08-31 17:00:00,113796.839,114607.751,109246.578,109536.827
2014-08-31 18:00:00,111084.853,113796.839,107260.124,108593.757
2014-08-31 19:00:00,107940.838,111084.853,104978.386,105801.439
2014-08-31 20:00:00,106785.764,107940.838,104692.241,105748.554
2014-08-31 21:00:00,103500.948,106785.764,101655.443,102453.01
2014-08-31 22:00:00,97918.673,103500.948,95873.929,95357.631
2014-08-31 23:00:00,91018.525,97918.673,89419.644,87400.815
2014-09-01 00:00:00,84942.835,91018.525,83356.146,81078.145
2014-09-01 01:00:00,80153.341,84942.835,79050.578,76491.695
2014-09-01 02:00:00,77089.895,80153.341,75638.895,73804.864
2014-09-01 03:00:00,75134.517,77089.895,73394.391,72589.643
2014-09-01 04:00:00,74499.885,75134.517,72196.291,73147.198
2014-09-01 05:00:00,75484.884,74499.885,72367.45,77266.802
2014-09-01 06:00:00,77383.994,75484.884,73743.649,84233.582
2014-09-01 07:00:00,78943.98,77383.994,75688.345,89629.352
2014-09-01 08:00:00,84305.98,78943.98,81182.18,94844.442
2014-09-01 09:00:00,92242.427,84305.98,88274.759,100482.207
2014-09-01 10:00:00,100259.069,92242.427,95226.965,106171.332
2014-09-01 11:00:00,107038.778,100259.069,101504.249,111283.557
2014-09-01 12:00:00,112552.816,107038.778,106586.895,115711.762
2014-09-01 13:00:00,116785.275,112552.816,110177.897,118920.593
2014-09-01 14:00:00,119805.114,116785.275,112778.079,120738.816
2014-09-01 15:00:00,122185.733,119805.114,114335.464,122031.215
2014-09-01 16:00:00,123278.866,122185.733,114607.751,123018.929
2014-09-01 17:00:00,124007.147,123278.866,113796.839,122894.645
2014-09-01 18:00:00,121809.874,124007.147,111084.853,120196.013
2014-09-01 19:00:00,119300.418,121809.874,107940.838,116113.57
2014-09-01 20:00:00,119118.125,119300.418,106785.764,115028.145
2014-09-01 21:00:00,113970.794,119118.125,103500.948,109788.46
2014-09-01 22:00:00,105482.058,113970.794,97918.673,100638.899
2014-09-01 23:00:00,96797.294,105482.058,91018.525,91152.221
2014-09-02 00:00:00,89293.209,96797.294,84942.835,83325.653
2014-09-02 01:00:00,84390.955,89293.209,80153.341,78262.021
2014-09-02 02:00:00,81011.086,84390.955,77089.895,75193.656
2014-09-02 03:00:00,79426.253,81011.086,75134.517,73326.299
2014-09-02 04:00:00,79789.163,79426.253,74499.885,73736.812
2014-09-02 05:00:00,84432.961,79789.163,75484.884,77347.746
2014-09-02 06:00:00,93080.745,84432.961,77383.994,84635.407
2014-09-02 07:00:00,98908.903,93080.745,78943.98,89616.057
2014-09-02 08:00:00,104323.786,98908.903,84305.98,94826.431
2014-09-02 09:00:00,110560.497,104323.786,92242.427,100601.877
2014-09-02 10:00:00,117301.798,110560.497,100259.069,106717.929
2014-09-02 11:00:00,123125.861,117301.798,107038.778,111981.135
2014-09-02 12:00:00,127888.162,123125.861,112552.816,116122.811
2014-09-02 13:00:00,131610.899,127888.162,116785.275,120330.598
2014-09-02 14:00:00,133629.686,131610.899,119805.114,123542.051
2014-09-02 15:00:00,134412.431,133629.686,122185.733,126187.897
2014-09-02 16:00:00,134447.94,134412.431,123278.866,128819.917
2014-09-02 17:00:00,133370.797,134447.94,124007.147,129369.004
2014-09-02 18:00:00,130461.275,133370.797,121809.874,126521.225
2014-09-02 19:00:00,126744.409,130461.275,119300.418,121714.524
2014-09-02 20:00:00,124396.782,126744.409,119118.125,119923.977
2014-09-02 21:00:00,117982.383,124396.782,113970.794,113896.834
2014-09-02 22:00:00,107902.523,117982.383,105482.058,103680.814
2014-09-02 23:00:00,97849.844,107902.523,96797.294,93657.865
2014-09-03 00:00:00,89830.525,97849.844,89293.209,85605.79
2014-09-03 01:00:00,84465.095,89830.525,84390.955,80264.559
2014-09-03 02:00:00,81056.984,84465.095,81011.086,76663.177
2014-09-03 03:00:00,78752.416,81056.984,79426.253,74893.613
2014-09-03 04:00:00,78934.821,78752.416,79789.163,74963.945
2014-09-03 05:00:00,82536.137,78934.821,84432.961,78731.481
2014-09-03 06:00:00,90214.853,82536.137,93080.745,86099.033
2014-09-03 07:00:00,95000.949,90214.853,98908.903,91185.742
2014-09-03 08:00:00,98715.247,95000.949,104323.786,96439.486
2014-09-03 09:00:00,102888.593,98715.247,110560.497,102227.2
2014-09-03 10:00:00,107844.691,102888.593,117301.798,108117.281
2014-09-03 11:00:00,112679.622,107844.691,123125.861,113988.485
2014-09-03 12:00:00,116739.391,112679.622,127888.162,119197.041
2014-09-03 13:00:00,120626.321,116739.391,131610.899,124496.531
2014-09-03 14:00:00,124168.653,120626.321,133629.686,128681.466
2014-09-03 15:00:00,126984.481,124168.653,134412.431,131728.977
2014-09-03 16:00:00,128674.845,126984.481,134447.94,133390.98
2014-09-03 17:00:00,128277.256,128674.845,133370.797,132803.629
2014-09-03 18:00:00,125425.153,128277.256,130461.275,129167.378
2014-09-03 19:00:00,121407.845,125425.153,126744.409,124007.503
2014-09-03 20:00:00,119833.403,121407.845,124396.782,122674.675
2014-09-03 21:00:00,113576.776,119833.403,117982.383,116565.917
2014-09-03 22:00:00,103690.177,113576.776,107902.523,106412.34
2014-09-03 23:00:00,93718.58,103690.177,97849.844,96516.919
2014-09-04 00:00:00,85898.609,93718.58,89830.525,88663.219
2014-09-04 01:00:00,80760.66,85898.609,84465.095,83332.193
2014-09-04 02:00:00,77407.203,80760.66,81056.984,79865.565
2014-09-04 03:00:00,75484.332,77407.203,78752.416,77556.521
2014-09-04 04:00:00,75702.502,75484.332,78934.821,77522.424
2014-09-04 05:00:00,79749.558,75702.502,82536.137,80957.336
2014-09-04 06:00:00,88033.78,79749.558,90214.853,87769.668
2014-09-04 07:00:00,93347.739,88033.78,95000.949,92301.6
2014-09-04 08:00:00,97657.13,93347.739,98715.247,96418.628
2014-09-04 09:00:00,103049.407,97657.13,102888.593,100834.462
2014-09-04 10:00:00,109497.588,103049.407,107844.691,105181.39
2014-09-04 11:00:00,114735.454,109497.588,112679.622,108630.368
2014-09-04 12:00:00,119686.342,114735.454,116739.391,111814.323
2014-09-04 13:00:00,123918.225,119686.342,120626.321,114635.003
2014-09-04 14:00:00,127047.532,123918.225,124168.653,116981.305
2014-09-04 15:00:00,129240.355,127047.532,126984.481,118598.402
2014-09-04 16:00:00,131391.136,129240.355,128674.845,119843.641
2014-09-04 17:00:00,131533.716,131391.136,128277.256,118980.635
2014-09-04 18:00:00,128448.073,131533.716,125425.153,114956.318
2014-09-04 19:00:00,125030.82,128448.073,121407.845,110173.784
2014-09-04 20:00:00,124401.331,125030.82,119833.403,109297.162
2014-09-04 21:00:00,118550.758,124401.331,113576.776,104325.29
2014-09-04 22:00:00,109165.919,118550.758,103690.177,95568.341
2014-09-04 23:00:00,99541.637,109165.919,93718.58,86708.202
2014-09-05 00:00:00,91449.728,99541.637,85898.609,79601.758
2014-09-05 01:00:00,86352.703,91449.728,80760.66,75055.265
2014-09-05 02:00:00,82771.44,86352.703,77407.203,72158.787
2014-09-05 03:00:00,81027.536,82771.44,75484.332,70499.278
2014-09-05 04:00:00,81075.971,81027.536,75702.502,70593.678
2014-09-05 05:00:00,85247.665,81075.971,79749.558,73696.806
2014-09-05 06:00:00,94063.471,85247.665,88033.78,80148.141
2014-09-05 07:00:00,99596.498,94063.471,93347.739,84582.665
2014-09-05 08:00:00,104614.489,99596.498,97657.13,89048.797
2014-09-05 09:00:00,110538.952,104614.489,103049.407,93150.243
2014-09-05 10:00:00,117161.835,110538.952,109497.588,97410.717
2014-09-05 11:00:00,123481.753,117161.835,114735.454,101127.285
2014-09-05 12:00:00,129176.998,123481.753,119686.342,104822.888
2014-09-05 13:00:00,133808.398,129176.998,123918.225,108386.445
2014-09-05 14:00:00,136738.27,133808.398,127047.532,111400.385
2014-09-05 15:00:00,138157.144,136738.27,129240.355,113725.157
2014-09-05 16:00:00,137475.419,138157.144,131391.136,115698.741
2014-09-05 17:00:00,135397.243,137475.419,131533.716,115635.697
2014-09-05 18:00:00,130532.552,135397.243,128448.073,111821.6
2014-09-05 19:00:00,125486.749,130532.552,125030.82,106837.274
2014-09-05 20:00:00,123130.084,125486.749,124401.331,105385.733
2014-09-05 21:00:00,117329.843,123130.084,118550.758,101191.589
2014-09-05 22:00:00,109397.864,117329.843,109165.919,94690.587
2014-09-05 23:00:00,100376.196,109397.864,99541.637,86947.201
2014-09-06 00:00:00,92263.835,100376.196,91449.728,80144.055
2014-09-06 01:00:00,86461.025,92263.835,86352.703,75483.523
2014-09-06 02:00:00,82475.298,86461.025,82771.44,72230.282
2014-09-06 03:00:00,79649.09,82475.298,81027.536,70191.811
2014-09-06 04:00:00,78682.287,79649.09,81075.971,69421.028
2014-09-06 05:00:00,79178.607,78682.287,85247.665,69858.658
2014-09-06 06:00:00,81139.165,79178.607,94063.471,71484.101
2014-09-06 07:00:00,83958.197,81139.165,99596.498,73624.191
2014-09-06 08:00:00,90498.709,83958.197,104614.489,79168.243
2014-09-06 09:00:00,97756.234,90498.709,110538.952,85377.062
2014-09-06 10:00:00,104445.217,97756.234,117161.835,91273.536
2014-09-06 11:00:00,110178.823,104445.217,123481.753,96109.104
2014-09-06 12:00:00,114356.65,110178.823,129176.998,100050.705
2014-09-06 13:00:00,117082.594,114356.65,133808.398,103751.883
2014-09-06 14:00:00,117691.267,117082.594,136738.27,106334.264
2014-09-06 15:00:00,116870.167,117691.267,138157.144,108057.885
2014-09-06 16:00:00,115131.939,116870.167,137475.419,109310.675
2014-09-06 17:00:00,111996.916,115131.939,135397.243,109246.578
2014-09-06 18:00:00,108201.733,111996.916,130532.552,107260.124
2014-09-06 19:00:00,105397.092,108201.733,125486.749,104978.386
2014-09-06 20:00:00,103353.813,105397.092,123130.084,104692.241
2014-09-06 21:00:00,99280.547,103353.813,117329.843,101655.443
2014-09-06 22:00:00,92763.013,99280.547,109397.864,95873.929
2014-09-06 23:00:00,85488.614,92763.013,100376.196,89419.644
2014-09-07 00:00:00,78859.073,85488.614,92263.835,83356.146
2014-09-07 01:00:00,74163.419,78859.073,86461.025,79050.578
2014-09-07 02:00:00,70984.655,74163.419,82475.298,75638.895
2014-09-07 03:00:00,68695.453,70984.655,79649.09,73394.391
2014-09-07 04:00:00,67208.523,68695.453,78682.287,72196.291
2014-09-07 05:00:00,67177.362,67208.523,79178.607,72367.45
2014-09-07 06:00:00,67983.32,67177.362,81139.165,73743.649
2014-09-07 07:00:00,69174.94,67983.32,83958.197,75688.345
2014-09-07 08:00:00,73483.428,69174.94,90498.709,81182.18
2014-09-07 09:00:00,78140.21,73483.428,97756.234,88274.759
2014-09-07 10:00:00,81971.404,78140.21,104445.217,95226.965
2014-09-07 11:00:00,85432.991,81971.404,110178.823,101504.249
2014-09-07 12:00:00,88360.752,85432.991,114356.65,106586.895
2014-09-07 13:00:00,90580.518,88360.752,117082.594,110177.897
2014-09-07 14:00:00,92334.076,90580.518,117691.267,112778.079
2014-09-07 15:00:00,94065.726,92334.076,116870.167,114335.464
2014-09-07 16:00:00,95872.683,94065.726,115131.939,114607.751
2014-09-07 17:00:00,96613.796,95872.683,111996.916,113796.839
2014-09-07 18:00:00,95069.155,96613.796,108201.733,111084.853
2014-09-07 19:00:00,94023.312,95069.155,105397.092,107940.838
2014-09-07 20:00:00,94809.097,94023.312,103353.813,106785.764
2014-09-07 21:00:00,90739.801,94809.097,99280.547,103500.948
2014-09-07 22:00:00,84278.904,90739.801,92763.013,97918.673
2014-09-07 23:00:00,77613.403,84278.904,85488.614,91018.525
2014-09-08 00:00:00,72294.087,77613.403,78859.073,84942.835
2014-09-08 01:00:00,68879.002,72294.087,74163.419,80153.341
2014-09-08 02:00:00,67129.33,68879.002,70984.655,77089.895
2014-09-08 03:00:00,66349.216,67129.33,68695.453,75134.517
2014-09-08 04:00:00,67516.627,66349.216,67208.523,74499.885
2014-09-08 05:00:00,71848.346,67516.627,67177.362,75484.884
2014-09-08 06:00:00,80063.011,71848.346,67983.32,77383.994
2014-09-08 07:00:00,84732.691,80063.011,69174.94,78943.98
2014-09-08 08:00:00,87765.816,84732.691,73483.428,84305.98
2014-09-08 09:00:00,91281.819,87765.816,78140.21,92242.427
2014-09-08 10:00:00,94269.447,91281.819,81971.404,100259.069
2014-09-08 11:00:00,96387.628,94269.447,85432.991,107038.778
2014-09-08 12:00:00,98046.181,96387.628,88360.752,112552.816
2014-09-08 13:00:00,99552.242,98046.181,90580.518,116785.275
2014-09-08 14:00:00,100492.324,99552.242,92334.076,119805.114
2014-09-08 15:00:00,100915.94,100492.324,94065.726,122185.733
2014-09-08 16:00:00,101542.775,100915.94,95872.683,123278.866
2014-09-08 17:00:00,101307.136,101542.775,96613.796,124007.147
2014-09-08 18:00:00,99606.38,101307.136,95069.155,121809.874
2014-09-08 19:00:00,99062.083,99606.38,94023.312,119300.418
2014-09-08 20:00:00,100004.424,99062.083,94809.097,119118.125
2014-09-08 21:00:00,95585.666,100004.424,90739.801,113970.794
2014-09-08 22:00:00,88451.281,95585.666,84278.904,105482.058
2014-09-08 23:00:00,80765.042,88451.281,77613.403,96797.294
2014-09-09 00:00:00,75095.764,80765.042,72294.087,89293.209
2014-09-09 01:00:00,71338.104,75095.764,68879.002,84390.955
2014-09-09 02:00:00,69129.07,71338.104,67129.33,81011.086
2014-09-09 03:00:00,68237.746,69129.07,66349.216,79426.253
2014-09-09 04:00:00,68952.273,68237.746,67516.627,79789.163
2014-09-09 05:00:00,73372.868,68952.273,71848.346,84432.961
2014-09-09 06:00:00,81913.557,73372.868,80063.011,93080.745
2014-09-09 07:00:00,87101.499,81913.557,84732.691,98908.903
2014-09-09 08:00:00,89638.897,87101.499,87765.816,104323.786
2014-09-09 09:00:00,92277.134,89638.897,91281.819,110560.497
2014-09-09 10:00:00,95231.698,92277.134,94269.447,117301.798
2014-09-09 11:00:00,97433.528,95231.698,96387.628,123125.861
2014-09-09 12:00:00,99765.27,97433.528,98046.181,127888.162
2014-09-09 13:00:00,102080.146,99765.27,99552.242,131610.899
2014-09-09 14:00:00,104000.996,102080.146,100492.324,133629.686
2014-09-09 15:00:00,105214.64,104000.996,100915.94,134412.431
2014-09-09 16:00:00,105998.582,105214.64,101542.775,134447.94
2014-09-09 17:00:00,105840.184,105998.582,101307.136,133370.797
2014-09-09 18:00:00,103949.995,105840.184,99606.38,130461.275
2014-09-09 19:00:00,103824.899,103949.995,99062.083,126744.409
2014-09-09 20:00:00,104635.039,103824.899,100004.424,124396.782
2014-09-09 21:00:00,100048.973,104635.039,95585.666,117982.383
2014-09-09 22:00:00,92078.524,100048.973,88451.281,107902.523
2014-09-09 23:00:00,84386.607,92078.524,80765.042,97849.844
2014-09-10 00:00:00,78014.149,84386.607,75095.764,89830.525
2014-09-10 01:00:00,74124.069,78014.149,71338.104,84465.095
2014-09-10 02:00:00,71345.09,74124.069,69129.07,81056.984
2014-09-10 03:00:00,70348.656,71345.09,68237.746,78752.416
2014-09-10 04:00:00,71005.608,70348.656,68952.273,78934.821
2014-09-10 05:00:00,75168.61,71005.608,73372.868,82536.137
2014-09-10 06:00:00,83814.533,75168.61,81913.557,90214.853
2014-09-10 07:00:00,89235.702,83814.533,87101.499,95000.949
2014-09-10 08:00:00,92522.278,89235.702,89638.897,98715.247
2014-09-10 09:00:00,95837.084,92522.278,92277.134,102888.593
2014-09-10 10:00:00,99421.131,95837.084,95231.698,107844.691
2014-09-10 11:00:00,102193.993,99421.131,97433.528,112679.622
2014-09-10 12:00:00,105183.868,102193.993,99765.27,116739.391
2014-09-10 13:00:00,107735.761,105183.868,102080.146,120626.321
2014-09-10 14:00:00,109157.248,107735.761,104000.996,124168.653
2014-09-10 15:00:00,110428.837,109157.248,105214.64,126984.481
2014-09-10 16:00:00,111493.17,110428.837,105998.582,128674.845
2014-09-10 17:00:00,111292.029,111493.17,105840.184,128277.256
2014-09-10 18:00:00,109135.907,111292.029,103949.995,125425.153
2014-09-10 19:00:00,108246.977,109135.907,103824.899,121407.845
2014-09-10 20:00:00,107864.802,108246.977,104635.039,119833.403
2014-09-10 21:00:00,102471.029,107864.802,100048.973,113576.776
2014-09-10 22:00:00,94324.7,102471.029,92078.524,103690.177
2014-09-10 23:00:00,86302.539,94324.7,84386.607,93718.58
2014-09-11 00:00:00,80114.878,86302.539,78014.149,85898.609
2014-09-11 01:00:00,75839.377,80114.878,74124.069,80760.66
2014-09-11 02:00:00,73459.063,75839.377,71345.09,77407.203
2014-09-11 03:00:00,72108.797,73459.063,70348.656,75484.332
2014-09-11 04:00:00,72693.719,72108.797,71005.608,75702.502
2014-09-11 05:00:00,76771.613,72693.719,75168.61,79749.558
2014-09-11 06:00:00,85204.399,76771.613,83814.533,88033.78
2014-09-11 07:00:00,90590.15,85204.399,89235.702,93347.739
2014-09-11 08:00:00,92940.78,90590.15,92522.278,97657.13
2014-09-11 09:00:00,95769.061,92940.78,95837.084,103049.407
2014-09-11 10:00:00,98033.094,95769.061,99421.131,109497.588
2014-09-11 11:00:00,99740.968,98033.094,102193.993,114735.454
2014-09-11 12:00:00,101011.006,99740.968,105183.868,119686.342
2014-09-11 13:00:00,103503.67,101011.006,107735.761,123918.225
2014-09-11 14:00:00,107246.11,103503.67,109157.248,127047.532
2014-09-11 15:00:00,108182.999,107246.11,110428.837,129240.355
2014-09-11 16:00:00,108879.841,108182.999,111493.17,131391.136
2014-09-11 17:00:00,108364.959,108879.841,111292.029,131533.716
2014-09-11 18:00:00,106379.53,108364.959,109135.907,128448.073
2014-09-11 19:00:00,106045.167,106379.53,108246.977,125030.82
2014-09-11 20:00:00,106094.546,106045.167,107864.802,124401.331
2014-09-11 21:00:00,100864.863,106094.546,102471.029,118550.758
2014-09-11 22:00:00,93018.622,100864.863,94324.7,109165.919
2014-09-11 23:00:00,84494.947,93018.622,86302.539,99541.637
2014-09-12 00:00:00,77725.406,84494.947,80114.878,91449.728
2014-09-12 01:00:00,73201.948,77725.406,75839.377,86352.703
2014-09-12 02:00:00,70441.041,73201.948,73459.063,82771.44
2014-09-12 03:00:00,68705.613,70441.041,72108.797,81027.536
2014-09-12 04:00:00,68902.955,68705.613,72693.719,81075.971
2014-09-12 05:00:00,72596.775,68902.955,76771.613,85247.665
2014-09-12 06:00:00,80179.264,72596.775,85204.399,94063.471
2014-09-12 07:00:00,84471.841,80179.264,90590.15,99596.498
2014-09-12 08:00:00,86490.837,84471.841,92940.78,104614.489
2014-09-12 09:00:00,88705.246,86490.837,95769.061,110538.952
2014-09-12 10:00:00,90345.685,88705.246,98033.094,117161.835
2014-09-12 11:00:00,91469.321,90345.685,99740.968,123481.753
2014-09-12 12:00:00,92191.571,91469.321,101011.006,129176.998
2014-09-12 13:00:00,93159.806,92191.571,103503.67,133808.398
2014-09-12 14:00:00,93701.463,93159.806,107246.11,136738.27
2014-09-12 15:00:00,93739.905,93701.463,108182.999,138157.144
2014-09-12 16:00:00,93963.181,93739.905,108879.841,137475.419
2014-09-12 17:00:00,92866.347,93963.181,108364.959,135397.243
2014-09-12 18:00:00,90231.515,92866.347,106379.53,130532.552
2014-09-12 19:00:00,89490.189,90231.515,106045.167,125486.749
2014-09-12 20:00:00,89723.896,89490.189,106094.546,123130.084
2014-09-12 21:00:00,86011.145,89723.896,100864.863,117329.843
2014-09-12 22:00:00,80777.094,86011.145,93018.622,109397.864
2014-09-12 23:00:00,74867.228,80777.094,84494.947,100376.196
2014-09-13 00:00:00,69462.507,74867.228,77725.406,92263.835
2014-09-13 01:00:00,66205.998,69462.507,73201.948,86461.025
2014-09-13 02:00:00,64337.141,66205.998,70441.041,82475.298
2014-09-13 03:00:00,63005.608,64337.141,68705.613,79649.09
2014-09-13 04:00:00,62928.055,63005.608,68902.955,78682.287
2014-09-13 05:00:00,64194.686,62928.055,72596.775,79178.607
2014-09-13 06:00:00,66913.259,64194.686,80179.264,81139.165
2014-09-13 07:00:00,69807.705,66913.259,84471.841,83958.197
2014-09-13 08:00:00,73678.088,69807.705,86490.837,90498.709
2014-09-13 09:00:00,77340.976,73678.088,88705.246,97756.234
2014-09-13 10:00:00,79769.979,77340.976,90345.685,104445.217
2014-09-13 11:00:00,80915.61,79769.979,91469.321,110178.823
2014-09-13 12:00:00,81141.802,80915.61,92191.571,114356.65
2014-09-13 13:00:00,80780.112,81141.802,93159.806,117082.594
2014-09-13 14:00:00,80367.082,80780.112,93701.463,117691.267
2014-09-13 15:00:00,79763.11,80367.082,93739.905,116870.167
2014-09-13 16:00:00,79688.879,79763.11,93963.181,115131.939
2014-09-13 17:00:00,79606.016,79688.879,92866.347,111996.916
2014-09-13 18:00:00,78992.233,79606.016,90231.515,108201.733
2014-09-13 19:00:00,79816.033,78992.233,89490.189,105397.092
2014-09-13 20:00:00,81205.056,79816.033,89723.896,103353.813
2014-09-13 21:00:00,78670.137,81205.056,86011.145,99280.547
2014-09-13 22:00:00,74304.241,78670.137,80777.094,92763.013
2014-09-13 23:00:00,69421.451,74304.241,74867.228,85488.614
2014-09-14 00:00:00,65006.078,69421.451,69462.507,78859.073
2014-09-14 01:00:00,62096.742,65006.078,66205.998,74163.419
2014-09-14 02:00:00,60090.733,62096.742,64337.141,70984.655
2014-09-14 03:00:00,59030.775,60090.733,63005.608,68695.453
2014-09-14 04:00:00,58650.09,59030.775,62928.055,67208.523
2014-09-14 05:00:00,59242.902,58650.09,64194.686,67177.362
2014-09-14 06:00:00,60784.728,59242.902,66913.259,67983.32
2014-09-14 07:00:00,62452.859,60784.728,69807.705,69174.94
2014-09-14 08:00:00,66067.33,62452.859,73678.088,73483.428
2014-09-14 09:00:00,69220.92,66067.33,77340.976,78140.21
2014-09-14 10:00:00,71103.785,69220.92,79769.979,81971.404
2014-09-14 11:00:00,72252.033,71103.785,80915.61,85432.991
2014-09-14 12:00:00,73133.067,72252.033,81141.802,88360.752
2014-09-14 13:00:00,73657.057,73133.067,80780.112,90580.518
2014-09-14 14:00:00,74106.646,73657.057,80367.082,92334.076
2014-09-14 15:00:00,74771.002,74106.646,79763.11,94065.726
2014-09-14 16:00:00,75888.559,74771.002,79688.879,95872.683
2014-09-14 17:00:00,77178.188,75888.559,79606.016,96613.796
2014-09-14 18:00:00,77214.297,77178.188,78992.233,95069.155
2014-09-14 19:00:00,79352.42,77214.297,79816.033,94023.312
2014-09-14 20:00:00,81867.791,79352.42,81205.056,94809.097
2014-09-14 21:00:00,78541.439,81867.791,78670.137,90739.801
2014-09-14 22:00:00,73763.253,78541.439,74304.241,84278.904
2014-09-14 23:00:00,68459.141,73763.253,69421.451,77613.403
2014-09-15 00:00:00,64209.748,68459.141,65006.078,72294.087
2014-09-15 01:00:00,61889.733,64209.748,62096.742,68879.002
2014-09-15 02:00:00,60843.966,61889.733,60090.733,67129.33
2014-09-15 03:00:00,60675.102,60843.966,59030.775,66349.216
2014-09-15 04:00:00,61949.167,60675.102,58650.09,67516.627
2014-09-15 05:00:00,66436.543,61949.167,59242.902,71848.346
2014-09-15 06:00:00,74711.518,66436.543,60784.728,80063.011
2014-09-15 07:00:00,79561.482,74711.518,62452.859,84732.691
2014-09-15 08:00:00,82001.209,79561.482,66067.33,87765.816
2014-09-15 09:00:00,83965.374,82001.209,69220.92,91281.819
2014-09-15 10:00:00,86029.209,83965.374,71103.785,94269.447
2014-09-15 11:00:00,87398.091,86029.209,72252.033,96387.628
2014-09-15 12:00:00,88135.152,87398.091,73133.067,98046.181
2014-09-15 13:00:00,89048.676,88135.152,73657.057,99552.242
2014-09-15 14:00:00,89334.837,89048.676,74106.646,100492.324
2014-09-15 15:00:00,89369.14,89334.837,74771.002,100915.94
2014-09-15 16:00:00,89595.583,89369.14,75888.559,101542.775
2014-09-15 17:00:00,89449.097,89595.583,77178.188,101307.136
2014-09-15 18:00:00,88577.663,89449.097,77214.297,99606.38
2014-09-15 19:00:00,90585.411,88577.663,79352.42,99062.083
2014-09-15 20:00:00,91073.325,90585.411,81867.791,100004.424
2014-09-15 21:00:00,86523.816,91073.325,78541.439,95585.666
2014-09-15 22:00:00,80026.072,86523.816,73763.253,88451.281
2014-09-15 23:00:00,73826.625,80026.072,68459.141,80765.042
2014-09-16 00:00:00,68937.49,73826.625,64209.748,75095.764
2014-09-16 01:00:00,65853.292,68937.49,61889.733,71338.104
2014-09-16 02:00:00,64291.712,65853.292,60843.966,69129.07
2014-09-16 03:00:00,63665.026,64291.712,60675.102,68237.746
2014-09-16 04:00:00,64489.646,63665.026,61949.167,68952.273
2014-09-16 05:00:00,68799.629,64489.646,66436.543,73372.868
2014-09-16 06:00:00,77434.397,68799.629,74711.518,81913.557
2014-09-16 07:00:00,82366.123,77434.397,79561.482,87101.499
2014-09-16 08:00:00,84487.898,82366.123,82001.209,89638.897
2014-09-16 09:00:00,86513.12,84487.898,83965.374,92277.134
2014-09-16 10:00:00,88468.907,86513.12,86029.209,95231.698
2014-09-16 11:00:00,89736.752,88468.907,87398.091,97433.528
2014-09-16 12:00:00,90271.551,89736.752,88135.152,99765.27
2014-09-16 13:00:00,90782.071,90271.551,89048.676,102080.146
2014-09-16 14:00:00,91133.479,90782.071,89334.837,104000.996
2014-09-16 15:00:00,91335.559,91133.479,89369.14,105214.64
2014-09-16 16:00:00,91264.055,91335.559,89595.583,105998.582
2014-09-16 17:00:00,90776.405,91264.055,89449.097,105840.184
2014-09-16 18:00:00,89379.828,90776.405,88577.663,103949.995
2014-09-16 19:00:00,90311.723,89379.828,90585.411,103824.899
2014-09-16 20:00:00,91442.556,90311.723,91073.325,104635.039
2014-09-16 21:00:00,86713.077,91442.556,86523.816,100048.973
2014-09-16 22:00:00,79889.969,86713.077,80026.072,92078.524
2014-09-16 23:00:00,73157.001,79889.969,73826.625,84386.607
2014-09-17 00:00:00,68415.362,73157.001,68937.49,78014.149
2014-09-17 01:00:00,65411.361,68415.362,65853.292,74124.069
2014-09-17 02:00:00,63967.918,65411.361,64291.712,71345.09
2014-09-17 03:00:00,63014.429,63967.918,63665.026,70348.656
2014-09-17 04:00:00,63944.319,63014.429,64489.646,71005.608
2014-09-17 05:00:00,68167.907,63944.319,68799.629,75168.61
2014-09-17 06:00:00,76497.11,68167.907,77434.397,83814.533
2014-09-17 07:00:00,80828.942,76497.11,82366.123,89235.702
2014-09-17 08:00:00,82744.044,80828.942,84487.898,92522.278
2014-09-17 09:00:00,84264.691,82744.044,86513.12,95837.084
2014-09-17 10:00:00,86294.98,84264.691,88468.907,99421.131
2014-09-17 11:00:00,87453.995,86294.98,89736.752,102193.993
2014-09-17 12:00:00,88203.965,87453.995,90271.551,105183.868
2014-09-17 13:00:00,89246.534,88203.965,90782.071,107735.761
2014-09-17 14:00:00,89826.005,89246.534,91133.479,109157.248
2014-09-17 15:00:00,90213.467,89826.005,91335.559,110428.837
2014-09-17 16:00:00,90494.794,90213.467,91264.055,111493.17
2014-09-17 17:00:00,90381.37,90494.794,90776.405,111292.029
2014-09-17 18:00:00,88986.959,90381.37,89379.828,109135.907
2014-09-17 19:00:00,89931.32,88986.959,90311.723,108246.977
2014-09-17 20:00:00,90925.623,89931.32,91442.556,107864.802
2014-09-17 21:00:00,86663.625,90925.623,86713.077,102471.029
2014-09-17 22:00:00,79908.203,86663.625,79889.969,94324.7
2014-09-17 23:00:00,73305.132,79908.203,73157.001,86302.539
2014-09-18 00:00:00,68256.58,73305.132,68415.362,80114.878
2014-09-18 01:00:00,65279.427,68256.58,65411.361,75839.377
2014-09-18 02:00:00,63389.858,65279.427,63967.918,73459.063
2014-09-18 03:00:00,62890.552,63389.858,63014.429,72108.797
2014-09-18 04:00:00,63925.87,62890.552,63944.319,72693.719
2014-09-18 05:00:00,68224.45,63925.87,68167.907,76771.613
2014-09-18 06:00:00,76626.97,68224.45,76497.11,85204.399
2014-09-18 07:00:00,81096.359,76626.97,80828.942,90590.15
2014-09-18 08:00:00,83175.3,81096.359,82744.044,92940.78
2014-09-18 09:00:00,85012.447,83175.3,84264.691,95769.061
2014-09-18 10:00:00,87230.673,85012.447,86294.98,98033.094
2014-09-18 11:00:00,88841.714,87230.673,87453.995,99740.968
2014-09-18 12:00:00,89875.779,88841.714,88203.965,101011.006
2014-09-18 13:00:00,91032.186,89875.779,89246.534,103503.67
2014-09-18 14:00:00,91617.083,91032.186,89826.005,107246.11
2014-09-18 15:00:00,91622.015,91617.083,90213.467,108182.999
2014-09-18 16:00:00,91906.048,91622.015,90494.794,108879.841
2014-09-18 17:00:00,91260.878,91906.048,90381.37,108364.959
2014-09-18 18:00:00,89432.184,91260.878,88986.959,106379.53
2014-09-18 19:00:00,90545.908,89432.184,89931.32,106045.167
2014-09-18 20:00:00,91958.084,90545.908,90925.623,106094.546
2014-09-18 21:00:00,87414.881,91958.084,86663.625,100864.863
2014-09-18 22:00:00,80852.364,87414.881,79908.203,93018.622
2014-09-18 23:00:00,73979.698,80852.364,73305.132,84494.947
2014-09-19 00:00:00,69011.728,73979.698,68256.58,77725.406
2014-09-19 01:00:00,65644.148,69011.728,65279.427,73201.948
2014-09-19 02:00:00,63859.654,65644.148,63389.858,70441.041
2014-09-19 03:00:00,63201.338,63859.654,62890.552,68705.613
2014-09-19 04:00:00,64088.486,63201.338,63925.87,68902.955
2014-09-19 05:00:00,68185.54,64088.486,68224.45,72596.775
2014-09-19 06:00:00,75971.934,68185.54,76626.97,80179.264
2014-09-19 07:00:00,80529.897,75971.934,81096.359,84471.841
2014-09-19 08:00:00,82345.591,80529.897,83175.3,86490.837
2014-09-19 09:00:00,84193.12,82345.591,85012.447,88705.246
2014-09-19 10:00:00,86055.579,84193.12,87230.673,90345.685
2014-09-19 11:00:00,87288.377,86055.579,88841.714,91469.321
2014-09-19 12:00:00,88227.153,87288.377,89875.779,92191.571
2014-09-19 13:00:00,89553.272,88227.153,91032.186,93159.806
2014-09-19 14:00:00,89788.029,89553.272,91617.083,93701.463
2014-09-19 15:00:00,89934.132,89788.029,91622.015,93739.905
2014-09-19 16:00:00,89833.442,89934.132,91906.048,93963.181
2014-09-19 17:00:00,88679.154,89833.442,91260.878,92866.347
2014-09-19 18:00:00,86756.864,88679.154,89432.184,90231.515
2014-09-19 19:00:00,86912.728,86756.864,90545.908,89490.189
2014-09-19 20:00:00,87108.199,86912.728,91958.084,89723.896
2014-09-19 21:00:00,83876.329,87108.199,87414.881,86011.145
2014-09-19 22:00:00,78763.458,83876.329,80852.364,80777.094
2014-09-19 23:00:00,72712.978,78763.458,73979.698,74867.228
2014-09-20 00:00:00,67733.814,72712.978,69011.728,69462.507
2014-09-20 01:00:00,64469.517,67733.814,65644.148,66205.998
2014-09-20 02:00:00,62480.453,64469.517,63859.654,64337.141
2014-09-20 03:00:00,61368.295,62480.453,63201.338,63005.608
2014-09-20 04:00:00,61363.504,61368.295,64088.486,62928.055
2014-09-20 05:00:00,62335.611,61363.504,68185.54,64194.686
2014-09-20 06:00:00,65282.663,62335.611,75971.934,66913.259
2014-09-20 07:00:00,67832.892,65282.663,80529.897,69807.705
2014-09-20 08:00:00,71970.288,67832.892,82345.591,73678.088
2014-09-20 09:00:00,76211.834,71970.288,84193.12,77340.976
2014-09-20 10:00:00,79475.853,76211.834,86055.579,79769.979
2014-09-20 11:00:00,81526.096,79475.853,87288.377,80915.61
2014-09-20 12:00:00,83336.746,81526.096,88227.153,81141.802
2014-09-20 13:00:00,84481.634,83336.746,89553.272,80780.112
2014-09-20 14:00:00,85863.327,84481.634,89788.029,80367.082
2014-09-20 15:00:00,86892.523,85863.327,89934.132,79763.11
2014-09-20 16:00:00,87849.09,86892.523,89833.442,79688.879
2014-09-20 17:00:00,87986.194,87849.09,88679.154,79606.016
2014-09-20 18:00:00,86643.135,87986.194,86756.864,78992.233
2014-09-20 19:00:00,87455.867,86643.135,86912.728,79816.033
2014-09-20 20:00:00,87812.336,87455.867,87108.199,81205.056
2014-09-20 21:00:00,84664.017,87812.336,83876.329,78670.137
2014-09-20 22:00:00,80088.499,84664.017,78763.458,74304.241
2014-09-20 23:00:00,74781.659,80088.499,72712.978,69421.451
2014-09-21 00:00:00,70084.179,74781.659,67733.814,65006.078
2014-09-21 01:00:00,66411.609,70084.179,64469.517,62096.742
2014-09-21 02:00:00,64195.559,66411.609,62480.453,60090.733
2014-09-21 03:00:00,62726.511,64195.559,61368.295,59030.775
2014-09-21 04:00:00,62004.471,62726.511,61363.504,58650.09
2014-09-21 05:00:00,62598.395,62004.471,62335.611,59242.902
2014-09-21 06:00:00,64114.393,62598.395,65282.663,60784.728
2014-09-21 07:00:00,65852.211,64114.393,67832.892,62452.859
2014-09-21 08:00:00,69615.043,65852.211,71970.288,66067.33
2014-09-21 09:00:00,74242.824,69615.043,76211.834,69220.92
2014-09-21 10:00:00,77814.61,74242.824,79475.853,71103.785
2014-09-21 11:00:00,80644.094,77814.61,81526.096,72252.033
2014-09-21 12:00:00,83001.149,80644.094,83336.746,73133.067
2014-09-21 13:00:00,85112.081,83001.149,84481.634,73657.057
2014-09-21 14:00:00,86649.566,85112.081,85863.327,74106.646
2014-09-21 15:00:00,88212.059,86649.566,86892.523,74771.002
2014-09-21 16:00:00,89593.953,88212.059,87849.09,75888.559
2014-09-21 17:00:00,90092.074,89593.953,87986.194,77178.188
2014-09-21 18:00:00,89184.805,90092.074,86643.135,77214.297
2014-09-21 19:00:00,90676.474,89184.805,87455.867,79352.42
2014-09-21 20:00:00,91093.249,90676.474,87812.336,81867.791
2014-09-21 21:00:00,86762.507,91093.249,84664.017,78541.439
2014-09-21 22:00:00,80556.863,86762.507,80088.499,73763.253
2014-09-21 23:00:00,74210.646,80556.863,74781.659,68459.141
2014-09-22 00:00:00,69252.249,74210.646,70084.179,64209.748
2014-09-22 01:00:00,66207.729,69252.249,66411.609,61889.733
2014-09-22 02:00:00,64111.132,66207.729,64195.559,60843.966
2014-09-22 03:00:00,63252.772,64111.132,62726.511,60675.102
2014-09-22 04:00:00,64315.94,63252.772,62004.471,61949.167
2014-09-22 05:00:00,68605.935,64315.94,62598.395,66436.543
2014-09-22 06:00:00,76538.14,68605.935,64114.393,74711.518
2014-09-22 07:00:00,81435.889,76538.14,65852.211,79561.482
2014-09-22 08:00:00,83602.2,81435.889,69615.043,82001.209
2014-09-22 09:00:00,85642.969,83602.2,74242.824,83965.374
2014-09-22 10:00:00,87467.71,85642.969,77814.61,86029.209
2014-09-22 11:00:00,88486.034,87467.71,80644.094,87398.091
2014-09-22 12:00:00,89090.059,88486.034,83001.149,88135.152
2014-09-22 13:00:00,89687.477,89090.059,85112.081,89048.676
2014-09-22 14:00:00,89683.395,89687.477,86649.566,89334.837
2014-09-22 15:00:00,89544.262,89683.395,88212.059,89369.14
2014-09-22 16:00:00,89707.193,89544.262,89593.953,89595.583
2014-09-22 17:00:00,89198.635,89707.193,90092.074,89449.097
2014-09-22 18:00:00,87976.594,89198.635,89184.805,88577.663
2014-09-22 19:00:00,89407.22,87976.594,90676.474,90585.411
2014-09-22 20:00:00,89676.939,89407.22,91093.249,91073.325
2014-09-22 21:00:00,84919.395,89676.939,86762.507,86523.816
2014-09-22 22:00:00,78464.785,84919.395,80556.863,80026.072
2014-09-22 23:00:00,72667.648,78464.785,74210.646,73826.625
2014-09-23 00:00:00,68110.594,72667.648,69252.249,68937.49
2014-09-23 01:00:00,65306.449,68110.594,66207.729,65853.292
2014-09-23 02:00:00,63739.415,65306.449,64111.132,64291.712
2014-09-23 03:00:00,63126.592,63739.415,63252.772,63665.026
2014-09-23 04:00:00,64291.248,63126.592,64315.94,64489.646
2014-09-23 05:00:00,68299.974,64291.248,68605.935,68799.629
2014-09-23 06:00:00,76462.703,68299.974,76538.14,77434.397
2014-09-23 07:00:00,80838.721,76462.703,81435.889,82366.123
2014-09-23 08:00:00,81981.445,80838.721,83602.2,84487.898
2014-09-23 09:00:00,83403.346,81981.445,85642.969,86513.12
2014-09-23 10:00:00,84563.606,83403.346,87467.71,88468.907
2014-09-23 11:00:00,85345.296,84563.606,88486.034,89736.752
2014-09-23 12:00:00,86025.686,85345.296,89090.059,90271.551
2014-09-23 13:00:00,86842.443,86025.686,89687.477,90782.071
2014-09-23 14:00:00,87354.344,86842.443,89683.395,91133.479
2014-09-23 15:00:00,87546.689,87354.344,89544.262,91335.559
2014-09-23 16:00:00,87801.25,87546.689,89707.193,91264.055
2014-09-23 17:00:00,87728.724,87801.25,89198.635,90776.405
2014-09-23 18:00:00,87206.213,87728.724,87976.594,89379.828
2014-09-23 19:00:00,89254.647,87206.213,89407.22,90311.723
2014-09-23 20:00:00,89482.576,89254.647,89676.939,91442.556
2014-09-23 21:00:00,84958.31,89482.576,84919.395,86713.077
2014-09-23 22:00:00,78426.197,84958.31,78464.785,79889.969
2014-09-23 23:00:00,71977.298,78426.197,72667.648,73157.001
2014-09-24 00:00:00,67358.586,71977.298,68110.594,68415.362
2014-09-24 01:00:00,64476.801,67358.586,65306.449,65411.361
2014-09-24 02:00:00,62996.46,64476.801,63739.415,63967.918
2014-09-24 03:00:00,62533.615,62996.46,63126.592,63014.429
2014-09-24 04:00:00,63451.929,62533.615,64291.248,63944.319
2014-09-24 05:00:00,67802.92,63451.929,68299.974,68167.907
2014-09-24 06:00:00,76236.118,67802.92,76462.703,76497.11
2014-09-24 07:00:00,81033.79,76236.118,80838.721,80828.942
2014-09-24 08:00:00,82468.508,81033.79,81981.445,82744.044
2014-09-24 09:00:00,83930.153,82468.508,83403.346,84264.691
2014-09-24 10:00:00,85699.581,83930.153,84563.606,86294.98
2014-09-24 11:00:00,86856.975,85699.581,85345.296,87453.995
2014-09-24 12:00:00,87583.626,86856.975,86025.686,88203.965
2014-09-24 13:00:00,88540.353,87583.626,86842.443,89246.534
2014-09-24 14:00:00,88783.949,88540.353,87354.344,89826.005
2014-09-24 15:00:00,88708.431,88783.949,87546.689,90213.467
2014-09-24 16:00:00,89035.71,88708.431,87801.25,90494.794
2014-09-24 17:00:00,88841.379,89035.71,87728.724,90381.37
2014-09-24 18:00:00,88559.479,88841.379,87206.213,88986.959
2014-09-24 19:00:00,90207.22,88559.479,89254.647,89931.32
2014-09-24 20:00:00,90146.922,90207.22,89482.576,90925.623
2014-09-24 21:00:00,85920.937,90146.922,84958.31,86663.625
2014-09-24 22:00:00,79546.072,85920.937,78426.197,79908.203
2014-09-24 23:00:00,73591.469,79546.072,71977.298,73305.132
2014-09-25 00:00:00,68550.998,73591.469,67358.586,68256.58
2014-09-25 01:00:00,65650.498,68550.998,64476.801,65279.427
2014-09-25 02:00:00,64153.039,65650.498,62996.46,63389.858
2014-09-25 03:00:00,63443.125,64153.039,62533.615,62890.552
2014-09-25 04:00:00,64281.831,63443.125,63451.929,63925.87
2014-09-25 05:00:00,68600.504,64281.831,67802.92,68224.45
2014-09-25 06:00:00,76928.579,68600.504,76236.118,76626.97
2014-09-25 07:00:00,81903.903,76928.579,81033.79,81096.359
2014-09-25 08:00:00,83908.775,81903.903,82468.508,83175.3
2014-09-25 09:00:00,85808.025,83908.775,83930.153,85012.447
2014-09-25 10:00:00,87624.032,85808.025,85699.581,87230.673
2014-09-25 11:00:00,88439.687,87624.032,86856.975,88841.714
2014-09-25 12:00:00,89249.853,88439.687,87583.626,89875.779
2014-09-25 13:00:00,90351.686,89249.853,88540.353,91032.186
2014-09-25 14:00:00,90714.179,90351.686,88783.949,91617.083
2014-09-25 15:00:00,90622.681,90714.179,88708.431,91622.015
2014-09-25 16:00:00,90608.645,90622.681,89035.71,91906.048
2014-09-25 17:00:00,90382.942,90608.645,88841.379,91260.878
2014-09-25 18:00:00,90033.219,90382.942,88559.479,89432.184
2014-09-25 19:00:00,91575.512,90033.219,90207.22,90545.908
2014-09-25 20:00:00,91798.479,91575.512,90146.922,91958.084
2014-09-25 21:00:00,87195.167,91798.479,85920.937,87414.881
2014-09-25 22:00:00,80627.794,87195.167,79546.072,80852.364
2014-09-25 23:00:00,74503.371,80627.794,73591.469,73979.698
2014-09-26 00:00:00,69062.111,74503.371,68550.998,69011.728
2014-09-26 01:00:00,66033.387,69062.111,65650.498,65644.148
2014-09-26 02:00:00,64223.991,66033.387,64153.039,63859.654
2014-09-26 03:00:00,63357.716,64223.991,63443.125,63201.338
2014-09-26 04:00:00,63944.093,63357.716,64281.831,64088.486
2014-09-26 05:00:00,67830.57,63944.093,68600.504,68185.54
2014-09-26 06:00:00,76043.91,67830.57,76928.579,75971.934
2014-09-26 07:00:00,80441.662,76043.91,81903.903,80529.897
2014-09-26 08:00:00,82543.197,80441.662,83908.775,82345.591
2014-09-26 09:00:00,84903.986,82543.197,85808.025,84193.12
2014-09-26 10:00:00,87306.649,84903.986,87624.032,86055.579
2014-09-26 11:00:00,88994.949,87306.649,88439.687,87288.377
2014-09-26 12:00:00,90215.57,88994.949,89249.853,88227.153
2014-09-26 13:00:00,91563.073,90215.57,90351.686,89553.272
2014-09-26 14:00:00,92716.933,91563.073,90714.179,89788.029
2014-09-26 15:00:00,93528.88,92716.933,90622.681,89934.132
2014-09-26 16:00:00,93981.665,93528.88,90608.645,89833.442
2014-09-26 17:00:00,93194.782,93981.665,90382.942,88679.154
2014-09-26 18:00:00,90468.019,93194.782,90033.219,86756.864
2014-09-26 19:00:00,90165.312,90468.019,91575.512,86912.728
2014-09-26 20:00:00,89196.386,90165.312,91798.479,87108.199
2014-09-26 21:00:00,85181.41,89196.386,87195.167,83876.329
2014-09-26 22:00:00,79624.975,85181.41,80627.794,78763.458
2014-09-26 23:00:00,73457.828,79624.975,74503.371,72712.978
2014-09-27 00:00:00,68237.571,73457.828,69062.111,67733.814
2014-09-27 01:00:00,64605.332,68237.571,66033.387,64469.517
2014-09-27 02:00:00,62320.549,64605.332,64223.991,62480.453
2014-09-27 03:00:00,60927.602,62320.549,63357.716,61368.295
2014-09-27 04:00:00,60684.937,60927.602,63944.093,61363.504
2014-09-27 05:00:00,61720.536,60684.937,67830.57,62335.611
2014-09-27 06:00:00,64334.949,61720.536,76043.91,65282.663
2014-09-27 07:00:00,66911.831,64334.949,80441.662,67832.892
2014-09-27 08:00:00,70676.79,66911.831,82543.197,71970.288
2014-09-27 09:00:00,74844.335,70676.79,84903.986,76211.834
2014-09-27 10:00:00,78005.31,74844.335,87306.649,79475.853
2014-09-27 11:00:00,80067.991,78005.31,88994.949,81526.096
2014-09-27 12:00:00,81616.705,80067.991,90215.57,83336.746
2014-09-27 13:00:00,82931.412,81616.705,91563.073,84481.634
2014-09-27 14:00:00,84507.366,82931.412,92716.933,85863.327
2014-09-27 15:00:00,86062.433,84507.366,93528.88,86892.523
2014-09-27 16:00:00,87254.996,86062.433,93981.665,87849.09
2014-09-27 17:00:00,87496.341,87254.996,93194.782,87986.194
2014-09-27 18:00:00,85688.065,87496.341,90468.019,86643.135
2014-09-27 19:00:00,86171.287,85688.065,90165.312,87455.867
2014-09-27 20:00:00,85211.953,86171.287,89196.386,87812.336
2014-09-27 21:00:00,81506.679,85211.953,85181.41,84664.017
2014-09-27 22:00:00,76370.811,81506.679,79624.975,80088.499
2014-09-27 23:00:00,71056.409,76370.811,73457.828,74781.659
2014-09-28 00:00:00,66135.088,71056.409,68237.571,70084.179
2014-09-28 01:00:00,62735.138,66135.088,64605.332,66411.609
2014-09-28 02:00:00,60696.903,62735.138,62320.549,64195.559
2014-09-28 03:00:00,59465.673,60696.903,60927.602,62726.511
2014-09-28 04:00:00,58938.553,59465.673,60684.937,62004.471
2014-09-28 05:00:00,59387.659,58938.553,61720.536,62598.395
2014-09-28 06:00:00,60850.589,59387.659,64334.949,64114.393
2014-09-28 07:00:00,62745.957,60850.589,66911.831,65852.211
2014-09-28 08:00:00,66451.45,62745.957,70676.79,69615.043
2014-09-28 09:00:00,70732.133,66451.45,74844.335,74242.824
2014-09-28 10:00:00,74117.81,70732.133,78005.31,77814.61
2014-09-28 11:00:00,77095.983,74117.81,80067.991,80644.094
2014-09-28 12:00:00,79845.557,77095.983,81616.705,83001.149
2014-09-28 13:00:00,82181.681,79845.557,82931.412,85112.081
2014-09-28 14:00:00,84164.347,82181.681,84507.366,86649.566
2014-09-28 15:00:00,85919.88,84164.347,86062.433,88212.059
2014-09-28 16:00:00,87340.507,85919.88,87254.996,89593.953
2014-09-28 17:00:00,87942.299,87340.507,87496.341,90092.074
2014-09-28 18:00:00,87632.26,87942.299,85688.065,89184.805
2014-09-28 19:00:00,89972.899,87632.26,86171.287,90676.474
2014-09-28 20:00:00,89716.148,89972.899,85211.953,91093.249
2014-09-28 21:00:00,84798.084,89716.148,81506.679,86762.507
2014-09-28 22:00:00,78889.026,84798.084,76370.811,80556.863
2014-09-28 23:00:00,72738.915,78889.026,71056.409,74210.646
2014-09-29 00:00:00,67964.056,72738.915,66135.088,69252.249
2014-09-29 01:00:00,65174.705,67964.056,62735.138,66207.729
2014-09-29 02:00:00,63589.456,65174.705,60696.903,64111.132
2014-09-29 03:00:00,62970.001,63589.456,59465.673,63252.772
2014-09-29 04:00:00,64174.165,62970.001,58938.553,64315.94
2014-09-29 05:00:00,68742.257,64174.165,59387.659,68605.935
2014-09-29 06:00:00,77440.706,68742.257,60850.589,76538.14
2014-09-29 07:00:00,82601.953,77440.706,62745.957,81435.889
2014-09-29 08:00:00,84768.724,82601.953,66451.45,83602.2
2014-09-29 09:00:00,87440.016,84768.724,70732.133,85642.969
2014-09-29 10:00:00,90742.006,87440.016,74117.81,87467.71
2014-09-29 11:00:00,92838.692,90742.006,77095.983,88486.034
2014-09-29 12:00:00,94720.79,92838.692,79845.557,89090.059
2014-09-29 13:00:00,96188.814,94720.79,82181.681,89687.477
2014-09-29 14:00:00,97104.371,96188.814,84164.347,89683.395
2014-09-29 15:00:00,97357.418,97104.371,85919.88,89544.262
2014-09-29 16:00:00,97698.85,97357.418,87340.507,89707.193
2014-09-29 17:00:00,97418.144,97698.85,87942.299,89198.635
2014-09-29 18:00:00,96781.463,97418.144,87632.26,87976.594
2014-09-29 19:00:00,97740.69,96781.463,89972.899,89407.22
2014-09-29 20:00:00,96308.394,97740.69,89716.148,89676.939
2014-09-29 21:00:00,90504.196,96308.394,84798.084,84919.395
2014-09-29 22:00:00,83157.015,90504.196,78889.026,78464.785
2014-09-29 23:00:00,75977.432,83157.015,72738.915,72667.648
2014-09-30 00:00:00,70634.984,75977.432,67964.056,68110.594
2014-09-30 01:00:00,67111.551,70634.984,65174.705,65306.449
2014-09-30 02:00:00,65325.17,67111.551,63589.456,63739.415
2014-09-30 03:00:00,64438.954,65325.17,62970.001,63126.592
2014-09-30 04:00:00,65406.184,64438.954,64174.165,64291.248
2014-09-30 05:00:00,69647.703,65406.184,68742.257,68299.974
2014-09-30 06:00:00,78457.727,69647.703,77440.706,76462.703
2014-09-30 07:00:00,83438.839,78457.727,82601.953,80838.721
2014-09-30 08:00:00,85038.584,83438.839,84768.724,81981.445
2014-09-30 09:00:00,86767.947,85038.584,87440.016,83403.346
2014-09-30 10:00:00,88944.366,86767.947,90742.006,84563.606
2014-09-30 11:00:00,90210.432,88944.366,92838.692,85345.296
2014-09-30 12:00:00,91440.002,90210.432,94720.79,86025.686
2014-09-30 13:00:00,92591.287,91440.002,96188.814,86842.443
2014-09-30 14:00:00,93207.107,92591.287,97104.371,87354.344
2014-09-30 15:00:00,93475.075,93207.107,97357.418,87546.689
2014-09-30 16:00:00,93582.181,93475.075,97698.85,87801.25
2014-09-30 17:00:00,92773.446,93582.181,97418.144,87728.724
2014-09-30 18:00:00,91808.65,92773.446,96781.463,87206.213
2014-09-30 19:00:00,94116.129,91808.65,97740.69,89254.647
2014-09-30 20:00:00,93009.167,94116.129,96308.394,89482.576
2014-09-30 21:00:00,87931.919,93009.167,90504.196,84958.31
2014-09-30 22:00:00,81048.603,87931.919,83157.015,78426.197
2014-09-30 23:00:00,74246.372,81048.603,75977.432,71977.298
2014-10-01 00:00:00,69249.71,74246.372,70634.984,67358.586
2014-10-01 01:00:00,66164.787,69249.71,67111.551,64476.801
2014-10-01 02:00:00,64516.273,66164.787,65325.17,62996.46
2014-10-01 03:00:00,63781.156,64516.273,64438.954,62533.615
2014-10-01 04:00:00,64753.754,63781.156,65406.184,63451.929
2014-10-01 05:00:00,69047.83,64753.754,69647.703,67802.92
2014-10-01 06:00:00,77575.908,69047.83,78457.727,76236.118
2014-10-01 07:00:00,82806.705,77575.908,83438.839,81033.79
2014-10-01 08:00:00,84193.53,82806.705,85038.584,82468.508
2014-10-01 09:00:00,85817.961,84193.53,86767.947,83930.153
2014-10-01 10:00:00,87433.657,85817.961,88944.366,85699.581
2014-10-01 11:00:00,88535.774,87433.657,90210.432,86856.975
2014-10-01 12:00:00,89322.159,88535.774,91440.002,87583.626
2014-10-01 13:00:00,90163.09,89322.159,92591.287,88540.353
2014-10-01 14:00:00,90496.977,90163.09,93207.107,88783.949
2014-10-01 15:00:00,90795.715,90496.977,93475.075,88708.431
2014-10-01 16:00:00,91254.856,90795.715,93582.181,89035.71
2014-10-01 17:00:00,91062.67,91254.856,92773.446,88841.379
2014-10-01 18:00:00,90171.868,91062.67,91808.65,88559.479
2014-10-01 19:00:00,92666.679,90171.868,94116.129,90207.22
2014-10-01 20:00:00,92086.285,92666.679,93009.167,90146.922
2014-10-01 21:00:00,87533.556,92086.285,87931.919,85920.937
2014-10-01 22:00:00,80783.545,87533.556,81048.603,79546.072
2014-10-01 23:00:00,74002.256,80783.545,74246.372,73591.469
2014-10-02 00:00:00,69089.397,74002.256,69249.71,68550.998
2014-10-02 01:00:00,65670.592,69089.397,66164.787,65650.498
2014-10-02 02:00:00,64112.009,65670.592,64516.273,64153.039
2014-10-02 03:00:00,63272.219,64112.009,63781.156,63443.125
2014-10-02 04:00:00,64292.427,63272.219,64753.754,64281.831
2014-10-02 05:00:00,68673.267,64292.427,69047.83,68600.504
2014-10-02 06:00:00,77239.012,68673.267,77575.908,76928.579
2014-10-02 07:00:00,82550.644,77239.012,82806.705,81903.903
2014-10-02 08:00:00,84377.668,82550.644,84193.53,83908.775
2014-10-02 09:00:00,86104.588,84377.668,85817.961,85808.025
2014-10-02 10:00:00,88329.114,86104.588,87433.657,87624.032
2014-10-02 11:00:00,89866.645,88329.114,88535.774,88439.687
2014-10-02 12:00:00,91335.789,89866.645,89322.159,89249.853
2014-10-02 13:00:00,92597.103,91335.789,90163.09,90351.686
2014-10-02 14:00:00,93300.169,92597.103,90496.977,90714.179
2014-10-02 15:00:00,93742.133,93300.169,90795.715,90622.681
2014-10-02 16:00:00,94169.361,93742.133,91254.856,90608.645
2014-10-02 17:00:00,93612.73,94169.361,91062.67,90382.942
2014-10-02 18:00:00,93008.571,93612.73,90171.868,90033.219
2014-10-02 19:00:00,95338.245,93008.571,92666.679,91575.512
2014-10-02 20:00:00,94251.186,95338.245,92086.285,91798.479
2014-10-02 21:00:00,89683.516,94251.186,87533.556,87195.167
2014-10-02 22:00:00,82695.442,89683.516,80783.545,80627.794
2014-10-02 23:00:00,76053.387,82695.442,74002.256,74503.371
2014-10-03 00:00:00,70828.043,76053.387,69089.397,69062.111
2014-10-03 01:00:00,67524.432,70828.043,65670.592,66033.387
2014-10-03 02:00:00,65608.613,67524.432,64112.009,64223.991
2014-10-03 03:00:00,64731.363,65608.613,63272.219,63357.716
2014-10-03 04:00:00,65578.45,64731.363,64292.427,63944.093
2014-10-03 05:00:00,69905.589,65578.45,68673.267,67830.57
2014-10-03 06:00:00,78164.581,69905.589,77239.012,76043.91
2014-10-03 07:00:00,83254.28,78164.581,82550.644,80441.662
2014-10-03 08:00:00,85332.745,83254.28,84377.668,82543.197
2014-10-03 09:00:00,86854.373,85332.745,86104.588,84903.986
2014-10-03 10:00:00,88401.931,86854.373,88329.114,87306.649
2014-10-03 11:00:00,89011.709,88401.931,89866.645,88994.949
2014-10-03 12:00:00,89368.347,89011.709,91335.789,90215.57
2014-10-03 13:00:00,89140.839,89368.347,92597.103,91563.073
2014-10-03 14:00:00,88923.243,89140.839,93300.169,92716.933
2014-10-03 15:00:00,88155.187,88923.243,93742.133,93528.88
2014-10-03 16:00:00,87487.178,88155.187,94169.361,93981.665
2014-10-03 17:00:00,86503.22,87487.178,93612.73,93194.782
2014-10-03 18:00:00,86152.65,86503.22,93008.571,90468.019
2014-10-03 19:00:00,87520.741,86152.65,95338.245,90165.312
2014-10-03 20:00:00,86208.414,87520.741,94251.186,89196.386
2014-10-03 21:00:00,83118.482,86208.414,89683.516,85181.41
2014-10-03 22:00:00,78112.52,83118.482,82695.442,79624.975
2014-10-03 23:00:00,72435.247,78112.52,76053.387,73457.828
2014-10-04 00:00:00,67671.1,72435.247,70828.043,68237.571
2014-10-04 01:00:00,64651.728,67671.1,67524.432,64605.332
2014-10-04 02:00:00,62720.37,64651.728,65608.613,62320.549
2014-10-04 03:00:00,61617.175,62720.37,64731.363,60927.602
2014-10-04 04:00:00,61485.068,61617.175,65578.45,60684.937
2014-10-04 05:00:00,62823.351,61485.068,69905.589,61720.536
2014-10-04 06:00:00,65752.66,62823.351,78164.581,64334.949
2014-10-04 07:00:00,69137.681,65752.66,83254.28,66911.831
2014-10-04 08:00:00,72755.743,69137.681,85332.745,70676.79
2014-10-04 09:00:00,76477.522,72755.743,86854.373,74844.335
2014-10-04 10:00:00,78777.413,76477.522,88401.931,78005.31
2014-10-04 11:00:00,79443.096,78777.413,89011.709,80067.991
2014-10-04 12:00:00,78942.283,79443.096,89368.347,81616.705
2014-10-04 13:00:00,78126.854,78942.283,89140.839,82931.412
2014-10-04 14:00:00,77014.104,78126.854,88923.243,84507.366
2014-10-04 15:00:00,76380.893,77014.104,88155.187,86062.433
2014-10-04 16:00:00,76112.66,76380.893,87487.178,87254.996
2014-10-04 17:00:00,76121.076,76112.66,86503.22,87496.341
2014-10-04 18:00:00,76471.914,76121.076,86152.65,85688.065
2014-10-04 19:00:00,79327.16,76471.914,87520.741,86171.287
2014-10-04 20:00:00,79059.973,79327.16,86208.414,85211.953
2014-10-04 21:00:00,76602.009,79059.973,83118.482,81506.679
2014-10-04 22:00:00,72991.604,76602.009,78112.52,76370.811
2014-10-04 23:00:00,68686.947,72991.604,72435.247,71056.409
2014-10-05 00:00:00,64838.982,68686.947,67671.1,66135.088
2014-10-05 01:00:00,62316.019,64838.982,64651.728,62735.138
2014-10-05 02:00:00,60869.144,62316.019,62720.37,60696.903
2014-10-05 03:00:00,60106.16,60869.144,61617.175,59465.673
2014-10-05 04:00:00,60073.59,60106.16,61485.068,58938.553
2014-10-05 05:00:00,61113.887,60073.59,62823.351,59387.659
2014-10-05 06:00:00,63613.307,61113.887,65752.66,60850.589
2014-10-05 07:00:00,66296.051,63613.307,69137.681,62745.957
2014-10-05 08:00:00,69539.35,66296.051,72755.743,66451.45
2014-10-05 09:00:00,71812.655,69539.35,76477.522,70732.133
2014-10-05 10:00:00,72330.365,71812.655,78777.413,74117.81
2014-10-05 11:00:00,72156.708,72330.365,79443.096,77095.983
2014-10-05 12:00:00,72279.547,72156.708,78942.283,79845.557
2014-10-05 13:00:00,71765.227,72279.547,78126.854,82181.681
2014-10-05 14:00:00,71352.801,71765.227,77014.104,84164.347
2014-10-05 15:00:00,71215.84,71352.801,76380.893,85919.88
2014-10-05 16:00:00,72028.564,71215.84,76112.66,87340.507
2014-10-05 17:00:00,73660.447,72028.564,76121.076,87942.299
2014-10-05 18:00:00,75979.769,73660.447,76471.914,87632.26
2014-10-05 19:00:00,80868.51,75979.769,79327.16,89972.899
2014-10-05 20:00:00,80837.671,80868.51,79059.973,89716.148
2014-10-05 21:00:00,77617.548,80837.671,76602.009,84798.084
2014-10-05 22:00:00,73345.776,77617.548,72991.604,78889.026
2014-10-05 23:00:00,68594.462,73345.776,68686.947,72738.915
2014-10-06 00:00:00,65009.558,68594.462,64838.982,67964.056
2014-10-06 01:00:00,63053.244,65009.558,62316.019,65174.705
2014-10-06 02:00:00,62199.625,63053.244,60869.144,63589.456
2014-10-06 03:00:00,62425.18,62199.625,60106.16,62970.001
2014-10-06 04:00:00,63927.672,62425.18,60073.59,64174.165
2014-10-06 05:00:00,69202.17,63927.672,61113.887,68742.257
2014-10-06 06:00:00,78183.643,69202.17,63613.307,77440.706
2014-10-06 07:00:00,83669.855,78183.643,66296.051,82601.953
2014-10-06 08:00:00,84493.698,83669.855,69539.35,84768.724
2014-10-06 09:00:00,85001.961,84493.698,71812.655,87440.016
2014-10-06 10:00:00,85511.176,85001.961,72330.365,90742.006
2014-10-06 11:00:00,85735.771,85511.176,72156.708,92838.692
2014-10-06 12:00:00,85751.663,85735.771,72279.547,94720.79
2014-10-06 13:00:00,85923.511,85751.663,71765.227,96188.814
2014-10-06 14:00:00,85536.24,85923.511,71352.801,97104.371
2014-10-06 15:00:00,84957.19,85536.24,71215.84,97357.418
2014-10-06 16:00:00,84970.164,84957.19,72028.564,97698.85
2014-10-06 17:00:00,85411.611,84970.164,73660.447,97418.144
2014-10-06 18:00:00,86249.299,85411.611,75979.769,96781.463
2014-10-06 19:00:00,89593.792,86249.299,80868.51,97740.69
2014-10-06 20:00:00,88573.26,89593.792,80837.671,96308.394
2014-10-06 21:00:00,84222.048,88573.26,77617.548,90504.196
2014-10-06 22:00:00,78218.753,84222.048,73345.776,83157.015
2014-10-06 23:00:00,72382.583,78218.753,68594.462,75977.432
2014-10-07 00:00:00,67866.612,72382.583,65009.558,70634.984
2014-10-07 01:00:00,65149.564,67866.612,63053.244,67111.551
2014-10-07 02:00:00,63654.754,65149.564,62199.625,65325.17
2014-10-07 03:00:00,63062.279,63654.754,62425.18,64438.954
2014-10-07 04:00:00,64025.33,63062.279,63927.672,65406.184
2014-10-07 05:00:00,68778.399,64025.33,69202.17,69647.703
2014-10-07 06:00:00,77485.674,68778.399,78183.643,78457.727
2014-10-07 07:00:00,82785.636,77485.674,83669.855,83438.839
2014-10-07 08:00:00,83726.95,82785.636,84493.698,85038.584
2014-10-07 09:00:00,84716.009,83726.95,85001.961,86767.947
2014-10-07 10:00:00,85792.229,84716.009,85511.176,88944.366
2014-10-07 11:00:00,86314.374,85792.229,85735.771,90210.432
2014-10-07 12:00:00,86774.895,86314.374,85751.663,91440.002
2014-10-07 13:00:00,86975.417,86774.895,85923.511,92591.287
2014-10-07 14:00:00,86752.231,86975.417,85536.24,93207.107
2014-10-07 15:00:00,86298.068,86752.231,84957.19,93475.075
2014-10-07 16:00:00,86647.878,86298.068,84970.164,93582.181
2014-10-07 17:00:00,86867.955,86647.878,85411.611,92773.446
2014-10-07 18:00:00,88032.949,86867.955,86249.299,91808.65
2014-10-07 19:00:00,90588.275,88032.949,89593.792,94116.129
2014-10-07 20:00:00,89583.002,90588.275,88573.26,93009.167
2014-10-07 21:00:00,85188.218,89583.002,84222.048,87931.919
2014-10-07 22:00:00,79086.141,85188.218,78218.753,81048.603
2014-10-07 23:00:00,73026.716,79086.141,72382.583,74246.372
2014-10-08 00:00:00,68418.433,73026.716,67866.612,69249.71
2014-10-08 01:00:00,65621.187,68418.433,65149.564,66164.787
2014-10-08 02:00:00,64051.82,65621.187,63654.754,64516.273
2014-10-08 03:00:00,63637.45,64051.82,63062.279,63781.156
2014-10-08 04:00:00,64753.793,63637.45,64025.33,64753.754
2014-10-08 05:00:00,69218.897,64753.793,68778.399,69047.83
2014-10-08 06:00:00,77986.601,69218.897,77485.674,77575.908
2014-10-08 07:00:00,82860.286,77986.601,82785.636,82806.705
2014-10-08 08:00:00,84002.218,82860.286,83726.95,84193.53
2014-10-08 09:00:00,84837.07,84002.218,84716.009,85817.961
2014-10-08 10:00:00,85749.608,84837.07,85792.229,87433.657
2014-10-08 11:00:00,86490.961,85749.608,86314.374,88535.774
2014-10-08 12:00:00,86798.386,86490.961,86774.895,89322.159
2014-10-08 13:00:00,87249.407,86798.386,86975.417,90163.09
2014-10-08 14:00:00,87097.834,87249.407,86752.231,90496.977
2014-10-08 15:00:00,86999.887,87097.834,86298.068,90795.715
2014-10-08 16:00:00,86938.802,86999.887,86647.878,91254.856
2014-10-08 17:00:00,86608.533,86938.802,86867.955,91062.67
2014-10-08 18:00:00,86709.047,86608.533,88032.949,90171.868
2014-10-08 19:00:00,90042.908,86709.047,90588.275,92666.679
2014-10-08 20:00:00,89055.313,90042.908,89583.002,92086.285
2014-10-08 21:00:00,84682.774,89055.313,85188.218,87533.556
2014-10-08 22:00:00,78571.008,84682.774,79086.141,80783.545
2014-10-08 23:00:00,72305.907,78571.008,73026.716,74002.256
2014-10-09 00:00:00,67821.752,72305.907,68418.433,69089.397
2014-10-09 01:00:00,65069.532,67821.752,65621.187,65670.592
2014-10-09 02:00:00,63806.799,65069.532,64051.82,64112.009
2014-10-09 03:00:00,63377.731,63806.799,63637.45,63272.219
2014-10-09 04:00:00,64705.276,63377.731,64753.793,64292.427
2014-10-09 05:00:00,69333.679,64705.276,69218.897,68673.267
2014-10-09 06:00:00,78172.637,69333.679,77986.601,77239.012
2014-10-09 07:00:00,83355.819,78172.637,82860.286,82550.644
2014-10-09 08:00:00,84120.594,83355.819,84002.218,84377.668
2014-10-09 09:00:00,84738.271,84120.594,84837.07,86104.588
2014-10-09 10:00:00,85584.191,84738.271,85749.608,88329.114
2014-10-09 11:00:00,85896.133,85584.191,86490.961,89866.645
2014-10-09 12:00:00,85903.917,85896.133,86798.386,91335.789
2014-10-09 13:00:00,86155.135,85903.917,87249.407,92597.103
2014-10-09 14:00:00,86007.435,86155.135,87097.834,93300.169
2014-10-09 15:00:00,85633.321,86007.435,86999.887,93742.133
2014-10-09 16:00:00,85593.245,85633.321,86938.802,94169.361
2014-10-09 17:00:00,85396.96,85593.245,86608.533,93612.73
2014-10-09 18:00:00,86296.863,85396.96,86709.047,93008.571
2014-10-09 19:00:00,89690.443,86296.863,90042.908,95338.245
2014-10-09 20:00:00,88862.205,89690.443,89055.313,94251.186
2014-10-09 21:00:00,84673.82,88862.205,84682.774,89683.516
2014-10-09 22:00:00,78711.577,84673.82,78571.008,82695.442
2014-10-09 23:00:00,72834.837,78711.577,72305.907,76053.387
2014-10-10 00:00:00,68349.881,72834.837,67821.752,70828.043
2014-10-10 01:00:00,65784.742,68349.881,65069.532,67524.432
2014-10-10 02:00:00,64203.171,65784.742,63806.799,65608.613
2014-10-10 03:00:00,63749.39,64203.171,63377.731,64731.363
2014-10-10 04:00:00,64866.803,63749.39,64705.276,65578.45
2014-10-10 05:00:00,69217.775,64866.803,69333.679,69905.589
2014-10-10 06:00:00,77488.174,69217.775,78172.637,78164.581
2014-10-10 07:00:00,82929.866,77488.174,83355.819,83254.28
2014-10-10 08:00:00,84074.858,82929.866,84120.594,85332.745
2014-10-10 09:00:00,84806.095,84074.858,84738.271,86854.373
2014-10-10 10:00:00,85955.185,84806.095,85584.191,88401.931
2014-10-10 11:00:00,86262.796,85955.185,85896.133,89011.709
2014-10-10 12:00:00,86047.831,86262.796,85903.917,89368.347
2014-10-10 13:00:00,85651.718,86047.831,86155.135,89140.839
2014-10-10 14:00:00,84957.496,85651.718,86007.435,88923.243
2014-10-10 15:00:00,84157.316,84957.496,85633.321,88155.187
2014-10-10 16:00:00,83609.243,84157.316,85593.245,87487.178
2014-10-10 17:00:00,83541.782,83609.243,85396.96,86503.22
2014-10-10 18:00:00,84671.517,83541.782,86296.863,86152.65
2014-10-10 19:00:00,86076.864,84671.517,89690.443,87520.741
2014-10-10 20:00:00,84741.739,86076.864,88862.205,86208.414
2014-10-10 21:00:00,81706.554,84741.739,84673.82,83118.482
2014-10-10 22:00:00,77134.542,81706.554,78711.577,78112.52
2014-10-10 23:00:00,71772.351,77134.542,72834.837,72435.247
2014-10-11 00:00:00,67512.817,71772.351,68349.881,67671.1
2014-10-11 01:00:00,64519.337,67512.817,65784.742,64651.728
2014-10-11 02:00:00,62827.897,64519.337,64203.171,62720.37
2014-10-11 03:00:00,61985.501,62827.897,63749.39,61617.175
2014-10-11 04:00:00,62130.047,61985.501,64866.803,61485.068
2014-10-11 05:00:00,63733.868,62130.047,69217.775,62823.351
2014-10-11 06:00:00,66764.152,63733.868,77488.174,65752.66
2014-10-11 07:00:00,70399.265,66764.152,82929.866,69137.681
2014-10-11 08:00:00,73721.106,70399.265,84074.858,72755.743
2014-10-11 09:00:00,76886.653,73721.106,84806.095,76477.522
2014-10-11 10:00:00,78665.55,76886.653,85955.185,78777.413
2014-10-11 11:00:00,78792.987,78665.55,86262.796,79443.096
2014-10-11 12:00:00,78280.307,78792.987,86047.831,78942.283
2014-10-11 13:00:00,77193.907,78280.307,85651.718,78126.854
2014-10-11 14:00:00,75865.691,77193.907,84957.496,77014.104
2014-10-11 15:00:00,74720.569,75865.691,84157.316,76380.893
2014-10-11 16:00:00,74587.314,74720.569,83609.243,76112.66
2014-10-11 17:00:00,74870.863,74587.314,83541.782,76121.076
2014-10-11 18:00:00,76675.979,74870.863,84671.517,76471.914
2014-10-11 19:00:00,79335.729,76675.979,86076.864,79327.16
2014-10-11 20:00:00,78851.447,79335.729,84741.739,79059.973
2014-10-11 21:00:00,76456.817,78851.447,81706.554,76602.009
2014-10-11 22:00:00,73052.209,76456.817,77134.542,72991.604
2014-10-11 23:00:00,68988.763,73052.209,71772.351,68686.947
2014-10-12 00:00:00,65260.234,68988.763,67512.817,64838.982
2014-10-12 01:00:00,62829.598,65260.234,64519.337,62316.019
2014-10-12 02:00:00,61413.499,62829.598,62827.897,60869.144
2014-10-12 03:00:00,60679.434,61413.499,61985.501,60106.16
2014-10-12 04:00:00,60883.648,60679.434,62130.047,60073.59
2014-10-12 05:00:00,62055.144,60883.648,63733.868,61113.887
2014-10-12 06:00:00,64319.635,62055.144,66764.152,63613.307
2014-10-12 07:00:00,66830.907,64319.635,70399.265,66296.051
2014-10-12 08:00:00,69661.327,66830.907,73721.106,69539.35
2014-10-12 09:00:00,71690.532,69661.327,76886.653,71812.655
2014-10-12 10:00:00,72396.493,71690.532,78665.55,72330.365
2014-10-12 11:00:00,72368.845,72396.493,78792.987,72156.708
2014-10-12 12:00:00,72447.207,72368.845,78280.307,72279.547
2014-10-12 13:00:00,72092.324,72447.207,77193.907,71765.227
2014-10-12 14:00:00,71685.314,72092.324,75865.691,71352.801
2014-10-12 15:00:00,71590.817,71685.314,74720.569,71215.84
2014-10-12 16:00:00,72241.368,71590.817,74587.314,72028.564
2014-10-12 17:00:00,73895.148,72241.368,74870.863,73660.447
2014-10-12 18:00:00,76967.696,73895.148,76675.979,75979.769
2014-10-12 19:00:00,80768.882,76967.696,79335.729,80868.51
2014-10-12 20:00:00,80162.893,80768.882,78851.447,80837.671
2014-10-12 21:00:00,76669.74,80162.893,76456.817,77617.548
2014-10-12 22:00:00,72752.411,76669.74,73052.209,73345.776
2014-10-12 23:00:00,68304.839,72752.411,68988.763,68594.462
2014-10-13 00:00:00,64909.146,68304.839,65260.234,65009.558
2014-10-13 01:00:00,62582.079,64909.146,62829.598,63053.244
2014-10-13 02:00:00,61558.943,62582.079,61413.499,62199.625
2014-10-13 03:00:00,61321.757,61558.943,60679.434,62425.18
2014-10-13 04:00:00,62489.676,61321.757,60883.648,63927.672
2014-10-13 05:00:00,66715.861,62489.676,62055.144,69202.17
2014-10-13 06:00:00,74482.359,66715.861,64319.635,78183.643
2014-10-13 07:00:00,80544.327,74482.359,66830.907,83669.855
2014-10-13 08:00:00,82808.848,80544.327,69661.327,84493.698
2014-10-13 09:00:00,84964.491,82808.848,71690.532,85001.961
2014-10-13 10:00:00,86700.362,84964.491,72396.493,85511.176
2014-10-13 11:00:00,87753.564,86700.362,72368.845,85735.771
2014-10-13 12:00:00,88071.734,87753.564,72447.207,85751.663
2014-10-13 13:00:00,88581.454,88071.734,72092.324,85923.511
2014-10-13 14:00:00,88346.074,88581.454,71685.314,85536.24
2014-10-13 15:00:00,88034.072,88346.074,71590.817,84957.19
2014-10-13 16:00:00,88484.381,88034.072,72241.368,84970.164
2014-10-13 17:00:00,89241.599,88484.381,73895.148,85411.611
2014-10-13 18:00:00,90653.279,89241.599,76967.696,86249.299
2014-10-13 19:00:00,92980.27,90653.279,80768.882,89593.792
2014-10-13 20:00:00,90865.717,92980.27,80162.893,88573.26
2014-10-13 21:00:00,86390.088,90865.717,76669.74,84222.048
2014-10-13 22:00:00,80477.682,86390.088,72752.411,78218.753
2014-10-13 23:00:00,74347.873,80477.682,68304.839,72382.583
2014-10-14 00:00:00,69529.858,74347.873,64909.146,67866.612
2014-10-14 01:00:00,66536.546,69529.858,62582.079,65149.564
2014-10-14 02:00:00,64826.243,66536.546,61558.943,63654.754
2014-10-14 03:00:00,64145.541,64826.243,61321.757,63062.279
2014-10-14 04:00:00,65235.051,64145.541,62489.676,64025.33
2014-10-14 05:00:00,69738.357,65235.051,66715.861,68778.399
2014-10-14 06:00:00,78674.215,69738.357,74482.359,77485.674
2014-10-14 07:00:00,84589.599,78674.215,80544.327,82785.636
2014-10-14 08:00:00,86381.986,84589.599,82808.848,83726.95
2014-10-14 09:00:00,88030.575,86381.986,84964.491,84716.009
2014-10-14 10:00:00,90013.692,88030.575,86700.362,85792.229
2014-10-14 11:00:00,91019.728,90013.692,87753.564,86314.374
2014-10-14 12:00:00,91770.756,91019.728,88071.734,86774.895
2014-10-14 13:00:00,92495.557,91770.756,88581.454,86975.417
2014-10-14 14:00:00,92401.677,92495.557,88346.074,86752.231
2014-10-14 15:00:00,91887.782,92401.677,88034.072,86298.068
2014-10-14 16:00:00,91792.372,91887.782,88484.381,86647.878
2014-10-14 17:00:00,91758.175,91792.372,89241.599,86867.955
2014-10-14 18:00:00,93525.868,91758.175,90653.279,88032.949
2014-10-14 19:00:00,95919.772,93525.868,92980.27,90588.275
2014-10-14 20:00:00,93894.948,95919.772,90865.717,89583.002
2014-10-14 21:00:00,89274.372,93894.948,86390.088,85188.218
2014-10-14 22:00:00,83029.114,89274.372,80477.682,79086.141
2014-10-14 23:00:00,76487.701,83029.114,74347.873,73026.716
2014-10-15 00:00:00,71347.733,76487.701,69529.858,68418.433
2014-10-15 01:00:00,68270.546,71347.733,66536.546,65621.187
2014-10-15 02:00:00,66386.471,68270.546,64826.243,64051.82
2014-10-15 03:00:00,65656.646,66386.471,64145.541,63637.45
2014-10-15 04:00:00,66733.743,65656.646,65235.051,64753.793
2014-10-15 05:00:00,71275.751,66733.743,69738.357,69218.897
2014-10-15 06:00:00,80034.615,71275.751,78674.215,77986.601
2014-10-15 07:00:00,86266.204,80034.615,84589.599,82860.286
2014-10-15 08:00:00,87997.952,86266.204,86381.986,84002.218
2014-10-15 09:00:00,89575.788,87997.952,88030.575,84837.07
2014-10-15 10:00:00,91125.191,89575.788,90013.692,85749.608
2014-10-15 11:00:00,91931.037,91125.191,91019.728,86490.961
2014-10-15 12:00:00,92123.588,91931.037,91770.756,86798.386
2014-10-15 13:00:00,91922.898,92123.588,92495.557,87249.407
2014-10-15 14:00:00,91069.062,91922.898,92401.677,87097.834
2014-10-15 15:00:00,90208.79,91069.062,91887.782,86999.887
2014-10-15 16:00:00,90123.767,90208.79,91792.372,86938.802
2014-10-15 17:00:00,90426.936,90123.767,91758.175,86608.533
2014-10-15 18:00:00,91992.407,90426.936,93525.868,86709.047
2014-10-15 19:00:00,93911.496,91992.407,95919.772,90042.908
2014-10-15 20:00:00,92052.573,93911.496,93894.948,89055.313
2014-10-15 21:00:00,87644.234,92052.573,89274.372,84682.774
2014-10-15 22:00:00,81412.71,87644.234,83029.114,78571.008
2014-10-15 23:00:00,75187.781,81412.71,76487.701,72305.907
2014-10-16 00:00:00,70367.066,75187.781,71347.733,67821.752
2014-10-16 01:00:00,67368.028,70367.066,68270.546,65069.532
2014-10-16 02:00:00,65624.188,67368.028,66386.471,63806.799
2014-10-16 03:00:00,64799.823,65624.188,65656.646,63377.731
2014-10-16 04:00:00,65532.99,64799.823,66733.743,64705.276
2014-10-16 05:00:00,69875.14,65532.99,71275.751,69333.679
2014-10-16 06:00:00,78496.216,69875.14,80034.615,78172.637
2014-10-16 07:00:00,84663.899,78496.216,86266.204,83355.819
2014-10-16 08:00:00,85757.973,84663.899,87997.952,84120.594
2014-10-16 09:00:00,86639.651,85757.973,89575.788,84738.271
2014-10-16 10:00:00,87730.698,86639.651,91125.191,85584.191
2014-10-16 11:00:00,87833.478,87730.698,91931.037,85896.133
2014-10-16 12:00:00,87570.959,87833.478,92123.588,85903.917
2014-10-16 13:00:00,87628.539,87570.959,91922.898,86155.135
2014-10-16 14:00:00,87438.267,87628.539,91069.062,86007.435
2014-10-16 15:00:00,86807.736,87438.267,90208.79,85633.321
2014-10-16 16:00:00,86556.651,86807.736,90123.767,85593.245
2014-10-16 17:00:00,86656.825,86556.651,90426.936,85396.96
2014-10-16 18:00:00,88189.233,86656.825,91992.407,86296.863
2014-10-16 19:00:00,90637.256,88189.233,93911.496,89690.443
2014-10-16 20:00:00,89127.338,90637.256,92052.573,88862.205
2014-10-16 21:00:00,85347.101,89127.338,87644.234,84673.82
2014-10-16 22:00:00,79660.478,85347.101,81412.71,78711.577
2014-10-16 23:00:00,73460.932,79660.478,75187.781,72834.837
2014-10-17 00:00:00,68724.603,73460.932,70367.066,68349.881
2014-10-17 01:00:00,65828.578,68724.603,67368.028,65784.742
2014-10-17 02:00:00,64234.601,65828.578,65624.188,64203.171
2014-10-17 03:00:00,63589.722,64234.601,64799.823,63749.39
2014-10-17 04:00:00,64650.888,63589.722,65532.99,64866.803
2014-10-17 05:00:00,68813.209,64650.888,69875.14,69217.775
2014-10-17 06:00:00,77032.375,68813.209,78496.216,77488.174
2014-10-17 07:00:00,82590.08,77032.375,84663.899,82929.866
2014-10-17 08:00:00,83690.809,82590.08,85757.973,84074.858
2014-10-17 09:00:00,84808.175,83690.809,86639.651,84806.095
2014-10-17 10:00:00,85636.897,84808.175,87730.698,85955.185
2014-10-17 11:00:00,86035.819,85636.897,87833.478,86262.796
2014-10-17 12:00:00,86090.594,86035.819,87570.959,86047.831
2014-10-17 13:00:00,86292.064,86090.594,87628.539,85651.718
2014-10-17 14:00:00,86190.015,86292.064,87438.267,84957.496
2014-10-17 15:00:00,85583.037,86190.015,86807.736,84157.316
2014-10-17 16:00:00,85215.72,85583.037,86556.651,83609.243
2014-10-17 17:00:00,84795.801,85215.72,86656.825,83541.782
2014-10-17 18:00:00,85271.931,84795.801,88189.233,84671.517
2014-10-17 19:00:00,86675.638,85271.931,90637.256,86076.864
2014-10-17 20:00:00,84571.247,86675.638,89127.338,84741.739
2014-10-17 21:00:00,81194.163,84571.247,85347.101,81706.554
2014-10-17 22:00:00,76651.792,81194.163,79660.478,77134.542
2014-10-17 23:00:00,71256.115,76651.792,73460.932,71772.351
2014-10-18 00:00:00,66603.386,71256.115,68724.603,67512.817
2014-10-18 01:00:00,63703.523,66603.386,65828.578,64519.337
2014-10-18 02:00:00,61718.319,63703.523,64234.601,62827.897
2014-10-18 03:00:00,60852.981,61718.319,63589.722,61985.501
2014-10-18 04:00:00,61006.493,60852.981,64650.888,62130.047
2014-10-18 05:00:00,62226.551,61006.493,68813.209,63733.868
2014-10-18 06:00:00,65438.858,62226.551,77032.375,66764.152
2014-10-18 07:00:00,68921.693,65438.858,82590.08,70399.265
2014-10-18 08:00:00,72321.827,68921.693,83690.809,73721.106
2014-10-18 09:00:00,75329.429,72321.827,84808.175,76886.653
2014-10-18 10:00:00,77211.536,75329.429,85636.897,78665.55
2014-10-18 11:00:00,77540.794,77211.536,86035.819,78792.987
2014-10-18 12:00:00,77138.411,77540.794,86090.594,78280.307
2014-10-18 13:00:00,76351.044,77138.411,86292.064,77193.907
2014-10-18 14:00:00,75544.964,76351.044,86190.015,75865.691
2014-10-18 15:00:00,75157.836,75544.964,85583.037,74720.569
2014-10-18 16:00:00,75311.31,75157.836,85215.72,74587.314
2014-10-18 17:00:00,76117.951,75311.31,84795.801,74870.863
2014-10-18 18:00:00,78206.983,76117.951,85271.931,76675.979
2014-10-18 19:00:00,80472.635,78206.983,86675.638,79335.729
2014-10-18 20:00:00,79545.397,80472.635,84571.247,78851.447
2014-10-18 21:00:00,77092.694,79545.397,81194.163,76456.817
2014-10-18 22:00:00,73763.726,77092.694,76651.792,73052.209
2014-10-18 23:00:00,69361.116,73763.726,71256.115,68988.763
2014-10-19 00:00:00,65609.366,69361.116,66603.386,65260.234
2014-10-19 01:00:00,63023.904,65609.366,63703.523,62829.598
2014-10-19 02:00:00,61520.462,63023.904,61718.319,61413.499
2014-10-19 03:00:00,60657.181,61520.462,60852.981,60679.434
2014-10-19 04:00:00,60748.011,60657.181,61006.493,60883.648
2014-10-19 05:00:00,61906.164,60748.011,62226.551,62055.144
2014-10-19 06:00:00,64111.37,61906.164,65438.858,64319.635
2014-10-19 07:00:00,66936.497,64111.37,68921.693,66830.907
2014-10-19 08:00:00,70179.639,66936.497,72321.827,69661.327
2014-10-19 09:00:00,72787.357,70179.639,75329.429,71690.532
2014-10-19 10:00:00,73487.192,72787.357,77211.536,72396.493
2014-10-19 11:00:00,73309.415,73487.192,77540.794,72368.845
2014-10-19 12:00:00,73014.11,73309.415,77138.411,72447.207
2014-10-19 13:00:00,72254.481,73014.11,76351.044,72092.324
2014-10-19 14:00:00,71555.187,72254.481,75544.964,71685.314
2014-10-19 15:00:00,71330.434,71555.187,75157.836,71590.817
2014-10-19 16:00:00,72392.953,71330.434,75311.31,72241.368
2014-10-19 17:00:00,74023.719,72392.953,76117.951,73895.148
2014-10-19 18:00:00,78270.873,74023.719,78206.983,76967.696
2014-10-19 19:00:00,82865.317,78270.873,80472.635,80768.882
2014-10-19 20:00:00,82309.59,82865.317,79545.397,80162.893
2014-10-19 21:00:00,79087.32,82309.59,77092.694,76669.74
2014-10-19 22:00:00,75215.488,79087.32,73763.726,72752.411
2014-10-19 23:00:00,70778.15,75215.488,69361.116,68304.839
2014-10-20 00:00:00,67448.366,70778.15,65609.366,64909.146
2014-10-20 01:00:00,65694.644,67448.366,63023.904,62582.079
2014-10-20 02:00:00,64970.014,65694.644,61520.462,61558.943
2014-10-20 03:00:00,65237.86,64970.014,60657.181,61321.757
2014-10-20 04:00:00,67102.674,65237.86,60748.011,62489.676
2014-10-20 05:00:00,72781.022,67102.674,61906.164,66715.861
2014-10-20 06:00:00,82473.385,72781.022,64111.37,74482.359
2014-10-20 07:00:00,88852.332,82473.385,66936.497,80544.327
2014-10-20 08:00:00,89354.843,88852.332,70179.639,82808.848
2014-10-20 09:00:00,88942.458,89354.843,72787.357,84964.491
2014-10-20 10:00:00,88423.362,88942.458,73487.192,86700.362
2014-10-20 11:00:00,87561.908,88423.362,73309.415,87753.564
2014-10-20 12:00:00,86858.883,87561.908,73014.11,88071.734
2014-10-20 13:00:00,86341.702,86858.883,72254.481,88581.454
2014-10-20 14:00:00,85604.193,86341.702,71555.187,88346.074
2014-10-20 15:00:00,85012.836,85604.193,71330.434,88034.072
2014-10-20 16:00:00,85189.885,85012.836,72392.953,88484.381
2014-10-20 17:00:00,86141.787,85189.885,74023.719,89241.599
2014-10-20 18:00:00,89172.783,86141.787,78270.873,90653.279
2014-10-20 19:00:00,91597.573,89172.783,82865.317,92980.27
2014-10-20 20:00:00,89820.112,91597.573,82309.59,90865.717
2014-10-20 21:00:00,85493.623,89820.112,79087.32,86390.088
2014-10-20 22:00:00,79422.139,85493.623,75215.488,80477.682
2014-10-20 23:00:00,73531.335,79422.139,70778.15,74347.873
2014-10-21 00:00:00,69068.109,73531.335,67448.366,69529.858
2014-10-21 01:00:00,66435.253,69068.109,65694.644,66536.546
2014-10-21 02:00:00,65211.064,66435.253,64970.014,64826.243
2014-10-21 03:00:00,64714.387,65211.064,65237.86,64145.541
2014-10-21 04:00:00,65996.27,64714.387,67102.674,65235.051
2014-10-21 05:00:00,70787.692,65996.27,72781.022,69738.357
2014-10-21 06:00:00,79955.729,70787.692,82473.385,78674.215
2014-10-21 07:00:00,85955.526,79955.729,88852.332,84589.599
2014-10-21 08:00:00,86130.806,85955.526,89354.843,86381.986
2014-10-21 09:00:00,86129.536,86130.806,88942.458,88030.575
2014-10-21 10:00:00,86762.434,86129.536,88423.362,90013.692
2014-10-21 11:00:00,86833.075,86762.434,87561.908,91019.728
2014-10-21 12:00:00,86776.327,86833.075,86858.883,91770.756
2014-10-21 13:00:00,86844.695,86776.327,86341.702,92495.557
2014-10-21 14:00:00,86370.017,86844.695,85604.193,92401.677
2014-10-21 15:00:00,85951.597,86370.017,85012.836,91887.782
2014-10-21 16:00:00,86748.781,85951.597,85189.885,91792.372
2014-10-21 17:00:00,87560.851,86748.781,86141.787,91758.175
2014-10-21 18:00:00,90418.451,87560.851,89172.783,93525.868
2014-10-21 19:00:00,92271.945,90418.451,91597.573,95919.772
2014-10-21 20:00:00,90285.176,92271.945,89820.112,93894.948
2014-10-21 21:00:00,86262.493,90285.176,85493.623,89274.372
2014-10-21 22:00:00,80066.81,86262.493,79422.139,83029.114
2014-10-21 23:00:00,74041.614,80066.81,73531.335,76487.701
2014-10-22 00:00:00,69639.977,74041.614,69068.109,71347.733
2014-10-22 01:00:00,67257.87,69639.977,66435.253,68270.546
2014-10-22 02:00:00,65944.774,67257.87,65211.064,66386.471
2014-10-22 03:00:00,65609.932,65944.774,64714.387,65656.646
2014-10-22 04:00:00,66940.668,65609.932,65996.27,66733.743
2014-10-22 05:00:00,71681.286,66940.668,70787.692,71275.751
2014-10-22 06:00:00,80661.12,71681.286,79955.729,80034.615
2014-10-22 07:00:00,86969.322,80661.12,85955.526,86266.204
2014-10-22 08:00:00,88017.353,86969.322,86130.806,87997.952
2014-10-22 09:00:00,88656.337,88017.353,86129.536,89575.788
2014-10-22 10:00:00,88985.709,88656.337,86762.434,91125.191
2014-10-22 11:00:00,88592.92,88985.709,86833.075,91931.037
2014-10-22 12:00:00,88651.411,88592.92,86776.327,92123.588
2014-10-22 13:00:00,88444.237,88651.411,86844.695,91922.898
2014-10-22 14:00:00,87561.469,88444.237,86370.017,91069.062
2014-10-22 15:00:00,87068.724,87561.469,85951.597,90208.79
2014-10-22 16:00:00,87515.422,87068.724,86748.781,90123.767
2014-10-22 17:00:00,88638.855,87515.422,87560.851,90426.936
2014-10-22 18:00:00,91147.668,88638.855,90418.451,91992.407
2014-10-22 19:00:00,92928.257,91147.668,92271.945,93911.496
2014-10-22 20:00:00,91448.801,92928.257,90285.176,92052.573
2014-10-22 21:00:00,87561.946,91448.801,86262.493,87644.234
2014-10-22 22:00:00,81573.103,87561.946,80066.81,81412.71
2014-10-22 23:00:00,75825.794,81573.103,74041.614,75187.781
2014-10-23 00:00:00,71342.522,75825.794,69639.977,70367.066
2014-10-23 01:00:00,68909.746,71342.522,67257.87,67368.028
2014-10-23 02:00:00,67626.255,68909.746,65944.774,65624.188
2014-10-23 03:00:00,67251.445,67626.255,65609.932,64799.823
2014-10-23 04:00:00,68603.704,67251.445,66940.668,65532.99
2014-10-23 05:00:00,73345.634,68603.704,71681.286,69875.14
2014-10-23 06:00:00,82401.485,73345.634,80661.12,78496.216
2014-10-23 07:00:00,88429.766,82401.485,86969.322,84663.899
2014-10-23 08:00:00,88859.509,88429.766,88017.353,85757.973
2014-10-23 09:00:00,88619.363,88859.509,88656.337,86639.651
2014-10-23 10:00:00,88488.641,88619.363,88985.709,87730.698
2014-10-23 11:00:00,87865.878,88488.641,88592.92,87833.478
2014-10-23 12:00:00,86970.208,87865.878,88651.411,87570.959
2014-10-23 13:00:00,86292.801,86970.208,88444.237,87628.539
2014-10-23 14:00:00,85517.525,86292.801,87561.469,87438.267
2014-10-23 15:00:00,84735.694,85517.525,87068.724,86807.736
2014-10-23 16:00:00,84648.18,84735.694,87515.422,86556.651
2014-10-23 17:00:00,85132.262,84648.18,88638.855,86656.825
2014-10-23 18:00:00,88405.011,85132.262,91147.668,88189.233
2014-10-23 19:00:00,91026.563,88405.011,92928.257,90637.256
2014-10-23 20:00:00,89639.959,91026.563,91448.801,89127.338
2014-10-23 21:00:00,85974.328,89639.959,87561.946,85347.101
2014-10-23 22:00:00,80372.759,85974.328,81573.103,79660.478
2014-10-23 23:00:00,74777.776,80372.759,75825.794,73460.932
2014-10-24 00:00:00,70501.852,74777.776,71342.522,68724.603
2014-10-24 01:00:00,68111.357,70501.852,68909.746,65828.578
2014-10-24 02:00:00,66920.977,68111.357,67626.255,64234.601
2014-10-24 03:00:00,66735.357,66920.977,67251.445,63589.722
2014-10-24 04:00:00,68163.823,66735.357,68603.704,64650.888
2014-10-24 05:00:00,72861.029,68163.823,73345.634,68813.209
2014-10-24 06:00:00,81470.01,72861.029,82401.485,77032.375
2014-10-24 07:00:00,87478.3,81470.01,88429.766,82590.08
2014-10-24 08:00:00,87943.062,87478.3,88859.509,83690.809
2014-10-24 09:00:00,87833.659,87943.062,88619.363,84808.175
2014-10-24 10:00:00,87212.432,87833.659,88488.641,85636.897
2014-10-24 11:00:00,86393.394,87212.432,87865.878,86035.819
2014-10-24 12:00:00,85318.239,86393.394,86970.208,86090.594
2014-10-24 13:00:00,84651.123,85318.239,86292.801,86292.064
2014-10-24 14:00:00,83775.722,84651.123,85517.525,86190.015
2014-10-24 15:00:00,82834.486,83775.722,84735.694,85583.037
2014-10-24 16:00:00,82537.896,82834.486,84648.18,85215.72
2014-10-24 17:00:00,82107.277,82537.896,85132.262,84795.801
2014-10-24 18:00:00,84001.624,82107.277,88405.011,85271.931
2014-10-24 19:00:00,85767.68,84001.624,91026.563,86675.638
2014-10-24 20:00:00,84239.091,85767.68,89639.959,84571.247
2014-10-24 21:00:00,81329.54,84239.091,85974.328,81194.163
2014-10-24 22:00:00,77404.831,81329.54,80372.759,76651.792
2014-10-24 23:00:00,72598.971,77404.831,74777.776,71256.115
2014-10-25 00:00:00,68242.15,72598.971,70501.852,66603.386
2014-10-25 01:00:00,65737.585,68242.15,68111.357,63703.523
2014-10-25 02:00:00,64409.791,65737.585,66920.977,61718.319
2014-10-25 03:00:00,63803.208,64409.791,66735.357,60852.981
2014-10-25 04:00:00,64262.292,63803.208,68163.823,61006.493
2014-10-25 05:00:00,66164.811,64262.292,72861.029,62226.551
2014-10-25 06:00:00,69693.218,66164.811,81470.01,65438.858
2014-10-25 07:00:00,73678.04,69693.218,87478.3,68921.693
2014-10-25 08:00:00,76543.052,73678.04,87943.062,72321.827
2014-10-25 09:00:00,77762.845,76543.052,87833.659,75329.429
2014-10-25 10:00:00,78103.423,77762.845,87212.432,77211.536
2014-10-25 11:00:00,77361.595,78103.423,86393.394,77540.794
2014-10-25 12:00:00,76198.631,77361.595,85318.239,77138.411
2014-10-25 13:00:00,75171.846,76198.631,84651.123,76351.044
2014-10-25 14:00:00,74396.163,75171.846,83775.722,75544.964
2014-10-25 15:00:00,73811.375,74396.163,82834.486,75157.836
2014-10-25 16:00:00,73999.105,73811.375,82537.896,75311.31
2014-10-25 17:00:00,74590.956,73999.105,82107.277,76117.951
2014-10-25 18:00:00,77029.961,74590.956,84001.624,78206.983
2014-10-25 19:00:00,79579.547,77029.961,85767.68,80472.635
2014-10-25 20:00:00,78293.787,79579.547,84239.091,79545.397
2014-10-25 21:00:00,75890.657,78293.787,81329.54,77092.694
2014-10-25 22:00:00,72384.701,75890.657,77404.831,73763.726
2014-10-25 23:00:00,68238.525,72384.701,72598.971,69361.116
2014-10-26 00:00:00,64372.865,68238.525,68242.15,65609.366
2014-10-26 01:00:00,61554.114,64372.865,65737.585,63023.904
2014-10-26 02:00:00,60136.453,61554.114,64409.791,61520.462
2014-10-26 03:00:00,59536.24,60136.453,63803.208,60657.181
2014-10-26 04:00:00,59378.136,59536.24,64262.292,60748.011
2014-10-26 05:00:00,60513.622,59378.136,66164.811,61906.164
2014-10-26 06:00:00,62889.486,60513.622,69693.218,64111.37
2014-10-26 07:00:00,65964.611,62889.486,73678.04,66936.497
2014-10-26 08:00:00,68802.691,65964.611,76543.052,70179.639
2014-10-26 09:00:00,70855.888,68802.691,77762.845,72787.357
2014-10-26 10:00:00,71926.098,70855.888,78103.423,73487.192
2014-10-26 11:00:00,72186.16,71926.098,77361.595,73309.415
2014-10-26 12:00:00,72418.556,72186.16,76198.631,73014.11
2014-10-26 13:00:00,72134.12,72418.556,75171.846,72254.481
2014-10-26 14:00:00,71962.439,72134.12,74396.163,71555.187
2014-10-26 15:00:00,72114.427,71962.439,73811.375,71330.434
2014-10-26 16:00:00,72981.2,72114.427,73999.105,72392.953
2014-10-26 17:00:00,74391.34,72981.2,74590.956,74023.719
2014-10-26 18:00:00,78033.805,74391.34,77029.961,78270.873
2014-10-26 19:00:00,81435.983,78033.805,79579.547,82865.317
2014-10-26 20:00:00,80916.533,81435.983,78293.787,82309.59
2014-10-26 21:00:00,77524.042,80916.533,75890.657,79087.32
2014-10-26 22:00:00,73433.119,77524.042,72384.701,75215.488
2014-10-26 23:00:00,69122.026,73433.119,68238.525,70778.15
2014-10-27 00:00:00,65750.527,69122.026,64372.865,67448.366
2014-10-27 01:00:00,63956.642,65750.527,61554.114,65694.644
2014-10-27 02:00:00,63297.717,63956.642,60136.453,64970.014
2014-10-27 03:00:00,63703.013,63297.717,59536.24,65237.86
2014-10-27 04:00:00,65879.672,63703.013,59378.136,67102.674
2014-10-27 05:00:00,71234.131,65879.672,60513.622,72781.022
2014-10-27 06:00:00,81184.791,71234.131,62889.486,82473.385
2014-10-27 07:00:00,87808.464,81184.791,65964.611,88852.332
2014-10-27 08:00:00,88058.697,87808.464,68802.691,89354.843
2014-10-27 09:00:00,87279.882,88058.697,70855.888,88942.458
2014-10-27 10:00:00,86785.402,87279.882,71926.098,88423.362
2014-10-27 11:00:00,86530.745,86785.402,72186.16,87561.908
2014-10-27 12:00:00,86342.675,86530.745,72418.556,86858.883
2014-10-27 13:00:00,86129.068,86342.675,72134.12,86341.702
2014-10-27 14:00:00,85949.055,86129.068,71962.439,85604.193
2014-10-27 15:00:00,85706.667,85949.055,72114.427,85012.836
2014-10-27 16:00:00,85586.843,85706.667,72981.2,85189.885
2014-10-27 17:00:00,85931.183,85586.843,74391.34,86141.787
2014-10-27 18:00:00,89046.864,85931.183,78033.805,89172.783
2014-10-27 19:00:00,91482.811,89046.864,81435.983,91597.573
2014-10-27 20:00:00,89327.832,91482.811,80916.533,89820.112
2014-10-27 21:00:00,85078.607,89327.832,77524.042,85493.623
2014-10-27 22:00:00,79227.122,85078.607,73433.119,79422.139
2014-10-27 23:00:00,73029.206,79227.122,69122.026,73531.335
2014-10-28 00:00:00,68513.853,73029.206,65750.527,69068.109
2014-10-28 01:00:00,65764.713,68513.853,63956.642,66435.253
2014-10-28 02:00:00,64220.638,65764.713,63297.717,65211.064
2014-10-28 03:00:00,63678.421,64220.638,63703.013,64714.387
2014-10-28 04:00:00,64897.023,63678.421,65879.672,65996.27
2014-10-28 05:00:00,69662.177,64897.023,71234.131,70787.692
2014-10-28 06:00:00,78760.044,69662.177,81184.791,79955.729
2014-10-28 07:00:00,84724.798,78760.044,87808.464,85955.526
2014-10-28 08:00:00,85222.843,84724.798,88058.697,86130.806
2014-10-28 09:00:00,85366.94,85222.843,87279.882,86129.536
2014-10-28 10:00:00,85839.541,85366.94,86785.402,86762.434
2014-10-28 11:00:00,86088.246,85839.541,86530.745,86833.075
2014-10-28 12:00:00,86334.309,86088.246,86342.675,86776.327
2014-10-28 13:00:00,86752.684,86334.309,86129.068,86844.695
2014-10-28 14:00:00,86885.137,86752.684,85949.055,86370.017
2014-10-28 15:00:00,86593.759,86885.137,85706.667,85951.597
2014-10-28 16:00:00,86374.056,86593.759,85586.843,86748.781
2014-10-28 17:00:00,86399.37,86374.056,85931.183,87560.851
2014-10-28 18:00:00,89100.146,86399.37,89046.864,90418.451
2014-10-28 19:00:00,90902.47,89100.146,91482.811,92271.945
2014-10-28 20:00:00,88656.995,90902.47,89327.832,90285.176
2014-10-28 21:00:00,84602.335,88656.995,85078.607,86262.493
2014-10-28 22:00:00,78541.381,84602.335,79227.122,80066.81
2014-10-28 23:00:00,72613.362,78541.381,73029.206,74041.614
2014-10-29 00:00:00,67987.792,72613.362,68513.853,69639.977
2014-10-29 01:00:00,65132.809,67987.792,65764.713,67257.87
2014-10-29 02:00:00,63669.124,65132.809,64220.638,65944.774
2014-10-29 03:00:00,63246.008,63669.124,63678.421,65609.932
2014-10-29 04:00:00,64295.022,63246.008,64897.023,66940.668
2014-10-29 05:00:00,68940.643,64295.022,69662.177,71681.286
2014-10-29 06:00:00,77984.311,68940.643,78760.044,80661.12
2014-10-29 07:00:00,84357.346,77984.311,84724.798,86969.322
2014-10-29 08:00:00,85218.976,84357.346,85222.843,88017.353
2014-10-29 09:00:00,85766.56,85218.976,85366.94,88656.337
2014-10-29 10:00:00,86453.829,85766.56,85839.541,88985.709
2014-10-29 11:00:00,86619.665,86453.829,86088.246,88592.92
2014-10-29 12:00:00,86597.776,86619.665,86334.309,88651.411
2014-10-29 13:00:00,86334.35,86597.776,86752.684,88444.237
2014-10-29 14:00:00,85604.812,86334.35,86885.137,87561.469
2014-10-29 15:00:00,85095.101,85604.812,86593.759,87068.724
2014-10-29 16:00:00,85134.715,85095.101,86374.056,87515.422
2014-10-29 17:00:00,86005.174,85134.715,86399.37,88638.855
2014-10-29 18:00:00,88824.321,86005.174,89100.146,91147.668
2014-10-29 19:00:00,90769.629,88824.321,90902.47,92928.257
2014-10-29 20:00:00,89215.969,90769.629,88656.995,91448.801
2014-10-29 21:00:00,85512.695,89215.969,84602.335,87561.946
2014-10-29 22:00:00,79839.698,85512.695,78541.381,81573.103
2014-10-29 23:00:00,74126.483,79839.698,72613.362,75825.794
2014-10-30 00:00:00,69828.196,74126.483,67987.792,71342.522
2014-10-30 01:00:00,67618.887,69828.196,65132.809,68909.746
2014-10-30 02:00:00,66374.632,67618.887,63669.124,67626.255
2014-10-30 03:00:00,66189.761,66374.632,63246.008,67251.445
2014-10-30 04:00:00,67650.826,66189.761,64295.022,68603.704
2014-10-30 05:00:00,72856.556,67650.826,68940.643,73345.634
2014-10-30 06:00:00,82300.273,72856.556,77984.311,82401.485
2014-10-30 07:00:00,88866.017,82300.273,84357.346,88429.766
2014-10-30 08:00:00,88851.425,88866.017,85218.976,88859.509
2014-10-30 09:00:00,88344.878,88851.425,85766.56,88619.363
2014-10-30 10:00:00,87643.183,88344.878,86453.829,88488.641
2014-10-30 11:00:00,86645.0,87643.183,86619.665,87865.878
2014-10-30 12:00:00,85802.943,86645.0,86597.776,86970.208
2014-10-30 13:00:00,85587.343,85802.943,86334.35,86292.801
2014-10-30 14:00:00,85019.695,85587.343,85604.812,85517.525
2014-10-30 15:00:00,84384.924,85019.695,85095.101,84735.694
2014-10-30 16:00:00,84578.842,84384.924,85134.715,84648.18
2014-10-30 17:00:00,85475.416,84578.842,86005.174,85132.262
2014-10-30 18:00:00,88921.691,85475.416,88824.321,88405.011
2014-10-30 19:00:00,91282.672,88921.691,90769.629,91026.563
2014-10-30 20:00:00,90430.61,91282.672,89215.969,89639.959
2014-10-30 21:00:00,87323.627,90430.61,85512.695,85974.328
2014-10-30 22:00:00,81867.005,87323.627,79839.698,80372.759
2014-10-30 23:00:00,76249.692,81867.005,74126.483,74777.776
2014-10-31 00:00:00,72399.602,76249.692,69828.196,70501.852
2014-10-31 01:00:00,70007.917,72399.602,67618.887,68111.357
2014-10-31 02:00:00,68789.536,70007.917,66374.632,66920.977
2014-10-31 03:00:00,68671.54,68789.536,66189.761,66735.357
2014-10-31 04:00:00,70150.262,68671.54,67650.826,68163.823
2014-10-31 05:00:00,75087.967,70150.262,72856.556,72861.029
2014-10-31 06:00:00,84040.897,75087.967,82300.273,81470.01
2014-10-31 07:00:00,90643.716,84040.897,88866.017,87478.3
2014-10-31 08:00:00,91281.117,90643.716,88851.425,87943.062
2014-10-31 09:00:00,90976.104,91281.117,88344.878,87833.659
2014-10-31 10:00:00,90478.813,90976.104,87643.183,87212.432
2014-10-31 11:00:00,89537.639,90478.813,86645.0,86393.394
2014-10-31 12:00:00,88504.872,89537.639,85802.943,85318.239
2014-10-31 13:00:00,87687.19,88504.872,85587.343,84651.123
2014-10-31 14:00:00,86608.247,87687.19,85019.695,83775.722
2014-10-31 15:00:00,86267.468,86608.247,84384.924,82834.486
2014-10-31 16:00:00,86609.567,86267.468,84578.842,82537.896
2014-10-31 17:00:00,87362.861,86609.567,85475.416,82107.277
2014-10-31 18:00:00,89030.646,87362.861,88921.691,84001.624
2014-10-31 19:00:00,89184.715,89030.646,91282.672,85767.68
2014-10-31 20:00:00,88005.899,89184.715,90430.61,84239.091
2014-10-31 21:00:00,85732.813,88005.899,87323.627,81329.54
2014-10-31 22:00:00,81793.027,85732.813,81867.005,77404.831
2014-10-31 23:00:00,76862.72,81793.027,76249.692,72598.971
2014-11-01 00:00:00,72812.34,76862.72,72399.602,68242.15
2014-11-01 01:00:00,70263.391,72812.34,70007.917,65737.585
2014-11-01 02:00:00,68893.917,70263.391,68789.536,64409.791
2014-11-01 03:00:00,68352.456,68893.917,68671.54,63803.208
2014-11-01 04:00:00,68693.022,68352.456,70150.262,64262.292
2014-11-01 05:00:00,70347.797,68693.022,75087.967,66164.811
2014-11-01 06:00:00,73699.309,70347.797,84040.897,69693.218
2014-11-01 07:00:00,77774.086,73699.309,90643.716,73678.04
2014-11-01 08:00:00,81462.105,77774.086,91281.117,76543.052
2014-11-01 09:00:00,84520.552,81462.105,90976.104,77762.845
2014-11-01 10:00:00,86337.726,84520.552,90478.813,78103.423
2014-11-01 11:00:00,86534.115,86337.726,89537.639,77361.595
2014-11-01 12:00:00,85977.189,86534.115,88504.872,76198.631
2014-11-01 13:00:00,84721.41,85977.189,87687.19,75171.846
2014-11-01 14:00:00,83656.773,84721.41,86608.247,74396.163
2014-11-01 15:00:00,82932.732,83656.773,86267.468,73811.375
2014-11-01 16:00:00,82899.974,82932.732,86609.567,73999.105
2014-11-01 17:00:00,83953.736,82899.974,87362.861,74590.956
2014-11-01 18:00:00,87193.19,83953.736,89030.646,77029.961
2014-11-01 19:00:00,88914.932,87193.19,89184.715,79579.547
2014-11-01 20:00:00,87579.416,88914.932,88005.899,78293.787
2014-11-01 21:00:00,85528.464,87579.416,85732.813,75890.657
2014-11-01 22:00:00,82192.567,85528.464,81793.027,72384.701
2014-11-01 23:00:00,78146.13,82192.567,76862.72,68238.525
2014-11-02 00:00:00,73847.095,78146.13,72812.34,64372.865
2014-11-02 01:00:00,72548.213,73847.095,70263.391,61554.114
2014-11-02 01:00:00,70843.792,72548.213,68893.917,60136.453
2014-11-02 02:00:00,70444.804,70843.792,68352.456,59536.24
2014-11-02 03:00:00,70443.556,70444.804,68693.022,59378.136
2014-11-02 04:00:00,71667.553,70443.556,70347.797,60513.622
2014-11-02 05:00:00,73305.769,71667.553,73699.309,62889.486
2014-11-02 06:00:00,76267.412,73305.769,77774.086,65964.611
2014-11-02 07:00:00,79196.719,76267.412,81462.105,68802.691
2014-11-02 08:00:00,82000.525,79196.719,84520.552,70855.888
2014-11-02 09:00:00,83611.877,82000.525,86337.726,71926.098
2014-11-02 10:00:00,82696.197,83611.877,86534.115,72186.16
2014-11-02 11:00:00,80823.243,82696.197,85977.189,72418.556
2014-11-02 12:00:00,79291.98,80823.243,84721.41,72134.12
2014-11-02 13:00:00,78038.444,79291.98,83656.773,71962.439
2014-11-02 14:00:00,77277.327,78038.444,82932.732,72114.427
2014-11-02 15:00:00,77544.016,77277.327,82899.974,72981.2
2014-11-02 16:00:00,80270.313,77544.016,83953.736,74391.34
2014-11-02 17:00:00,86689.129,80270.313,87193.19,78033.805
2014-11-02 18:00:00,90662.405,86689.129,88914.932,81435.983
2014-11-02 19:00:00,90397.098,90662.405,87579.416,80916.533
2014-11-02 20:00:00,88949.821,90397.098,85528.464,77524.042
2014-11-02 21:00:00,85588.445,88949.821,82192.567,73433.119
2014-11-02 22:00:00,81637.293,85588.445,78146.13,69122.026
2014-11-02 23:00:00,76858.423,81637.293,73847.095,65750.527
2014-11-03 00:00:00,75278.522,76858.423,72548.213,63956.642
2014-11-03 01:00:00,74025.409,75278.522,70843.792,63297.717
2014-11-03 02:00:00,73583.682,74025.409,70444.804,63703.013
2014-11-03 03:00:00,74301.235,73583.682,70443.556,65879.672
2014-11-03 04:00:00,76567.758,74301.235,71667.553,71234.131
2014-11-03 05:00:00,82399.67,76567.758,73305.769,81184.791
2014-11-03 06:00:00,91307.401,82399.67,76267.412,87808.464
2014-11-03 07:00:00,94893.185,91307.401,79196.719,88058.697
2014-11-03 08:00:00,94372.466,94893.185,82000.525,87279.882
2014-11-03 09:00:00,92604.912,94372.466,83611.877,86785.402
2014-11-03 10:00:00,91087.823,92604.912,82696.197,86530.745
2014-11-03 11:00:00,89578.481,91087.823,80823.243,86342.675
2014-11-03 12:00:00,88339.444,89578.481,79291.98,86129.068
2014-11-03 13:00:00,87326.659,88339.444,78038.444,85949.055
2014-11-03 14:00:00,86328.559,87326.659,77277.327,85706.667
2014-11-03 15:00:00,85779.137,86328.559,77544.016,85586.843
2014-11-03 16:00:00,86983.622,85779.137,80270.313,85931.183
2014-11-03 17:00:00,92589.979,86983.622,86689.129,89046.864
2014-11-03 18:00:00,95213.651,92589.979,90662.405,91482.811
2014-11-03 19:00:00,93932.648,95213.651,90397.098,89327.832
2014-11-03 20:00:00,91546.701,93932.648,88949.821,85078.607
2014-11-03 21:00:00,87303.108,91546.701,85588.445,79227.122
2014-11-03 22:00:00,81743.184,87303.108,81637.293,73029.206
2014-11-03 23:00:00,76154.375,81743.184,76858.423,68513.853
2014-11-04 00:00:00,72180.391,76154.375,75278.522,65764.713
2014-11-04 01:00:00,69989.424,72180.391,74025.409,64220.638
2014-11-04 02:00:00,68927.228,69989.424,73583.682,63678.421
2014-11-04 03:00:00,68868.567,68927.228,74301.235,64897.023
2014-11-04 04:00:00,70786.681,68868.567,76567.758,69662.177
2014-11-04 05:00:00,75755.071,70786.681,82399.67,78760.044
2014-11-04 06:00:00,83564.831,75755.071,91307.401,84724.798
2014-11-04 07:00:00,87299.779,83564.831,94893.185,85222.843
2014-11-04 08:00:00,87758.97,87299.779,94372.466,85366.94
2014-11-04 09:00:00,87349.665,87758.97,92604.912,85839.541
2014-11-04 10:00:00,86884.337,87349.665,91087.823,86088.246
2014-11-04 11:00:00,86088.642,86884.337,89578.481,86334.309
2014-11-04 12:00:00,85467.563,86088.642,88339.444,86752.684
2014-11-04 13:00:00,85336.547,85467.563,87326.659,86885.137
2014-11-04 14:00:00,84919.77,85336.547,86328.559,86593.759
2014-11-04 15:00:00,84361.337,84919.77,85779.137,86374.056
2014-11-04 16:00:00,85674.766,84361.337,86983.622,86399.37
2014-11-04 17:00:00,90953.361,85674.766,92589.979,89100.146
2014-11-04 18:00:00,92531.025,90953.361,95213.651,90902.47
2014-11-04 19:00:00,91175.655,92531.025,93932.648,88656.995
2014-11-04 20:00:00,88949.462,91175.655,91546.701,84602.335
2014-11-04 21:00:00,84442.442,88949.462,87303.108,78541.381
2014-11-04 22:00:00,78590.506,84442.442,81743.184,72613.362
2014-11-04 23:00:00,72994.257,78590.506,76154.375,67987.792
2014-11-05 00:00:00,69120.558,72994.257,72180.391,65132.809
2014-11-05 01:00:00,66744.786,69120.558,69989.424,63669.124
2014-11-05 02:00:00,65717.175,66744.786,68927.228,63246.008
2014-11-05 03:00:00,65336.957,65717.175,68868.567,64295.022
2014-11-05 04:00:00,67140.072,65336.957,70786.681,68940.643
2014-11-05 05:00:00,72178.588,67140.072,75755.071,77984.311
2014-11-05 06:00:00,80937.963,72178.588,83564.831,84357.346
2014-11-05 07:00:00,85220.162,80937.963,87299.779,85218.976
2014-11-05 08:00:00,85859.944,85220.162,87758.97,85766.56
2014-11-05 09:00:00,86203.894,85859.944,87349.665,86453.829
2014-11-05 10:00:00,86323.674,86203.894,86884.337,86619.665
2014-11-05 11:00:00,86261.284,86323.674,86088.642,86597.776
2014-11-05 12:00:00,86003.344,86261.284,85467.563,86334.35
2014-11-05 13:00:00,85412.603,86003.344,85336.547,85604.812
2014-11-05 14:00:00,84771.377,85412.603,84919.77,85095.101
2014-11-05 15:00:00,84522.398,84771.377,84361.337,85134.715
2014-11-05 16:00:00,86088.607,84522.398,85674.766,86005.174
2014-11-05 17:00:00,91383.294,86088.607,90953.361,88824.321
2014-11-05 18:00:00,92704.607,91383.294,92531.025,90769.629
2014-11-05 19:00:00,91472.689,92704.607,91175.655,89215.969
2014-11-05 20:00:00,89025.923,91472.689,88949.462,85512.695
2014-11-05 21:00:00,84886.339,89025.923,84442.442,79839.698
2014-11-05 22:00:00,78933.057,84886.339,78590.506,74126.483
2014-11-05 23:00:00,73734.213,78933.057,72994.257,69828.196
2014-11-06 00:00:00,69684.983,73734.213,69120.558,67618.887
2014-11-06 01:00:00,67346.382,69684.983,66744.786,66374.632
2014-11-06 02:00:00,66169.456,67346.382,65717.175,66189.761
2014-11-06 03:00:00,65763.374,66169.456,65336.957,67650.826
2014-11-06 04:00:00,67395.294,65763.374,67140.072,72856.556
2014-11-06 05:00:00,72182.759,67395.294,72178.588,82300.273
2014-11-06 06:00:00,81042.043,72182.759,80937.963,88866.017
2014-11-06 07:00:00,85965.451,81042.043,85220.162,88851.425
2014-11-06 08:00:00,87466.176,85965.451,85859.944,88344.878
2014-11-06 09:00:00,88485.642,87466.176,86203.894,87643.183
2014-11-06 10:00:00,88911.282,88485.642,86323.674,86645.0
2014-11-06 11:00:00,88867.594,88911.282,86261.284,85802.943
2014-11-06 12:00:00,88479.616,88867.594,86003.344,85587.343
2014-11-06 13:00:00,88260.057,88479.616,85412.603,85019.695
2014-11-06 14:00:00,87944.341,88260.057,84771.377,84384.924
2014-11-06 15:00:00,87945.095,87944.341,84522.398,84578.842
2014-11-06 16:00:00,89926.941,87945.095,86088.607,85475.416
2014-11-06 17:00:00,94025.163,89926.941,91383.294,88921.691
2014-11-06 18:00:00,95106.488,94025.163,92704.607,91282.672
2014-11-06 19:00:00,93633.04,95106.488,91472.689,90430.61
2014-11-06 20:00:00,91310.519,93633.04,89025.923,87323.627
2014-11-06 21:00:00,87201.4,91310.519,84886.339,81867.005
2014-11-06 22:00:00,81683.625,87201.4,78933.057,76249.692
2014-11-06 23:00:00,76316.543,81683.625,73734.213,72399.602
2014-11-07 00:00:00,72220.603,76316.543,69684.983,70007.917
2014-11-07 01:00:00,70059.333,72220.603,67346.382,68789.536
2014-11-07 02:00:00,68928.276,70059.333,66169.456,68671.54
2014-11-07 03:00:00,69067.545,68928.276,65763.374,70150.262
2014-11-07 04:00:00,70842.254,69067.545,67395.294,75087.967
2014-11-07 05:00:00,75938.648,70842.254,72182.759,84040.897
2014-11-07 06:00:00,84822.019,75938.648,81042.043,90643.716
2014-11-07 07:00:00,89287.594,84822.019,85965.451,91281.117
2014-11-07 08:00:00,90101.983,89287.594,87466.176,90976.104
2014-11-07 09:00:00,90423.24,90101.983,88485.642,90478.813
2014-11-07 10:00:00,90377.013,90423.24,88911.282,89537.639
2014-11-07 11:00:00,89748.95,90377.013,88867.594,88504.872
2014-11-07 12:00:00,89021.745,89748.95,88479.616,87687.19
2014-11-07 13:00:00,88246.913,89021.745,88260.057,86608.247
2014-11-07 14:00:00,87443.397,88246.913,87944.341,86267.468
2014-11-07 15:00:00,86957.038,87443.397,87945.095,86609.567
2014-11-07 16:00:00,88610.575,86957.038,89926.941,87362.861
2014-11-07 17:00:00,94102.452,88610.575,94025.163,89030.646
2014-11-07 18:00:00,95706.214,94102.452,95106.488,89184.715
2014-11-07 19:00:00,94296.624,95706.214,93633.04,88005.899
2014-11-07 20:00:00,92769.832,94296.624,91310.519,85732.813
2014-11-07 21:00:00,89918.988,92769.832,87201.4,81793.027
2014-11-07 22:00:00,86143.888,89918.988,81683.625,76862.72
2014-11-07 23:00:00,81420.387,86143.888,76316.543,72812.34
2014-11-08 00:00:00,78017.079,81420.387,72220.603,70263.391
2014-11-08 01:00:00,75992.788,78017.079,70059.333,68893.917
2014-11-08 02:00:00,75041.399,75992.788,68928.276,68352.456
2014-11-08 03:00:00,74878.05,75041.399,69067.545,68693.022
2014-11-08 04:00:00,75967.602,74878.05,70842.254,70347.797
2014-11-08 05:00:00,78409.34,75967.602,75938.648,73699.309
2014-11-08 06:00:00,81978.986,78409.34,84822.019,77774.086
2014-11-08 07:00:00,85069.234,81978.986,89287.594,81462.105
2014-11-08 08:00:00,86395.546,85069.234,90101.983,84520.552
2014-11-08 09:00:00,86275.84,86395.546,90423.24,86337.726
2014-11-08 10:00:00,84900.147,86275.84,90377.013,86534.115
2014-11-08 11:00:00,83304.119,84900.147,89748.95,85977.189
2014-11-08 12:00:00,81425.018,83304.119,89021.745,84721.41
2014-11-08 13:00:00,79903.603,81425.018,88246.913,83656.773
2014-11-08 14:00:00,78943.868,79903.603,87443.397,82932.732
2014-11-08 15:00:00,79128.677,78943.868,86957.038,82899.974
2014-11-08 16:00:00,81286.842,79128.677,88610.575,83953.736
2014-11-08 17:00:00,87006.018,81286.842,94102.452,87193.19
2014-11-08 18:00:00,88258.89,87006.018,95706.214,88914.932
2014-11-08 19:00:00,87186.46,88258.89,94296.624,87579.416
2014-11-08 20:00:00,85415.776,87186.46,92769.832,85528.464
2014-11-08 21:00:00,82889.698,85415.776,89918.988,82192.567
2014-11-08 22:00:00,79243.614,82889.698,86143.888,78146.13
2014-11-08 23:00:00,75109.335,79243.614,81420.387,73847.095
2014-11-09 00:00:00,71625.595,75109.335,78017.079,72548.213
2014-11-09 01:00:00,69163.652,71625.595,75992.788,70843.792
2014-11-09 02:00:00,67872.737,69163.652,75041.399,70444.804
2014-11-09 03:00:00,67414.324,67872.737,74878.05,70443.556
2014-11-09 04:00:00,67998.821,67414.324,75967.602,71667.553
2014-11-09 05:00:00,69574.056,67998.821,78409.34,73305.769
2014-11-09 06:00:00,72229.335,69574.056,81978.986,76267.412
2014-11-09 07:00:00,74526.839,72229.335,85069.234,79196.719
2014-11-09 08:00:00,76998.094,74526.839,86395.546,82000.525
2014-11-09 09:00:00,77971.402,76998.094,86275.84,83611.877
2014-11-09 10:00:00,77601.977,77971.402,84900.147,82696.197
2014-11-09 11:00:00,76935.212,77601.977,83304.119,80823.243
2014-11-09 12:00:00,76326.863,76935.212,81425.018,79291.98
2014-11-09 13:00:00,75461.457,76326.863,79903.603,78038.444
2014-11-09 14:00:00,75017.989,75461.457,78943.868,77277.327
2014-11-09 15:00:00,75130.129,75017.989,79128.677,77544.016
2014-11-09 16:00:00,77608.865,75130.129,81286.842,80270.313
2014-11-09 17:00:00,84766.805,77608.865,87006.018,86689.129
2014-11-09 18:00:00,87541.741,84766.805,88258.89,90662.405
2014-11-09 19:00:00,87363.313,87541.741,87186.46,90397.098
2014-11-09 20:00:00,86204.249,87363.313,85415.776,88949.821
2014-11-09 21:00:00,83058.39,86204.249,82889.698,85588.445
2014-11-09 22:00:00,79122.37,83058.39,79243.614,81637.293
2014-11-09 23:00:00,75008.546,79122.37,75109.335,76858.423
2014-11-10 00:00:00,72448.152,75008.546,71625.595,75278.522
2014-11-10 01:00:00,71091.854,72448.152,69163.652,74025.409
2014-11-10 02:00:00,70957.648,71091.854,67872.737,73583.682
2014-11-10 03:00:00,71567.305,70957.648,67414.324,74301.235
2014-11-10 04:00:00,73892.575,71567.305,67998.821,76567.758
2014-11-10 05:00:00,80014.336,73892.575,69574.056,82399.67
2014-11-10 06:00:00,89520.517,80014.336,72229.335,91307.401
2014-11-10 07:00:00,93599.321,89520.517,74526.839,94893.185
2014-11-10 08:00:00,92685.838,93599.321,76998.094,94372.466
2014-11-10 09:00:00,90767.925,92685.838,77971.402,92604.912
2014-11-10 10:00:00,89248.138,90767.925,77601.977,91087.823
2014-11-10 11:00:00,88072.176,89248.138,76935.212,89578.481
2014-11-10 12:00:00,87069.169,88072.176,76326.863,88339.444
2014-11-10 13:00:00,86258.124,87069.169,75461.457,87326.659
2014-11-10 14:00:00,85543.737,86258.124,75017.989,86328.559
2014-11-10 15:00:00,84995.577,85543.737,75130.129,85779.137
2014-11-10 16:00:00,86053.57,84995.577,77608.865,86983.622
2014-11-10 17:00:00,91756.095,86053.57,84766.805,92589.979
2014-11-10 18:00:00,94117.991,91756.095,87541.741,95213.651
2014-11-10 19:00:00,93011.491,94117.991,87363.313,93932.648
2014-11-10 20:00:00,90920.514,93011.491,86204.249,91546.701
2014-11-10 21:00:00,87131.298,90920.514,83058.39,87303.108
2014-11-10 22:00:00,81634.707,87131.298,79122.37,81743.184
2014-11-10 23:00:00,76312.269,81634.707,75008.546,76154.375
2014-11-11 00:00:00,72504.177,76312.269,72448.152,72180.391
2014-11-11 01:00:00,70529.075,72504.177,71091.854,69989.424
2014-11-11 02:00:00,69663.304,70529.075,70957.648,68927.228
2014-11-11 03:00:00,69601.256,69663.304,71567.305,68868.567
2014-11-11 04:00:00,71418.285,69601.256,73892.575,70786.681
2014-11-11 05:00:00,76506.616,71418.285,80014.336,75755.071
2014-11-11 06:00:00,84780.786,76506.616,89520.517,83564.831
2014-11-11 07:00:00,88754.748,84780.786,93599.321,87299.779
2014-11-11 08:00:00,89026.088,88754.748,92685.838,87758.97
2014-11-11 09:00:00,88541.603,89026.088,90767.925,87349.665
2014-11-11 10:00:00,88042.413,88541.603,89248.138,86884.337
2014-11-11 11:00:00,87187.357,88042.413,88072.176,86088.642
2014-11-11 12:00:00,86420.022,87187.357,87069.169,85467.563
2014-11-11 13:00:00,86125.704,86420.022,86258.124,85336.547
2014-11-11 14:00:00,86023.844,86125.704,85543.737,84919.77
2014-11-11 15:00:00,85751.276,86023.844,84995.577,84361.337
2014-11-11 16:00:00,87405.894,85751.276,86053.57,85674.766
2014-11-11 17:00:00,92709.75,87405.894,91756.095,90953.361
2014-11-11 18:00:00,93705.147,92709.75,94117.991,92531.025
2014-11-11 19:00:00,92206.094,93705.147,93011.491,91175.655
2014-11-11 20:00:00,90164.882,92206.094,90920.514,88949.462
2014-11-11 21:00:00,86230.174,90164.882,87131.298,84442.442
2014-11-11 22:00:00,80593.588,86230.174,81634.707,78590.506
2014-11-11 23:00:00,75113.357,80593.588,76312.269,72994.257
2014-11-12 00:00:00,71224.167,75113.357,72504.177,69120.558
2014-11-12 01:00:00,68876.676,71224.167,70529.075,66744.786
2014-11-12 02:00:00,68080.142,68876.676,69663.304,65717.175
2014-11-12 03:00:00,67907.047,68080.142,69601.256,65336.957
2014-11-12 04:00:00,69588.452,67907.047,71418.285,67140.072
2014-11-12 05:00:00,74732.791,69588.452,76506.616,72178.588
2014-11-12 06:00:00,83877.67,74732.791,84780.786,80937.963
2014-11-12 07:00:00,88717.145,83877.67,88754.748,85220.162
2014-11-12 08:00:00,89656.552,88717.145,89026.088,85859.944
2014-11-12 09:00:00,89957.162,89656.552,88541.603,86203.894
2014-11-12 10:00:00,90699.436,89957.162,88042.413,86323.674
2014-11-12 11:00:00,90823.983,90699.436,87187.357,86261.284
2014-11-12 12:00:00,90414.944,90823.983,86420.022,86003.344
2014-11-12 13:00:00,90105.032,90414.944,86125.704,85412.603
2014-11-12 14:00:00,89298.387,90105.032,86023.844,84771.377
2014-11-12 15:00:00,89204.827,89298.387,85751.276,84522.398
2014-11-12 16:00:00,91115.817,89204.827,87405.894,86088.607
2014-11-12 17:00:00,96839.776,91115.817,92709.75,91383.294
2014-11-12 18:00:00,98124.405,96839.776,93705.147,92704.607
2014-11-12 19:00:00,96854.901,98124.405,92206.094,91472.689
2014-11-12 20:00:00,94866.474,96854.901,90164.882,89025.923
2014-11-12 21:00:00,91211.571,94866.474,86230.174,84886.339
2014-11-12 22:00:00,85450.25,91211.571,80593.588,78933.057
2014-11-12 23:00:00,80292.778,85450.25,75113.357,73734.213
2014-11-13 00:00:00,76285.652,80292.778,71224.167,69684.983
2014-11-13 01:00:00,74536.355,76285.652,68876.676,67346.382
2014-11-13 02:00:00,73799.379,74536.355,68080.142,66169.456
2014-11-13 03:00:00,74154.488,73799.379,67907.047,65763.374
2014-11-13 04:00:00,76077.938,74154.488,69588.452,67395.294
2014-11-13 05:00:00,81745.11,76077.938,74732.791,72182.759
2014-11-13 06:00:00,91231.03,81745.11,83877.67,81042.043
2014-11-13 07:00:00,95846.504,91231.03,88717.145,85965.451
2014-11-13 08:00:00,95987.592,95846.504,89656.552,87466.176
2014-11-13 09:00:00,96189.142,95987.592,89957.162,88485.642
2014-11-13 10:00:00,96806.293,96189.142,90699.436,88911.282
2014-11-13 11:00:00,96770.403,96806.293,90823.983,88867.594
2014-11-13 12:00:00,96644.791,96770.403,90414.944,88479.616
2014-11-13 13:00:00,96938.044,96644.791,90105.032,88260.057
2014-11-13 14:00:00,97042.879,96938.044,89298.387,87944.341
2014-11-13 15:00:00,97529.59,97042.879,89204.827,87945.095
2014-11-13 16:00:00,100070.299,97529.59,91115.817,89926.941
2014-11-13 17:00:00,104511.43,100070.299,96839.776,94025.163
2014-11-13 18:00:00,105564.07,104511.43,98124.405,95106.488
2014-11-13 19:00:00,104685.039,105564.07,96854.901,93633.04
2014-11-13 20:00:00,102791.364,104685.039,94866.474,91310.519
2014-11-13 21:00:00,98801.409,102791.364,91211.571,87201.4
2014-11-13 22:00:00,92902.592,98801.409,85450.25,81683.625
2014-11-13 23:00:00,87301.79,92902.592,80292.778,76316.543
2014-11-14 00:00:00,83463.124,87301.79,76285.652,72220.603
2014-11-14 01:00:00,81381.198,83463.124,74536.355,70059.333
2014-11-14 02:00:00,80574.249,81381.198,73799.379,68928.276
2014-11-14 03:00:00,80771.35,80574.249,74154.488,69067.545
2014-11-14 04:00:00,83055.289,80771.35,76077.938,70842.254
2014-11-14 05:00:00,88630.839,83055.289,81745.11,75938.648
2014-11-14 06:00:00,97955.554,88630.839,91231.03,84822.019
2014-11-14 07:00:00,102075.347,97955.554,95846.504,89287.594
2014-11-14 08:00:00,101744.2,102075.347,95987.592,90101.983
2014-11-14 09:00:00,100403.151,101744.2,96189.142,90423.24
2014-11-14 10:00:00,99421.108,100403.151,96806.293,90377.013
2014-11-14 11:00:00,98261.069,99421.108,96770.403,89748.95
2014-11-14 12:00:00,97279.552,98261.069,96644.791,89021.745
2014-11-14 13:00:00,96635.185,97279.552,96938.044,88246.913
2014-11-14 14:00:00,96342.177,96635.185,97042.879,87443.397
2014-11-14 15:00:00,96559.47,96342.177,97529.59,86957.038
2014-11-14 16:00:00,99085.31,96559.47,100070.299,88610.575
2014-11-14 17:00:00,104904.771,99085.31,104511.43,94102.452
2014-11-14 18:00:00,105832.253,104904.771,105564.07,95706.214
2014-11-14 19:00:00,104262.845,105832.253,104685.039,94296.624
2014-11-14 20:00:00,102578.05,104262.845,102791.364,92769.832
2014-11-14 21:00:00,99739.135,102578.05,98801.409,89918.988
2014-11-14 22:00:00,95658.583,99739.135,92902.592,86143.888
2014-11-14 23:00:00,90738.641,95658.583,87301.79,81420.387
2014-11-15 00:00:00,87342.789,90738.641,83463.124,78017.079
2014-11-15 01:00:00,85453.235,87342.789,81381.198,75992.788
2014-11-15 02:00:00,84698.375,85453.235,80574.249,75041.399
2014-11-15 03:00:00,84542.442,84698.375,80771.35,74878.05
2014-11-15 04:00:00,85661.147,84542.442,83055.289,75967.602
2014-11-15 05:00:00,88322.509,85661.147,88630.839,78409.34
2014-11-15 06:00:00,91909.574,88322.509,97955.554,81978.986
2014-11-15 07:00:00,94845.299,91909.574,102075.347,85069.234
2014-11-15 08:00:00,95936.99,94845.299,101744.2,86395.546
2014-11-15 09:00:00,94956.632,95936.99,100403.151,86275.84
2014-11-15 10:00:00,93233.905,94956.632,99421.108,84900.147
2014-11-15 11:00:00,90948.879,93233.905,98261.069,83304.119
2014-11-15 12:00:00,88664.566,90948.879,97279.552,81425.018
2014-11-15 13:00:00,86507.511,88664.566,96635.185,79903.603
2014-11-15 14:00:00,85399.646,86507.511,96342.177,78943.868
2014-11-15 15:00:00,85563.497,85399.646,96559.47,79128.677
2014-11-15 16:00:00,88795.564,85563.497,99085.31,81286.842
2014-11-15 17:00:00,95855.603,88795.564,104904.771,87006.018
2014-11-15 18:00:00,97832.685,95855.603,105832.253,88258.89
2014-11-15 19:00:00,97183.365,97832.685,104262.845,87186.46
2014-11-15 20:00:00,96414.238,97183.365,102578.05,85415.776
2014-11-15 21:00:00,94164.261,96414.238,99739.135,82889.698
2014-11-15 22:00:00,90636.968,94164.261,95658.583,79243.614
2014-11-15 23:00:00,86693.499,90636.968,90738.641,75109.335
2014-11-16 00:00:00,83067.779,86693.499,87342.789,71625.595
2014-11-16 01:00:00,80626.72,83067.779,85453.235,69163.652
2014-11-16 02:00:00,79103.575,80626.72,84698.375,67872.737
2014-11-16 03:00:00,78306.51,79103.575,84542.442,67414.324
2014-11-16 04:00:00,78458.009,78306.51,85661.147,67998.821
2014-11-16 05:00:00,79643.332,78458.009,88322.509,69574.056
2014-11-16 06:00:00,81652.822,79643.332,91909.574,72229.335
2014-11-16 07:00:00,83903.852,81652.822,94845.299,74526.839
2014-11-16 08:00:00,86748.933,83903.852,95936.99,76998.094
2014-11-16 09:00:00,88608.293,86748.933,94956.632,77971.402
2014-11-16 10:00:00,88954.792,88608.293,93233.905,77601.977
2014-11-16 11:00:00,88835.31,88954.792,90948.879,76935.212
2014-11-16 12:00:00,88664.266,88835.31,88664.566,76326.863
2014-11-16 13:00:00,88381.708,88664.266,86507.511,75461.457
2014-11-16 14:00:00,88147.044,88381.708,85399.646,75017.989
2014-11-16 15:00:00,88838.265,88147.044,85563.497,75130.129
2014-11-16 16:00:00,92008.91,88838.265,88795.564,77608.865
2014-11-16 17:00:00,97021.61,92008.91,95855.603,84766.805
2014-11-16 18:00:00,97370.839,97021.61,97832.685,87541.741
2014-11-16 19:00:00,96566.673,97370.839,97183.365,87363.313
2014-11-16 20:00:00,94565.843,96566.673,96414.238,86204.249
2014-11-16 21:00:00,90802.524,94565.843,94164.261,83058.39
2014-11-16 22:00:00,86167.741,90802.524,90636.968,79122.37
2014-11-16 23:00:00,81451.062,86167.741,86693.499,75008.546
2014-11-17 00:00:00,78055.612,81451.062,83067.779,72448.152
2014-11-17 01:00:00,76182.504,78055.612,80626.72,71091.854
2014-11-17 02:00:00,75566.311,76182.504,79103.575,70957.648
2014-11-17 03:00:00,76066.605,75566.311,78306.51,71567.305
2014-11-17 04:00:00,77949.122,76066.605,78458.009,73892.575
2014-11-17 05:00:00,83830.922,77949.122,79643.332,80014.336
2014-11-17 06:00:00,93010.96,83830.922,81652.822,89520.517
2014-11-17 07:00:00,98047.657,93010.96,83903.852,93599.321
2014-11-17 08:00:00,99310.743,98047.657,86748.933,92685.838
2014-11-17 09:00:00,100020.43,99310.743,88608.293,90767.925
2014-11-17 10:00:00,100713.496,100020.43,88954.792,89248.138
2014-11-17 11:00:00,100694.293,100713.496,88835.31,88072.176
2014-11-17 12:00:00,100459.631,100694.293,88664.266,87069.169
2014-11-17 13:00:00,100454.09,100459.631,88381.708,86258.124
2014-11-17 14:00:00,100329.038,100454.09,88147.044,85543.737
2014-11-17 15:00:00,100447.553,100329.038,88838.265,84995.577
2014-11-17 16:00:00,102829.485,100447.553,92008.91,86053.57
2014-11-17 17:00:00,107781.715,102829.485,97021.61,91756.095
2014-11-17 18:00:00,108873.332,107781.715,97370.839,94117.991
2014-11-17 19:00:00,107626.433,108873.332,96566.673,93011.491
2014-11-17 20:00:00,105659.91,107626.433,94565.843,90920.514
2014-11-17 21:00:00,101794.891,105659.91,90802.524,87131.298
2014-11-17 22:00:00,96378.309,101794.891,86167.741,81634.707
2014-11-17 23:00:00,91211.151,96378.309,81451.062,76312.269
2014-11-18 00:00:00,88128.722,91211.151,78055.612,72504.177
2014-11-18 01:00:00,86784.6,88128.722,76182.504,70529.075
2014-11-18 02:00:00,86640.986,86784.6,75566.311,69663.304
2014-11-18 03:00:00,82982.079,86640.986,76066.605,69601.256
2014-11-18 04:00:00,87672.397,82982.079,77949.122,71418.285
2014-11-18 05:00:00,96449.224,87672.397,83830.922,76506.616
2014-11-18 06:00:00,104890.419,96449.224,93010.96,84780.786
2014-11-18 07:00:00,108531.029,104890.419,98047.657,88754.748
2014-11-18 08:00:00,108526.703,108531.029,99310.743,89026.088
2014-11-18 09:00:00,107753.906,108526.703,100020.43,88541.603
2014-11-18 10:00:00,109763.432,107753.906,100713.496,88042.413
2014-11-18 11:00:00,108627.104,109763.432,100694.293,87187.357
2014-11-18 12:00:00,107546.164,108627.104,100459.631,86420.022
2014-11-18 13:00:00,106881.016,107546.164,100454.09,86125.704
2014-11-18 14:00:00,106612.805,106881.016,100329.038,86023.844
2014-11-18 15:00:00,107441.255,106612.805,100447.553,85751.276
2014-11-18 16:00:00,111352.745,107441.255,102829.485,87405.894
2014-11-18 17:00:00,118909.982,111352.745,107781.715,92709.75
2014-11-18 18:00:00,120847.897,118909.982,108873.332,93705.147
2014-11-18 19:00:00,120060.421,120847.897,107626.433,92206.094
2014-11-18 20:00:00,118302.923,120060.421,105659.91,90164.882
2014-11-18 21:00:00,114727.78,118302.923,101794.891,86230.174
2014-11-18 22:00:00,108403.148,114727.78,96378.309,80593.588
2014-11-18 23:00:00,102955.509,108403.148,91211.151,75113.357
2014-11-19 00:00:00,99528.91,102955.509,88128.722,71224.167
2014-11-19 01:00:00,97788.509,99528.91,86784.6,68876.676
2014-11-19 02:00:00,97245.194,97788.509,86640.986,68080.142
2014-11-19 03:00:00,97731.194,97245.194,82982.079,67907.047
2014-11-19 04:00:00,100014.229,97731.194,87672.397,69588.452
2014-11-19 05:00:00,105861.225,100014.229,96449.224,74732.791
2014-11-19 06:00:00,114744.751,105861.225,104890.419,83877.67
2014-11-19 07:00:00,118066.057,114744.751,108531.029,88717.145
2014-11-19 08:00:00,115396.82,118066.057,108526.703,89656.552
2014-11-19 09:00:00,112249.304,115396.82,107753.906,89957.162
2014-11-19 10:00:00,109738.608,112249.304,109763.432,90699.436
2014-11-19 11:00:00,107290.154,109738.608,108627.104,90823.983
2014-11-19 12:00:00,105620.668,107290.154,107546.164,90414.944
2014-11-19 13:00:00,104432.052,105620.668,106881.016,90105.032
2014-11-19 14:00:00,103536.019,104432.052,106612.805,89298.387
2014-11-19 15:00:00,103968.402,103536.019,107441.255,89204.827
2014-11-19 16:00:00,107370.248,103968.402,111352.745,91115.817
2014-11-19 17:00:00,114128.89,107370.248,118909.982,96839.776
2014-11-19 18:00:00,115165.555,114128.89,120847.897,98124.405
2014-11-19 19:00:00,113864.092,115165.555,120060.421,96854.901
2014-11-19 20:00:00,111680.419,113864.092,118302.923,94866.474
2014-11-19 21:00:00,107343.814,111680.419,114727.78,91211.571
2014-11-19 22:00:00,100867.304,107343.814,108403.148,85450.25
2014-11-19 23:00:00,94779.413,100867.304,102955.509,80292.778
2014-11-20 00:00:00,90655.176,94779.413,99528.91,76285.652
2014-11-20 01:00:00,88379.031,90655.176,97788.509,74536.355
2014-11-20 02:00:00,87447.354,88379.031,97245.194,73799.379
2014-11-20 03:00:00,87572.053,87447.354,97731.194,74154.488
2014-11-20 04:00:00,89439.328,87572.053,100014.229,76077.938
2014-11-20 05:00:00,94917.32,89439.328,105861.225,81745.11
2014-11-20 06:00:00,104002.731,94917.32,114744.751,91231.03
2014-11-20 07:00:00,107992.423,104002.731,118066.057,95846.504
2014-11-20 08:00:00,106973.109,107992.423,115396.82,95987.592
2014-11-20 09:00:00,105383.361,106973.109,112249.304,96189.142
2014-11-20 10:00:00,104485.532,105383.361,109738.608,96806.293
2014-11-20 11:00:00,101248.126,104485.532,107290.154,96770.403
2014-11-20 12:00:00,99120.586,101248.126,105620.668,96644.791
2014-11-20 13:00:00,97832.489,99120.586,104432.052,96938.044
2014-11-20 14:00:00,96928.824,97832.489,103536.019,97042.879
2014-11-20 15:00:00,97095.228,96928.824,103968.402,97529.59
2014-11-20 16:00:00,100186.663,97095.228,107370.248,100070.299
2014-11-20 17:00:00,107467.357,100186.663,114128.89,104511.43
2014-11-20 18:00:00,109523.428,107467.357,115165.555,105564.07
2014-11-20 19:00:00,109349.458,109523.428,113864.092,104685.039
2014-11-20 20:00:00,108111.071,109349.458,111680.419,102791.364
2014-11-20 21:00:00,104840.415,108111.071,107343.814,98801.409
2014-11-20 22:00:00,99741.81,104840.415,100867.304,92902.592
2014-11-20 23:00:00,94552.683,99741.81,94779.413,87301.79
2014-11-21 00:00:00,90997.968,94552.683,90655.176,83463.124
2014-11-21 01:00:00,89475.838,90997.968,88379.031,81381.198
2014-11-21 02:00:00,89017.287,89475.838,87447.354,80574.249
2014-11-21 03:00:00,89671.886,89017.287,87572.053,80771.35
2014-11-21 04:00:00,92088.892,89671.886,89439.328,83055.289
2014-11-21 05:00:00,98215.325,92088.892,94917.32,88630.839
2014-11-21 06:00:00,107798.621,98215.325,104002.731,97955.554
2014-11-21 07:00:00,112035.497,107798.621,107992.423,102075.347
2014-11-21 08:00:00,110377.596,112035.497,106973.109,101744.2
2014-11-21 09:00:00,108008.814,110377.596,105383.361,100403.151
2014-11-21 10:00:00,105945.068,108008.814,104485.532,99421.108
2014-11-21 11:00:00,103898.745,105945.068,101248.126,98261.069
2014-11-21 12:00:00,101571.65,103898.745,99120.586,97279.552
2014-11-21 13:00:00,100122.525,101571.65,97832.489,96635.185
2014-11-21 14:00:00,98779.826,100122.525,96928.824,96342.177
2014-11-21 15:00:00,98800.936,98779.826,97095.228,96559.47
2014-11-21 16:00:00,101799.775,98800.936,100186.663,99085.31
2014-11-21 17:00:00,109080.108,101799.775,107467.357,104904.771
2014-11-21 18:00:00,110780.176,109080.108,109523.428,105832.253
2014-11-21 19:00:00,109973.819,110780.176,109349.458,104262.845
2014-11-21 20:00:00,108606.593,109973.819,108111.071,102578.05
2014-11-21 21:00:00,105996.465,108606.593,104840.415,99739.135
2014-11-21 22:00:00,101866.06,105996.465,99741.81,95658.583
2014-11-21 23:00:00,97177.595,101866.06,94552.683,90738.641
2014-11-22 00:00:00,93649.212,97177.595,90997.968,87342.789
2014-11-22 01:00:00,91674.041,93649.212,89475.838,85453.235
2014-11-22 02:00:00,90888.677,91674.041,89017.287,84698.375
2014-11-22 03:00:00,90736.737,90888.677,89671.886,84542.442
2014-11-22 04:00:00,91898.803,90736.737,92088.892,85661.147
2014-11-22 05:00:00,94203.065,91898.803,98215.325,88322.509
2014-11-22 06:00:00,97704.699,94203.065,107798.621,91909.574
2014-11-22 07:00:00,100416.532,97704.699,112035.497,94845.299
2014-11-22 08:00:00,101102.022,100416.532,110377.596,95936.99
2014-11-22 09:00:00,100166.254,101102.022,108008.814,94956.632
2014-11-22 10:00:00,98000.156,100166.254,105945.068,93233.905
2014-11-22 11:00:00,95396.681,98000.156,103898.745,90948.879
2014-11-22 12:00:00,92506.619,95396.681,101571.65,88664.566
2014-11-22 13:00:00,90057.817,92506.619,100122.525,86507.511
2014-11-22 14:00:00,88429.186,90057.817,98779.826,85399.646
2014-11-22 15:00:00,88356.396,88429.186,98800.936,85563.497
2014-11-22 16:00:00,90775.769,88356.396,101799.775,88795.564
2014-11-22 17:00:00,96034.988,90775.769,109080.108,95855.603
2014-11-22 18:00:00,96351.486,96034.988,110780.176,97832.685
2014-11-22 19:00:00,95280.936,96351.486,109973.819,97183.365
2014-11-22 20:00:00,93918.263,95280.936,108606.593,96414.238
2014-11-22 21:00:00,91253.239,93918.263,105996.465,94164.261
2014-11-22 22:00:00,87190.846,91253.239,101866.06,90636.968
2014-11-22 23:00:00,82674.847,87190.846,97177.595,86693.499
2014-11-23 00:00:00,78990.53,82674.847,93649.212,83067.779
2014-11-23 01:00:00,76426.056,78990.53,91674.041,80626.72
2014-11-23 02:00:00,75075.224,76426.056,90888.677,79103.575
2014-11-23 03:00:00,74417.795,75075.224,90736.737,78306.51
2014-11-23 04:00:00,74736.496,74417.795,91898.803,78458.009
2014-11-23 05:00:00,75938.323,74736.496,94203.065,79643.332
2014-11-23 06:00:00,78475.521,75938.323,97704.699,81652.822
2014-11-23 07:00:00,81265.517,78475.521,100416.532,83903.852
2014-11-23 08:00:00,83726.859,81265.517,101102.022,86748.933
2014-11-23 09:00:00,84759.065,83726.859,100166.254,88608.293
2014-11-23 10:00:00,83880.727,84759.065,98000.156,88954.792
2014-11-23 11:00:00,82720.905,83880.727,95396.681,88835.31
2014-11-23 12:00:00,81537.562,82720.905,92506.619,88664.266
2014-11-23 13:00:00,80553.657,81537.562,90057.817,88381.708
2014-11-23 14:00:00,79896.684,80553.657,88429.186,88147.044
2014-11-23 15:00:00,80838.44,79896.684,88356.396,88838.265
2014-11-23 16:00:00,84496.323,80838.44,90775.769,92008.91
2014-11-23 17:00:00,91009.318,84496.323,96034.988,97021.61
2014-11-23 18:00:00,91520.161,91009.318,96351.486,97370.839
2014-11-23 19:00:00,90572.08,91520.161,95280.936,96566.673
2014-11-23 20:00:00,88724.584,90572.08,93918.263,94565.843
2014-11-23 21:00:00,84599.721,88724.584,91253.239,90802.524
2014-11-23 22:00:00,80200.094,84599.721,87190.846,86167.741
2014-11-23 23:00:00,75107.533,80200.094,82674.847,81451.062
2014-11-24 00:00:00,71154.154,75107.533,78990.53,78055.612
2014-11-24 01:00:00,68797.112,71154.154,76426.056,76182.504
2014-11-24 02:00:00,67458.84,68797.112,75075.224,75566.311
2014-11-24 03:00:00,67045.786,67458.84,74417.795,76066.605
2014-11-24 04:00:00,68463.468,67045.786,74736.496,77949.122
2014-11-24 05:00:00,73161.165,68463.468,75938.323,83830.922
2014-11-24 06:00:00,81728.238,73161.165,78475.521,93010.96
2014-11-24 07:00:00,86928.32,81728.238,81265.517,98047.657
2014-11-24 08:00:00,87886.822,86928.32,83726.859,99310.743
2014-11-24 09:00:00,88282.605,87886.822,84759.065,100020.43
2014-11-24 10:00:00,88886.593,88282.605,83880.727,100713.496
2014-11-24 11:00:00,88782.113,88886.593,82720.905,100694.293
2014-11-24 12:00:00,88528.477,88782.113,81537.562,100459.631
2014-11-24 13:00:00,88202.86,88528.477,80553.657,100454.09
2014-11-24 14:00:00,87862.706,88202.86,79896.684,100329.038
2014-11-24 15:00:00,87728.647,87862.706,80838.44,100447.553
2014-11-24 16:00:00,89598.181,87728.647,84496.323,102829.485
2014-11-24 17:00:00,95543.952,89598.181,91009.318,107781.715
2014-11-24 18:00:00,96637.389,95543.952,91520.161,108873.332
2014-11-24 19:00:00,95593.022,96637.389,90572.08,107626.433
2014-11-24 20:00:00,93603.917,95593.022,88724.584,105659.91
2014-11-24 21:00:00,89490.491,93603.917,84599.721,101794.891
2014-11-24 22:00:00,84185.669,89490.491,80200.094,96378.309
2014-11-24 23:00:00,78365.354,84185.669,75107.533,91211.151
2014-11-25 00:00:00,73803.072,78365.354,71154.154,88128.722
2014-11-25 01:00:00,71358.846,73803.072,68797.112,86784.6
2014-11-25 02:00:00,70233.432,71358.846,67458.84,86640.986
2014-11-25 03:00:00,70166.438,70233.432,67045.786,82982.079
2014-11-25 04:00:00,71750.737,70166.438,68463.468,87672.397
2014-11-25 05:00:00,76892.235,71750.737,73161.165,96449.224
2014-11-25 06:00:00,85941.93,76892.235,81728.238,104890.419
2014-11-25 07:00:00,91606.787,85941.93,86928.32,108531.029
2014-11-25 08:00:00,92811.739,91606.787,87886.822,108526.703
2014-11-25 09:00:00,93114.618,92811.739,88282.605,107753.906
2014-11-25 10:00:00,93020.627,93114.618,88886.593,109763.432
2014-11-25 11:00:00,92227.848,93020.627,88782.113,108627.104
2014-11-25 12:00:00,91575.155,92227.848,88528.477,107546.164
2014-11-25 13:00:00,90867.326,91575.155,88202.86,106881.016
2014-11-25 14:00:00,89809.632,90867.326,87862.706,106612.805
2014-11-25 15:00:00,89789.242,89809.632,87728.647,107441.255
2014-11-25 16:00:00,92059.595,89789.242,89598.181,111352.745
2014-11-25 17:00:00,98279.722,92059.595,95543.952,118909.982
2014-11-25 18:00:00,99879.098,98279.722,96637.389,120847.897
2014-11-25 19:00:00,99377.877,99879.098,95593.022,120060.421
2014-11-25 20:00:00,97825.413,99377.877,93603.917,118302.923
2014-11-25 21:00:00,94622.789,97825.413,89490.491,114727.78
2014-11-25 22:00:00,89504.45,94622.789,84185.669,108403.148
2014-11-25 23:00:00,84130.237,89504.45,78365.354,102955.509
2014-11-26 00:00:00,79764.623,84130.237,73803.072,99528.91
2014-11-26 01:00:00,77135.586,79764.623,71358.846,97788.509
2014-11-26 02:00:00,76013.899,77135.586,70233.432,97245.194
2014-11-26 03:00:00,75781.951,76013.899,70166.438,97731.194
2014-11-26 04:00:00,77586.742,75781.951,71750.737,100014.229
2014-11-26 05:00:00,82179.521,77586.742,76892.235,105861.225
2014-11-26 06:00:00,90128.194,82179.521,85941.93,114744.751
2014-11-26 07:00:00,96150.298,90128.194,91606.787,118066.057
2014-11-26 08:00:00,99148.996,96150.298,92811.739,115396.82
2014-11-26 09:00:00,101429.256,99148.996,93114.618,112249.304
2014-11-26 10:00:00,103217.147,101429.256,93020.627,109738.608
2014-11-26 11:00:00,103474.249,103217.147,92227.848,107290.154
2014-11-26 12:00:00,102915.098,103474.249,91575.155,105620.668
2014-11-26 13:00:00,102218.011,102915.098,90867.326,104432.052
2014-11-26 14:00:00,101319.153,102218.011,89809.632,103536.019
2014-11-26 15:00:00,100855.004,101319.153,89789.242,103968.402
2014-11-26 16:00:00,102526.156,100855.004,92059.595,107370.248
2014-11-26 17:00:00,106960.937,102526.156,98279.722,114128.89
2014-11-26 18:00:00,106315.692,106960.937,99879.098,115165.555
2014-11-26 19:00:00,104262.714,106315.692,99377.877,113864.092
2014-11-26 20:00:00,101540.019,104262.714,97825.413,111680.419
2014-11-26 21:00:00,97654.052,101540.019,94622.789,107343.814
2014-11-26 22:00:00,92451.012,97654.052,89504.45,100867.304
2014-11-26 23:00:00,86446.913,92451.012,84130.237,94779.413
2014-11-27 00:00:00,81783.318,86446.913,79764.623,90655.176
2014-11-27 01:00:00,78789.425,81783.318,77135.586,88379.031
2014-11-27 02:00:00,77398.391,78789.425,76013.899,87447.354
2014-11-27 03:00:00,76899.945,77398.391,75781.951,87572.053
2014-11-27 04:00:00,77491.374,76899.945,77586.742,89439.328
2014-11-27 05:00:00,79412.911,77491.374,82179.521,94917.32
2014-11-27 06:00:00,82156.708,79412.911,90128.194,104002.731
2014-11-27 07:00:00,85001.998,82156.708,96150.298,107992.423
2014-11-27 08:00:00,88269.936,85001.998,99148.996,106973.109
2014-11-27 09:00:00,91230.303,88269.936,101429.256,105383.361
2014-11-27 10:00:00,92734.342,91230.303,103217.147,104485.532
2014-11-27 11:00:00,92772.417,92734.342,103474.249,101248.126
2014-11-27 12:00:00,90802.184,92772.417,102915.098,99120.586
2014-11-27 13:00:00,87809.072,90802.184,102218.011,97832.489
2014-11-27 14:00:00,85574.229,87809.072,101319.153,96928.824
2014-11-27 15:00:00,84521.971,85574.229,100855.004,97095.228
2014-11-27 16:00:00,85209.374,84521.971,102526.156,100186.663
2014-11-27 17:00:00,88375.902,85209.374,106960.937,107467.357
2014-11-27 18:00:00,88818.147,88375.902,106315.692,109523.428
2014-11-27 19:00:00,88929.347,88818.147,104262.714,109349.458
2014-11-27 20:00:00,89177.371,88929.347,101540.019,108111.071
2014-11-27 21:00:00,88642.05,89177.371,97654.052,104840.415
2014-11-27 22:00:00,86796.986,88642.05,92451.012,99741.81
2014-11-27 23:00:00,83893.064,86796.986,86446.913,94552.683
2014-11-28 00:00:00,81375.742,83893.064,81783.318,90997.968
2014-11-28 01:00:00,79883.327,81375.742,78789.425,89475.838
2014-11-28 02:00:00,79398.933,79883.327,77398.391,89017.287
2014-11-28 03:00:00,79527.071,79398.933,76899.945,89671.886
2014-11-28 04:00:00,81290.194,79527.071,77491.374,92088.892
2014-11-28 05:00:00,84581.553,81290.194,79412.911,98215.325
2014-11-28 06:00:00,88851.651,84581.553,82156.708,107798.621
2014-11-28 07:00:00,91632.113,88851.651,85001.998,112035.497
2014-11-28 08:00:00,92711.316,91632.113,88269.936,110377.596
2014-11-28 09:00:00,93373.839,92711.316,91230.303,108008.814
2014-11-28 10:00:00,93528.37,93373.839,92734.342,105945.068
2014-11-28 11:00:00,92903.739,93528.37,92772.417,103898.745
2014-11-28 12:00:00,91684.282,92903.739,90802.184,101571.65
2014-11-28 13:00:00,90523.862,91684.282,87809.072,100122.525
2014-11-28 14:00:00,89740.268,90523.862,85574.229,98779.826
2014-11-28 15:00:00,90144.692,89740.268,84521.971,98800.936
2014-11-28 16:00:00,93613.679,90144.692,85209.374,101799.775
2014-11-28 17:00:00,100278.395,93613.679,88375.902,109080.108
2014-11-28 18:00:00,101428.806,100278.395,88818.147,110780.176
2014-11-28 19:00:00,100595.82,101428.806,88929.347,109973.819
2014-11-28 20:00:00,99545.388,100595.82,89177.371,108606.593
2014-11-28 21:00:00,97287.077,99545.388,88642.05,105996.465
2014-11-28 22:00:00,93902.744,97287.077,86796.986,101866.06
2014-11-28 23:00:00,89838.701,93902.744,83893.064,97177.595
2014-11-29 00:00:00,86178.432,89838.701,81375.742,93649.212
2014-11-29 01:00:00,84096.409,86178.432,79883.327,91674.041
2014-11-29 02:00:00,82863.715,84096.409,79398.933,90888.677
2014-11-29 03:00:00,82513.406,82863.715,79527.071,90736.737
2014-11-29 04:00:00,82980.916,82513.406,81290.194,91898.803
2014-11-29 05:00:00,84723.092,82980.916,84581.553,94203.065
2014-11-29 06:00:00,87587.108,84723.092,88851.651,97704.699
2014-11-29 07:00:00,90266.084,87587.108,91632.113,100416.532
2014-11-29 08:00:00,92546.907,90266.084,92711.316,101102.022
2014-11-29 09:00:00,93405.282,92546.907,93373.839,100166.254
2014-11-29 10:00:00,92717.366,93405.282,93528.37,98000.156
2014-11-29 11:00:00,90965.751,92717.366,92903.739,95396.681
2014-11-29 12:00:00,88602.506,90965.751,91684.282,92506.619
2014-11-29 13:00:00,86418.301,88602.506,90523.862,90057.817
2014-11-29 14:00:00,84955.523,86418.301,89740.268,88429.186
2014-11-29 15:00:00,84943.908,84955.523,90144.692,88356.396
2014-11-29 16:00:00,88034.417,84943.908,93613.679,90775.769
2014-11-29 17:00:00,93650.304,88034.417,100278.395,96034.988
2014-11-29 18:00:00,94305.031,93650.304,101428.806,96351.486
2014-11-29 19:00:00,93224.929,94305.031,100595.82,95280.936
2014-11-29 20:00:00,91628.794,93224.929,99545.388,93918.263
2014-11-29 21:00:00,89083.65,91628.794,97287.077,91253.239
2014-11-29 22:00:00,85100.86,89083.65,93902.744,87190.846
2014-11-29 23:00:00,80580.35,85100.86,89838.701,82674.847
2014-11-30 00:00:00,75878.119,80580.35,86178.432,78990.53
2014-11-30 01:00:00,73558.49,75878.119,84096.409,76426.056
2014-11-30 02:00:00,71924.324,73558.49,82863.715,75075.224
2014-11-30 03:00:00,71017.902,71924.324,82513.406,74417.795
2014-11-30 04:00:00,71135.053,71017.902,82980.916,74736.496
2014-11-30 05:00:00,72399.458,71135.053,84723.092,75938.323
2014-11-30 06:00:00,74845.471,72399.458,87587.108,78475.521
2014-11-30 07:00:00,76916.065,74845.471,90266.084,81265.517
2014-11-30 08:00:00,78921.225,76916.065,92546.907,83726.859
2014-11-30 09:00:00,80071.595,78921.225,93405.282,84759.065
2014-11-30 10:00:00,80138.789,80071.595,92717.366,83880.727
2014-11-30 11:00:00,79900.694,80138.789,90965.751,82720.905
2014-11-30 12:00:00,79767.345,79900.694,88602.506,81537.562
2014-11-30 13:00:00,79228.423,79767.345,86418.301,80553.657
2014-11-30 14:00:00,78942.35,79228.423,84955.523,79896.684
2014-11-30 15:00:00,79398.531,78942.35,84943.908,80838.44
2014-11-30 16:00:00,82748.305,79398.531,88034.417,84496.323
2014-11-30 17:00:00,89170.813,82748.305,93650.304,91009.318
2014-11-30 18:00:00,90442.702,89170.813,94305.031,91520.161
2014-11-30 19:00:00,89615.806,90442.702,93224.929,90572.08
2014-11-30 20:00:00,87855.582,89615.806,91628.794,88724.584
2014-11-30 21:00:00,84158.27,87855.582,89083.65,84599.721
2014-11-30 22:00:00,79245.091,84158.27,85100.86,80200.094
2014-11-30 23:00:00,74015.572,79245.091,80580.35,75107.533
2014-12-01 00:00:00,70382.82,74015.572,75878.119,71154.154
2014-12-01 01:00:00,68445.825,70382.82,73558.49,68797.112
2014-12-01 02:00:00,67765.212,68445.825,71924.324,67458.84
2014-12-01 03:00:00,68162.191,67765.212,71017.902,67045.786
2014-12-01 04:00:00,70445.179,68162.191,71135.053,68463.468
2014-12-01 05:00:00,76128.865,70445.179,72399.458,73161.165
2014-12-01 06:00:00,84884.88,76128.865,74845.471,81728.238
2014-12-01 07:00:00,90283.982,84884.88,76916.065,86928.32
2014-12-01 08:00:00,91204.162,90283.982,78921.225,87886.822
2014-12-01 09:00:00,91191.044,91204.162,80071.595,88282.605
2014-12-01 10:00:00,91837.873,91191.044,80138.789,88886.593
2014-12-01 11:00:00,91778.144,91837.873,79900.694,88782.113
2014-12-01 12:00:00,91830.193,91778.144,79767.345,88528.477
2014-12-01 13:00:00,91811.358,91830.193,79228.423,88202.86
2014-12-01 14:00:00,91781.334,91811.358,78942.35,87862.706
2014-12-01 15:00:00,92446.368,91781.334,79398.531,87728.647
2014-12-01 16:00:00,95733.832,92446.368,82748.305,89598.181
2014-12-01 17:00:00,101439.895,95733.832,89170.813,95543.952
2014-12-01 18:00:00,102669.393,101439.895,90442.702,96637.389
2014-12-01 19:00:00,101988.457,102669.393,89615.806,95593.022
2014-12-01 20:00:00,100292.497,101988.457,87855.582,93603.917
2014-12-01 21:00:00,96471.422,100292.497,84158.27,89490.491
2014-12-01 22:00:00,90715.098,96471.422,79245.091,84185.669
2014-12-01 23:00:00,84733.138,90715.098,74015.572,78365.354
2014-12-02 00:00:00,80526.612,84733.138,70382.82,73803.072
2014-12-02 01:00:00,78286.605,80526.612,68445.825,71358.846
2014-12-02 02:00:00,77575.792,78286.605,67765.212,70233.432
2014-12-02 03:00:00,77980.936,77575.792,68162.191,70166.438
2014-12-02 04:00:00,80091.849,77980.936,70445.179,71750.737
2014-12-02 05:00:00,85966.871,80091.849,76128.865,76892.235
2014-12-02 06:00:00,95553.899,85966.871,84884.88,85941.93
2014-12-02 07:00:00,101320.714,95553.899,90283.982,91606.787
2014-12-02 08:00:00,102173.971,101320.714,91204.162,92811.739
2014-12-02 09:00:00,102630.447,102173.971,91191.044,93114.618
2014-12-02 10:00:00,103120.838,102630.447,91837.873,93020.627
2014-12-02 11:00:00,103037.858,103120.838,91778.144,92227.848
2014-12-02 12:00:00,102900.874,103037.858,91830.193,91575.155
2014-12-02 13:00:00,102911.191,102900.874,91811.358,90867.326
2014-12-02 14:00:00,102602.975,102911.191,91781.334,89809.632
2014-12-02 15:00:00,103047.621,102602.975,92446.368,89789.242
2014-12-02 16:00:00,106192.53,103047.621,95733.832,92059.595
2014-12-02 17:00:00,110792.334,106192.53,101439.895,98279.722
2014-12-02 18:00:00,110872.901,110792.334,102669.393,99879.098
2014-12-02 19:00:00,109347.691,110872.901,101988.457,99377.877
2014-12-02 20:00:00,106785.767,109347.691,100292.497,97825.413
2014-12-02 21:00:00,101968.443,106785.767,96471.422,94622.789
2014-12-02 22:00:00,95298.659,101968.443,90715.098,89504.45
2014-12-02 23:00:00,88771.977,95298.659,84733.138,84130.237
2014-12-03 00:00:00,83905.297,88771.977,80526.612,79764.623
2014-12-03 01:00:00,81114.378,83905.297,78286.605,77135.586
2014-12-03 02:00:00,79602.503,81114.378,77575.792,76013.899
2014-12-03 03:00:00,79326.457,79602.503,77980.936,75781.951
2014-12-03 04:00:00,81115.872,79326.457,80091.849,77586.742
2014-12-03 05:00:00,86185.406,81115.872,85966.871,82179.521
2014-12-03 06:00:00,95107.537,86185.406,95553.899,90128.194
2014-12-03 07:00:00,100448.093,95107.537,101320.714,96150.298
2014-12-03 08:00:00,100369.44,100448.093,102173.971,99148.996
2014-12-03 09:00:00,99996.528,100369.44,102630.447,101429.256
2014-12-03 10:00:00,99746.527,99996.528,103120.838,103217.147
2014-12-03 11:00:00,99042.795,99746.527,103037.858,103474.249
2014-12-03 12:00:00,98105.217,99042.795,102900.874,102915.098
2014-12-03 13:00:00,97264.851,98105.217,102911.191,102218.011
2014-12-03 14:00:00,96052.815,97264.851,102602.975,101319.153
2014-12-03 15:00:00,95698.362,96052.815,103047.621,100855.004
2014-12-03 16:00:00,98556.734,95698.362,106192.53,102526.156
2014-12-03 17:00:00,104848.859,98556.734,110792.334,106960.937
2014-12-03 18:00:00,106204.492,104848.859,110872.901,106315.692
2014-12-03 19:00:00,105480.845,106204.492,109347.691,104262.714
2014-12-03 20:00:00,104053.591,105480.845,106785.767,101540.019
2014-12-03 21:00:00,100662.042,104053.591,101968.443,97654.052
2014-12-03 22:00:00,94872.44,100662.042,95298.659,92451.012
2014-12-03 23:00:00,88963.207,94872.44,88771.977,86446.913
2014-12-04 00:00:00,84722.633,88963.207,83905.297,81783.318
2014-12-04 01:00:00,82552.461,84722.633,81114.378,78789.425
2014-12-04 02:00:00,81756.821,82552.461,79602.503,77398.391
2014-12-04 03:00:00,82124.299,81756.821,79326.457,76899.945
2014-12-04 04:00:00,84287.861,82124.299,81115.872,77491.374
2014-12-04 05:00:00,90140.613,84287.861,86185.406,79412.911
2014-12-04 06:00:00,99955.26,90140.613,95107.537,82156.708
2014-12-04 07:00:00,104875.448,99955.26,100448.093,85001.998
2014-12-04 08:00:00,104151.883,104875.448,100369.44,88269.936
2014-12-04 09:00:00,102629.541,104151.883,99996.528,91230.303
2014-12-04 10:00:00,101256.62,102629.541,99746.527,92734.342
2014-12-04 11:00:00,99542.522,101256.62,99042.795,92772.417
2014-12-04 12:00:00,98606.846,99542.522,98105.217,90802.184
2014-12-04 13:00:00,98132.91,98606.846,97264.851,87809.072
2014-12-04 14:00:00,97941.254,98132.91,96052.815,85574.229
2014-12-04 15:00:00,98533.21,97941.254,95698.362,84521.971
2014-12-04 16:00:00,102027.22,98533.21,98556.734,85209.374
2014-12-04 17:00:00,108500.854,102027.22,104848.859,88375.902
2014-12-04 18:00:00,109104.509,108500.854,106204.492,88818.147
2014-12-04 19:00:00,108028.501,109104.509,105480.845,88929.347
2014-12-04 20:00:00,106297.155,108028.501,104053.591,89177.371
2014-12-04 21:00:00,102316.842,106297.155,100662.042,88642.05
2014-12-04 22:00:00,96192.228,102316.842,94872.44,86796.986
2014-12-04 23:00:00,89659.477,96192.228,88963.207,83893.064
2014-12-05 00:00:00,84891.169,89659.477,84722.633,81375.742
2014-12-05 01:00:00,81950.226,84891.169,82552.461,79883.327
2014-12-05 02:00:00,80646.445,81950.226,81756.821,79398.933
2014-12-05 03:00:00,80559.466,80646.445,82124.299,79527.071
2014-12-05 04:00:00,82192.496,80559.466,84287.861,81290.194
2014-12-05 05:00:00,87129.553,82192.496,90140.613,84581.553
2014-12-05 06:00:00,96094.629,87129.553,99955.26,88851.651
2014-12-05 07:00:00,101346.262,96094.629,104875.448,91632.113
2014-12-05 08:00:00,101410.013,101346.262,104151.883,92711.316
2014-12-05 09:00:00,101126.368,101410.013,102629.541,93373.839
2014-12-05 10:00:00,101214.008,101126.368,101256.62,93528.37
2014-12-05 11:00:00,100456.738,101214.008,99542.522,92903.739
2014-12-05 12:00:00,99438.177,100456.738,98606.846,91684.282
2014-12-05 13:00:00,98682.359,99438.177,98132.91,90523.862
2014-12-05 14:00:00,97894.681,98682.359,97941.254,89740.268
2014-12-05 15:00:00,97864.859,97894.681,98533.21,90144.692
2014-12-05 16:00:00,100426.65,97864.859,102027.22,93613.679
2014-12-05 17:00:00,104350.947,100426.65,108500.854,100278.395
2014-12-05 18:00:00,103620.472,104350.947,109104.509,101428.806
2014-12-05 19:00:00,101485.6,103620.472,108028.501,100595.82
2014-12-05 20:00:00,99179.88,101485.6,106297.155,99545.388
2014-12-05 21:00:00,95844.201,99179.88,102316.842,97287.077
2014-12-05 22:00:00,91033.284,95844.201,96192.228,93902.744
2014-12-05 23:00:00,85028.7,91033.284,89659.477,89838.701
2014-12-06 00:00:00,80209.675,85028.7,84891.169,86178.432
2014-12-06 01:00:00,76950.046,80209.675,81950.226,84096.409
2014-12-06 02:00:00,75151.607,76950.046,80646.445,82863.715
2014-12-06 03:00:00,74392.879,75151.607,80559.466,82513.406
2014-12-06 04:00:00,74754.142,74392.879,82192.496,82980.916
2014-12-06 05:00:00,76532.059,74754.142,87129.553,84723.092
2014-12-06 06:00:00,80071.281,76532.059,96094.629,87587.108
2014-12-06 07:00:00,83885.006,80071.281,101346.262,90266.084
2014-12-06 08:00:00,87395.24,83885.006,101410.013,92546.907
2014-12-06 09:00:00,90143.917,87395.24,101126.368,93405.282
2014-12-06 10:00:00,91409.116,90143.917,101214.008,92717.366
2014-12-06 11:00:00,91509.702,91409.116,100456.738,90965.751
2014-12-06 12:00:00,90736.848,91509.702,99438.177,88602.506
2014-12-06 13:00:00,89826.91,90736.848,98682.359,86418.301
2014-12-06 14:00:00,88962.036,89826.91,97894.681,84955.523
2014-12-06 15:00:00,88998.158,88962.036,97864.859,84943.908
2014-12-06 16:00:00,91695.318,88998.158,100426.65,88034.417
2014-12-06 17:00:00,96173.476,91695.318,104350.947,93650.304
2014-12-06 18:00:00,96752.795,96173.476,103620.472,94305.031
2014-12-06 19:00:00,95593.95,96752.795,101485.6,93224.929
2014-12-06 20:00:00,94359.036,95593.95,99179.88,91628.794
2014-12-06 21:00:00,92149.119,94359.036,95844.201,89083.65
2014-12-06 22:00:00,88445.324,92149.119,91033.284,85100.86
2014-12-06 23:00:00,84078.681,88445.324,85028.7,80580.35
2014-12-07 00:00:00,79958.818,84078.681,80209.675,75878.119
2014-12-07 01:00:00,77424.568,79958.818,76950.046,73558.49
2014-12-07 02:00:00,76295.927,77424.568,75151.607,71924.324
2014-12-07 03:00:00,76132.442,76295.927,74392.879,71017.902
2014-12-07 04:00:00,77033.923,76132.442,74754.142,71135.053
2014-12-07 05:00:00,79001.916,77033.923,76532.059,72399.458
2014-12-07 06:00:00,82257.699,79001.916,80071.281,74845.471
2014-12-07 07:00:00,85650.218,82257.699,83885.006,76916.065
2014-12-07 08:00:00,88256.45,85650.218,87395.24,78921.225
2014-12-07 09:00:00,89171.63,88256.45,90143.917,80071.595
2014-12-07 10:00:00,88567.25,89171.63,91409.116,80138.789
2014-12-07 11:00:00,87148.535,88567.25,91509.702,79900.694
2014-12-07 12:00:00,86120.199,87148.535,90736.848,79767.345
2014-12-07 13:00:00,84990.273,86120.199,89826.91,79228.423
2014-12-07 14:00:00,84518.126,84990.273,88962.036,78942.35
2014-12-07 15:00:00,85364.331,84518.126,88998.158,79398.531
2014-12-07 16:00:00,90143.276,85364.331,91695.318,82748.305
2014-12-07 17:00:00,99259.747,90143.276,96173.476,89170.813
2014-12-07 18:00:00,101866.153,99259.747,96752.795,90442.702
2014-12-07 19:00:00,102331.73,101866.153,95593.95,89615.806
2014-12-07 20:00:00,101965.045,102331.73,94359.036,87855.582
2014-12-07 21:00:00,98967.049,101965.045,92149.119,84158.27
2014-12-07 22:00:00,94152.709,98967.049,88445.324,79245.091
2014-12-07 23:00:00,88878.75,94152.709,84078.681,74015.572
2014-12-08 00:00:00,85217.95,88878.75,79958.818,70382.82
2014-12-08 01:00:00,83508.741,85217.95,77424.568,68445.825
2014-12-08 02:00:00,82917.19,83508.741,76295.927,67765.212
2014-12-08 03:00:00,83516.681,82917.19,76132.442,68162.191
2014-12-08 04:00:00,85975.666,83516.681,77033.923,70445.179
2014-12-08 05:00:00,91865.799,85975.666,79001.916,76128.865
2014-12-08 06:00:00,101606.76,91865.799,82257.699,84884.88
2014-12-08 07:00:00,107059.913,101606.76,85650.218,90283.982
2014-12-08 08:00:00,107620.852,107059.913,88256.45,91204.162
2014-12-08 09:00:00,107277.858,107620.852,89171.63,91191.044
2014-12-08 10:00:00,106802.611,107277.858,88567.25,91837.873
2014-12-08 11:00:00,105962.718,106802.611,87148.535,91778.144
2014-12-08 12:00:00,104861.271,105962.718,86120.199,91830.193
2014-12-08 13:00:00,104117.381,104861.271,84990.273,91811.358
2014-12-08 14:00:00,103414.611,104117.381,84518.126,91781.334
2014-12-08 15:00:00,103912.584,103414.611,85364.331,92446.368
2014-12-08 16:00:00,107321.652,103912.584,90143.276,95733.832
2014-12-08 17:00:00,113305.803,107321.652,99259.747,101439.895
2014-12-08 18:00:00,113956.894,113305.803,101866.153,102669.393
2014-12-08 19:00:00,112515.834,113956.894,102331.73,101988.457
2014-12-08 20:00:00,110389.45,112515.834,101965.045,100292.497
2014-12-08 21:00:00,106094.957,110389.45,98967.049,96471.422
2014-12-08 22:00:00,99412.801,106094.957,94152.709,90715.098
2014-12-08 23:00:00,92296.872,99412.801,88878.75,84733.138
2014-12-09 00:00:00,87318.364,92296.872,85217.95,80526.612
2014-12-09 01:00:00,84685.136,87318.364,83508.741,78286.605
2014-12-09 02:00:00,83420.175,84685.136,82917.19,77575.792
2014-12-09 03:00:00,83439.298,83420.175,83516.681,77980.936
2014-12-09 04:00:00,85167.417,83439.298,85975.666,80091.849
2014-12-09 05:00:00,90647.73,85167.417,91865.799,85966.871
2014-12-09 06:00:00,99563.787,90647.73,101606.76,95553.899
2014-12-09 07:00:00,105176.783,99563.787,107059.913,101320.714
2014-12-09 08:00:00,105472.843,105176.783,107620.852,102173.971
2014-12-09 09:00:00,105221.467,105472.843,107277.858,102630.447
2014-12-09 10:00:00,104942.35,105221.467,106802.611,103120.838
2014-12-09 11:00:00,103995.033,104942.35,105962.718,103037.858
2014-12-09 12:00:00,102917.32,103995.033,104861.271,102900.874
2014-12-09 13:00:00,102058.38,102917.32,104117.381,102911.191
2014-12-09 14:00:00,101088.292,102058.38,103414.611,102602.975
2014-12-09 15:00:00,101356.189,101088.292,103912.584,103047.621
2014-12-09 16:00:00,104477.373,101356.189,107321.652,106192.53
2014-12-09 17:00:00,110267.205,104477.373,113305.803,110792.334
2014-12-09 18:00:00,110772.78,110267.205,113956.894,110872.901
2014-12-09 19:00:00,109458.388,110772.78,112515.834,109347.691
2014-12-09 20:00:00,107272.807,109458.388,110389.45,106785.767
2014-12-09 21:00:00,102877.013,107272.807,106094.957,101968.443
2014-12-09 22:00:00,96147.431,102877.013,99412.801,95298.659
2014-12-09 23:00:00,89422.106,96147.431,92296.872,88771.977
2014-12-10 00:00:00,84507.641,89422.106,87318.364,83905.297
2014-12-10 01:00:00,81991.178,84507.641,84685.136,81114.378
2014-12-10 02:00:00,80995.877,81991.178,83420.175,79602.503
2014-12-10 03:00:00,81152.417,80995.877,83439.298,79326.457
2014-12-10 04:00:00,83269.307,81152.417,85167.417,81115.872
2014-12-10 05:00:00,88825.86,83269.307,90647.73,86185.406
2014-12-10 06:00:00,98227.376,88825.86,99563.787,95107.537
2014-12-10 07:00:00,103451.343,98227.376,105176.783,100448.093
2014-12-10 08:00:00,103468.109,103451.343,105472.843,100369.44
2014-12-10 09:00:00,102685.676,103468.109,105221.467,99996.528
2014-12-10 10:00:00,102570.822,102685.676,104942.35,99746.527
2014-12-10 11:00:00,102242.863,102570.822,103995.033,99042.795
2014-12-10 12:00:00,101640.343,102242.863,102917.32,98105.217
2014-12-10 13:00:00,101557.74,101640.343,102058.38,97264.851
2014-12-10 14:00:00,101259.071,101557.74,101088.292,96052.815
2014-12-10 15:00:00,101841.473,101259.071,101356.189,95698.362
2014-12-10 16:00:00,105788.036,101841.473,104477.373,98556.734
2014-12-10 17:00:00,112411.562,105788.036,110267.205,104848.859
2014-12-10 18:00:00,113559.061,112411.562,110772.78,106204.492
2014-12-10 19:00:00,112382.636,113559.061,109458.388,105480.845
2014-12-10 20:00:00,110709.635,112382.636,107272.807,104053.591
2014-12-10 21:00:00,106921.658,110709.635,102877.013,100662.042
2014-12-10 22:00:00,100620.754,106921.658,96147.431,94872.44
2014-12-10 23:00:00,93961.72,100620.754,89422.106,88963.207
2014-12-11 00:00:00,89594.699,93961.72,84507.641,84722.633
2014-12-11 01:00:00,87226.784,89594.699,81991.178,82552.461
2014-12-11 02:00:00,86338.778,87226.784,80995.877,81756.821
2014-12-11 03:00:00,86578.197,86338.778,81152.417,82124.299
2014-12-11 04:00:00,88736.332,86578.197,83269.307,84287.861
2014-12-11 05:00:00,94426.855,88736.332,88825.86,90140.613
2014-12-11 06:00:00,104169.898,94426.855,98227.376,99955.26
2014-12-11 07:00:00,109511.515,104169.898,103451.343,104875.448
2014-12-11 08:00:00,108930.657,109511.515,103468.109,104151.883
2014-12-11 09:00:00,107690.469,108930.657,102685.676,102629.541
2014-12-11 10:00:00,106447.603,107690.469,102570.822,101256.62
2014-12-11 11:00:00,104903.098,106447.603,102242.863,99542.522
2014-12-11 12:00:00,103726.722,104903.098,101640.343,98606.846
2014-12-11 13:00:00,102882.625,103726.722,101557.74,98132.91
2014-12-11 14:00:00,101914.803,102882.625,101259.071,97941.254
2014-12-11 15:00:00,102092.361,101914.803,101841.473,98533.21
2014-12-11 16:00:00,105642.848,102092.361,105788.036,102027.22
2014-12-11 17:00:00,112600.956,105642.848,112411.562,108500.854
2014-12-11 18:00:00,114047.334,112600.956,113559.061,109104.509
2014-12-11 19:00:00,113235.518,114047.334,112382.636,108028.501
2014-12-11 20:00:00,111869.132,113235.518,110709.635,106297.155
2014-12-11 21:00:00,108252.446,111869.132,106921.658,102316.842
2014-12-11 22:00:00,101952.591,108252.446,100620.754,96192.228
2014-12-11 23:00:00,95291.817,101952.591,93961.72,89659.477
2014-12-12 00:00:00,90394.186,95291.817,89594.699,84891.169
2014-12-12 01:00:00,87872.461,90394.186,87226.784,81950.226
2014-12-12 02:00:00,86704.206,87872.461,86338.778,80646.445
2014-12-12 03:00:00,86836.457,86704.206,86578.197,80559.466
2014-12-12 04:00:00,88743.577,86836.457,88736.332,82192.496
2014-12-12 05:00:00,94115.053,88743.577,94426.855,87129.553
2014-12-12 06:00:00,103255.027,94115.053,104169.898,96094.629
2014-12-12 07:00:00,108673.908,103255.027,109511.515,101346.262
2014-12-12 08:00:00,108385.664,108673.908,108930.657,101410.013
2014-12-12 09:00:00,107292.811,108385.664,107690.469,101126.368
2014-12-12 10:00:00,105510.125,107292.811,106447.603,101214.008
2014-12-12 11:00:00,103484.168,105510.125,104903.098,100456.738
2014-12-12 12:00:00,101379.531,103484.168,103726.722,99438.177
2014-12-12 13:00:00,100147.771,101379.531,102882.625,98682.359
2014-12-12 14:00:00,98802.069,100147.771,101914.803,97894.681
2014-12-12 15:00:00,98633.512,98802.069,102092.361,97864.859
2014-12-12 16:00:00,101774.773,98633.512,105642.848,100426.65
2014-12-12 17:00:00,108577.307,101774.773,112600.956,104350.947
2014-12-12 18:00:00,109193.735,108577.307,114047.334,103620.472
2014-12-12 19:00:00,107840.851,109193.735,113235.518,101485.6
2014-12-12 20:00:00,106270.348,107840.851,111869.132,99179.88
2014-12-12 21:00:00,103587.156,106270.348,108252.446,95844.201
2014-12-12 22:00:00,98951.776,103587.156,101952.591,91033.284
2014-12-12 23:00:00,93204.037,98951.776,95291.817,85028.7
2014-12-13 00:00:00,88295.221,93204.037,90394.186,80209.675
2014-12-13 01:00:00,85373.399,88295.221,87872.461,76950.046
2014-12-13 02:00:00,84023.948,85373.399,86704.206,75151.607
2014-12-13 03:00:00,83775.567,84023.948,86836.457,74392.879
2014-12-13 04:00:00,84441.821,83775.567,88743.577,74754.142
2014-12-13 05:00:00,86723.274,84441.821,94115.053,76532.059
2014-12-13 06:00:00,90224.371,86723.274,103255.027,80071.281
2014-12-13 07:00:00,94273.644,90224.371,108673.908,83885.006
2014-12-13 08:00:00,96807.299,94273.644,108385.664,87395.24
2014-12-13 09:00:00,97315.065,96807.299,107292.811,90143.917
2014-12-13 10:00:00,96501.842,97315.065,105510.125,91409.116
2014-12-13 11:00:00,94991.643,96501.842,103484.168,91509.702
2014-12-13 12:00:00,93190.753,94991.643,101379.531,90736.848
2014-12-13 13:00:00,91605.539,93190.753,100147.771,89826.91
2014-12-13 14:00:00,90506.25,91605.539,98802.069,88962.036
2014-12-13 15:00:00,90633.446,90506.25,98633.512,88998.158
2014-12-13 16:00:00,93715.472,90633.446,101774.773,91695.318
2014-12-13 17:00:00,99671.749,93715.472,108577.307,96173.476
2014-12-13 18:00:00,100492.281,99671.749,109193.735,96752.795
2014-12-13 19:00:00,99429.772,100492.281,107840.851,95593.95
2014-12-13 20:00:00,98174.447,99429.772,106270.348,94359.036
2014-12-13 21:00:00,96029.379,98174.447,103587.156,92149.119
2014-12-13 22:00:00,91991.834,96029.379,98951.776,88445.324
2014-12-13 23:00:00,87199.773,91991.834,93204.037,84078.681
2014-12-14 00:00:00,82641.896,87199.773,88295.221,79958.818
2014-12-14 01:00:00,80026.573,82641.896,85373.399,77424.568
2014-12-14 02:00:00,78576.733,80026.573,84023.948,76295.927
2014-12-14 03:00:00,77886.719,78576.733,83775.567,76132.442
2014-12-14 04:00:00,78015.539,77886.719,84441.821,77033.923
2014-12-14 05:00:00,79447.118,78015.539,86723.274,79001.916
2014-12-14 06:00:00,82076.888,79447.118,90224.371,82257.699
2014-12-14 07:00:00,85016.045,82076.888,94273.644,85650.218
2014-12-14 08:00:00,87615.258,85016.045,96807.299,88256.45
2014-12-14 09:00:00,88545.164,87615.258,97315.065,89171.63
2014-12-14 10:00:00,88364.819,88545.164,96501.842,88567.25
2014-12-14 11:00:00,87721.139,88364.819,94991.643,87148.535
2014-12-14 12:00:00,87391.033,87721.139,93190.753,86120.199
2014-12-14 13:00:00,86332.606,87391.033,91605.539,84990.273
2014-12-14 14:00:00,85661.875,86332.606,90506.25,84518.126
2014-12-14 15:00:00,85953.238,85661.875,90633.446,85364.331
2014-12-14 16:00:00,89394.914,85953.238,93715.472,90143.276
2014-12-14 17:00:00,96659.082,89394.914,99671.749,99259.747
2014-12-14 18:00:00,98326.273,96659.082,100492.281,101866.153
2014-12-14 19:00:00,97996.492,98326.273,99429.772,102331.73
2014-12-14 20:00:00,96863.953,97996.492,98174.447,101965.045
2014-12-14 21:00:00,93610.368,96863.953,96029.379,98967.049
2014-12-14 22:00:00,88643.136,93610.368,91991.834,94152.709
2014-12-14 23:00:00,83112.057,88643.136,87199.773,88878.75
2014-12-15 00:00:00,79058.992,83112.057,82641.896,85217.95
2014-12-15 01:00:00,76805.591,79058.992,80026.573,83508.741
2014-12-15 02:00:00,76022.83,76805.591,78576.733,82917.19
2014-12-15 03:00:00,76515.857,76022.83,77886.719,83516.681
2014-12-15 04:00:00,78943.263,76515.857,78015.539,85975.666
2014-12-15 05:00:00,84787.419,78943.263,79447.118,91865.799
2014-12-15 06:00:00,94568.789,84787.419,82076.888,101606.76
2014-12-15 07:00:00,100342.863,94568.789,85016.045,107059.913
2014-12-15 08:00:00,100188.423,100342.863,87615.258,107620.852
2014-12-15 09:00:00,98493.17,100188.423,88545.164,107277.858
2014-12-15 10:00:00,97002.989,98493.17,88364.819,106802.611
2014-12-15 11:00:00,95209.109,97002.989,87721.139,105962.718
2014-12-15 12:00:00,93474.833,95209.109,87391.033,104861.271
2014-12-15 13:00:00,92272.815,93474.833,86332.606,104117.381
2014-12-15 14:00:00,91029.401,92272.815,85661.875,103414.611
2014-12-15 15:00:00,91016.146,91029.401,85953.238,103912.584
2014-12-15 16:00:00,94616.747,91016.146,89394.914,107321.652
2014-12-15 17:00:00,102887.343,94616.747,96659.082,113305.803
2014-12-15 18:00:00,105075.801,102887.343,98326.273,113956.894
2014-12-15 19:00:00,104785.97,105075.801,97996.492,112515.834
2014-12-15 20:00:00,103568.361,104785.97,96863.953,110389.45
2014-12-15 21:00:00,99783.935,103568.361,93610.368,106094.957
2014-12-15 22:00:00,93921.544,99783.935,88643.136,99412.801
2014-12-15 23:00:00,87116.274,93921.544,83112.057,92296.872
2014-12-16 00:00:00,82297.752,87116.274,79058.992,87318.364
2014-12-16 01:00:00,79688.465,82297.752,76805.591,84685.136
2014-12-16 02:00:00,78575.704,79688.465,76022.83,83420.175
2014-12-16 03:00:00,78657.401,78575.704,76515.857,83439.298
2014-12-16 04:00:00,80468.569,78657.401,78943.263,85167.417
2014-12-16 05:00:00,85927.469,80468.569,84787.419,90647.73
2014-12-16 06:00:00,95303.132,85927.469,94568.789,99563.787
2014-12-16 07:00:00,100956.539,95303.132,100342.863,105176.783
2014-12-16 08:00:00,100497.422,100956.539,100188.423,105472.843
2014-12-16 09:00:00,99405.198,100497.422,98493.17,105221.467
2014-12-16 10:00:00,98886.807,99405.198,97002.989,104942.35
2014-12-16 11:00:00,98147.691,98886.807,95209.109,103995.033
2014-12-16 12:00:00,97449.146,98147.691,93474.833,102917.32
2014-12-16 13:00:00,97119.593,97449.146,92272.815,102058.38
2014-12-16 14:00:00,97154.222,97119.593,91029.401,101088.292
2014-12-16 15:00:00,97651.682,97154.222,91016.146,101356.189
2014-12-16 16:00:00,100876.04,97651.682,94616.747,104477.373
2014-12-16 17:00:00,106397.556,100876.04,102887.343,110267.205
2014-12-16 18:00:00,106712.312,106397.556,105075.801,110772.78
2014-12-16 19:00:00,105350.186,106712.312,104785.97,109458.388
2014-12-16 20:00:00,103554.019,105350.186,103568.361,107272.807
2014-12-16 21:00:00,99764.853,103554.019,99783.935,102877.013
2014-12-16 22:00:00,93350.284,99764.853,93921.544,96147.431
2014-12-16 23:00:00,86310.296,93350.284,87116.274,89422.106
2014-12-17 00:00:00,81305.246,86310.296,82297.752,84507.641
2014-12-17 01:00:00,78616.012,81305.246,79688.465,81991.178
2014-12-17 02:00:00,77536.761,78616.012,78575.704,80995.877
2014-12-17 03:00:00,77408.68,77536.761,78657.401,81152.417
2014-12-17 04:00:00,79398.527,77408.68,80468.569,83269.307
2014-12-17 05:00:00,85191.326,79398.527,85927.469,88825.86
2014-12-17 06:00:00,94653.553,85191.326,95303.132,98227.376
2014-12-17 07:00:00,100408.421,94653.553,100956.539,103451.343
2014-12-17 08:00:00,100162.714,100408.421,100497.422,103468.109
2014-12-17 09:00:00,98994.708,100162.714,99405.198,102685.676
2014-12-17 10:00:00,98338.901,98994.708,98886.807,102570.822
2014-12-17 11:00:00,97491.517,98338.901,98147.691,102242.863
2014-12-17 12:00:00,96786.834,97491.517,97449.146,101640.343
2014-12-17 13:00:00,96687.888,96786.834,97119.593,101557.74
2014-12-17 14:00:00,96503.559,96687.888,97154.222,101259.071
2014-12-17 15:00:00,96917.886,96503.559,97651.682,101841.473
2014-12-17 16:00:00,100687.693,96917.886,100876.04,105788.036
2014-12-17 17:00:00,107879.848,100687.693,106397.556,112411.562
2014-12-17 18:00:00,109309.332,107879.848,106712.312,113559.061
2014-12-17 19:00:00,108659.594,109309.332,105350.186,112382.636
2014-12-17 20:00:00,107476.155,108659.594,103554.019,110709.635
2014-12-17 21:00:00,104434.584,107476.155,99764.853,106921.658
2014-12-17 22:00:00,98829.188,104434.584,93350.284,100620.754
2014-12-17 23:00:00,92225.507,98829.188,86310.296,93961.72
2014-12-18 00:00:00,87282.161,92225.507,81305.246,89594.699
2014-12-18 01:00:00,85005.238,87282.161,78616.012,87226.784
2014-12-18 02:00:00,84126.607,85005.238,77536.761,86338.778
2014-12-18 03:00:00,84316.829,84126.607,77408.68,86578.197
2014-12-18 04:00:00,86588.395,84316.829,79398.527,88736.332
2014-12-18 05:00:00,92353.051,86588.395,85191.326,94426.855
2014-12-18 06:00:00,102124.057,92353.051,94653.553,104169.898
2014-12-18 07:00:00,107743.402,102124.057,100408.421,109511.515
2014-12-18 08:00:00,107301.273,107743.402,100162.714,108930.657
2014-12-18 09:00:00,106148.034,107301.273,98994.708,107690.469
2014-12-18 10:00:00,105504.628,106148.034,98338.901,106447.603
2014-12-18 11:00:00,104425.79,105504.628,97491.517,104903.098
2014-12-18 12:00:00,102891.469,104425.79,96786.834,103726.722
2014-12-18 13:00:00,102039.887,102891.469,96687.888,102882.625
2014-12-18 14:00:00,101582.437,102039.887,96503.559,101914.803
2014-12-18 15:00:00,101836.926,101582.437,96917.886,102092.361
2014-12-18 16:00:00,105583.0,101836.926,100687.693,105642.848
2014-12-18 17:00:00,112358.633,105583.0,107879.848,112600.956
2014-12-18 18:00:00,113412.97,112358.633,109309.332,114047.334
2014-12-18 19:00:00,112252.617,113412.97,108659.594,113235.518
2014-12-18 20:00:00,110927.721,112252.617,107476.155,111869.132
2014-12-18 21:00:00,107225.913,110927.721,104434.584,108252.446
2014-12-18 22:00:00,100977.798,107225.913,98829.188,101952.591
2014-12-18 23:00:00,94133.123,100977.798,92225.507,95291.817
2014-12-19 00:00:00,88924.402,94133.123,87282.161,90394.186
2014-12-19 01:00:00,86014.753,88924.402,85005.238,87872.461
2014-12-19 02:00:00,84811.961,86014.753,84126.607,86704.206
2014-12-19 03:00:00,84921.912,84811.961,84316.829,86836.457
2014-12-19 04:00:00,86931.509,84921.912,86588.395,88743.577
2014-12-19 05:00:00,92223.705,86931.509,92353.051,94115.053
2014-12-19 06:00:00,101340.292,92223.705,102124.057,103255.027
2014-12-19 07:00:00,107405.234,101340.292,107743.402,108673.908
2014-12-19 08:00:00,107566.211,107405.234,107301.273,108385.664
2014-12-19 09:00:00,106809.051,107566.211,106148.034,107292.811
2014-12-19 10:00:00,106055.116,106809.051,105504.628,105510.125
2014-12-19 11:00:00,104282.942,106055.116,104425.79,103484.168
2014-12-19 12:00:00,102547.211,104282.942,102891.469,101379.531
2014-12-19 13:00:00,100967.455,102547.211,102039.887,100147.771
2014-12-19 14:00:00,99679.587,100967.455,101582.437,98802.069
2014-12-19 15:00:00,99657.081,99679.587,101836.926,98633.512
2014-12-19 16:00:00,103019.908,99657.081,105583.0,101774.773
2014-12-19 17:00:00,109960.423,103019.908,112358.633,108577.307
2014-12-19 18:00:00,110833.274,109960.423,113412.97,109193.735
2014-12-19 19:00:00,109497.037,110833.274,112252.617,107840.851
2014-12-19 20:00:00,108053.659,109497.037,110927.721,106270.348
2014-12-19 21:00:00,105390.964,108053.659,107225.913,103587.156
2014-12-19 22:00:00,100901.688,105390.964,100977.798,98951.776
2014-12-19 23:00:00,95172.075,100901.688,94133.123,93204.037
2014-12-20 00:00:00,90099.271,95172.075,88924.402,88295.221
2014-12-20 01:00:00,87298.818,90099.271,86014.753,85373.399
2014-12-20 02:00:00,85777.451,87298.818,84811.961,84023.948
2014-12-20 03:00:00,85400.708,85777.451,84921.912,83775.567
2014-12-20 04:00:00,85880.907,85400.708,86931.509,84441.821
2014-12-20 05:00:00,88335.834,85880.907,92223.705,86723.274
2014-12-20 06:00:00,91910.579,88335.834,101340.292,90224.371
2014-12-20 07:00:00,96301.154,91910.579,107405.234,94273.644
2014-12-20 08:00:00,99458.785,96301.154,107566.211,96807.299
2014-12-20 09:00:00,101489.532,99458.785,106809.051,97315.065
2014-12-20 10:00:00,101852.564,101489.532,106055.116,96501.842
2014-12-20 11:00:00,100665.766,101852.564,104282.942,94991.643
2014-12-20 12:00:00,98746.364,100665.766,102547.211,93190.753
2014-12-20 13:00:00,96706.362,98746.364,100967.455,91605.539
2014-12-20 14:00:00,95465.082,96706.362,99679.587,90506.25
2014-12-20 15:00:00,95365.937,95465.082,99657.081,90633.446
2014-12-20 16:00:00,98271.229,95365.937,103019.908,93715.472
2014-12-20 17:00:00,104406.831,98271.229,109960.423,99671.749
2014-12-20 18:00:00,105014.209,104406.831,110833.274,100492.281
2014-12-20 19:00:00,103883.532,105014.209,109497.037,99429.772
2014-12-20 20:00:00,102856.61,103883.532,108053.659,98174.447
2014-12-20 21:00:00,100694.475,102856.61,105390.964,96029.379
2014-12-20 22:00:00,96678.305,100694.475,100901.688,91991.834
2014-12-20 23:00:00,91780.694,96678.305,95172.075,87199.773
2014-12-21 00:00:00,87364.313,91780.694,90099.271,82641.896
2014-12-21 01:00:00,84415.367,87364.313,87298.818,80026.573
2014-12-21 02:00:00,82850.824,84415.367,85777.451,78576.733
2014-12-21 03:00:00,82244.199,82850.824,85400.708,77886.719
2014-12-21 04:00:00,82549.329,82244.199,85880.907,78015.539
2014-12-21 05:00:00,84162.864,82549.329,88335.834,79447.118
2014-12-21 06:00:00,86905.472,84162.864,91910.579,82076.888
2014-12-21 07:00:00,90245.595,86905.472,96301.154,85016.045
2014-12-21 08:00:00,93214.602,90245.595,99458.785,87615.258
2014-12-21 09:00:00,94520.168,93214.602,101489.532,88545.164
2014-12-21 10:00:00,93948.964,94520.168,101852.564,88364.819
2014-12-21 11:00:00,92599.739,93948.964,100665.766,87721.139
2014-12-21 12:00:00,91210.91,92599.739,98746.364,87391.033
2014-12-21 13:00:00,89099.441,91210.91,96706.362,86332.606
2014-12-21 14:00:00,87926.911,89099.441,95465.082,85661.875
2014-12-21 15:00:00,88188.184,87926.911,95365.937,85953.238
2014-12-21 16:00:00,92146.751,88188.184,98271.229,89394.914
2014-12-21 17:00:00,100732.75,92146.751,104406.831,96659.082
2014-12-21 18:00:00,103856.168,100732.75,105014.209,98326.273
2014-12-21 19:00:00,104391.869,103856.168,103883.532,97996.492
2014-12-21 20:00:00,104101.204,104391.869,102856.61,96863.953
2014-12-21 21:00:00,101827.841,104101.204,100694.475,93610.368
2014-12-21 22:00:00,97578.853,101827.841,96678.305,88643.136
2014-12-21 23:00:00,92574.465,97578.853,91780.694,83112.057
2014-12-22 00:00:00,88400.684,92574.465,87364.313,79058.992
2014-12-22 01:00:00,85965.328,88400.684,84415.367,76805.591
2014-12-22 02:00:00,85164.742,85965.328,82850.824,76022.83
2014-12-22 03:00:00,85311.561,85164.742,82244.199,76515.857
2014-12-22 04:00:00,87200.163,85311.561,82549.329,78943.263
2014-12-22 05:00:00,91969.986,87200.163,84162.864,84787.419
2014-12-22 06:00:00,99493.473,91969.986,86905.472,94568.789
2014-12-22 07:00:00,105044.23,99493.473,90245.595,100342.863
2014-12-22 08:00:00,106230.245,105044.23,93214.602,100188.423
2014-12-22 09:00:00,106005.141,106230.245,94520.168,98493.17
2014-12-22 10:00:00,105239.154,106005.141,93948.964,97002.989
2014-12-22 11:00:00,104054.358,105239.154,92599.739,95209.109
2014-12-22 12:00:00,102539.713,104054.358,91210.91,93474.833
2014-12-22 13:00:00,101193.461,102539.713,89099.441,92272.815
2014-12-22 14:00:00,100526.031,101193.461,87926.911,91029.401
2014-12-22 15:00:00,100313.507,100526.031,88188.184,91016.146
2014-12-22 16:00:00,103035.446,100313.507,92146.751,94616.747
2014-12-22 17:00:00,108594.959,103035.446,100732.75,102887.343
2014-12-22 18:00:00,109076.922,108594.959,103856.168,105075.801
2014-12-22 19:00:00,107584.566,109076.922,104391.869,104785.97
2014-12-22 20:00:00,105742.712,107584.566,104101.204,103568.361
2014-12-22 21:00:00,101810.514,105742.712,101827.841,99783.935
2014-12-22 22:00:00,96002.056,101810.514,97578.853,93921.544
2014-12-22 23:00:00,89199.539,96002.056,92574.465,87116.274
2014-12-23 00:00:00,83680.467,89199.539,88400.684,82297.752
2014-12-23 01:00:00,80282.067,83680.467,85965.328,79688.465
2014-12-23 02:00:00,78633.892,80282.067,85164.742,78575.704
2014-12-23 03:00:00,77863.24,78633.892,85311.561,78657.401
2014-12-23 04:00:00,79145.166,77863.24,87200.163,80468.569
2014-12-23 05:00:00,83210.825,79145.166,91969.986,85927.469
2014-12-23 06:00:00,90329.504,83210.825,99493.473,95303.132
2014-12-23 07:00:00,95685.717,90329.504,105044.23,100956.539
2014-12-23 08:00:00,97019.886,95685.717,106230.245,100497.422
2014-12-23 09:00:00,97293.215,97019.886,106005.141,99405.198
2014-12-23 10:00:00,97175.643,97293.215,105239.154,98886.807
2014-12-23 11:00:00,96346.954,97175.643,104054.358,98147.691
2014-12-23 12:00:00,94845.558,96346.954,102539.713,97449.146
2014-12-23 13:00:00,93828.396,94845.558,101193.461,97119.593
2014-12-23 14:00:00,92671.097,93828.396,100526.031,97154.222
2014-12-23 15:00:00,92164.797,92671.097,100313.507,97651.682
2014-12-23 16:00:00,94425.004,92164.797,103035.446,100876.04
2014-12-23 17:00:00,99599.79,94425.004,108594.959,106397.556
2014-12-23 18:00:00,100137.463,99599.79,109076.922,106712.312
2014-12-23 19:00:00,98526.025,100137.463,107584.566,105350.186
2014-12-23 20:00:00,96409.989,98526.025,105742.712,103554.019
2014-12-23 21:00:00,92988.647,96409.989,101810.514,99764.853
2014-12-23 22:00:00,87816.959,92988.647,96002.056,93350.284
2014-12-23 23:00:00,81231.602,87816.959,89199.539,86310.296
2014-12-24 00:00:00,75580.641,81231.602,83680.467,81305.246
2014-12-24 01:00:00,71890.262,75580.641,80282.067,78616.012
2014-12-24 02:00:00,69816.191,71890.262,78633.892,77536.761
2014-12-24 03:00:00,68920.922,69816.191,77863.24,77408.68
2014-12-24 04:00:00,69577.64,68920.922,79145.166,79398.527
2014-12-24 05:00:00,72283.519,69577.64,83210.825,85191.326
2014-12-24 06:00:00,76835.667,72283.519,90329.504,94653.553
2014-12-24 07:00:00,81354.265,76835.667,95685.717,100408.421
2014-12-24 08:00:00,84289.206,81354.265,97019.886,100162.714
2014-12-24 09:00:00,86827.219,84289.206,97293.215,98994.708
2014-12-24 10:00:00,88395.117,86827.219,97175.643,98338.901
2014-12-24 11:00:00,88341.181,88395.117,96346.954,97491.517
2014-12-24 12:00:00,87089.714,88341.181,94845.558,96786.834
2014-12-24 13:00:00,85798.691,87089.714,93828.396,96687.888
2014-12-24 14:00:00,84840.027,85798.691,92671.097,96503.559
2014-12-24 15:00:00,84128.656,84840.027,92164.797,96917.886
2014-12-24 16:00:00,85590.583,84128.656,94425.004,100687.693
2014-12-24 17:00:00,88795.222,85590.583,99599.79,107879.848
2014-12-24 18:00:00,87010.961,88795.222,100137.463,109309.332
2014-12-24 19:00:00,84334.339,87010.961,98526.025,108659.594
2014-12-24 20:00:00,82580.563,84334.339,96409.989,107476.155
2014-12-24 21:00:00,80978.993,82580.563,92988.647,104434.584
2014-12-24 22:00:00,78297.858,80978.993,87816.959,98829.188
2014-12-24 23:00:00,74445.801,78297.858,81231.602,92225.507
2014-12-25 00:00:00,70168.024,74445.801,75580.641,87282.161
2014-12-25 01:00:00,67085.894,70168.024,71890.262,85005.238
2014-12-25 02:00:00,65159.246,67085.894,69816.191,84126.607
2014-12-25 03:00:00,64389.732,65159.246,68920.922,84316.829
2014-12-25 04:00:00,64850.726,64389.732,69577.64,86588.395
2014-12-25 05:00:00,66311.851,64850.726,72283.519,92353.051
2014-12-25 06:00:00,69149.536,66311.851,76835.667,102124.057
2014-12-25 07:00:00,72730.517,69149.536,81354.265,107743.402
2014-12-25 08:00:00,75903.797,72730.517,84289.206,107301.273
2014-12-25 09:00:00,78231.491,75903.797,86827.219,106148.034
2014-12-25 10:00:00,79153.585,78231.491,88395.117,105504.628
2014-12-25 11:00:00,79423.708,79153.585,88341.181,104425.79
2014-12-25 12:00:00,78805.951,79423.708,87089.714,102891.469
2014-12-25 13:00:00,77507.066,78805.951,85798.691,102039.887
2014-12-25 14:00:00,76030.196,77507.066,84840.027,101582.437
2014-12-25 15:00:00,75214.794,76030.196,84128.656,101836.926
2014-12-25 16:00:00,76479.852,75214.794,85590.583,105583.0
2014-12-25 17:00:00,81667.421,76479.852,88795.222,112358.633
2014-12-25 18:00:00,83328.846,81667.421,87010.961,113412.97
2014-12-25 19:00:00,83480.731,83328.846,84334.339,112252.617
2014-12-25 20:00:00,83802.871,83480.731,82580.563,110927.721
2014-12-25 21:00:00,83252.7,83802.871,80978.993,107225.913
2014-12-25 22:00:00,81143.842,83252.7,78297.858,100977.798
2014-12-25 23:00:00,77862.323,81143.842,74445.801,94133.123
2014-12-26 00:00:00,74907.714,77862.323,70168.024,88924.402
2014-12-26 01:00:00,73055.462,74907.714,67085.894,86014.753
2014-12-26 02:00:00,72540.639,73055.462,65159.246,84811.961
2014-12-26 03:00:00,73224.219,72540.639,64389.732,84921.912
2014-12-26 04:00:00,75194.378,73224.219,64850.726,86931.509
2014-12-26 05:00:00,78941.256,75194.378,66311.851,92223.705
2014-12-26 06:00:00,84259.526,78941.256,69149.536,101340.292
2014-12-26 07:00:00,88546.343,84259.526,72730.517,107405.234
2014-12-26 08:00:00,89991.955,88546.343,75903.797,107566.211
2014-12-26 09:00:00,89369.644,89991.955,78231.491,106809.051
2014-12-26 10:00:00,87706.23,89369.644,79153.585,106055.116
2014-12-26 11:00:00,85798.537,87706.23,79423.708,104282.942
2014-12-26 12:00:00,83735.94,85798.537,78805.951,102547.211
2014-12-26 13:00:00,81707.511,83735.94,77507.066,100967.455
2014-12-26 14:00:00,80218.486,81707.511,76030.196,99679.587
2014-12-26 15:00:00,79938.392,80218.486,75214.794,99657.081
2014-12-26 16:00:00,82684.401,79938.392,76479.852,103019.908
2014-12-26 17:00:00,90662.99,82684.401,81667.421,109960.423
2014-12-26 18:00:00,93063.527,90662.99,83328.846,110833.274
2014-12-26 19:00:00,92532.797,93063.527,83480.731,109497.037
2014-12-26 20:00:00,91682.613,92532.797,83802.871,108053.659
2014-12-26 21:00:00,89666.625,91682.613,83252.7,105390.964
2014-12-26 22:00:00,85998.169,89666.625,81143.842,100901.688
2014-12-26 23:00:00,81597.184,85998.169,77862.323,95172.075
2014-12-27 00:00:00,77665.015,81597.184,74907.714,90099.271
2014-12-27 01:00:00,75276.842,77665.015,73055.462,87298.818
2014-12-27 02:00:00,74114.153,75276.842,72540.639,85777.451
2014-12-27 03:00:00,73751.434,74114.153,73224.219,85400.708
2014-12-27 04:00:00,74341.544,73751.434,75194.378,85880.907
2014-12-27 05:00:00,76193.948,74341.544,78941.256,88335.834
2014-12-27 06:00:00,79168.783,76193.948,84259.526,91910.579
2014-12-27 07:00:00,82503.957,79168.783,88546.343,96301.154
2014-12-27 08:00:00,84505.07,82503.957,89991.955,99458.785
2014-12-27 09:00:00,84902.984,84505.07,89369.644,101489.532
2014-12-27 10:00:00,84060.874,84902.984,87706.23,101852.564
2014-12-27 11:00:00,82766.89,84060.874,85798.537,100665.766
2014-12-27 12:00:00,80904.057,82766.89,83735.94,98746.364
2014-12-27 13:00:00,79065.289,80904.057,81707.511,96706.362
2014-12-27 14:00:00,77747.756,79065.289,80218.486,95465.082
2014-12-27 15:00:00,77551.028,77747.756,79938.392,95365.937
2014-12-27 16:00:00,80102.456,77551.028,82684.401,98271.229
2014-12-27 17:00:00,87260.87,80102.456,90662.99,104406.831
2014-12-27 18:00:00,88915.628,87260.87,93063.527,105014.209
2014-12-27 19:00:00,88339.845,88915.628,92532.797,103883.532
2014-12-27 20:00:00,87300.31,88339.845,91682.613,102856.61
2014-12-27 21:00:00,85415.616,87300.31,89666.625,100694.475
2014-12-27 22:00:00,81927.98,85415.616,85998.169,96678.305
2014-12-27 23:00:00,77577.479,81927.98,81597.184,91780.694
2014-12-28 00:00:00,73516.511,77577.479,77665.015,87364.313
2014-12-28 01:00:00,70857.079,73516.511,75276.842,84415.367
2014-12-28 02:00:00,69273.971,70857.079,74114.153,82850.824
2014-12-28 03:00:00,68580.354,69273.971,73751.434,82244.199
2014-12-28 04:00:00,68729.724,68580.354,74341.544,82549.329
2014-12-28 05:00:00,70008.604,68729.724,76193.948,84162.864
2014-12-28 06:00:00,72222.21,70008.604,79168.783,86905.472
2014-12-28 07:00:00,75147.101,72222.21,82503.957,90245.595
2014-12-28 08:00:00,77600.869,75147.101,84505.07,93214.602
2014-12-28 09:00:00,80035.379,77600.869,84902.984,94520.168
2014-12-28 10:00:00,81184.231,80035.379,84060.874,93948.964
2014-12-28 11:00:00,81657.919,81184.231,82766.89,92599.739
2014-12-28 12:00:00,81990.371,81657.919,80904.057,91210.91
2014-12-28 13:00:00,81632.368,81990.371,79065.289,89099.441
2014-12-28 14:00:00,81308.933,81632.368,77747.756,87926.911
2014-12-28 15:00:00,81644.612,81308.933,77551.028,88188.184
2014-12-28 16:00:00,84776.931,81644.612,80102.456,92146.751
2014-12-28 17:00:00,90842.221,84776.931,87260.87,100732.75
2014-12-28 18:00:00,92447.645,90842.221,88915.628,103856.168
2014-12-28 19:00:00,91791.493,92447.645,88339.845,104391.869
2014-12-28 20:00:00,90671.197,91791.493,87300.31,104101.204
2014-12-28 21:00:00,87973.178,90671.197,85415.616,101827.841
2014-12-28 22:00:00,84282.229,87973.178,81927.98,97578.853
2014-12-28 23:00:00,79697.767,84282.229,77577.479,92574.465
2014-12-29 00:00:00,76022.585,79697.767,73516.511,88400.684
2014-12-29 01:00:00,73811.708,76022.585,70857.079,85965.328
2014-12-29 02:00:00,73118.656,73811.708,69273.971,85164.742
2014-12-29 03:00:00,73434.73,73118.656,68580.354,85311.561
2014-12-29 04:00:00,75345.087,73434.73,68729.724,87200.163
2014-12-29 05:00:00,79801.132,75345.087,70008.604,91969.986
2014-12-29 06:00:00,86377.271,79801.132,72222.21,99493.473
2014-12-29 07:00:00,92397.509,86377.271,75147.101,105044.23
2014-12-29 08:00:00,94696.17,92397.509,77600.869,106230.245
2014-12-29 09:00:00,96080.31,94696.17,80035.379,106005.141
2014-12-29 10:00:00,96801.57,96080.31,81184.231,105239.154
2014-12-29 11:00:00,96704.17,96801.57,81657.919,104054.358
2014-12-29 12:00:00,95535.368,96704.17,81990.371,102539.713
2014-12-29 13:00:00,95067.693,95535.368,81632.368,101193.461
2014-12-29 14:00:00,94639.554,95067.693,81308.933,100526.031
2014-12-29 15:00:00,94620.485,94639.554,81644.612,100313.507
2014-12-29 16:00:00,97049.035,94620.485,84776.931,103035.446
2014-12-29 17:00:00,104348.585,97049.035,90842.221,108594.959
2014-12-29 18:00:00,106117.919,104348.585,92447.645,109076.922
2014-12-29 19:00:00,104881.1,106117.919,91791.493,107584.566
2014-12-29 20:00:00,103141.771,104881.1,90671.197,105742.712
2014-12-29 21:00:00,99984.481,103141.771,87973.178,101810.514
2014-12-29 22:00:00,94929.854,99984.481,84282.229,96002.056
2014-12-29 23:00:00,89294.085,94929.854,79697.767,89199.539
2014-12-30 00:00:00,85148.774,89294.085,76022.585,83680.467
2014-12-30 01:00:00,82953.809,85148.774,73811.708,80282.067
2014-12-30 02:00:00,81905.839,82953.809,73118.656,78633.892
2014-12-30 03:00:00,81912.634,81905.839,73434.73,77863.24
2014-12-30 04:00:00,83746.413,81912.634,75345.087,79145.166
2014-12-30 05:00:00,88031.6,83746.413,79801.132,83210.825
2014-12-30 06:00:00,94791.768,88031.6,86377.271,90329.504
2014-12-30 07:00:00,100358.309,94791.768,92397.509,95685.717
2014-12-30 08:00:00,102199.672,100358.309,94696.17,97019.886
2014-12-30 09:00:00,102994.301,102199.672,96080.31,97293.215
2014-12-30 10:00:00,102668.271,102994.301,96801.57,97175.643
2014-12-30 11:00:00,101202.69,102668.271,96704.17,96346.954
2014-12-30 12:00:00,99363.167,101202.69,95535.368,94845.558
2014-12-30 13:00:00,98052.884,99363.167,95067.693,93828.396
2014-12-30 14:00:00,97026.429,98052.884,94639.554,92671.097
2014-12-30 15:00:00,96748.019,97026.429,94620.485,92164.797
2014-12-30 16:00:00,99842.173,96748.019,97049.035,94425.004
2014-12-30 17:00:00,107877.732,99842.173,104348.585,99599.79
2014-12-30 18:00:00,110938.823,107877.732,106117.919,100137.463
2014-12-30 19:00:00,110291.84,110938.823,104881.1,98526.025
2014-12-30 20:00:00,109190.462,110291.84,103141.771,96409.989
2014-12-30 21:00:00,106588.533,109190.462,99984.481,92988.647
2014-12-30 22:00:00,102017.413,106588.533,94929.854,87816.959
2014-12-30 23:00:00,96808.177,102017.413,89294.085,81231.602
2014-12-31 00:00:00,92830.61,96808.177,85148.774,75580.641
2014-12-31 01:00:00,90832.528,92830.61,82953.809,71890.262
2014-12-31 02:00:00,90220.066,90832.528,81905.839,69816.191
2014-12-31 03:00:00,90396.634,90220.066,81912.634,68920.922
2014-12-31 04:00:00,92166.198,90396.634,83746.413,69577.64
2014-12-31 05:00:00,96221.197,92166.198,88031.6,72283.519
2014-12-31 06:00:00,102045.398,96221.197,94791.768,76835.667
2014-12-31 07:00:00,106184.299,102045.398,100358.309,81354.265
2014-12-31 08:00:00,106970.65,106184.299,102199.672,84289.206
2014-12-31 09:00:00,106291.55,106970.65,102994.301,86827.219
2014-12-31 10:00:00,104914.426,106291.55,102668.271,88395.117
2014-12-31 11:00:00,103107.522,104914.426,101202.69,88341.181
2014-12-31 12:00:00,101048.643,103107.522,99363.167,87089.714
2014-12-31 13:00:00,99003.59,101048.643,98052.884,85798.691
2014-12-31 14:00:00,97402.724,99003.59,97026.429,84840.027
2014-12-31 15:00:00,96920.55,97402.724,96748.019,84128.656
2014-12-31 16:00:00,100085.526,96920.55,99842.173,85590.583
2014-12-31 17:00:00,108872.864,100085.526,107877.732,88795.222
2014-12-31 18:00:00,110720.793,108872.864,110938.823,87010.961
2014-12-31 19:00:00,108499.162,110720.793,110291.84,84334.339
2014-12-31 20:00:00,105847.192,108499.162,109190.462,82580.563
2014-12-31 21:00:00,103003.004,105847.192,106588.533,80978.993
2014-12-31 22:00:00,99740.391,103003.004,102017.413,78297.858
2014-12-31 23:00:00,96410.754,99740.391,96808.177,74445.801
