timestamp_ept,actual_load_mw,linear_regression,gboost_point
2014-01-01 00:00:00,91392.412,95332.1477055601,90530.89561266826
2014-01-01 01:00:00,89227.554,92161.97611856768,89271.04608416007
2014-01-01 02:00:00,87668.736,90094.03528836327,88179.5052905577
2014-01-01 03:00:00,87062.268,88832.24492700616,87243.40310573002
2014-01-01 04:00:00,87373.595,88689.95116461297,89250.90758679823
2014-01-01 05:00:00,88632.963,89934.21071838978,91806.35245311903
2014-01-01 06:00:00,90575.953,92365.34186714728,97454.83580474784
2014-01-01 07:00:00,91895.899,95052.24775049246,96539.37257925361
2014-01-01 08:00:00,92502.138,96390.55739206789,94251.68190284421
2014-01-01 09:00:00,93018.173,96731.5664461213,93574.67731507629
2014-01-01 10:00:00,93238.325,96735.91325524708,93436.35210684832
2014-01-01 11:00:00,92739.08,96287.42768778827,91974.47305920473
2014-01-01 12:00:00,91572.544,95096.74917903086,91461.33979218204
2014-01-01 13:00:00,90127.954,93569.81462814104,90735.23552554613
2014-01-01 14:00:00,88964.428,91877.93951631914,89291.904363772
2014-01-01 15:00:00,89018.517,90744.8905482489,88871.80250317144
2014-01-01 16:00:00,91986.3,91431.24156666799,91658.17580552713
2014-01-01 17:00:00,99585.156,95873.78634558285,97892.44405046073
2014-01-01 18:00:00,102303.815,101513.88695818122,102726.83892073028
2014-01-01 19:00:00,101889.004,102700.50480950647,102366.6103814233
2014-01-01 20:00:00,100727.123,101613.1624733657,101078.30577738305
2014-01-01 21:00:00,97952.414,99785.12303613687,97285.53030795143
2014-01-01 22:00:00,93588.866,96698.18370399659,93794.71546336495
2014-01-01 23:00:00,88722.24,92369.43121929799,88474.03657888125
2014-01-02 00:00:00,85368.263,90543.44536653826,85930.93473119575
2014-01-02 01:00:00,83575.648,87374.39386857155,84435.45708809275
2014-01-02 02:00:00,82946.837,85560.52765106098,83018.2068482027
2014-01-02 03:00:00,83423.93,84901.85374172535,83179.48907925044
2014-01-02 04:00:00,85653.425,85346.5971090154,85453.67928172828
2014-01-02 05:00:00,90873.923,87515.20140367295,90946.32309477706
2014-01-02 06:00:00,99454.744,92099.08212220551,99237.35367581627
2014-01-02 07:00:00,105736.494,98841.51693769766,104492.5331596123
2014-01-02 08:00:00,107147.905,103500.99427003413,105735.82405630303
2014-01-02 09:00:00,107934.414,104638.50141005771,106596.6681642348
2014-01-02 10:00:00,108875.027,105107.09081603464,108098.68450219052
2014-01-02 11:00:00,108880.17,105346.5670574054,107569.54868934547
2014-01-02 12:00:00,108605.642,104709.92085664174,107610.08356376326
2014-01-02 13:00:00,108738.89,103817.98674674316,107432.66379683782
2014-01-02 14:00:00,108636.012,103300.55733441343,107974.22073586706
2014-01-02 15:00:00,109165.394,103062.31773158416,108620.52815191486
2014-01-02 16:00:00,112000.142,104310.91303787006,110720.02038600128
2014-01-02 17:00:00,118005.055,108901.68337733418,119136.47584593405
2014-01-02 18:00:00,119985.492,113895.53855830374,119519.46355092486
2014-01-02 19:00:00,119085.645,115017.28144787226,118987.3863995207
2014-01-02 20:00:00,117009.88,113908.08501402385,117154.73729790593
2014-01-02 21:00:00,113261.1,111433.71893991533,113689.50047445434
2014-01-02 22:00:00,108322.288,107278.63895717976,107226.84395020378
2014-01-02 23:00:00,103424.122,102044.05980111605,102158.73622372115
2014-01-03 00:00:00,99487.35,100035.65543251204,100119.25987569249
2014-01-03 01:00:00,97783.51,96541.8512404924,97180.14505684792
2014-01-03 02:00:00,97746.096,95000.41214292713,97865.63854316922
2014-01-03 03:00:00,98699.818,95002.55500773576,98883.26597574432
2014-01-03 04:00:00,101588.998,96250.29417848898,102050.93361361291
2014-01-03 05:00:00,106824.574,99857.68952138413,106625.86976847703
2014-01-03 06:00:00,113859.0,106025.53101799724,114691.41998350502
2014-01-03 07:00:00,119478.385,112796.98885392206,118166.2227239872
2014-01-03 08:00:00,121360.553,117038.49442029746,119232.99564919119
2014-01-03 09:00:00,121534.176,118239.74559481264,120103.36138192026
2014-01-03 10:00:00,120741.116,118119.11864641822,120270.30511971205
2014-01-03 11:00:00,119372.298,117038.11868831515,120323.64351383125
2014-01-03 12:00:00,117650.301,115510.10305666777,117850.02981540619
2014-01-03 13:00:00,116124.782,113896.78395067422,115989.47294177575
2014-01-03 14:00:00,114484.787,112434.31775435348,114431.98926503639
2014-01-03 15:00:00,113710.078,111178.20862827939,114300.21894434409
2014-01-03 16:00:00,116351.977,111377.14100264246,116339.10681707517
2014-01-03 17:00:00,124561.53,115316.30488619852,122287.11986335559
2014-01-03 18:00:00,127294.741,121639.40511998071,125062.44810189458
2014-01-03 19:00:00,126378.516,123130.50730867719,125352.7319581736
2014-01-03 20:00:00,125175.236,121754.93416646397,124497.13756297153
2014-01-03 21:00:00,122125.023,119671.43753646014,122000.42995501265
2014-01-03 22:00:00,117801.579,115813.18306474971,116167.85682777967
2014-01-03 23:00:00,112949.177,110974.59034490996,110467.78250822099
2014-01-04 00:00:00,109090.126,109551.78909912377,110811.8662164447
2014-01-04 01:00:00,106929.393,106058.22343419713,106786.63929563304
2014-01-04 02:00:00,105826.647,104271.0305451167,104619.96686355221
2014-01-04 03:00:00,105685.901,103524.3296236097,106134.49010038559
2014-01-04 04:00:00,106169.219,104002.1804055494,108869.22970595828
2014-01-04 05:00:00,107952.747,105592.83400199143,109786.14472392455
2014-01-04 06:00:00,110848.966,108594.3311949074,112279.5889823763
2014-01-04 07:00:00,113658.37,112064.7905352175,114318.67088845061
2014-01-04 08:00:00,114764.416,114422.82673704854,113913.56708105312
2014-01-04 09:00:00,113031.077,114979.41016567347,114111.78575546411
2014-01-04 10:00:00,110600.265,113102.23444349313,111117.72577721953
2014-01-04 11:00:00,107804.887,110542.93612053427,108880.08132476317
2014-01-04 12:00:00,104405.646,107625.68207966592,106929.0191703418
2014-01-04 13:00:00,101383.751,104404.64601184397,102902.68829964241
2014-01-04 14:00:00,99138.88,101507.1667970802,100006.19164093609
2014-01-04 15:00:00,98275.14,99534.37634916329,98929.91712395925
2014-01-04 16:00:00,100936.83,99643.61461306048,100288.29324518239
2014-01-04 17:00:00,108632.598,104095.10217600051,106160.17659087294
2014-01-04 18:00:00,111467.427,110173.55046227848,111306.6266656696
2014-01-04 19:00:00,110626.585,111744.80794357727,109587.0000448666
2014-01-04 20:00:00,109379.869,110610.85431862023,108208.04219105311
2014-01-04 21:00:00,106999.598,108632.09008293,105809.79435001157
2014-01-04 22:00:00,102845.771,105388.82911884038,102053.88925457836
2014-01-04 23:00:00,98128.582,100672.2570419904,97735.27229115994
2014-01-05 00:00:00,93565.922,98626.26348099153,93800.70791375695
2014-01-05 01:00:00,90837.982,94487.87857548111,91756.00633904141
2014-01-05 02:00:00,89143.401,91975.0689417283,89209.9682373715
2014-01-05 03:00:00,88219.044,90498.67437921569,90399.0090206395
2014-01-05 04:00:00,88137.311,89819.10414421691,89786.10932033844
2014-01-05 05:00:00,89157.683,90167.94548936255,89971.02324982281
2014-01-05 06:00:00,91258.336,91609.14319584679,91544.73230388104
2014-01-05 07:00:00,93885.063,93889.75329162377,93681.6896099372
2014-01-05 08:00:00,96034.405,96139.08857424199,96011.33707232481
2014-01-05 09:00:00,97815.048,97396.31190577474,97764.69234903125
2014-01-05 10:00:00,98432.731,98159.29062996013,98040.99195385037
2014-01-05 11:00:00,98189.475,97935.80485025403,97405.31714430389
2014-01-05 12:00:00,98137.02,96922.85302863613,97124.92688433145
2014-01-05 13:00:00,97553.448,95993.01312366394,97074.23042504751
2014-01-05 14:00:00,97037.81,94818.3357110359,96777.13695659554
2014-01-05 15:00:00,97171.263,94092.80793187488,96406.46286296866
2014-01-05 16:00:00,100019.566,94901.91748126868,98642.91738638106
2014-01-05 17:00:00,105903.865,99174.67536457664,105894.9440140169
2014-01-05 18:00:00,107094.888,103985.042386572,108894.695754383
2014-01-05 19:00:00,105407.017,104375.34721671673,106293.1711685834
2014-01-05 20:00:00,103217.08,102654.5103572527,104029.42400533211
2014-01-05 21:00:00,98927.982,100150.0207781558,101190.63694771682
2014-01-05 22:00:00,94087.82,95704.29610259426,95721.26353342706
2014-01-05 23:00:00,89198.695,90623.09304752779,91011.86146339745
2014-01-06 00:00:00,85504.657,91044.27155054355,88557.48690118344
2014-01-06 01:00:00,83522.058,87550.44843588739,85200.0052035093
2014-01-06 02:00:00,82637.689,85662.4866145863,83836.62494082953
2014-01-06 03:00:00,83287.857,84856.19959687232,83673.34123862124
2014-01-06 04:00:00,85374.475,85477.78471869198,85924.99721400865
2014-01-06 05:00:00,90889.688,87687.57264507402,91832.86554315577
2014-01-06 06:00:00,99324.883,92662.43963515239,100630.28449425976
2014-01-06 07:00:00,105683.549,99735.90594384611,105137.12790275482
2014-01-06 08:00:00,107239.28,104877.8160482541,106556.13080242189
2014-01-06 09:00:00,108904.523,106486.43381853221,107089.19122984182
2014-01-06 10:00:00,110740.238,107903.71795974752,109066.74475525017
2014-01-06 11:00:00,111981.587,109047.52843451692,110138.5394783848
2014-01-06 12:00:00,112684.155,109813.4608704575,111155.31120761542
2014-01-06 13:00:00,112620.486,110035.80686042769,111141.76358053372
2014-01-06 14:00:00,112289.285,109724.11025389151,111550.05791456296
2014-01-06 15:00:00,113163.45,109458.16585553253,112659.00139552918
2014-01-06 16:00:00,117184.429,110933.21936556621,115299.66307290734
2014-01-06 17:00:00,125832.1,115801.65825437085,122052.79234384293
2014-01-06 18:00:00,130536.994,122176.31935804838,126597.34141254223
2014-01-06 19:00:00,131141.653,124858.15902146518,129182.28310247276
2014-01-06 20:00:00,130559.635,124488.27897255536,128302.74357750746
2014-01-06 21:00:00,128841.202,122634.06026528799,126468.07670112749
2014-01-06 22:00:00,125687.972,119666.43023754389,120703.41883684581
2014-01-06 23:00:00,121833.708,115583.5423978605,117154.75816082071
2014-01-07 00:00:00,119951.159,114191.5032630317,121718.83107261064
2014-01-07 01:00:00,119189.921,112012.36696707195,122293.98080594846
2014-01-07 02:00:00,119275.233,111027.33646941127,121411.23539036878
2014-01-07 03:00:00,120128.948,111110.70211460823,120982.89620564909
2014-01-07 04:00:00,122347.834,112221.45118805797,122270.70882540927
2014-01-07 05:00:00,126911.066,115339.25081088656,124946.25787852544
2014-01-07 06:00:00,133606.209,120980.30559562234,131767.02593803222
2014-01-07 07:00:00,137997.87,127530.14406269976,137034.4714374891
2014-01-07 08:00:00,137545.961,131021.19332820988,137721.94989313948
2014-01-07 09:00:00,136586.875,130988.79153278377,138386.48338915975
2014-01-07 10:00:00,135644.03,130535.91808416872,138450.85671246066
2014-01-07 11:00:00,134382.174,129870.86799576109,135348.7438629538
2014-01-07 12:00:00,132611.764,128768.80933138278,134963.71728331223
2014-01-07 13:00:00,130594.953,127200.94494119391,132941.45821704366
2014-01-07 14:00:00,128823.938,125383.99115057934,132427.9649578694
2014-01-07 15:00:00,128079.207,124107.24470587063,130696.33527685028
2014-01-07 16:00:00,130440.36,124595.65766781075,129564.35155435794
2014-01-07 17:00:00,137604.377,128911.26575477977,137244.64091689105
2014-01-07 18:00:00,140510.233,134984.92435582404,141898.08005878355
2014-01-07 19:00:00,140128.509,136684.64561244677,137316.41502161007
2014-01-07 20:00:00,138023.189,135782.45129407148,136055.4549451238
2014-01-07 21:00:00,133810.869,133381.37059035397,134517.24868951534
2014-01-07 22:00:00,127358.569,129204.00658226825,127767.4762542637
2014-01-07 23:00:00,121529.092,123333.97038233094,119484.07868026124
2014-01-08 00:00:00,117713.179,121084.49607705491,118724.46759060424
2014-01-08 01:00:00,115888.623,117849.7378783714,118991.7026971651
2014-01-08 02:00:00,115236.851,116270.81659972349,117760.04446054345
2014-01-08 03:00:00,115158.794,115773.00448292657,117002.7988527616
2014-01-08 04:00:00,117081.621,116075.65896683463,117972.97597416084
2014-01-08 05:00:00,121543.547,118395.2672568162,120153.4320771482
2014-01-08 06:00:00,128630.873,123066.51774232308,127266.82547424876
2014-01-08 07:00:00,133288.136,128964.1816221551,133193.68724674787
2014-01-08 08:00:00,132168.05,131999.5727110981,135250.80229958915
2014-01-08 09:00:00,128615.536,130809.3844519547,131477.92713150318
2014-01-08 10:00:00,125224.45,127921.20684740043,129394.38508361216
2014-01-08 11:00:00,122182.555,124936.88889052831,124188.40926496174
2014-01-08 12:00:00,119198.671,122013.09859926192,121703.04800192472
2014-01-08 13:00:00,117091.637,119090.6396578858,118754.98709388757
2014-01-08 14:00:00,115161.28,116869.30910913019,116670.21482296995
2014-01-08 15:00:00,114694.139,115160.86621912634,115131.02399242517
2014-01-08 16:00:00,117241.595,115521.63134991343,116918.38830689131
2014-01-08 17:00:00,123774.213,119590.54388898221,122275.00960121954
2014-01-08 18:00:00,126135.807,124963.00585885011,125130.6367657526
2014-01-08 19:00:00,125489.604,126343.56771222684,123933.24100243517
2014-01-08 20:00:00,123754.716,125134.61986236085,123105.45724130684
2014-01-08 21:00:00,119471.048,122513.40974668681,120537.87950677708
2014-01-08 22:00:00,112984.259,117426.76349411867,112862.78487708014
2014-01-08 23:00:00,106674.756,110890.29601874355,107047.3213756265
2014-01-09 00:00:00,102282.28,107851.48973787291,101916.29495876963
2014-01-09 01:00:00,99915.144,104021.10057648123,101480.59094956219
2014-01-09 02:00:00,98533.007,102013.3238464001,99347.38895448852
2014-01-09 03:00:00,98572.796,100937.9629401599,99512.78309000477
2014-01-09 04:00:00,100515.776,101506.35227311714,101817.77371290648
2014-01-09 05:00:00,105585.857,104343.29837889363,106210.96766782353
2014-01-09 06:00:00,114640.728,110314.9199684046,114984.6666141762
2014-01-09 07:00:00,119827.987,118241.98739679778,119503.14466235337
2014-01-09 08:00:00,118390.606,121617.18826913796,120858.38191624952
2014-01-09 09:00:00,115512.557,119683.12117699206,117293.72607923177
2014-01-09 10:00:00,112939.769,116704.93380783446,115012.3052799296
2014-01-09 11:00:00,109837.772,113966.46051430712,111189.62620345497
2014-01-09 12:00:00,107214.057,110830.12459291774,108050.48891589555
2014-01-09 13:00:00,105669.463,108303.07920638184,106120.92285755792
2014-01-09 14:00:00,104794.044,106562.77529980938,105530.92741434582
2014-01-09 15:00:00,104857.011,105710.99551071982,105748.80413158845
2014-01-09 16:00:00,107628.99,106471.51950178482,107905.04639991617
2014-01-09 17:00:00,114625.16,110382.31732500487,115322.63780270588
2014-01-09 18:00:00,117239.595,115876.51991395437,116697.06868104648
2014-01-09 19:00:00,116742.645,117305.69047385798,115642.61065016882
2014-01-09 20:00:00,115180.735,116180.52939479021,114785.72626107017
2014-01-09 21:00:00,111192.849,113528.84668660004,112314.65965625703
2014-01-09 22:00:00,104815.782,108535.05597821128,104979.32547733345
2014-01-09 23:00:00,98521.932,101941.239549678,99155.61512636498
2014-01-10 00:00:00,93841.845,98701.03353898597,92776.54706519262
2014-01-10 01:00:00,91104.971,94555.620168993,90949.47748302194
2014-01-10 02:00:00,89966.642,92167.42158170679,89087.51447864549
2014-01-10 03:00:00,89497.343,91325.08689007189,90221.874780899
2014-01-10 04:00:00,90872.299,91603.24192976262,91392.97448050848
2014-01-10 05:00:00,95442.693,94131.5019719624,95626.30046812867
2014-01-10 06:00:00,103748.893,100020.96987109409,103724.66830911522
2014-01-10 07:00:00,109249.679,107463.75690301346,108512.3917007712
2014-01-10 08:00:00,109813.81,111020.76138440508,108642.30650627163
2014-01-10 09:00:00,109716.595,110613.91626777581,108063.14037141239
2014-01-10 10:00:00,109379.291,109688.58746356032,107737.52112814433
2014-01-10 11:00:00,108110.759,108435.10119662886,107401.44365437595
2014-01-10 12:00:00,106814.297,106589.31607372584,106331.59639290466
2014-01-10 13:00:00,105538.658,105008.70241745948,104955.84865794105
2014-01-10 14:00:00,103954.243,103579.68482836391,103762.03916878137
2014-01-10 15:00:00,103600.22,102241.79428104406,102919.1109028501
2014-01-10 16:00:00,104953.783,102771.25550819724,105032.57188727285
2014-01-10 17:00:00,109371.828,106087.42140184533,110097.22346548297
2014-01-10 18:00:00,109440.261,109926.37161308229,110503.91401144765
2014-01-10 19:00:00,106984.495,109611.06736386246,108533.58628894517
2014-01-10 20:00:00,104426.6,107266.16109630969,106412.20606517981
2014-01-10 21:00:00,100704.351,104073.67566549478,102213.34573490119
2014-01-10 22:00:00,95407.302,99373.93108092903,95818.34139582577
2014-01-10 23:00:00,89619.463,93546.50006783358,90306.86081999008
2014-01-11 00:00:00,84372.145,91339.50185841208,85745.72372252568
2014-01-11 01:00:00,81311.183,86668.68593244322,81521.13138719035
2014-01-11 02:00:00,79160.37,84012.17761787128,79314.30800288865
2014-01-11 03:00:00,78196.722,82256.70102474063,77445.74608327949
2014-01-11 04:00:00,78186.382,81829.47009932308,78502.30165800136
2014-01-11 05:00:00,79659.927,82931.23153347688,79811.66506504003
2014-01-11 06:00:00,82434.903,86053.38630715865,83212.3713348457
2014-01-11 07:00:00,86013.268,89425.84202187853,85672.93564506905
2014-01-11 08:00:00,89086.389,92035.00571373751,89315.3007520266
2014-01-11 09:00:00,91646.808,93822.84128787444,91115.7623518974
2014-01-11 10:00:00,93558.474,95125.54483325098,92505.26008890993
2014-01-11 11:00:00,93465.054,95710.03078224763,92910.71009323711
2014-01-11 12:00:00,92400.954,94832.07387010033,92229.32348151345
2014-01-11 13:00:00,91075.218,93334.03261208975,90949.3739761506
2014-01-11 14:00:00,89773.648,91668.26835253481,89261.93468034384
2014-01-11 15:00:00,89270.011,90471.94394825117,88810.12897348459
2014-01-11 16:00:00,90984.445,90631.66511858164,91528.06572789332
2014-01-11 17:00:00,94954.903,93627.4607984912,95778.80538491196
2014-01-11 18:00:00,95934.689,96614.93543982223,98381.26719076592
2014-01-11 19:00:00,94481.92,96520.04606933228,95808.54482164771
2014-01-11 20:00:00,93054.202,94664.30626100014,93331.50791231354
2014-01-11 21:00:00,90190.543,92425.04254165498,91292.29972348598
2014-01-11 22:00:00,86447.106,88637.67270795142,87335.39585627944
2014-01-11 23:00:00,82184.937,84061.25969144497,82650.91366382322
2014-01-12 00:00:00,78266.917,82015.65663546846,78424.8205726384
2014-01-12 01:00:00,75891.718,78164.9648950612,76002.03782962727
2014-01-12 02:00:00,74532.02,75710.46863456938,74286.12814671847
2014-01-12 03:00:00,74446.306,74325.80775659886,74124.99942137828
2014-01-12 04:00:00,75152.346,74131.91792344234,74510.71276057487
2014-01-12 05:00:00,76735.911,74958.30899620436,76586.4706630248
2014-01-12 06:00:00,79217.029,76811.34390026274,78709.08886630344
2014-01-12 07:00:00,83105.317,79528.70472849291,81567.9620624486
2014-01-12 08:00:00,86023.333,83056.60248613177,85665.46329027816
2014-01-12 09:00:00,88225.117,85746.680663748,87270.50232491537
2014-01-12 10:00:00,89091.484,87631.1878830903,88738.47244570829
2014-01-12 11:00:00,88999.263,88026.43202831197,88087.2628225274
2014-01-12 12:00:00,88758.791,87527.37062975865,88121.08390008382
2014-01-12 13:00:00,87311.738,86819.61433916708,88114.73436180566
2014-01-12 14:00:00,86086.83,85268.40033067123,86263.70072908173
2014-01-12 15:00:00,85560.089,84139.24995741052,85823.12119212057
2014-01-12 16:00:00,87933.845,84324.75191799691,88178.95679245141
2014-01-12 17:00:00,94914.697,87452.68558699993,93153.82872755286
2014-01-12 18:00:00,99310.418,92558.70114000354,98192.50052111465
2014-01-12 19:00:00,99435.271,94975.46029990936,98797.27447416683
2014-01-12 20:00:00,98856.083,94355.74937021485,97860.07183461175
2014-01-12 21:00:00,95948.082,92669.44124154407,95772.07801027331
2014-01-12 22:00:00,91684.459,89089.55826561266,90972.80820746822
2014-01-12 23:00:00,87490.23,84444.10801106061,86154.23221640677
2014-01-13 00:00:00,84080.605,85428.72166462823,83110.780059542
2014-01-13 01:00:00,82540.765,82154.46865086074,81098.03828532455
2014-01-13 02:00:00,82118.028,80545.76744641655,81039.45666525542
2014-01-13 03:00:00,82807.935,80171.89564922062,81536.13042793641
2014-01-13 04:00:00,85230.707,80919.86705104238,84312.48038409479
2014-01-13 05:00:00,91453.597,83435.7636169201,91120.18773062738
2014-01-13 06:00:00,101141.645,89152.03098768654,99529.00161284568
2014-01-13 07:00:00,106693.493,97389.76859475987,105386.66488025048
2014-01-13 08:00:00,105609.105,101983.65213124757,106352.00354186566
2014-01-13 09:00:00,102646.287,101775.2858978626,104687.95134233296
2014-01-13 10:00:00,100400.991,99938.58342113142,102315.30701011769
2014-01-13 11:00:00,98203.381,98331.20305254035,99641.96781945886
2014-01-13 12:00:00,96381.563,96668.16627666807,97492.5747955062
2014-01-13 13:00:00,95171.915,94930.04345116916,95787.33375872018
2014-01-13 14:00:00,94001.143,93647.25450393811,94134.0248957999
2014-01-13 15:00:00,93702.537,92718.81444148644,94043.85892535468
2014-01-13 16:00:00,95891.385,93411.93510976544,95382.94598886096
2014-01-13 17:00:00,101811.258,97437.54422453459,101080.85546641683
2014-01-13 18:00:00,103732.48,103019.98492241892,103711.14199088582
2014-01-13 19:00:00,102669.395,104387.23342032258,102872.61277393397
2014-01-13 20:00:00,100339.151,103364.92502068303,101538.89470396523
2014-01-13 21:00:00,96349.112,100807.42469994759,96842.02558454177
2014-01-13 22:00:00,90315.216,96645.34382951757,90312.64238326307
2014-01-13 23:00:00,83851.17,90974.83374116488,84389.53692518907
2014-01-14 00:00:00,79286.072,88159.6031420677,79005.99329612801
2014-01-14 01:00:00,76797.581,84475.4825822984,77463.73712610558
2014-01-14 02:00:00,75657.008,82583.5424363007,76377.20539343749
2014-01-14 03:00:00,75542.097,81970.905713269,75655.44413124827
2014-01-14 04:00:00,77283.491,82615.51580819394,77171.07915038963
2014-01-14 05:00:00,82784.645,85709.40833943847,82034.0547281609
2014-01-14 06:00:00,91898.64,92428.37278906914,91875.98894238863
2014-01-14 07:00:00,97970.324,100440.19155426882,97606.68760647798
2014-01-14 08:00:00,98195.81,104271.87317521972,97975.66862931136
2014-01-14 09:00:00,98052.049,103511.99452833085,97517.59569940735
2014-01-14 10:00:00,98611.258,102603.16384961939,97265.73279329512
2014-01-14 11:00:00,98241.69,102178.50867046951,97326.56861627889
2014-01-14 12:00:00,97672.962,101130.09631365766,96986.0564493396
2014-01-14 13:00:00,97020.754,100070.0259787682,96767.215989635
2014-01-14 14:00:00,96058.851,99001.67376485848,96184.97429509573
2014-01-14 15:00:00,95679.041,98058.33592959774,95995.53708481742
2014-01-14 16:00:00,97340.895,98462.93683142643,97564.67528915276
2014-01-14 17:00:00,102699.583,101737.8264739041,102710.75702358465
2014-01-14 18:00:00,105460.326,106175.58521454025,105241.22408573703
2014-01-14 19:00:00,104934.894,107738.24742739054,104654.46297000867
2014-01-14 20:00:00,103532.501,106517.23144371234,103331.04783257902
2014-01-14 21:00:00,100085.831,104074.798358967,100048.87405223041
2014-01-14 22:00:00,94873.398,99503.29411727143,94663.19259233479
2014-01-14 23:00:00,89157.932,93667.0009398699,89690.54324522692
2014-01-15 00:00:00,85165.891,90898.04712099195,84877.747429901
2014-01-15 01:00:00,83065.133,87275.583346487,83149.08298023326
2014-01-15 02:00:00,82612.216,85420.66128904348,81968.70460060384
2014-01-15 03:00:00,82815.497,85007.65852513688,82471.34345621744
2014-01-15 04:00:00,85094.867,85699.93852162438,84931.91531671547
2014-01-15 05:00:00,90913.543,88979.3469361546,90711.84070454558
2014-01-15 06:00:00,100469.993,95827.52373181425,100334.62544101034
2014-01-15 07:00:00,106356.34,104301.8167213533,105858.02519557471
2014-01-15 08:00:00,106333.342,108240.22005583151,106252.45905664584
2014-01-15 09:00:00,104835.69,107696.6436535051,105614.9417564334
2014-01-15 10:00:00,103471.795,106282.80881094569,104431.59255619945
2014-01-15 11:00:00,101896.849,104786.70683278047,102845.22385731936
2014-01-15 12:00:00,100650.817,103090.53499844306,101323.29049763095
2014-01-15 13:00:00,99708.168,101708.76671730945,100313.56988701271
2014-01-15 14:00:00,99058.572,100494.80138721649,98938.5732046076
2014-01-15 15:00:00,99428.683,99791.51648515233,99482.83242600728
2014-01-15 16:00:00,101609.555,100612.26030095166,101833.07439693317
2014-01-15 17:00:00,107368.195,103990.45960943573,107439.38295101808
2014-01-15 18:00:00,110452.076,108798.12188214887,109664.62430493077
2014-01-15 19:00:00,109833.687,110659.28319309496,108603.2638533484
2014-01-15 20:00:00,108081.186,109610.85189824857,107507.7990035495
2014-01-15 21:00:00,104633.994,107019.87296034931,104503.66293722538
2014-01-15 22:00:00,98953.977,102604.70875081286,99061.93093327252
2014-01-15 23:00:00,93221.843,96536.38254716601,93024.70720452254
2014-01-16 00:00:00,89384.706,93785.72158064025,88395.26035220352
2014-01-16 01:00:00,87568.081,90259.22696967152,86771.57884873054
2014-01-16 02:00:00,86899.957,88617.8814818139,85816.06493590822
2014-01-16 03:00:00,87354.784,88090.91016628649,86362.72325969521
2014-01-16 04:00:00,89391.495,89028.37707117759,88937.78280661225
2014-01-16 05:00:00,95129.651,92220.45801417415,93754.89212584098
2014-01-16 06:00:00,105015.594,99286.92006231773,103800.75075509709
2014-01-16 07:00:00,111123.611,107967.84209322368,110016.31152055015
2014-01-16 08:00:00,111276.612,111915.81081496686,110346.1887823609
2014-01-16 09:00:00,110264.554,111196.72679063959,109341.0773597534
2014-01-16 10:00:00,109238.8,109702.15747675081,109086.9405228481
2014-01-16 11:00:00,107916.481,108104.99702407011,108154.31901648393
2014-01-16 12:00:00,105950.061,106435.63260692802,107298.64003556922
2014-01-16 13:00:00,104447.691,104509.48138687701,104481.98992647744
2014-01-16 14:00:00,103145.823,103055.5144689712,103816.56552791852
2014-01-16 15:00:00,102766.179,102096.47446986182,103140.43062915436
2014-01-16 16:00:00,104700.927,102505.74585512388,104595.92772534417
2014-01-16 17:00:00,110896.386,105828.222214758,110299.71403775591
2014-01-16 18:00:00,114165.401,111012.31540004566,112488.53217687317
2014-01-16 19:00:00,113583.222,112954.61776765842,112829.68653875093
2014-01-16 20:00:00,112180.058,111847.81532961031,111933.25682975644
2014-01-16 21:00:00,108500.279,109512.57311700383,109176.10006615448
2014-01-16 22:00:00,102800.245,104811.12307389872,101962.39282930752
2014-01-16 23:00:00,96893.301,98714.76546682604,96290.82832280085
2014-01-17 00:00:00,92821.255,95844.72746805058,92040.08397948155
2014-01-17 01:00:00,90634.126,92172.96796013412,89443.64635729916
2014-01-17 02:00:00,89664.802,90267.05904790566,87805.86265000173
2014-01-17 03:00:00,89910.987,89527.8582170195,89795.07841269791
2014-01-17 04:00:00,91671.159,90207.69187558803,91590.75158641148
2014-01-17 05:00:00,97092.234,93145.193971025,95838.55166434811
2014-01-17 06:00:00,106149.921,100013.04282427688,105845.70151971973
2014-01-17 07:00:00,111510.564,108218.17232876779,111954.05695040178
2014-01-17 08:00:00,110739.972,111926.53565799474,110047.78727444726
2014-01-17 09:00:00,108064.9,111008.05233626853,109240.98276858915
2014-01-17 10:00:00,105975.657,108710.09214209413,107575.29363693934
2014-01-17 11:00:00,103705.058,106652.38045336212,105065.87511176303
2014-01-17 12:00:00,101765.842,104330.30579873694,102399.0481775586
2014-01-17 13:00:00,100538.783,102349.56383085408,100856.52725919378
2014-01-17 14:00:00,99690.73,100899.74139649818,99975.53579199071
2014-01-17 15:00:00,99508.081,100068.80034629906,100183.54692030852
2014-01-17 16:00:00,101514.022,100435.45942451005,102466.73322305351
2014-01-17 17:00:00,107343.255,103663.78254915703,108002.6951235022
2014-01-17 18:00:00,109527.714,108387.08911576422,109958.89172160476
2014-01-17 19:00:00,108595.666,109407.61758476953,108444.37426158611
2014-01-17 20:00:00,107082.9,108044.54562497427,107085.42113500395
2014-01-17 21:00:00,104343.22,105634.43637911796,104146.49588064579
2014-01-17 22:00:00,100150.471,101747.67661338598,100513.60019294707
2014-01-17 23:00:00,95235.926,96715.08153017651,95842.4964960675
2014-01-18 00:00:00,91104.817,95146.70414210149,91850.28157981597
2014-01-18 01:00:00,89035.291,91310.92914150255,88637.7389467181
2014-01-18 02:00:00,88107.91,89288.28771299488,88194.61150256812
2014-01-18 03:00:00,88184.451,88469.44018070001,87977.6135848408
2014-01-18 04:00:00,89075.892,88798.26112795935,89855.14529781904
2014-01-18 05:00:00,91580.176,90729.62342461148,91517.6481313713
2014-01-18 06:00:00,95669.252,94709.49104514817,95118.54858042876
2014-01-18 07:00:00,100061.544,99026.01808743906,100253.4738214557
2014-01-18 08:00:00,103276.281,102093.73629168009,101631.64091616005
2014-01-18 09:00:00,105667.783,103824.19611112108,103367.31766819031
2014-01-18 10:00:00,105906.712,105018.98682563147,104031.77120481235
2014-01-18 11:00:00,104776.313,104463.43338768683,103808.24526963037
2014-01-18 12:00:00,102925.73,102910.57324473502,102969.56036622207
2014-01-18 13:00:00,100992.762,101016.18781097894,101084.82679805814
2014-01-18 14:00:00,99619.389,99163.02688026938,99517.17737160191
2014-01-18 15:00:00,99624.537,97947.17663599999,99359.0957109764
2014-01-18 16:00:00,101870.012,98440.45512063002,101580.87118272892
2014-01-18 17:00:00,108292.829,101635.28901327557,107061.51505113627
2014-01-18 18:00:00,111634.607,106563.71440270064,111234.77023277157
2014-01-18 19:00:00,111077.054,108361.95345516763,109764.61465258627
2014-01-18 20:00:00,109679.055,107312.72173515391,108805.1019544952
2014-01-18 21:00:00,107004.579,105244.7396650734,106602.23118480106
2014-01-18 22:00:00,103269.59,101866.21487440643,101482.74024615734
2014-01-18 23:00:00,98865.69,97526.47291313414,97773.36474417346
2014-01-19 00:00:00,94979.136,95689.75168412391,94968.3010868173
2014-01-19 01:00:00,92291.131,92123.4418874035,92098.32615538608
2014-01-19 02:00:00,90930.146,89762.16445657099,90734.68963579422
2014-01-19 03:00:00,90278.234,88690.61060825385,91319.32732928715
2014-01-19 04:00:00,90490.94,88388.41398947401,91497.79875982468
2014-01-19 05:00:00,91960.624,89190.32804066727,91757.31911936206
2014-01-19 06:00:00,94384.386,91285.11537831974,93631.28470032591
2014-01-19 07:00:00,97230.983,94263.10946317003,97700.37154686518
2014-01-19 08:00:00,99375.448,97154.65426271828,98925.5543663717
2014-01-19 09:00:00,100039.919,99280.0245054651,100935.18557535892
2014-01-19 10:00:00,98960.555,99672.2510449648,100177.2196675967
2014-01-19 11:00:00,97504.336,98436.0438163976,98829.452927303
2014-01-19 12:00:00,95983.423,96736.57071825213,97156.8164275029
2014-01-19 13:00:00,93890.183,94852.67222719025,95817.94225429141
2014-01-19 14:00:00,92239.178,92738.70410820082,93166.23125363489
2014-01-19 15:00:00,91330.373,91330.95942732364,91814.94107829654
2014-01-19 16:00:00,93013.902,91279.12457128306,93643.77579651345
2014-01-19 17:00:00,99165.78,94534.56207862808,99555.74830931226
2014-01-19 18:00:00,104142.249,99922.01576591813,103423.3351939893
2014-01-19 19:00:00,103684.019,103112.51580030558,103828.88401910375
2014-01-19 20:00:00,102188.642,102240.94107366924,102370.09573987256
2014-01-19 21:00:00,99101.497,100087.65053740481,100602.77380654057
2014-01-19 22:00:00,95362.989,96431.50555487539,95502.39550987352
2014-01-19 23:00:00,90910.312,92187.43495801132,91345.95290000855
2014-01-20 00:00:00,87420.288,93007.09394825331,87730.36088162068
2014-01-20 01:00:00,85292.569,89623.05598139479,85638.0833301482
2014-01-20 02:00:00,84486.704,87621.97619435404,84911.3235950553
2014-01-20 03:00:00,84386.614,86839.14676679406,84686.03669823054
2014-01-20 04:00:00,85965.904,86950.64709344947,86726.44201346836
2014-01-20 05:00:00,90052.619,88967.32800721691,92798.19870871068
2014-01-20 06:00:00,96248.718,93323.3057108075,100398.90212296484
2014-01-20 07:00:00,101499.377,98796.34754364387,102362.29881560037
2014-01-20 08:00:00,103834.458,102716.46975343634,101629.67004225196
2014-01-20 09:00:00,104186.246,104057.84030537527,102456.19521319079
2014-01-20 10:00:00,103767.603,103695.80630463321,102926.2052330862
2014-01-20 11:00:00,102345.147,102690.37702450523,101982.50192486212
2014-01-20 12:00:00,100480.253,101018.91562912265,100897.39572854234
2014-01-20 13:00:00,98891.957,98974.52600678432,99225.0576463956
2014-01-20 14:00:00,97825.582,97233.54445125973,97617.04900809533
2014-01-20 15:00:00,97148.505,96129.23574337344,97641.20148180012
2014-01-20 16:00:00,98759.897,96172.16507287472,98186.90125507946
2014-01-20 17:00:00,104660.706,99274.4644023088,103540.60821742138
2014-01-20 18:00:00,108431.393,104648.57653367653,107477.68301043373
2014-01-20 19:00:00,107902.264,106961.92930423573,107076.30807980869
2014-01-20 20:00:00,106621.591,105905.60982629821,106219.63270500982
2014-01-20 21:00:00,103079.145,103782.26519638869,103574.55760535332
2014-01-20 22:00:00,98106.779,99722.27774043717,97256.93075903409
2014-01-20 23:00:00,92902.564,94429.19504122589,92424.94829030661
2014-01-21 00:00:00,89099.736,92177.55102091988,89605.65940534232
2014-01-21 01:00:00,87550.989,88678.23308373138,87373.0374432791
2014-01-21 02:00:00,87438.116,87201.81506454556,86938.14392146867
2014-01-21 03:00:00,88177.56,87020.86275779225,88062.39638707307
2014-01-21 04:00:00,90672.172,88010.96589342496,91134.86707684836
2014-01-21 05:00:00,96603.287,91281.8283064481,96110.48420387448
2014-01-21 06:00:00,105284.966,97732.56924878174,104818.19831987389
2014-01-21 07:00:00,111397.484,105562.30285495441,110133.11144459716
2014-01-21 08:00:00,112985.601,110281.99718423106,110311.83996077516
2014-01-21 09:00:00,114384.216,111337.13285283027,112039.39939184261
2014-01-21 10:00:00,115450.951,112130.86703521952,112897.25415265805
2014-01-21 11:00:00,116109.532,112343.2720364337,114578.69795135532
2014-01-21 12:00:00,116013.146,112154.34051660201,114665.0510154476
2014-01-21 13:00:00,115955.163,111501.24436158786,114641.10696782067
2014-01-21 14:00:00,115652.683,110969.52442734048,114634.27731888786
2014-01-21 15:00:00,115962.811,110436.67783731098,115613.55647288548
2014-01-21 16:00:00,118163.701,111090.71875758364,117399.60982874197
2014-01-21 17:00:00,124731.121,114485.73848241262,121959.95263832019
2014-01-21 18:00:00,128506.12,120147.03854988741,125111.42548544792
2014-01-21 19:00:00,127794.532,122505.58073840458,127292.06421999136
2014-01-21 20:00:00,126131.852,121465.34739197802,124283.9319052055
2014-01-21 21:00:00,122931.165,119021.76412649166,121055.33683367484
2014-01-21 22:00:00,118271.837,114995.04093337488,115568.1014225073
2014-01-21 23:00:00,113960.886,109807.68104293302,110075.69696762855
2014-01-22 00:00:00,110759.901,108147.74041697517,112911.57684519862
2014-01-22 01:00:00,109974.918,105228.3978929831,109981.8056126945
2014-01-22 02:00:00,110161.108,104499.49986397769,108753.41702104868
2014-01-22 03:00:00,111392.623,104720.52362255074,111541.0200992127
2014-01-22 04:00:00,113994.484,106302.43882565369,114200.68810564345
2014-01-22 05:00:00,119003.943,109993.84074498956,117711.56970604774
2014-01-22 06:00:00,126377.875,116400.62109649276,124824.03288519019
2014-01-22 07:00:00,132231.927,123453.68025060862,130404.15254010496
2014-01-22 08:00:00,133268.979,127763.43088062754,132108.6037886361
2014-01-22 09:00:00,131806.227,128457.11216087632,132988.27798960177
2014-01-22 10:00:00,130229.367,127311.51720631699,130674.93925259289
2014-01-22 11:00:00,128094.041,126013.04878506248,128964.57568137624
2014-01-22 12:00:00,125968.122,124186.32081904268,126413.89452327779
2014-01-22 13:00:00,123835.349,122418.37910006163,124548.5661957137
2014-01-22 14:00:00,122310.862,120623.11349742848,123556.40334988813
2014-01-22 15:00:00,121975.993,119507.13278875893,123172.16227900438
2014-01-22 16:00:00,124217.509,119859.53136403723,124445.37183593179
2014-01-22 17:00:00,131096.129,123414.08417953819,129301.5945240257
2014-01-22 18:00:00,135061.252,129267.85829858755,133433.9563276043
2014-01-22 19:00:00,134530.335,131666.1196499393,132556.13146363405
2014-01-22 20:00:00,132946.212,130588.73103839859,131880.4288218995
2014-01-22 21:00:00,129040.703,128243.3914658645,127343.80986416906
2014-01-22 22:00:00,122858.603,123707.50919253925,121622.95140057021
2014-01-22 23:00:00,117296.992,117643.12356556056,115734.18989157584
2014-01-23 00:00:00,113360.204,115242.39588939253,114586.83662082632
2014-01-23 01:00:00,111483.384,111997.07094177886,113570.47058047345
2014-01-23 02:00:00,110849.142,110536.04363515812,109480.5613899987
2014-01-23 03:00:00,111169.065,110309.78326108426,111342.3108386945
2014-01-23 04:00:00,113413.097,111235.36205537108,114218.15815974433
2014-01-23 05:00:00,118752.738,114482.38050123068,116790.55609946747
2014-01-23 06:00:00,127271.985,120855.60629172483,124935.27288392522
2014-01-23 07:00:00,132431.034,128684.58984359201,131201.7928063773
2014-01-23 08:00:00,132097.755,132398.11071930712,133934.35322111868
2014-01-23 09:00:00,129467.284,131565.22818704302,133132.6890197033
2014-01-23 10:00:00,126959.265,129050.88001464053,130784.6436968254
2014-01-23 11:00:00,124398.892,126472.97187291751,127511.73062824897
2014-01-23 12:00:00,122248.17,123780.76551578267,124164.97780961343
2014-01-23 13:00:00,120757.527,121438.47437711307,122809.98780046264
2014-01-23 14:00:00,120160.554,119721.27975261767,121185.85285093775
2014-01-23 15:00:00,120036.738,119020.60165905107,121572.04491991381
2014-01-23 16:00:00,121963.031,119500.58375181034,122476.37520567045
2014-01-23 17:00:00,128435.403,123002.23848397587,127909.14244291531
2014-01-23 18:00:00,133792.01,128667.15589363656,131563.42084005073
2014-01-23 19:00:00,134301.983,132111.7728104074,132691.6440593787
2014-01-23 20:00:00,133405.411,131828.61997353667,131864.33389143946
2014-01-23 21:00:00,130685.478,129789.56074661744,130934.9653024385
2014-01-23 22:00:00,125432.922,125747.50564818866,124893.43582362086
2014-01-23 23:00:00,120323.136,120037.14235831996,117915.85560040417
2014-01-24 00:00:00,117405.825,117769.16672942185,116563.59566525566
2014-01-24 01:00:00,116182.703,114939.10854453284,118321.89804468269
2014-01-24 02:00:00,116148.317,113723.10880035805,117166.08838392998
2014-01-24 03:00:00,116772.416,113695.971717121,117794.501604952
2014-01-24 04:00:00,119015.816,114730.62219020167,118344.48870190803
2014-01-24 05:00:00,124091.382,117999.71619328324,121466.10353577643
2014-01-24 06:00:00,131929.607,124366.52298947508,129528.56785488004
2014-01-24 07:00:00,136982.197,131473.08279416757,136363.60485122638
2014-01-24 08:00:00,136324.684,134689.22717457893,139884.3078706015
2014-01-24 09:00:00,134245.784,133139.4379042762,135906.58778868153
2014-01-24 10:00:00,131508.208,130630.92062958365,135848.63663148214
2014-01-24 11:00:00,128037.639,127680.50898986323,132592.0860346507
2014-01-24 12:00:00,124862.611,124200.15997795931,127603.12053094471
2014-01-24 13:00:00,122524.903,121308.8952262729,125999.7462298517
2014-01-24 14:00:00,120609.301,119232.49840342486,123300.94844946235
2014-01-24 15:00:00,120102.965,117634.37124327736,122216.81579593982
2014-01-24 16:00:00,122124.119,117734.43066042128,123105.75997980856
2014-01-24 17:00:00,128182.912,121085.57856986752,128364.51620910998
2014-01-24 18:00:00,131690.723,126599.6947928622,129746.18159978934
2014-01-24 19:00:00,130829.438,128872.97120703213,130590.80978868519
2014-01-24 20:00:00,129172.521,127712.62244729965,129056.28906636649
2014-01-24 21:00:00,125810.994,125440.43012472815,126433.61669775413
2014-01-24 22:00:00,120614.652,121231.22814714261,118786.46814516936
2014-01-24 23:00:00,115206.934,115711.37906460179,113378.22826171933
2014-01-25 00:00:00,110737.02,114121.96528380839,112272.33874726352
2014-01-25 01:00:00,108012.33,110325.44066178202,110058.03566262244
2014-01-25 02:00:00,106556.337,108144.26464607712,107481.90609441113
2014-01-25 03:00:00,105718.473,107097.5310850486,108559.47344452914
2014-01-25 04:00:00,105833.438,106943.1991424857,110075.88063628023
2014-01-25 05:00:00,107215.373,108278.47984935917,109810.67659598813
2014-01-25 06:00:00,110017.633,111310.45906611391,112193.12590079197
2014-01-25 07:00:00,113176.081,114719.82400818908,114753.05563883748
2014-01-25 08:00:00,115197.077,116935.52718766496,113767.81197953377
2014-01-25 09:00:00,117532.316,117953.56675331993,114928.434662545
2014-01-25 10:00:00,118034.962,118816.91144567318,118110.80816036552
2014-01-25 11:00:00,117160.12,118062.69075359008,117651.2611645701
2014-01-25 12:00:00,115069.106,116390.83679778232,116050.63762981442
2014-01-25 13:00:00,112729.619,114063.24933564052,113503.53677999396
2014-01-25 14:00:00,110642.404,111721.06982599027,112196.67986996408
2014-01-25 15:00:00,109296.138,110055.3910966813,111974.95393993419
2014-01-25 16:00:00,109993.43,109739.9076575695,112352.27731039995
2014-01-25 17:00:00,114544.492,112279.61373142159,117717.18788115168
2014-01-25 18:00:00,118274.928,116530.76820068646,118037.76915788045
2014-01-25 19:00:00,117277.905,118760.87077794064,117065.96835267816
2014-01-25 20:00:00,115480.407,117420.77679371355,116259.93525262947
2014-01-25 21:00:00,112879.467,114995.5915157835,114202.44124934146
2014-01-25 22:00:00,109020.045,111489.0964295224,108351.16304532213
2014-01-25 23:00:00,104943.843,106936.92531929145,104201.19395127881
2014-01-26 00:00:00,101497.598,105272.87948457894,101521.06792246115
2014-01-26 01:00:00,99877.218,101815.82155277935,100680.65079455581
2014-01-26 02:00:00,99536.02,100057.84985013338,99122.49274678584
2014-01-26 03:00:00,99652.65,99411.56208691008,100516.87558226359
2014-01-26 04:00:00,100756.991,99403.73401467863,101640.07138691554
2014-01-26 05:00:00,102667.021,100504.7927090117,103378.50187040865
2014-01-26 06:00:00,105945.588,102595.76438479254,105920.95412918422
2014-01-26 07:00:00,108913.018,105765.09792581876,109771.0718522039
2014-01-26 08:00:00,110390.874,108378.3165181474,109614.13694566285
2014-01-26 09:00:00,110101.386,109822.75764897425,110520.0066584225
2014-01-26 10:00:00,109041.295,109368.31438316364,109518.27225801485
2014-01-26 11:00:00,107640.241,108027.39091873202,108434.63464666542
2014-01-26 12:00:00,106900.931,106125.18628090045,107607.64448668112
2014-01-26 13:00:00,106127.437,104578.76295729465,106194.68465974151
2014-01-26 14:00:00,105204.183,103136.72752140931,105472.79530420608
2014-01-26 15:00:00,103887.617,101834.35138778458,105651.22275889918
2014-01-26 16:00:00,104867.806,101024.93095241085,106176.78832396967
2014-01-26 17:00:00,110267.952,103208.04165245073,112089.80359229224
2014-01-26 18:00:00,114005.82,108191.51047414969,113314.15007391486
2014-01-26 19:00:00,113229.598,110337.3315114951,113588.17741736845
2014-01-26 20:00:00,111241.208,109056.55605895411,111484.35472399663
2014-01-26 21:00:00,107317.024,106570.58217685563,109121.39571588149
2014-01-26 22:00:00,102635.258,102428.74423627247,103089.28108545396
2014-01-26 23:00:00,98061.043,97635.17240713659,97940.55782347976
2014-01-27 00:00:00,94365.42,98545.24078912193,93705.42742701422
2014-01-27 01:00:00,92474.797,95303.8234608561,93537.55154582749
2014-01-27 02:00:00,91899.175,93768.51765759381,92182.56043021246
2014-01-27 03:00:00,92415.289,93368.08537713351,93603.22215949067
2014-01-27 04:00:00,94543.022,94123.10648396284,95889.9810982711
2014-01-27 05:00:00,99955.527,96555.35928898945,101651.41911638745
2014-01-27 06:00:00,109025.033,101695.80721307281,109903.16431548289
2014-01-27 07:00:00,114465.691,109210.06285663068,115004.03870911198
2014-01-27 08:00:00,114445.071,113520.23122415405,114742.15240807603
2014-01-27 09:00:00,113644.043,113379.15234427316,113131.4263620505
2014-01-27 10:00:00,112652.835,112392.78052048272,112832.3896693372
2014-01-27 11:00:00,111343.727,111079.86977047987,110797.84962688849
2014-01-27 12:00:00,110185.587,109641.53403608716,110044.58737197045
2014-01-27 13:00:00,109806.623,108338.70874707038,109430.32085663437
2014-01-27 14:00:00,109422.43,107612.79389269993,108702.191292012
2014-01-27 15:00:00,110078.378,106842.83407788254,110063.67275942332
2014-01-27 16:00:00,113190.377,107595.4205471942,113335.28283215385
2014-01-27 17:00:00,120000.267,111581.11937343665,120874.57823908795
2014-01-27 18:00:00,125476.226,117526.7012147007,122416.94169706997
2014-01-27 19:00:00,126378.96,121027.84384653295,124727.84104703092
2014-01-27 20:00:00,125693.743,120976.27523375739,125268.28460620288
2014-01-27 21:00:00,122870.378,119117.37215142071,121771.10533404068
2014-01-27 22:00:00,118175.726,115464.85102328827,116023.7104211704
2014-01-27 23:00:00,113535.691,110465.89983826599,109951.80738532095
2014-01-28 00:00:00,110582.946,108618.24965570228,111606.63372703404
2014-01-28 01:00:00,109572.881,105851.4427621488,109898.99901519676
2014-01-28 02:00:00,109955.804,104893.76781935565,107877.36834039095
2014-01-28 03:00:00,110917.788,105263.42218385007,111367.9647783984
2014-01-28 04:00:00,113662.384,106617.00697001247,114208.85116540747
2014-01-28 05:00:00,119339.831,110335.68105371833,117701.68434752188
2014-01-28 06:00:00,127727.513,117224.15485050147,124262.32914396886
2014-01-28 07:00:00,132754.872,124903.87122737971,130091.65306952945
2014-01-28 08:00:00,133136.655,128476.0488942756,132108.7048383345
2014-01-28 09:00:00,132556.047,128521.17035874934,133123.96322466136
2014-01-28 10:00:00,131375.313,127745.86026259931,131091.2166839064
2014-01-28 11:00:00,129219.77,126476.62041203477,131267.18306935416
2014-01-28 12:00:00,127383.243,124475.3813772762,129254.28181654392
2014-01-28 13:00:00,126401.804,122919.43744345082,126958.60335858946
2014-01-28 14:00:00,125755.638,121958.25214065018,126729.23794807406
2014-01-28 15:00:00,125769.864,121537.60459527439,126505.12671774274
2014-01-28 16:00:00,127876.81,122357.43364148293,127691.45977752798
2014-01-28 17:00:00,133196.747,126000.07542121185,132572.15457427796
2014-01-28 18:00:00,137335.9,131322.3468267764,136036.98014163226
2014-01-28 19:00:00,136992.412,134276.64637464378,136031.4473458082
2014-01-28 20:00:00,135124.176,133620.06105519683,135093.29459308492
2014-01-28 21:00:00,131168.279,131221.69424385825,130666.21242200953
2014-01-28 22:00:00,125826.364,126769.65592133274,125071.47403787101
2014-01-28 23:00:00,120755.215,121383.11271019757,118208.22883163457
2014-01-29 00:00:00,117602.836,119444.56822273743,118486.57859487645
2014-01-29 01:00:00,116329.918,116798.12665228068,119200.86030941496
2014-01-29 02:00:00,115931.916,115882.58721260505,118585.89952147965
2014-01-29 03:00:00,116338.249,115829.33280503584,118975.19360574959
2014-01-29 04:00:00,118351.586,116904.11480056006,119584.44547495485
2014-01-29 05:00:00,123150.558,120008.31621471797,120863.8605635302
2014-01-29 06:00:00,130635.26,125949.65954840707,128917.8516443053
2014-01-29 07:00:00,135819.634,132822.28360668797,136843.15986999418
2014-01-29 08:00:00,136019.893,136498.20200797345,137170.47885842007
2014-01-29 09:00:00,133234.15,136127.0372893743,136122.08082458653
2014-01-29 10:00:00,129837.625,133435.339362655,136194.5345823955
2014-01-29 11:00:00,126625.44,130081.11681163937,130613.04203116082
2014-01-29 12:00:00,123640.716,126941.03764977554,128038.41823108563
2014-01-29 13:00:00,121017.684,124180.12096462015,125683.02034626323
2014-01-29 14:00:00,118710.755,121825.13114634386,122866.87515532758
2014-01-29 15:00:00,117591.772,119998.85032074247,121982.82077786465
2014-01-29 16:00:00,119489.454,119770.57565266558,120851.17877990805
2014-01-29 17:00:00,125981.821,122950.70810618167,125552.81736745678
2014-01-29 18:00:00,131887.031,128747.09510516387,127471.94415838263
2014-01-29 19:00:00,132340.297,132635.2584785432,129120.33259097041
2014-01-29 20:00:00,131143.806,132250.85958294524,128890.10797530891
2014-01-29 21:00:00,127690.42,129962.32802194118,127371.57958951991
2014-01-29 22:00:00,122225.423,125533.34631221739,120382.5243619223
2014-01-29 23:00:00,117787.572,119812.0630009886,115863.22815189669
2014-01-30 00:00:00,114738.256,118174.55092997823,114786.77529361375
2014-01-30 01:00:00,113741.274,115426.45527372911,116086.29376831102
2014-01-30 02:00:00,113975.358,114436.54134092656,114810.73559434003
2014-01-30 03:00:00,114903.804,114597.67787168117,115650.60628863513
2014-01-30 04:00:00,117415.477,115830.78279639532,117885.08822892273
2014-01-30 05:00:00,123119.837,119129.31321835108,120477.09418283988
2014-01-30 06:00:00,131721.996,125627.84074783414,128239.54628874641
2014-01-30 07:00:00,136214.684,133241.1698373452,136350.35541226214
2014-01-30 08:00:00,134216.698,136235.97273293792,136619.45728254912
2014-01-30 09:00:00,128699.911,133698.06486753764,135559.89700302164
2014-01-30 10:00:00,123767.924,128518.6710067695,130591.40357000432
2014-01-30 11:00:00,119780.914,123830.96879169597,125142.45061537815
2014-01-30 12:00:00,116234.992,119899.88839509098,120791.77935762545
2014-01-30 13:00:00,113750.715,116450.81610239846,115788.10861456362
2014-01-30 14:00:00,111780.791,113924.35246125242,113494.28770787951
2014-01-30 15:00:00,111017.839,112089.22713455814,111683.1349578983
2014-01-30 16:00:00,112941.374,112030.07848512002,114050.47389921066
2014-01-30 17:00:00,118853.634,115417.90989072359,120899.1060373432
2014-01-30 18:00:00,124061.756,121341.20855365098,121504.53423977546
2014-01-30 19:00:00,124159.615,124972.82775227047,122993.82843022686
2014-01-30 20:00:00,122780.355,124505.25443890382,122030.18143567293
2014-01-30 21:00:00,119075.766,122288.55546321592,119851.08061562118
2014-01-30 22:00:00,112891.132,117711.29154870617,112366.95485427223
2014-01-30 23:00:00,106738.738,111663.78569218359,106555.60015042796
2014-01-31 00:00:00,102124.209,108958.11396546551,100767.74893886225
2014-01-31 01:00:00,99793.032,105246.28987068206,100271.67118183912
2014-01-31 02:00:00,98914.25,103543.82000622673,98813.08277904995
2014-01-31 03:00:00,98510.618,103088.89301622382,99601.91596565027
2014-01-31 04:00:00,100031.781,103505.07098881034,101647.26375685133
2014-01-31 05:00:00,104840.698,106301.41039152315,105994.57208841461
2014-01-31 06:00:00,113062.827,112359.43153543884,113388.03683725251
2014-01-31 07:00:00,117733.053,119538.88390895411,117404.44429683403
2014-01-31 08:00:00,116553.297,122118.49853038922,117730.76773065444
2014-01-31 09:00:00,114120.907,119650.17270094398,115622.09546267557
2014-01-31 10:00:00,111576.77,116356.27172113972,112261.58861732385
2014-01-31 11:00:00,108363.245,113123.3975066136,108473.29067824851
2014-01-31 12:00:00,105838.561,109549.24695932369,107118.01284373902
2014-01-31 13:00:00,103573.223,106824.33005932289,105338.83634638955
2014-01-31 14:00:00,101647.181,104441.26678799326,102945.3007582642
2014-01-31 15:00:00,100583.148,102729.00106907715,102015.87534739827
2014-01-31 16:00:00,101491.866,102511.26022221682,103605.80784192307
2014-01-31 17:00:00,106140.822,105016.66067177177,107471.44376163112
2014-01-31 18:00:00,109965.236,109708.7937873945,110173.94146303841
2014-01-31 19:00:00,109045.44,112187.5422980297,108706.22868421183
2014-01-31 20:00:00,107623.384,110919.63292129827,107062.88897682214
2014-01-31 21:00:00,104926.546,108581.66264429764,104599.49294476282
2014-01-31 22:00:00,100675.979,104586.22327835043,100625.29712019683
2014-01-31 23:00:00,95683.385,99480.07718235848,96134.65026140903
2014-02-01 00:00:00,91781.012,97822.13594104006,91753.28979007775
2014-02-01 01:00:00,89489.288,94121.76471738446,89545.53665611372
2014-02-01 02:00:00,88388.678,92024.94319717075,88322.27426399442
2014-02-01 03:00:00,88099.39,90936.78512777365,87968.42356634776
2014-02-01 04:00:00,88679.501,90956.03099418824,88972.95682910232
2014-02-01 05:00:00,90828.66,92470.2763476225,91330.80458452523
2014-02-01 06:00:00,94524.745,96017.76567820547,94855.49351997775
2014-02-01 07:00:00,97994.785,99848.60010705782,99438.85116779267
2014-02-01 08:00:00,99848.035,102049.95462755268,100058.96019819372
2014-02-01 09:00:00,99491.968,102870.48979543023,100855.35751076664
2014-02-01 10:00:00,97944.211,101907.52650525814,99438.57427039108
2014-02-01 11:00:00,95910.104,99824.92851477432,97315.53660166722
2014-02-01 12:00:00,93155.936,97419.36965273468,95402.81477926833
2014-02-01 13:00:00,90514.915,94544.08394043581,92348.46620728882
2014-02-01 14:00:00,88397.638,91867.06654425498,87990.21409063172
2014-02-01 15:00:00,87791.487,89837.31563896577,87073.01206687013
2014-02-01 16:00:00,88970.815,89545.53702998222,89535.07805682815
2014-02-01 17:00:00,93697.238,91823.5800385711,92502.95488420661
2014-02-01 18:00:00,98093.41,96291.41222869935,97202.94018112155
2014-02-01 19:00:00,97766.713,98907.14334280907,98370.33840396727
2014-02-01 20:00:00,96277.371,98027.38485973461,97172.02102553552
2014-02-01 21:00:00,93870.548,95974.18126392255,94204.73048463333
2014-02-01 22:00:00,90167.622,92810.35862647963,90798.34052477399
2014-02-01 23:00:00,85880.277,88521.0694881766,86713.55301131247
2014-02-02 00:00:00,82131.637,86914.51751487094,82347.7605241895
2014-02-02 01:00:00,80016.914,83487.33828233345,79757.44782548324
2014-02-02 02:00:00,78883.358,81624.94424114833,78058.18865581213
2014-02-02 03:00:00,78698.697,80679.50324526968,78170.37273237182
2014-02-02 04:00:00,79186.54,80699.02564959263,78656.55933351333
2014-02-02 05:00:00,81116.593,81675.88026043835,80103.81009737003
2014-02-02 06:00:00,84453.749,84126.52359053158,83462.16954719722
2014-02-02 07:00:00,87149.747,87472.76765199899,86800.99213914062
2014-02-02 08:00:00,89489.674,89825.56110688104,89889.25777875591
2014-02-02 09:00:00,90621.092,91228.38142862241,90734.08549036324
2014-02-02 10:00:00,90377.581,91421.46745996604,90760.76608242957
2014-02-02 11:00:00,90027.194,90486.81602728326,89154.75074770911
2014-02-02 12:00:00,89595.213,89402.32649009784,88819.89130961437
2014-02-02 13:00:00,89212.088,88280.57439788744,88002.00370376046
2014-02-02 14:00:00,88892.052,87309.495221464,88024.14234566841
2014-02-02 15:00:00,89064.564,86690.64672878738,88467.50004491686
2014-02-02 16:00:00,91035.323,87087.24296210254,91502.30278127392
2014-02-02 17:00:00,95930.848,90034.01160147229,95910.74083134261
2014-02-02 18:00:00,98232.321,94753.82338217832,100596.66600339454
2014-02-02 19:00:00,96328.167,96094.07494603294,99006.98792682933
2014-02-02 20:00:00,95249.664,94111.14920728619,96391.46508436221
2014-02-02 21:00:00,93307.817,92276.81319790352,93621.4870851578
2014-02-02 22:00:00,90729.583,89480.7208767208,89719.25308391293
2014-02-02 23:00:00,86350.108,86080.4544859523,86902.3088267214
2014-02-03 00:00:00,82950.181,87028.88120297638,82835.33707739282
2014-02-03 01:00:00,81479.356,83885.64615474863,80839.86851325342
2014-02-03 02:00:00,81026.35,82445.61546783324,80513.7393810792
2014-02-03 03:00:00,81889.02,82061.34164612708,80566.06255186307
2014-02-03 04:00:00,84417.349,82920.66104583889,84016.53129271542
2014-02-03 05:00:00,90226.621,85643.90523400015,89614.55412932047
2014-02-03 06:00:00,99026.296,91387.88131143534,99222.22168292371
2014-02-03 07:00:00,105423.396,98653.89465808304,105004.36359567654
2014-02-03 08:00:00,107176.557,103566.7917690738,105872.3660699111
2014-02-03 09:00:00,108192.372,104819.30210103311,106458.69264618742
2014-02-03 10:00:00,108601.161,105115.55104759603,107513.66907279815
2014-02-03 11:00:00,108478.15,104956.8625492206,107226.36091333866
2014-02-03 12:00:00,107913.81,104446.59980828603,107175.20527783067
2014-02-03 13:00:00,106688.963,103758.69162260846,107378.24670912336
2014-02-03 14:00:00,105231.572,102621.528654797,106111.84406924625
2014-02-03 15:00:00,104235.041,101582.12210095668,105190.97695240536
2014-02-03 16:00:00,105098.107,101581.30437920327,105382.93940980318
2014-02-03 17:00:00,109926.363,103997.11014367541,109977.77106150301
2014-02-03 18:00:00,114989.11,108487.44614898399,112904.52005009797
2014-02-03 19:00:00,114872.942,111674.9014969835,114063.20735834831
2014-02-03 20:00:00,112878.559,111246.91688303192,112907.64994978596
2014-02-03 21:00:00,109214.329,109039.86078493918,110532.81249270464
2014-02-03 22:00:00,103571.961,105323.4378764608,102870.27113368291
2014-02-03 23:00:00,98468.048,99800.5548964321,97895.41265888116
2014-02-04 00:00:00,94946.097,97818.00388288572,93898.85429270397
2014-02-04 01:00:00,93457.037,94812.45520687339,92859.88121796708
2014-02-04 02:00:00,92875.073,93603.92954437976,91504.79472774608
2014-02-04 03:00:00,93389.231,93374.32412733168,93177.08675392116
2014-02-04 04:00:00,95634.041,94503.485602617,95697.17122680276
2014-02-04 05:00:00,101453.846,97887.97971767929,101851.12079616655
2014-02-04 06:00:00,110603.919,104771.55776630888,110113.66308221917
2014-02-04 07:00:00,115961.941,113037.41998159054,115567.93918367068
2014-02-04 08:00:00,115692.819,117098.44340254494,115632.19183510974
2014-02-04 09:00:00,113821.696,116920.87664714735,114437.57462768037
2014-02-04 10:00:00,111934.621,115354.12029237798,112035.99746811467
2014-02-04 11:00:00,109778.103,113595.44916727227,108793.90578883834
2014-02-04 12:00:00,107936.384,111572.73725357704,107926.71666671566
2014-02-04 13:00:00,106794.135,109744.86859737549,107278.32783414617
2014-02-04 14:00:00,106168.397,108398.17261302148,106221.70040782596
2014-02-04 15:00:00,106121.452,107611.52004976475,106783.18883390343
2014-02-04 16:00:00,108114.558,107895.8505257894,108890.10648652223
2014-02-04 17:00:00,113242.369,110884.81769240697,114856.17142979233
2014-02-04 18:00:00,117238.647,115976.8861406164,116130.54939977595
2014-02-04 19:00:00,116569.676,118600.77379724086,116093.16085276299
2014-02-04 20:00:00,114622.821,117368.56186671753,114956.50650953552
2014-02-04 21:00:00,110619.717,114624.84101774047,111906.59707029696
2014-02-04 22:00:00,104831.782,109838.65325361362,104607.04699234727
2014-02-04 23:00:00,98853.868,103959.07638452433,98483.52150586093
2014-02-05 00:00:00,94593.253,101271.5209022088,94153.5219154949
2014-02-05 01:00:00,92105.713,97697.19946431775,91843.97233446313
2014-02-05 02:00:00,90925.929,95658.72790040581,89830.33491139718
2014-02-05 03:00:00,90775.912,94876.14499002084,91047.59369635521
2014-02-05 04:00:00,91958.531,95390.27144194877,93196.82928626143
2014-02-05 05:00:00,96089.989,97961.43983952639,97655.84400156696
2014-02-05 06:00:00,102168.556,103640.02298346958,106183.5523444804
2014-02-05 07:00:00,105981.47,109548.47592095986,109357.53504654096
2014-02-05 08:00:00,107020.774,112034.80101203626,107307.75436268053
2014-02-05 09:00:00,107971.05,111888.35861036062,107053.04221892939
2014-02-05 10:00:00,108459.907,111592.68824930822,107886.12986670875
2014-02-05 11:00:00,108935.545,110943.93176408867,107877.20337620318
2014-02-05 12:00:00,108375.023,110372.30910685686,107688.5071927838
2014-02-05 13:00:00,107358.105,109296.62033600107,107563.55957990956
2014-02-05 14:00:00,106288.413,108065.7152391768,106299.04006494982
2014-02-05 15:00:00,105509.117,107069.77000207226,106353.08115602755
2014-02-05 16:00:00,106421.488,107087.6694597927,107928.68370825468
2014-02-05 17:00:00,110225.789,109550.7512062438,112468.05860725591
2014-02-05 18:00:00,114563.22,113683.29048025333,113931.68007027793
2014-02-05 19:00:00,114070.534,116505.23649514013,114791.88546253892
2014-02-05 20:00:00,112445.293,115497.05567474102,113049.03727250823
2014-02-05 21:00:00,108589.686,112979.35305652491,109574.839245635
2014-02-05 22:00:00,103443.127,108304.04855408761,102532.46065655274
2014-02-05 23:00:00,98368.292,102759.31599083118,97485.97997836166
2014-02-06 00:00:00,94949.174,100578.63068110155,93557.17344429779
2014-02-06 01:00:00,93278.818,97425.53799663427,92297.79207928483
2014-02-06 02:00:00,93140.639,95927.85870145947,90829.30631589716
2014-02-06 03:00:00,93778.119,95818.58063793356,92749.20182702428
2014-02-06 04:00:00,96227.742,96721.77925372374,95758.43478965916
2014-02-06 05:00:00,101637.028,99954.82876558742,102043.11797266908
2014-02-06 06:00:00,110620.473,105997.95036172436,109979.43254932154
2014-02-06 07:00:00,116221.493,113547.80420840024,115411.73571360284
2014-02-06 08:00:00,116102.537,117379.14502096905,115525.06557307705
2014-02-06 09:00:00,114448.196,116766.50877832712,114304.1434437357
2014-02-06 10:00:00,112571.882,114994.8245264008,112180.83387034707
2014-02-06 11:00:00,110460.349,113193.68968727105,110080.09016554563
2014-02-06 12:00:00,108472.179,111043.50968699821,108682.77682189198
2014-02-06 13:00:00,107384.852,109006.09105441527,107371.39527762104
2014-02-06 14:00:00,106387.626,107659.80552367194,106487.66275328503
2014-02-06 15:00:00,106184.333,106574.16990133857,106710.27028674408
2014-02-06 16:00:00,107826.72,106743.31091203733,109083.6747905438
2014-02-06 17:00:00,112924.684,109330.88297974998,114689.27599021952
2014-02-06 18:00:00,118650.108,114379.40452880952,117071.53005554984
2014-02-06 19:00:00,119263.271,118196.1892748363,118907.17946367095
2014-02-06 20:00:00,117921.52,118013.21765920219,118031.3442000479
2014-02-06 21:00:00,114501.89,115700.893470542,114761.87212647512
2014-02-06 22:00:00,108770.409,111407.93544393235,108200.91044411827
2014-02-06 23:00:00,103194.057,105495.33651549178,102564.03461736943
2014-02-07 00:00:00,99375.089,102983.46523300308,99527.1437562378
2014-02-07 01:00:00,97773.944,99591.9255735378,96340.78691806988
2014-02-07 02:00:00,97206.879,98251.11858242363,97056.39870787431
2014-02-07 03:00:00,97664.364,97861.64332754386,97996.06182211784
2014-02-07 04:00:00,100222.166,98798.52526101875,100434.88177031321
2014-02-07 05:00:00,106088.669,102248.20315294573,105244.0682641
2014-02-07 06:00:00,115755.114,109206.23664982058,114666.53271662667
2014-02-07 07:00:00,120626.662,117627.67230915018,120698.68231638643
2014-02-07 08:00:00,119186.348,120740.03692876363,120189.71965264723
2014-02-07 09:00:00,115911.98,118905.17765486287,118273.03743825608
2014-02-07 10:00:00,113094.047,115670.23040601243,114807.32678713906
2014-02-07 11:00:00,110515.04,112653.31155590735,111217.47736009743
2014-02-07 12:00:00,108198.97,109896.12649187562,108933.10542046139
2014-02-07 13:00:00,106502.014,107577.34961973406,107897.02500685018
2014-02-07 14:00:00,104938.879,105768.0843863726,106162.46594101148
2014-02-07 15:00:00,104085.808,104342.77339771682,105922.04443465127
2014-02-07 16:00:00,105075.636,104060.02968181352,106915.29023452767
2014-02-07 17:00:00,109133.206,106286.45454205082,111916.54822771736
2014-02-07 18:00:00,114826.622,110754.97796735985,114186.51243393653
2014-02-07 19:00:00,115312.01,114672.72977902752,114805.36431767316
2014-02-07 20:00:00,114234.312,114435.4449235122,113816.69818492993
2014-02-07 21:00:00,111687.348,112504.84642366791,112207.29990076304
2014-02-07 22:00:00,107784.035,108832.40892820997,105806.76434829112
2014-02-07 23:00:00,103213.463,104136.1747427833,101848.28592699661
2014-02-08 00:00:00,99285.734,102999.11804046266,99233.38147793103
2014-02-08 01:00:00,97086.987,99495.15765920593,96455.81720114216
2014-02-08 02:00:00,96105.45,97562.42070180963,96733.95032704361
2014-02-08 03:00:00,95851.474,96798.1416680048,96795.45490375157
2014-02-08 04:00:00,96332.345,97105.64730197098,97544.06371852283
2014-02-08 05:00:00,98540.804,98825.16699569402,100040.2645910985
2014-02-08 06:00:00,101998.766,102803.95160669826,103781.05259535952
2014-02-08 07:00:00,105303.218,106536.98870722073,106689.87605701339
2014-02-08 08:00:00,108093.122,108540.27592263445,107226.13109749566
2014-02-08 09:00:00,109619.848,109487.38262959653,108625.57403153011
2014-02-08 10:00:00,109412.572,109487.84857470692,107659.44103861082
2014-02-08 11:00:00,107999.011,108311.36459340986,107299.93928972988
2014-02-08 12:00:00,106050.942,106288.83432826518,106347.32854003746
2014-02-08 13:00:00,103894.589,104062.40878335967,103912.82090498321
2014-02-08 14:00:00,101737.99,101800.66413827256,101721.66566174707
2014-02-08 15:00:00,100437.449,99855.81973149121,101649.85131811329
2014-02-08 16:00:00,101488.394,99138.99956899176,102927.95973672083
2014-02-08 17:00:00,105536.609,101111.94481350729,106619.39820068752
2014-02-08 18:00:00,109965.726,105580.06505787905,109942.91109930412
2014-02-08 19:00:00,109783.403,108607.98528230729,109521.29281456542
2014-02-08 20:00:00,108393.305,107927.03738469907,108264.03061962698
2014-02-08 21:00:00,106099.575,105964.31875735777,106170.25440440013
2014-02-08 22:00:00,102310.331,102891.89236078385,101961.22883058764
2014-02-08 23:00:00,98349.501,98555.95069212503,97493.54814134719
2014-02-09 00:00:00,94857.963,97084.32196529821,94163.13905420835
2014-02-09 01:00:00,92690.16,93759.17561902231,93285.8158827961
2014-02-09 02:00:00,91541.817,91751.25009697852,91426.54298035555
2014-02-09 03:00:00,90950.143,90739.18913295848,92007.3769945677
2014-02-09 04:00:00,91246.89,90351.0371159649,91820.31746394048
2014-02-09 05:00:00,92450.906,91111.0449638109,92770.49852792842
2014-02-09 06:00:00,94879.385,92961.36205474073,94599.44712403785
2014-02-09 07:00:00,97453.722,95571.02705704099,98514.59090865795
2014-02-09 08:00:00,100106.233,98128.56473582216,99495.40016720777
2014-02-09 09:00:00,101864.44,100309.64829629884,101290.13170472175
2014-02-09 10:00:00,102033.426,101287.41069347512,101336.22090748411
2014-02-09 11:00:00,101173.754,100886.68793684409,101065.76004590071
2014-02-09 12:00:00,100642.002,99628.9430270247,100335.31289585409
2014-02-09 13:00:00,100149.71,98573.21891031016,100055.4422650013
2014-02-09 14:00:00,99846.208,97551.12086594079,99113.03765102809
2014-02-09 15:00:00,100454.112,96917.9778697016,99598.34340708946
2014-02-09 16:00:00,102596.069,97663.04750410451,103038.12542853638
2014-02-09 17:00:00,106717.571,100519.15283305237,107800.22727490413
2014-02-09 18:00:00,111531.364,104557.09430618337,110332.35498715106
2014-02-09 19:00:00,111704.621,107549.49133533891,110743.6101426324
2014-02-09 20:00:00,110056.783,107131.97505677457,110059.77317084762
2014-02-09 21:00:00,106457.74,105133.435327079,107877.84837878445
2014-02-09 22:00:00,101957.924,101380.80141416307,101930.41024679049
2014-02-09 23:00:00,97626.785,96744.07926809577,97120.974708694
2014-02-10 00:00:00,94652.061,97812.58811934339,94030.20507880251
2014-02-10 01:00:00,93041.252,94983.64776158573,92688.93860487126
2014-02-10 02:00:00,93039.015,93437.89108630079,92059.84256627875
2014-02-10 03:00:00,93972.046,93286.66075506425,93382.48161288947
2014-02-10 04:00:00,96944.957,94174.95969006952,96982.54113000189
2014-02-10 05:00:00,103098.209,97064.13677297514,102480.51499157355
2014-02-10 06:00:00,112867.903,102787.93200112118,110311.63898339304
2014-02-10 07:00:00,118278.784,110791.72504290767,117064.5026734727
2014-02-10 08:00:00,118829.149,115263.02718213378,117547.10351052208
2014-02-10 09:00:00,117423.705,116016.44883344678,118154.97093506521
2014-02-10 10:00:00,116039.601,114886.62978268636,116555.06661777559
2014-02-10 11:00:00,114118.08,113521.2971857592,113931.25444887971
2014-02-10 12:00:00,112429.464,111806.91576738693,111666.45776238838
2014-02-10 13:00:00,111127.395,110211.15308263758,110128.11176880827
2014-02-10 14:00:00,109743.312,108926.51185627728,109809.41965520185
2014-02-10 15:00:00,109017.989,107867.42795846335,109728.34803439809
2014-02-10 16:00:00,110531.578,107822.77623706087,111072.04729039669
2014-02-10 17:00:00,115269.552,110237.08891663865,116648.75915730293
2014-02-10 18:00:00,121611.771,115129.09349450932,118007.26671268046
2014-02-10 19:00:00,122984.982,119520.77481995447,120969.04991093917
2014-02-10 20:00:00,122113.296,119795.05748174516,120564.41044209716
2014-02-10 21:00:00,119036.199,117887.392532541,119232.12507478996
2014-02-10 22:00:00,113533.961,114014.70616212394,112448.21135841167
2014-02-10 23:00:00,108156.575,108520.51680120708,106655.98306798075
2014-02-11 00:00:00,104832.853,106372.40904014773,104619.392921881
2014-02-11 01:00:00,103710.026,103425.10159074934,103214.61851440661
2014-02-11 02:00:00,103679.765,102464.89234349386,103286.64987787454
2014-02-11 03:00:00,104468.812,102610.4894318888,105187.16294670367
2014-02-11 04:00:00,107246.899,103985.96323396152,108242.47182300384
2014-02-11 05:00:00,113396.644,107891.11637653928,112742.09994612118
2014-02-11 06:00:00,123091.193,115309.04105375617,119725.2816321817
2014-02-11 07:00:00,127583.825,123760.43225419629,125549.3184313678
2014-02-11 08:00:00,125718.874,126858.31148095882,127585.65201030299
2014-02-11 09:00:00,122218.247,124777.86328626805,124743.37783047496
2014-02-11 10:00:00,119284.612,121506.2425875775,121980.07523402013
2014-02-11 11:00:00,116109.419,118554.76976682313,118565.94536415668
2014-02-11 12:00:00,113507.537,115505.33091952084,114655.4332417446
2014-02-11 13:00:00,111418.291,113081.0849078916,111193.44106485818
2014-02-11 14:00:00,109623.292,111089.94081891005,109707.76757880235
2014-02-11 15:00:00,108896.983,109518.5393056371,109686.36623408618
2014-02-11 16:00:00,110176.836,109439.3693560836,111793.39476707963
2014-02-11 17:00:00,115139.154,111880.88820492753,117312.12698691695
2014-02-11 18:00:00,122340.81,117192.67546784888,118309.63087328266
2014-02-11 19:00:00,124064.909,122439.05669574795,122002.81428989717
2014-02-11 20:00:00,123787.517,123166.02902024175,122318.18759313118
2014-02-11 21:00:00,121517.991,121767.48617496282,120772.89600303659
2014-02-11 22:00:00,116170.666,118229.55487392911,114949.92006241846
2014-02-11 23:00:00,111186.709,112512.7308710707,109034.58618876676
2014-02-12 00:00:00,107935.858,110465.66931622697,105371.77919941404
2014-02-12 01:00:00,106902.44,107567.93773857226,106265.52970408936
2014-02-12 02:00:00,106947.684,106589.84865596375,105166.86254879084
2014-02-12 03:00:00,107867.471,106670.00347664747,108283.52925283002
2014-02-12 04:00:00,110576.294,107969.4486601407,113174.20426396692
2014-02-12 05:00:00,116496.321,111607.54269522618,115491.85097933175
2014-02-12 06:00:00,125693.753,118489.27512115569,122301.80415387425
2014-02-12 07:00:00,129690.523,126195.60530907223,128922.20581740706
2014-02-12 08:00:00,128004.348,128504.4558485318,130698.4852703696
2014-02-12 09:00:00,125158.742,126378.51322913158,127098.79783241634
2014-02-12 10:00:00,121941.158,123419.56804602084,125148.94610705104
2014-02-12 11:00:00,118735.404,120174.77051709729,121103.90483743027
2014-02-12 12:00:00,115911.865,116980.62678386137,118997.92248604093
2014-02-12 13:00:00,114377.047,114165.80789222292,114726.7591293423
2014-02-12 14:00:00,113030.958,112352.38929000718,112713.70007933497
2014-02-12 15:00:00,112811.0,110966.08909195132,113179.24711937393
2014-02-12 16:00:00,114230.662,111050.65795714433,115904.70200183112
2014-02-12 17:00:00,118203.39,113465.29455112584,120637.32215765447
2014-02-12 18:00:00,122761.528,118313.27328031781,120649.6701864535
2014-02-12 19:00:00,122711.243,121778.74026092427,122149.34744312637
2014-02-12 20:00:00,121111.297,121403.11197246157,121393.81060423034
2014-02-12 21:00:00,117411.016,119224.52133454851,118948.69846596675
2014-02-12 22:00:00,111815.973,114734.6399346373,110773.02380159385
2014-02-12 23:00:00,106303.87,109020.77781231297,105369.2343128593
2014-02-13 00:00:00,102016.778,106682.34779423887,102257.75731587193
2014-02-13 01:00:00,99813.5,103138.84749428267,101343.94652593738
2014-02-13 02:00:00,98916.189,101463.03763531146,99610.49014088587
2014-02-13 03:00:00,98553.311,100973.98917578973,99999.56906742546
2014-02-13 04:00:00,99828.105,101498.0039431224,101813.07286935631
2014-02-13 05:00:00,103338.401,104190.24266518929,105782.46031065626
2014-02-13 06:00:00,109170.135,109623.79901519802,111888.58879545373
2014-02-13 07:00:00,113003.685,115094.93108013172,114510.94251210526
2014-02-13 08:00:00,113941.786,117239.0314605388,112697.19983068256
2014-02-13 09:00:00,114060.97,116839.07025867954,112742.22073229689
2014-02-13 10:00:00,113621.612,115656.72161565641,112614.87685545662
2014-02-13 11:00:00,112302.938,114109.18052735446,111929.24612037867
2014-02-13 12:00:00,110762.957,112050.9007376227,110226.55594893581
2014-02-13 13:00:00,109103.339,110271.58208903295,109228.1488981443
2014-02-13 14:00:00,107435.295,108502.85926177578,107604.35553664638
2014-02-13 15:00:00,106295.325,107076.75502294659,107352.36690213915
2014-02-13 16:00:00,107419.364,106621.77463088787,109119.47479267415
2014-02-13 17:00:00,111153.603,108756.42619667684,113000.84944360988
2014-02-13 18:00:00,114887.384,112931.77695804389,113570.18959482173
2014-02-13 19:00:00,114461.515,115479.00838517956,114427.7235581803
2014-02-13 20:00:00,112296.918,114550.74129724715,113329.15475708766
2014-02-13 21:00:00,108543.676,111677.57934021707,109611.30157240256
2014-02-13 22:00:00,103198.035,106994.30711787505,102894.99286367843
2014-02-13 23:00:00,97931.209,101259.4584260076,98417.9515557497
2014-02-14 00:00:00,94038.55,98795.34218393949,93675.98583238157
2014-02-14 01:00:00,91970.387,95275.82315837414,92122.69545997487
2014-02-14 02:00:00,90987.79,93442.37591265695,90988.31332334585
2014-02-14 03:00:00,91119.464,92593.60484087342,91349.75901889746
2014-02-14 04:00:00,92770.059,93133.15669550905,93420.72150158056
2014-02-14 05:00:00,97062.082,95625.79465143736,98527.38090517685
2014-02-14 06:00:00,103981.722,100913.92892994337,105472.24918877047
2014-02-14 07:00:00,108198.825,107035.80205767191,109718.93017702125
2014-02-14 08:00:00,108831.689,109906.91412691792,108444.21817640649
2014-02-14 09:00:00,107883.725,109881.76376677425,107255.81807202288
2014-02-14 10:00:00,106579.446,108658.75601472254,107519.03648524021
2014-02-14 11:00:00,105067.749,107002.4990912711,105598.04778455842
2014-02-14 12:00:00,103272.523,105179.50635951132,103966.80087309616
2014-02-14 13:00:00,101600.874,103204.8430711932,102699.82445579191
2014-02-14 14:00:00,100065.373,101335.7174293185,101031.7329202982
2014-02-14 15:00:00,98990.351,99755.81738740439,100226.27446098298
2014-02-14 16:00:00,99021.257,99224.049171352,101914.06992258264
2014-02-14 17:00:00,102147.137,100422.05796869658,105543.60209624501
2014-02-14 18:00:00,107167.05,103950.21188096388,106596.66177692031
2014-02-14 19:00:00,107024.283,107282.91952440771,106611.39867693084
2014-02-14 20:00:00,105449.205,106458.10552166856,105533.59159727307
2014-02-14 21:00:00,102940.833,104097.93380847592,102435.54876225814
2014-02-14 22:00:00,98640.001,100589.96000778234,97878.01791966853
2014-02-14 23:00:00,94330.523,95764.50229004073,93755.30832096968
2014-02-15 00:00:00,90513.396,94808.13449361725,90370.46917470211
2014-02-15 01:00:00,88083.958,91321.03183615723,87606.0178268642
2014-02-15 02:00:00,87133.149,89185.97157315555,86447.54941255414
2014-02-15 03:00:00,86889.419,88435.41982452948,87047.4623842639
2014-02-15 04:00:00,87625.922,88610.52087419294,87937.51787825921
2014-02-15 05:00:00,89840.843,90254.15656302813,90120.11780075495
2014-02-15 06:00:00,93260.253,93659.65591538756,94021.83795760764
2014-02-15 07:00:00,96678.588,97262.26982640727,96966.54514328482
2014-02-15 08:00:00,100186.974,99991.0413170451,99268.67807184454
2014-02-15 09:00:00,102490.87,102219.03726010682,101705.39573738583
2014-02-15 10:00:00,103167.134,103308.83969351616,102251.36272931937
2014-02-15 11:00:00,102742.504,103091.06528931149,102076.32285611851
2014-02-15 12:00:00,101610.66,101982.74218853701,101426.08185912132
2014-02-15 13:00:00,100365.92,100396.16810548106,100094.10580309982
2014-02-15 14:00:00,99282.28,98783.35401721834,98931.56419795688
2014-02-15 15:00:00,99027.403,97482.70820596306,99086.56942759779
2014-02-15 16:00:00,100191.358,97294.51320283349,101084.9209706597
2014-02-15 17:00:00,103720.187,99161.37474241455,104834.21034378554
2014-02-15 18:00:00,109128.539,103159.7856189004,107145.9306466962
2014-02-15 19:00:00,109561.892,106782.44574064911,108204.18053752377
2014-02-15 20:00:00,108195.49,106470.53742688471,108170.72374303416
2014-02-15 21:00:00,106112.141,104582.84763572484,105627.52861882599
2014-02-15 22:00:00,102738.6,101620.43749727382,100801.6655578574
2014-02-15 23:00:00,98864.231,97720.4373468408,97792.9165430562
2014-02-16 00:00:00,95433.282,96373.17606125481,95406.69356356109
2014-02-16 01:00:00,93558.545,93061.10230181806,93085.7278317017
2014-02-16 02:00:00,92584.148,91273.74640280879,91955.63823028006
2014-02-16 03:00:00,92475.824,90321.9877003661,92929.61534526933
2014-02-16 04:00:00,92988.98,90291.03789018691,93893.87960873297
2014-02-16 05:00:00,94441.481,91134.6020205803,95394.15928344788
2014-02-16 06:00:00,96985.177,93071.19805056612,97454.36972240207
2014-02-16 07:00:00,99143.219,95776.88570172434,99853.75286171865
2014-02-16 08:00:00,101294.851,98234.59853597858,101110.51633456042
2014-02-16 09:00:00,101598.496,100291.47467055853,102542.65397074659
2014-02-16 10:00:00,100162.451,100490.47614952485,101578.34817285782
2014-02-16 11:00:00,98369.27,99123.78006568631,100062.8464935986
2014-02-16 12:00:00,96604.461,97379.83569509101,98386.5142823686
2014-02-16 13:00:00,95339.645,95641.91325149179,96319.86676011939
2014-02-16 14:00:00,94780.292,94317.14992108227,95692.45524039255
2014-02-16 15:00:00,95291.436,93788.49163728081,95863.39026175537
2014-02-16 16:00:00,97437.541,94508.31980038769,99068.1448274539
2014-02-16 17:00:00,101924.345,97151.28387940722,104221.49074005464
2014-02-16 18:00:00,107508.15,101941.2568720766,106636.01990406317
2014-02-16 19:00:00,108309.509,105857.26774913268,107066.67419572303
2014-02-16 20:00:00,107139.534,105832.42883153088,107646.68844229203
2014-02-16 21:00:00,104306.455,104061.44446688864,104450.78557249924
2014-02-16 22:00:00,100780.992,100767.71732363544,100594.76393439967
2014-02-16 23:00:00,97161.958,96857.81661299267,96737.44690333682
2014-02-17 00:00:00,94274.576,98508.2104487551,94014.11037397393
2014-02-17 01:00:00,93657.855,95798.99194446953,92385.10045499436
2014-02-17 02:00:00,93708.827,95051.9685877919,92227.23023252084
2014-02-17 03:00:00,94928.16,95081.69909574762,93567.84435000694
2014-02-17 04:00:00,97774.733,96283.93240789614,98291.35291802853
2014-02-17 05:00:00,103385.497,99166.25269924097,104511.71124836776
2014-02-17 06:00:00,111363.705,104622.37450884342,111259.82901139613
2014-02-17 07:00:00,115790.25,111159.02333414729,115143.67185157909
2014-02-17 08:00:00,116116.698,114648.9508711902,115923.27256200243
2014-02-17 09:00:00,115183.474,114607.36951771587,115161.19815031938
2014-02-17 10:00:00,113338.42,113236.56678279438,113799.07095290619
2014-02-17 11:00:00,111126.87,111132.10566429846,111956.35341967721
2014-02-17 12:00:00,108581.988,108799.66875419313,109655.37520721546
2014-02-17 13:00:00,106583.847,106410.03897977987,107924.87861308783
2014-02-17 14:00:00,104863.765,104573.579155505,106927.0890525192
2014-02-17 15:00:00,104147.69,103245.15563715843,105341.24021274396
2014-02-17 16:00:00,105525.708,103239.70731707817,106241.04673731884
2014-02-17 17:00:00,110094.413,105600.38515709658,111136.73367382237
2014-02-17 18:00:00,116126.996,110614.70229019706,113133.92074014632
2014-02-17 19:00:00,116347.906,115006.73358954722,114984.01262201605
2014-02-17 20:00:00,114667.993,114651.39355319829,114554.01447970673
2014-02-17 21:00:00,110342.608,112343.1457251398,111396.11907791362
2014-02-17 22:00:00,104300.103,107746.25471461627,103157.10933330588
2014-02-17 23:00:00,98140.076,101938.99895200205,98034.0750021841
2014-02-18 00:00:00,93889.68,99217.25739375094,93166.42363535303
2014-02-18 01:00:00,91719.473,95851.74266466153,91231.34156478959
2014-02-18 02:00:00,90748.665,94217.45940527375,90345.45272579427
2014-02-18 03:00:00,90789.911,93799.41055921292,91277.82848243331
2014-02-18 04:00:00,92585.286,94680.86447768813,93050.61595119188
2014-02-18 05:00:00,98012.149,97855.12058362964,98245.2627490424
2014-02-18 06:00:00,105844.305,104448.87021291911,107447.2582464077
2014-02-18 07:00:00,110518.998,111329.11827292119,111749.0192423844
2014-02-18 08:00:00,110515.241,114347.66918253573,110154.32645209425
2014-02-18 09:00:00,107742.414,113581.48771594599,109045.36249574847
2014-02-18 10:00:00,105095.025,110671.80060832204,107466.45903590567
2014-02-18 11:00:00,102405.635,107759.62105492657,104583.18196570507
2014-02-18 12:00:00,99745.395,104797.36242934871,102824.67357501981
2014-02-18 13:00:00,97781.512,102042.61353553957,100300.50610710656
2014-02-18 14:00:00,96047.578,99867.44988164169,98015.51051560661
2014-02-18 15:00:00,94691.537,98210.17874454967,96782.8898201267
2014-02-18 16:00:00,95253.962,97522.44402137883,97864.00370172205
2014-02-18 17:00:00,98653.986,99361.4814529979,100331.26354595403
2014-02-18 18:00:00,105217.471,103786.33312734503,103397.31035900301
2014-02-18 19:00:00,106616.258,108472.65191399636,105433.80099839583
2014-02-18 20:00:00,105536.454,108901.6334524965,105864.24326151458
2014-02-18 21:00:00,102140.991,106761.2142106788,102212.89330207586
2014-02-18 22:00:00,96612.044,102263.47391564136,96210.82267923288
2014-02-18 23:00:00,91109.972,96309.57980818202,90830.52501890692
2014-02-19 00:00:00,87020.881,93755.35044699858,86285.20717395656
2014-02-19 01:00:00,84944.585,90161.81717743857,84133.11235366907
2014-02-19 02:00:00,83883.845,88385.21701393364,83178.71460247166
2014-02-19 03:00:00,83943.223,87653.25234579213,83398.55679471846
2014-02-19 04:00:00,85558.636,88332.90090311256,85738.98296401103
2014-02-19 05:00:00,90703.281,91304.29656617547,90962.88248425673
2014-02-19 06:00:00,99580.435,97616.1255524409,100530.19302870672
2014-02-19 07:00:00,103233.831,105208.2381955851,104805.11203332915
2014-02-19 08:00:00,102153.505,107445.39484228895,103680.8401949238
2014-02-19 09:00:00,100949.516,105560.63494147474,102026.33869911122
2014-02-19 10:00:00,99766.942,103567.7097375083,100509.41319430512
2014-02-19 11:00:00,97690.991,101625.0405529493,98638.73862632953
2014-02-19 12:00:00,95685.244,99119.8878820588,96275.62922383394
2014-02-19 13:00:00,93900.589,96962.4594062545,94460.21569762142
2014-02-19 14:00:00,92224.591,95045.2786040936,92838.18962177631
2014-02-19 15:00:00,91037.89,93411.2568598529,91217.00568935333
2014-02-19 16:00:00,91933.393,92738.83601164115,92284.91767090837
2014-02-19 17:00:00,94777.223,94501.06467682985,95682.320471773
2014-02-19 18:00:00,100770.688,98417.22309874301,99039.45868915379
2014-02-19 19:00:00,101981.927,102853.53853107487,101210.17141918067
2014-02-19 20:00:00,100978.766,103204.4712555704,101409.4083063992
2014-02-19 21:00:00,97705.773,101238.33242041878,97491.40010550636
2014-02-19 22:00:00,92333.767,96979.07802391434,92935.98110272994
2014-02-19 23:00:00,86809.098,91258.4858302467,87277.88861777169
2014-02-20 00:00:00,82953.071,88637.59961268603,82682.32326759421
2014-02-20 01:00:00,81132.287,85104.38412273387,80808.40501507033
2014-02-20 02:00:00,80766.262,83377.04330502001,79837.3342475554
2014-02-20 03:00:00,81321.999,82958.71205130965,80441.61260556891
2014-02-20 04:00:00,83821.054,83732.51700732962,83232.65112358547
2014-02-20 05:00:00,90163.79,86904.41927839085,89346.74625500143
2014-02-20 06:00:00,100096.801,93859.84255045328,99367.8970946322
2014-02-20 07:00:00,104232.925,101884.44064433438,104865.20736921394
2014-02-20 08:00:00,102771.444,104461.18308156633,103087.62993179992
2014-02-20 09:00:00,100325.502,102991.14510396754,101906.79116850354
2014-02-20 10:00:00,98679.031,100765.14878961508,99821.62237607926
2014-02-20 11:00:00,97191.786,98810.56122622537,97494.80564303343
2014-02-20 12:00:00,95685.785,96962.09140269255,95750.73826594035
2014-02-20 13:00:00,94741.331,95143.8895442119,95106.5355846302
2014-02-20 14:00:00,93945.239,93751.65892040897,93801.09941905446
2014-02-20 15:00:00,93790.421,92627.18250182396,93437.5118853709
2014-02-20 16:00:00,95163.675,92684.91745094035,95463.9044776774
2014-02-20 17:00:00,98084.273,94510.22932194867,97669.34206078126
2014-02-20 18:00:00,101642.49,98163.84587131013,99943.0066867458
2014-02-20 19:00:00,101406.22,100699.13327690962,100868.00368358644
2014-02-20 20:00:00,99532.612,99898.43044319248,99790.77050302144
2014-02-20 21:00:00,95768.479,97304.93756910572,95763.11022204615
2014-02-20 22:00:00,89875.081,92744.11970432456,88949.19615988487
2014-02-20 23:00:00,84248.353,86695.972151849,83147.78781203112
2014-02-21 00:00:00,79917.159,84157.58180481082,79021.31741319946
2014-02-21 01:00:00,77538.859,80430.08488263354,77099.81381863657
2014-02-21 02:00:00,76441.219,78491.38274643384,76747.82234132258
2014-02-21 03:00:00,76380.176,77787.65904760703,76882.62534882921
2014-02-21 04:00:00,77988.581,78430.6752783827,77792.14115819462
2014-02-21 05:00:00,83198.005,81415.44689742713,82613.16916029611
2014-02-21 06:00:00,92289.623,87995.60685754818,91833.58656288807
2014-02-21 07:00:00,97332.43,95652.42903658206,97429.03200066838
2014-02-21 08:00:00,98145.921,98794.41208806433,96972.44924767083
2014-02-21 09:00:00,98386.137,98574.92456732484,97712.63722490339
2014-02-21 10:00:00,98407.981,98073.51951568121,98207.10322753724
2014-02-21 11:00:00,97614.977,97420.60249993479,97849.26951830143
2014-02-21 12:00:00,96488.127,96145.84726550594,96439.44596761465
2014-02-21 13:00:00,95531.319,94795.02153193744,95191.03132132161
2014-02-21 14:00:00,94441.137,93620.08658364831,94353.50106647605
2014-02-21 15:00:00,93226.94,92556.1685698984,92885.34880730907
2014-02-21 16:00:00,92776.178,91885.9840811505,94022.97081180749
2014-02-21 17:00:00,94085.741,92507.40079166486,95735.23227925965
2014-02-21 18:00:00,98698.201,94702.34923123849,97050.05395596655
2014-02-21 19:00:00,99503.063,97767.13418984867,97987.5480381556
2014-02-21 20:00:00,98537.758,97617.09613764391,97890.38059212778
2014-02-21 21:00:00,95940.449,95689.47224908909,95020.2994146853
2014-02-21 22:00:00,91963.949,91939.61698086826,90919.60865235403
2014-02-21 23:00:00,87454.88,87270.87458185288,86290.12998981318
2014-02-22 00:00:00,83768.589,86087.939509461,82995.71823774783
2014-02-22 01:00:00,81552.153,82586.30117531102,81217.59890141549
2014-02-22 02:00:00,80636.196,80578.3772518512,79786.1091327466
2014-02-22 03:00:00,80431.161,79794.89530569316,80102.22804059445
2014-02-22 04:00:00,81362.991,79999.43770932939,81754.72422098921
2014-02-22 05:00:00,83751.766,81979.367514532,84340.34715932347
2014-02-22 06:00:00,87505.168,85993.30181948406,88524.53079093763
2014-02-22 07:00:00,90699.975,90034.4224944284,91696.76454360083
2014-02-22 08:00:00,92439.35,92717.25279712306,93172.45861131724
2014-02-22 09:00:00,91889.11,94025.69863207676,93807.53098416449
2014-02-22 10:00:00,90124.734,93487.48695861205,92288.93511211648
2014-02-22 11:00:00,87861.026,91831.99232342087,88787.48343426592
2014-02-22 12:00:00,85260.352,89673.55969457919,86402.64611480254
2014-02-22 13:00:00,82617.383,87314.59458063793,83982.62512192776
2014-02-22 14:00:00,80614.773,84932.9347971682,81356.5979025735
2014-02-22 15:00:00,79626.817,83072.37061683298,80176.78342360488
2014-02-22 16:00:00,80167.45,82268.80625438248,80607.8026954695
2014-02-22 17:00:00,82777.148,83279.60054264458,83930.67246596163
2014-02-22 18:00:00,88775.088,86675.94092445822,86632.6667700456
2014-02-22 19:00:00,90513.384,91025.5690550092,90526.7746019038
2014-02-22 20:00:00,89853.126,91774.55631547852,90166.01014625198
2014-02-22 21:00:00,88156.339,90382.73651127654,87863.89297126932
2014-02-22 22:00:00,85255.242,87819.4452362911,85319.45700927111
2014-02-22 23:00:00,81555.502,84213.99325913943,81815.78012448222
2014-02-23 00:00:00,78455.402,83061.20417105753,78236.85610354111
2014-02-23 01:00:00,76493.789,80080.41365974206,76795.35235464957
2014-02-23 02:00:00,75777.284,78292.8943941143,75845.29811897695
2014-02-23 03:00:00,75552.003,77641.69606373174,76025.66786551788
2014-02-23 04:00:00,76119.239,77674.06741299722,76200.65364689809
2014-02-23 05:00:00,77805.254,78681.52027546296,77254.84811360919
2014-02-23 06:00:00,80629.818,80903.0880366152,80723.5286695737
2014-02-23 07:00:00,83082.172,83726.62818031048,83063.20053935389
2014-02-23 08:00:00,85452.484,85962.97682518387,84926.70199001124
2014-02-23 09:00:00,86268.625,87366.71610392822,85946.39081953364
2014-02-23 10:00:00,85687.353,87200.29270804796,86462.63247381158
2014-02-23 11:00:00,84045.19,85906.14247050605,84643.81629901634
2014-02-23 12:00:00,82379.565,83803.62672704595,83104.18594516345
2014-02-23 13:00:00,81152.647,81737.27483964758,81280.13969235112
2014-02-23 14:00:00,80206.777,80223.65650331965,80054.89994159965
2014-02-23 15:00:00,80198.674,79274.20131386712,80101.57866680156
2014-02-23 16:00:00,81734.976,79509.40418383398,82401.0603426848
2014-02-23 17:00:00,85755.376,81592.4137061575,85840.76398767688
2014-02-23 18:00:00,92229.386,86320.69228806563,90353.94704904345
2014-02-23 19:00:00,94943.098,91267.52131097758,93383.00521534789
2014-02-23 20:00:00,94455.785,92795.05806744099,94140.18689309296
2014-02-23 21:00:00,91384.387,91679.71128052038,91774.22758093613
2014-02-23 22:00:00,87603.858,88425.35632070979,88071.08556078411
2014-02-23 23:00:00,83542.523,84446.69232160105,83893.56981180236
2014-02-24 00:00:00,80695.439,85866.15889761038,79853.81505414593
2014-02-24 01:00:00,79406.163,83270.42168820128,78610.42537712683
2014-02-24 02:00:00,79530.973,82116.43930254348,78803.18468458318
2014-02-24 03:00:00,80638.718,82190.00538660682,79953.72967255473
2014-02-24 04:00:00,83572.765,83314.71603334128,82698.8844206484
2014-02-24 05:00:00,90235.32,86272.23849105903,88708.23590498809
2014-02-24 06:00:00,100774.65,92355.27172191064,98962.21058051407
2014-02-24 07:00:00,105701.943,100664.92576652674,106655.3552755303
2014-02-24 08:00:00,104925.594,104584.92887393612,106340.00073269234
2014-02-24 09:00:00,103743.931,103986.32645463859,105173.6545564751
2014-02-24 10:00:00,102714.908,102656.94773735185,103617.92458208525
2014-02-24 11:00:00,101230.478,101159.47143149939,102671.96224136444
2014-02-24 12:00:00,100019.085,99295.13679807611,100836.4997346876
2014-02-24 13:00:00,98893.542,97795.35686495731,99570.99499248217
2014-02-24 14:00:00,97630.993,96454.76151145203,98496.10691274799
2014-02-24 15:00:00,97059.623,95356.56953386191,97758.97316636468
2014-02-24 16:00:00,98626.085,95350.01603728317,98754.6484323945
2014-02-24 17:00:00,102831.508,97789.88014139126,103168.01790757757
2014-02-24 18:00:00,109741.742,102793.48174504683,106270.50805887168
2014-02-24 19:00:00,111838.171,108180.0445658709,108829.34396938235
2014-02-24 20:00:00,110468.658,109253.23615387084,109290.19004249372
2014-02-24 21:00:00,106815.919,107030.49264343105,106431.9155619395
2014-02-24 22:00:00,101131.192,102869.70187460654,100377.79489377263
2014-02-24 23:00:00,95897.497,97182.66674551167,95548.98966305434
2014-02-25 00:00:00,92241.335,95065.29120050767,92211.34990674883
2014-02-25 01:00:00,90712.702,91873.32108371255,89569.39994911528
2014-02-25 02:00:00,90139.544,90629.10233725705,88962.74243905628
2014-02-25 03:00:00,90432.81,90382.20431988756,90929.51003845876
2014-02-25 04:00:00,92439.773,91356.4641617315,92529.27357955072
2014-02-25 05:00:00,98378.874,94796.15012892216,97195.44008181931
2014-02-25 06:00:00,108012.932,102110.67564899084,107209.65626896855
2014-02-25 07:00:00,111955.016,110363.87687093488,112681.2944582511
2014-02-25 08:00:00,111968.102,112810.52067015649,110935.16713291091
2014-02-25 09:00:00,111448.971,112077.26865365914,110212.67822366436
2014-02-25 10:00:00,110904.432,111003.79484071927,108816.95627435
2014-02-25 11:00:00,109570.298,109822.61126408854,108735.6952979138
2014-02-25 12:00:00,108152.573,108147.8364216979,107528.21556898994
2014-02-25 13:00:00,106838.778,106532.99005211383,106536.27891801154
2014-02-25 14:00:00,105266.646,104984.43524180188,105474.47413984123
2014-02-25 15:00:00,104692.532,103466.47210952615,105038.7271385918
2014-02-25 16:00:00,105544.269,103351.39803574194,105889.89451980845
2014-02-25 17:00:00,108743.771,105186.99369795245,110865.48871527443
2014-02-25 18:00:00,114561.094,109620.61040487669,112790.86525142922
2014-02-25 19:00:00,116489.229,114201.47554155775,114226.96076370377
2014-02-25 20:00:00,115217.313,115009.95063129207,114640.799032648
2014-02-25 21:00:00,111552.667,112803.48492967564,111674.45765834043
2014-02-25 22:00:00,105903.529,108264.20505650892,105166.80510238117
2014-02-25 23:00:00,100283.985,102421.91575109735,98930.32065032005
2014-02-26 00:00:00,96404.111,99881.77600259043,97187.58601771736
2014-02-26 01:00:00,94615.366,96511.83418228333,94061.71289447705
2014-02-26 02:00:00,94059.193,94926.67030199431,94543.6796051038
2014-02-26 03:00:00,94262.596,94523.38683247437,94447.52816139146
2014-02-26 04:00:00,96460.437,95219.06049639608,96852.54222506414
2014-02-26 05:00:00,102062.048,98617.21558263604,102172.02154294877
2014-02-26 06:00:00,111508.125,105611.92170587748,111384.90832058502
2014-02-26 07:00:00,116245.053,113385.82335581169,115921.0175643207
2014-02-26 08:00:00,116194.913,116439.42455982469,115834.18679212558
2014-02-26 09:00:00,115653.511,115979.55867280226,114592.93195137086
2014-02-26 10:00:00,114764.153,115142.91641239155,114603.02701625618
2014-02-26 11:00:00,112542.308,113805.12634954446,112526.0371629714
2014-02-26 12:00:00,110048.567,111517.26518477677,110077.82870732892
2014-02-26 13:00:00,108016.418,109100.48310140078,108354.79843373457
2014-02-26 14:00:00,106123.29,106963.9240268702,106846.83723995264
2014-02-26 15:00:00,105022.439,105203.76220775375,106343.14317701184
2014-02-26 16:00:00,106234.398,104560.04914267092,107739.09913896285
2014-02-26 17:00:00,110240.604,106306.87840320953,112288.98689504749
2014-02-26 18:00:00,117288.283,110975.98869859935,114440.00567020902
2014-02-26 19:00:00,120196.856,116344.96967828463,117236.81410885915
2014-02-26 20:00:00,119466.274,117842.12785772819,118403.29962597981
2014-02-26 21:00:00,116224.586,115996.47683486294,116170.93170549447
2014-02-26 22:00:00,110752.002,111695.98377250308,109492.09323429085
2014-02-26 23:00:00,105555.929,105831.443363547,104620.61785821075
2014-02-27 00:00:00,102337.673,103493.9353768846,101399.90953087142
2014-02-27 01:00:00,101003.776,100482.05859845567,100049.96418007564
2014-02-27 02:00:00,100713.426,99231.52772565692,99691.59167996899
2014-02-27 03:00:00,101465.008,98981.7519664471,101442.81227221951
2014-02-27 04:00:00,103889.126,100158.58818820256,104523.49968206488
2014-02-27 05:00:00,109629.53,103725.9518024915,108455.48792938319
2014-02-27 06:00:00,118674.239,110893.44334921965,117375.60111163477
2014-02-27 07:00:00,121501.604,118632.37140896279,122622.45097061782
2014-02-27 08:00:00,118780.02,120318.86491889994,121710.88663908647
2014-02-27 09:00:00,115884.88,117895.7630014526,119017.90514975255
2014-02-27 10:00:00,114039.179,115367.75079380284,115535.66831360548
2014-02-27 11:00:00,112116.147,113263.8021236324,112886.76009081234
2014-02-27 12:00:00,109878.032,111045.57532323973,110811.82107265049
2014-02-27 13:00:00,108502.085,108761.13658310036,109226.12376579664
2014-02-27 14:00:00,106488.932,107130.09201233755,107826.58490190642
2014-02-27 15:00:00,105781.388,105319.28172191198,106817.18513677876
2014-02-27 16:00:00,107100.475,105117.55658771728,108708.45014551099
2014-02-27 17:00:00,110874.428,107146.78928710031,113482.49065316327
2014-02-27 18:00:00,117817.794,111660.82073568595,115305.76780389828
2014-02-27 19:00:00,121099.723,117030.9863686958,117523.1770354424
2014-02-27 20:00:00,121116.96,118824.87939518891,120142.38473335694
2014-02-27 21:00:00,118649.369,117551.63694884184,119114.11194850822
2014-02-27 22:00:00,113789.415,113840.25804258938,113162.28426347487
2014-02-27 23:00:00,109086.437,108501.80680227547,108322.9170717153
2014-02-28 00:00:00,106290.931,106643.71456246983,103294.38061879251
2014-02-28 01:00:00,105626.491,104004.30223558546,104261.07898896019
2014-02-28 02:00:00,105832.561,103226.64493384378,104379.87037843147
2014-02-28 03:00:00,107462.743,103421.69108884165,106453.74544689809
2014-02-28 04:00:00,110145.707,105167.54813900581,111148.0376214471
2014-02-28 05:00:00,116193.018,108771.89504129045,115376.28550687716
2014-02-28 06:00:00,125124.007,115941.5228693015,122124.33892010375
2014-02-28 07:00:00,127830.413,123226.51995357026,128429.02421100582
2014-02-28 08:00:00,125160.394,124397.11604023771,126664.94204421551
2014-02-28 09:00:00,121846.156,121638.98219655578,123729.46353026839
2014-02-28 10:00:00,118841.384,118593.37954432602,119820.84764932009
2014-02-28 11:00:00,115699.474,115722.69514082422,118092.14335349348
2014-02-28 12:00:00,112032.549,112628.49515422982,113819.94897113332
2014-02-28 13:00:00,108948.506,109419.73973531483,109751.25178912113
2014-02-28 14:00:00,106281.207,106468.71453427064,106916.04111106785
2014-02-28 15:00:00,104505.881,104095.14320050617,105660.40717275953
2014-02-28 16:00:00,104936.817,102900.26702698588,106419.69931819207
2014-02-28 17:00:00,107916.724,104031.96640846987,110194.51025907065
2014-02-28 18:00:00,113862.943,108058.59180388352,111637.4672485239
2014-02-28 19:00:00,115860.977,112942.13019549639,113261.16790246245
2014-02-28 20:00:00,115199.856,114109.56896845403,113870.27289923478
2014-02-28 21:00:00,112768.65,112659.44709969495,112571.32743587997
2014-02-28 22:00:00,108580.693,109250.12206167531,107455.89742034097
2014-02-28 23:00:00,103624.782,104603.92772603265,102245.05919855583
2014-03-01 00:00:00,99780.189,103466.25417092677,99994.53180316093
2014-03-01 01:00:00,97685.486,100232.21972714791,97743.03346749183
2014-03-01 02:00:00,96696.059,98549.78066219002,97671.20099866277
2014-03-01 03:00:00,96313.454,98031.88990138039,98538.5451570755
2014-03-01 04:00:00,96839.337,98304.64850236895,98602.06723836262
2014-03-01 05:00:00,98797.657,100109.6664930491,100181.20842902284
2014-03-01 06:00:00,101852.511,103756.42259500471,103726.7071774975
2014-03-01 07:00:00,104128.667,106659.18705976306,106364.92669627043
2014-03-01 08:00:00,104918.797,107610.03196328157,104625.57091400417
2014-03-01 09:00:00,104089.337,107094.62588091777,105515.20288558044
2014-03-01 10:00:00,102182.392,105370.78611862914,102910.99883889308
2014-03-01 11:00:00,99546.203,102847.14744242522,101490.86374399053
2014-03-01 12:00:00,96344.413,99672.74776812462,98157.8862087722
2014-03-01 13:00:00,93230.841,96249.37804792536,94575.71613802739
2014-03-01 14:00:00,90842.369,93079.84844592871,91665.37597805755
2014-03-01 15:00:00,90378.135,90747.14626133052,88771.62217313734
2014-03-01 16:00:00,91373.218,90456.40511537188,90974.11857743129
2014-03-01 17:00:00,94049.944,92031.8215906593,94132.73127804007
2014-03-01 18:00:00,98929.372,95829.44488488874,98684.21818571341
2014-03-01 19:00:00,100306.688,99781.96595912446,99837.96800397342
2014-03-01 20:00:00,99027.145,100416.09089640222,100115.86538847009
2014-03-01 21:00:00,96804.905,98672.08640997295,97546.71610263882
2014-03-01 22:00:00,93412.265,95759.83895765098,94006.18010698778
2014-03-01 23:00:00,89258.841,91736.77015833283,90006.91525363456
2014-03-02 00:00:00,85847.969,90248.58430690154,88311.11971999153
2014-03-02 01:00:00,83771.188,87052.99142991836,84494.59343517863
2014-03-02 02:00:00,82996.761,85170.40482288295,82921.10139854086
2014-03-02 03:00:00,82454.901,84407.53256034701,82804.94033067503
2014-03-02 04:00:00,82917.317,84089.69023189922,83345.04748499469
2014-03-02 05:00:00,84517.382,84968.17128074638,84862.9351372962
2014-03-02 06:00:00,87027.697,86960.19341078118,86348.81364989163
2014-03-02 07:00:00,89524.081,89369.20138461773,89600.50360677125
2014-03-02 08:00:00,92490.5,91408.17151522174,91969.2877427299
2014-03-02 09:00:00,94100.693,93231.77323314289,93609.79474619491
2014-03-02 10:00:00,94308.781,93677.24891753512,94253.02968709331
2014-03-02 11:00:00,93398.445,92870.47197615841,93744.56361472668
2014-03-02 12:00:00,92817.198,91147.8114660797,92337.27501796704
2014-03-02 13:00:00,92574.593,89723.301251227,92042.58258449809
2014-03-02 14:00:00,92446.81,88747.0497618546,91603.30074917545
2014-03-02 15:00:00,92877.064,88411.70702750923,92207.23134701002
2014-03-02 16:00:00,94975.179,88981.05704779425,95452.88718283389
2014-03-02 17:00:00,98514.868,91407.53867765989,99843.07996769245
2014-03-02 18:00:00,103462.132,95606.35758206144,102809.93475818692
2014-03-02 19:00:00,104907.289,99570.02230455056,104115.25066454984
2014-03-02 20:00:00,103543.71,100127.39323375073,105136.86767672606
2014-03-02 21:00:00,100557.03,98236.1786307,102234.71951817122
2014-03-02 22:00:00,96646.083,94881.871232718,97296.41480218839
2014-03-02 23:00:00,93156.607,90643.16309045303,92715.64094319959
2014-03-03 00:00:00,90667.313,92371.69698886841,90220.71158131213
2014-03-03 01:00:00,89406.285,89921.67990080133,88970.40245099146
2014-03-03 02:00:00,89580.933,88764.7992531386,88888.4705607381
2014-03-03 03:00:00,90847.547,88786.8709731863,90542.82324768904
2014-03-03 04:00:00,94200.523,90012.8076059602,93565.61840990439
2014-03-03 05:00:00,100198.494,93370.14730592462,99430.82541332058
2014-03-03 06:00:00,108486.241,99207.54279679347,108276.63509826655
2014-03-03 07:00:00,114034.746,106017.7611417406,113279.97747503668
2014-03-03 08:00:00,117365.91,110365.93430365462,114119.16599596172
2014-03-03 09:00:00,119282.745,112755.61186731955,116738.49360242911
2014-03-03 10:00:00,120490.736,113814.05871331473,118408.62244604099
2014-03-03 11:00:00,120609.841,114098.03656977834,119302.05329676125
2014-03-03 12:00:00,119893.285,113721.88657403525,119199.02304577702
2014-03-03 13:00:00,118511.798,112865.56411096118,119230.64663135904
2014-03-03 14:00:00,116563.447,111562.68472835356,118410.73605258184
2014-03-03 15:00:00,115461.666,110089.42051582325,116725.73547618007
2014-03-03 16:00:00,115865.857,109846.76821617561,117383.22790509455
2014-03-03 17:00:00,118297.936,111291.69974388165,120909.59391262186
2014-03-03 18:00:00,124074.152,114793.58062050203,119917.06505459208
2014-03-03 19:00:00,126638.86,119349.13560116314,123209.881139966
2014-03-03 20:00:00,125357.95,120649.0134990822,125206.91099192241
2014-03-03 21:00:00,122080.811,118593.48774084596,121900.16492261618
2014-03-03 22:00:00,117034.359,114682.6859625313,115379.11414703933
2014-03-03 23:00:00,112691.387,109669.71600826902,109782.83818302196
2014-03-04 00:00:00,109765.836,108290.22944314325,110180.86493047017
2014-03-04 01:00:00,108661.771,105652.94999315361,108235.7251201235
2014-03-04 02:00:00,108655.026,104739.54813760213,107422.55766523586
2014-03-04 03:00:00,109203.228,104921.97686277356,109944.7159388311
2014-03-04 04:00:00,111327.486,106158.24639499473,112584.34687719421
2014-03-04 05:00:00,116205.451,109515.36727722237,115107.51327273829
2014-03-04 06:00:00,122781.852,115767.47216533146,122488.98901272753
2014-03-04 07:00:00,125717.345,121927.37104108161,125885.8661313795
2014-03-04 08:00:00,124762.976,124581.67348522376,126052.72352053232
2014-03-04 09:00:00,122512.225,124100.01319411301,123820.05243492295
2014-03-04 10:00:00,119461.842,122483.20823399506,122575.74941558442
2014-03-04 11:00:00,115850.601,120011.8703366596,119027.80350614041
2014-03-04 12:00:00,112594.121,116931.04600375069,114922.72327253543
2014-03-04 13:00:00,110200.011,113984.33110356469,110585.33451975975
2014-03-04 14:00:00,108098.164,111482.31289583987,109449.76869878932
2014-03-04 15:00:00,106337.043,109489.84190053026,109465.28983700088
2014-03-04 16:00:00,107097.302,108255.45374074693,109798.3595043662
2014-03-04 17:00:00,110438.612,109368.2179563777,112923.4769712254
2014-03-04 18:00:00,116703.506,113527.50116584857,112768.98586282812
2014-03-04 19:00:00,118639.35,118766.17936972105,116328.42111418655
2014-03-04 20:00:00,117269.361,119600.15041147874,118422.79744323579
2014-03-04 21:00:00,113607.923,117402.50525753584,114417.24715127554
2014-03-04 22:00:00,107764.04,112966.37952409015,108150.55691857603
2014-03-04 23:00:00,102153.594,107163.84806702314,102244.80828706027
2014-03-05 00:00:00,98663.59,104781.28994703875,98125.34243969472
2014-03-05 01:00:00,96817.005,101776.31528952131,96597.54759798857
2014-03-05 02:00:00,96425.158,100294.21265501333,97661.01468217131
2014-03-05 03:00:00,97166.467,100035.00511405301,98127.2814795338
2014-03-05 04:00:00,99735.271,101143.41635453507,99973.7677392949
2014-03-05 05:00:00,105333.814,104521.8205892636,106179.94580341758
2014-03-05 06:00:00,113958.933,110838.43873879944,114566.72616820392
2014-03-05 07:00:00,117044.767,117902.77343567349,118707.32685114729
2014-03-05 08:00:00,114662.243,119654.39740617535,116554.27983989572
2014-03-05 09:00:00,111264.759,117216.97609501246,113115.42978509072
2014-03-05 10:00:00,108574.114,113829.53592495032,109670.0243987677
2014-03-05 11:00:00,106121.726,110689.19969538848,107390.73260961773
2014-03-05 12:00:00,104116.394,107775.63144483487,105794.50286055132
2014-03-05 13:00:00,102447.932,105431.48408359692,103196.2351639771
2014-03-05 14:00:00,100908.077,103431.16687407054,102177.87439917483
2014-03-05 15:00:00,100489.369,101685.30676769305,101544.68902932174
2014-03-05 16:00:00,101752.06,101577.92636440018,103645.39995442925
2014-03-05 17:00:00,104772.12,103565.50994080488,107935.53148986165
2014-03-05 18:00:00,110969.96,107782.34150121195,110355.75170189163
2014-03-05 19:00:00,113843.318,112765.2689692998,111151.79317195484
2014-03-05 20:00:00,113206.365,114265.54737948925,113327.31157132375
2014-03-05 21:00:00,110413.79,112534.64755094505,111033.41032651886
2014-03-05 22:00:00,104935.953,108558.48351339612,104297.21852784674
2014-03-05 23:00:00,99800.457,102770.1577780362,99375.18902403057
2014-03-06 00:00:00,96282.141,100688.02116021172,95276.00031476506
2014-03-06 01:00:00,94902.339,97555.53427034456,94416.43241422172
2014-03-06 02:00:00,94811.575,96348.43718407578,94615.25254892826
2014-03-06 03:00:00,95468.114,96417.30293716732,96238.98977398768
2014-03-06 04:00:00,97993.251,97618.0395204741,98580.55505344759
2014-03-06 05:00:00,104087.731,101178.67876407133,104039.8569609403
2014-03-06 06:00:00,113363.932,108280.59610783335,112231.22302847066
2014-03-06 07:00:00,116903.955,115645.59144932628,117013.41127155653
2014-03-06 08:00:00,115359.139,117120.31663098038,115816.74243079507
2014-03-06 09:00:00,112659.991,114735.53205100776,112479.51032819276
2014-03-06 10:00:00,109797.134,111754.44450627755,109755.9249765922
2014-03-06 11:00:00,107174.542,108753.24054240569,107367.73072810455
2014-03-06 12:00:00,104675.887,105961.94698391747,105470.96333516731
2014-03-06 13:00:00,102847.753,103457.13089411576,103430.36737233617
2014-03-06 14:00:00,101510.72,101406.29284508785,102586.9782630443
2014-03-06 15:00:00,100891.874,100116.85508462737,101743.55264837749
2014-03-06 16:00:00,102339.629,99956.4403613165,103068.59764370252
2014-03-06 17:00:00,105687.937,101948.74630613845,107434.79385658486
2014-03-06 18:00:00,111027.852,106396.83418847181,109983.5119349745
2014-03-06 19:00:00,113588.287,111116.09682895176,110337.42400982625
2014-03-06 20:00:00,112665.083,112674.60101678863,112624.07321621073
2014-03-06 21:00:00,109409.909,111039.57498989088,109568.40104363854
2014-03-06 22:00:00,103571.72,106895.82860082439,102866.60148906853
2014-03-06 23:00:00,97714.68,101016.13744933986,97454.75764186315
2014-03-07 00:00:00,94328.016,98474.76907390749,93221.97366284163
2014-03-07 01:00:00,92010.408,95622.52518823427,91070.06597167427
2014-03-07 02:00:00,91198.497,93910.58993340263,89744.62449460635
2014-03-07 03:00:00,91382.354,93583.69386751633,90919.96653141333
2014-03-07 04:00:00,93563.178,94477.6976087626,93453.56928213155
2014-03-07 05:00:00,99017.598,97951.05106279714,98059.70760157437
2014-03-07 06:00:00,107625.154,104745.74511598184,108233.71473356233
2014-03-07 07:00:00,111111.294,111733.511380416,114051.54847619246
2014-03-07 08:00:00,110265.362,113300.36770685528,110198.3078826182
2014-03-07 09:00:00,108285.164,111378.42887912811,108760.41213272867
2014-03-07 10:00:00,105971.943,108642.32180982718,107374.15425252612
2014-03-07 11:00:00,103348.974,105779.3682356148,104710.51762112175
2014-03-07 12:00:00,100851.835,102696.57056505827,102339.97005831287
2014-03-07 13:00:00,98985.718,99976.63897573322,100704.86521886017
2014-03-07 14:00:00,97201.46,97878.99985133891,98564.76971500952
2014-03-07 15:00:00,95722.515,96108.40259514243,96753.81564014891
2014-03-07 16:00:00,95345.915,95299.3719749951,98114.19097359275
2014-03-07 17:00:00,96871.993,96026.5055618983,99297.65678621602
2014-03-07 18:00:00,100598.467,98913.4299303497,101143.82088496094
2014-03-07 19:00:00,102522.086,102297.5517426081,100962.38774153154
2014-03-07 20:00:00,101307.268,103275.49001620716,102191.94652379643
2014-03-07 21:00:00,98613.898,101323.92716417131,98846.66438774923
2014-03-07 22:00:00,94381.991,97551.6269718614,94051.63861029437
2014-03-07 23:00:00,89637.595,92594.61247781923,90199.39182660815
2014-03-08 00:00:00,85959.937,91447.55803357647,86546.81671162613
2014-03-08 01:00:00,84062.132,88010.9495803594,83534.7624347918
2014-03-08 02:00:00,83422.77,86274.94755043426,82297.67370525347
2014-03-08 03:00:00,83458.237,85716.29182737415,82787.59328288224
2014-03-08 04:00:00,84581.878,86184.2823570306,84346.44911761269
2014-03-08 05:00:00,87231.516,88304.84047235239,87690.14050886212
2014-03-08 06:00:00,90584.568,92331.04554147481,92038.71270558017
2014-03-08 07:00:00,92611.497,95584.86600124637,94734.40468350961
2014-03-08 08:00:00,93268.439,96731.68659082017,94272.57733129435
2014-03-08 09:00:00,92412.468,96450.28463408921,93913.46245754267
2014-03-08 10:00:00,91079.648,94925.34421061224,92626.48694160285
2014-03-08 11:00:00,88813.171,92941.46862025015,89623.05746475545
2014-03-08 12:00:00,86270.335,90272.01058115461,87362.1271703974
2014-03-08 13:00:00,83898.832,87572.32545512714,84672.56560106613
2014-03-08 14:00:00,82126.799,85124.81372321516,82912.93905280254
2014-03-08 15:00:00,81474.934,83375.44276185248,81759.86404773057
2014-03-08 16:00:00,82083.486,82832.07799887858,82880.64403911935
2014-03-08 17:00:00,84072.18,83844.94750716795,86350.02717918633
2014-03-08 18:00:00,88708.481,86516.6246621254,88020.3542159287
2014-03-08 19:00:00,90903.768,90239.50244356887,90508.2285238797
2014-03-08 20:00:00,89952.303,91233.56990009884,91720.74476074302
2014-03-08 21:00:00,87948.567,89604.71875113994,88533.19861002605
2014-03-08 22:00:00,84578.266,86769.36603121499,85087.87923522157
2014-03-08 23:00:00,80597.778,82763.6805718673,81699.76883436354
2014-03-09 00:00:00,77344.613,81415.8022250679,77526.45389297928
2014-03-09 01:00:00,75060.968,78364.23119437262,75871.83076368959
2014-03-09 03:00:00,74561.084,76283.62477884021,75153.83854777839
2014-03-09 04:00:00,74878.541,75784.54878338789,74724.59195593008
2014-03-09 05:00:00,76124.274,76201.06454417038,76161.30371525904
2014-03-09 06:00:00,78655.69,77741.47670777525,77717.49022330642
2014-03-09 07:00:00,82061.763,80422.46485976219,80879.4257139126
2014-03-09 08:00:00,84381.585,83416.74024950035,84641.15139815692
2014-03-09 09:00:00,85856.336,85344.03045350433,85710.32267180033
2014-03-09 10:00:00,86222.022,86114.99707209549,86480.58566541586
2014-03-09 11:00:00,85466.786,85815.34663444773,85555.90146292855
2014-03-09 12:00:00,84825.31,84456.1796129739,84538.56849204405
2014-03-09 13:00:00,83142.723,83140.79202292606,83405.36384128143
2014-03-09 14:00:00,81489.93,81191.50475077829,82081.00040667341
2014-03-09 15:00:00,80354.446,79431.46201207336,81326.84573937519
2014-03-09 16:00:00,80132.019,78358.56242089825,82616.20156836664
2014-03-09 17:00:00,81732.032,78413.19017599693,83822.9022952732
2014-03-09 18:00:00,84721.345,80257.18706443618,85331.7133643
2014-03-09 19:00:00,91194.863,83843.72147497493,87253.67233492296
2014-03-09 20:00:00,94943.048,88929.12772680016,92122.47662351989
2014-03-09 21:00:00,92767.936,91058.69031217016,92285.25864177641
2014-03-09 22:00:00,89069.443,88620.69846352475,89043.83643608491
2014-03-09 23:00:00,84283.97,84688.3259181872,84252.29398506586
2014-03-10 00:00:00,80966.562,85275.71108847357,80622.78188829757
2014-03-10 01:00:00,79041.334,81814.67920453449,78622.43620716863
2014-03-10 02:00:00,78556.684,79677.33532615085,78242.3341746783
2014-03-10 03:00:00,78887.359,79120.1330031514,78708.50480857278
2014-03-10 04:00:00,81041.388,79443.30969908826,80648.74372953187
2014-03-10 05:00:00,86503.909,81473.7114249993,85928.78328720777
2014-03-10 06:00:00,96316.869,86396.71180491624,94571.4454915315
2014-03-10 07:00:00,102543.974,94824.85047861155,101472.29946700284
2014-03-10 08:00:00,102258.067,100200.62956030734,102644.06014036028
2014-03-10 09:00:00,100199.876,100597.18144714751,101819.33349764181
2014-03-10 10:00:00,98426.091,99293.18526682802,99577.88842407076
2014-03-10 11:00:00,97023.832,97812.04604859122,97858.14311048923
2014-03-10 12:00:00,95103.283,96525.70952255352,96155.3285175439
2014-03-10 13:00:00,92786.697,94521.11343452678,94403.02948859718
2014-03-10 14:00:00,90406.774,92200.92290752043,92724.79090577258
2014-03-10 15:00:00,88343.187,89881.71615872829,90175.67187336864
2014-03-10 16:00:00,87091.681,87862.99397207751,89200.38379013777
2014-03-10 17:00:00,87135.404,87268.53613765462,88657.23438060927
2014-03-10 18:00:00,88276.878,88210.5858666911,89292.80523967357
2014-03-10 19:00:00,92892.578,91059.75008721172,90554.32275866086
2014-03-10 20:00:00,95488.942,95590.62049353372,93639.95250144352
2014-03-10 21:00:00,92457.744,96712.05574104814,92511.5930301175
2014-03-10 22:00:00,87063.311,93321.43360007435,87488.52517696889
2014-03-10 23:00:00,81348.497,87840.57163554593,80745.31889610908
2014-03-11 00:00:00,76762.583,85298.37099398249,76490.57154229192
2014-03-11 01:00:00,74283.236,81255.31705340766,74375.10488578073
2014-03-11 02:00:00,73127.039,79204.94202553955,73166.59659898946
2014-03-11 03:00:00,72919.707,78394.60582373319,72577.15440888077
2014-03-11 04:00:00,74700.914,78725.43102068666,73487.05403991044
2014-03-11 05:00:00,79921.849,81361.71861185327,79590.90053887264
2014-03-11 06:00:00,89233.029,87694.7876311712,89042.13026426848
2014-03-11 07:00:00,95603.399,96232.37735744906,93451.09779135206
2014-03-11 08:00:00,95259.639,100807.56426063666,95492.62720785759
2014-03-11 09:00:00,93881.62,99814.33920417327,94681.00883899404
2014-03-11 10:00:00,92202.996,97952.69873097943,94056.84669559127
2014-03-11 11:00:00,90196.885,95854.2146228449,91554.89081008981
2014-03-11 12:00:00,88716.482,93396.22288447726,89113.70967004083
2014-03-11 13:00:00,87732.788,91196.89864929282,88343.15290791343
2014-03-11 14:00:00,86664.68,89529.23112934965,87160.18257612477
2014-03-11 15:00:00,85667.387,87916.74567816252,86084.57737015987
2014-03-11 16:00:00,85343.912,86610.27810937539,86081.73750106001
2014-03-11 17:00:00,85786.549,86369.26981605677,86532.61235473142
2014-03-11 18:00:00,86430.644,87250.45009181483,87622.98210553183
2014-03-11 19:00:00,90503.426,89487.1685153068,88154.74775942026
2014-03-11 20:00:00,92667.722,93130.4259212247,90854.343392791
2014-03-11 21:00:00,89750.727,93738.89959991815,89827.41059456299
2014-03-11 22:00:00,83716.622,89994.52141217231,84888.52203545968
2014-03-11 23:00:00,77807.791,83770.7246258635,78080.06108497713
2014-03-12 00:00:00,73628.925,80658.97512232157,73388.95290755166
2014-03-12 01:00:00,71230.331,76718.36956497963,70860.87829603904
2014-03-12 02:00:00,70301.563,74491.48944175518,70488.73274666056
2014-03-12 03:00:00,70484.129,73671.77245554932,70562.29304950475
2014-03-12 04:00:00,72167.281,74212.92820445713,71944.87062130384
2014-03-12 05:00:00,77419.87,76795.32135128837,77066.35676468226
2014-03-12 06:00:00,86855.232,83141.02220280655,85660.49927245408
2014-03-12 07:00:00,93444.972,92043.0354953509,91657.63672353992
2014-03-12 08:00:00,93756.375,96797.35693258539,94224.63370635413
2014-03-12 09:00:00,93815.417,96336.39394541577,94497.81632905075
2014-03-12 10:00:00,93742.322,95503.64697116456,94280.34872005341
2014-03-12 11:00:00,93906.289,94589.74576772453,93149.34706842797
2014-03-12 12:00:00,93630.168,93981.57268909397,93594.92857443995
2014-03-12 13:00:00,93579.712,93259.40439890257,93201.80391776802
2014-03-12 14:00:00,93243.298,92727.26674345373,92652.71273177423
2014-03-12 15:00:00,93069.434,92018.16753649706,92568.02473395916
2014-03-12 16:00:00,93882.876,91710.27210478409,95215.37496482006
2014-03-12 17:00:00,95542.342,92447.65900148681,97701.53909347602
2014-03-12 18:00:00,97142.604,94085.48744962059,98819.46990292399
2014-03-12 19:00:00,100125.835,96765.52630821563,97316.4532749773
2014-03-12 20:00:00,101763.768,99616.58324425499,100115.57748592235
2014-03-12 21:00:00,99535.914,99961.4881550915,99117.2986917414
2014-03-12 22:00:00,95153.042,96658.52251223927,94881.48131634416
2014-03-12 23:00:00,90997.697,91608.37062783536,90258.01288564515
2014-03-13 00:00:00,88146.728,89882.83792386974,87735.55841983178
2014-03-13 01:00:00,87216.619,86902.64030995991,86337.22596600022
2014-03-13 02:00:00,87664.135,85822.42370788094,85975.85989856457
2014-03-13 03:00:00,88991.331,86084.45381753505,87426.78123188078
2014-03-13 04:00:00,92152.167,87392.33964514453,91064.12097185609
2014-03-13 05:00:00,98505.335,91010.34814616978,96712.73700047765
2014-03-13 06:00:00,109218.849,98170.95579641448,105943.04222157433
2014-03-13 07:00:00,116126.405,108092.75419364653,113352.5736919902
2014-03-13 08:00:00,115961.765,113277.16854877023,115353.03392573056
2014-03-13 09:00:00,114756.454,112874.05765196097,114658.80427070669
2014-03-13 10:00:00,113456.711,111498.3360285523,113276.07978938457
2014-03-13 11:00:00,111428.825,110062.47233989582,111288.446555531
2014-03-13 12:00:00,109190.513,108092.27709549177,108750.20819068083
2014-03-13 13:00:00,107304.636,106042.53870484368,106955.47367039617
2014-03-13 14:00:00,105101.758,104263.8786480228,105676.66284974552
2014-03-13 15:00:00,102870.721,102358.30907859979,104626.48474167
2014-03-13 16:00:00,101744.833,100735.20343358484,104598.24966518875
2014-03-13 17:00:00,102060.478,100309.8604586626,106357.7786931717
2014-03-13 18:00:00,103803.693,101090.22540797826,105044.30895925655
2014-03-13 19:00:00,109463.055,103441.2060706001,103076.24232814458
2014-03-13 20:00:00,112434.528,107907.8730524545,107779.30123138375
2014-03-13 21:00:00,109924.991,109247.8247553095,109313.44212275963
2014-03-13 22:00:00,104421.56,106009.34199060878,103577.2191340266
2014-03-13 23:00:00,98414.997,100421.63841227588,98275.66306960075
2014-03-14 00:00:00,94336.269,97532.55566093283,92725.10328815044
2014-03-14 01:00:00,92071.807,93953.87058849438,90893.08428270234
2014-03-14 02:00:00,91060.991,92066.76689282991,89166.43187252434
2014-03-14 03:00:00,91255.232,91421.80585670879,90734.02061407486
2014-03-14 04:00:00,92872.256,92145.72662988184,92352.78489866947
2014-03-14 05:00:00,97785.13,94798.45683358941,98106.68750104406
2014-03-14 06:00:00,106613.994,101105.16146733418,106707.76349193472
2014-03-14 07:00:00,111778.796,109623.32214136585,112168.69272756237
2014-03-14 08:00:00,110554.066,113399.92596566044,109912.3185846371
2014-03-14 09:00:00,107856.386,111960.14654068669,109348.75777222821
2014-03-14 10:00:00,105395.518,109286.54622787837,107826.6841235802
2014-03-14 11:00:00,101858.519,106531.69540576931,104837.4469994125
2014-03-14 12:00:00,98264.39,103003.54019034484,102163.5784864618
2014-03-14 13:00:00,94844.338,99520.52634870746,99018.99364480935
2014-03-14 14:00:00,91717.609,96198.1678328232,94452.50426072914
2014-03-14 15:00:00,89536.591,92824.42250062522,90645.47917710237
2014-03-14 16:00:00,88667.599,90702.21149945038,89595.2181499862
2014-03-14 17:00:00,88689.021,89974.88457524296,89921.7034288517
2014-03-14 18:00:00,89330.786,90473.80873253183,90073.92404470865
2014-03-14 19:00:00,92911.383,92554.10544284534,91281.15100520171
2014-03-14 20:00:00,94686.683,96119.77560075838,93631.36403807717
2014-03-14 21:00:00,92468.024,96556.98895085853,92765.24799549856
2014-03-14 22:00:00,88186.004,93359.03730368402,88901.49988729462
2014-03-14 23:00:00,82718.37,88481.78024203813,83926.58090061166
2014-03-15 00:00:00,78016.571,86621.11188101089,79221.96648755186
2014-03-15 01:00:00,75346.302,82357.55142714242,76050.63415939693
2014-03-15 02:00:00,73741.222,79952.5857605963,74174.6720606887
2014-03-15 03:00:00,72967.532,78701.19585617355,73196.3504351601
2014-03-15 04:00:00,73148.631,78419.43809134481,73214.33244482831
2014-03-15 05:00:00,75009.405,79679.29445105948,75374.08287048562
2014-03-15 06:00:00,78453.83,83190.39833316118,78397.37225628433
2014-03-15 07:00:00,82264.307,87003.67432517413,81850.81728496766
2014-03-15 08:00:00,85073.988,89453.01926542877,85062.14460503419
2014-03-15 09:00:00,86381.089,90674.04134329704,86394.41160633387
2014-03-15 10:00:00,86206.337,90705.8117165744,86616.05580200857
2014-03-15 11:00:00,84669.762,89403.91301800375,85015.06921667799
2014-03-15 12:00:00,82573.484,87074.28043561848,82962.14815688705
2014-03-15 13:00:00,80498.281,84363.80037163425,81126.87130862013
2014-03-15 14:00:00,78322.414,81754.97382360464,79219.21390699697
2014-03-15 15:00:00,77019.703,79376.93148327491,77932.46273928953
2014-03-15 16:00:00,76740.637,78038.83461049103,77470.80277427741
2014-03-15 17:00:00,76983.138,77773.90076773966,78738.12261765375
2014-03-15 18:00:00,77856.625,78219.49925695919,79479.70940748417
2014-03-15 19:00:00,81711.729,80070.94669662195,80195.95174657223
2014-03-15 20:00:00,85008.391,83346.49902279774,83517.53801558458
2014-03-15 21:00:00,83863.234,84964.90252778408,84112.5267526111
2014-03-15 22:00:00,81270.213,82891.55275676004,81395.41408816264
2014-03-15 23:00:00,77638.762,79409.28042274922,78464.20084518976
2014-03-16 00:00:00,74677.761,78019.78871249367,74382.7784619459
2014-03-16 01:00:00,72775.359,74901.39301568229,72190.50712718003
2014-03-16 02:00:00,72400.82,72866.10838224374,71678.05056653198
2014-03-16 03:00:00,72707.009,72277.69749461212,72013.86101305675
2014-03-16 04:00:00,73779.27,72491.25060453349,73461.25192063075
2014-03-16 05:00:00,75966.141,73741.3111809527,75860.12742445261
2014-03-16 06:00:00,79217.82,76271.93132832496,78555.31956422275
2014-03-16 07:00:00,82949.709,79690.2385435205,81294.0539159225
2014-03-16 08:00:00,85972.406,83096.70181593805,84708.11583735794
2014-03-16 09:00:00,88218.569,85538.20074250712,86504.565192402
2014-03-16 10:00:00,88885.448,86966.37694886244,87994.96922730232
2014-03-16 11:00:00,88875.119,86820.13597088114,88192.31286129364
2014-03-16 12:00:00,89008.997,86094.3020322791,88040.66280218196
2014-03-16 13:00:00,88923.66,85364.79198009815,88060.94186142931
2014-03-16 14:00:00,88793.27,84464.45044603187,88090.37007235727
2014-03-16 15:00:00,89405.944,83796.65864266164,88516.1102006665
2014-03-16 16:00:00,90961.5,83993.42810471752,91638.76034593304
2014-03-16 17:00:00,93369.771,85179.36829620473,94776.90942772357
2014-03-16 18:00:00,95931.966,87301.67284523387,96894.60425705201
2014-03-16 19:00:00,100672.902,90600.07333010487,97293.22459192811
2014-03-16 20:00:00,102915.55,94995.308270306,101032.47473699265
2014-03-16 21:00:00,100732.304,95962.8179312197,101487.46298456076
2014-03-16 22:00:00,96950.756,93356.41859068027,97649.71103477589
2014-03-16 23:00:00,92571.049,89286.34396683039,92930.99757086285
2014-03-17 00:00:00,89562.376,90450.66356599929,89770.33997814705
2014-03-17 01:00:00,88146.468,87619.83878316739,87886.64186574591
2014-03-17 02:00:00,88064.837,86394.67641901955,88047.07407631756
2014-03-17 03:00:00,88428.266,86343.42509973692,88395.53607877146
2014-03-17 04:00:00,90977.211,86987.08099745627,91413.96700068681
2014-03-17 05:00:00,96289.265,89783.99587623504,97098.68743934053
2014-03-17 06:00:00,104950.906,95222.02435675773,104939.43710665574
2014-03-17 07:00:00,111082.071,102709.03993564991,109738.68439243746
2014-03-17 08:00:00,112281.721,107541.40725091829,110425.79713585252
2014-03-17 09:00:00,112642.216,108502.53922321546,110884.4283627751
2014-03-17 10:00:00,112510.017,108487.09536929658,110790.65335106937
2014-03-17 11:00:00,111373.289,107953.23187232327,110372.00277875546
2014-03-17 12:00:00,109533.117,106750.59349852585,108740.47683236696
2014-03-17 13:00:00,107710.79,104966.83644958449,107296.8901967424
2014-03-17 14:00:00,105325.843,103192.92862190933,106928.37909407516
2014-03-17 15:00:00,103703.518,101254.67712032115,104461.4768362931
2014-03-17 16:00:00,103727.418,100157.08323575195,103121.8041084985
2014-03-17 17:00:00,104542.391,100562.05237075577,105279.89883868312
2014-03-17 18:00:00,105314.955,101700.82583346519,105832.40372482516
2014-03-17 19:00:00,108272.677,103727.6129022653,104952.73955657295
2014-03-17 20:00:00,109792.437,106539.31316960248,106846.139925914
2014-03-17 21:00:00,106319.214,106670.52983992084,105384.80193598924
2014-03-17 22:00:00,100624.531,102685.33911539786,99057.42165275075
2014-03-17 23:00:00,94610.472,96974.25477243614,94763.87059104418
2014-03-18 00:00:00,90307.148,94217.86706780503,89450.1953173012
2014-03-18 01:00:00,88209.797,90494.16903247638,87115.97930390925
2014-03-18 02:00:00,87152.039,88742.92232261869,86784.75205915724
2014-03-18 03:00:00,87358.718,87924.01365308563,87713.8582747184
2014-03-18 04:00:00,89142.465,88724.30249246731,89467.30172260215
2014-03-18 05:00:00,94390.685,91624.7208052828,93853.2506854589
2014-03-18 06:00:00,103753.776,98171.302171094,103840.01515772061
2014-03-18 07:00:00,109451.378,106667.58951901805,108122.42706908293
2014-03-18 08:00:00,109123.311,110727.11760712511,107963.93930888128
2014-03-18 09:00:00,107343.503,110181.39564231366,106708.74877518647
2014-03-18 10:00:00,105339.68,108415.16428005346,105360.92002128501
2014-03-18 11:00:00,102868.266,106184.15686873216,103659.48533733653
2014-03-18 12:00:00,100140.611,103610.61295383504,101727.06710484276
2014-03-18 13:00:00,97876.783,100918.73254907277,99433.3982315758
2014-03-18 14:00:00,95828.476,98446.39361263141,97424.86357605245
2014-03-18 15:00:00,94116.679,96319.79546255295,95961.0208030962
2014-03-18 16:00:00,93490.28,94901.66170905794,95536.28602952536
2014-03-18 17:00:00,94294.397,94522.30018574923,95552.50082418507
2014-03-18 18:00:00,95042.403,95221.48865872157,96789.79109608989
2014-03-18 19:00:00,99061.504,96775.48884208736,95805.58644628793
2014-03-18 20:00:00,101851.662,100110.55442582292,98705.86043909549
2014-03-18 21:00:00,99187.256,100838.47414733126,98648.41104740906
2014-03-18 22:00:00,93395.266,96886.18991263231,93394.06405650488
2014-03-18 23:00:00,87627.678,90684.33606889927,87263.37006983752
2014-03-19 00:00:00,83332.171,87819.47349267013,83492.93360214519
2014-03-19 01:00:00,80928.484,83943.38558024247,81662.58188941637
2014-03-19 02:00:00,79826.287,81778.13171823916,79148.2946512997
2014-03-19 03:00:00,79883.49,80915.49059912578,78788.49926197152
2014-03-19 04:00:00,81682.379,81390.47984484996,80053.67850028432
2014-03-19 05:00:00,86873.303,84256.34242598346,85718.0259016002
2014-03-19 06:00:00,96372.721,90888.04979252123,94709.46125547269
2014-03-19 07:00:00,101913.931,99373.50877165553,100550.83131331172
2014-03-19 08:00:00,101918.39,103014.11611218823,101487.35295038763
2014-03-19 09:00:00,101218.463,102432.1121002382,101061.73590169866
2014-03-19 10:00:00,100410.584,101284.63484809129,100124.40965962109
2014-03-19 11:00:00,99564.777,99963.08051036169,99509.87001133083
2014-03-19 12:00:00,98560.048,98553.09106397645,98018.96024428029
2014-03-19 13:00:00,97760.674,97176.18874104631,97175.56896901791
2014-03-19 14:00:00,96631.046,95991.36326654957,96156.50417740518
2014-03-19 15:00:00,95788.012,94665.88759675405,95010.76930790282
2014-03-19 16:00:00,96210.674,93914.17593840185,96646.685213221
2014-03-19 17:00:00,96980.519,94465.9347320543,98249.78378942668
2014-03-19 18:00:00,97704.672,95289.64781381712,98786.23474910582
2014-03-19 19:00:00,99933.665,96948.81417635454,98238.2296569935
2014-03-19 20:00:00,100513.233,99232.60213794786,99985.26495569643
2014-03-19 21:00:00,97114.22,98676.09490289826,97129.29925816678
2014-03-19 22:00:00,91125.04,94412.21293848692,90452.78452038179
2014-03-19 23:00:00,85066.47,88381.41025502667,84687.39867893686
2014-03-20 00:00:00,80664.777,85510.55908245966,81280.48605168455
2014-03-20 01:00:00,78297.793,81701.89916007387,78600.83582496284
2014-03-20 02:00:00,77299.39,79750.81082858914,77862.9366658714
2014-03-20 03:00:00,77374.359,79109.03134142782,77431.53820854794
2014-03-20 04:00:00,78963.633,79819.98919356367,79089.67006044892
2014-03-20 05:00:00,84267.202,82731.27498849823,84378.94357553251
2014-03-20 06:00:00,93952.715,89697.45881847196,93786.52504801167
2014-03-20 07:00:00,99813.699,98370.00260615282,99316.70103615744
2014-03-20 08:00:00,99067.535,102325.76045505583,99732.2283729671
2014-03-20 09:00:00,97173.237,101366.83404303029,98441.2261207569
2014-03-20 10:00:00,96091.595,99539.21450582737,96504.69016570691
2014-03-20 11:00:00,94769.944,98158.94004650638,95336.60960195318
2014-03-20 12:00:00,93219.704,96576.63451918401,93976.41575531794
2014-03-20 13:00:00,91805.829,94915.66102154778,92691.2814202433
2014-03-20 14:00:00,90194.582,93235.3962785228,91328.04189319411
2014-03-20 15:00:00,89059.853,91510.80895223506,89668.89057504114
2014-03-20 16:00:00,88467.138,90524.61634923276,90960.55812651617
2014-03-20 17:00:00,88648.786,90178.02695819929,91568.02544956424
2014-03-20 18:00:00,89591.849,90563.38015913394,92500.35216601023
2014-03-20 19:00:00,93371.587,92256.0210121059,91664.99374372703
2014-03-20 20:00:00,96651.639,95292.51898414621,94226.97023215683
2014-03-20 21:00:00,94447.493,96457.585968118,95005.6845296382
2014-03-20 22:00:00,89418.019,92856.89979420873,89600.5792384295
2014-03-20 23:00:00,84136.308,87236.95667988833,84161.70035349469
2014-03-21 00:00:00,80245.855,84770.62083071929,79771.67578128228
2014-03-21 01:00:00,78237.516,81172.48856037793,77937.08187915802
2014-03-21 02:00:00,77394.76,79316.55350676688,77262.6644325425
2014-03-21 03:00:00,77886.772,78669.02322965245,77233.90914254588
2014-03-21 04:00:00,79986.382,79460.9130660893,79807.73100406544
2014-03-21 05:00:00,85525.445,82579.71384157323,85153.0940237645
2014-03-21 06:00:00,95531.156,89507.4246440901,93849.18848261955
2014-03-21 07:00:00,100884.799,98265.71329527581,100062.64867404525
2014-03-21 08:00:00,100226.494,101562.9120573611,100077.70075358717
2014-03-21 09:00:00,97838.986,100186.43970546473,98816.55687675154
2014-03-21 10:00:00,95642.42,97787.31543140543,96909.07206700872
2014-03-21 11:00:00,93215.75,95301.00958135426,94217.94384967737
2014-03-21 12:00:00,91018.374,92624.29189898916,91505.27336131706
2014-03-21 13:00:00,89626.592,90152.47663076974,89361.3657517414
2014-03-21 14:00:00,87808.028,88241.29190876301,88011.95052101466
2014-03-21 15:00:00,86201.947,86254.92406542825,86732.70103937194
2014-03-21 16:00:00,84803.078,84690.6025057986,86822.37487599892
2014-03-21 17:00:00,84135.601,83392.12172321275,85601.83383706167
2014-03-21 18:00:00,83972.801,83256.82127743092,85805.91386679899
2014-03-21 19:00:00,87147.713,84318.69455952139,85894.47371213672
2014-03-21 20:00:00,90178.846,87409.71222864669,88067.80668925882
2014-03-21 21:00:00,88299.457,88657.90553012122,87970.36867081761
2014-03-21 22:00:00,84511.025,85592.16253695429,83904.68189810707
2014-03-21 23:00:00,79881.048,81007.92282649175,78319.93959105817
2014-03-22 00:00:00,75991.929,79716.58799950186,75386.80700017026
2014-03-22 01:00:00,73572.346,76097.71002789975,72264.27364821751
2014-03-22 02:00:00,72177.986,73940.582948196,71496.04782852382
2014-03-22 03:00:00,71693.006,72892.33290601074,71150.96806968012
2014-03-22 04:00:00,72208.383,72952.48696104849,72217.58551179168
2014-03-22 05:00:00,74001.186,74697.23353487927,74743.19059851138
2014-03-22 06:00:00,77418.841,78546.47147587623,77450.4190938208
2014-03-22 07:00:00,80943.954,82457.7986686507,80876.69495942876
2014-03-22 08:00:00,84059.482,84959.24895197904,83330.50311863398
2014-03-22 09:00:00,85773.652,86570.61955033761,84790.67126295053
2014-03-22 10:00:00,85768.498,87088.72605944685,86019.66041873
2014-03-22 11:00:00,84477.588,86180.61350901809,84587.93830693
2014-03-22 12:00:00,82499.283,84380.71217171056,83011.82795906156
2014-03-22 13:00:00,80236.563,82278.97622184081,81164.15531284187
2014-03-22 14:00:00,78264.019,79875.90072656241,78797.20881224985
2014-03-22 15:00:00,76858.153,77831.10186379786,77645.75526701832
2014-03-22 16:00:00,76506.105,76356.3450771441,77352.68467140487
2014-03-22 17:00:00,76797.271,75843.37390802294,78225.35795388113
2014-03-22 18:00:00,77343.031,76053.0278502974,78665.15346849247
2014-03-22 19:00:00,80685.909,77457.9167108662,79477.96265232893
2014-03-22 20:00:00,83952.34,80751.02064497092,82162.8589591933
2014-03-22 21:00:00,82540.409,82366.3354231645,82131.3457867741
2014-03-22 22:00:00,79570.655,80126.4635418255,79153.2458387702
2014-03-22 23:00:00,75800.387,76525.53435608343,75764.57672416494
2014-03-23 00:00:00,72444.675,75326.10416840174,72138.34683216893
2014-03-23 01:00:00,70455.759,72143.70225829777,70263.11614416988
2014-03-23 02:00:00,69840.982,70303.36120990703,69385.13231018353
2014-03-23 03:00:00,69722.402,69707.13884638314,69475.16169811515
2014-03-23 04:00:00,70518.047,69774.4511206116,69697.19389207213
2014-03-23 05:00:00,72384.289,70913.4133174759,72523.25075758809
2014-03-23 06:00:00,75573.492,73288.64771507402,75448.8782961138
2014-03-23 07:00:00,78867.265,76637.0123283392,77865.04245574113
2014-03-23 08:00:00,82488.04,79883.13066402156,81710.7371000104
2014-03-23 09:00:00,85315.263,82907.93432246552,83894.68298154135
2014-03-23 10:00:00,86444.309,84784.73453011476,85426.52382962705
2014-03-23 11:00:00,86452.491,85081.35245973224,85420.2417698156
2014-03-23 12:00:00,86171.45,84481.63467193756,85497.7488196581
2014-03-23 13:00:00,85478.369,83592.67973857002,85253.23893970136
2014-03-23 14:00:00,84628.987,82491.24538099911,84453.06091941822
2014-03-23 15:00:00,84251.649,81503.52547102928,84390.38812548041
2014-03-23 16:00:00,84876.995,81202.6955933765,86531.3096104935
2014-03-23 17:00:00,85977.615,81856.55815188715,89052.03928966292
2014-03-23 18:00:00,87548.511,82947.93290809756,89971.851087327
2014-03-23 19:00:00,92409.396,85256.99477643914,89735.27455997403
2014-03-23 20:00:00,97072.816,89569.93196975999,92538.53103701244
2014-03-23 21:00:00,95571.797,92172.77195614293,94956.05232584254
2014-03-23 22:00:00,92007.508,89939.49963116138,91461.42468864271
2014-03-23 23:00:00,88176.634,86033.04644686465,87565.83748395252
2014-03-24 00:00:00,85302.08,87517.29759258735,85046.48923792555
2014-03-24 01:00:00,84461.427,84801.9577418613,83465.98195303566
2014-03-24 02:00:00,84950.863,83971.3153860369,83151.76870405991
2014-03-24 03:00:00,86280.468,84223.96285170046,84954.20100765534
2014-03-24 04:00:00,89463.031,85517.62173267954,88502.87700754228
2014-03-24 05:00:00,96200.677,88665.14648250733,94670.82660050759
2014-03-24 06:00:00,106865.075,94945.82904973917,104487.66482622763
2014-03-24 07:00:00,112303.24,103710.60849085284,111865.79354331044
2014-03-24 08:00:00,110947.187,108356.1992186769,111375.00395427246
2014-03-24 09:00:00,108560.911,107933.65395449798,109546.60144435959
2014-03-24 10:00:00,106088.471,106326.64485175714,107659.7590871909
2014-03-24 11:00:00,103745.714,104294.9091886644,104899.28213685413
2014-03-24 12:00:00,101430.019,102257.06205609642,102479.89581249095
2014-03-24 13:00:00,99349.983,100130.2578155327,100598.87808602053
2014-03-24 14:00:00,96979.101,98071.44244369876,98214.08146942567
2014-03-24 15:00:00,94994.121,96010.02677793824,96323.65208339153
2014-03-24 16:00:00,94450.773,94625.55987981716,96630.3913588718
2014-03-24 17:00:00,95001.346,94457.42546077492,97871.4324388332
2014-03-24 18:00:00,96644.356,95176.8394596308,98554.36902602317
2014-03-24 19:00:00,101704.351,97659.14534438975,98038.4579069313
2014-03-24 20:00:00,105526.715,102356.05559736259,101680.86613443961
2014-03-24 21:00:00,103397.349,104200.35277744921,102499.87405928884
2014-03-24 22:00:00,98350.484,101190.98826732427,97675.90338971793
2014-03-24 23:00:00,93103.996,96050.16706093244,92383.61766242581
2014-03-25 00:00:00,89058.539,93910.14761862655,88933.68838860415
2014-03-25 01:00:00,87299.198,90560.63003239624,86542.49900028028
2014-03-25 02:00:00,86802.56,89218.98711560294,85709.64975307725
2014-03-25 03:00:00,87335.154,89079.35994016693,86644.76408849479
2014-03-25 04:00:00,89559.58,90253.4324813325,89214.74870861463
2014-03-25 05:00:00,95124.272,93802.20015253813,95071.88561988826
2014-03-25 06:00:00,104554.61,101033.78546243359,104796.37064718865
2014-03-25 07:00:00,109605.268,109364.0033064688,110039.8774558631
2014-03-25 08:00:00,109444.408,112394.00924616728,108947.11786497835
2014-03-25 09:00:00,107995.051,111349.91691777077,107995.05960036509
2014-03-25 10:00:00,106678.823,109345.29415000803,107347.30509832868
2014-03-25 11:00:00,105204.405,107407.2918715696,105467.43713347288
2014-03-25 12:00:00,103894.449,105367.51756196596,104158.85307197575
2014-03-25 13:00:00,103013.786,103567.7933770297,102170.57287159578
2014-03-25 14:00:00,102088.736,102033.05903333795,101496.89062888139
2014-03-25 15:00:00,101598.121,100607.031089988,101085.23381630844
2014-03-25 16:00:00,102612.724,99964.59146649932,102311.80959905201
2014-03-25 17:00:00,103864.749,100782.4428096014,105789.02890092452
2014-03-25 18:00:00,105099.7,102051.21190068507,105173.61614452097
2014-03-25 19:00:00,107911.459,104435.03042693972,104349.39262843905
2014-03-25 20:00:00,110169.288,107510.76375231147,106965.71392053919
2014-03-25 21:00:00,107060.785,108200.51177742722,106417.8408859246
2014-03-25 22:00:00,101235.967,104139.16977193243,100486.99797377609
2014-03-25 23:00:00,95805.325,98163.45359498652,95518.2708865658
2014-03-26 00:00:00,91779.658,95633.46415718016,91381.91261838358
2014-03-26 01:00:00,89885.144,92067.15390852315,89765.85578238126
2014-03-26 02:00:00,89817.641,90401.39814211547,88811.73318794853
2014-03-26 03:00:00,90154.454,90361.48621124896,90673.70346775082
2014-03-26 04:00:00,92662.566,91194.48319145004,92750.79170661246
2014-03-26 05:00:00,98739.84,94688.53667072952,97632.83137681075
2014-03-26 06:00:00,108354.261,102009.0170940794,107290.72707862826
2014-03-26 07:00:00,113112.352,110345.74830771834,113108.79404266307
2014-03-26 08:00:00,111925.105,113473.15567305306,111978.5922313254
2014-03-26 09:00:00,109627.051,112006.65844940575,109028.55039328976
2014-03-26 10:00:00,108374.786,109797.86670646013,107848.61983100548
2014-03-26 11:00:00,106350.576,108258.31695906796,106501.61224465791
2014-03-26 12:00:00,104806.065,106240.79943203148,104529.41453697185
2014-03-26 13:00:00,103135.231,104669.82469257108,103357.49086318031
2014-03-26 14:00:00,101150.597,102974.13656801269,101895.24211934517
2014-03-26 15:00:00,99294.749,101187.14613777594,100419.5702061511
2014-03-26 16:00:00,98292.356,99984.65898274093,100837.24850606675
2014-03-26 17:00:00,98342.288,99468.74887156283,102828.89099241
2014-03-26 18:00:00,99607.978,99709.5459170417,102661.99274219993
2014-03-26 19:00:00,104207.656,101343.90944736701,101256.73874763219
2014-03-26 20:00:00,108637.719,105037.00262018733,103790.4729679356
2014-03-26 21:00:00,106803.782,106944.78226755395,104842.23594727059
2014-03-26 22:00:00,101379.502,103570.12363453985,100144.87829517448
2014-03-26 23:00:00,95848.69,97742.99178409929,94805.23188377678
2014-03-27 00:00:00,92253.559,95099.57431418514,90524.30783984855
2014-03-27 01:00:00,90727.04,91757.26324177746,88242.3474903158
2014-03-27 02:00:00,90273.671,90416.07731586868,88656.99684280249
2014-03-27 03:00:00,90623.102,90029.63380748652,90670.95951791025
2014-03-27 04:00:00,93104.329,90856.0467040974,92744.56612040664
2014-03-27 05:00:00,98897.933,94408.78618362479,98323.00751698959
2014-03-27 06:00:00,108489.93,101549.61159801364,107584.73823371335
2014-03-27 07:00:00,112571.388,109812.99159561032,113078.99041117787
2014-03-27 08:00:00,110580.977,112136.37011948905,110689.96569474375
2014-03-27 09:00:00,107513.128,109822.79196954276,109241.18578471245
2014-03-27 10:00:00,104835.23,107070.29964480415,105535.74400284568
2014-03-27 11:00:00,101919.083,104344.53179681153,103319.38288624895
2014-03-27 12:00:00,99381.077,101574.55597470155,100397.30033137152
2014-03-27 13:00:00,97793.51,99037.98371763996,98557.67164124329
2014-03-27 14:00:00,95464.859,97093.58694169528,97026.86375096616
2014-03-27 15:00:00,93974.075,94723.28923643788,94989.94018188196
2014-03-27 16:00:00,93651.863,93193.78116441198,96236.56471563318
2014-03-27 17:00:00,93986.481,92814.18259189771,96885.1679665866
2014-03-27 18:00:00,94351.314,93293.3227997584,97642.28174209906
2014-03-27 19:00:00,97639.466,94853.65984875751,95565.96210326927
2014-03-27 20:00:00,100265.935,98364.59162412371,97787.01443352007
2014-03-27 21:00:00,97093.528,99367.39057156048,97901.48688482348
2014-03-27 22:00:00,91366.344,95183.66573984001,91097.26999985184
2014-03-27 23:00:00,85409.823,89149.9674908302,84836.2720384552
2014-03-28 00:00:00,81077.37,86316.1346921939,81272.44010954814
2014-03-28 01:00:00,78534.294,82535.46272902905,77903.32946663265
2014-03-28 02:00:00,76990.152,80377.57408460237,77041.90932652778
2014-03-28 03:00:00,76648.726,79281.29870653297,76947.20859912997
2014-03-28 04:00:00,77889.259,79702.79119451561,78047.76728774754
2014-03-28 05:00:00,82357.414,82369.86929360242,83005.91609772423
2014-03-28 06:00:00,90863.672,88670.18465008766,90418.34457017179
2014-03-28 07:00:00,95262.93,96016.19163506194,96085.02260730759
2014-03-28 08:00:00,95368.738,98434.06021856403,94684.7984724808
2014-03-28 09:00:00,95065.607,97396.70717494207,94388.10463179609
2014-03-28 10:00:00,95105.978,96185.67332818588,93806.95310131687
2014-03-28 11:00:00,94293.485,95158.54467904603,93346.39730668004
2014-03-28 12:00:00,92512.731,93630.44588413808,92664.89934720802
2014-03-28 13:00:00,91169.591,91745.92045154174,90945.57992868024
2014-03-28 14:00:00,89038.418,89951.45351767496,89153.87082171
2014-03-28 15:00:00,87410.111,87802.96369021818,87762.36621361482
2014-03-28 16:00:00,86716.404,86303.07123936932,87752.86646992124
2014-03-28 17:00:00,85840.796,85706.58079329615,88308.0016705227
2014-03-28 18:00:00,85204.622,85066.90088533136,88293.70938309447
2014-03-28 19:00:00,86880.776,85627.32947339035,87037.7136225302
2014-03-28 20:00:00,88874.935,87641.31871121604,87635.92432642527
2014-03-28 21:00:00,86458.309,87998.24097687997,88043.0854063541
2014-03-28 22:00:00,82194.601,84485.5241638384,83267.56883968736
2014-03-28 23:00:00,77131.706,79546.13566075212,77925.05562143044
2014-03-29 00:00:00,72843.165,77961.08035054526,73358.98485844421
2014-03-29 01:00:00,70091.162,73994.1197901702,70623.88687167241
2014-03-29 02:00:00,68743.864,71436.17893560024,68876.91902652931
2014-03-29 03:00:00,68226.346,70233.2832225851,67744.80977522611
2014-03-29 04:00:00,68545.4,70082.2477787706,68625.56679618325
2014-03-29 05:00:00,70179.654,71392.41192090971,70540.90272475156
2014-03-29 06:00:00,73583.636,74717.9934162012,72845.93926257922
2014-03-29 07:00:00,77226.858,78346.14716114117,76259.11102616297
2014-03-29 08:00:00,81164.626,81096.7999095581,80375.3020494595
2014-03-29 09:00:00,84638.569,83797.90349275491,82316.08593884246
2014-03-29 10:00:00,86514.483,86049.96853817471,84443.15590015012
2014-03-29 11:00:00,86967.459,86836.39634503919,84621.39750508743
2014-03-29 12:00:00,86279.88,86354.1549237468,84928.60568595356
2014-03-29 13:00:00,85517.145,85152.4573289656,84450.11675353233
2014-03-29 14:00:00,84704.859,83750.831092324,83314.29329354726
2014-03-29 15:00:00,84338.815,82514.6618466951,83222.5358374137
2014-03-29 16:00:00,84677.827,81925.41152777993,84564.42856818982
2014-03-29 17:00:00,85417.212,81863.875839256,85778.1422759104
2014-03-29 18:00:00,85739.676,82179.01687173564,86433.4301752332
2014-03-29 19:00:00,87459.709,83040.68942626107,86212.04304400667
2014-03-29 20:00:00,88728.242,84953.7916093509,87520.04704800676
2014-03-29 21:00:00,86815.027,85024.93631176867,86758.39576473358
2014-03-29 22:00:00,83400.733,82293.11996365161,82022.60855141336
2014-03-29 23:00:00,79225.231,78249.08526405027,78859.20058727547
2014-03-30 00:00:00,75342.954,76632.53705721673,75214.91986130443
2014-03-30 01:00:00,72991.76,72975.82868086698,72938.31283296515
2014-03-30 02:00:00,71720.654,70841.88729858526,71133.10262205386
2014-03-30 03:00:00,71263.235,69721.7777491821,71131.05179520774
2014-03-30 04:00:00,71364.587,69453.21222953242,71741.19739747836
2014-03-30 05:00:00,72794.692,69999.43536784613,72747.39947870933
2014-03-30 06:00:00,75530.589,72022.92933794699,75575.55560204234
2014-03-30 07:00:00,78596.395,75009.79376619344,77886.46456007494
2014-03-30 08:00:00,82060.599,78332.89622306457,80538.35919389476
2014-03-30 09:00:00,85092.767,81637.00122022719,83262.7732385205
2014-03-30 10:00:00,86231.314,84062.1378789359,84707.80425785737
2014-03-30 11:00:00,86563.211,84656.49216690226,85076.4523444878
2014-03-30 12:00:00,86561.846,84469.44151678568,85425.13214354446
2014-03-30 13:00:00,85990.109,83981.88180088438,85395.3980139731
2014-03-30 14:00:00,85177.229,83099.19871693276,84625.23349377868
2014-03-30 15:00:00,84543.257,82204.44990692477,84097.88596523445
2014-03-30 16:00:00,85261.076,81710.15846553005,85264.56081215963
2014-03-30 17:00:00,86389.946,82326.09900800146,86647.14108160342
2014-03-30 18:00:00,87155.326,83235.6386310801,88043.21723829556
2014-03-30 19:00:00,89896.006,84588.49329282332,88941.74374395273
2014-03-30 20:00:00,93379.176,87297.533749227,90579.9906068334
2014-03-30 21:00:00,91183.686,89091.33810788064,90720.51877385014
2014-03-30 22:00:00,87008.872,86337.22473877888,86989.53253190561
2014-03-30 23:00:00,82319.181,81990.5330597561,81961.74510262549
2014-03-31 00:00:00,78922.033,82784.57677994961,78218.27793680593
2014-03-31 01:00:00,77301.808,79703.09063513092,76982.54712904592
2014-03-31 02:00:00,76745.388,78242.62039827398,77010.38030997006
2014-03-31 03:00:00,77337.879,77807.5975962123,77701.58818653226
2014-03-31 04:00:00,79545.262,78493.06011496193,79539.27535721971
2014-03-31 05:00:00,85450.495,81016.98449369209,84693.946080903
2014-03-31 06:00:00,95387.024,86832.23683021944,94170.56181654923
2014-03-31 07:00:00,100244.87,94972.2071197517,101063.91975570761
2014-03-31 08:00:00,99538.408,98882.43511304997,99976.80040630419
2014-03-31 09:00:00,97617.316,98552.57828699544,98734.14895205491
2014-03-31 10:00:00,95655.368,96875.46454056723,97870.05986288642
2014-03-31 11:00:00,93146.859,94991.40217385988,95383.75201886111
2014-03-31 12:00:00,90727.077,92613.15556797548,92564.98548408215
2014-03-31 13:00:00,89021.991,90337.00019814706,90055.90370540407
2014-03-31 14:00:00,87063.76,88512.22947765236,88440.68853031743
2014-03-31 15:00:00,85305.376,86600.60366997778,87066.94041262139
2014-03-31 16:00:00,84427.838,85312.0232745272,86089.42545912247
2014-03-31 17:00:00,84307.422,84862.1349426142,86260.8852119318
2014-03-31 18:00:00,84445.159,85061.32500689258,86759.21399819873
2014-03-31 19:00:00,87325.996,86252.79387212946,87378.68607225387
2014-03-31 20:00:00,91423.36,89402.21976503734,89281.30982705126
2014-03-31 21:00:00,88713.461,91423.03482806578,88594.06704780653
2014-03-31 22:00:00,83439.103,87919.68579674017,83483.66235949525
2014-03-31 23:00:00,77530.534,82705.89682692359,77527.52063306436
2014-04-01 00:00:00,73546.706,80029.49339841199,73533.09792356206
2014-04-01 01:00:00,71684.695,76582.84514102148,70870.13551702007
2014-04-01 02:00:00,70879.411,74995.57097516772,70301.85341797463
2014-04-01 03:00:00,71250.121,74507.544066341,70734.77483784023
2014-04-01 04:00:00,73602.138,75408.5663139915,72430.0106114448
2014-04-01 05:00:00,79352.084,78897.73101982164,78034.06813415316
2014-04-01 06:00:00,89087.401,86100.78551181886,87663.15640951922
2014-04-01 07:00:00,93853.964,94437.51019059369,93722.44467327069
2014-04-01 08:00:00,93000.558,97468.43330385415,94761.31651617152
2014-04-01 09:00:00,91442.506,96103.77058653845,93694.78508842541
2014-04-01 10:00:00,90154.46,94211.46655422164,92613.52011059817
2014-04-01 11:00:00,88896.851,92084.09082304603,89924.287899884
2014-04-01 12:00:00,87706.224,90301.50053702136,88719.98612994466
2014-04-01 13:00:00,86775.205,88787.88734724371,87423.0564392056
2014-04-01 14:00:00,85520.786,87403.05039277406,86364.05147095393
2014-04-01 15:00:00,84456.796,85907.78097719363,85156.56797466225
2014-04-01 16:00:00,83878.865,84944.4691751418,84726.53970643102
2014-04-01 17:00:00,83467.902,84565.363326545,84781.89468353236
2014-04-01 18:00:00,83135.332,84452.47802910616,84619.01736532009
2014-04-01 19:00:00,85575.059,85155.50589272246,84698.19411427171
2014-04-01 20:00:00,89962.27,88021.9623967403,87476.65027300759
2014-04-01 21:00:00,87482.154,90246.78848644345,87473.38057711716
2014-04-01 22:00:00,81688.03,86607.12270582885,81939.75545215738
2014-04-01 23:00:00,75684.903,80572.25674527993,75763.78698788607
2014-04-02 00:00:00,71286.801,77696.53164312734,70974.5316425402
2014-04-02 01:00:00,68830.421,73917.47217647941,69163.59405757132
2014-04-02 02:00:00,68114.624,71928.03336814066,67490.44947944308
2014-04-02 03:00:00,68014.326,71466.05030239519,68566.39376477127
2014-04-02 04:00:00,70005.269,72130.34297996342,69774.1314901924
2014-04-02 05:00:00,75207.943,75427.1841247281,74467.83054072087
2014-04-02 06:00:00,85054.595,82267.35562734507,82849.4300948974
2014-04-02 07:00:00,90262.521,90637.48035291975,89961.01390736792
2014-04-02 08:00:00,90488.604,93810.37963193282,91420.78984195409
2014-04-02 09:00:00,90366.609,93176.47441216143,90402.22203554182
2014-04-02 10:00:00,90264.289,92468.40778713241,90268.04489522881
2014-04-02 11:00:00,89539.37,91654.55034288786,89154.27305563822
2014-04-02 12:00:00,88320.948,90520.92630985612,88807.73725370175
2014-04-02 13:00:00,87215.536,89079.49495209688,87689.66263785928
2014-04-02 14:00:00,85892.396,87640.26653216846,86490.6377132672
2014-04-02 15:00:00,84491.495,86107.8405979397,85165.67849827328
2014-04-02 16:00:00,84038.936,84661.69105513791,84665.87665759855
2014-04-02 17:00:00,84185.995,84135.31781882406,84990.090005752
2014-04-02 18:00:00,84775.218,84293.90028825302,85406.81271886505
2014-04-02 19:00:00,87348.045,85688.67504084618,85742.20628768094
2014-04-02 20:00:00,90626.629,88922.83105966063,88644.8033031683
2014-04-02 21:00:00,87860.809,90351.49183391502,88088.48008399241
2014-04-02 22:00:00,82106.193,86407.35714895239,82471.89709372506
2014-04-02 23:00:00,76055.421,80314.88006361859,76554.58826919754
2014-04-03 00:00:00,71544.047,77339.1612955186,71473.26440457148
2014-04-03 01:00:00,69045.781,73360.91571810657,68845.75791873595
2014-04-03 02:00:00,67839.133,71310.17649786142,67609.69805736336
2014-04-03 03:00:00,67534.133,70384.66806050227,67547.52865121633
2014-04-03 04:00:00,68976.567,70816.57558756623,69083.9458063374
2014-04-03 05:00:00,74029.514,73559.47467109501,72537.95890502089
2014-04-03 06:00:00,82992.218,80313.10705292344,81190.72833466045
2014-04-03 07:00:00,88214.654,88090.58539345229,87900.36569675014
2014-04-03 08:00:00,89080.871,91449.98944293408,89672.26315438145
2014-04-03 09:00:00,89106.599,91558.32127073142,89375.92277865768
2014-04-03 10:00:00,89203.981,91111.74054374668,89266.10111360358
2014-04-03 11:00:00,88773.496,90552.24274067972,87915.79855485892
2014-04-03 12:00:00,88384.891,89558.48997255301,88065.93714581487
2014-04-03 13:00:00,88210.698,88700.97926426757,87432.21049334155
2014-04-03 14:00:00,87547.217,87865.10938178832,87203.70590024903
2014-04-03 15:00:00,86860.497,86769.68109524851,86874.33294622763
2014-04-03 16:00:00,87015.494,86017.47248485644,88075.17924050428
2014-04-03 17:00:00,87530.655,86059.4645545962,89095.70922912919
2014-04-03 18:00:00,87628.082,86499.57373653188,90216.29178289967
2014-04-03 19:00:00,89725.127,87400.17871560363,89244.62150346479
2014-04-03 20:00:00,91650.708,89793.78038093993,90248.59341011394
2014-04-03 21:00:00,88466.094,90019.94128605447,89215.77921061081
2014-04-03 22:00:00,82735.723,85737.24647495554,83130.91560357274
2014-04-03 23:00:00,76577.374,79573.61784948237,77185.55125559508
2014-04-04 00:00:00,71973.263,76402.43700934421,72549.96681528713
2014-04-04 01:00:00,69273.166,72201.0354022847,68908.37983967825
2014-04-04 02:00:00,67924.66,69726.08063466492,68025.37645768817
2014-04-04 03:00:00,67703.825,68524.86137194421,67518.78181929995
2014-04-04 04:00:00,69078.036,68679.08309007675,69116.53423784822
2014-04-04 05:00:00,73911.807,71142.05980252646,73128.87898208923
2014-04-04 06:00:00,82594.969,77370.8596327689,80661.426086384
2014-04-04 07:00:00,88261.706,84942.1775744082,87080.68767466996
2014-04-04 08:00:00,89773.181,88924.38307945762,89053.88578960414
2014-04-04 09:00:00,90425.292,89787.67842061706,89270.69010958185
2014-04-04 10:00:00,90906.378,90088.12189040956,90108.92080308891
2014-04-04 11:00:00,90846.358,90025.98016982322,89824.05707418067
2014-04-04 12:00:00,90010.714,89546.01120774173,89394.01204808538
2014-04-04 13:00:00,89471.433,88623.81146719305,88939.57764909569
2014-04-04 14:00:00,88711.461,87713.88195741152,88244.73828045269
2014-04-04 15:00:00,87756.869,86738.54458887668,87873.24258485349
2014-04-04 16:00:00,87633.692,85937.13737531358,88191.69205528618
2014-04-04 17:00:00,87558.899,85794.51141820996,88212.79119002729
2014-04-04 18:00:00,87063.122,85680.28513259398,88753.3359339057
2014-04-04 19:00:00,88368.725,85918.02838827655,87534.56712618664
2014-04-04 20:00:00,89771.182,87405.22860482696,88437.98425145863
2014-04-04 21:00:00,87607.388,87293.27823493972,87098.70400725235
2014-04-04 22:00:00,83073.082,83910.94453456583,82350.48108220949
2014-04-04 23:00:00,77723.991,78695.7721540629,77270.85390765428
2014-04-05 00:00:00,73528.443,76823.00054267161,73608.07110395376
2014-04-05 01:00:00,70521.31,72874.59311910637,70665.99219720795
2014-04-05 02:00:00,69132.445,70217.27082265857,68814.02826073977
2014-04-05 03:00:00,68376.402,69028.55869983167,68403.33355445074
2014-04-05 04:00:00,68822.688,68751.73470867325,68614.11337110739
2014-04-05 05:00:00,70666.223,70244.86750913781,70569.71380040862
2014-04-05 06:00:00,74230.599,73793.86830793132,73231.5789550252
2014-04-05 07:00:00,77697.331,77852.52077030271,77703.41213214274
2014-04-05 08:00:00,80815.254,80915.49792946214,80984.16875745189
2014-04-05 09:00:00,82897.306,83445.1093775442,82223.43824570872
2014-04-05 10:00:00,83547.914,85026.58994789587,83419.02337562408
2014-04-05 11:00:00,82582.56,85292.15383093953,82713.93180851275
2014-04-05 12:00:00,81063.522,84156.11712054814,81531.69478946639
2014-04-05 13:00:00,78941.029,82667.55208671745,79522.85464422693
2014-04-05 14:00:00,77056.505,80729.82465133857,77906.07017258671
2014-04-05 15:00:00,75590.546,78957.20489678568,76889.65134022023
2014-04-05 16:00:00,75237.697,77759.02392070556,76431.1280307331
2014-04-05 17:00:00,75373.735,77403.7252312211,77515.40394273718
2014-04-05 18:00:00,76175.276,77279.752839521,77952.84296862375
2014-04-05 19:00:00,78518.042,78195.2592467838,78332.40939222586
2014-04-05 20:00:00,82959.177,80215.87287613464,79931.52058007405
2014-04-05 21:00:00,82742.378,82544.91210994175,81590.25304742166
2014-04-05 22:00:00,79884.385,80931.51568797763,79414.43255468759
2014-04-05 23:00:00,76023.021,77216.30810836462,75530.61278380528
2014-04-06 00:00:00,72969.145,75792.69591653525,72231.87781692013
2014-04-06 01:00:00,70900.475,72621.99962216374,70400.74816675432
2014-04-06 02:00:00,70139.851,70618.97885434768,70069.85249501369
2014-04-06 03:00:00,70343.011,69758.41169931127,69494.58441414784
2014-04-06 04:00:00,71204.923,69911.00514733515,70987.51768002266
2014-04-06 05:00:00,73228.693,70997.15256830279,72482.35135610677
2014-04-06 06:00:00,76170.249,73397.92110852737,75732.13128176304
2014-04-06 07:00:00,78639.84,76481.35235160464,78604.25970091944
2014-04-06 08:00:00,80140.402,79137.05811452417,80835.77341979233
2014-04-06 09:00:00,79826.23,80663.28586505055,81725.20747087331
2014-04-06 10:00:00,78566.996,80360.24064187784,80242.70720494492
2014-04-06 11:00:00,77007.784,79001.15271975783,78209.67055831244
2014-04-06 12:00:00,75568.726,77381.83833758786,76526.60659843513
2014-04-06 13:00:00,74044.96,75630.73817814712,75243.83553636775
2014-04-06 14:00:00,72700.403,73886.5362216024,73519.88253163792
2014-04-06 15:00:00,71749.018,72281.56190893722,72363.00179493095
2014-04-06 16:00:00,72155.26,71452.22778780047,72863.6293210677
2014-04-06 17:00:00,73330.119,71730.15326202332,73517.54894409097
2014-04-06 18:00:00,74858.458,72725.32517825431,75278.63065008586
2014-04-06 19:00:00,78580.459,74535.30208676023,77252.40773225823
2014-04-06 20:00:00,83341.132,78579.14356648334,80406.66592108476
2014-04-06 21:00:00,81859.818,81556.39754360975,81959.42042062484
2014-04-06 22:00:00,77589.386,79339.1518557808,78015.73078771589
2014-04-06 23:00:00,73147.274,74910.12422176525,73165.16328966219
2014-04-07 00:00:00,69784.875,76003.31385565473,69822.98790792562
2014-04-07 01:00:00,68015.3,72913.12716305393,68058.10080681994
2014-04-07 02:00:00,67691.678,71330.74758036358,67152.08153585994
2014-04-07 03:00:00,68096.02,71105.94112394976,68006.782818142
2014-04-07 04:00:00,70308.99,71710.85268471873,70613.63277142898
2014-04-07 05:00:00,76075.908,74269.07514215764,76178.2694977937
2014-04-07 06:00:00,85831.022,79936.3607576605,84074.89139871657
2014-04-07 07:00:00,91093.085,87692.04670947656,90533.35950339407
2014-04-07 08:00:00,92466.212,91481.2562636536,91850.95241301868
2014-04-07 09:00:00,93328.077,91992.38372926418,92332.41986550837
2014-04-07 10:00:00,93922.92,91892.13249030635,92953.04010908103
2014-04-07 11:00:00,93830.479,91455.9617743232,93141.10429289477
2014-04-07 12:00:00,93365.962,90615.05274457144,92948.45503595566
2014-04-07 13:00:00,92773.839,89587.5012223765,92310.66157821573
2014-04-07 14:00:00,91956.302,88517.85734394133,91889.6418758472
2014-04-07 15:00:00,91253.343,87430.02330287558,90648.94715022758
2014-04-07 16:00:00,91715.252,86862.0891257106,91490.33754010932
2014-04-07 17:00:00,92505.612,87374.09576546129,92550.06370307105
2014-04-07 18:00:00,92860.205,88220.1705646409,93671.3052134622
2014-04-07 19:00:00,93679.945,89546.6382429912,93455.11512945972
2014-04-07 20:00:00,94521.089,91566.1958469681,93161.34540924025
2014-04-07 21:00:00,90821.304,91401.7390359974,91048.46181590173
2014-04-07 22:00:00,84713.547,87146.69163223295,84800.2466173444
2014-04-07 23:00:00,78684.551,81109.77753941814,78392.96819817375
2014-04-08 00:00:00,73744.622,78328.65921775473,73338.80201068408
2014-04-08 01:00:00,71137.527,74157.18601634735,70806.91954593464
2014-04-08 02:00:00,69736.717,72060.28442174174,69464.68328546862
2014-04-08 03:00:00,69422.935,71105.36965315827,69290.84374513343
2014-04-08 04:00:00,70778.049,71544.87326444432,70844.27652230712
2014-04-08 05:00:00,75732.413,74351.0195601394,75619.98424075863
2014-04-08 06:00:00,84822.697,81025.36642881256,83671.05760140967
2014-04-08 07:00:00,89828.906,88976.92180928319,90186.23936042468
2014-04-08 08:00:00,90537.755,92547.05271980778,91226.42987136096
2014-04-08 09:00:00,90145.221,92865.76204951941,90996.71577179157
2014-04-08 10:00:00,89641.641,92363.5809697764,90795.29540517922
2014-04-08 11:00:00,88761.171,91580.13768078324,88851.37030934339
2014-04-08 12:00:00,87614.224,90512.26816258635,88463.30281818756
2014-04-08 13:00:00,86454.663,89085.03587953241,87288.55380926866
2014-04-08 14:00:00,85411.915,87759.5944985176,85872.78886334503
2014-04-08 15:00:00,84147.373,86579.39019515383,85144.02508728449
2014-04-08 16:00:00,83370.072,85568.44151658032,84828.08857194033
2014-04-08 17:00:00,83245.83,85007.06794126003,84627.57025431338
2014-04-08 18:00:00,83138.335,84871.01872278188,84520.22296787686
2014-04-08 19:00:00,85023.7,85162.4264705935,84717.29706790033
2014-04-08 20:00:00,89334.812,87086.31545522943,86900.10871089037
2014-04-08 21:00:00,87340.816,89028.40248402343,87470.28747686
2014-04-08 22:00:00,81802.599,85522.91983671905,81460.34495356798
2014-04-08 23:00:00,75996.068,79568.8032812693,75318.84463176869
2014-04-09 00:00:00,71903.342,76571.4339158117,71134.95266679744
2014-04-09 01:00:00,69945.755,72762.91510282451,69594.83131136971
2014-04-09 02:00:00,69150.45,70893.14074296085,68524.85189068792
2014-04-09 03:00:00,69288.342,70151.69074062815,69133.01400544752
2014-04-09 04:00:00,71415.936,70691.0068558478,71078.5293720619
2014-04-09 05:00:00,76928.352,73791.62841758528,76600.03175798834
2014-04-09 06:00:00,86437.672,80711.71123649956,85147.54661562633
2014-04-09 07:00:00,90335.004,88947.23799635509,91110.5679827576
2014-04-09 08:00:00,89656.855,91696.07114131015,90839.23319185807
2014-04-09 09:00:00,88216.516,90847.47362851464,89320.69529531959
2014-04-09 10:00:00,87133.978,89440.35184043596,88130.43874639794
2014-04-09 11:00:00,86300.098,88124.99128161563,86499.84310861336
2014-04-09 12:00:00,85529.077,86927.41906855987,85853.17228385949
2014-04-09 13:00:00,84527.547,85649.80376789671,84913.03463187933
2014-04-09 14:00:00,84136.629,84381.02810118429,83683.37738254393
2014-04-09 15:00:00,83141.174,83510.68868470614,83314.01162738977
2014-04-09 16:00:00,82690.114,82434.95135912762,83068.84820563663
2014-04-09 17:00:00,82551.872,81951.24231646035,83075.22919077161
2014-04-09 18:00:00,82386.553,81801.43861693284,83240.91845295527
2014-04-09 19:00:00,84297.18,82317.31887858373,83518.54583765498
2014-04-09 20:00:00,88789.412,84929.66764084698,86243.17854350645
2014-04-09 21:00:00,87285.898,87364.90897118648,87186.26253957662
2014-04-09 22:00:00,81691.288,84329.43614211059,81339.06516713869
2014-04-09 23:00:00,75757.211,78342.04699296496,75194.05898223691
2014-04-10 00:00:00,71839.536,75407.70023597844,70805.3290480236
2014-04-10 01:00:00,69862.155,71829.31538821448,68583.28358339338
2014-04-10 02:00:00,69278.478,70000.05082062796,68038.21274576132
2014-04-10 03:00:00,69720.223,69455.33979162064,69063.28852953842
2014-04-10 04:00:00,71904.421,70274.30076131734,70778.26395684718
2014-04-10 05:00:00,77647.149,73486.93091475558,76547.75675942267
2014-04-10 06:00:00,87186.885,80506.85981181521,85330.89427853153
2014-04-10 07:00:00,91038.493,88482.1752233551,91342.10505806656
2014-04-10 08:00:00,89928.812,90905.77197414103,91491.3730365386
2014-04-10 09:00:00,88315.909,89546.94673279085,89765.18600689594
2014-04-10 10:00:00,87301.661,87668.14062392044,88332.25859959106
2014-04-10 11:00:00,86292.662,86426.16346578764,87570.83470030753
2014-04-10 12:00:00,85276.834,85268.13377614223,86478.12845807226
2014-04-10 13:00:00,84762.104,84106.93734410242,85684.95860628909
2014-04-10 14:00:00,83736.612,83405.08290237459,84677.56115875537
2014-04-10 15:00:00,82744.175,82234.07246508283,83494.25201362271
2014-04-10 16:00:00,82352.696,81337.54296595098,82870.61902443133
2014-04-10 17:00:00,82234.116,81009.36750210117,82690.59257457277
2014-04-10 18:00:00,81788.06,80875.57214944536,82688.9595851954
2014-04-10 19:00:00,83382.523,81168.30116236553,82437.89698526521
2014-04-10 20:00:00,87365.549,83470.62795779343,85171.55159046236
2014-04-10 21:00:00,85170.306,85499.69871707032,85528.80855313377
2014-04-10 22:00:00,79183.277,81995.39978148519,79354.40739027224
2014-04-10 23:00:00,72967.005,75753.47741400891,72733.74428042867
2014-04-11 00:00:00,68296.57,72700.58205280858,68409.15110389449
2014-04-11 01:00:00,65741.711,68722.49956790906,65482.378582312274
2014-04-11 02:00:00,64290.198,66566.49765324927,64628.01122552458
2014-04-11 03:00:00,64019.678,65530.282734991575,63903.8712048373
2014-04-11 04:00:00,65318.977,65892.2041001206,65076.39166417226
2014-04-11 05:00:00,70037.441,68554.68248780785,69867.3843325047
2014-04-11 06:00:00,78839.714,74854.74971329668,77008.9410634789
2014-04-11 07:00:00,83684.144,82379.5237043194,84479.67438621944
2014-04-11 08:00:00,84976.85,85535.70773721454,85240.88176879942
2014-04-11 09:00:00,85263.384,85914.39545136338,85086.71905111174
2014-04-11 10:00:00,85482.81,85680.46904310604,85366.55869873322
2014-04-11 11:00:00,85671.73,85322.14988312825,84395.28567723578
2014-04-11 12:00:00,85267.6,84946.00932893611,84546.09198940283
2014-04-11 13:00:00,85031.58,84307.22881451205,84434.52206577746
2014-04-11 14:00:00,84398.921,83643.63243535577,84060.51410717807
2014-04-11 15:00:00,83900.217,82689.98112005234,83529.36331343625
2014-04-11 16:00:00,83215.464,82070.50346438545,83707.42873021646
2014-04-11 17:00:00,82567.287,81406.64395491657,82966.01794808885
2014-04-11 18:00:00,81158.706,80671.22901561264,82664.58182615823
2014-04-11 19:00:00,81444.924,80111.92003896138,81780.04050981312
2014-04-11 20:00:00,83833.192,81298.03816179476,82809.06329299012
2014-04-11 21:00:00,82139.787,82169.93942256844,82493.90076200887
2014-04-11 22:00:00,77414.618,79071.47482262715,76981.32367656325
2014-04-11 23:00:00,71924.489,73808.34261556559,72048.96225897754
2014-04-12 00:00:00,67425.708,71855.50952510317,67185.49155173665
2014-04-12 01:00:00,64380.44,67704.82336776375,64588.01037580032
2014-04-12 02:00:00,62661.68,64982.131858258115,62632.33739149536
2014-04-12 03:00:00,61996.803,63534.695151802574,61676.38495478547
2014-04-12 04:00:00,62316.008,63316.247317247224,62362.409900245504
2014-04-12 05:00:00,63799.211,64713.66305210657,64128.65461741798
2014-04-12 06:00:00,66940.765,68002.49336855926,66675.8829964127
2014-04-12 07:00:00,69871.473,71547.70139970205,69852.59743718052
2014-04-12 08:00:00,73484.222,74029.88379634089,72666.13164527879
2014-04-12 09:00:00,75408.541,76370.20826014307,75631.4161129108
2014-04-12 10:00:00,76112.394,77522.18608726206,76686.48651843313
2014-04-12 11:00:00,76172.247,77609.9745706525,76681.24404347666
2014-04-12 12:00:00,75541.716,77123.7298581591,76189.33534137844
2014-04-12 13:00:00,74663.349,76357.83570569176,75378.45000285658
2014-04-12 14:00:00,73965.737,75410.71593476439,74409.85163107832
2014-04-12 15:00:00,73911.377,74665.94163269037,73811.33465333075
2014-04-12 16:00:00,74113.63,74371.86327722682,74088.43289858827
2014-04-12 17:00:00,74692.617,74343.68384837397,74257.46376278921
2014-04-12 18:00:00,74524.002,74340.14951456312,75231.74241693072
2014-04-12 19:00:00,75420.949,74280.14031701739,76059.2177094754
2014-04-12 20:00:00,78727.019,75500.06402754114,77713.66971521902
2014-04-12 21:00:00,77348.281,77069.33955016559,77821.3043928659
2014-04-12 22:00:00,73190.496,74605.8766110724,73308.25745129143
2014-04-12 23:00:00,68147.232,69947.15241319498,68270.49343660628
2014-04-13 00:00:00,63874.941,67723.26385078707,63897.160285021804
2014-04-13 01:00:00,61050.875,63716.40411769407,61128.69206623881
2014-04-13 02:00:00,59225.25,61153.492635860726,59342.13886672608
2014-04-13 03:00:00,58114.762,59628.15752781518,58240.96139722071
2014-04-13 04:00:00,58068.043,58896.781084002876,58206.85692980445
2014-04-13 05:00:00,58907.045,59278.304498970625,59323.31612036752
2014-04-13 06:00:00,60475.448,60778.23322496294,60585.784889513074
2014-04-13 07:00:00,62419.607,62674.68715419738,63326.892673207665
2014-04-13 08:00:00,66298.25,64855.70540267503,65643.04329415565
2014-04-13 09:00:00,69270.651,67767.05966830105,70530.72289412019
2014-04-13 10:00:00,71235.726,69630.65085504734,71971.58732963658
2014-04-13 11:00:00,72477.019,71000.20657504654,73319.45539652459
2014-04-13 12:00:00,73446.899,71597.04557715019,73410.64761559502
2014-04-13 13:00:00,74148.508,71943.27082863206,73852.83894809063
2014-04-13 14:00:00,74345.21,72032.257384841,73995.81540607286
2014-04-13 15:00:00,75149.545,71947.03452513285,74492.82438393692
2014-04-13 16:00:00,76430.128,72420.83119266757,75665.94563778905
2014-04-13 17:00:00,77513.846,73487.79179736195,76662.08785899902
2014-04-13 18:00:00,77936.542,74190.92253273075,77721.1191054362
2014-04-13 19:00:00,79629.677,74860.82960147993,78719.51845528769
2014-04-13 20:00:00,83608.64,77016.97451374207,81169.1421487175
2014-04-13 21:00:00,81687.976,78987.81969518271,81844.40750042809
2014-04-13 22:00:00,76586.043,75892.71484721472,76326.19447411694
2014-04-13 23:00:00,71071.585,70550.72964865474,71057.53732486328
2014-04-14 00:00:00,66532.668,70620.34889176226,66471.94522720616
2014-04-14 01:00:00,63831.796,66449.10145808003,63794.68688706216
2014-04-14 02:00:00,62354.284,63937.27307651212,62847.34264125125
2014-04-14 03:00:00,61904.848,62531.33411131879,61785.11901225188
2014-04-14 04:00:00,63073.228,62325.805948866044,63504.63960914444
2014-04-14 05:00:00,67066.303,63848.51771838563,67734.61510674097
2014-04-14 06:00:00,75193.011,68002.6349414257,74686.59331365571
2014-04-14 07:00:00,80596.769,74601.69613867119,81127.60118266984
2014-04-14 08:00:00,83519.411,79348.84575408077,83560.28247564203
2014-04-14 09:00:00,85634.643,82115.1533756365,85456.50404574351
2014-04-14 10:00:00,87405.03,84062.05298683631,86901.18867203275
2014-04-14 11:00:00,88261.874,85517.98722123331,87366.28561073476
2014-04-14 12:00:00,88579.857,86212.07501338191,87784.99101143419
2014-04-14 13:00:00,88708.791,86456.91236390003,87573.37867202736
2014-04-14 14:00:00,88253.593,86431.06323605325,88013.16081950281
2014-04-14 15:00:00,87623.633,86156.71780584463,87565.70331112591
2014-04-14 16:00:00,87535.756,86004.81224365205,87841.80458802293
2014-04-14 17:00:00,87534.264,86449.76912742254,88504.53468059014
2014-04-14 18:00:00,87176.094,86576.22088273692,88930.93081339916
2014-04-14 19:00:00,88360.299,86739.7341190615,88726.00025151444
2014-04-14 20:00:00,90588.801,88503.1483730692,89246.28326838782
2014-04-14 21:00:00,87457.217,89137.64158187732,87539.77765871293
2014-04-14 22:00:00,81725.494,85049.89254328559,82003.95559250636
2014-04-14 23:00:00,75309.988,79078.99091197687,75215.79441220542
2014-04-15 00:00:00,70545.32,75680.79623288676,71757.67951260724
2014-04-15 01:00:00,67818.326,71376.25328335376,68323.41506963105
2014-04-15 02:00:00,66427.643,68886.99613337357,66804.15269936669
2014-04-15 03:00:00,65920.415,67704.22400557267,66713.29752733889
2014-04-15 04:00:00,67302.392,67699.33347831585,67659.81591299307
2014-04-15 05:00:00,72080.458,70069.41938457682,72493.42114181102
2014-04-15 06:00:00,80701.614,76213.44854758872,81062.21050038828
2014-04-15 07:00:00,86443.817,83916.10592469166,85742.41085551369
2014-04-15 08:00:00,89157.925,88557.36010774074,87747.40583649022
2014-04-15 09:00:00,90939.146,90751.15325880543,89229.42672694978
2014-04-15 10:00:00,92229.651,92196.2446023538,90853.72521801807
2014-04-15 11:00:00,92643.577,93032.70261871626,91179.41298286052
2014-04-15 12:00:00,92684.506,93107.57523270472,91847.36234354826
2014-04-15 13:00:00,92336.229,92876.52732033696,91772.18802563424
2014-04-15 14:00:00,91301.798,92267.1471117184,91460.07872670167
2014-04-15 15:00:00,90303.778,91110.63120283176,90930.39009504662
2014-04-15 16:00:00,90581.24,90155.83052909332,91436.06549362173
2014-04-15 17:00:00,91092.356,90192.85679723583,92704.15359367577
2014-04-15 18:00:00,91491.892,90338.23498029962,92466.63423670818
2014-04-15 19:00:00,92783.991,90968.34988763365,92786.3123692491
2014-04-15 20:00:00,94822.24,92753.96289339874,93075.21522613571
2014-04-15 21:00:00,93173.215,93129.26077458567,91775.45178267536
2014-04-15 22:00:00,88125.888,89946.94659063595,87869.27338217298
2014-04-15 23:00:00,82986.684,84235.85164933573,82158.92250782567
2014-04-16 00:00:00,79245.564,81756.33938995385,79108.69757334683
2014-04-16 01:00:00,77419.233,78203.04971276091,77170.46563576709
2014-04-16 02:00:00,76928.12,76413.77732207775,77082.40366476959
2014-04-16 03:00:00,77320.703,75854.12919461775,77945.31521744281
2014-04-16 04:00:00,79823.325,76567.97146266064,79508.35547793751
2014-04-16 05:00:00,85816.143,79911.71766239111,84453.8769617413
2014-04-16 06:00:00,94806.89,86987.28179589499,93493.7954048985
2014-04-16 07:00:00,99179.552,94889.84941157734,98603.32849578514
2014-04-16 08:00:00,99104.237,98302.94059667973,98164.39681649579
2014-04-16 09:00:00,97873.059,98275.82524978332,97524.10526097115
2014-04-16 10:00:00,96070.206,97352.4973265483,97182.60852957398
2014-04-16 11:00:00,94391.51,95841.34900576674,94886.34892506363
2014-04-16 12:00:00,92698.577,94391.98509181521,93474.48059331399
2014-04-16 13:00:00,90793.215,92811.46779339801,91575.5266869749
2014-04-16 14:00:00,89040.312,91004.01498751498,89790.86187082685
2014-04-16 15:00:00,86969.23,89254.95036495174,88547.42935813003
2014-04-16 16:00:00,85916.685,87631.22696742087,88253.89708648427
2014-04-16 17:00:00,85893.15,86823.75226417162,88111.52625932709
2014-04-16 18:00:00,85974.666,86738.45809811643,88448.06448500878
2014-04-16 19:00:00,88190.58,87177.12942466048,88088.9176365232
2014-04-16 20:00:00,93558.817,89608.41620301639,89336.70935773355
2014-04-16 21:00:00,93024.417,92723.71473479366,90916.76772270618
2014-04-16 22:00:00,88266.407,90481.84521421121,87639.44793934628
2014-04-16 23:00:00,82877.226,85235.73903294362,81980.88927044492
2014-04-17 00:00:00,78908.698,82832.29106765582,78433.57262990755
2014-04-17 01:00:00,77062.479,79311.89297300503,76253.86510021958
2014-04-17 02:00:00,76306.813,77724.01344893289,76214.7376397743
2014-04-17 03:00:00,76623.458,77205.1580080066,77136.49638738764
2014-04-17 04:00:00,78779.297,78117.53699087066,78469.81716851109
2014-04-17 05:00:00,84086.379,81504.55814138844,84840.96582303102
2014-04-17 06:00:00,92021.338,88170.57599808738,91901.32855507224
2014-04-17 07:00:00,95354.792,94986.87574993896,96508.73132787384
2014-04-17 08:00:00,94313.371,96966.79954095867,95144.15959056551
2014-04-17 09:00:00,92339.212,95491.25634408402,94062.65910067123
2014-04-17 10:00:00,90739.13,93254.29205765772,92273.69682574463
2014-04-17 11:00:00,89078.508,91096.0932086021,89766.08873976763
2014-04-17 12:00:00,87512.469,89205.35425148567,88584.09624919097
2014-04-17 13:00:00,86174.712,87399.33627427793,87693.2392082257
2014-04-17 14:00:00,84760.383,85760.30715736387,85998.30194176841
2014-04-17 15:00:00,83175.426,84003.42073359076,84541.91575914407
2014-04-17 16:00:00,82368.349,82446.22285892678,83183.19806077376
2014-04-17 17:00:00,81896.831,81713.66169929304,82583.9678422786
2014-04-17 18:00:00,81561.124,81291.23274448366,82735.15251439202
2014-04-17 19:00:00,82913.205,81665.91982498876,82853.07899156878
2014-04-17 20:00:00,87416.79,84199.2349046909,85704.71301953912
2014-04-17 21:00:00,86731.188,86897.07904098861,85495.91374522998
2014-04-17 22:00:00,81837.252,84582.37997705469,81901.33155284362
2014-04-17 23:00:00,76142.451,79156.81385092443,76045.79995689241
2014-04-18 00:00:00,71912.44,76538.2007757416,71644.88872394677
2014-04-18 01:00:00,69752.838,72798.12773822463,69344.61928188855
2014-04-18 02:00:00,69078.881,70840.32140599245,68510.06279390393
2014-04-18 03:00:00,69195.469,70306.95943063711,69118.91619077513
2014-04-18 04:00:00,70677.076,70914.56296377946,70440.51850166611
2014-04-18 05:00:00,74481.74,73565.45019952388,74633.0996725498
2014-04-18 06:00:00,80079.347,78895.00959685617,81938.84564300116
2014-04-18 07:00:00,83543.62,83949.02167936935,85242.91595122873
2014-04-18 08:00:00,85459.356,86090.04191095247,85307.18448976243
2014-04-18 09:00:00,85697.738,86737.73952411406,85479.03655461394
2014-04-18 10:00:00,84867.749,86231.2460264119,85978.98754952334
2014-04-18 11:00:00,83152.408,85054.23028726094,84164.29545151848
2014-04-18 12:00:00,81339.918,83254.23653759541,82655.34844229218
2014-04-18 13:00:00,79920.349,81439.94974662896,81088.21912001586
2014-04-18 14:00:00,78603.148,79863.01287148142,79506.30661086104
2014-04-18 15:00:00,77603.075,78355.16817933129,77998.08287291392
2014-04-18 16:00:00,77279.933,77240.87433124999,78041.66063648542
2014-04-18 17:00:00,77454.23,76702.22959274276,77995.34257976286
2014-04-18 18:00:00,77341.235,76523.28627185359,78071.66661811912
2014-04-18 19:00:00,78027.078,76686.54269804903,78844.55242048783
2014-04-18 20:00:00,81143.346,78380.985857681,79818.18030860802
2014-04-18 21:00:00,80620.407,80128.76792424383,79665.12247705624
2014-04-18 22:00:00,77058.444,78220.2143056136,76819.88026473613
2014-04-18 23:00:00,72181.164,73791.81689338182,71775.7071427558
2014-04-19 00:00:00,68251.192,72336.06866272108,68019.76266204413
2014-04-19 01:00:00,65803.011,68687.76419313427,65729.28898402373
2014-04-19 02:00:00,64562.318,66530.8207513082,64625.34349656639
2014-04-19 03:00:00,64213.291,65527.00695261347,64037.15744092061
2014-04-19 04:00:00,64817.82,65556.32892759232,64359.939087269435
2014-04-19 05:00:00,66776.155,66904.62713796306,66440.59245731695
2014-04-19 06:00:00,69575.548,69798.01175871912,69134.07656273404
2014-04-19 07:00:00,72311.962,72726.09506149623,72115.6334773583
2014-04-19 08:00:00,75276.244,75279.26859310364,74614.07533442
2014-04-19 09:00:00,76616.987,77367.1765264715,76728.7226178467
2014-04-19 10:00:00,76449.287,77905.73631478535,76909.68816061363
2014-04-19 11:00:00,75541.662,77087.99661611443,75941.72860986413
2014-04-19 12:00:00,74281.76,75585.24767020492,74658.78750452571
2014-04-19 13:00:00,72769.81,74065.79667079418,73882.24269023332
2014-04-19 14:00:00,71696.171,72453.9524275586,71788.00949858458
2014-04-19 15:00:00,71059.689,71297.34276447975,71480.65843543278
2014-04-19 16:00:00,71122.402,70636.59235462085,71082.1108496796
2014-04-19 17:00:00,71463.642,70627.08592162565,71311.94144021804
2014-04-19 18:00:00,71694.168,70726.10892704393,72154.7202690382
2014-04-19 19:00:00,73217.08,71036.85496097144,73332.12380434741
2014-04-19 20:00:00,76989.178,73105.50082490894,75300.05929086397
2014-04-19 21:00:00,76877.138,75387.57729801683,76310.84392845698
2014-04-19 22:00:00,73652.42,74114.75846271146,72720.55978213645
2014-04-19 23:00:00,69198.822,70149.42341945479,68761.59920692675
2014-04-20 00:00:00,65192.928,68338.70047417685,64796.72156002742
2014-04-20 01:00:00,62653.232,64581.155599043304,62915.94966337149
2014-04-20 02:00:00,61478.594,62226.11029949071,61389.0837481073
2014-04-20 03:00:00,61025.746,61096.7327182051,60812.195736382004
2014-04-20 04:00:00,61409.605,60803.44672694657,61134.0213302107
2014-04-20 05:00:00,63171.433,61501.99855723521,62485.74626466465
2014-04-20 06:00:00,65254.498,63413.86851872226,64998.19999925317
2014-04-20 07:00:00,67751.37,65575.36035635916,67582.7800034461
2014-04-20 08:00:00,70608.078,68198.58067268433,70503.93876522608
2014-04-20 09:00:00,71872.125,70500.16975010152,72314.8283133331
2014-04-20 10:00:00,71407.594,71106.48767255427,72721.70243645448
2014-04-20 11:00:00,70755.159,70407.74561464938,71657.11852806612
2014-04-20 12:00:00,69954.464,69523.70331384151,70979.95234761041
2014-04-20 13:00:00,68845.407,68470.24279799528,70006.49593319978
2014-04-20 14:00:00,67337.386,67459.65260270696,69192.85600591749
2014-04-20 15:00:00,66565.236,66424.06119026867,68249.71227317285
2014-04-20 16:00:00,66459.556,66082.42027300697,68301.14851657394
2014-04-20 17:00:00,67093.912,66147.50115375326,68017.03032911131
2014-04-20 18:00:00,67786.703,66506.38912102205,69094.26533743013
2014-04-20 19:00:00,69998.023,67236.99065532202,70563.81051839053
2014-04-20 20:00:00,75167.845,69604.2550959887,73035.55074555225
2014-04-20 21:00:00,75535.827,72930.51406335109,75200.25000328111
2014-04-20 22:00:00,71937.31,71840.93821973026,71872.41154256274
2014-04-20 23:00:00,67505.016,67617.9354329833,66741.73578143699
2014-04-21 00:00:00,64068.096,68378.05097482612,63699.03514969554
2014-04-21 01:00:00,62533.668,64995.51463952428,61971.68816157896
2014-04-21 02:00:00,62088.032,63382.38783469617,61246.181294769194
2014-04-21 03:00:00,62714.783,62810.61767823844,61868.73139732689
2014-04-21 04:00:00,64901.77,63489.45490296826,64458.269983986975
2014-04-21 05:00:00,70437.294,65773.39907166046,69645.05369269286
2014-04-21 06:00:00,78677.174,70884.13887762463,78384.39705805546
2014-04-21 07:00:00,83131.268,77685.15623480966,83875.19750240076
2014-04-21 08:00:00,84423.007,81446.49290746404,84213.34142976027
2014-04-21 09:00:00,84745.894,82621.61041944292,85163.74533708657
2014-04-21 10:00:00,85117.604,82681.96310602402,86196.08154557261
2014-04-21 11:00:00,85281.389,82670.90306461806,86819.16655318011
2014-04-21 12:00:00,85039.815,82981.04077742306,86682.47374550517
2014-04-21 13:00:00,85074.857,82760.35845757858,86042.43425415312
2014-04-21 14:00:00,84775.278,82419.2418344694,85427.78845119456
2014-04-21 15:00:00,84323.944,81889.68023780495,84847.68220974343
2014-04-21 16:00:00,83733.638,81402.75763941332,84621.7531012284
2014-04-21 17:00:00,83696.675,80908.4200806084,83776.24013520191
2014-04-21 18:00:00,83183.994,80687.85162097655,83662.79280617382
2014-04-21 19:00:00,84157.15,80550.27033123633,83817.08198209619
2014-04-21 20:00:00,87625.331,82199.99395835274,86084.99400937778
2014-04-21 21:00:00,85210.436,84274.82365019702,85316.94506651694
2014-04-21 22:00:00,78655.474,81031.77903523494,79201.22900545878
2014-04-21 23:00:00,72219.715,74653.75713910344,71782.18346028337
2014-04-22 00:00:00,67573.0,71499.19835572611,67045.87958564365
2014-04-22 01:00:00,64780.894,67497.14575717224,64492.901373199275
2014-04-22 02:00:00,63125.267,65175.176138113784,63330.16470202401
2014-04-22 03:00:00,62798.583,63985.02077583979,62499.03462330382
2014-04-22 04:00:00,64139.088,64320.12091566748,63952.38688231341
2014-04-22 05:00:00,68905.24,66953.08172793631,68726.54994954525
2014-04-22 06:00:00,77067.534,73069.00133303185,77420.84565746701
2014-04-22 07:00:00,81616.067,80303.29716472255,82473.09740277368
2014-04-22 08:00:00,83264.704,83948.26505105445,83301.33553799929
2014-04-22 09:00:00,83884.657,85220.05669893575,84086.58492568275
2014-04-22 10:00:00,84763.468,85721.48090280034,84464.39627189243
2014-04-22 11:00:00,85093.739,86262.90970136493,83863.68070039955
2014-04-22 12:00:00,85086.754,86301.53510557617,84366.09975132279
2014-04-22 13:00:00,85350.24,86109.51337593568,84375.76110499757
2014-04-22 14:00:00,85025.681,85951.3059237182,84565.29263984047
2014-04-22 15:00:00,84445.738,85371.39550968826,84234.31664321401
2014-04-22 16:00:00,84172.033,84721.71207242155,84513.12408574078
2014-04-22 17:00:00,83815.353,84450.84423737889,84447.76512195026
2014-04-22 18:00:00,83394.527,84096.30893684126,84653.839949529
2014-04-22 19:00:00,83873.506,84087.76079318319,84463.66175683995
2014-04-22 20:00:00,86646.939,85601.57065756616,86266.32556405434
2014-04-22 21:00:00,85104.481,86736.71432458535,84829.88491256395
2014-04-22 22:00:00,79093.75,83534.54720234175,80363.81626971767
2014-04-22 23:00:00,72987.674,77258.50743931643,73833.03110981328
2014-04-23 00:00:00,68206.783,74211.27219508133,68430.3580449626
2014-04-23 01:00:00,65433.018,69969.46954232361,66084.66969218441
2014-04-23 02:00:00,64265.538,67511.69360639219,64555.43902908568
2014-04-23 03:00:00,64205.614,66580.49726762659,64589.99963509527
2014-04-23 04:00:00,65570.008,67042.0540431609,65648.95779639571
2014-04-23 05:00:00,70763.705,69662.26204351083,70181.35440904292
2014-04-23 06:00:00,79366.338,76064.51255610172,79411.05698021257
2014-04-23 07:00:00,84319.646,83478.01487606496,84366.44544310484
2014-04-23 08:00:00,85803.468,87144.15437708775,85672.05988186925
2014-04-23 09:00:00,86416.759,87998.44365163925,86017.70622753908
2014-04-23 10:00:00,86732.571,88233.34185591183,86543.19270401864
2014-04-23 11:00:00,86241.957,88104.71468453907,85827.12590082672
2014-04-23 12:00:00,85671.466,87380.62040679142,85494.53173602976
2014-04-23 13:00:00,85036.378,86623.0067934623,84981.43160455475
2014-04-23 14:00:00,84117.96,85709.23713648497,84363.15135098531
2014-04-23 15:00:00,83180.442,84522.29021040576,83397.12894093874
2014-04-23 16:00:00,82816.026,83354.11067265365,82919.11166393098
2014-04-23 17:00:00,82610.813,82859.88082427495,83129.89332531496
2014-04-23 18:00:00,82611.346,82543.905198059,83049.74035913662
2014-04-23 19:00:00,83764.147,82789.15922556815,83704.04792815512
2014-04-23 20:00:00,88170.417,84877.2288387277,86066.92620769163
2014-04-23 21:00:00,87090.487,87478.8224068688,86167.71816210917
2014-04-23 22:00:00,81512.272,84741.98003055598,81487.31504021505
2014-04-23 23:00:00,75744.097,78799.60152166725,75466.58789699765
2014-04-24 00:00:00,71517.503,75905.91492212543,71235.14996176497
2014-04-24 01:00:00,69327.004,72011.45719673147,68716.85597478203
2014-04-24 02:00:00,68451.882,70013.81087310497,68108.47969703656
2014-04-24 03:00:00,68484.106,69314.68168033811,68164.67424986216
2014-04-24 04:00:00,70303.201,69784.71549763526,69778.42456128424
2014-04-24 05:00:00,75741.552,72716.67411052798,75229.06862931108
2014-04-24 06:00:00,84129.528,79219.54978624353,83269.74112014758
2014-04-24 07:00:00,88127.483,86453.94717258013,88490.57501608938
2014-04-24 08:00:00,88576.678,89300.26886570879,88660.19598576233
2014-04-24 09:00:00,87834.189,89337.52436343348,88401.96748334862
2014-04-24 10:00:00,87213.422,88498.1343607949,87781.87226167352
2014-04-24 11:00:00,85931.255,87493.86975562134,86476.25105922029
2014-04-24 12:00:00,84936.045,85923.25923962607,85314.80218758495
2014-04-24 13:00:00,84410.271,84738.64844317778,83911.90174738264
2014-04-24 14:00:00,83475.499,83840.146711796,83597.11869323144
2014-04-24 15:00:00,82466.993,82643.24174680884,82815.4290705066
2014-04-24 16:00:00,82050.18,81605.50104388013,82231.29682986886
2014-04-24 17:00:00,81866.945,81074.25802517412,82096.26219699172
2014-04-24 18:00:00,81468.29,80803.15288929777,82502.72162300408
2014-04-24 19:00:00,82310.057,80819.31204050763,82360.99974620812
2014-04-24 20:00:00,86477.328,82799.76899137003,84382.84887717846
2014-04-24 21:00:00,85171.777,85265.4319265936,85101.59654596838
2014-04-24 22:00:00,79722.934,82413.03853748785,79274.49018287357
2014-04-24 23:00:00,73643.775,76547.84708163916,72946.03967404107
2014-04-25 00:00:00,69353.471,73513.22791102913,69166.23477103852
2014-04-25 01:00:00,67030.069,69884.90030190996,67250.65310276988
2014-04-25 02:00:00,66096.109,67865.29910413863,65708.10671537042
2014-04-25 03:00:00,65993.518,67122.86019112742,65611.49291752714
2014-04-25 04:00:00,67547.755,67520.67762929827,67139.46629833909
2014-04-25 05:00:00,72610.29,70140.82137788329,72385.75473850234
2014-04-25 06:00:00,80330.113,76092.93840330711,80160.43336935269
2014-04-25 07:00:00,84643.682,82635.11094776235,85110.24112153318
2014-04-25 08:00:00,85658.68,85808.053660886,85268.09636938189
2014-04-25 09:00:00,85743.997,86211.10678074465,85189.05677484666
2014-04-25 10:00:00,85755.836,85875.11880947664,85571.40647337276
2014-04-25 11:00:00,85440.731,85048.14684598242,84733.73104180253
2014-04-25 12:00:00,84783.122,84226.03545242544,84027.01085026315
2014-04-25 13:00:00,84360.933,83314.83157455466,83290.7574448098
2014-04-25 14:00:00,83598.565,82485.84413842908,83143.05028278413
2014-04-25 15:00:00,82829.872,81439.31388887289,82429.9117659183
2014-04-25 16:00:00,82442.293,80582.59066014033,82639.98685342606
2014-04-25 17:00:00,82147.451,80112.29797032001,81823.70853464217
2014-04-25 18:00:00,81697.779,79674.0353494194,81923.23524340453
2014-04-25 19:00:00,81618.147,79522.99442221291,81830.7645957343
2014-04-25 20:00:00,82967.314,80708.19295632365,82914.84864573173
2014-04-25 21:00:00,81959.118,81242.07049063478,81192.86504670353
2014-04-25 22:00:00,77551.909,78841.92706117268,76837.07896987145
2014-04-25 23:00:00,72188.005,73885.54215701995,71968.5154522076
2014-04-26 00:00:00,67891.601,72112.96858923552,67451.13473776325
2014-04-26 01:00:00,65214.971,68189.93934382954,64828.81442079006
2014-04-26 02:00:00,63748.86,65851.912648073,63740.71202429779
2014-04-26 03:00:00,63218.808,64634.67708656478,62998.237617475126
2014-04-26 04:00:00,63525.289,64542.713453648976,63269.06738983044
2014-04-26 05:00:00,65201.454,66001.02436359474,64676.17799287766
2014-04-26 06:00:00,67785.514,69099.12730156512,67843.13276111543
2014-04-26 07:00:00,70400.967,72046.0420268313,71334.45309731533
2014-04-26 08:00:00,73547.853,74230.26970892293,73504.56945648137
2014-04-26 09:00:00,75055.468,76195.07190342191,75969.4167182646
2014-04-26 10:00:00,75492.308,76999.56815333487,76455.421031968
2014-04-26 11:00:00,75184.944,76903.50001101736,75417.78895893057
2014-04-26 12:00:00,74367.08,76205.41168671002,74901.783666159
2014-04-26 13:00:00,73511.399,75182.24543178902,73535.37788422215
2014-04-26 14:00:00,72885.15,74124.64285988883,72505.02040490905
2014-04-26 15:00:00,72695.55,73273.80047389798,71869.55343232425
2014-04-26 16:00:00,73062.55,72907.7358157631,72457.1598663423
2014-04-26 17:00:00,73389.667,72998.40059240688,72843.31128145175
2014-04-26 18:00:00,73239.003,73096.34753711952,73882.12714799435
2014-04-26 19:00:00,73842.934,73048.25160525067,74322.01564400415
2014-04-26 20:00:00,76927.877,74133.47978482246,76093.3212915254
2014-04-26 21:00:00,76713.243,76158.81316792636,76619.85246993977
2014-04-26 22:00:00,72917.603,74597.53793601366,72616.7741593108
2014-04-26 23:00:00,68344.136,70166.1898440957,68417.62418140698
2014-04-27 00:00:00,64210.832,68202.76862520247,64684.904357015264
2014-04-27 01:00:00,61591.595,64327.17497372278,61782.29062107894
2014-04-27 02:00:00,60255.903,61924.01567794512,60466.20441180737
2014-04-27 03:00:00,59541.1,60705.85127530062,59669.3066022394
2014-04-27 04:00:00,59696.665,60209.37034202608,59920.71930646022
2014-04-27 05:00:00,60821.178,60790.28853648623,61230.97059678971
2014-04-27 06:00:00,62554.789,62284.70165364243,62939.767544984534
2014-04-27 07:00:00,64936.613,64251.651746513635,64879.01783220126
2014-04-27 08:00:00,68570.214,66766.43736980567,67624.29431597078
2014-04-27 09:00:00,70805.156,69573.80818417187,71471.84838662784
2014-04-27 10:00:00,71567.129,70933.78229232879,71529.95244099371
2014-04-27 11:00:00,71699.063,71039.73206873835,71325.9107850375
2014-04-27 12:00:00,71668.014,70410.86907161883,71585.1340180617
2014-04-27 13:00:00,71285.162,69842.99876932547,71217.40109643305
2014-04-27 14:00:00,70890.738,69067.37196063412,70549.44009270277
2014-04-27 15:00:00,70927.716,68471.38098271636,70369.22981995298
2014-04-27 16:00:00,71734.26,68397.40285921762,71367.66791050832
2014-04-27 17:00:00,73070.922,68939.35584563983,72441.21380656942
2014-04-27 18:00:00,73811.132,69827.73405971433,73915.55112841568
2014-04-27 19:00:00,75314.126,70628.23079842413,75154.43393999361
2014-04-27 20:00:00,79385.578,72858.68099888324,77358.36521636594
2014-04-27 21:00:00,78620.075,75579.09874437412,77903.52261896014
2014-04-27 22:00:00,73811.152,73657.99766942303,74138.75182021616
2014-04-27 23:00:00,68628.096,68897.79960371945,68915.16219757928
2014-04-28 00:00:00,64793.83,69214.52464285179,64564.57012861342
2014-04-28 01:00:00,62657.374,65658.93896340796,62409.228569087674
2014-04-28 02:00:00,61976.668,63700.09694454844,61639.11924493743
2014-04-28 03:00:00,62135.249,63011.51721931514,61796.16972718031
2014-04-28 04:00:00,63767.261,63281.12562480592,63933.153062906225
2014-04-28 05:00:00,68851.774,65175.47602200913,69519.55251986791
2014-04-28 06:00:00,77334.793,69932.5440614004,76881.69668860671
2014-04-28 07:00:00,82458.78,76771.5633833861,82854.05766042626
2014-04-28 08:00:00,84088.048,81194.94555512661,84204.60339889993
2014-04-28 09:00:00,84491.206,82746.00530219902,84707.12334976465
2014-04-28 10:00:00,85131.115,83093.26864216354,85047.5439732105
2014-04-28 11:00:00,85338.224,83418.87114972709,84610.67433908474
2014-04-28 12:00:00,85412.689,83136.63093418755,84654.49135420052
2014-04-28 13:00:00,85189.928,82973.09218253891,84639.17387891343
2014-04-28 14:00:00,84534.491,82566.00589401362,84191.5572553568
2014-04-28 15:00:00,84046.603,81939.46940653023,83829.52455933618
2014-04-28 16:00:00,84350.002,81593.61123829361,84004.18902256264
2014-04-28 17:00:00,84896.789,81982.81879786903,84796.7727863692
2014-04-28 18:00:00,85418.887,82363.05387724182,84996.38428755508
2014-04-28 19:00:00,86508.126,83054.97663414969,86131.90965575556
2014-04-28 20:00:00,88091.396,85031.56947125887,87684.33890816977
2014-04-28 21:00:00,85298.467,85580.41203300995,85175.21376364797
2014-04-28 22:00:00,79379.561,81683.75172525998,79053.07044736898
2014-04-28 23:00:00,72994.128,75535.55689499766,72432.30866353941
2014-04-29 00:00:00,68867.353,72318.40400088446,67881.06024697011
2014-04-29 01:00:00,66364.944,68517.1191934284,65701.5712661831
2014-04-29 02:00:00,65026.601,66296.43013452023,65084.675558007846
2014-04-29 03:00:00,64766.063,65237.658312352476,64244.452364751334
2014-04-29 04:00:00,66065.422,65448.33364550611,65724.71671641774
2014-04-29 05:00:00,70751.769,67919.88638089322,70178.27526841972
2014-04-29 06:00:00,79417.591,73926.23237892782,79196.06089441072
2014-04-29 07:00:00,84604.161,81496.06910638176,84707.07427026826
2014-04-29 08:00:00,86481.797,85496.04851649085,85403.83926031787
2014-04-29 09:00:00,87598.919,86800.95523852244,86414.01984809147
2014-04-29 10:00:00,88432.599,87625.09408249888,87795.76574634894
2014-04-29 11:00:00,88701.085,88060.53794306223,88291.45381088142
2014-04-29 12:00:00,88754.23,88053.30863324141,88704.51333196166
2014-04-29 13:00:00,88787.149,87852.58703662836,88849.20399965445
2014-04-29 14:00:00,88120.5,87493.37712202853,88739.82100121987
2014-04-29 15:00:00,87974.434,86696.64552774286,87896.06855974179
2014-04-29 16:00:00,88299.132,86612.13922758041,87644.74795467583
2014-04-29 17:00:00,88701.121,86771.12163943991,88169.80305717804
2014-04-29 18:00:00,88556.481,86979.47860625247,88746.62825838152
2014-04-29 19:00:00,88753.209,87120.91413345697,88868.76692798448
2014-04-29 20:00:00,90094.625,87862.87493363817,89667.50386782199
2014-04-29 21:00:00,87719.611,87947.66393617108,87170.46983865355
2014-04-29 22:00:00,81718.891,84220.90291395818,81267.29905315107
2014-04-29 23:00:00,75422.634,77831.13717650683,74277.5303680609
2014-04-30 00:00:00,70941.866,74597.13244608382,70228.94861989512
2014-04-30 01:00:00,68405.114,70470.73338111241,68129.6481672554
2014-04-30 02:00:00,67064.661,68140.69095016361,66274.29968845996
2014-04-30 03:00:00,66668.327,67024.25897347904,66440.04128905236
2014-04-30 04:00:00,67988.868,67077.54720965953,67908.7795715736
2014-04-30 05:00:00,72580.34,69537.51311858275,72021.60541955211
2014-04-30 06:00:00,80943.76,75581.680255927,80980.49554596812
2014-04-30 07:00:00,86030.897,83006.29536193529,85729.59189822029
2014-04-30 08:00:00,87863.318,86987.65281494259,86748.01802394883
2014-04-30 09:00:00,88998.928,88424.2785334816,87909.90091165136
2014-04-30 10:00:00,90057.244,89276.38150881961,88824.56593836192
2014-04-30 11:00:00,90330.355,89844.30630924927,89455.13062275156
2014-04-30 12:00:00,90112.029,89826.84722216924,89589.28185434219
2014-04-30 13:00:00,90118.377,89428.77444708203,89898.53417318454
2014-04-30 14:00:00,89367.572,89045.70936551908,89546.36461200188
2014-04-30 15:00:00,88832.192,88245.28226923334,88779.07643816574
2014-04-30 16:00:00,88977.32,87761.72940510827,88754.64972321206
2014-04-30 17:00:00,89390.496,87799.0110017478,89009.54963886575
2014-04-30 18:00:00,89342.376,88029.81663484046,89528.10833997729
2014-04-30 19:00:00,89184.493,88038.94161834294,90233.20610452082
2014-04-30 20:00:00,89711.046,88674.42863417466,90362.00082563933
2014-04-30 21:00:00,87331.406,88244.3642417284,87745.69072392592
2014-04-30 22:00:00,81485.884,84453.82310856834,80928.06148065369
2014-04-30 23:00:00,74835.316,78163.69051134094,74594.12076099055
2014-05-01 00:00:00,70117.014,74856.28177733421,69978.78965852172
2014-05-01 01:00:00,67125.702,70645.92821257243,67185.13056553008
2014-05-01 02:00:00,65385.723,68042.85243934969,65537.51388598095
2014-05-01 03:00:00,65035.695,66637.74930446057,64978.76041739748
2014-05-01 04:00:00,66030.815,66802.21982843053,66103.21034249323
2014-05-01 05:00:00,70578.199,69047.63291589078,70510.04883678275
2014-05-01 06:00:00,78632.238,74949.87259301342,77867.26478696868
2014-05-01 07:00:00,83576.563,82039.61481425552,84505.18414026256
2014-05-01 08:00:00,85216.037,85787.43971117937,86040.57818934767
2014-05-01 09:00:00,86080.865,86921.08707284124,86399.58335838368
2014-05-01 10:00:00,86868.499,87481.02488508236,86997.70024535929
2014-05-01 11:00:00,86806.445,87745.25155561115,86363.72552915954
2014-05-01 12:00:00,86691.622,87130.65936993482,86320.77284423205
2014-05-01 13:00:00,86765.254,86825.0446462385,86286.16826114205
2014-05-01 14:00:00,86576.794,86437.02097175512,85904.95799320993
2014-05-01 15:00:00,86040.506,85911.05663238754,86011.67436573462
2014-05-01 16:00:00,86013.853,85390.75611600975,85938.08080478448
2014-05-01 17:00:00,85887.864,85311.30665837819,85878.9848334377
2014-05-01 18:00:00,85387.973,85106.61163508163,85844.27543001765
2014-05-01 19:00:00,85560.447,84697.26264771077,85671.7988531756
2014-05-01 20:00:00,88534.605,85499.74197836377,86499.70382674481
2014-05-01 21:00:00,87062.715,86772.97090389836,86050.30996640197
2014-05-01 22:00:00,81132.52,83685.11895873697,80646.77535966306
2014-05-01 23:00:00,74352.485,77248.3725421426,73934.55595036864
2014-05-02 00:00:00,69177.871,73601.0593224218,69736.82303813197
2014-05-02 01:00:00,66315.163,68927.1820883447,66296.22285177374
2014-05-02 02:00:00,64640.374,66311.65416124342,64911.278359710865
2014-05-02 03:00:00,64209.451,64931.596574143,64107.10991712593
2014-05-02 04:00:00,65202.86,64911.294808542734,65078.51591697683
2014-05-02 05:00:00,69812.136,67092.76760975058,69574.85339213187
2014-05-02 06:00:00,77210.144,72878.15169886022,76922.59669208025
2014-05-02 07:00:00,82164.513,79511.00032888626,83150.96995900017
2014-05-02 08:00:00,83961.851,83306.57977451992,84242.5928809599
2014-05-02 09:00:00,84661.699,84597.4605072419,84752.35465462049
2014-05-02 10:00:00,85096.877,85097.17918667456,85255.6687512371
2014-05-02 11:00:00,85346.749,85159.1424284581,84561.7440767541
2014-05-02 12:00:00,84913.843,85062.28212746092,84511.24014364522
2014-05-02 13:00:00,84327.862,84356.43343311662,83905.50290985688
2014-05-02 14:00:00,83433.448,83651.10350714446,83493.74040600809
2014-05-02 15:00:00,82611.957,82664.06146984219,82515.48601925996
2014-05-02 16:00:00,82141.539,81907.89403804476,82344.56763104074
2014-05-02 17:00:00,81542.295,81387.33708010943,82097.44670813756
2014-05-02 18:00:00,80418.498,80714.78057536959,81509.2573188834
2014-05-02 19:00:00,80195.598,79845.19707129615,81117.39788537547
2014-05-02 20:00:00,82814.971,80405.51488171717,81453.4498829325
2014-05-02 21:00:00,82245.911,81658.5376849055,81361.84608718228
2014-05-02 22:00:00,77732.623,79447.59877394799,76865.67815596379
2014-05-02 23:00:00,72294.193,74037.55321042117,72097.21461332668
2014-05-03 00:00:00,67654.248,71954.53198172912,67549.43710281863
2014-05-03 01:00:00,64804.383,67652.75470635711,64609.26470248275
2014-05-03 02:00:00,63112.922,64992.3231577255,63014.84163765772
2014-05-03 03:00:00,62411.035,63535.969897597635,61967.351850338055
2014-05-03 04:00:00,62671.021,63177.444313619824,62587.671107243186
2014-05-03 05:00:00,64127.694,64473.30985130476,64149.736834861826
2014-05-03 06:00:00,66385.208,67323.20989210751,66521.3284219522
2014-05-03 07:00:00,69542.199,70183.80552861086,69897.91761626434
2014-05-03 08:00:00,73036.411,72961.02842762982,72709.27668382598
2014-05-03 09:00:00,75160.778,75508.67113196575,75471.47896325047
2014-05-03 10:00:00,75818.52,76662.30337437344,76301.24888318179
2014-05-03 11:00:00,75665.687,76894.37737381393,75752.73956420261
2014-05-03 12:00:00,75152.231,76400.74455069393,75202.66341710209
2014-05-03 13:00:00,74371.273,75606.5212021297,74641.88387734338
2014-05-03 14:00:00,73860.038,74613.86529023592,73714.52833559054
2014-05-03 15:00:00,73299.299,73870.5478645612,73373.40747370035
2014-05-03 16:00:00,73342.371,73229.72917024238,73444.70758135105
2014-05-03 17:00:00,73427.636,72997.577596384,73443.98260271073
2014-05-03 18:00:00,73283.088,72683.45139335343,73399.95228543089
2014-05-03 19:00:00,73541.097,72506.4545595627,73935.80768897934
2014-05-03 20:00:00,76061.809,73559.56235673427,75276.26663075047
2014-05-03 21:00:00,76279.759,75116.1455065473,75691.55224087073
2014-05-03 22:00:00,72741.819,73750.59097061533,72384.0808796357
2014-05-03 23:00:00,67863.276,69449.32350432724,68014.65292087429
2014-05-04 00:00:00,63780.133,67165.22626794122,63618.79736933699
2014-05-04 01:00:00,61356.926,63248.048481732825,61228.321795347445
2014-05-04 02:00:00,59788.83,60900.434485728634,59472.56301925131
2014-05-04 03:00:00,59019.188,59437.33334275684,58894.04015596364
2014-05-04 04:00:00,58964.638,58854.66681298464,58894.62669757975
2014-05-04 05:00:00,59990.613,59294.81436553798,59768.46407820192
2014-05-04 06:00:00,61003.44,60596.31146252596,62008.510762534715
2014-05-04 07:00:00,63433.662,62172.94492418417,64039.02459922133
2014-05-04 08:00:00,67174.891,64893.227421448144,66748.29527750166
2014-05-04 09:00:00,69909.484,67901.42519017804,70331.69377542677
2014-05-04 10:00:00,71076.403,69810.1324473543,70930.08051715954
2014-05-04 11:00:00,71914.225,70379.86898801886,71454.61865986776
2014-05-04 12:00:00,72418.345,70656.65395045195,72016.12924157492
2014-05-04 13:00:00,72476.539,70625.89316501045,72327.4878305616
2014-05-04 14:00:00,71860.785,70356.08501301943,71943.41876446179
2014-05-04 15:00:00,71725.496,69668.14193942165,71689.24137236798
2014-05-04 16:00:00,72476.361,69558.88501263628,72790.23999293883
2014-05-04 17:00:00,73712.158,70143.49715089328,73222.29275620816
2014-05-04 18:00:00,74329.072,70996.04160213546,74336.18049076399
2014-05-04 19:00:00,75110.58,71572.36438360115,75627.92022188565
2014-05-04 20:00:00,78588.799,73095.87987273817,77561.12994860619
2014-05-04 21:00:00,78757.916,75545.91697909773,77393.50935103548
2014-05-04 22:00:00,74253.34,74257.37506631477,74375.74294712386
2014-05-04 23:00:00,69073.899,69372.14402555783,69900.79063701471
2014-05-05 00:00:00,64780.594,69668.26120286796,65005.50367687259
2014-05-05 01:00:00,62629.592,65787.17811484044,62624.204771879435
2014-05-05 02:00:00,61695.622,63730.27677179128,61367.20893368131
2014-05-05 03:00:00,61778.288,62814.126583326215,61691.84879566033
2014-05-05 04:00:00,63590.098,62913.94021967029,63069.98584689897
2014-05-05 05:00:00,68705.93,64857.2796807509,68937.66794147324
2014-05-05 06:00:00,76440.443,69462.7075095354,75853.51965991344
2014-05-05 07:00:00,81700.731,75859.66217538586,82235.66959293652
2014-05-05 08:00:00,83160.17,80392.29392768977,83536.69760150198
2014-05-05 09:00:00,83616.225,81907.50416438584,83921.42462257364
2014-05-05 10:00:00,84184.799,82383.7991135519,84353.7510971426
2014-05-05 11:00:00,84412.652,82794.14859270449,83921.17413773756
2014-05-05 12:00:00,84200.221,82769.10141504061,84013.08645580991
2014-05-05 13:00:00,84132.647,82446.42953696313,83589.33077808462
2014-05-05 14:00:00,83601.847,82027.46356121088,83475.77008885641
2014-05-05 15:00:00,83128.315,81427.894965184,83097.24661959181
2014-05-05 16:00:00,82991.107,81172.16395091168,83105.6328036365
2014-05-05 17:00:00,82919.731,81304.07154425132,83062.69608833894
2014-05-05 18:00:00,82512.304,81362.41214322337,83276.51963388204
2014-05-05 19:00:00,82881.656,81278.66032077985,83616.33339316752
2014-05-05 20:00:00,85293.394,82431.54904587197,84575.26167780781
2014-05-05 21:00:00,84660.205,83758.44464580494,83590.10830971465
2014-05-05 22:00:00,78759.887,81686.77670063109,78674.01576842196
2014-05-05 23:00:00,72527.104,75633.76758674686,72255.29946330056
2014-05-06 00:00:00,68035.288,72521.2600275467,67875.74604693665
2014-05-06 01:00:00,65558.342,68528.13144773924,65056.01489552273
2014-05-06 02:00:00,64267.276,66348.43130910092,64307.86755360023
2014-05-06 03:00:00,64195.49,65334.50058766441,64124.40522756353
2014-05-06 04:00:00,65507.826,65745.29719446714,65417.13521454143
2014-05-06 05:00:00,70342.592,68250.0210519823,69821.03512309326
2014-05-06 06:00:00,77989.141,74232.90825662996,78152.79950907834
2014-05-06 07:00:00,82473.538,81201.5906176356,83485.8993555192
2014-05-06 08:00:00,83679.979,84618.43399431948,84293.81461138044
2014-05-06 09:00:00,84037.605,85429.97224737378,84655.52261777992
2014-05-06 10:00:00,84404.974,85481.80050604361,84659.74760295903
2014-05-06 11:00:00,84487.762,85567.17498115888,84647.76533825987
2014-05-06 12:00:00,84626.59,85396.51571115339,84459.87447984103
2014-05-06 13:00:00,84974.262,85295.26294050092,84716.31658588338
2014-05-06 14:00:00,84862.535,85167.33461932604,84956.6951416964
2014-05-06 15:00:00,84666.287,84793.96639789929,84887.35692152819
2014-05-06 16:00:00,84602.607,84503.72735856881,84809.75275852426
2014-05-06 17:00:00,84582.254,84335.84627871461,84711.85554318999
2014-05-06 18:00:00,83740.241,84120.05636796,84486.5919604782
2014-05-06 19:00:00,83329.069,83541.79559060693,84005.55235429094
2014-05-06 20:00:00,86176.822,83871.21542342161,84690.04490210197
2014-05-06 21:00:00,85883.742,85355.20624674723,84556.55852111282
2014-05-06 22:00:00,79381.741,83034.35156028265,79864.49471185853
2014-05-06 23:00:00,72422.693,76291.55614487034,72406.81707882174
2014-05-07 00:00:00,67269.519,72564.38808183989,67389.98667134973
2014-05-07 01:00:00,64665.703,68017.06086421205,64621.706855411314
2014-05-07 02:00:00,63267.927,65639.73060973237,63498.56052580867
2014-05-07 03:00:00,62934.496,64487.74894065376,62618.7867536864
2014-05-07 04:00:00,63969.362,64585.07351164348,63964.220931157375
2014-05-07 05:00:00,68643.78,66796.69616751545,68750.7223855698
2014-05-07 06:00:00,76108.897,72619.20239820983,76869.20651063217
2014-05-07 07:00:00,80925.604,79282.94638499225,81395.82692816545
2014-05-07 08:00:00,82642.119,82954.11533060322,83442.32320116303
2014-05-07 09:00:00,83566.512,84181.61130498517,83969.77606091292
2014-05-07 10:00:00,84816.599,84814.1097917336,84661.46832285727
2014-05-07 11:00:00,85702.02,85482.40804900561,85195.06314573095
2014-05-07 12:00:00,86315.154,85883.34131742295,86311.3273424641
2014-05-07 13:00:00,87007.755,86366.96674239355,87082.00950649427
2014-05-07 14:00:00,87169.187,86952.33034295528,87397.47740192374
2014-05-07 15:00:00,87192.191,87070.41772062363,87643.42852290563
2014-05-07 16:00:00,87588.905,87181.03807768851,87335.9035847687
2014-05-07 17:00:00,87376.048,87442.3649054848,87388.14086098608
2014-05-07 18:00:00,86693.954,86830.19958749367,86808.09025089146
2014-05-07 19:00:00,86275.762,85971.86368630588,86703.28579924587
2014-05-07 20:00:00,87946.0,85921.49143832354,87171.4143628248
2014-05-07 21:00:00,87181.078,86224.86126752065,85868.58285856523
2014-05-07 22:00:00,80936.185,83424.7355996664,80763.18979665023
2014-05-07 23:00:00,74011.433,76664.39646570964,73265.004564778
2014-05-08 00:00:00,68792.556,72779.1527601213,68245.0695919878
2014-05-08 01:00:00,65691.622,68132.96351889684,65242.33489719472
2014-05-08 02:00:00,64190.054,65350.61556136199,64367.0443201756
2014-05-08 03:00:00,63237.22,64087.32883598159,63259.93526565919
2014-05-08 04:00:00,64380.972,63669.24798957065,64051.163852833895
2014-05-08 05:00:00,68878.025,65927.01059350575,68693.89207680325
2014-05-08 06:00:00,76488.491,71530.71525221772,76214.25753240446
2014-05-08 07:00:00,81710.019,78343.64765473924,81907.27142658681
2014-05-08 08:00:00,84589.557,82304.77395324927,84549.16131434304
2014-05-08 09:00:00,86633.175,84431.279572801,86739.1070141996
2014-05-08 10:00:00,89058.827,86467.17504351432,89710.78984345026
2014-05-08 11:00:00,90707.762,88973.27230746587,91780.0538959576
2014-05-08 12:00:00,92324.454,90477.87401638932,93022.636829817
2014-05-08 13:00:00,94125.647,92031.9860595956,93893.92647988448
2014-05-08 14:00:00,95624.246,93382.3879732855,95522.0364901538
2014-05-08 15:00:00,96660.47,94438.98289805173,96685.49388764965
2014-05-08 16:00:00,97647.148,95249.17112790176,97903.96173833155
2014-05-08 17:00:00,97989.289,95845.75826740976,97700.2293600595
2014-05-08 18:00:00,96952.879,95641.40523346017,96532.38470234137
2014-05-08 19:00:00,95686.31,94592.93570308671,94594.58959162961
2014-05-08 20:00:00,96635.02,94065.08400889786,95393.49590641964
2014-05-08 21:00:00,95690.484,93850.5430086095,93965.22994833246
2014-05-08 22:00:00,88941.032,90618.45188465963,89305.09426885736
2014-05-08 23:00:00,80604.594,83074.89383439702,81115.58312236573
2014-05-09 00:00:00,74302.314,77924.62740472666,73821.56012846783
2014-05-09 01:00:00,69978.419,72183.5600853981,70140.65780839336
2014-05-09 02:00:00,67290.954,68350.78819059329,67059.72310102411
2014-05-09 03:00:00,65964.366,65907.77458936446,66441.72244191941
2014-05-09 04:00:00,66474.798,65066.8326314585,66345.96572573418
2014-05-09 05:00:00,70155.165,66666.9781370339,70229.95434237902
2014-05-09 06:00:00,77038.452,71712.89936930533,77115.66503814272
2014-05-09 07:00:00,82991.728,78130.45369976432,83170.27349720188
2014-05-09 08:00:00,86284.993,82966.61777143538,86405.4370810756
2014-05-09 09:00:00,88715.356,85921.20210963876,89396.63703764013
2014-05-09 10:00:00,90844.13,88382.23196583489,91858.31532054889
2014-05-09 11:00:00,92481.877,90459.54494510099,92953.3353884624
2014-05-09 12:00:00,93342.477,91846.42325537931,93786.77826093434
2014-05-09 13:00:00,94493.097,92548.46555837155,94448.98722934067
2014-05-09 14:00:00,94388.267,93469.96816911301,94967.97066861311
2014-05-09 15:00:00,94083.423,93486.30304764476,95086.49613202382
2014-05-09 16:00:00,93598.893,93379.18916263932,94578.1576990492
2014-05-09 17:00:00,92174.604,92912.89280837722,93265.98728986207
2014-05-09 18:00:00,89858.414,91267.72865815197,91247.91597577129
2014-05-09 19:00:00,88181.273,89009.44099192525,89798.18407966087
2014-05-09 20:00:00,88868.442,87977.4932925886,88470.31931881036
2014-05-09 21:00:00,87589.311,87699.86783572672,87877.29025752684
2014-05-09 22:00:00,82380.605,84480.43139459587,82563.92689721189
2014-05-09 23:00:00,75882.989,78244.96683517683,75220.04765661723
2014-05-10 00:00:00,70224.4,75148.4508357602,70031.38338799082
2014-05-10 01:00:00,66335.958,69808.80248340199,66339.6577001446
2014-05-10 02:00:00,64077.077,66197.04620257797,64406.069883793076
2014-05-10 03:00:00,62656.868,64136.93960924396,62726.4000016016
2014-05-10 04:00:00,62208.516,63189.24811772864,62603.12033693876
2014-05-10 05:00:00,63410.907,63793.187376506045,63482.887643064685
2014-05-10 06:00:00,64872.294,66368.98151262989,65584.29197538989
2014-05-10 07:00:00,68455.106,68980.20924397692,67949.2179653035
2014-05-10 08:00:00,73591.314,72435.98883946681,73145.82083831223
2014-05-10 09:00:00,77520.227,76604.12289097354,77258.05345393275
2014-05-10 10:00:00,80303.472,79700.6060507597,79831.47333205148
2014-05-10 11:00:00,81747.327,81772.88032545475,81594.26443117808
2014-05-10 12:00:00,82168.888,82737.05576784642,81896.90728985067
2014-05-10 13:00:00,81858.794,83002.56900565102,82225.9801697873
2014-05-10 14:00:00,81431.669,82506.85337698218,82110.57969810524
2014-05-10 15:00:00,80765.905,81996.49036991342,81505.35324031534
2014-05-10 16:00:00,80172.66,81384.59988347947,81293.92377657443
2014-05-10 17:00:00,79982.098,80619.12344016295,80705.66966878163
2014-05-10 18:00:00,79320.751,79800.22742226797,80092.53357926568
2014-05-10 19:00:00,78986.429,78796.28044731184,79094.79423956864
2014-05-10 20:00:00,80363.597,78652.15413451393,79805.80546300944
2014-05-10 21:00:00,80483.185,79205.91199422476,78560.09733818748
2014-05-10 22:00:00,76494.232,77661.1810398969,76900.40762697447
2014-05-10 23:00:00,71257.411,72779.02633524788,70941.95265173791
2014-05-11 00:00:00,66379.641,70034.6866640109,66665.24679502212
2014-05-11 01:00:00,62898.355,65358.954861570804,63412.683050274056
2014-05-11 02:00:00,60676.083,62116.45324089336,60729.13379689124
2014-05-11 03:00:00,59284.375,60024.34908972238,59462.745996099475
2014-05-11 04:00:00,58845.277,58809.455984891036,58991.27145836856
2014-05-11 05:00:00,59016.42,58768.768219679056,59370.12858412222
2014-05-11 06:00:00,59426.33,59181.565258750576,59968.38584196116
2014-05-11 07:00:00,62480.43,60413.128868739834,62384.60296422849
2014-05-11 08:00:00,67412.913,63917.32266924695,66216.14814915834
2014-05-11 09:00:00,71556.238,68333.44705400759,71279.67797274515
2014-05-11 10:00:00,73809.868,71722.90762686607,73679.08760569047
2014-05-11 11:00:00,75529.119,73620.82150663472,76418.34511427852
2014-05-11 12:00:00,77026.553,75286.90636231811,77136.44045993061
2014-05-11 13:00:00,78172.358,76529.94583701435,77771.28400165288
2014-05-11 14:00:00,79446.26,77323.35563387003,78989.68336449462
2014-05-11 15:00:00,81051.618,78209.97549280591,80358.2016512629
2014-05-11 16:00:00,82804.265,79310.18998922888,82131.04781757278
2014-05-11 17:00:00,83846.16,80494.63955639189,83372.95530255897
2014-05-11 18:00:00,84099.305,80803.63549210019,83670.18758808314
2014-05-11 19:00:00,83795.012,80692.50271956614,83794.15739344133
2014-05-11 20:00:00,85816.998,80661.5037564699,85088.59057838385
2014-05-11 21:00:00,85592.85,81504.94234380139,84010.52393908259
2014-05-11 22:00:00,80140.033,79438.78600974854,80272.21531191343
2014-05-11 23:00:00,73623.367,73476.93394215773,74054.58041671541
2014-05-12 00:00:00,68421.596,72586.39860927952,68298.24020625552
2014-05-12 01:00:00,65139.716,67799.8584970189,65117.44184877578
2014-05-12 02:00:00,63349.239,64779.16388046093,63930.750098590455
2014-05-12 03:00:00,62663.174,63100.740786706534,62814.797321685146
2014-05-12 04:00:00,63895.397,62602.76524059348,63915.63369935738
2014-05-12 05:00:00,68118.86,63956.74687680291,68822.95255519458
2014-05-12 06:00:00,75581.368,67788.72344704594,75142.63271184938
2014-05-12 07:00:00,81749.379,74138.6158631223,81690.44414375123
2014-05-12 08:00:00,86074.453,79569.77546661682,84767.26054302283
2014-05-12 09:00:00,90124.901,83408.48372721238,89032.02368213954
2014-05-12 10:00:00,93980.319,87004.1443694926,92882.83982493504
2014-05-12 11:00:00,97817.705,90418.43549741281,96154.3466645181
2014-05-12 12:00:00,100712.138,93621.90929718665,100504.81662148362
2014-05-12 13:00:00,103506.776,96093.08017033321,102845.25653965824
2014-05-12 14:00:00,105132.067,98282.02239068186,104401.38140198482
2014-05-12 15:00:00,106451.187,99753.4228370121,105971.76066704944
2014-05-12 16:00:00,107721.351,101005.0127973419,106667.83429417943
2014-05-12 17:00:00,107891.132,101976.76824201515,108354.1808488286
2014-05-12 18:00:00,106432.311,102006.22233322565,105789.34808483101
2014-05-12 19:00:00,104592.204,100730.25912076366,102890.1514885825
2014-05-12 20:00:00,104636.049,99841.11065558523,103082.1814809375
2014-05-12 21:00:00,102118.788,99317.45281988317,101752.13154078306
2014-05-12 22:00:00,93813.445,95292.7020930579,94969.39937344927
2014-05-12 23:00:00,85052.774,86953.32771422643,85539.96797155311
2014-05-13 00:00:00,77972.616,81695.9060556612,78103.3318387177
2014-05-13 01:00:00,73276.911,75507.64777529906,73377.71155289968
2014-05-13 02:00:00,70694.056,71481.58034553548,70612.63043417777
2014-05-13 03:00:00,69019.04,69291.89930129363,68842.97595244662
2014-05-13 04:00:00,69612.461,68357.66052373196,69153.8572078477
2014-05-13 05:00:00,73343.379,70063.40877174976,72583.2940225087
2014-05-13 06:00:00,80306.655,75121.99040719977,79257.10553379386
2014-05-13 07:00:00,86845.736,81714.46593540882,86431.9887855593
2014-05-13 08:00:00,91173.747,87456.95697050833,91376.80937659978
2014-05-13 09:00:00,95203.047,91643.02645379171,94939.35612066703
2014-05-13 10:00:00,98817.624,95608.41781391486,99228.50399731527
2014-05-13 11:00:00,102244.148,99270.1376768405,102607.88417668587
2014-05-13 12:00:00,104676.967,102304.12010529733,104611.08559535231
2014-05-13 13:00:00,107062.539,104575.24711940414,106837.95730023221
2014-05-13 14:00:00,108417.899,106342.65746152365,108269.024144694
2014-05-13 15:00:00,109352.905,107387.38796119211,109195.74469522492
2014-05-13 16:00:00,109709.641,108011.40528068178,109601.23333130573
2014-05-13 17:00:00,108660.841,108046.40374673193,108818.58081396116
2014-05-13 18:00:00,106172.313,106529.5143789351,106434.22658822358
2014-05-13 19:00:00,102643.634,103927.53576051931,103952.21388433191
2014-05-13 20:00:00,101494.704,101287.7345568983,101516.33507622084
2014-05-13 21:00:00,98770.897,99473.35058744447,98559.72522876733
2014-05-13 22:00:00,90546.062,94855.01939341963,91586.54997734349
2014-05-13 23:00:00,81754.778,86252.84461918882,82620.35536046297
2014-05-14 00:00:00,74964.137,80574.48856143639,74613.73053529802
2014-05-14 01:00:00,70856.717,74369.64792593486,70691.098705663
2014-05-14 02:00:00,67979.712,70644.28533187241,68682.53965613815
2014-05-14 03:00:00,66776.815,68101.05885354729,66766.48067612777
2014-05-14 04:00:00,66984.205,67397.85062688778,67388.71196576141
2014-05-14 05:00:00,70669.629,68800.55842235373,70379.51092722882
2014-05-14 06:00:00,77761.048,73693.70774872412,77302.56955049059
2014-05-14 07:00:00,82938.147,80529.02291684088,83601.76397825612
2014-05-14 08:00:00,85705.073,85159.97238696038,87126.93142866626
2014-05-14 09:00:00,87553.395,87951.46521923807,89042.96720293678
2014-05-14 10:00:00,89460.572,90040.5336222735,90435.48061533022
2014-05-14 11:00:00,90697.196,92061.80498814007,90729.12609318247
2014-05-14 12:00:00,91708.978,93377.0090573276,91153.32617453387
2014-05-14 13:00:00,92942.238,94528.39445189157,92415.14612324341
2014-05-14 14:00:00,93727.199,95540.551332306,93488.15367619193
2014-05-14 15:00:00,93955.62,96124.68695931492,93692.60307515056
2014-05-14 16:00:00,94505.149,96222.8074439728,94446.44226733164
2014-05-14 17:00:00,94003.066,96191.90689026294,94110.78384780133
2014-05-14 18:00:00,92632.544,95120.68315503167,93832.92323911662
2014-05-14 19:00:00,91888.506,93165.68577741597,92255.21356941773
2014-05-14 20:00:00,93120.179,92423.90898397288,91884.55666361332
2014-05-14 21:00:00,91251.257,92425.49231806654,91222.90538262026
2014-05-14 22:00:00,84567.963,88396.48561140153,85413.62922379967
2014-05-14 23:00:00,77249.278,80814.6506940006,77385.45659673958
2014-05-15 00:00:00,71731.731,76189.02482991338,71811.21259088282
2014-05-15 01:00:00,68466.552,70918.67019034864,68205.79074726319
2014-05-15 02:00:00,66566.087,67664.89693471373,66224.38527212181
2014-05-15 03:00:00,65804.531,65810.52039474725,66020.34580509024
2014-05-15 04:00:00,66748.811,65305.64210243817,66529.7455295537
2014-05-15 05:00:00,70983.916,67164.5945997923,69859.27026076043
2014-05-15 06:00:00,78660.033,72454.10296856111,78289.95943889221
2014-05-15 07:00:00,84674.896,79416.44794732306,84234.69791614244
2014-05-15 08:00:00,87956.65,84413.40165048264,86714.73435230045
2014-05-15 09:00:00,90132.383,87218.47373207819,88970.01883503742
2014-05-15 10:00:00,92132.984,89329.10300899163,90943.90815363922
2014-05-15 11:00:00,93290.458,91067.06246445952,91285.25620553922
2014-05-15 12:00:00,93949.41,92155.85953355025,92308.31477309503
2014-05-15 13:00:00,94558.178,92968.17237382522,93148.52165296703
2014-05-15 14:00:00,94564.289,93613.39439376649,93551.96184881621
2014-05-15 15:00:00,94361.676,93671.19523793866,93620.0043127723
2014-05-15 16:00:00,93921.286,93676.15200811281,94372.1761653009
2014-05-15 17:00:00,92901.741,93197.36063704372,94319.18434658318
2014-05-15 18:00:00,91331.714,91962.06606440243,93160.85489099655
2014-05-15 19:00:00,90481.352,90443.82678494748,91474.89547988796
2014-05-15 20:00:00,91581.091,90334.43612362232,90341.50919253552
2014-05-15 21:00:00,90211.935,90491.79933361882,88884.3669441444
2014-05-15 22:00:00,84326.011,87187.77529238202,84878.50500253034
2014-05-15 23:00:00,77324.639,80428.52263056053,78329.28702376895
2014-05-16 00:00:00,72345.618,76247.18251874516,72460.34602352492
2014-05-16 01:00:00,69121.544,71448.11783139229,69147.68146548369
2014-05-16 02:00:00,67447.833,68377.69265211152,67262.92300052724
2014-05-16 03:00:00,66795.242,66773.73328361372,67008.82051241893
2014-05-16 04:00:00,67759.661,66483.96629284976,67650.67212580815
2014-05-16 05:00:00,71641.324,68419.51407412163,71469.14294190849
2014-05-16 06:00:00,78776.362,73510.00054435857,77937.24252086019
2014-05-16 07:00:00,83872.833,80378.4022807513,84221.40227616137
2014-05-16 08:00:00,86603.927,84873.70445274543,85563.58853579075
2014-05-16 09:00:00,88046.167,87365.88554947826,87962.30716986487
2014-05-16 10:00:00,89107.097,88874.4230305482,88282.65548614378
2014-05-16 11:00:00,89194.63,89853.13561567475,88120.06129694529
2014-05-16 12:00:00,88811.412,89990.06854725859,88224.6032895934
2014-05-16 13:00:00,88553.749,89816.38712397749,88033.7002880936
2014-05-16 14:00:00,87855.447,89464.9727415756,87306.95693677489
2014-05-16 15:00:00,87231.356,88732.25193398239,86914.07589965411
2014-05-16 16:00:00,86703.162,87985.327911012,88174.92343923365
2014-05-16 17:00:00,85805.218,87080.62982330976,87692.36088152215
2014-05-16 18:00:00,84337.339,85707.13748953315,87053.65806502527
2014-05-16 19:00:00,82951.621,84176.61997158718,85441.48443791214
2014-05-16 20:00:00,84111.368,83425.82769567877,84059.91213828092
2014-05-16 21:00:00,83899.295,83670.51585945507,82864.6097862528
2014-05-16 22:00:00,79462.433,81495.29035958878,79154.1315064773
2014-05-16 23:00:00,73554.273,75974.76498543394,73919.45042933167
2014-05-17 00:00:00,68425.175,73463.07217402713,68795.25814521768
2014-05-17 01:00:00,65196.57,68609.51139385159,65530.44193276567
2014-05-17 02:00:00,63454.041,65604.59380450202,63922.34318314308
2014-05-17 03:00:00,62443.268,63959.238673300555,62327.565759523124
2014-05-17 04:00:00,62660.36,63293.1123694133,62762.98696882936
2014-05-17 05:00:00,63851.858,64342.40230080683,64071.10189380058
2014-05-17 06:00:00,65612.449,66816.06656653744,65845.44650080564
2014-05-17 07:00:00,68976.872,69458.8214741397,69207.1390739541
2014-05-17 08:00:00,72719.265,72822.17869950701,73103.02686132182
2014-05-17 09:00:00,75453.99,75983.84965574415,75604.04864679163
2014-05-17 10:00:00,76502.621,78225.38330501468,76732.95459589327
2014-05-17 11:00:00,76657.822,78905.30482972156,76557.16806242568
2014-05-17 12:00:00,75925.261,78784.38986252199,76216.14839297364
2014-05-17 13:00:00,75248.499,77875.79970754149,75090.93449407464
2014-05-17 14:00:00,74441.757,77033.30517078949,74710.23169950908
2014-05-17 15:00:00,73843.975,76078.81258517418,74111.84571044128
2014-05-17 16:00:00,73828.166,75306.77490635226,74305.03437056311
2014-05-17 17:00:00,74069.776,74907.55698760579,74792.05614481821
2014-05-17 18:00:00,73887.948,74541.24738041137,74508.4091716569
2014-05-17 19:00:00,73637.45,73925.58560796034,75047.85646071205
2014-05-17 20:00:00,75582.377,74089.3653388497,75117.20906467672
2014-05-17 21:00:00,76605.031,75408.37728368865,75264.76248454452
2014-05-17 22:00:00,73407.665,74606.73946437138,72960.52068065235
2014-05-17 23:00:00,69101.195,70388.89887204075,69001.1214176732
2014-05-18 00:00:00,64941.604,68319.27189058183,64936.01945647009
2014-05-18 01:00:00,62423.339,64193.22919924775,62239.80903023166
2014-05-18 02:00:00,61079.731,61682.10221020208,60822.74872091657
2014-05-18 03:00:00,60457.827,60242.1473869525,60314.507464563896
2014-05-18 04:00:00,60675.97,59697.27435059878,60573.21938429857
2014-05-18 05:00:00,61233.328,60030.51494867381,61398.83659751516
2014-05-18 06:00:00,61928.792,60707.83882136976,62065.519055311874
2014-05-18 07:00:00,64157.406,62148.587227563534,65071.51742178265
2014-05-18 08:00:00,67473.656,64834.170386613594,67173.61356905765
2014-05-18 09:00:00,69778.346,67937.34536381737,70885.99155768659
2014-05-18 10:00:00,70755.67,69664.36592361145,70879.58446177066
2014-05-18 11:00:00,71401.412,70318.28854136317,71602.5654286924
2014-05-18 12:00:00,71736.847,70583.5507989082,71514.90389607029
2014-05-18 13:00:00,71512.283,70623.49464437457,71628.38037520452
2014-05-18 14:00:00,71292.788,70253.63859138638,71214.84378091805
2014-05-18 15:00:00,71252.221,69988.95792002486,71321.80901052564
2014-05-18 16:00:00,71966.742,70010.5772183205,72354.14315937346
2014-05-18 17:00:00,72984.534,70538.06567561415,73064.08823926028
2014-05-18 18:00:00,73600.761,71126.96751579146,73691.4379888628
2014-05-18 19:00:00,74118.106,71344.90841883433,74966.79150633914
2014-05-18 20:00:00,76574.3,72288.1002595369,76105.700315896
2014-05-18 21:00:00,77800.983,74145.7138219838,76689.63031062987
2014-05-18 22:00:00,73778.964,73606.61902131929,73685.31068537975
2014-05-18 23:00:00,68576.33,69054.60524822095,68830.69426225248
2014-05-19 00:00:00,64643.257,69280.99830040574,64238.1807886763
2014-05-19 01:00:00,62580.429,65519.538334783916,62394.34652454245
2014-05-19 02:00:00,61777.615,63481.05987906954,61233.45244805669
2014-05-19 03:00:00,61810.265,62609.955844681695,61501.80848976398
2014-05-19 04:00:00,63705.032,62722.9002139817,62981.57357614382
2014-05-19 05:00:00,68483.175,64547.127773073,68665.4352037839
2014-05-19 06:00:00,75772.082,68718.33927973235,75206.00797339287
2014-05-19 07:00:00,81100.078,74864.2795789038,81322.20056527307
2014-05-19 08:00:00,83230.959,79559.71347484335,82967.76345267236
2014-05-19 09:00:00,84323.377,81688.58189733016,84229.4363652743
2014-05-19 10:00:00,85398.727,82849.52189710843,86068.6886616197
2014-05-19 11:00:00,85788.416,83937.44798228756,86945.11374619073
2014-05-19 12:00:00,86128.151,84460.99046719,86632.9756214199
2014-05-19 13:00:00,86461.255,84815.29341617349,86404.87743390418
2014-05-19 14:00:00,86453.314,85043.09798717362,86782.16134405778
2014-05-19 15:00:00,86402.518,85048.60645733445,86786.9020323934
2014-05-19 16:00:00,86324.042,85330.8380795678,86555.57504520843
2014-05-19 17:00:00,86174.365,85525.05568595848,86365.47332945012
2014-05-19 18:00:00,85360.879,85187.9242885657,86068.92960444071
2014-05-19 19:00:00,84600.122,84343.4945417758,85424.45227685472
2014-05-19 20:00:00,85975.555,84313.43528808332,86162.48798715833
2014-05-19 21:00:00,85631.28,85217.3960133683,84222.83951145668
2014-05-19 22:00:00,79488.048,83067.100803675,80209.0061908033
2014-05-19 23:00:00,72424.531,76551.22230054157,72993.28452719939
2014-05-20 00:00:00,67383.469,72599.11155863122,67113.3813622766
2014-05-20 01:00:00,64678.426,67991.76023199307,64440.38363035008
2014-05-20 02:00:00,63136.893,65507.90365018034,63288.79560157857
2014-05-20 03:00:00,62644.219,64105.06607043646,62378.15964099657
2014-05-20 04:00:00,63838.835,64120.80890117284,63590.58381404118
2014-05-20 05:00:00,67964.254,66328.84832013988,68633.77120232052
2014-05-20 06:00:00,74917.165,71505.38041137398,75878.69338768348
2014-05-20 07:00:00,80439.934,78148.02117831225,80882.07634875039
2014-05-20 08:00:00,82743.365,82793.96091017404,83887.96808231571
2014-05-20 09:00:00,84684.072,84931.25315048789,85107.79386021946
2014-05-20 10:00:00,86503.333,86732.22161284526,87037.08611864569
2014-05-20 11:00:00,88111.24,88258.01421498648,88185.75246052064
2014-05-20 12:00:00,89053.141,89889.59408309685,89134.81970525665
2014-05-20 13:00:00,90676.893,91189.91444599918,89942.25871645423
2014-05-20 14:00:00,91583.956,92602.84758135841,91128.88425054074
2014-05-20 15:00:00,92307.141,93414.57691372976,92208.25738555883
2014-05-20 16:00:00,93271.771,94021.544131403,92223.78383288757
2014-05-20 17:00:00,93506.121,94593.82657548443,92657.6448469167
2014-05-20 18:00:00,92342.877,94219.5301289089,92160.06920562308
2014-05-20 19:00:00,91934.445,92661.64586626658,90885.48712479143
2014-05-20 20:00:00,93513.904,92316.96798668605,91709.6249891791
2014-05-20 21:00:00,92619.607,92542.37437842667,90551.84004205077
2014-05-20 22:00:00,85886.223,89097.07197339294,86459.88419215645
2014-05-20 23:00:00,78292.231,81405.63090676386,78316.73656122746
2014-05-21 00:00:00,72235.7,76707.63468112708,71695.92960620987
2014-05-21 01:00:00,68733.544,71155.00055809479,68311.54103791293
2014-05-21 02:00:00,66590.112,67866.85052999601,66045.14503962775
2014-05-21 03:00:00,65471.285,66018.55926988077,65874.41691659547
2014-05-21 04:00:00,66196.311,65424.57264089977,65580.30176308393
2014-05-21 05:00:00,70358.61,67181.86360994299,69622.50032875716
2014-05-21 06:00:00,77335.425,72345.91666649946,77108.97824179029
2014-05-21 07:00:00,83330.152,78934.26338133978,83263.97832733826
2014-05-21 08:00:00,86686.576,83801.19557392111,86657.70927553272
2014-05-21 09:00:00,89105.246,86629.84126320556,90356.57574804025
2014-05-21 10:00:00,91599.526,89037.83906816697,92264.5959603921
2014-05-21 11:00:00,93859.635,91591.46918218127,94052.52526445132
2014-05-21 12:00:00,95449.866,93602.84213967706,95814.31787430076
2014-05-21 13:00:00,97334.65,95385.30816860616,97285.51083636415
2014-05-21 14:00:00,98505.327,97069.83957635067,98350.56580239019
2014-05-21 15:00:00,99341.243,98112.21185039698,99535.54085378854
2014-05-21 16:00:00,100616.706,98931.95716968481,99736.50039679656
2014-05-21 17:00:00,100392.568,99713.96113357873,100641.40967945589
2014-05-21 18:00:00,98732.403,98885.54786401658,98794.35445830271
2014-05-21 19:00:00,97480.758,97306.76706220242,96197.3847394561
2014-05-21 20:00:00,97368.037,96591.42902574493,96950.22427799019
2014-05-21 21:00:00,95706.867,95647.72169072673,95515.54767518588
2014-05-21 22:00:00,88852.215,91619.55313411071,88818.3296285445
2014-05-21 23:00:00,80787.227,83765.73995469419,81199.91052870151
2014-05-22 00:00:00,74210.463,78676.51213113291,73983.6483029852
2014-05-22 01:00:00,70244.775,72827.10564961223,70080.85037725943
2014-05-22 02:00:00,67867.424,69252.04503596161,67462.87044112157
2014-05-22 03:00:00,66574.374,67137.70747357045,66617.60978715638
2014-05-22 04:00:00,67150.077,66401.0921290316,67497.67060607471
2014-05-22 05:00:00,70968.317,68130.17183207783,70278.23702126429
2014-05-22 06:00:00,77757.402,73144.79090759374,77912.16735796485
2014-05-22 07:00:00,83726.642,79795.58131110345,83715.15239609523
2014-05-22 08:00:00,87502.144,84921.03971659607,87238.71575783743
2014-05-22 09:00:00,90640.447,88167.11780291969,90200.38827872514
2014-05-22 10:00:00,93845.815,90955.64645076633,93330.16591858343
2014-05-22 11:00:00,96233.587,93634.22873978638,95770.88343556228
2014-05-22 12:00:00,97770.476,95681.6031487201,97061.44004067633
2014-05-22 13:00:00,99386.165,97269.70405214783,98465.45704047904
2014-05-22 14:00:00,100527.461,98600.32615830027,99489.4091210898
2014-05-22 15:00:00,101222.472,99475.52939686725,100497.95475050149
2014-05-22 16:00:00,101185.071,100071.69427791216,101036.30600910481
2014-05-22 17:00:00,100147.741,99736.65699651862,100302.34678971184
2014-05-22 18:00:00,97440.825,98268.61822704853,98664.4332246932
2014-05-22 19:00:00,94981.647,95724.51054623627,96070.37238529745
2014-05-22 20:00:00,94146.87,93863.26925184389,93986.30078303303
2014-05-22 21:00:00,93372.441,92682.0842394707,91999.62970005236
2014-05-22 22:00:00,86669.194,89836.74735344363,87060.98355371681
2014-05-22 23:00:00,78347.755,82478.8787899434,79012.85292627869
2014-05-23 00:00:00,71901.684,77276.15671657155,72184.26028855944
2014-05-23 01:00:00,67841.722,71417.58335786735,68177.71392740023
2014-05-23 02:00:00,65390.602,67747.63515683752,65836.4896952614
2014-05-23 03:00:00,64345.763,65559.62160515066,64565.73276108422
2014-05-23 04:00:00,64613.655,64969.932137343756,65073.78603868184
2014-05-23 05:00:00,67997.629,66363.55546833525,68941.32889586565
2014-05-23 06:00:00,73843.12,70960.30110635093,74893.29724942497
2014-05-23 07:00:00,79893.592,76816.65347239365,79519.5587598571
2014-05-23 08:00:00,83477.089,81973.52853601711,83058.86293547752
2014-05-23 09:00:00,85984.809,85124.84179212913,86646.38749328097
2014-05-23 10:00:00,87556.318,87503.49002575704,88552.48371044475
2014-05-23 11:00:00,88706.207,88922.92123873567,88621.53513884524
2014-05-23 12:00:00,89419.514,89844.14271553999,89705.97143522496
2014-05-23 13:00:00,90349.155,90505.13447895886,89873.84207809168
2014-05-23 14:00:00,90485.385,91170.27713777384,90275.70835826448
2014-05-23 15:00:00,90479.834,91193.19910784948,90171.84724910339
2014-05-23 16:00:00,90624.495,90950.01389747183,90317.61396515163
2014-05-23 17:00:00,90038.652,90552.84936355976,90121.02118157868
2014-05-23 18:00:00,87897.032,89268.49326807233,89094.20993439021
2014-05-23 19:00:00,85352.757,86933.0911672519,87064.36548089357
2014-05-23 20:00:00,84380.88,85007.61375944204,85651.74412940192
2014-05-23 21:00:00,83920.562,84050.97835430739,83178.32642772835
2014-05-23 22:00:00,78875.754,81636.5905070909,79875.09611633151
2014-05-23 23:00:00,72290.466,75498.36955558573,73182.63265030498
2014-05-24 00:00:00,67222.342,72261.97987957505,67784.79240617354
2014-05-24 01:00:00,63428.736,67358.45755787328,63889.45534210203
2014-05-24 02:00:00,61106.636,63866.352753536106,61373.191418688446
2014-05-24 03:00:00,59912.037,61839.410983800975,60127.522940776
2014-05-24 04:00:00,59639.894,60969.92603495672,59826.76089350347
2014-05-24 05:00:00,60341.257,61571.35231774824,60782.922510968085
2014-05-24 06:00:00,60957.57,63444.45016206714,62042.56515398011
2014-05-24 07:00:00,64296.08,65467.17523898228,64596.416058996554
2014-05-24 08:00:00,68770.186,68702.47353036828,68274.51978724587
2014-05-24 09:00:00,72633.758,72441.08704976038,73375.33769372187
2014-05-24 10:00:00,75024.466,75344.74745379198,75652.44416479344
2014-05-24 11:00:00,76286.005,77035.18292572036,76934.05465489297
2014-05-24 12:00:00,76878.54,78106.30910366794,76899.57866366667
2014-05-24 13:00:00,77302.595,78781.64968775731,76856.25993669739
2014-05-24 14:00:00,77641.407,79051.27099652117,77443.28785851784
2014-05-24 15:00:00,78449.77,79167.30466524477,77848.86605386363
2014-05-24 16:00:00,79431.678,79688.26569968105,79132.55175527296
2014-05-24 17:00:00,80194.674,80180.72581896311,79585.41752327183
2014-05-24 18:00:00,79728.421,79951.48598393216,80340.83770070315
2014-05-24 19:00:00,78296.18,78799.47411213478,79538.60698995425
2014-05-24 20:00:00,78187.274,77476.44321810355,78775.56862772672
2014-05-24 21:00:00,78557.799,76747.87945266333,77543.05034253633
2014-05-24 22:00:00,74856.595,75270.23351454703,74119.50643273223
2014-05-24 23:00:00,69361.186,70649.34043039694,69381.79716712068
2014-05-25 00:00:00,64589.185,67868.25708661831,64792.2023435662
2014-05-25 01:00:00,61314.404,63293.07729181927,61652.997336766195
2014-05-25 02:00:00,59073.889,60222.725945098195,59098.79507256073
2014-05-25 03:00:00,58045.585,58214.98002989091,58007.113937398215
2014-05-25 04:00:00,57569.509,57340.446503773506,58000.10207150922
2014-05-25 05:00:00,57748.072,57115.563917999185,57719.82754756032
2014-05-25 06:00:00,57592.737,57320.23059740017,58615.08969986529
2014-05-25 07:00:00,60583.724,58086.69607408604,59927.154047075164
2014-05-25 08:00:00,65246.449,61300.01547611051,65183.50762002508
2014-05-25 09:00:00,69678.005,65438.37394181063,70290.24549437923
2014-05-25 10:00:00,72671.299,69332.68754109612,72440.29088273323
2014-05-25 11:00:00,75131.897,72323.40780466763,76221.44187095406
2014-05-25 12:00:00,77083.792,74289.9759335683,77379.23197778479
2014-05-25 13:00:00,78649.305,75765.2449356562,77690.0095100882
2014-05-25 14:00:00,80089.318,76922.29444083369,79356.22364737793
2014-05-25 15:00:00,81659.405,78085.15420161406,81336.5571730896
2014-05-25 16:00:00,83506.834,79445.17872521002,82540.89871648602
2014-05-25 17:00:00,84699.765,80949.76594864842,83910.8041108227
2014-05-25 18:00:00,84523.545,81527.11162328997,84264.58343536664
2014-05-25 19:00:00,82408.547,80911.62829370525,84320.3340850717
2014-05-25 20:00:00,81286.432,79280.36912547282,83587.25929845241
2014-05-25 21:00:00,81418.876,78033.56193921254,79881.32449012401
2014-05-25 22:00:00,77431.246,76011.69255110034,76598.07540851293
2014-05-25 23:00:00,71939.301,71036.02191809952,71849.30597189706
2014-05-26 00:00:00,66321.26,70942.41091150935,66977.07811155493
2014-05-26 01:00:00,62824.127,65955.050157357,63564.6953021522
2014-05-26 02:00:00,60417.544,62806.60590456091,61314.34154253942
2014-05-26 03:00:00,59311.692,60794.276390639076,59478.54231135155
2014-05-26 04:00:00,58974.167,60024.61431640234,60137.98252744725
2014-05-26 05:00:00,59728.359,60261.332337872765,63155.07521940687
2014-05-26 06:00:00,60041.882,61426.84645857672,65832.92833881702
2014-05-26 07:00:00,63183.883,62782.49263165705,65360.56235683067
2014-05-26 08:00:00,68528.167,66045.74539052077,68619.95219995285
2014-05-26 09:00:00,74343.14,70953.19235164509,73675.90168176864
2014-05-26 10:00:00,79630.019,76297.0030230981,78325.5946666064
2014-05-26 11:00:00,84147.019,81111.42748578559,82477.1757127204
2014-05-26 12:00:00,87785.251,84938.43475436528,86346.16636153522
2014-05-26 13:00:00,90631.611,88016.49022407111,89985.87209484405
2014-05-26 14:00:00,93401.46,90376.549295924,91487.51389975405
2014-05-26 15:00:00,95976.061,92690.86369740593,94417.97319593953
2014-05-26 16:00:00,97946.21,94859.89531674079,97217.12541144273
2014-05-26 17:00:00,98982.945,96364.42190702038,98340.4189924524
2014-05-26 18:00:00,98234.821,96834.87484062124,97044.59586954083
2014-05-26 19:00:00,96891.843,95499.13139260866,95322.92028633018
2014-05-26 20:00:00,97076.097,94065.57868511922,95671.2007037676
2014-05-26 21:00:00,96766.956,93620.81063842538,94157.33858028406
2014-05-26 22:00:00,90142.304,91292.85069717682,90070.83479166498
2014-05-26 23:00:00,82350.782,84180.70098011967,82269.86757530617
2014-05-27 00:00:00,75819.385,79414.15943442486,75457.12506197633
2014-05-27 01:00:00,71730.363,73502.39203544431,71174.9611903303
2014-05-27 02:00:00,69241.871,69713.75861032541,68941.34256086314
2014-05-27 03:00:00,68151.341,67457.04740991328,67489.69225465917
2014-05-27 04:00:00,68620.651,66507.83995163365,68558.69421249704
2014-05-27 05:00:00,72673.257,67244.82693242888,70904.1824409037
2014-05-27 06:00:00,79818.131,70767.33122328253,78579.73190097325
2014-05-27 07:00:00,87408.069,76979.00839990156,84825.45219902118
2014-05-27 08:00:00,93318.392,83884.38147645288,90945.17278444994
2014-05-27 09:00:00,98671.671,89735.9096366074,96247.35945026975
2014-05-27 10:00:00,104263.762,95077.40808929977,102456.52355168134
2014-05-27 11:00:00,109032.599,100514.61556450978,107607.08751048845
2014-05-27 12:00:00,112708.203,104839.24424473554,112767.78778443033
2014-05-27 13:00:00,115722.65,108326.18450442249,117001.12651431504
2014-05-27 14:00:00,117510.157,111154.73084940237,118536.17720346349
2014-05-27 15:00:00,119025.749,112977.36441756795,118904.81432954154
2014-05-27 16:00:00,119741.906,114466.71704648196,119897.8848358261
2014-05-27 17:00:00,118493.708,115101.85967830279,118844.9066303839
2014-05-27 18:00:00,114303.0,113667.26073652154,115685.3445484511
2014-05-27 19:00:00,109884.236,110134.59659681347,110341.47339033733
2014-05-27 20:00:00,107564.935,106896.44489976135,107644.95698638284
2014-05-27 21:00:00,104472.788,104568.89958603584,105355.52793420984
2014-05-27 22:00:00,96109.897,99702.55170336689,97763.99546566186
2014-05-27 23:00:00,87181.058,90786.92743930497,87368.8873826341
2014-05-28 00:00:00,80203.879,84896.49003992062,80203.31433700147
2014-05-28 01:00:00,75768.644,78451.64910985017,75428.60095911163
2014-05-28 02:00:00,72953.182,74283.84382820997,72436.51088794362
2014-05-28 03:00:00,71379.551,71699.79733344656,70558.47900299409
2014-05-28 04:00:00,71730.372,70641.72645763715,71450.14126602713
2014-05-28 05:00:00,75139.595,72164.56625337346,74790.45929469867
2014-05-28 06:00:00,81980.819,76848.94545868224,81464.18293982788
2014-05-28 07:00:00,88257.857,83879.48933760094,87907.87414772913
2014-05-28 08:00:00,92722.437,89798.07055483194,93900.61994467388
2014-05-28 09:00:00,95975.553,94480.32345838341,98344.14841372991
2014-05-28 10:00:00,99745.473,98494.89843333168,100937.04243418261
2014-05-28 11:00:00,102596.582,102664.48501648859,103617.83445575547
2014-05-28 12:00:00,104771.583,105740.86835697237,105675.54542051803
2014-05-28 13:00:00,107223.418,108134.85054380703,107591.40490824165
2014-05-28 14:00:00,108299.522,110197.56127235509,108560.05794160393
2014-05-28 15:00:00,108902.089,111303.85664178217,109564.89909594636
2014-05-28 16:00:00,108833.503,111737.47013344956,109154.49799160188
2014-05-28 17:00:00,107387.035,111044.69612762296,108619.93892179566
2014-05-28 18:00:00,104343.137,108412.4450139788,105339.52309069615
2014-05-28 19:00:00,100897.54,104835.92049686078,102585.59576607992
2014-05-28 20:00:00,99484.005,101569.11477507587,99998.15459137406
2014-05-28 21:00:00,96705.847,99363.06062449543,97136.26180745043
2014-05-28 22:00:00,88734.414,94403.57177799781,90311.45608830637
2014-05-28 23:00:00,80752.756,85791.79394226382,81678.5688995394
2014-05-29 00:00:00,74316.129,80531.18987623297,74531.03870848281
2014-05-29 01:00:00,70068.172,74472.90579888837,70082.84294163267
2014-05-29 02:00:00,67490.666,70482.2760043689,67936.7411325796
2014-05-29 03:00:00,66410.783,68070.6723685386,67053.33937688911
2014-05-29 04:00:00,66829.851,67351.63604883589,67471.95483670576
2014-05-29 05:00:00,70494.773,68734.75767128862,69884.31316123523
2014-05-29 06:00:00,77094.695,73484.79815104022,77139.40968768286
2014-05-29 07:00:00,82742.467,80041.14421214272,82798.59873078378
2014-05-29 08:00:00,85606.778,85236.12885461005,87929.17885734678
2014-05-29 09:00:00,88015.459,88145.22159003772,90135.41324669852
2014-05-29 10:00:00,90302.627,90834.26887788529,92530.4077242371
2014-05-29 11:00:00,91838.332,93576.11292399296,93122.21849332696
2014-05-29 12:00:00,92941.483,95483.1954665053,93805.04769528068
2014-05-29 13:00:00,94046.783,97088.86540194515,94683.50176399185
2014-05-29 14:00:00,94633.006,98303.02096947821,95767.23043575378
2014-05-29 15:00:00,94735.194,98914.73971681159,96040.73682004675
2014-05-29 16:00:00,95099.72,98847.71559290032,95514.80923459306
2014-05-29 17:00:00,95129.44,98544.63206843045,94522.40819219017
2014-05-29 18:00:00,93989.305,97272.14880112269,94348.39955375808
2014-05-29 19:00:00,92561.258,95208.51979529907,93025.17190651412
2014-05-29 20:00:00,91979.992,93370.00801904287,92314.81798384877
2014-05-29 21:00:00,90625.176,91673.37222040081,90291.34907642085
2014-05-29 22:00:00,84504.413,87541.22150068259,84905.74878650701
2014-05-29 23:00:00,77156.586,80467.95120546353,77232.90746432556
2014-05-30 00:00:00,71289.374,75810.65605182812,71017.63798696338
2014-05-30 01:00:00,67491.597,70203.41086502168,67722.9530442459
2014-05-30 02:00:00,65296.777,66586.62301868363,65564.55861110367
2014-05-30 03:00:00,64271.045,64588.227642765465,64262.401830415285
2014-05-30 04:00:00,64862.306,63893.69628732494,64615.61198027134
2014-05-30 05:00:00,68584.847,65412.32311562995,68022.65726037114
2014-05-30 06:00:00,75026.503,70034.82000035336,74615.2078146957
2014-05-30 07:00:00,80754.073,76336.36021928272,80261.17306817416
2014-05-30 08:00:00,84188.579,81172.31648884619,84133.12855874452
2014-05-30 09:00:00,86802.366,84175.130063067,86079.9077771209
2014-05-30 10:00:00,89219.466,86475.54198195753,89916.89233535722
2014-05-30 11:00:00,91175.314,89058.95482935879,91343.6854021484
2014-05-30 12:00:00,92540.939,90944.91131873732,92652.43951331782
2014-05-30 13:00:00,94095.753,92442.42988900928,93842.67377107915
2014-05-30 14:00:00,95101.33,93792.99308427681,95193.86234127254
2014-05-30 15:00:00,96062.693,94565.1270085882,95310.15428326323
2014-05-30 16:00:00,96979.44,95345.02892200799,96297.62002377574
2014-05-30 17:00:00,96983.215,95885.91364096517,96309.97958266344
2014-05-30 18:00:00,95237.71,95189.44618626533,95136.91479967219
2014-05-30 19:00:00,92274.619,93127.287153983,92890.63336365829
2014-05-30 20:00:00,90688.122,90465.97751742582,91480.39138691711
2014-05-30 21:00:00,89824.734,88331.03938386237,88118.52211205455
2014-05-30 22:00:00,84746.461,84995.12044063145,83894.38786246482
2014-05-30 23:00:00,77790.778,78530.89396492906,77979.62554713323
2014-05-31 00:00:00,71237.605,75185.9844341478,71935.11322686869
2014-05-31 01:00:00,66864.169,69246.92759229314,67345.0551024091
2014-05-31 02:00:00,64379.175,65334.380178572435,64239.58291211017
2014-05-31 03:00:00,62683.516,63125.826342188695,62202.03173286626
2014-05-31 04:00:00,62298.46,61939.63158640403,61780.496732131534
2014-05-31 05:00:00,62711.021,62489.659975013536,62693.68183439838
2014-05-31 06:00:00,63543.631,64174.41031828258,63778.88504841002
2014-05-31 07:00:00,67360.395,66268.26006121846,66469.94618898153
2014-05-31 08:00:00,72861.043,69938.34322999488,72260.76491224741
2014-05-31 09:00:00,77527.585,74764.39376748966,77641.08659957263
2014-05-31 10:00:00,81495.31,79316.37101285653,81456.51003281471
2014-05-31 11:00:00,83893.036,83183.67696771285,84930.87413377731
2014-05-31 12:00:00,85716.467,85349.37852421374,86513.55317056297
2014-05-31 13:00:00,87339.417,87074.35832010258,87101.23013019399
2014-05-31 14:00:00,88474.64,88404.48346249566,88184.16125572038
2014-05-31 15:00:00,90092.68,89434.90007923028,89595.76382478363
2014-05-31 16:00:00,91815.694,90774.20038671544,91323.37912019958
2014-05-31 17:00:00,92451.274,91901.59435431218,92029.39280436405
2014-05-31 18:00:00,91823.566,91645.40031598404,90885.80826063786
2014-05-31 19:00:00,89422.746,90075.47611962578,90187.88682517911
2014-05-31 20:00:00,87152.713,87626.64548666638,89216.97909564029
2014-05-31 21:00:00,86234.739,85203.15311842415,85783.35204418964
2014-05-31 22:00:00,81638.093,82263.03073018957,80940.53896755441
2014-05-31 23:00:00,75165.419,76186.7820198775,75300.35260224016
2014-06-01 00:00:00,69112.307,72223.81783937989,69616.23627496959
2014-06-01 01:00:00,64954.407,66551.75650191464,65023.50910078454
2014-06-01 02:00:00,62443.396,62728.20619710734,62210.9600627011
2014-06-01 03:00:00,60701.653,60362.43589137537,60353.05896286525
2014-06-01 04:00:00,59961.212,58900.50474991294,59620.31051532957
2014-06-01 05:00:00,59883.275,58398.100543911685,59894.87606070129
2014-06-01 06:00:00,59806.394,58382.83091063574,60363.21870983401
2014-06-01 07:00:00,62892.131,59380.263458264555,62400.41335809159
2014-06-01 08:00:00,68183.743,63056.98711750258,67894.86120568846
2014-06-01 09:00:00,73149.759,68424.97601615111,73602.27191936095
2014-06-01 10:00:00,77100.208,73654.09650764566,77869.94273219531
2014-06-01 11:00:00,80724.929,77806.32473373704,80622.25399053632
2014-06-01 12:00:00,83773.644,81186.60213818893,83691.28625510847
2014-06-01 13:00:00,86712.978,84031.87411732768,86489.91057155372
2014-06-01 14:00:00,88914.705,86581.17929180316,88786.13911028692
2014-06-01 15:00:00,91357.923,88646.02026293555,90862.86855930802
2014-06-01 16:00:00,93949.764,90903.9466718586,93163.33802240671
2014-06-01 17:00:00,96108.576,92807.28219367133,94562.31360682305
2014-06-01 18:00:00,96616.319,93909.28158762792,95446.84777649949
2014-06-01 19:00:00,94863.549,93130.12177216474,94159.46487893432
2014-06-01 20:00:00,93728.044,90840.19957722175,93544.35337382606
2014-06-01 21:00:00,93362.909,89310.82128114079,90748.86760411465
2014-06-01 22:00:00,87783.937,87060.03102503036,88046.57848854421
2014-06-01 23:00:00,80610.171,80616.17304606177,81072.84641353606
2014-06-02 00:00:00,74459.359,78701.77836956157,74510.1920334163
2014-06-02 01:00:00,70468.785,72885.42998002922,70384.78509336115
2014-06-02 02:00:00,68311.562,69057.30786952181,67717.14347435058
2014-06-02 03:00:00,67342.265,66898.62889270841,67076.8332694504
2014-06-02 04:00:00,68026.125,65846.31900435677,68350.54092384166
2014-06-02 05:00:00,71597.006,66221.78801829423,70772.546309295
2014-06-02 06:00:00,78435.821,68618.44093236249,76018.75046167657
2014-06-02 07:00:00,85314.656,74321.41155256478,84889.69884157614
2014-06-02 08:00:00,89820.73,80904.7697598065,91085.59796908734
2014-06-02 09:00:00,93571.609,85807.14232921643,94191.61784766988
2014-06-02 10:00:00,96959.381,89977.7865363266,98529.3996846986
2014-06-02 11:00:00,99359.34,93784.73228016299,100777.75582749025
2014-06-02 12:00:00,101751.943,96567.75830565373,101712.43698031982
2014-06-02 13:00:00,103586.655,99230.14800854518,103733.19159441539
2014-06-02 14:00:00,105508.219,101271.00370803325,104901.17804134214
2014-06-02 15:00:00,107685.287,103336.75951445496,106775.66826397339
2014-06-02 16:00:00,109672.98,105512.24051596998,109489.65637849287
2014-06-02 17:00:00,110333.897,107342.60685022699,109333.43086783885
2014-06-02 18:00:00,108884.466,107671.73829790481,106828.35358713487
2014-06-02 19:00:00,105961.128,105941.6818826442,105265.43453765848
2014-06-02 20:00:00,104139.189,103404.09580163562,104335.55506573906
2014-06-02 21:00:00,102869.989,101705.25253796755,101349.25647368676
2014-06-02 22:00:00,95618.882,98465.86642350664,95820.50830912341
2014-06-02 23:00:00,86538.435,90597.13565111929,87143.58498170198
2014-06-03 00:00:00,79434.616,84701.05964728621,79573.02171507235
2014-06-03 01:00:00,74603.007,78163.51976870024,74880.43213436495
2014-06-03 02:00:00,71874.179,73842.62138630846,71515.26698426896
2014-06-03 03:00:00,70391.737,71417.37256002135,70059.07889711151
2014-06-03 04:00:00,70708.039,70448.95830651713,70872.21982029028
2014-06-03 05:00:00,74302.746,71726.50308555886,74263.43168423473
2014-06-03 06:00:00,80792.414,76460.164868529,80991.00841749193
2014-06-03 07:00:00,87796.268,83286.30273684832,87912.65643893457
2014-06-03 08:00:00,92781.772,89867.45399231673,93989.31535212477
2014-06-03 09:00:00,97598.808,94865.24215860596,98298.02009694368
2014-06-03 10:00:00,102713.765,99832.89101762488,103119.00862002907
2014-06-03 11:00:00,106999.815,104757.56927530344,106600.40678184309
2014-06-03 12:00:00,110796.818,108785.42975462275,110390.23306167872
2014-06-03 13:00:00,113821.41,112296.49573868143,114763.91334061445
2014-06-03 14:00:00,115509.082,115030.12491614686,116722.26443109452
2014-06-03 15:00:00,117097.396,116793.68145577214,117546.16280462188
2014-06-03 16:00:00,118593.734,118324.09457046152,117520.42987212395
2014-06-03 17:00:00,118484.693,119235.57513619281,118767.56470879774
2014-06-03 18:00:00,116325.667,118101.8601918632,116078.83937811147
2014-06-03 19:00:00,113080.69,115217.21148276981,113303.2981304779
2014-06-03 20:00:00,109925.324,111929.51015761882,111365.12514836229
2014-06-03 21:00:00,107419.611,108424.08605284861,106825.27121747498
2014-06-03 22:00:00,99324.761,103371.5728593168,99133.1542165019
2014-06-03 23:00:00,89219.694,94067.74034504978,89757.37685811773
2014-06-04 00:00:00,81292.19,87138.1158397592,81402.6683548606
2014-06-04 01:00:00,76134.394,79939.27918801391,76139.27078938296
2014-06-04 02:00:00,72645.287,75313.47047818439,72459.73240620221
2014-06-04 03:00:00,71068.226,72263.80697981834,70551.48604576747
2014-06-04 04:00:00,71178.621,71156.85771675335,70811.0151638614
2014-06-04 05:00:00,74407.519,72325.20727972593,74336.6024221853
2014-06-04 06:00:00,80815.432,76669.13213786806,80657.90013076592
2014-06-04 07:00:00,87676.206,83267.9806786134,86920.79587810427
2014-06-04 08:00:00,92604.417,89507.33619690436,92632.05776150075
2014-06-04 09:00:00,96552.912,94227.02498982666,97723.17027107305
2014-06-04 10:00:00,100383.167,98409.17338829635,101124.97713210525
2014-06-04 11:00:00,103336.429,102223.08200899752,103426.55407864315
2014-06-04 12:00:00,105473.595,105286.36190572062,105163.27945542289
2014-06-04 13:00:00,107233.128,107560.70087771221,106940.94542007799
2014-06-04 14:00:00,108257.796,109158.99524324259,107025.77445489848
2014-06-04 15:00:00,109065.896,110093.83267858575,108619.40103413588
2014-06-04 16:00:00,109307.36,110841.89797308994,108553.57873679118
2014-06-04 17:00:00,108209.67,110684.24493408475,108797.20636860408
2014-06-04 18:00:00,105612.738,109005.72432353551,106622.65406223071
2014-06-04 19:00:00,102689.164,105917.96260273931,103588.30492090953
2014-06-04 20:00:00,101760.97,102865.57616038909,101319.01142250688
2014-06-04 21:00:00,99285.012,101230.6727309294,98514.465270989
2014-06-04 22:00:00,92102.769,96646.65702828248,93164.40855303097
2014-06-04 23:00:00,84030.016,88335.10002298023,83715.45113917088
2014-06-05 00:00:00,77431.918,82817.37424312191,77358.26786406341
2014-06-05 01:00:00,73090.064,76449.31478476652,73120.86812170646
2014-06-05 02:00:00,70483.811,72216.83222759965,70439.22879341542
2014-06-05 03:00:00,69077.919,69801.0677578639,69291.23567353489
2014-06-05 04:00:00,69452.292,68771.17511575966,69656.1801433404
2014-06-05 05:00:00,72940.259,70071.77750507683,72418.50641780018
2014-06-05 06:00:00,78916.368,74583.6099951046,79223.00945316414
2014-06-05 07:00:00,84797.407,80798.77610197965,84482.82732254817
2014-06-05 08:00:00,88322.331,86131.12726149528,88767.793477376
2014-06-05 09:00:00,91057.04,89537.13766256145,91759.45394452404
2014-06-05 10:00:00,93561.927,92367.01884180671,94523.39907501881
2014-06-05 11:00:00,95567.709,94743.49918417784,96011.30267912823
2014-06-05 12:00:00,96641.784,96701.36428834294,96508.50261277164
2014-06-05 13:00:00,98052.793,98076.33137246824,97465.29905852489
2014-06-05 14:00:00,99006.92,99357.03790078167,99349.19603721029
2014-06-05 15:00:00,100163.208,100210.71947088002,99947.94901490246
2014-06-05 16:00:00,101145.163,101091.16392511266,100843.57564296476
2014-06-05 17:00:00,101211.424,101452.62734763567,101194.33799948427
2014-06-05 18:00:00,99482.734,100640.12982513882,100531.46325542884
2014-06-05 19:00:00,96723.703,98399.98585193476,97343.16102100896
2014-06-05 20:00:00,94619.309,95888.3844256981,95349.07158273825
2014-06-05 21:00:00,93828.243,93040.13626434235,92458.8141802266
2014-06-05 22:00:00,87687.474,90017.97282460178,87637.87831877891
2014-06-05 23:00:00,79648.692,83018.59308244383,79778.41528686442
2014-06-06 00:00:00,72818.977,77913.30259084345,73112.2593130183
2014-06-06 01:00:00,68770.934,71649.33786720202,69016.7402411922
2014-06-06 02:00:00,66140.001,67883.10767039591,66289.19308896064
2014-06-06 03:00:00,64809.97,65505.07250269409,64912.791604252845
2014-06-06 04:00:00,65363.361,64613.26953117502,65175.194250650806
2014-06-06 05:00:00,68362.831,66108.81402084362,68831.63957882182
2014-06-06 06:00:00,73916.355,70136.62645374674,74957.04447977907
2014-06-06 07:00:00,80201.71,75835.33962795137,79032.78684346081
2014-06-06 08:00:00,84599.366,81150.10033038599,83828.7939680015
2014-06-06 09:00:00,88095.227,84881.50410598361,87162.2528659641
2014-06-06 10:00:00,90914.106,87977.73359076143,90969.68613651105
2014-06-06 11:00:00,93206.996,91163.50925463594,93477.33374217805
2014-06-06 12:00:00,94777.833,93224.99540816377,95402.782418938
2014-06-06 13:00:00,96749.99,94911.06517638512,96233.9409366162
2014-06-06 14:00:00,98337.963,96649.96359678163,97880.16677873055
2014-06-06 15:00:00,99943.36,98111.22018157481,98783.58224391859
2014-06-06 16:00:00,101420.884,99555.1063417189,100375.83895022215
2014-06-06 17:00:00,101660.18,100546.59463866269,100695.62504524375
2014-06-06 18:00:00,99727.625,99933.12959501096,99241.4849335657
2014-06-06 19:00:00,96265.463,97416.16878652642,96799.47297843403
2014-06-06 20:00:00,93040.481,94018.10864707365,94759.86434002689
2014-06-06 21:00:00,91572.791,90855.34918625117,91003.70166616712
2014-06-06 22:00:00,86215.415,87022.04080573082,85716.53386848125
2014-06-06 23:00:00,78818.336,80354.20518168223,78855.22273249929
2014-06-07 00:00:00,72109.617,76306.79174395232,72496.50839894633
2014-06-07 01:00:00,67641.461,70125.58161811867,67572.74495457737
2014-06-07 02:00:00,64671.249,66034.30258382707,64921.54856617201
2014-06-07 03:00:00,62884.96,63366.8196721341,62699.32566825743
2014-06-07 04:00:00,62474.87,62107.69031461494,62096.64686295147
2014-06-07 05:00:00,62861.084,62456.818169505525,63016.145977140426
2014-06-07 06:00:00,63792.837,63944.08164658807,63688.7749758554
2014-06-07 07:00:00,68357.403,66294.69238844315,67092.9280773713
2014-06-07 08:00:00,74170.607,70825.38399597912,73893.18788084491
2014-06-07 09:00:00,79378.811,76066.61038036217,79743.5518931331
2014-06-07 10:00:00,83743.537,81360.24034598097,83986.0632703806
2014-06-07 11:00:00,86874.501,85641.07867008416,87586.98779278723
2014-06-07 12:00:00,89314.167,88478.47092930807,88940.7419677679
2014-06-07 13:00:00,91485.488,90815.32083763019,91402.19311475102
2014-06-07 14:00:00,93554.763,92776.9946067385,92775.06467625192
2014-06-07 15:00:00,95839.802,94688.78728528006,94791.10940876415
2014-06-07 16:00:00,97796.14,96699.00553209976,96892.24536129869
2014-06-07 17:00:00,98811.231,98021.7972097579,98006.66181636103
2014-06-07 18:00:00,97505.821,97914.1674179839,97236.48237549045
2014-06-07 19:00:00,94534.019,95670.40367980514,94870.45195527394
2014-06-07 20:00:00,91860.049,92260.97634772633,93472.58243924647
2014-06-07 21:00:00,91054.991,89371.63040072646,89231.36723211866
2014-06-07 22:00:00,85989.889,86499.93203173397,85600.30714865337
2014-06-07 23:00:00,79150.89,80066.07425371984,79169.39429286985
2014-06-08 00:00:00,72804.776,75510.25940446186,72791.50736106205
2014-06-08 01:00:00,68163.804,69274.44506720686,68178.72260472452
2014-06-08 02:00:00,65351.13,64955.19142400518,65318.445575943864
2014-06-08 03:00:00,63349.869,62276.390906930355,63315.66864927261
2014-06-08 04:00:00,62542.414,60590.52326350889,62147.91870676559
2014-06-08 05:00:00,62247.085,59977.61600126214,62048.68769232632
2014-06-08 06:00:00,62524.881,59848.57993803167,62603.165218121685
2014-06-08 07:00:00,65280.865,61304.12250607285,65472.89584314598
2014-06-08 08:00:00,70982.656,65006.08671758954,69866.58242603845
2014-06-08 09:00:00,76833.188,70560.34209385529,75969.96281926907
2014-06-08 10:00:00,81823.506,75894.58232951708,80278.36599265765
2014-06-08 11:00:00,85659.431,80371.20522735557,84495.10071600419
2014-06-08 12:00:00,88687.876,83886.69819243767,87480.34357515672
2014-06-08 13:00:00,90620.807,86900.78207623569,90124.25407372414
2014-06-08 14:00:00,91871.803,88899.14903632218,91615.97560813001
2014-06-08 15:00:00,92786.404,90496.64890572909,92507.01083480791
2014-06-08 16:00:00,93516.805,91722.94946077827,93601.90283410485
2014-06-08 17:00:00,93709.401,92614.89910323833,94107.17281136193
2014-06-08 18:00:00,92507.751,92340.92603486212,93232.89845743099
2014-06-08 19:00:00,90814.889,90393.86358550863,91759.35895546213
2014-06-08 20:00:00,90489.385,88186.64870753336,90631.12128261656
2014-06-08 21:00:00,90183.598,87388.44013477082,87995.05631617433
2014-06-08 22:00:00,85254.57,85315.91187629336,84974.10454131334
2014-06-08 23:00:00,78664.18,79447.17886102451,79037.17826428168
2014-06-09 00:00:00,73086.375,77975.65179376648,72738.77173607169
2014-06-09 01:00:00,69627.592,72484.62765125636,69195.95639301573
2014-06-09 02:00:00,67388.696,69072.52487793386,67225.70150266102
2014-06-09 03:00:00,66698.495,66832.91748566007,66749.34885416487
2014-06-09 04:00:00,67444.101,66131.03532634748,67497.64677550054
2014-06-09 05:00:00,71464.099,66866.2165053575,71364.21004801188
2014-06-09 06:00:00,77631.184,70363.5551259155,77624.87144804491
2014-06-09 07:00:00,84243.897,75924.04816365128,83282.66641218595
2014-06-09 08:00:00,89279.707,82173.25422239133,88186.41188566884
2014-06-09 09:00:00,93021.445,87272.0234708045,92519.71032104787
2014-06-09 10:00:00,96825.47,91215.47017861223,97045.18196768603
2014-06-09 11:00:00,99419.522,95324.15321312161,99112.23236094139
2014-06-09 12:00:00,101463.367,98216.90037691769,100841.1465530472
2014-06-09 13:00:00,103592.201,100360.34548022764,102583.20765408836
2014-06-09 14:00:00,104728.287,102366.5891664211,104695.40105987835
2014-06-09 15:00:00,105717.895,103581.55913595756,106311.97535776826
2014-06-09 16:00:00,106468.023,104612.7483536425,106514.66944452522
2014-06-09 17:00:00,106240.203,105170.0841634059,106212.88991163687
2014-06-09 18:00:00,104668.973,104492.91810016264,104124.53109132287
2014-06-09 19:00:00,102017.39,102536.61745644553,102053.60217216493
2014-06-09 20:00:00,100899.312,100132.51650303432,101193.6282017813
2014-06-09 21:00:00,99791.474,98626.0271433985,97683.32813218032
2014-06-09 22:00:00,93174.114,95409.06598966052,92629.51896960697
2014-06-09 23:00:00,84965.469,87913.2741699778,85171.43758668158
2014-06-10 00:00:00,78278.996,82788.20777129405,78081.55342153968
2014-06-10 01:00:00,74223.61,76697.50313162213,73338.41114145817
2014-06-10 02:00:00,71715.392,72952.52291511376,71433.28498749663
2014-06-10 03:00:00,70408.775,70770.93190067679,69772.96024952875
2014-06-10 04:00:00,71109.586,69958.76020657393,70643.32069188602
2014-06-10 05:00:00,74878.355,71653.64464607721,74316.12118952491
2014-06-10 06:00:00,81318.719,76277.79497305345,81094.70119814943
2014-06-10 07:00:00,87403.753,82904.735221197,87272.6893126937
2014-06-10 08:00:00,91958.413,88679.93879924617,91458.8739965935
2014-06-10 09:00:00,95523.326,93067.0130694862,96000.52383678453
2014-06-10 10:00:00,99381.016,96861.96791297759,98788.21169219587
2014-06-10 11:00:00,102598.391,100840.76093644506,101565.18047336332
2014-06-10 12:00:00,105194.877,104010.3005661426,104316.18238015688
2014-06-10 13:00:00,107573.874,106645.66462851374,107091.48944244857
2014-06-10 14:00:00,109529.681,108703.8354290711,109798.4565010358
2014-06-10 15:00:00,110790.728,110391.04126566314,110161.34347584736
2014-06-10 16:00:00,111607.783,111518.87239087437,111651.48158636398
2014-06-10 17:00:00,111191.339,111917.61438400138,111637.90897654124
2014-06-10 18:00:00,108909.52,110857.88279548005,108514.76869369244
2014-06-10 19:00:00,106475.227,108102.306760104,105993.10882023207
2014-06-10 20:00:00,104992.852,105553.71972452787,104645.5586885623
2014-06-10 21:00:00,103429.42,103684.99118743607,102325.65991224465
2014-06-10 22:00:00,96169.405,99812.4512788627,96137.84047354756
2014-06-10 23:00:00,87728.141,91420.3445307817,87393.77406079974
2014-06-11 00:00:00,80531.485,85657.88230419376,80275.68910481749
2014-06-11 01:00:00,76060.164,79016.60894180436,75800.08407320011
2014-06-11 02:00:00,73303.869,74816.48275557051,72650.08658406719
2014-06-11 03:00:00,71893.238,72294.2701786776,71436.75204152451
2014-06-11 04:00:00,72344.597,71358.90675843251,72175.46801684507
2014-06-11 05:00:00,75885.632,72775.21171729703,76905.8948352134
2014-06-11 06:00:00,81987.382,77316.73718349426,81924.70603980629
2014-06-11 07:00:00,88091.169,83581.84695379953,88836.08188958264
2014-06-11 08:00:00,92329.922,89323.38443816666,93194.243430806
2014-06-11 09:00:00,95574.395,93573.94194826117,96839.3005421037
2014-06-11 10:00:00,99034.399,97244.37009071678,99089.7038995721
2014-06-11 11:00:00,101790.901,100947.48047493158,101782.24419576189
2014-06-11 12:00:00,103815.881,103734.37727925106,104187.42621419759
2014-06-11 13:00:00,105834.962,105867.36379404645,106302.26847216257
2014-06-11 14:00:00,106778.516,107807.54345195246,107225.93460059389
2014-06-11 15:00:00,107076.55,108833.7341382269,108251.99820209212
2014-06-11 16:00:00,106849.093,109158.01574097596,107809.655154653
2014-06-11 17:00:00,105504.084,108635.51256686437,107130.28011326517
2014-06-11 18:00:00,102540.161,106580.44812163677,104507.78183355907
2014-06-11 19:00:00,99839.797,103315.95646199028,100893.16984173795
2014-06-11 20:00:00,98675.935,100701.64143170984,99242.52831506377
2014-06-11 21:00:00,96914.943,98927.51022525402,96106.84910261366
2014-06-11 22:00:00,90760.684,94937.22546017251,90347.33885726158
2014-06-11 23:00:00,83344.385,87488.5806751167,82704.75747748898
2014-06-12 00:00:00,76856.254,82409.29625655618,76482.2509209463
2014-06-12 01:00:00,72831.225,76112.72341576172,71886.28895184198
2014-06-12 02:00:00,70475.027,72191.34223196573,70087.02540637439
2014-06-12 03:00:00,69356.178,69932.35726018785,69239.8082843517
2014-06-12 04:00:00,69920.983,69159.10886860012,69918.78739292703
2014-06-12 05:00:00,73648.565,70623.8182281945,73026.91431230611
2014-06-12 06:00:00,80084.499,75174.51290349211,79803.22205099596
2014-06-12 07:00:00,86177.735,81585.18782931574,86634.17047295443
2014-06-12 08:00:00,90523.183,87028.31712225529,92506.65782765378
2014-06-12 09:00:00,94075.783,91047.90948971048,95152.7013190805
2014-06-12 10:00:00,97477.701,94644.06676148242,97458.96949626917
2014-06-12 11:00:00,99678.627,98066.67915728598,100157.41955842603
2014-06-12 12:00:00,101317.783,100222.7352855528,100996.43629054024
2014-06-12 13:00:00,102983.563,102113.80050222708,103166.56853629931
2014-06-12 14:00:00,104074.567,103662.27999134986,103984.05269365301
2014-06-12 15:00:00,104222.974,104670.13805895949,104967.20813808411
2014-06-12 16:00:00,104079.862,104782.59440156734,104586.63853940429
2014-06-12 17:00:00,103837.073,104317.45224639986,103767.24323798394
2014-06-12 18:00:00,102133.52,103088.3697137147,102378.5949372321
2014-06-12 19:00:00,100099.526,100745.18128900517,99324.55016251719
2014-06-12 20:00:00,99204.457,98538.34666801631,99283.04956950239
2014-06-12 21:00:00,98315.742,97026.53530816037,96445.43922245393
2014-06-12 22:00:00,92677.267,93856.64924412212,91705.80387700551
2014-06-12 23:00:00,84956.436,86894.62265979395,84718.33421426966
2014-06-13 00:00:00,78321.386,81689.48792133281,78044.8077902521
2014-06-13 01:00:00,73997.787,75426.17248520232,73623.05414406
2014-06-13 02:00:00,71377.559,71314.39921896695,70469.14864664723
2014-06-13 03:00:00,70090.25,68924.59593358233,69572.82305920565
2014-06-13 04:00:00,70396.26,68100.18905520855,69639.9022358318
2014-06-13 05:00:00,73974.923,69396.44272785235,73406.11981681871
2014-06-13 06:00:00,79446.361,73882.37559250959,79211.96018112988
2014-06-13 07:00:00,86298.092,79650.38587080686,84775.26527190438
2014-06-13 08:00:00,91306.596,85746.05477853693,90618.18008399558
2014-06-13 09:00:00,95404.618,90254.3545189154,95048.82001252756
2014-06-13 10:00:00,99421.458,94029.30059705678,97801.854666367
2014-06-13 11:00:00,102620.453,97514.5728569924,100651.58725012299
2014-06-13 12:00:00,104769.369,100322.35533242718,102702.8172753706
2014-06-13 13:00:00,106345.338,102357.42851517352,105526.03361599652
2014-06-13 14:00:00,106974.623,103834.49126778674,106396.93143351862
2014-06-13 15:00:00,106641.123,104425.35376459497,106940.41148715683
2014-06-13 16:00:00,106497.902,104252.37259518132,106743.65824199359
2014-06-13 17:00:00,104866.784,103986.74837058187,105692.01653247821
2014-06-13 18:00:00,101432.771,101967.391297894,103302.90666713905
2014-06-13 19:00:00,97801.085,98476.545421541,98630.52414568572
2014-06-13 20:00:00,95081.299,95061.25125440003,96160.66974147432
2014-06-13 21:00:00,93419.979,92625.33174895856,92540.48629302719
2014-06-13 22:00:00,88348.969,89542.9788151961,87665.81624341826
2014-06-13 23:00:00,81106.326,83375.7487407111,80497.03458251302
2014-06-14 00:00:00,74687.422,79452.43733419418,74315.53389590923
2014-06-14 01:00:00,70182.811,73394.28095347415,70428.64329434883
2014-06-14 02:00:00,67183.45,69224.15857236099,67274.73711452083
2014-06-14 03:00:00,65233.08,66535.99345330027,65193.159775279986
2014-06-14 04:00:00,64504.003,65093.902649394455,64137.57205886179
2014-06-14 05:00:00,64882.355,65332.34119455611,64960.9266116778
2014-06-14 06:00:00,65694.241,66807.30914088576,66112.2808047335
2014-06-14 07:00:00,69798.543,69278.57715692243,68989.57349921943
2014-06-14 08:00:00,75344.08,73664.88359160075,74612.96337104097
2014-06-14 09:00:00,79979.742,78792.30069198168,79618.75218570977
2014-06-14 10:00:00,83202.634,83180.60686713134,82901.4954877396
2014-06-14 11:00:00,84842.624,86245.98059547029,85188.04997428744
2014-06-14 12:00:00,85851.054,88190.66341588227,86092.5189862527
2014-06-14 13:00:00,86506.403,89637.61610136677,86735.78594812134
2014-06-14 14:00:00,86916.975,90502.26958142561,86476.08413343095
2014-06-14 15:00:00,87824.061,90983.58619408355,86972.46553500471
2014-06-14 16:00:00,88668.42,91806.84810417762,87974.40902201593
2014-06-14 17:00:00,89216.049,92121.1700553747,88529.2231009743
2014-06-14 18:00:00,88085.957,91416.53090328115,88088.11562632126
2014-06-14 19:00:00,85809.769,89264.33986152167,87191.15331360101
2014-06-14 20:00:00,83777.087,86442.56979558551,86141.83122261609
2014-06-14 21:00:00,83430.99,83913.5099560922,82778.69128568207
2014-06-14 22:00:00,79595.304,81383.38749626125,79832.53417241774
2014-06-14 23:00:00,73629.253,76226.52441044035,74101.45405949697
2014-06-15 00:00:00,68144.089,72550.30796759632,68198.15309180353
2014-06-15 01:00:00,64149.847,67088.61748087942,64803.09515766454
2014-06-15 02:00:00,61761.444,63191.91373747378,61976.61759489237
2014-06-15 03:00:00,60258.074,60740.44347779633,60193.04740387513
2014-06-15 04:00:00,59605.299,59319.51542381833,59697.350761628564
2014-06-15 05:00:00,59343.481,58798.60514099352,59959.990005963686
2014-06-15 06:00:00,59357.597,58675.40462623448,60477.19668499138
2014-06-15 07:00:00,62505.043,59757.93713941984,62252.179590901666
2014-06-15 08:00:00,67542.404,63601.42323290179,66772.5907873835
2014-06-15 09:00:00,72481.885,68576.69861609534,73719.00344779776
2014-06-15 10:00:00,75957.807,73442.44793584464,76294.92360527528
2014-06-15 11:00:00,79220.524,77202.64675037566,79283.73769629857
2014-06-15 12:00:00,81977.161,80247.99131080686,81995.08083203211
2014-06-15 13:00:00,84907.015,82774.97711333551,84422.42201005065
2014-06-15 14:00:00,87869.006,85182.53454856548,86545.85296275438
2014-06-15 15:00:00,91335.098,87586.8716975933,89894.84340158291
2014-06-15 16:00:00,94999.597,90291.51910137662,93199.78046270758
2014-06-15 17:00:00,97671.883,93000.96571771584,95610.05819018224
2014-06-15 18:00:00,98294.453,94263.79569001908,96878.45078168136
2014-06-15 19:00:00,97220.061,93749.87682772169,96004.57095021462
2014-06-15 20:00:00,95794.729,92238.52731784084,95502.13380745977
2014-06-15 21:00:00,95791.145,90700.52014850949,93142.64274139034
2014-06-15 22:00:00,91085.465,88744.36298401485,90064.60553172193
2014-06-15 23:00:00,83757.865,82911.2342250081,84012.65073923641
2014-06-16 00:00:00,76946.573,81043.25913893823,78006.45054583368
2014-06-16 01:00:00,72448.595,74768.49062435894,72814.85232520764
2014-06-16 02:00:00,69739.66,70647.08575596221,69405.84630118776
2014-06-16 03:00:00,68191.969,68096.80057938349,68136.57671766302
2014-06-16 04:00:00,68995.42,66747.33070117368,68609.72732762156
2014-06-16 05:00:00,72252.995,67528.37690049292,72222.22964862233
2014-06-16 06:00:00,77913.85,70465.84957845633,77867.55973455556
2014-06-16 07:00:00,85645.325,75772.96214803896,84500.1176848522
2014-06-16 08:00:00,92941.425,83119.16012453818,91613.94960226738
2014-06-16 09:00:00,99725.708,89977.40607011916,98940.37860752396
2014-06-16 10:00:00,106506.444,96197.15964577904,104572.03313231356
2014-06-16 11:00:00,112465.925,102342.97974529462,111085.83723552364
2014-06-16 12:00:00,117227.986,107476.92262710136,117512.6630064136
2014-06-16 13:00:00,121348.846,111809.82629662986,120985.072688848
2014-06-16 14:00:00,124233.478,115500.25326793561,124055.12384526576
2014-06-16 15:00:00,126434.096,118343.26258953361,125977.08208530184
2014-06-16 16:00:00,128255.961,120743.60250805118,128385.37791986372
2014-06-16 17:00:00,128927.607,122544.77206490433,128897.224529068
2014-06-16 18:00:00,126931.646,122846.11338737013,126405.31213794346
2014-06-16 19:00:00,122576.632,120706.44383288754,122730.45861317341
2014-06-16 20:00:00,119101.901,116966.25399542984,119542.71588333248
2014-06-16 21:00:00,116527.818,113986.04919550446,115932.00351561324
2014-06-16 22:00:00,108830.181,109819.21162761193,108245.6189830949
2014-06-16 23:00:00,98726.576,101371.19256076732,99006.40810094398
2014-06-17 00:00:00,90653.136,94519.88738854555,89848.49882796487
2014-06-17 01:00:00,84989.645,87174.71243680677,84657.9132001346
2014-06-17 02:00:00,81251.024,82145.52316261083,80752.03815064364
2014-06-17 03:00:00,79143.326,78877.49572296557,78989.14933615852
2014-06-17 04:00:00,79089.957,77453.3301390337,78555.63233648209
2014-06-17 05:00:00,81936.267,78434.75384392255,81950.1077139488
2014-06-17 06:00:00,87972.866,82404.19111713603,87297.75498480552
2014-06-17 07:00:00,95795.291,88952.1813688663,94312.3779617924
2014-06-17 08:00:00,103143.925,96638.06934815034,101747.0451629506
2014-06-17 09:00:00,110464.609,103922.5234120975,108319.90889759678
2014-06-17 10:00:00,117559.957,111218.34386721064,117533.44222128521
2014-06-17 11:00:00,124438.887,118225.40155305532,123369.80785419153
2014-06-17 12:00:00,129665.623,124500.50971482642,129127.19568484812
2014-06-17 13:00:00,134138.791,129467.43565243657,133319.11325015538
2014-06-17 14:00:00,137315.363,133534.60492589234,136744.2221352307
2014-06-17 15:00:00,139608.44,136403.33368832627,139944.8330922052
2014-06-17 16:00:00,141356.638,138454.88396947735,139569.16936113313
2014-06-17 17:00:00,141677.933,139657.9480234985,137593.38826425816
2014-06-17 18:00:00,139203.296,138937.61247715726,136259.93426575488
2014-06-17 19:00:00,135723.202,135715.76075614322,134208.00585231258
2014-06-17 20:00:00,131500.751,132002.62091337872,130428.67348671035
2014-06-17 21:00:00,128670.353,127847.46803674099,127142.31130146468
2014-06-17 22:00:00,120357.109,122807.5488864542,119399.75743429366
2014-06-17 23:00:00,109823.813,113230.69933651312,108661.81584033136
2014-06-18 00:00:00,100736.98,105736.94117998844,99699.77778685467
2014-06-18 01:00:00,94584.367,97300.78255603973,94826.9914345726
2014-06-18 02:00:00,90359.719,91579.90891189224,91181.99135066375
2014-06-18 03:00:00,87661.181,87746.89742889538,88143.29253340761
2014-06-18 04:00:00,86903.727,85659.00950009923,87669.02702405522
2014-06-18 05:00:00,89473.319,85919.13609021768,89599.0282165956
2014-06-18 06:00:00,94813.037,89590.02008609011,94745.58676565939
2014-06-18 07:00:00,102575.731,95618.97730577465,102167.71649287577
2014-06-18 08:00:00,109701.589,103126.62873882058,108876.12536974053
2014-06-18 09:00:00,116612.287,110234.19586348941,116026.01717972668
2014-06-18 10:00:00,123407.519,117265.30214348607,122416.30665691131
2014-06-18 11:00:00,128651.508,124166.89714617163,129985.56688750825
2014-06-18 12:00:00,131954.786,129351.28295333861,133590.40216455972
2014-06-18 13:00:00,134237.737,132936.49694014422,134594.24996905428
2014-06-18 14:00:00,136206.178,135317.81284283331,136502.16107653533
2014-06-18 15:00:00,138322.768,137005.83590134716,135517.55503186147
2014-06-18 16:00:00,139517.273,138741.57204986608,139448.6833257494
2014-06-18 17:00:00,139072.917,139212.91260629176,137322.96297557815
2014-06-18 18:00:00,136293.727,137282.3930631278,135238.65845091484
2014-06-18 19:00:00,131446.746,133814.9704260974,129539.67513837939
2014-06-18 20:00:00,126616.963,128881.85424567788,127355.59670892787
2014-06-18 21:00:00,122611.166,124218.76879215337,123068.06619722403
2014-06-18 22:00:00,113278.109,118511.33455050472,113946.83764244587
2014-06-18 23:00:00,102616.223,108437.42008303519,103036.45901925853
2014-06-19 00:00:00,93927.343,100670.71048907925,93821.45924051806
2014-06-19 01:00:00,87755.238,92516.77958245331,88106.45369668542
2014-06-19 02:00:00,83776.9,86768.73461048456,83824.29481844655
2014-06-19 03:00:00,81235.965,83075.89945898147,81472.1319303162
2014-06-19 04:00:00,80801.6,81009.29359787692,80842.5530127753
2014-06-19 05:00:00,83868.422,81546.98896481715,83651.83250235968
2014-06-19 06:00:00,89287.087,85470.86594591718,90205.79182165465
2014-06-19 07:00:00,95900.351,91562.4734913263,95969.46127480612
2014-06-19 08:00:00,101346.766,98208.09931986404,101226.84652415657
2014-06-19 09:00:00,105954.164,103948.46377820193,106638.51443790567
2014-06-19 10:00:00,110000.772,109067.98341850599,110691.36806796443
2014-06-19 11:00:00,113188.793,113473.98877760387,115365.78936959506
2014-06-19 12:00:00,115805.205,116682.92047339003,117090.48445606921
2014-06-19 13:00:00,118228.423,119274.77906734555,119695.98280141111
2014-06-19 14:00:00,119421.785,121545.68063407336,120200.84049936318
2014-06-19 15:00:00,119781.083,122833.94340289383,120785.56402548916
2014-06-19 16:00:00,119165.388,123167.8536197122,120947.49499246324
2014-06-19 17:00:00,117234.789,122436.4518148001,118611.51175125537
2014-06-19 18:00:00,114196.606,119939.13086007914,113917.18622597748
2014-06-19 19:00:00,110463.487,116204.48433204961,110273.97895696173
2014-06-19 20:00:00,107411.374,112049.59165960616,107826.62130006128
2014-06-19 21:00:00,106160.149,108546.82829637935,104478.04579982696
2014-06-19 22:00:00,99697.757,104448.13725753987,99940.62469071822
2014-06-19 23:00:00,91026.52,96182.76173244664,91736.87053148489
2014-06-20 00:00:00,83368.208,89871.77951059618,83773.71810416938
2014-06-20 01:00:00,78391.479,82353.02924049698,78889.52099881886
2014-06-20 02:00:00,75046.542,77449.90722630272,75781.75781370317
2014-06-20 03:00:00,73384.704,74162.21386859551,73013.41439653368
2014-06-20 04:00:00,73342.371,72708.09873390046,73043.32331992238
2014-06-20 05:00:00,75756.104,73608.44334955348,76042.53300797938
2014-06-20 06:00:00,80629.54,77003.48640616688,80382.6639653341
2014-06-20 07:00:00,86870.347,82515.1574064879,86632.18458850637
2014-06-20 08:00:00,92313.081,88695.0577759,92723.97119505233
2014-06-20 09:00:00,97245.041,94073.070982771,97395.95265227722
2014-06-20 10:00:00,101927.644,99011.85719807196,102049.35205790703
2014-06-20 11:00:00,105804.378,103558.76110721368,105635.24581936044
2014-06-20 12:00:00,109227.72,107143.03744334448,108153.9240290808
2014-06-20 13:00:00,112407.226,110303.63720289725,111872.65450309204
2014-06-20 14:00:00,114451.948,112783.64078070433,113964.70888395477
2014-06-20 15:00:00,115435.533,114105.92593576502,114855.91573312868
2014-06-20 16:00:00,116056.07,114461.69811064546,115763.146199989
2014-06-20 17:00:00,114982.677,114046.55833243506,114967.70927845992
2014-06-20 18:00:00,111748.337,111932.71208500117,111244.35375311831
2014-06-20 19:00:00,106897.704,108089.03620318146,107018.91324617194
2014-06-20 20:00:00,102994.766,103370.22818692334,104606.1441098833
2014-06-20 21:00:00,100650.045,99852.70912385064,100215.3532979604
2014-06-20 22:00:00,94987.621,95790.73024665989,94667.58498456
2014-06-20 23:00:00,87119.279,88706.70496822508,86870.51174710375
2014-06-21 00:00:00,80203.288,84002.0661867163,79433.20781542378
2014-06-21 01:00:00,75313.629,77300.78397851052,74913.66462958275
2014-06-21 02:00:00,72182.499,72658.24535308885,71370.50609037497
2014-06-21 03:00:00,70281.008,69748.98748914727,69260.87711598937
2014-06-21 04:00:00,69427.642,68197.69211362358,68637.90106603078
2014-06-21 05:00:00,69741.416,68058.33081982339,69248.41654033544
2014-06-21 06:00:00,70994.617,69349.25602475718,70513.5600663529
2014-06-21 07:00:00,74265.602,71955.2546598322,74487.07466684052
2014-06-21 08:00:00,78928.009,75928.97926495312,80284.79795793118
2014-06-21 09:00:00,83695.143,80652.62101366562,85143.35054762452
2014-06-21 10:00:00,87656.509,85453.00637267392,87941.16236908408
2014-06-21 11:00:00,90600.839,89530.17970952421,90618.62584174056
2014-06-21 12:00:00,93135.542,92623.8178557812,92140.30668311237
2014-06-21 13:00:00,95226.834,95371.49933182131,94694.95472460017
2014-06-21 14:00:00,97103.17,97403.64020188665,96025.50753144502
2014-06-21 15:00:00,98381.991,99051.46224136194,97563.26307738243
2014-06-21 16:00:00,99437.493,100156.55156132067,98788.72480324618
2014-06-21 17:00:00,99425.956,100594.70568166807,98711.91048777188
2014-06-21 18:00:00,97571.357,99533.17968138671,97577.09322395509
2014-06-21 19:00:00,94932.388,96613.05458639395,94900.72061604675
2014-06-21 20:00:00,92501.481,93257.7269090919,93543.58333824114
2014-06-21 21:00:00,91935.508,90449.86692029002,91121.04891133492
2014-06-21 22:00:00,87745.923,87862.68593668874,86874.64656736962
2014-06-21 23:00:00,81429.338,82031.2187229211,81068.54967963061
2014-06-22 00:00:00,75340.317,77906.75949094855,75349.2997946229
2014-06-22 01:00:00,70966.83,71805.94706914246,70295.18630520001
2014-06-22 02:00:00,68121.733,67597.59205772287,68310.3971240154
2014-06-22 03:00:00,66136.847,64761.0236414739,65998.21389810876
2014-06-22 04:00:00,65238.117,62919.55591173314,64305.23471653997
2014-06-22 05:00:00,64898.947,62210.45620056663,64186.30234021172
2014-06-22 06:00:00,64891.696,62105.75956538877,64228.77098701432
2014-06-22 07:00:00,67765.688,63056.88552413082,67387.44914298892
2014-06-22 08:00:00,72760.944,66559.21444989923,73479.57565877115
2014-06-22 09:00:00,78113.711,71782.65298329381,78259.50481547222
2014-06-22 10:00:00,82955.506,77024.69430003261,82309.93827065644
2014-06-22 11:00:00,87722.972,81864.42292044868,87075.04892623684
2014-06-22 12:00:00,91705.119,86204.78422037915,90672.69804295468
2014-06-22 13:00:00,95264.532,89919.29511133993,93589.55331887655
2014-06-22 14:00:00,98059.554,93202.5335246652,97180.92191651657
2014-06-22 15:00:00,100453.648,95824.41334114065,99636.54036449573
2014-06-22 16:00:00,102504.452,98088.38893169047,102102.49772806808
2014-06-22 17:00:00,104023.984,99719.77814255594,102516.06909706876
2014-06-22 18:00:00,103269.432,100224.21512565517,101866.52510382084
2014-06-22 19:00:00,100730.578,98751.10414846834,100565.341478222
2014-06-22 20:00:00,98086.992,95967.00138271286,99913.20245340117
2014-06-22 21:00:00,97538.87,93443.56371386208,96162.52174302192
2014-06-22 22:00:00,92051.046,91024.48427239779,92000.85944785005
2014-06-22 23:00:00,84686.226,84422.03665494993,84585.45264831699
2014-06-23 00:00:00,77877.119,82222.45630880738,78185.82834603779
2014-06-23 01:00:00,73329.116,75703.39718157452,73258.17861365531
2014-06-23 02:00:00,70832.503,71383.60985975945,70320.58444846154
2014-06-23 03:00:00,69330.573,68805.77630211372,69379.04074105395
2014-06-23 04:00:00,70047.88,67432.29016670269,69430.69759427894
2014-06-23 05:00:00,73273.088,67988.75470871682,73073.41935067446
2014-06-23 06:00:00,78732.957,70880.73291873006,78330.27608425764
2014-06-23 07:00:00,86448.802,76173.73003256947,84705.64137092383
2014-06-23 08:00:00,93329.808,83686.03319241031,92366.23685808934
2014-06-23 09:00:00,99099.223,90681.36074308022,98337.56253798652
2014-06-23 10:00:00,104808.524,96849.72519111834,103808.58048514122
2014-06-23 11:00:00,109759.094,102942.8439697293,109149.72874130032
2014-06-23 12:00:00,114113.893,107935.2331750353,112908.02049350516
2014-06-23 13:00:00,117749.757,112377.80100686065,118109.4095839034
2014-06-23 14:00:00,120122.17,115980.78601054242,120404.08023661829
2014-06-23 15:00:00,121878.653,118356.31993240425,121848.09487540452
2014-06-23 16:00:00,122739.614,120241.8186866137,122375.55142087817
2014-06-23 17:00:00,122400.16,121073.42087653338,122200.02120157614
2014-06-23 18:00:00,119665.381,120040.1187093982,119773.5135117314
2014-06-23 19:00:00,115157.244,116641.53780239655,116317.57269191732
2014-06-23 20:00:00,111037.467,112148.20901323383,112124.25440704175
2014-06-23 21:00:00,108846.087,108541.83260399164,108138.76140575536
2014-06-23 22:00:00,101448.67,104545.76016073205,101006.68553171134
2014-06-23 23:00:00,92277.099,96301.55402586935,92523.8131952647
2014-06-24 00:00:00,84461.811,89993.97750165091,84083.64381428079
2014-06-24 01:00:00,79135.439,82668.60811903366,79561.60088538507
2014-06-24 02:00:00,75688.691,77817.68706263926,76127.32592189111
2014-06-24 03:00:00,73918.35,74687.92890948027,73453.9988828579
2014-06-24 04:00:00,74115.749,73458.23571610065,73744.1566304444
2014-06-24 05:00:00,77237.69,74513.09511012901,76899.17083037739
2014-06-24 06:00:00,82708.949,78506.34132059514,82513.1194667206
2014-06-24 07:00:00,89991.115,84856.64837285456,89390.26145025012
2014-06-24 08:00:00,96337.613,92305.9020234539,96272.09680466179
2014-06-24 09:00:00,101970.84,98882.70036881874,102986.53640861322
2014-06-24 10:00:00,107590.405,105000.46531994361,107251.93166716493
2014-06-24 11:00:00,112969.056,111054.3922621326,112585.67410965388
2014-06-24 12:00:00,117304.923,116454.22091182046,116981.93804870546
2014-06-24 13:00:00,121584.764,120879.85348838806,120828.83711574822
2014-06-24 14:00:00,124590.389,124781.34282398334,123575.27831754828
2014-06-24 15:00:00,127068.353,127485.60217370803,125368.07355583899
2014-06-24 16:00:00,128627.458,129463.72464578156,127823.27585773026
2014-06-24 17:00:00,128139.105,130228.2705131056,128215.69550917998
2014-06-24 18:00:00,124806.587,128691.69758246586,123777.31197236918
2014-06-24 19:00:00,119491.793,124623.78638633521,119565.13991730416
2014-06-24 20:00:00,115361.22,119184.1680962524,116314.0155727698
2014-06-24 21:00:00,112582.793,115207.70935785986,111827.29744889005
2014-06-24 22:00:00,104996.599,110345.83167776825,105147.70828916643
2014-06-24 23:00:00,95890.906,101443.05521790299,95446.17658226757
2014-06-25 00:00:00,88117.765,94843.84867941012,88603.92094689164
2014-06-25 01:00:00,82745.117,87309.31866945181,82526.98135005371
2014-06-25 02:00:00,79222.219,82127.88777288553,79528.46961227871
2014-06-25 03:00:00,77457.382,78807.4105200446,77200.62906072325
2014-06-25 04:00:00,77684.781,77325.69116864997,77107.70372630503
2014-06-25 05:00:00,80985.56,78319.46744180632,81060.65009209997
2014-06-25 06:00:00,86694.643,82292.999726193,86648.20710148412
2014-06-25 07:00:00,93473.813,88708.97438110509,93141.27686398072
2014-06-25 08:00:00,99216.347,95660.03403007778,99506.54684426197
2014-06-25 09:00:00,104446.69,101745.87773676541,104789.42491587285
2014-06-25 10:00:00,110085.566,107479.12923245295,109703.30307827579
2014-06-25 11:00:00,115502.022,113446.66093006748,114969.26483217259
2014-06-25 12:00:00,120037.787,118649.9086717451,119221.33828513429
2014-06-25 13:00:00,124101.893,123179.94676781479,122778.66717001384
2014-06-25 14:00:00,126684.61,126958.25079510166,125626.69224509456
2014-06-25 15:00:00,127886.02,129522.35409735783,127504.28451207462
2014-06-25 16:00:00,128349.819,130693.17905392498,127189.01234182621
2014-06-25 17:00:00,127274.336,130721.1176465511,127860.68333412982
2014-06-25 18:00:00,124020.603,128620.55143536314,123563.5118576155
2014-06-25 19:00:00,119574.224,124378.86968294092,119459.76678067824
2014-06-25 20:00:00,115955.035,119420.02097916993,116291.33916002406
2014-06-25 21:00:00,113209.758,115356.09708645433,112815.12894016039
2014-06-25 22:00:00,105469.329,110176.20339456509,105006.49206589482
2014-06-25 23:00:00,95935.298,101070.90800948063,95493.61273083591
2014-06-26 00:00:00,87782.442,94154.75709855193,88482.37571746399
2014-06-26 01:00:00,82522.608,86274.38480873646,82458.30212348106
2014-06-26 02:00:00,79027.28,81184.12992852682,79489.04137122669
2014-06-26 03:00:00,77049.597,77940.15741375565,77144.84845397998
2014-06-26 04:00:00,76847.544,76455.57897558482,76980.87597489714
2014-06-26 05:00:00,79678.668,77297.35353671749,79956.16887096803
2014-06-26 06:00:00,85095.437,81061.93290194863,85604.84835263409
2014-06-26 07:00:00,92305.177,86972.1238435401,92920.65129405216
2014-06-26 08:00:00,98565.318,93761.35542075383,98094.24862650392
2014-06-26 09:00:00,103972.514,99830.3348260774,103722.50024282944
2014-06-26 10:00:00,109016.317,105505.00810464767,108368.02870981474
2014-06-26 11:00:00,113362.71,110964.89046544547,112950.22057402255
2014-06-26 12:00:00,116665.605,115455.33699574649,116505.98282723073
2014-06-26 13:00:00,119963.638,119104.92597497183,119482.1520477541
2014-06-26 14:00:00,122419.436,122207.7262521484,121815.04545452032
2014-06-26 15:00:00,124472.494,124261.6413494038,123295.49031777614
2014-06-26 16:00:00,126314.994,125737.94351242413,124675.47600994464
2014-06-26 17:00:00,126638.47,126477.65832839755,124750.2322803491
2014-06-26 18:00:00,124611.107,125460.36878205091,123725.78836973013
2014-06-26 19:00:00,119899.614,122356.35938104044,119364.20780094896
2014-06-26 20:00:00,115123.398,117559.94944261872,116825.8955612167
2014-06-26 21:00:00,112528.743,112955.17214006666,111659.70465400357
2014-06-26 22:00:00,105367.012,108061.92014324588,104831.19018550563
2014-06-26 23:00:00,95625.376,99421.59117759341,95307.17990881372
2014-06-27 00:00:00,87178.581,92324.63173648978,87770.08172637984
2014-06-27 01:00:00,81290.821,84391.68585496013,81682.3568550848
2014-06-27 02:00:00,77447.242,78845.85982583686,77519.21381221013
2014-06-27 03:00:00,75485.447,75310.56741553027,75211.04123896151
2014-06-27 04:00:00,75382.522,73772.65755892168,74967.55089040994
2014-06-27 05:00:00,77762.469,74503.06707451408,78582.39342665857
2014-06-27 06:00:00,82484.085,77796.10563622836,83108.03754376694
2014-06-27 07:00:00,89348.659,83256.65232924098,89153.3628730765
2014-06-27 08:00:00,96093.063,90312.2197253344,95261.63781954857
2014-06-27 09:00:00,102972.263,97158.74676167556,101418.39540532601
2014-06-27 10:00:00,109231.463,104027.41497045834,108907.80425745598
2014-06-27 11:00:00,114519.826,110282.48919914186,114616.88536567548
2014-06-27 12:00:00,118794.677,115238.98574442418,118772.99513669487
2014-06-27 13:00:00,122204.778,119394.9928683512,122448.43374243796
2014-06-27 14:00:00,124477.571,122577.37714896744,124337.84379705631
2014-06-27 15:00:00,126101.614,124702.82787660681,124866.86698131432
2014-06-27 16:00:00,127032.118,126230.75686014313,125739.3130978322
2014-06-27 17:00:00,126414.415,126769.98476127064,125894.58014413847
2014-06-27 18:00:00,123100.73,125228.14416267801,123389.37837431548
2014-06-27 19:00:00,118024.481,121030.63377628813,118339.12980198003
2014-06-27 20:00:00,113030.743,115600.95183645301,114744.14573438936
2014-06-27 21:00:00,110551.879,110753.91480844212,110529.62291836228
2014-06-27 22:00:00,104133.25,106198.60305515595,103682.3326751919
2014-06-27 23:00:00,95227.531,98118.76800763166,95208.33958188274
2014-06-28 00:00:00,87077.905,92396.70022821316,87194.5327853378
2014-06-28 01:00:00,80892.481,84515.6945311615,81063.87319469878
2014-06-28 02:00:00,76766.785,78757.95920831012,76740.17820489171
2014-06-28 03:00:00,73977.89,75004.88572170342,74747.4491888885
2014-06-28 04:00:00,72578.729,72703.36121644336,72628.18338386112
2014-06-28 05:00:00,72392.508,72084.37861759134,73452.80222073001
2014-06-28 06:00:00,73421.997,73124.60612543792,74134.79973473166
2014-06-28 07:00:00,78116.847,75724.28588976769,77815.33787824912
2014-06-28 08:00:00,85511.948,81183.31320752457,85410.97532219891
2014-06-28 09:00:00,92920.49,88652.48860079303,92877.230409989
2014-06-28 10:00:00,99462.644,95943.73081470269,99392.16305566783
2014-06-28 11:00:00,104481.601,102309.74433481219,104515.6610569476
2014-06-28 12:00:00,108588.95,107142.99759990643,108208.54364023646
2014-06-28 13:00:00,111501.862,111038.67003321339,111255.41450603251
2014-06-28 14:00:00,113580.196,113730.41783459348,113370.66496279092
2014-06-28 15:00:00,115661.356,115527.66383720418,115526.21848098692
2014-06-28 16:00:00,116996.773,117123.74845251205,116549.69326017001
2014-06-28 17:00:00,117099.227,117694.65280057005,116092.58605198181
2014-06-28 18:00:00,114834.604,116611.55348957129,113705.73714952904
2014-06-28 19:00:00,110451.506,113362.00984066978,110884.22373095549
2014-06-28 20:00:00,106237.803,108489.17567200806,107213.61653042102
2014-06-28 21:00:00,104288.327,104466.72455247003,104007.7639831647
2014-06-28 22:00:00,99043.34,100767.32141269455,99194.04426729285
2014-06-28 23:00:00,91526.278,94022.76729984209,90833.09981404546
2014-06-29 00:00:00,84180.077,88720.60676046803,84657.61875951491
2014-06-29 01:00:00,78869.991,81459.67031969065,78951.70364517227
2014-06-29 02:00:00,75035.72,76281.93487575965,75214.47984788279
2014-06-29 03:00:00,72487.279,72558.46763003351,72301.17245661182
2014-06-29 04:00:00,71062.124,70189.86464464774,71673.70418995226
2014-06-29 05:00:00,70212.283,68909.26952613782,70833.74739640621
2014-06-29 06:00:00,69970.829,68391.61526059735,69992.44228137934
2014-06-29 07:00:00,73540.414,69468.81349363759,73375.60448899886
2014-06-29 08:00:00,80665.282,74182.97227142529,80380.51334757087
2014-06-29 09:00:00,87882.309,81446.07633423184,88181.30689904485
2014-06-29 10:00:00,94176.788,88572.41198132838,94686.79574305822
2014-06-29 11:00:00,99842.837,94889.74893738492,100382.8929189921
2014-06-29 12:00:00,104460.015,100274.5009392511,104433.83574725753
2014-06-29 13:00:00,107825.392,104639.00414715022,107884.89319644465
2014-06-29 14:00:00,110465.958,107793.11664067385,110521.27190679466
2014-06-29 15:00:00,112674.619,110372.94766069618,111805.89579514302
2014-06-29 16:00:00,114782.651,112378.05990885299,113764.81639893075
2014-06-29 17:00:00,115369.774,113837.87980417488,115304.72538305493
2014-06-29 18:00:00,114011.69,113301.72874521758,112362.01096370009
2014-06-29 19:00:00,110868.068,110866.7163668364,110613.5136270319
2014-06-29 20:00:00,107658.54,107138.16074265272,108655.144568406
2014-06-29 21:00:00,106054.413,104007.84836473956,105827.55582607193
2014-06-29 22:00:00,100623.534,100606.39618022201,99530.77140249877
2014-06-29 23:00:00,92599.737,93881.87181367277,93548.42448666468
2014-06-30 00:00:00,85636.642,90980.07793122689,85618.92769233731
2014-06-30 01:00:00,80632.976,84144.89125720086,80930.27143987222
2014-06-30 02:00:00,77270.743,79263.0655409417,77161.78030178341
2014-06-30 03:00:00,75792.596,75988.95070888914,75201.77992246304
2014-06-30 04:00:00,76015.077,74483.03907928661,75495.77668566823
2014-06-30 05:00:00,79066.054,74607.93415507759,78538.80846697585
2014-06-30 06:00:00,84394.781,77201.65409906462,83715.94710022632
2014-06-30 07:00:00,91316.636,82446.17091194118,91084.5849644812
2014-06-30 08:00:00,97530.505,89632.82251447701,98548.84975244754
2014-06-30 09:00:00,103728.287,96265.75814086736,104431.94928933222
2014-06-30 10:00:00,110291.0,102780.0270869491,109130.66131321886
2014-06-30 11:00:00,115839.442,109435.8053468691,115287.30454748656
2014-06-30 12:00:00,120773.884,114866.08996590115,120325.68975516951
2014-06-30 13:00:00,125559.323,119633.52144567898,124769.24176367804
2014-06-30 14:00:00,129304.714,123953.68463323207,127659.10416306535
2014-06-30 15:00:00,132225.022,127315.34552572841,130898.64475148305
2014-06-30 16:00:00,134166.491,129994.96905001083,132548.5962431914
2014-06-30 17:00:00,134432.78,131438.41812664975,133005.44448146928
2014-06-30 18:00:00,132391.677,130867.71821104806,131018.48019507922
2014-06-30 19:00:00,128304.156,128015.4910524716,126769.49944919367
2014-06-30 20:00:00,123000.721,123679.8641871333,125611.13760763976
2014-06-30 21:00:00,119541.321,119018.54861662055,119526.40234085795
2014-06-30 22:00:00,110893.617,114091.88066950525,111199.28606815047
2014-06-30 23:00:00,100398.537,104801.49449933913,101617.57210881263
2014-07-01 00:00:00,91834.558,97531.41743553916,93167.07904635547
2014-07-01 01:00:00,86001.023,89600.80756873079,86436.83409648474
2014-07-01 02:00:00,82209.729,84054.30131421355,81995.46626499908
2014-07-01 03:00:00,80066.972,80488.98086270866,79725.04974787045
2014-07-01 04:00:00,79644.591,78703.46247659749,80144.18539420066
2014-07-01 05:00:00,82020.007,79145.70180134794,82609.2354043959
2014-07-01 06:00:00,87122.351,82542.49577122627,87521.5734487414
2014-07-01 07:00:00,94462.902,88324.03127746283,93323.96392846985
2014-07-01 08:00:00,102206.798,95572.18465847187,100313.21540359559
2014-07-01 09:00:00,110120.761,103129.03204191083,108151.41784548873
2014-07-01 10:00:00,117269.104,110927.86934911873,116166.1047310545
2014-07-01 11:00:00,123710.31,118046.37651982263,121340.95934066795
2014-07-01 12:00:00,129025.189,124244.77529318759,128193.84204978767
2014-07-01 13:00:00,133164.201,129730.66544882764,132856.75517037074
2014-07-01 14:00:00,136198.579,133897.47293538565,135550.31759589814
2014-07-01 15:00:00,137919.07,136947.3871561856,135363.72887924538
2014-07-01 16:00:00,139326.921,138727.10127130552,139582.91253280482
2014-07-01 17:00:00,139379.87,139604.92501321677,137653.3534615396
2014-07-01 18:00:00,136884.616,138565.71892850948,135765.07762641448
2014-07-01 19:00:00,132711.159,135100.02377399232,133652.40867076075
2014-07-01 20:00:00,128350.893,130180.12816172786,127527.68469080936
2014-07-01 21:00:00,124948.191,125619.11403333684,125523.94172051664
2014-07-01 22:00:00,116627.34,119901.15601154094,116172.24894401206
2014-07-01 23:00:00,106543.361,110184.6636220377,106664.5925235329
2014-07-02 00:00:00,97624.058,102794.55494505954,97713.40623828815
2014-07-02 01:00:00,91301.568,94338.02281429201,91526.89082756291
2014-07-02 02:00:00,86880.148,88415.65972323914,87165.25118389259
2014-07-02 03:00:00,84097.679,84379.33080031202,84534.66707087065
2014-07-02 04:00:00,83527.287,82063.6431999209,83707.36983088318
2014-07-02 05:00:00,85855.718,82328.3945713532,86171.70386193224
2014-07-02 06:00:00,90636.438,85579.19147050731,91228.50903312302
2014-07-02 07:00:00,98071.375,91179.15575691409,97121.39735959528
2014-07-02 08:00:00,106078.544,98817.42879802469,102625.70331612944
2014-07-02 09:00:00,113616.992,106791.76283365535,110943.1556245784
2014-07-02 10:00:00,121012.838,114441.56595661918,119270.67612313555
2014-07-02 11:00:00,127175.343,121877.82537514309,125165.16906441713
2014-07-02 12:00:00,131723.445,127901.47849930602,129585.58328060352
2014-07-02 13:00:00,134834.493,132456.7228383643,133306.06563606727
2014-07-02 14:00:00,136556.814,135521.03837323652,135070.20588338174
2014-07-02 15:00:00,137015.408,137097.05616889228,138809.0374151838
2014-07-02 16:00:00,136451.18,137575.0472478662,138508.901125752
2014-07-02 17:00:00,133725.05,136841.61808407246,136710.81584679257
2014-07-02 18:00:00,129327.47,133701.8941300554,130288.52245630049
2014-07-02 19:00:00,124279.46,128842.14849037907,124805.8063951375
2014-07-02 20:00:00,119615.215,123549.91341397667,120326.87410919234
2014-07-02 21:00:00,116484.224,118826.80258218703,115736.22658369741
2014-07-02 22:00:00,108762.145,113483.50084271433,108039.68709865655
2014-07-02 23:00:00,99074.794,104317.07002351659,99376.01369286346
2014-07-03 00:00:00,90920.319,97128.85971912171,91865.36178996395
2014-07-03 01:00:00,85141.89,89140.35759690331,85116.85459200792
2014-07-03 02:00:00,81362.476,83597.078512181,81225.74080145742
2014-07-03 03:00:00,79140.365,79986.32646703583,79168.93862976583
2014-07-03 04:00:00,78960.659,78159.39912103317,78222.34727711011
2014-07-03 05:00:00,81523.43,78753.36052870717,82278.38164065886
2014-07-03 06:00:00,85770.822,82108.60433735738,86545.42941894676
2014-07-03 07:00:00,92451.186,87426.54624845272,92247.58394171121
2014-07-03 08:00:00,99152.025,94445.92107433637,96934.92124967776
2014-07-03 09:00:00,105024.825,101260.90532079074,103383.60516169072
2014-07-03 10:00:00,110896.526,107423.66701501311,108509.39838159819
2014-07-03 11:00:00,115966.262,113326.96655687419,112913.87407049284
2014-07-03 12:00:00,119240.344,118272.59120311175,117111.84629878617
2014-07-03 13:00:00,121768.955,121654.03359960618,120109.72066422093
2014-07-03 14:00:00,123074.232,124069.47191315598,122016.3384263866
2014-07-03 15:00:00,122830.925,125294.08190175134,123022.27739496404
2014-07-03 16:00:00,120920.263,125152.90262315172,122579.01998762724
2014-07-03 17:00:00,117610.266,123156.42320739687,119315.00002025237
2014-07-03 18:00:00,112709.378,119451.8173386285,114075.24240781905
2014-07-03 19:00:00,107049.488,114094.18288295124,108791.64027391105
2014-07-03 20:00:00,102940.213,108280.80245243032,105819.76513205016
2014-07-03 21:00:00,100064.798,103908.4796779918,100519.7570729606
2014-07-03 22:00:00,94376.813,98984.08611891005,95198.59085185768
2014-07-03 23:00:00,86965.44,91637.61392129192,87459.59345298538
2014-07-04 00:00:00,80216.582,86315.99951729491,80076.574803718
2014-07-04 01:00:00,75497.993,79527.5024977408,76058.0879765125
2014-07-04 02:00:00,72195.692,74829.2256783015,72547.50008533215
2014-07-04 03:00:00,69997.097,71687.1850255357,69920.23062940569
2014-07-04 04:00:00,68991.497,69986.07639903916,69648.89628851789
2014-07-04 05:00:00,69129.132,70024.34536200864,71222.61063177811
2014-07-04 06:00:00,68828.173,71483.56774582411,73667.97553378003
2014-07-04 07:00:00,70529.436,73415.12454477037,72718.16839978447
2014-07-04 08:00:00,74369.728,76633.7724871702,75021.15139064705
2014-07-04 09:00:00,78736.319,81178.33610900643,79221.68551290724
2014-07-04 10:00:00,82810.437,86128.22862428115,81964.28015095856
2014-07-04 11:00:00,85845.959,91152.7434261072,85880.67967875185
2014-07-04 12:00:00,87519.181,94588.28012716009,87817.81329544417
2014-07-04 13:00:00,88219.306,96742.59974244809,89048.27975799402
2014-07-04 14:00:00,88690.509,97746.5564653303,88795.787456966
2014-07-04 15:00:00,89336.244,98164.14315846498,89172.53511908984
2014-07-04 16:00:00,90079.501,98213.14944321157,89296.69469930828
2014-07-04 17:00:00,90323.254,97803.60615925427,88835.83358063397
2014-07-04 18:00:00,88732.815,96275.28786864917,88010.05208758374
2014-07-04 19:00:00,85240.473,93084.01763178511,87128.32323650955
2014-07-04 20:00:00,81166.299,88856.41386698328,85446.61316221001
2014-07-04 21:00:00,79336.225,84467.2330792729,79012.88227943564
2014-07-04 22:00:00,76651.194,80409.60748472692,76496.28014001336
2014-07-04 23:00:00,72952.438,75682.49875997107,72933.15876173254
2014-07-05 00:00:00,68158.111,74064.04865017661,67562.5925418348
2014-07-05 01:00:00,64166.387,68864.46670740512,64945.90552867757
2014-07-05 02:00:00,61592.537,64762.457258737086,61590.14000708765
2014-07-05 03:00:00,60178.883,62035.45397809402,59878.88024863179
2014-07-05 04:00:00,59511.738,60555.714795911445,59487.4379927391
2014-07-05 05:00:00,59599.189,59989.90678615123,60143.848481601504
2014-07-05 06:00:00,59795.464,59945.48282013435,60620.78715472909
2014-07-05 07:00:00,63014.006,60840.77314669915,61960.90288201168
2014-07-05 08:00:00,68446.906,64527.25462980368,67607.54073280965
2014-07-05 09:00:00,73766.811,69889.50195866777,74420.47504257383
2014-07-05 10:00:00,78347.145,75759.67412064408,77630.81757059232
2014-07-05 11:00:00,81903.724,80685.34351152691,81734.73984050196
2014-07-05 12:00:00,84351.162,84063.31814819257,83928.32979083114
2014-07-05 13:00:00,86178.672,86321.2246541447,85791.61256328072
2014-07-05 14:00:00,88515.831,87917.54117899397,86959.13323492018
2014-07-05 15:00:00,91010.584,89868.35075456981,88916.91193108697
2014-07-05 16:00:00,93463.176,91876.30338356347,91124.68507037945
2014-07-05 17:00:00,95051.49,93532.97163378909,93222.40854141678
2014-07-05 18:00:00,94282.443,93768.9850036295,93038.0269998712
2014-07-05 19:00:00,91285.667,91733.3961550411,91864.58782616057
2014-07-05 20:00:00,87835.619,87910.07451588828,90412.25600503122
2014-07-05 21:00:00,86738.115,84392.2478969986,85607.73609532026
2014-07-05 22:00:00,82643.126,81903.98246586697,80700.4733031858
2014-07-05 23:00:00,76866.922,76879.16491573339,76374.75179669505
2014-07-06 00:00:00,71261.437,73457.49952437132,70912.0298567373
2014-07-06 01:00:00,67011.967,67771.9566097728,67049.51083662221
2014-07-06 02:00:00,64148.839,63679.91129984693,64383.06790465914
2014-07-06 03:00:00,62423.433,60960.532089997614,61955.419002227565
2014-07-06 04:00:00,61438.47,59337.63151611475,61219.08074323129
2014-07-06 05:00:00,61144.169,58469.571270412416,60901.98255293886
2014-07-06 06:00:00,60889.515,58148.65476338243,60955.84892843924
2014-07-06 07:00:00,63657.994,58965.885368712916,63145.32343151794
2014-07-06 08:00:00,68863.237,62758.90845063422,69283.55990335463
2014-07-06 09:00:00,74447.852,68650.95879087057,74560.7976728286
2014-07-06 10:00:00,80033.893,74550.35233325089,79321.33669943993
2014-07-06 11:00:00,85274.654,80169.34667192817,84410.7141146679
2014-07-06 12:00:00,90105.0,85006.06575122087,88341.05295762597
2014-07-06 13:00:00,93781.189,89245.71732289894,92330.25249120449
2014-07-06 14:00:00,97181.283,92654.71463518246,95561.17769894474
2014-07-06 15:00:00,100797.254,95866.44032435848,98730.84204918791
2014-07-06 16:00:00,103997.69,99180.44433418218,102878.5209675375
2014-07-06 17:00:00,105871.452,101863.20947961285,104304.071612627
2014-07-06 18:00:00,105794.024,102723.21341355715,103907.35862193508
2014-07-06 19:00:00,103567.229,101451.72008186571,103013.44198471199
2014-07-06 20:00:00,101382.015,98540.44345419345,102395.01752538755
2014-07-06 21:00:00,101093.269,96309.91283575314,99239.11526900022
2014-07-06 22:00:00,96735.04,94238.23635571823,95831.69893472502
2014-07-06 23:00:00,89628.989,88705.61522909711,89654.19484457305
2014-07-07 00:00:00,83044.627,86879.7655520245,82666.34848182926
2014-07-07 01:00:00,78483.541,80597.37647904026,78778.07292499515
2014-07-07 02:00:00,75449.777,76202.21405993536,75912.48286677794
2014-07-07 03:00:00,73906.133,73316.49816523351,74006.15100178718
2014-07-07 04:00:00,74277.237,71814.72643170974,74429.42930590345
2014-07-07 05:00:00,77610.894,72151.31561658448,78687.82476074931
2014-07-07 06:00:00,83003.647,74894.22765809175,83476.86005605786
2014-07-07 07:00:00,90448.748,79968.22379442077,89567.93367428677
2014-07-07 08:00:00,98154.355,87014.15872988968,97428.06848282265
2014-07-07 09:00:00,105278.633,94366.3742982952,103269.4145534979
2014-07-07 10:00:00,112604.896,101438.82545361925,110403.68946434438
2014-07-07 11:00:00,118942.671,108658.12114132491,117942.02840726428
2014-07-07 12:00:00,124132.719,114845.24295372765,123704.07956581148
2014-07-07 13:00:00,128123.055,119952.60877152435,127897.49982577245
2014-07-07 14:00:00,131260.141,123948.58475542728,129242.7225498768
2014-07-07 15:00:00,133464.768,127255.9711682068,132501.32884716173
2014-07-07 16:00:00,134786.86,129662.57383014767,134832.94673804284
2014-07-07 17:00:00,135069.142,130905.72727172775,132688.40193625857
2014-07-07 18:00:00,133219.038,130842.91882563292,130764.90646351424
2014-07-07 19:00:00,129192.063,128380.49969911849,129476.43379860744
2014-07-07 20:00:00,125233.452,124204.62452257791,125643.42049248698
2014-07-07 21:00:00,121742.124,120620.52103700876,121060.96699541004
2014-07-07 22:00:00,113651.918,115778.99683011288,112584.45407250283
2014-07-07 23:00:00,103725.13,106932.35102842108,104343.63053747891
2014-07-08 00:00:00,95034.105,100078.15644958886,96062.79783905394
2014-07-08 01:00:00,88754.366,92154.3558775678,88844.97681558825
2014-07-08 02:00:00,84452.374,86515.68632670095,85015.1725233562
2014-07-08 03:00:00,81934.164,82743.30467324346,82257.20272274551
2014-07-08 04:00:00,81687.831,80879.11481852006,82388.2482675563
2014-07-08 05:00:00,84519.901,81619.17611292198,84836.56176938069
2014-07-08 06:00:00,90191.498,85338.9500114873,90154.21460847961
2014-07-08 07:00:00,97780.623,91696.98602213732,96797.75436147468
2014-07-08 08:00:00,104358.566,99471.21112482977,104248.74607345351
2014-07-08 09:00:00,110724.763,106417.5123754832,110312.4296892811
2014-07-08 10:00:00,116822.881,113192.53273312625,116610.04307923319
2014-07-08 11:00:00,122693.85,119642.96362666116,121454.91291215477
2014-07-08 12:00:00,127198.564,125522.89568402665,126010.63180754219
2014-07-08 13:00:00,130954.747,130149.18650796596,129831.17031772307
2014-07-08 14:00:00,133343.152,133926.47163613662,132774.83294401874
2014-07-08 15:00:00,134707.649,136223.63977423095,134290.15831047992
2014-07-08 16:00:00,135558.974,137511.05132999903,134094.12412047913
2014-07-08 17:00:00,135044.869,138129.08160695026,132767.9430918317
2014-07-08 18:00:00,131687.785,137071.19182528526,130818.5877655978
2014-07-08 19:00:00,125001.501,133144.5472823301,126677.24466334644
2014-07-08 20:00:00,119166.299,126812.70331952526,121718.86900989265
2014-07-08 21:00:00,114244.081,121062.68035522147,115943.88561863803
2014-07-08 22:00:00,106642.304,114338.84125700763,105828.44122436398
2014-07-08 23:00:00,97210.946,105145.34222962975,97445.03422838269
2014-07-09 00:00:00,88932.937,98059.95616770965,89607.44202310129
2014-07-09 01:00:00,83401.43,89844.72641793154,84286.31507083574
2014-07-09 02:00:00,79512.595,84255.14184682713,80177.2317649839
2014-07-09 03:00:00,77577.417,80370.378550519,78006.26099829252
2014-07-09 04:00:00,77434.934,78676.28736941333,77879.41941893504
2014-07-09 05:00:00,80144.335,79379.83697367662,81305.59819453079
2014-07-09 06:00:00,84965.045,83003.48846515612,86066.88445167485
2014-07-09 07:00:00,91785.112,88795.42351389302,92173.69639624382
2014-07-09 08:00:00,102075.89,95869.9879797656,97354.7076358832
2014-07-09 09:00:00,105104.737,105576.33077431802,106995.73563553148
2014-07-09 10:00:00,109359.462,110161.5046562877,110198.44466138986
2014-07-09 11:00:00,114104.982,115430.39304460995,114582.2411706742
2014-07-09 12:00:00,117825.469,120300.6195261241,117542.3606166433
2014-07-09 13:00:00,121257.115,124104.65977214026,120305.87354361346
2014-07-09 14:00:00,123821.641,127199.02768112053,122943.18592422294
2014-07-09 15:00:00,125509.809,129281.16521085674,124769.57604144615
2014-07-09 16:00:00,125792.172,130488.44918241093,125932.69741603536
2014-07-09 17:00:00,123888.113,130131.05851916579,124697.57774765375
2014-07-09 18:00:00,120168.758,127334.13109705976,120546.79220035873
2014-07-09 19:00:00,116009.761,122391.07320994971,116148.0495472907
2014-07-09 20:00:00,112210.959,117308.17525628573,113253.03616523641
2014-07-09 21:00:00,109816.249,112681.02862082252,109319.12994372808
2014-07-09 22:00:00,103002.145,107808.96824475031,101714.03815603918
2014-07-09 23:00:00,93823.059,99235.2763500441,93668.13689108315
2014-07-10 00:00:00,85894.077,92523.94151806456,86302.51947381832
2014-07-10 01:00:00,80496.147,84990.42394689511,80478.45230398278
2014-07-10 02:00:00,77004.978,79814.42290597362,77340.97733501946
2014-07-10 03:00:00,75109.023,76581.77528747907,75490.57387417144
2014-07-10 04:00:00,75058.586,75106.02854330331,74882.09438599595
2014-07-10 05:00:00,77948.559,75866.49805253075,78972.36656476538
2014-07-10 06:00:00,82700.843,79323.66137553735,83749.49147833788
2014-07-10 07:00:00,89038.137,84788.31812758639,88827.76814691829
2014-07-10 08:00:00,94967.873,92088.7494045809,94995.65658342477
2014-07-10 09:00:00,99995.631,97498.89819038808,99978.52858548141
2014-07-10 10:00:00,104985.205,102985.56047806534,105426.59912733236
2014-07-10 11:00:00,109191.546,108480.42108376324,109071.97098973402
2014-07-10 12:00:00,112653.695,112731.85764791138,111993.28099433513
2014-07-10 13:00:00,115993.945,116253.05854063752,115277.16869047457
2014-07-10 14:00:00,117998.018,119289.19069311711,117872.64506088731
2014-07-10 15:00:00,119341.044,121014.07173594799,118306.96366853472
2014-07-10 16:00:00,120140.82,121705.92975037976,119373.61872587042
2014-07-10 17:00:00,120079.27,121363.42612653246,118739.09322448376
2014-07-10 18:00:00,117140.716,119710.06086798011,116823.0972056377
2014-07-10 19:00:00,112760.268,115827.97201394322,113113.19820601906
2014-07-10 20:00:00,108851.323,111124.25722258427,110790.97832343816
2014-07-10 21:00:00,106410.347,106935.61973680722,105105.89187160193
2014-07-10 22:00:00,99477.567,102299.6281521797,99106.1687926606
2014-07-10 23:00:00,90565.178,93930.50456876436,90222.47955293157
2014-07-11 00:00:00,83092.118,87806.40199657108,82635.97619541662
2014-07-11 01:00:00,77833.596,80742.315107981,77891.91362178451
2014-07-11 02:00:00,74431.025,75801.35922288115,74732.79048103029
2014-07-11 03:00:00,72643.084,72641.30692296193,72693.92988533653
2014-07-11 04:00:00,72687.754,71162.06104222943,72426.27509970783
2014-07-11 05:00:00,75492.928,71756.23371490631,75545.46366989009
2014-07-11 06:00:00,79631.038,74616.1138058803,79267.04314244576
2014-07-11 07:00:00,86190.84,78979.374121517,83932.32429549118
2014-07-11 08:00:00,92702.835,85078.28646696807,91229.64556014613
2014-07-11 09:00:00,98666.808,91435.04854376859,97389.40083170615
2014-07-11 10:00:00,104547.972,97658.48365256583,103500.95547354256
2014-07-11 11:00:00,109485.666,103552.36274990853,108152.02318707999
2014-07-11 12:00:00,113345.699,108046.57466733441,112386.07896657966
2014-07-11 13:00:00,117063.494,111648.86838036348,116158.93425870432
2014-07-11 14:00:00,119760.847,114728.18359462506,118462.86321072809
2014-07-11 15:00:00,121826.666,116908.40809429667,120717.73313598985
2014-07-11 16:00:00,123058.462,118558.88914690324,121339.17851542273
2014-07-11 17:00:00,122673.398,119276.06844808391,121426.77936160014
2014-07-11 18:00:00,119446.17,117891.64383798782,119151.25572298635
2014-07-11 19:00:00,114664.171,113985.82974321756,114643.8404459802
2014-07-11 20:00:00,110250.435,108982.00042540026,111175.23679995994
2014-07-11 21:00:00,107767.893,104605.56230582113,106729.75906958267
2014-07-11 22:00:00,101336.921,100505.78489856208,101016.59122177826
2014-07-11 23:00:00,92991.285,93061.14798903879,92430.90642022411
2014-07-12 00:00:00,85316.542,88171.18417067936,85721.9276227065
2014-07-12 01:00:00,79596.502,80891.66598810212,79592.15346422784
2014-07-12 02:00:00,75754.363,75674.15227006198,75350.01220080811
2014-07-12 03:00:00,73324.826,72252.5438525612,72688.47719462318
2014-07-12 04:00:00,72209.801,70295.90664533565,71840.82729034376
2014-07-12 05:00:00,72425.044,69967.71108869102,71861.36021712188
2014-07-12 06:00:00,73074.538,70949.31489160963,73500.43491042941
2014-07-12 07:00:00,77676.9,73109.72689074429,76627.97555248527
2014-07-12 08:00:00,84934.834,78611.65062723574,84796.00997835051
2014-07-12 09:00:00,92718.683,85858.61835828742,91501.62437514693
2014-07-12 10:00:00,100238.765,93403.49341241832,98744.0916186374
2014-07-12 11:00:00,106325.314,100430.35388935183,104848.75448135128
2014-07-12 12:00:00,110663.119,105789.6370909344,109560.17637722121
2014-07-12 13:00:00,113775.054,109792.27632654514,113959.20304066103
2014-07-12 14:00:00,115849.289,112769.11211963627,116018.13648684404
2014-07-12 15:00:00,117391.854,114875.56953013208,117053.54201038621
2014-07-12 16:00:00,118492.717,116404.95425281567,118292.23338686081
2014-07-12 17:00:00,118504.955,117124.03620574353,118558.61644715621
2014-07-12 18:00:00,116260.939,116104.5744917661,116082.34988356502
2014-07-12 19:00:00,112075.824,112908.5215443232,112754.31235714855
2014-07-12 20:00:00,109091.172,108323.01011906947,109260.9221348281
2014-07-12 21:00:00,107613.552,105225.74952149845,105754.02961081779
2014-07-12 22:00:00,102391.209,101862.69393755539,101876.61553437877
2014-07-12 23:00:00,95299.025,95333.86528582858,94019.98399835109
2014-07-13 00:00:00,88223.018,90566.68706831257,87782.70961633173
2014-07-13 01:00:00,82522.009,83662.14366207663,82743.55192944354
2014-07-13 02:00:00,78801.319,78322.25316442651,78765.60905806032
2014-07-13 03:00:00,76290.285,74779.79338851687,75921.60612699206
2014-07-13 04:00:00,74931.12,72465.74797176718,74929.64485502844
2014-07-13 05:00:00,74675.63,71320.11461692264,74391.73434213978
2014-07-13 06:00:00,74492.282,71085.27145858269,74321.77613222755
2014-07-13 07:00:00,77663.374,72142.02876499953,77919.6082300895
2014-07-13 08:00:00,84575.67,76468.38259655386,85550.44217713442
2014-07-13 09:00:00,91830.176,83620.77132520419,92613.11337975303
2014-07-13 10:00:00,98688.423,90965.4022524535,97848.9291703193
2014-07-13 11:00:00,105110.774,97839.98411696147,103274.82697977984
2014-07-13 12:00:00,110945.252,103831.91796412157,108764.33139184336
2014-07-13 13:00:00,115415.128,109103.99089753725,114691.02963963417
2014-07-13 14:00:00,118454.552,113050.67422110355,118213.51025762338
2014-07-13 15:00:00,120593.451,115890.04224662895,120915.580918225
2014-07-13 16:00:00,122600.33,117969.90843980682,121187.99035541715
2014-07-13 17:00:00,123428.332,119458.46885699607,122280.89858313056
2014-07-13 18:00:00,122403.212,119459.03334296306,121239.85673339078
2014-07-13 19:00:00,119186.742,117319.69215778678,118859.22324658021
2014-07-13 20:00:00,116614.427,113868.22951903005,116469.9234641968
2014-07-13 21:00:00,114406.118,111138.31373632464,114033.25425277275
2014-07-13 22:00:00,107183.633,107365.41461594033,107192.79798249035
2014-07-13 23:00:00,98326.38,99370.06934990532,98331.19498235844
2014-07-14 00:00:00,90388.772,95954.74756823452,90552.58619242455
2014-07-14 01:00:00,84555.554,88318.72742304951,84792.12107246087
2014-07-14 02:00:00,81334.865,82828.6894840759,80615.12225669221
2014-07-14 03:00:00,79487.447,79657.80358940011,79500.51477746766
2014-07-14 04:00:00,79705.54,77889.0657204982,78895.99516612572
2014-07-14 05:00:00,83301.639,78196.00313677732,82665.12383923956
2014-07-14 06:00:00,88861.351,81088.64620389578,89333.54718281927
2014-07-14 07:00:00,95648.608,86397.00012306115,95036.75167456263
2014-07-14 08:00:00,101527.641,93659.13628917225,101489.124487778
2014-07-14 09:00:00,107128.963,100369.60210539766,106813.11403528106
2014-07-14 10:00:00,113001.735,106874.31440737279,113145.21379335223
2014-07-14 11:00:00,118006.973,113437.9725839579,118193.92791320787
2014-07-14 12:00:00,122255.596,118962.73392464119,121041.4157990858
2014-07-14 13:00:00,125913.251,123505.78458082143,126123.61057081078
2014-07-14 14:00:00,128853.132,127046.58285498802,127752.17392764628
2014-07-14 15:00:00,130626.974,129729.45423924821,130733.20025431998
2014-07-14 16:00:00,130829.47,131389.0834462464,132604.16043103722
2014-07-14 17:00:00,128803.559,131499.79036992107,130571.2589228489
2014-07-14 18:00:00,125209.525,129205.88236597306,126588.24597891801
2014-07-14 19:00:00,120597.692,125263.7023549621,121197.16003537757
2014-07-14 20:00:00,115788.46,120639.21435456129,117227.40700254211
2014-07-14 21:00:00,112331.336,115996.05172694425,112796.90376994632
2014-07-14 22:00:00,104894.397,110553.10700283243,104375.66013349892
2014-07-14 23:00:00,96218.754,101811.18573278215,95487.51739765271
2014-07-15 00:00:00,88561.875,95455.36722754879,88375.45617173005
2014-07-15 01:00:00,83416.023,87821.26746625039,82790.46535441064
2014-07-15 02:00:00,80231.534,82739.40181874366,80106.97527039419
2014-07-15 03:00:00,78341.335,79570.64733447097,78074.63601839823
2014-07-15 04:00:00,78669.418,78162.20064016392,78273.37061629046
2014-07-15 05:00:00,81994.325,79422.39014030143,82573.26638778826
2014-07-15 06:00:00,86999.376,83576.4397708561,88153.16315599019
2014-07-15 07:00:00,93320.351,89328.46407410972,93123.78957769765
2014-07-15 08:00:00,98953.377,95627.85118881968,98682.04082985461
2014-07-15 09:00:00,104189.151,101349.38045489349,103776.12774556605
2014-07-15 10:00:00,109072.423,106896.94166357417,107521.57438599135
2014-07-15 11:00:00,113107.124,112233.87202390513,111427.70956560406
2014-07-15 12:00:00,116094.38,116530.01497574596,113855.29759453885
2014-07-15 13:00:00,118280.047,119816.32916353708,117298.44293788653
2014-07-15 14:00:00,118298.687,122182.89458247967,118710.87765856735
2014-07-15 15:00:00,117289.508,122650.98988995429,118464.4058651407
2014-07-15 16:00:00,116520.593,121988.39413871763,117577.84591903035
2014-07-15 17:00:00,114796.611,120814.78471877439,115868.96519043564
2014-07-15 18:00:00,111291.413,118229.96470418524,111597.41944015532
2014-07-15 19:00:00,107588.035,113730.8258254452,107760.74372275679
2014-07-15 20:00:00,104703.617,109070.44036118849,105617.2557089768
2014-07-15 21:00:00,102343.247,105301.50038405886,101657.26058855736
2014-07-15 22:00:00,95851.732,101049.89937135013,95414.28192302372
2014-07-15 23:00:00,87726.902,93426.65052299616,87526.79516791688
2014-07-16 00:00:00,81014.076,87744.79599496523,80849.89859569102
2014-07-16 01:00:00,76540.704,81169.18274211128,76583.85806786375
2014-07-16 02:00:00,73852.806,76776.4829087595,74006.10140473639
2014-07-16 03:00:00,72292.242,74143.0782571398,72139.25693134028
2014-07-16 04:00:00,72707.681,72994.87953131873,71938.43987818917
2014-07-16 05:00:00,75848.407,74232.89847326845,76236.02483995381
2014-07-16 06:00:00,80742.143,77980.58500088258,81057.04955392494
2014-07-16 07:00:00,85942.427,83449.71176905652,85946.83294459278
2014-07-16 08:00:00,90403.252,89315.85780331418,90495.50133830453
2014-07-16 09:00:00,94290.645,93740.70139413107,93908.29348785529
2014-07-16 10:00:00,97571.46,97818.92489436669,97422.3007937661
2014-07-16 11:00:00,100172.989,101337.00834204073,100638.1901634504
2014-07-16 12:00:00,102083.109,104065.62125839759,101328.83107295059
2014-07-16 13:00:00,104171.106,106341.84028468399,102750.2845938687
2014-07-16 14:00:00,105877.626,108067.94819164654,104655.0942015611
2014-07-16 15:00:00,106917.037,109180.70026514347,106494.98793993589
2014-07-16 16:00:00,107681.928,109660.96073071595,107048.91422228221
2014-07-16 17:00:00,107285.17,109488.95632078967,108365.63929831411
2014-07-16 18:00:00,104928.428,107827.30154278695,104970.43404891742
2014-07-16 19:00:00,101495.663,104665.14725082243,102846.93213879046
2014-07-16 20:00:00,98399.123,100961.29605553464,100277.9408863075
2014-07-16 21:00:00,97426.859,97674.24769066236,96026.95962367934
2014-07-16 22:00:00,91429.139,94684.05308516261,90760.00639341607
2014-07-16 23:00:00,83410.131,87552.23120898486,83775.35332227984
2014-07-17 00:00:00,76494.236,82203.13812249796,76505.2692995203
2014-07-17 01:00:00,72110.084,75663.8428233353,72054.03754451466
2014-07-17 02:00:00,69411.05,71496.40936131077,69428.09236976129
2014-07-17 03:00:00,68220.062,68933.960148216,68236.24925293161
2014-07-17 04:00:00,68565.929,68079.11219482272,68705.15051268053
2014-07-17 05:00:00,71557.429,69244.28110099291,71617.35501016333
2014-07-17 06:00:00,76092.449,72836.91506736969,77104.99622024703
2014-07-17 07:00:00,82157.898,77763.89308485427,81056.31227915152
2014-07-17 08:00:00,87389.918,83453.66313869365,86979.29620686699
2014-07-17 09:00:00,91859.253,88317.6781899246,91961.23247814327
2014-07-17 10:00:00,96097.907,92507.5301079455,96594.31065228579
2014-07-17 11:00:00,99391.851,96945.93198287935,98688.73931559063
2014-07-17 12:00:00,101934.81,100151.25335741129,101277.08803095539
2014-07-17 13:00:00,104216.701,102847.07711425929,103875.4095939598
2014-07-17 14:00:00,106079.249,105077.74048015158,105155.35896552482
2014-07-17 15:00:00,107337.546,106753.4483535209,106970.8512754326
2014-07-17 16:00:00,108501.628,107835.38370765232,107600.47681737268
2014-07-17 17:00:00,108607.2,108474.5014959189,108201.70046482563
2014-07-17 18:00:00,106698.011,107567.51504260478,106196.7772555483
2014-07-17 19:00:00,103066.411,104774.8162756527,104048.33789844671
2014-07-17 20:00:00,99880.501,100812.01167152902,101492.66129878347
2014-07-17 21:00:00,98542.438,97476.85743292313,97038.8282646488
2014-07-17 22:00:00,91893.82,93691.8903559793,91730.12746597225
2014-07-17 23:00:00,83643.705,86062.52233210688,83813.87842031366
2014-07-18 00:00:00,76820.475,80567.42118915405,76800.84804121726
2014-07-18 01:00:00,72347.112,74126.86800084398,71827.79497186813
2014-07-18 02:00:00,69437.692,69911.806586069,68883.09584995799
2014-07-18 03:00:00,68032.813,67308.74570923876,67687.83314990351
2014-07-18 04:00:00,68373.269,66303.01913837073,67700.6314906113
2014-07-18 05:00:00,71064.884,67430.46260387478,71406.07654154458
2014-07-18 06:00:00,75404.496,70670.04292173262,75783.64653711453
2014-07-18 07:00:00,80910.878,75677.25841782469,80481.51233635795
2014-07-18 08:00:00,86584.567,81214.57009370967,85303.31726868571
2014-07-18 09:00:00,91467.566,86622.04119999938,91632.11330104286
2014-07-18 10:00:00,95858.923,91959.71828648877,95978.95423363955
2014-07-18 11:00:00,99484.605,96911.084586221,99578.23776810976
2014-07-18 12:00:00,102251.6,100549.16618477847,101861.7142360654
2014-07-18 13:00:00,104702.529,103453.7401327763,104225.608564771
2014-07-18 14:00:00,106343.955,105862.15857152859,105611.90226842953
2014-07-18 15:00:00,107248.05,107429.22747685197,107154.17584031983
2014-07-18 16:00:00,107748.887,108303.43935611074,107335.96618470803
2014-07-18 17:00:00,106799.513,108504.11586339146,107820.70308891329
2014-07-18 18:00:00,103715.234,106769.76579194564,104405.61128823913
2014-07-18 19:00:00,99758.405,103039.58053298117,100504.14884413804
2014-07-18 20:00:00,97661.048,98766.57917126872,98701.20163725645
2014-07-18 21:00:00,96402.583,96279.97078419685,95069.34575303957
2014-07-18 22:00:00,90982.535,92648.10900796832,89843.44101145945
2014-07-18 23:00:00,83983.411,85610.66835319293,83763.92232211922
2014-07-19 00:00:00,77687.614,81476.31967617504,77436.20297264184
2014-07-19 01:00:00,73229.336,75229.17930043439,73015.0437247737
2014-07-19 02:00:00,70156.568,70926.94689148027,69802.57837568861
2014-07-19 03:00:00,68552.708,68087.88111744683,67450.80747395918
2014-07-19 04:00:00,67773.971,66810.0429246687,67173.39286020189
2014-07-19 05:00:00,68461.267,66788.07129829268,68219.0593816478
2014-07-19 06:00:00,69793.888,68223.24847780891,69889.94719522707
2014-07-19 07:00:00,72322.088,70786.30004617512,72983.00289867204
2014-07-19 08:00:00,77311.546,74479.89295368236,77518.03229051217
2014-07-19 09:00:00,82288.63,79760.40027405997,83135.56312000321
2014-07-19 10:00:00,86504.106,85073.41134933992,86380.2603150031
2014-07-19 11:00:00,89643.97,89732.135013235,89169.75173908545
2014-07-19 12:00:00,91722.101,93062.98712040264,90834.63969045015
2014-07-19 13:00:00,92754.864,95469.58152000204,92797.46012500899
2014-07-19 14:00:00,93411.146,96787.69819379148,93620.21143398172
2014-07-19 15:00:00,93927.01,97582.55621362533,94343.43217842471
2014-07-19 16:00:00,94611.892,98122.91053710289,94466.246067767
2014-07-19 17:00:00,94406.609,98293.10685351725,94560.11255898417
2014-07-19 18:00:00,93103.899,97088.55408504569,93710.77988363107
2014-07-19 19:00:00,91154.987,94623.4538751512,91744.49990392226
2014-07-19 20:00:00,90492.151,92232.79214180991,90391.85613174457
2014-07-19 21:00:00,90224.254,90938.11294788323,88101.20338810765
2014-07-19 22:00:00,86409.681,88428.37705964348,85156.88105893727
2014-07-19 23:00:00,80791.641,82988.2356373854,79520.12059759136
2014-07-20 00:00:00,75338.229,79348.5014873615,74570.62948432988
2014-07-20 01:00:00,71173.888,73662.35977073008,70667.85812265698
2014-07-20 02:00:00,68415.963,69534.47857125706,68000.71688812367
2014-07-20 03:00:00,66726.778,66863.17837511754,66387.92858062024
2014-07-20 04:00:00,65879.865,65249.65232070566,65721.5631136147
2014-07-20 05:00:00,66046.124,64671.15983341942,65969.26627495827
2014-07-20 06:00:00,66126.214,64951.99887789048,66331.6101451537
2014-07-20 07:00:00,68228.474,65817.44994507771,68226.40045052147
2014-07-20 08:00:00,73175.215,69023.23976700044,74903.16702113482
2014-07-20 09:00:00,78942.37,74488.3000446244,78331.6527458759
2014-07-20 10:00:00,84242.962,80676.14433240343,84090.01803404762
2014-07-20 11:00:00,88968.71,86155.87843044048,88780.56699755296
2014-07-20 12:00:00,92905.523,90685.21507007847,92067.49818439272
2014-07-20 13:00:00,95943.374,94298.71746219651,95268.07722415852
2014-07-20 14:00:00,97932.008,96888.14166387611,97962.81205962537
2014-07-20 15:00:00,99691.877,98722.90694049584,100131.06371889233
2014-07-20 16:00:00,101626.403,100305.06292746158,101582.4685068261
2014-07-20 17:00:00,103023.306,101655.62730693187,102061.88889834742
2014-07-20 18:00:00,102717.313,102038.83522988592,101686.48117600686
2014-07-20 19:00:00,100931.632,100834.36529912698,100301.7721100178
2014-07-20 20:00:00,99694.41,98833.03602165014,100211.84471905869
2014-07-20 21:00:00,99164.293,97146.19929887557,97963.47561031394
2014-07-20 22:00:00,93887.204,94558.6448164962,93204.69529591779
2014-07-20 23:00:00,86872.956,88058.31285632687,86892.41453716368
2014-07-21 00:00:00,80317.619,86089.11783759554,80039.84119447858
2014-07-21 01:00:00,75763.303,79575.93852256061,76063.79104583478
2014-07-21 02:00:00,72886.788,75206.8650821135,73280.96107440982
2014-07-21 03:00:00,71499.179,72355.72895539124,70833.25760069476
2014-07-21 04:00:00,72137.202,71104.00513400033,71573.94791333721
2014-07-21 05:00:00,75731.388,71888.60861631496,76679.5040675882
2014-07-21 06:00:00,81192.459,74925.71703580457,81761.59835923057
2014-07-21 07:00:00,87501.124,79861.49193532002,87814.75999270922
2014-07-21 08:00:00,93783.442,86167.14656669262,94152.73408243293
2014-07-21 09:00:00,99647.782,92956.75192941554,99060.35171920808
2014-07-21 10:00:00,105657.74,99401.02179607781,104776.24184724056
2014-07-21 11:00:00,110756.489,105805.62549357429,110837.46436731287
2014-07-21 12:00:00,115290.559,110836.2820580676,115596.24547693282
2014-07-21 13:00:00,119567.998,115217.77828873543,119238.41148398665
2014-07-21 14:00:00,122656.462,119036.17438389652,122395.12663451098
2014-07-21 15:00:00,124880.505,121797.7336856589,124406.44921856662
2014-07-21 16:00:00,126395.017,123787.73575128338,127326.80448238115
2014-07-21 17:00:00,126663.203,124871.63522414939,127349.13763320357
2014-07-21 18:00:00,124949.027,124411.58907822846,124668.2091625219
2014-07-21 19:00:00,121162.753,122100.45712584764,121528.77430453306
2014-07-21 20:00:00,117617.077,118310.578109059,118703.43747257284
2014-07-21 21:00:00,114982.157,114744.32906462606,114778.90796438415
2014-07-21 22:00:00,107089.125,110296.60341853737,106380.0348321692
2014-07-21 23:00:00,97363.485,101618.3317444954,97167.41972075957
2014-07-22 00:00:00,88968.659,94928.39303874993,89682.44954906603
2014-07-22 01:00:00,82926.566,87115.45351266515,83479.19295355625
2014-07-22 02:00:00,79361.485,81648.42153286464,79640.08670119738
2014-07-22 03:00:00,76970.012,78394.89197498355,76767.31485044173
2014-07-22 04:00:00,77010.986,76647.61630338377,76726.76828561373
2014-07-22 05:00:00,80246.133,77656.86634151368,80411.68605070759
2014-07-22 06:00:00,85521.65,81618.92998835872,85850.9481794275
2014-07-22 07:00:00,92151.198,87362.33598388868,91938.33068928242
2014-07-22 08:00:00,99469.766,94398.94645674781,97719.81329471324
2014-07-22 09:00:00,106462.876,101870.24354906214,106206.9303629281
2014-07-22 10:00:00,113994.066,109188.46009404828,113054.16801529987
2014-07-22 11:00:00,120485.341,116506.65733783247,119831.69829927721
2014-07-22 12:00:00,125657.274,122514.40488260056,124470.52972292026
2014-07-22 13:00:00,130645.306,127445.61684991687,129149.73796181823
2014-07-22 14:00:00,133991.07,131664.25459317723,133488.62421283603
2014-07-22 15:00:00,136079.971,134409.59038539795,135384.82924439272
2014-07-22 16:00:00,137800.693,136109.28915723492,135755.446786269
2014-07-22 17:00:00,138187.788,137072.49431565034,137851.12342024612
2014-07-22 18:00:00,136449.774,136315.63619391396,135850.44585251965
2014-07-22 19:00:00,132334.998,133561.88147854636,134236.83567753035
2014-07-22 20:00:00,128334.741,129222.25531410745,127402.84055377271
2014-07-22 21:00:00,124924.515,125113.32194848056,125464.36146035923
2014-07-22 22:00:00,116265.37,119699.38394356694,116362.56929329349
2014-07-22 23:00:00,105878.395,110066.24270830554,106507.16006871378
2014-07-23 00:00:00,96738.02,102635.51220892755,96949.7511754248
2014-07-23 01:00:00,89901.746,94060.7383991859,90844.54296500797
2014-07-23 02:00:00,85270.655,87844.98877541622,85442.04482316067
2014-07-23 03:00:00,82318.957,83567.33661356592,82754.88847539584
2014-07-23 04:00:00,81711.832,81292.95144339626,82484.20851808561
2014-07-23 05:00:00,84552.196,81734.43932063683,84385.53721898796
2014-07-23 06:00:00,89675.519,85143.48663323032,90211.02469812223
2014-07-23 07:00:00,96062.323,90544.55774270983,95372.51518108638
2014-07-23 08:00:00,102188.48,96908.49480893061,100839.84506654456
2014-07-23 09:00:00,108586.518,102990.52863779027,107160.03236402577
2014-07-23 10:00:00,115015.112,109459.66732209746,113108.55474859361
2014-07-23 11:00:00,119933.088,115719.05958579417,119397.85950837817
2014-07-23 12:00:00,123687.85,120487.60420534381,123502.26374946823
2014-07-23 13:00:00,126111.898,124477.01393780994,126831.53067045215
2014-07-23 14:00:00,127335.964,126983.12762766355,126809.96009692774
2014-07-23 15:00:00,128505.567,128338.9045623785,127730.30003097147
2014-07-23 16:00:00,129256.941,129493.46753001463,129926.72191268536
2014-07-23 17:00:00,128005.111,129839.99513922374,128231.64616090739
2014-07-23 18:00:00,124356.658,127971.27278114928,123579.5646976702
2014-07-23 19:00:00,119914.695,123777.39029869277,119806.89893690978
2014-07-23 20:00:00,115945.645,119010.52532354041,116901.93358553115
2014-07-23 21:00:00,112570.752,114925.59828435519,112659.13532971624
2014-07-23 22:00:00,105743.964,109451.89626618143,104340.20443938524
2014-07-23 23:00:00,97978.353,101248.1859934246,96135.5705019749
2014-07-24 00:00:00,88242.506,95607.81352232401,90389.61029905692
2014-07-24 01:00:00,83074.459,86650.64806581609,83719.24102558744
2014-07-24 02:00:00,79558.509,81564.49032436941,79802.68535676808
2014-07-24 03:00:00,77328.936,78183.5742154665,77448.1096037261
2014-07-24 04:00:00,77389.311,76397.4532850768,77334.25042148429
2014-07-24 05:00:00,80203.487,77305.72354261784,79972.80233586833
2014-07-24 06:00:00,84949.267,80830.0821362952,85534.53514734814
2014-07-24 07:00:00,89948.975,86125.11024698606,90993.7579223823
2014-07-24 08:00:00,94636.107,91375.86038767584,94065.03234207984
2014-07-24 09:00:00,98163.174,96368.51095444859,98863.76132700361
2014-07-24 10:00:00,101336.115,100625.29864814127,101978.48025806996
2014-07-24 11:00:00,103837.274,104633.87751072334,105129.57886496212
2014-07-24 12:00:00,105581.504,107566.0855494614,106652.39271650735
2014-07-24 13:00:00,107581.412,109645.57241025055,108252.0288708422
2014-07-24 14:00:00,108892.038,111513.7778229249,109337.16442955841
2014-07-24 15:00:00,109975.272,112772.75685436632,109482.455550519
2014-07-24 16:00:00,110418.698,113745.66746362887,110413.42513234119
2014-07-24 17:00:00,109993.327,113648.3661288895,110020.05501834521
2014-07-24 18:00:00,107359.426,112066.93575263183,107620.36591010488
2014-07-24 19:00:00,103831.884,108611.21984215578,104152.23673895841
2014-07-24 20:00:00,101032.332,104536.62621025885,101738.81164412657
2014-07-24 21:00:00,99561.733,100988.26708301387,98084.67173405302
2014-07-24 22:00:00,93000.064,97140.62665550256,93816.95988998844
2014-07-24 23:00:00,84862.885,89807.38662805324,86593.90201517739
2014-07-25 00:00:00,78011.151,83799.58396354396,78433.42189899678
2014-07-25 01:00:00,73360.798,77243.41058886322,74302.51218018102
2014-07-25 02:00:00,70397.845,72765.78808798284,70798.56515369515
2014-07-25 03:00:00,68786.908,69921.24643673473,69154.45020521314
2014-07-25 04:00:00,68673.024,68730.24396810107,68833.19565557424
2014-07-25 05:00:00,71562.322,69459.45005635808,71067.792982446
2014-07-25 06:00:00,75764.983,72883.00636258986,76434.92046247193
2014-07-25 07:00:00,81273.044,77413.57995322984,80869.15647024415
2014-07-25 08:00:00,86708.725,82699.97084820963,85645.81768531514
2014-07-25 09:00:00,91256.67,87597.36966515519,91564.37060237181
2014-07-25 10:00:00,95646.548,91893.63974187439,95555.06357743486
2014-07-25 11:00:00,98826.197,96414.2252246132,98403.64624119931
2014-07-25 12:00:00,101553.928,99462.43282468461,101549.13840967751
2014-07-25 13:00:00,104301.377,102179.78572648394,103331.00358968432
2014-07-25 14:00:00,106394.805,104567.68634363974,105397.08630696822
2014-07-25 15:00:00,108337.63,106268.81251265036,106938.10544018848
2014-07-25 16:00:00,110147.204,107656.609693284,108572.19852379653
2014-07-25 17:00:00,110169.915,108515.32186547869,109381.87018415301
2014-07-25 18:00:00,107546.657,107321.7834635283,106552.2302413553
2014-07-25 19:00:00,103414.093,104049.7362870627,104806.95302836999
2014-07-25 20:00:00,100021.15,100018.04655216352,101301.71634341487
2014-07-25 21:00:00,98609.452,96798.38926439195,97144.36803163102
2014-07-25 22:00:00,92450.238,93321.36992117262,91791.78280447134
2014-07-25 23:00:00,85004.76,86033.54073441454,84928.19294918854
2014-07-26 00:00:00,78522.839,81781.48411032604,78148.5390381564
2014-07-26 01:00:00,73835.748,75439.76761354714,73378.64940540116
2014-07-26 02:00:00,70940.181,70960.26303166088,70097.55683064541
2014-07-26 03:00:00,69100.907,68225.15694879885,68450.59884112464
2014-07-26 04:00:00,68379.211,66711.0850457258,67697.5524066494
2014-07-26 05:00:00,69026.091,66823.73058832702,68901.83871350953
2014-07-26 06:00:00,70096.024,68256.89885313534,70204.9354265753
2014-07-26 07:00:00,73240.259,70391.01027173518,73548.77734124871
2014-07-26 08:00:00,79161.706,74424.86018253874,79153.77610621121
2014-07-26 09:00:00,85385.927,80382.09141812383,85384.21335090593
2014-07-26 10:00:00,90875.179,86539.1529087087,91691.22774115701
2014-07-26 11:00:00,95480.818,91828.65053692016,95320.42618164024
2014-07-26 12:00:00,99477.087,96016.96327525399,98783.86627066242
2014-07-26 13:00:00,102759.259,99641.57552639328,102287.67532374366
2014-07-26 14:00:00,105922.838,102479.41704814314,104124.62393532947
2014-07-26 15:00:00,108196.353,105097.57497066076,107031.81358541569
2014-07-26 16:00:00,110142.786,106983.80596165251,109141.8842501239
2014-07-26 17:00:00,110662.758,108132.13068010764,109619.89299922854
2014-07-26 18:00:00,109117.433,107401.31166936614,107665.22507479785
2014-07-26 19:00:00,106063.543,104851.46179723692,104871.42682421954
2014-07-26 20:00:00,104031.408,101585.89294444406,103896.79281816412
2014-07-26 21:00:00,102710.512,99536.43801357497,101571.40888739938
2014-07-26 22:00:00,97631.515,96467.03077747511,96862.0275340062
2014-07-26 23:00:00,90902.549,90276.43410566056,90207.02073263527
2014-07-27 00:00:00,84467.135,86046.68616572738,83840.35149994101
2014-07-27 01:00:00,79736.586,79801.95491345445,79153.37139047918
2014-07-27 02:00:00,76258.31,75363.82284039067,75590.91553176843
2014-07-27 03:00:00,74133.896,72199.34303732932,74635.79033469889
2014-07-27 04:00:00,72803.789,70285.68856305421,72926.4685837645
2014-07-27 05:00:00,72861.682,69364.35050374018,73092.61623109823
2014-07-27 06:00:00,72817.589,69551.1877820498,73726.27933050178
2014-07-27 07:00:00,75047.315,70336.8174902887,76222.29470847089
2014-07-27 08:00:00,80563.958,73803.48583292666,81360.00776888445
2014-07-27 09:00:00,87031.999,79706.14949174187,87358.87112865211
2014-07-27 10:00:00,93256.678,86165.67939998733,93285.05477833019
2014-07-27 11:00:00,99004.48,92315.78288900587,97535.7027374825
2014-07-27 12:00:00,103846.483,97753.1637473134,103475.81715968736
2014-07-27 13:00:00,107618.937,102239.56052634711,106813.25815521875
2014-07-27 14:00:00,110147.588,105806.66155921324,110552.98525889502
2014-07-27 15:00:00,111774.596,108134.47479976229,111788.12833034039
2014-07-27 16:00:00,113072.863,109549.02093835316,112252.64966871678
2014-07-27 17:00:00,113284.181,110328.13642646169,113486.7628937995
2014-07-27 18:00:00,112118.257,109594.49955327548,110484.03290795731
2014-07-27 19:00:00,109260.836,107515.34661794367,109066.08948852772
2014-07-27 20:00:00,107040.824,104541.63169238082,107218.33853317
2014-07-27 21:00:00,104615.006,102121.53619268167,104293.98962985018
2014-07-27 22:00:00,98594.804,98262.16409033394,98363.5249393705
2014-07-27 23:00:00,90840.262,91369.4686620068,90413.64535009037
2014-07-28 00:00:00,83680.018,88863.6138446099,83485.84094443823
2014-07-28 01:00:00,78920.476,82047.25647117652,79081.95064307169
2014-07-28 02:00:00,75919.023,77474.37562855512,75840.60776964786
2014-07-28 03:00:00,74373.266,74612.81426772906,74069.31615661566
2014-07-28 04:00:00,74613.944,73174.76368886964,74230.79455251314
2014-07-28 05:00:00,77888.225,73631.81822044073,77891.65445776939
2014-07-28 06:00:00,83281.582,76453.12308650298,84141.3690643617
2014-07-28 07:00:00,88964.728,81296.31798270298,89449.88820642617
2014-07-28 08:00:00,95031.156,87071.85094272888,94676.23887213753
2014-07-28 09:00:00,99575.307,93281.50164127992,99209.88266990379
2014-07-28 10:00:00,103154.195,98393.60730646836,102904.43255274327
2014-07-28 11:00:00,105870.404,102626.2808466175,105292.31028615424
2014-07-28 12:00:00,107817.586,106140.66699708339,106928.56273088994
2014-07-28 13:00:00,109280.933,108882.76334212262,110091.85369456199
2014-07-28 14:00:00,109886.981,110752.12713187907,110213.00600447034
2014-07-28 15:00:00,110018.98,111705.53054416392,111177.31539494384
2014-07-28 16:00:00,110024.322,112156.54446660464,110763.20792905302
2014-07-28 17:00:00,109236.865,112063.37558689722,110657.41419476339
2014-07-28 18:00:00,106295.277,110746.82003084123,107774.50425173654
2014-07-28 19:00:00,101862.345,107339.32552103541,103959.43872819186
2014-07-28 20:00:00,99329.983,103281.41204785462,101309.46162599532
2014-07-28 21:00:00,97589.276,100628.18237507793,96678.1632996389
2014-07-28 22:00:00,90713.229,97085.57927101823,92021.63986332863
2014-07-28 23:00:00,82871.253,89364.08583546776,83733.4372612744
2014-07-29 00:00:00,76484.126,83983.07622118748,76881.50497162259
2014-07-29 01:00:00,71878.997,77686.54946752188,72460.59962891506
2014-07-29 02:00:00,69140.444,73286.97300402395,69221.32064821165
2014-07-29 03:00:00,67702.04,70651.13312038619,68103.57491723623
2014-07-29 04:00:00,67933.501,69591.48986841642,68858.81151625446
2014-07-29 05:00:00,71224.721,70748.69340734971,71190.58229348481
2014-07-29 06:00:00,75889.367,74730.71165283992,76870.07965963229
2014-07-29 07:00:00,80756.933,79881.20148102053,80895.20260776287
2014-07-29 08:00:00,84955.694,85280.88251073338,84963.439617271
2014-07-29 09:00:00,88542.24,89809.56912372679,89150.3943774436
2014-07-29 10:00:00,92030.162,93728.10633835876,91893.32945458146
2014-07-29 11:00:00,94748.736,97263.02721371302,94310.82762637595
2014-07-29 12:00:00,96590.439,100276.75733622111,96240.64888764042
2014-07-29 13:00:00,98498.623,102601.6594727553,97766.96296826602
2014-07-29 14:00:00,99544.404,104480.76137956392,99520.3549707891
2014-07-29 15:00:00,100248.705,105501.59321747217,100321.3343667519
2014-07-29 16:00:00,100504.804,106160.1828805734,100711.42026292013
2014-07-29 17:00:00,99950.307,106123.56737866014,100172.89492296711
2014-07-29 18:00:00,97886.859,104620.05417330624,99215.7924790241
2014-07-29 19:00:00,94973.862,101520.3052978738,96176.38742188556
2014-07-29 20:00:00,94123.872,98127.8162592624,93975.39091553644
2014-07-29 21:00:00,92978.087,96261.68201451335,92305.30788203997
2014-07-29 22:00:00,87068.569,92654.18411499426,87301.17492271689
2014-07-29 23:00:00,79864.059,85507.59380543658,79323.93037977749
2014-07-30 00:00:00,73581.347,80659.23591231827,73761.80335733652
2014-07-30 01:00:00,69655.157,74364.58553625311,69443.31995583323
2014-07-30 02:00:00,67139.811,70386.33929539719,67064.83856594251
2014-07-30 03:00:00,65935.176,67859.4561310289,66235.13568862436
2014-07-30 04:00:00,66474.719,66897.40030787054,66349.0663150368
2014-07-30 05:00:00,69727.294,68243.0124638906,69828.31769537952
2014-07-30 06:00:00,74643.433,72036.99809560343,75594.80275707685
2014-07-30 07:00:00,79376.941,77171.71111608979,79906.1185279281
2014-07-30 08:00:00,83988.095,81944.01320446702,83709.84230051945
2014-07-30 09:00:00,88033.716,86514.0347243495,87542.93490378128
2014-07-30 10:00:00,91766.715,90643.03134074956,91730.58497882269
2014-07-30 11:00:00,95073.332,94853.11823764042,94063.74702870079
2014-07-30 12:00:00,97709.295,98153.01706979958,96813.59432521976
2014-07-30 13:00:00,100373.916,100839.24310541405,99762.44469164903
2014-07-30 14:00:00,102318.704,103082.33552924974,101889.58896433547
2014-07-30 15:00:00,103818.217,104623.50872396905,103154.61335169616
2014-07-30 16:00:00,104925.59,105779.57511258998,104441.03559751401
2014-07-30 17:00:00,104924.732,106141.18682063694,104864.68675422746
2014-07-30 18:00:00,103058.329,105002.01319698624,103106.97884243111
2014-07-30 19:00:00,99628.206,102284.86204395135,100317.94478717884
2014-07-30 20:00:00,97914.837,98900.2837090077,98562.27781092636
2014-07-30 21:00:00,96501.278,96578.10103918397,95516.75687131936
2014-07-30 22:00:00,89884.526,92987.27376289794,89665.11829567906
2014-07-30 23:00:00,82210.119,85792.24672318951,82428.14513660238
2014-07-31 00:00:00,75775.904,80577.17816983236,75638.58043100066
2014-07-31 01:00:00,71666.227,74515.13669467892,71353.61078363794
2014-07-31 02:00:00,68910.565,70578.05613880968,68676.09964834643
2014-07-31 03:00:00,67681.705,68023.6314753297,67447.10127753903
2014-07-31 04:00:00,68091.563,67191.64454692206,68334.0514164865
2014-07-31 05:00:00,71399.665,68428.96829774245,71539.94707976824
2014-07-31 06:00:00,76432.951,72281.03170309037,77017.04594354969
2014-07-31 07:00:00,81623.899,77305.08311544493,81596.58506878039
2014-07-31 08:00:00,86741.668,82301.54390090286,85923.42871067663
2014-07-31 09:00:00,91677.784,86977.53347820626,91119.544565859
2014-07-31 10:00:00,96690.615,91861.51920720667,95342.5777415381
2014-07-31 11:00:00,101224.184,96993.69154790732,100079.03050801966
2014-07-31 12:00:00,105003.44,101149.62562447393,103216.44148445755
2014-07-31 13:00:00,108823.221,104823.85870874216,107385.08144951203
2014-07-31 14:00:00,111644.708,108137.0569735402,110720.75560152433
2014-07-31 15:00:00,113575.988,110599.50920330704,112299.89927889225
2014-07-31 16:00:00,115006.462,112213.69755782766,113957.8842402518
2014-07-31 17:00:00,115264.389,113097.60772977775,114594.00264082584
2014-07-31 18:00:00,113067.404,112326.19341653396,111662.56366154525
2014-07-31 19:00:00,109256.845,109373.78733377803,109715.68274504783
2014-07-31 20:00:00,107155.033,105603.07210462618,107373.22107645424
2014-07-31 21:00:00,105623.795,103053.2284007448,104255.08399653043
2014-07-31 22:00:00,98602.261,99153.56538958194,98033.23326636235
2014-07-31 23:00:00,90132.142,91065.18041064078,89499.60217202303
2014-08-01 00:00:00,82797.475,85382.89822027758,82808.1832511105
2014-08-01 01:00:00,77755.277,78479.42875376847,77998.89802387689
2014-08-01 02:00:00,74512.745,73836.51251011487,74886.73389645823
2014-08-01 03:00:00,72812.671,71002.63659393578,73034.5273899341
2014-08-01 04:00:00,72803.479,69792.59234605057,72297.85285102758
2014-08-01 05:00:00,76019.28,70760.28653755624,75803.91330071507
2014-08-01 06:00:00,81117.996,74515.97141186568,80418.51421943199
2014-08-01 07:00:00,86245.489,79742.48720003344,85145.09913571374
2014-08-01 08:00:00,91621.333,84899.39104024348,90582.85993654108
2014-08-01 09:00:00,96634.277,90540.74722718986,95432.21989105784
2014-08-01 10:00:00,101787.245,96197.65551195474,100442.52576479096
2014-08-01 11:00:00,106099.123,101793.46342504164,104734.3537500694
2014-08-01 12:00:00,109272.157,106163.58343642339,109596.3146389006
2014-08-01 13:00:00,111522.338,109629.9380220401,112752.34910308472
2014-08-01 14:00:00,112020.979,112048.50896439783,113199.40827534457
2014-08-01 15:00:00,111064.121,112918.95910621458,113843.96967475329
2014-08-01 16:00:00,109917.235,112610.04504660926,112021.16184031477
2014-08-01 17:00:00,108693.527,111649.51641673889,110113.99740228076
2014-08-01 18:00:00,105703.723,109610.49166333958,106363.86669666553
2014-08-01 19:00:00,102209.835,105847.99144189703,102848.02287487032
2014-08-01 20:00:00,100449.453,102102.47655590929,101459.02217135394
2014-08-01 21:00:00,99028.96,99861.80761338392,97572.81179341907
2014-08-01 22:00:00,93405.736,96080.66870848082,93259.78656302132
2014-08-01 23:00:00,85877.418,88916.98743096403,85684.67253787389
2014-08-02 00:00:00,79294.991,84480.4825321961,79253.98539519266
2014-08-02 01:00:00,74503.179,77960.62360279486,74256.46384441636
2014-08-02 02:00:00,71276.205,73300.00754835794,70839.48621643696
2014-08-02 03:00:00,69277.619,70176.70655368065,69328.96579621128
2014-08-02 04:00:00,68378.593,68579.32144397296,68530.15495506502
2014-08-02 05:00:00,69121.647,68641.82200274747,69133.70700232065
2014-08-02 06:00:00,70380.169,70300.26407305905,71252.85882154321
2014-08-02 07:00:00,72677.532,72562.15197780836,73507.81866522072
2014-08-02 08:00:00,77851.791,75873.0204873408,78142.28820350715
2014-08-02 09:00:00,83444.233,81471.86207314346,83279.89486849471
2014-08-02 10:00:00,88394.173,87490.8162101764,89240.65553936893
2014-08-02 11:00:00,91908.591,92751.88225916859,92302.95053952797
2014-08-02 12:00:00,94132.585,96391.8749973182,94257.8052315388
2014-08-02 13:00:00,95129.018,98825.01805473567,96094.6799204619
2014-08-02 14:00:00,95935.779,99971.6831663922,95924.82025334572
2014-08-02 15:00:00,96509.043,100486.27154895084,97181.90128572132
2014-08-02 16:00:00,97077.622,100707.40621563577,96956.1548334985
2014-08-02 17:00:00,97454.324,100749.59744736768,97144.17631056128
2014-08-02 18:00:00,96104.882,99847.10696290495,96891.15896749478
2014-08-02 19:00:00,93789.604,97589.33739226282,93869.44762761274
2014-08-02 20:00:00,92899.821,94981.96769898219,93605.17790525669
2014-08-02 21:00:00,91920.188,93334.888508052,91449.54333589142
2014-08-02 22:00:00,87531.098,90262.80462775176,86386.67082853074
2014-08-02 23:00:00,81467.781,84271.06668078019,80617.40860742563
2014-08-03 00:00:00,75719.81,80289.49489050251,75318.40282550709
2014-08-03 01:00:00,71590.232,74466.29918865665,71115.96069790267
2014-08-03 02:00:00,68780.33,70354.02003440686,69072.283986277
2014-08-03 03:00:00,66936.119,67588.96844026256,66907.8534183152
2014-08-03 04:00:00,66132.853,65827.7844942049,65754.01278059575
2014-08-03 05:00:00,66129.666,65329.26219234484,66395.97713281447
2014-08-03 06:00:00,66640.391,65480.39374161685,67292.18052790908
2014-08-03 07:00:00,68318.863,66476.72384915774,69312.30406999591
2014-08-03 08:00:00,73291.198,69265.61575732226,74149.95190525593
2014-08-03 09:00:00,78826.846,74723.24571087555,78379.3152142824
2014-08-03 10:00:00,83763.117,80938.2419066864,84552.83434375408
2014-08-03 11:00:00,88096.844,86370.03147716945,89066.68825944871
2014-08-03 12:00:00,91660.642,90643.2299012311,91619.89706796255
2014-08-03 13:00:00,94755.441,93863.25127629229,94136.46140819008
2014-08-03 14:00:00,96498.431,96512.51510100049,96886.82958532416
2014-08-03 15:00:00,98740.471,98020.43460613061,98411.35742244741
2014-08-03 16:00:00,101142.938,99841.85751810302,100562.58224779248
2014-08-03 17:00:00,102832.872,101557.30090823925,101725.19931933894
2014-08-03 18:00:00,102459.148,102050.04284967069,101916.1845787393
2014-08-03 19:00:00,100632.145,100701.71177089591,100449.07549467843
2014-08-03 20:00:00,99249.098,98610.91545268349,100188.85672439402
2014-08-03 21:00:00,98202.418,96395.84610646652,97081.23608319424
2014-08-03 22:00:00,92088.02,93415.28153829157,92171.559686192
2014-08-03 23:00:00,84853.3,86292.61336876737,84586.80598106833
2014-08-04 00:00:00,78652.439,84197.18016583001,79020.61698254771
2014-08-04 01:00:00,74087.828,78111.43106391343,74468.88233682043
2014-08-04 02:00:00,71464.097,73738.15492461261,71146.13085720727
2014-08-04 03:00:00,70289.536,71163.76387753048,70136.58378864222
2014-08-04 04:00:00,70989.828,70077.40819003731,70962.41312785249
2014-08-04 05:00:00,74581.201,70827.93795541413,74836.54162934006
2014-08-04 06:00:00,80094.85,73952.26528649718,80766.63007028587
2014-08-04 07:00:00,85509.966,78697.24626314115,86488.28884360753
2014-08-04 08:00:00,91740.5,84110.83597017363,90641.08174658591
2014-08-04 09:00:00,97494.286,90696.81480255014,96599.53768882039
2014-08-04 10:00:00,103556.065,96795.75523149704,102863.83734049046
2014-08-04 11:00:00,108778.975,102957.08199156761,107430.36756719381
2014-08-04 12:00:00,113348.334,107857.86893027184,113122.58389083894
2014-08-04 13:00:00,117253.432,111994.04492100363,117656.03367786073
2014-08-04 14:00:00,120569.015,115188.37767554428,119627.81956245961
2014-08-04 15:00:00,122968.978,117910.54801261543,122034.74997193065
2014-08-04 16:00:00,124535.132,120020.64057410843,124079.5580406071
2014-08-04 17:00:00,124835.685,121211.78090184732,124057.0763844787
2014-08-04 18:00:00,122205.253,120678.60679883172,121018.89938581112
2014-08-04 19:00:00,117303.053,117649.35100301026,118854.92941532782
2014-08-04 20:00:00,113844.983,113198.86194071623,114791.9068596376
2014-08-04 21:00:00,110513.159,109727.35477396057,110700.95765540774
2014-08-04 22:00:00,101948.665,104763.70765970858,102193.58542286462
2014-08-04 23:00:00,92236.813,95790.565598441,92696.84973106836
2014-08-05 00:00:00,84302.797,89362.1837527353,84363.60991443931
2014-08-05 01:00:00,79065.816,81970.98538520485,79661.16802614414
2014-08-05 02:00:00,75573.211,77215.9692720604,75741.45225044277
2014-08-05 03:00:00,73688.92,74119.25305813209,73603.01782701464
2014-08-05 04:00:00,73659.04,72794.18798055938,73767.49036462828
2014-08-05 05:00:00,77079.703,73761.10545146588,76514.33533068578
2014-08-05 06:00:00,82400.275,77808.17604382135,82042.9010534737
2014-08-05 07:00:00,87842.959,83177.33998123134,87781.53726148125
2014-08-05 08:00:00,93810.585,88901.27650305766,92986.32260289407
2014-08-05 09:00:00,99788.416,94936.97342965928,98793.21585927947
2014-08-05 10:00:00,105719.776,101092.83864676586,103827.49773420343
2014-08-05 11:00:00,111435.544,106994.62587188062,109450.06354208037
2014-08-05 12:00:00,116221.97,112358.71121684645,114953.10882692457
2014-08-05 13:00:00,120069.036,116825.355528026,119382.39807348567
2014-08-05 14:00:00,123174.551,120320.73574057396,122523.2318775547
2014-08-05 15:00:00,125021.882,123069.68879512654,123778.8259968913
2014-08-05 16:00:00,126160.594,124609.40342128545,126048.47392749983
2014-08-05 17:00:00,125598.756,125220.18476525058,124820.56301109244
2014-08-05 18:00:00,122280.936,123703.369271867,121647.68041739406
2014-08-05 19:00:00,117253.202,119668.69273270668,118111.74997636708
2014-08-05 20:00:00,114647.642,114925.49713722052,113732.72919257861
2014-08-05 21:00:00,111244.532,111789.30363674063,111179.57148718073
2014-08-05 22:00:00,102951.634,106390.40749183878,103123.18254514335
2014-08-05 23:00:00,93768.423,97112.56317350661,93451.91150620689
2014-08-06 00:00:00,85541.601,90638.72652132076,86430.31366419242
2014-08-06 01:00:00,80027.391,82991.44395268106,80248.28968259401
2014-08-06 02:00:00,76528.002,77842.445355057,76528.19729034582
2014-08-06 03:00:00,74628.146,74594.22087570273,74959.49755931564
2014-08-06 04:00:00,74498.047,73096.84523694892,74166.31727368892
2014-08-06 05:00:00,77605.825,74017.5652803616,76907.8576573376
2014-08-06 06:00:00,82905.289,77812.33321030087,83014.85962499419
2014-08-06 07:00:00,88133.242,83141.18271488555,88016.23592601053
2014-08-06 08:00:00,93287.157,88545.03643757089,93172.49694427957
2014-08-06 09:00:00,98309.018,94078.4213580525,98387.33868888195
2014-08-06 10:00:00,103191.128,99535.51833160232,102905.26791813082
2014-08-06 11:00:00,107329.693,104982.6311348312,107091.33226774386
2014-08-06 12:00:00,110552.295,109363.87448172309,109766.36148153778
2014-08-06 13:00:00,113253.427,112904.13248986859,114319.478958106
2014-08-06 14:00:00,115531.792,115690.990644092,115243.27016736622
2014-08-06 15:00:00,117243.397,117774.99155802242,117021.99380069257
2014-08-06 16:00:00,118700.051,119257.99912237699,117099.5980674565
2014-08-06 17:00:00,118340.2,119981.1472744188,118491.92645099448
2014-08-06 18:00:00,115285.265,118471.48757263683,114920.15002310296
2014-08-06 19:00:00,110308.615,114536.54804538554,111230.42929509438
2014-08-06 20:00:00,107983.988,109844.22638391933,107548.7735862991
2014-08-06 21:00:00,105335.652,106713.26938835224,104488.0926311779
2014-08-06 22:00:00,97717.775,101718.9774849976,98260.57916524554
2014-08-06 23:00:00,89091.733,92857.83840280255,89044.25011530024
2014-08-07 00:00:00,81691.119,86724.01350712981,81720.20553525255
2014-08-07 01:00:00,76818.961,79739.98108937999,77012.36759507618
2014-08-07 02:00:00,73528.453,75129.35650093268,73673.24359250063
2014-08-07 03:00:00,71586.304,72150.41456293457,71367.57753190311
2014-08-07 04:00:00,71670.537,70696.88127019937,71609.90125288238
2014-08-07 05:00:00,74978.364,71711.75964164223,74938.43760648297
2014-08-07 06:00:00,79924.539,75679.26772710499,80665.27079744719
2014-08-07 07:00:00,84955.9,80767.78831825951,85405.75849804966
2014-08-07 08:00:00,90388.877,85801.19450511227,89814.94796293796
2014-08-07 09:00:00,95403.999,91129.86728143177,95183.14527975788
2014-08-07 10:00:00,100139.333,96825.69863984457,99202.95256663812
2014-08-07 11:00:00,104446.045,102046.82444122437,104614.31843005033
2014-08-07 12:00:00,108176.714,106324.43321965591,108274.79760632353
2014-08-07 13:00:00,111598.697,110090.89995192495,111471.90405997417
2014-08-07 14:00:00,114113.401,113310.00395347265,113222.23081079149
2014-08-07 15:00:00,115951.682,115632.07638824194,115468.93881208684
2014-08-07 16:00:00,116856.362,117297.78673068837,116509.80542546303
2014-08-07 17:00:00,116206.416,117727.40817087975,116098.81195134878
2014-08-07 18:00:00,112956.436,115940.17275664659,112936.25158405704
2014-08-07 19:00:00,108077.396,111824.8473844275,109805.74545546957
2014-08-07 20:00:00,105923.925,107250.27030266616,106470.23656901707
2014-08-07 21:00:00,103110.503,104367.10842421764,102947.19275823675
2014-08-07 22:00:00,95449.331,99317.69961801374,95582.99751771924
2014-08-07 23:00:00,86906.591,90520.42320159603,86899.3893181768
2014-08-08 00:00:00,79780.22,84502.08375033234,79703.12732456737
2014-08-08 01:00:00,74727.257,77737.34056300364,74939.32162704146
2014-08-08 02:00:00,71613.654,72983.46422853108,71372.34920474068
2014-08-08 03:00:00,69838.218,70055.89308957127,69915.05239097182
2014-08-08 04:00:00,70056.488,68723.06141198702,69903.41845438039
2014-08-08 05:00:00,72935.21,69870.66889435523,73465.3693842698
2014-08-08 06:00:00,77873.292,73460.86444188403,78426.41322118317
2014-08-08 07:00:00,82755.071,78484.38703841688,83278.46114367196
2014-08-08 08:00:00,87877.287,83535.40276435306,87819.82822846796
2014-08-08 09:00:00,92516.094,88719.62868406062,92651.02409008061
2014-08-08 10:00:00,97016.409,94125.65155975222,96761.39536823396
2014-08-08 11:00:00,100964.53,99187.22867713343,101130.50793629645
2014-08-08 12:00:00,104292.957,103343.12473216107,103921.98473977308
2014-08-08 13:00:00,107279.914,106797.5204167103,107010.89924681539
2014-08-08 14:00:00,109361.667,109529.31940745274,108526.1519547928
2014-08-08 15:00:00,110791.96,111219.0287358904,110189.35852411669
2014-08-08 16:00:00,111740.53,112235.27249050965,111573.69365280728
2014-08-08 17:00:00,111160.926,112467.56873986582,110885.78317257379
2014-08-08 18:00:00,108026.554,110658.48913339074,107880.37211920656
2014-08-08 19:00:00,103727.908,106620.15885122606,104877.94190663619
2014-08-08 20:00:00,101509.363,102500.8768111571,101728.3035581231
2014-08-08 21:00:00,99321.204,99524.95566191932,98301.02399218523
2014-08-08 22:00:00,92983.403,95107.07402344438,92114.84516580551
2014-08-08 23:00:00,85386.657,87357.32203344618,85444.78982221364
2014-08-09 00:00:00,78602.587,82885.74045218433,78583.51564490216
2014-08-09 01:00:00,73989.199,76209.13424183216,73578.65183549483
2014-08-09 02:00:00,70871.122,71816.7101573307,70134.30306276864
2014-08-09 03:00:00,68723.092,68901.76506060129,68552.28847957765
2014-08-09 04:00:00,67858.69,67243.26077070381,67208.64283156474
2014-08-09 05:00:00,68295.766,67264.6176661922,68263.01997872296
2014-08-09 06:00:00,69304.074,68716.45043470964,70315.5522352885
2014-08-09 07:00:00,71919.947,70643.62059662836,72171.56023186857
2014-08-09 08:00:00,77753.299,74016.17384096328,76561.20155213092
2014-08-09 09:00:00,84073.066,79634.94753993338,82896.44546599162
2014-08-09 10:00:00,89839.239,86122.11867509154,90181.70002955955
2014-08-09 11:00:00,94499.566,91951.45693191838,94159.68384947389
2014-08-09 12:00:00,97946.839,96402.05289835398,97754.09488845908
2014-08-09 13:00:00,100777.435,99739.37441135588,100444.0253441874
2014-08-09 14:00:00,102577.116,102330.74775780711,102135.43328777292
2014-08-09 15:00:00,104153.568,103967.83199506711,103570.13537296571
2014-08-09 16:00:00,105452.42,105228.00033993197,104606.09948590904
2014-08-09 17:00:00,105617.193,105923.39793024569,104806.52098831946
2014-08-09 18:00:00,103969.827,104826.42196894065,103873.81314039372
2014-08-09 19:00:00,100773.633,102163.57231433695,100543.165606347
2014-08-09 20:00:00,98870.81,98881.85983447354,99186.57949213915
2014-08-09 21:00:00,96997.712,96357.96936072689,96591.68819041213
2014-08-09 22:00:00,91299.766,92633.61248698438,90568.08679599993
2014-08-09 23:00:00,84463.853,85757.60996794772,84348.29754838346
2014-08-10 00:00:00,78305.664,81277.93547878008,78166.36298840729
2014-08-10 01:00:00,73645.057,75201.59251441664,73635.60495914245
2014-08-10 02:00:00,70384.513,70692.64989106715,70274.04676673964
2014-08-10 03:00:00,68094.592,67503.81578287165,67903.1285809692
2014-08-10 04:00:00,67031.691,65387.87232292563,67220.21451689507
2014-08-10 05:00:00,66990.641,64528.79074868807,66554.65336910178
2014-08-10 06:00:00,66866.549,64656.39494745298,67193.39322247932
2014-08-10 07:00:00,69094.383,65223.61510770381,68509.37958701284
2014-08-10 08:00:00,74952.101,68708.57596784006,74827.43080705161
2014-08-10 09:00:00,81663.237,75152.11977722953,80307.43742476782
2014-08-10 10:00:00,88150.329,82078.31335776456,86866.88791953423
2014-08-10 11:00:00,94151.205,88660.26546111461,92976.87774722699
2014-08-10 12:00:00,99150.961,94274.45165257042,98907.7197720489
2014-08-10 13:00:00,103292.548,98947.12491342792,102236.36127301425
2014-08-10 14:00:00,106147.102,102434.57888235571,105564.85126697108
2014-08-10 15:00:00,108424.03,105015.93134675466,108355.74719857606
2014-08-10 16:00:00,110354.668,107119.82903506298,109940.5235094612
2014-08-10 17:00:00,110942.078,108536.40817256845,110267.73540639375
2014-08-10 18:00:00,109662.739,108200.44023446638,108258.87224563317
2014-08-10 19:00:00,106265.665,106120.31294482849,106368.55596606611
2014-08-10 20:00:00,105238.226,102734.23450461494,105061.75322961865
2014-08-10 21:00:00,103382.811,100994.08138168755,103247.1761558154
2014-08-10 22:00:00,96473.248,97301.4398782641,97810.2443638131
2014-08-10 23:00:00,89096.244,89744.16414043137,89209.7846995823
2014-08-11 00:00:00,82344.14,87650.20803361684,82170.10501401582
2014-08-11 01:00:00,77637.861,81103.88646352892,77880.7407743166
2014-08-11 02:00:00,74590.919,76555.97231693909,74942.48944633688
2014-08-11 03:00:00,73155.348,73582.61078567884,73027.83749656823
2014-08-11 04:00:00,73524.646,72224.79669497996,72608.72556928666
2014-08-11 05:00:00,77094.912,72665.10634963612,76604.97327790417
2014-08-11 06:00:00,82959.223,75569.74172499184,82793.17716607025
2014-08-11 07:00:00,88770.392,80630.37667015425,88763.09498647082
2014-08-11 08:00:00,94619.336,86663.45017173207,94963.49922791313
2014-08-11 09:00:00,99687.34,92854.1987867625,99518.15514345256
2014-08-11 10:00:00,104483.551,98482.62666236846,104350.99787548723
2014-08-11 11:00:00,108361.553,103784.7691185105,108122.73202400716
2014-08-11 12:00:00,111643.884,108102.68063235929,111452.80172190432
2014-08-11 13:00:00,114218.644,111735.85120908773,114164.98018693921
2014-08-11 14:00:00,115646.024,114508.46706632982,115993.05612461448
2014-08-11 15:00:00,116101.903,116214.58937524226,117117.0268009419
2014-08-11 16:00:00,116249.504,117144.32367746858,116396.0269612639
2014-08-11 17:00:00,115038.276,117296.9107637481,116142.61070104555
2014-08-11 18:00:00,112295.02,115746.93181131764,111992.32294533175
2014-08-11 19:00:00,109243.128,112331.27807735826,109035.96783860061
2014-08-11 20:00:00,108444.433,109275.62408223748,107314.9126046743
2014-08-11 21:00:00,105627.394,107557.51388910614,104432.11910083191
2014-08-11 22:00:00,98462.863,102771.24715853791,97506.16468398868
2014-08-11 23:00:00,90323.332,94689.21571659765,89388.7450638173
2014-08-12 00:00:00,83504.833,89117.26852024905,82947.65706681565
2014-08-12 01:00:00,78835.213,82482.24492614568,78886.57304407754
2014-08-12 02:00:00,76094.496,77898.35000066331,75742.37578417007
2014-08-12 03:00:00,74736.03,75264.03652375966,73839.08380592619
2014-08-12 04:00:00,75317.135,74229.53776961236,74680.59684793558
2014-08-12 05:00:00,78993.176,75633.08526624677,79041.15292078191
2014-08-12 06:00:00,85753.383,80063.71991539645,85143.15140126164
2014-08-12 07:00:00,90835.887,86569.3858125672,92389.81441468562
2014-08-12 08:00:00,94810.233,91995.85755659493,96213.82801625493
2014-08-12 09:00:00,98675.558,96465.80760056179,99642.13881120745
2014-08-12 10:00:00,102098.245,100891.28060098359,102587.00669925328
2014-08-12 11:00:00,104818.167,104901.58143828734,105274.42919742924
2014-08-12 12:00:00,106782.748,108027.0399795326,107840.31394358235
2014-08-12 13:00:00,107915.568,110416.00465271679,109228.10134418846
2014-08-12 14:00:00,108327.896,111810.96885793336,109600.00379221463
2014-08-12 15:00:00,108261.519,112216.4630964591,109291.16871953275
2014-08-12 16:00:00,108057.215,112093.80444385999,108920.33777321888
2014-08-12 17:00:00,107345.242,111383.5838682836,108959.15132177049
2014-08-12 18:00:00,105318.904,109655.48466375773,105705.22611009754
2014-08-12 19:00:00,103011.571,106726.91364127517,103079.97236238689
2014-08-12 20:00:00,102832.912,104344.58399700097,101558.81156703416
2014-08-12 21:00:00,100844.415,102882.95100461683,99747.9325051983
2014-08-12 22:00:00,94025.584,98692.9904277081,94255.44684881221
2014-08-12 23:00:00,86343.572,90963.05716927792,85502.3097312553
2014-08-13 00:00:00,80209.109,85780.71636394526,79669.79334019784
2014-08-13 01:00:00,75961.782,79715.47261967037,75676.07524648446
2014-08-13 02:00:00,73323.672,75622.42656472858,72699.02164926768
2014-08-13 03:00:00,72000.683,73142.36845310152,71596.30225484185
2014-08-13 04:00:00,72016.816,72227.43245546918,71928.20668592703
2014-08-13 05:00:00,75539.931,73313.37490727537,75535.98842820185
2014-08-13 06:00:00,81548.817,77800.1307390909,81574.7659052542
2014-08-13 07:00:00,86331.085,83597.86669472035,87470.46682523773
2014-08-13 08:00:00,91143.845,88240.29926607717,91135.65397581176
2014-08-13 09:00:00,95458.068,92817.83574645048,95128.73120241822
2014-08-13 10:00:00,99371.061,96921.13672457731,98675.97530908944
2014-08-13 11:00:00,102166.081,101107.51842543292,102038.96950252606
2014-08-13 12:00:00,104933.485,104068.91079933819,104445.01889101116
2014-08-13 13:00:00,107689.073,106685.32874116246,107540.4116735313
2014-08-13 14:00:00,109630.487,109012.02561310575,109956.2769577145
2014-08-13 15:00:00,111081.702,110610.30173766041,110402.52877856095
2014-08-13 16:00:00,112338.285,111674.94025699483,111700.92073535983
2014-08-13 17:00:00,112084.471,112288.30419862077,112733.00960555302
2014-08-13 18:00:00,109342.112,111123.73214411503,109473.31238502837
2014-08-13 19:00:00,104868.638,107889.2734533301,106328.32542339225
2014-08-13 20:00:00,102889.779,104060.90892323205,103749.03497064377
2014-08-13 21:00:00,100525.869,101328.30655777625,99887.95323859935
2014-08-13 22:00:00,93143.05,96782.92935311928,93401.08865065637
2014-08-13 23:00:00,84683.18,88550.96696488024,85055.12807719143
2014-08-14 00:00:00,77701.894,83075.65116442167,77984.10323954232
2014-08-14 01:00:00,73018.982,76577.93006098118,73467.39566527658
2014-08-14 02:00:00,70181.575,72220.86562555938,70108.77549250239
2014-08-14 03:00:00,68596.528,69592.7050191904,68851.24515374389
2014-08-14 04:00:00,68694.357,68374.77752376176,68779.19987288782
2014-08-14 05:00:00,71994.873,69499.9615655996,72010.47274506197
2014-08-14 06:00:00,77240.226,73594.67006632725,77922.55082908254
2014-08-14 07:00:00,81948.843,78798.24241967581,82878.68505694135
2014-08-14 08:00:00,86398.179,83609.65719788644,86735.73877139755
2014-08-14 09:00:00,90383.406,88051.0837845231,91291.83159554304
2014-08-14 10:00:00,93864.766,92047.85270622191,94709.84383470575
2014-08-14 11:00:00,96687.796,95561.1090660569,96589.49118706063
2014-08-14 12:00:00,99100.671,98630.92967471632,98420.14139442652
2014-08-14 13:00:00,101558.319,101400.76196238847,100551.48884362097
2014-08-14 14:00:00,103313.507,103836.71817609924,102301.39620183862
2014-08-14 15:00:00,104371.872,105548.25221993976,104213.28467562955
2014-08-14 16:00:00,105468.175,106588.33149171188,105004.25070796371
2014-08-14 17:00:00,105392.604,107123.82835290747,105451.55815457003
2014-08-14 18:00:00,102923.332,105832.45921336542,103966.74002269297
2014-08-14 19:00:00,99057.537,102225.51156317917,100478.88552240527
2014-08-14 20:00:00,98014.536,98394.99198870186,97707.87242872773
2014-08-14 21:00:00,95590.611,96510.63689803172,94945.39416659597
2014-08-14 22:00:00,88650.811,92218.7487944828,89206.91516794947
2014-08-14 23:00:00,80938.614,84436.00482401875,81306.29988727724
2014-08-15 00:00:00,74510.583,79339.41527978705,74107.45640153954
2014-08-15 01:00:00,70407.598,73149.41467553488,70399.1435593988
2014-08-15 02:00:00,67729.799,69204.51747529584,67676.41842293853
2014-08-15 03:00:00,66464.895,66676.93667846566,66518.93552114334
2014-08-15 04:00:00,66674.826,65730.99979107411,66868.42425210205
2014-08-15 05:00:00,69813.923,66840.52226588994,69829.01906094536
2014-08-15 06:00:00,74805.492,70647.07140970232,75947.45315826425
2014-08-15 07:00:00,78890.415,75621.76571084221,79874.39075195855
2014-08-15 08:00:00,83551.409,79852.65446624366,82472.75921579037
2014-08-15 09:00:00,87345.102,84281.30267917019,86775.52161401906
2014-08-15 10:00:00,90607.95,87948.05066704714,90107.40794673128
2014-08-15 11:00:00,92994.13,91078.11820910782,92519.33257406746
2014-08-15 12:00:00,95086.357,93910.7726369533,94681.74830021817
2014-08-15 13:00:00,96980.987,96444.10286105736,96221.5128879684
2014-08-15 14:00:00,98380.472,98452.52390845618,97846.10351242307
2014-08-15 15:00:00,99506.142,99851.3011338835,99251.09702533638
2014-08-15 16:00:00,100155.587,101016.72497293126,99844.52322566413
2014-08-15 17:00:00,99689.191,101309.31038948783,99507.88624814736
2014-08-15 18:00:00,97091.409,99796.26619121648,98412.53968068828
2014-08-15 19:00:00,93767.673,96385.67149999473,94507.34170632475
2014-08-15 20:00:00,92934.749,93122.42177566461,92593.79213527901
2014-08-15 21:00:00,90678.414,90941.01622519255,90498.74369215869
2014-08-15 22:00:00,85143.523,86972.16844072482,84814.43754058472
2014-08-15 23:00:00,78287.131,80456.32064009181,78103.01850807725
2014-08-16 00:00:00,72322.474,76833.60548322606,72137.60089371876
2014-08-16 01:00:00,68200.529,71114.72694473754,67953.58737713411
2014-08-16 02:00:00,65609.512,67168.75615933613,65261.636042685204
2014-08-16 03:00:00,64209.039,64704.37471801318,63987.66778284927
2014-08-16 04:00:00,63686.586,63552.26726202888,63083.044514724614
2014-08-16 05:00:00,64455.922,63826.47500264771,64350.36761654528
2014-08-16 06:00:00,65878.603,65480.09745373891,66063.60490111269
2014-08-16 07:00:00,68203.651,67548.0567262931,68388.61347593064
2014-08-16 08:00:00,73214.925,70668.9996005581,73337.54212182217
2014-08-16 09:00:00,78572.806,75484.3671068034,76916.26641497419
2014-08-16 10:00:00,82826.161,80480.61932510219,82248.85360523555
2014-08-16 11:00:00,86153.788,85135.85009068558,86608.21033210846
2014-08-16 12:00:00,88626.219,88495.53243240912,88270.13579196119
2014-08-16 13:00:00,90815.674,91101.1053928261,89862.2617411566
2014-08-16 14:00:00,92634.676,93158.66270424679,91356.23487324333
2014-08-16 15:00:00,94338.645,94862.12934124657,93403.4480105561
2014-08-16 16:00:00,96162.154,96240.09518653443,94848.80255318116
2014-08-16 17:00:00,97081.576,97311.19902159345,95692.01248859265
2014-08-16 18:00:00,96132.146,96949.80876674058,95400.38499376916
2014-08-16 19:00:00,93328.342,94955.62959154071,93958.45967419588
2014-08-16 20:00:00,92943.275,92272.73317776016,92261.75730305583
2014-08-16 21:00:00,91218.529,90870.96868885525,90302.62972771852
2014-08-16 22:00:00,85988.536,87463.1295307799,85660.69852593704
2014-08-16 23:00:00,80151.679,81170.01814486363,79265.88141409802
2014-08-17 00:00:00,74779.273,77596.7146813656,73884.24274478872
2014-08-17 01:00:00,70798.061,72201.9868078759,70349.38436836748
2014-08-17 02:00:00,68032.415,68317.13735997624,67971.64458287622
2014-08-17 03:00:00,66359.69,65589.74584618911,65430.34437340056
2014-08-17 04:00:00,65629.815,63977.876605029174,65128.145332174165
2014-08-17 05:00:00,65925.038,63431.881440171324,65353.80190949545
2014-08-17 06:00:00,66659.382,63702.378227549874,66480.48593731382
2014-08-17 07:00:00,68465.101,64819.752872718745,68716.27750534347
2014-08-17 08:00:00,73287.64,67868.13918768876,73821.45193988206
2014-08-17 09:00:00,78405.179,73243.9375292335,78655.8826798624
2014-08-17 10:00:00,83233.412,78628.32904730557,83089.02240709878
2014-08-17 11:00:00,87246.257,83631.44990146451,86906.53622824223
2014-08-17 12:00:00,91067.172,87640.24416252007,90287.58364153454
2014-08-17 13:00:00,93832.514,91392.0419380932,92953.68949438035
2014-08-17 14:00:00,96230.387,94049.70891965012,95669.89525583855
2014-08-17 15:00:00,98657.819,96379.11817899151,98213.27314487704
2014-08-17 16:00:00,100712.907,98566.87176926847,99968.95165997035
2014-08-17 17:00:00,102042.48,100119.20117705197,101542.28138600173
2014-08-17 18:00:00,101141.209,100522.97632713238,100797.5525862567
2014-08-17 19:00:00,98740.92,98632.67149996561,98567.45563607484
2014-08-17 20:00:00,99202.643,96413.1898170397,97937.75207663588
2014-08-17 21:00:00,97141.495,95742.08280472047,96772.70176343455
2014-08-17 22:00:00,90874.442,92001.19946442114,90792.64451551535
2014-08-17 23:00:00,83746.055,85085.12876045071,84151.0601691644
2014-08-18 00:00:00,77653.462,83229.79890325376,77672.9819088242
2014-08-18 01:00:00,73553.808,77284.61786340909,73505.80359537741
2014-08-18 02:00:00,70957.547,73244.05114088842,70746.44398626391
2014-08-18 03:00:00,69883.126,70680.27660214016,69774.75672162762
2014-08-18 04:00:00,70462.491,69589.86488193453,70247.89263280583
2014-08-18 05:00:00,74447.794,70248.64164281434,74896.78581394344
2014-08-18 06:00:00,80854.443,73723.21501707978,80766.08661265943
2014-08-18 07:00:00,86167.329,79135.25026342168,86982.84409576673
2014-08-18 08:00:00,90820.17,84505.78028155564,91541.52323651405
2014-08-18 09:00:00,95033.377,89707.40535048983,95535.43135952037
2014-08-18 10:00:00,99823.381,94627.0283565956,99077.45962123532
2014-08-18 11:00:00,103915.607,99745.5314088566,103281.23495680968
2014-08-18 12:00:00,107855.626,104029.30269836959,106821.99553985229
2014-08-18 13:00:00,111874.945,107888.09845428957,111401.28628891378
2014-08-18 14:00:00,114600.397,111517.08260374248,113728.70671440494
2014-08-18 15:00:00,116143.529,114050.32637571842,116403.95010338252
2014-08-18 16:00:00,117480.461,115580.6635115901,117146.51031374707
2014-08-18 17:00:00,117771.95,116628.42529179464,117622.65113752746
2014-08-18 18:00:00,115836.241,116025.49548025185,115406.94549170158
2014-08-18 19:00:00,112351.567,113494.31419089626,112973.60731449572
2014-08-18 20:00:00,111515.344,110692.93229694948,110585.82269230208
2014-08-18 21:00:00,107999.242,108762.23192386224,108129.5462751059
2014-08-18 22:00:00,99866.689,103625.80135049846,100458.08099637243
2014-08-18 23:00:00,91025.668,95006.24648709469,90271.99524384947
2014-08-19 00:00:00,83650.479,89162.4926265,83672.08511112718
2014-08-19 01:00:00,78888.721,82282.72084322618,78791.70504988373
2014-08-19 02:00:00,75599.497,77833.27551771939,75757.05408090206
2014-08-19 03:00:00,73990.53,74946.01612071545,73607.27195881201
2014-08-19 04:00:00,74344.681,73790.7557144101,74065.22387938971
2014-08-19 05:00:00,77833.284,75216.41219672665,78003.2053386255
2014-08-19 06:00:00,84369.147,79700.37584426577,83797.43058748284
2014-08-19 07:00:00,89574.923,85865.06970260867,90271.85682837032
2014-08-19 08:00:00,94547.124,91105.85345459421,94803.1132270526
2014-08-19 09:00:00,99788.702,96321.68852317534,98917.03978419668
2014-08-19 10:00:00,105167.81,101865.1178444977,105358.89155113198
2014-08-19 11:00:00,110320.216,107401.98843812686,110581.92442485239
2014-08-19 12:00:00,114707.515,112302.68553638012,114449.06310079302
2014-08-19 13:00:00,118308.226,116499.24278774147,118440.4578081316
2014-08-19 14:00:00,121114.793,119671.35495049969,120214.90245746353
2014-08-19 15:00:00,123676.36,121934.25274744746,122912.08883080535
2014-08-19 16:00:00,125479.802,123854.56925495004,125374.72180964814
2014-08-19 17:00:00,126019.804,124891.17297808384,125067.81232398852
2014-08-19 18:00:00,123185.769,124087.13219591836,122238.90166848293
2014-08-19 19:00:00,119038.089,120683.83004269049,118757.18977817427
2014-08-19 20:00:00,117641.804,117163.61572045111,116228.34113601859
2014-08-19 21:00:00,113478.113,114689.10711150474,113890.7688344874
2014-08-19 22:00:00,104078.839,108820.23580708198,104807.71496441208
2014-08-19 23:00:00,94977.38,99024.31288751609,94966.46204945029
2014-08-20 00:00:00,87302.885,92804.55437001964,86747.3740954439
2014-08-20 01:00:00,81740.803,85669.1928433117,82264.28069119035
2014-08-20 02:00:00,78146.324,80521.27747849659,78222.17235969317
2014-08-20 03:00:00,76052.85,77223.17117231309,76159.10026185118
2014-08-20 04:00:00,75971.752,75605.82589102068,75538.18695156476
2014-08-20 05:00:00,79516.843,76519.89126915995,78743.73325042732
2014-08-20 06:00:00,86433.479,80906.81225461984,85417.52371635597
2014-08-20 07:00:00,91404.238,87257.0612274303,91726.80914567974
2014-08-20 08:00:00,96246.436,92368.28883733597,95918.3608363253
2014-08-20 09:00:00,101379.902,97597.6013105683,100715.06036348434
2014-08-20 10:00:00,106954.661,103236.81672860618,107331.03948839799
2014-08-20 11:00:00,112324.913,108897.57323842321,111975.37357397971
2014-08-20 12:00:00,117389.024,114102.4787392873,116666.7416188439
2014-08-20 13:00:00,121931.533,118858.02347386663,120828.54517027544
2014-08-20 14:00:00,125123.759,122951.23982870611,123455.2584903461
2014-08-20 15:00:00,126610.442,125860.77228017841,126528.55893547676
2014-08-20 16:00:00,127240.354,127374.94025031637,127787.34247215306
2014-08-20 17:00:00,126081.83,127795.9570837437,126368.26296722172
2014-08-20 18:00:00,122700.313,125910.91124859947,122381.92174168225
2014-08-20 19:00:00,118679.584,121844.79956945819,118813.4092767642
2014-08-20 20:00:00,116905.804,118080.10848494538,116366.42774611613
2014-08-20 21:00:00,112729.999,115025.67701898789,112949.73957392831
2014-08-20 22:00:00,103879.209,108720.1192586697,105114.92448942317
2014-08-20 23:00:00,94867.169,99157.41231658639,94554.3968699768
2014-08-21 00:00:00,87169.191,92828.34669666001,86987.51774861128
2014-08-21 01:00:00,81951.253,85424.87029433361,82285.58216641577
2014-08-21 02:00:00,78529.18,80442.24093273835,78890.77313868287
2014-08-21 03:00:00,76516.63,77213.52809027511,76216.49081845401
2014-08-21 04:00:00,76565.586,75578.62374412536,75968.0369019711
2014-08-21 05:00:00,80251.816,76586.65441891314,78853.13663518056
2014-08-21 06:00:00,87178.687,81171.52457528847,86611.74604531171
2014-08-21 07:00:00,92568.712,87506.58555650033,92847.47614507136
2014-08-21 08:00:00,98097.099,92868.09285726989,97778.57143734973
2014-08-21 09:00:00,102997.428,98430.91383060675,103373.71270366627
2014-08-21 10:00:00,108150.816,103637.93128002434,108610.03288793759
2014-08-21 11:00:00,113039.748,108912.29491108027,113113.96424000859
2014-08-21 12:00:00,116912.969,113761.23725718606,116614.80938179117
2014-08-21 13:00:00,120230.693,117757.51892878901,119802.66615008263
2014-08-21 14:00:00,122018.142,120918.9884149721,122052.6127467622
2014-08-21 15:00:00,122266.682,122564.13857360696,123429.52835060493
2014-08-21 16:00:00,121520.488,122914.2802061786,123212.4471595616
2014-08-21 17:00:00,120384.399,121973.93639148306,119944.1300238111
2014-08-21 18:00:00,117612.28,119937.81527007726,116795.39564352512
2014-08-21 19:00:00,114962.65,116423.45554741441,113816.00418709687
2014-08-21 20:00:00,114862.44,113748.80138611935,111954.83701037274
2014-08-21 21:00:00,111416.697,112110.3753438619,111489.10187968341
2014-08-21 22:00:00,103496.425,106573.62808436867,103262.88798595146
2014-08-21 23:00:00,95339.21,97833.04499702872,94540.49151838585
2014-08-22 00:00:00,87779.876,92224.71448971625,87097.83974483426
2014-08-22 01:00:00,82730.279,85079.07517326083,82185.83544276572
2014-08-22 02:00:00,79506.545,80308.14004309918,79187.08865596956
2014-08-22 03:00:00,77653.975,77276.38792960122,77160.18535531232
2014-08-22 04:00:00,77921.76,75845.77813258047,77100.36889956938
2014-08-22 05:00:00,81651.925,77036.47287766064,80606.47319105754
2014-08-22 06:00:00,88275.463,81654.88466609402,85969.57685906906
2014-08-22 07:00:00,93588.547,87816.41619933017,93715.59032347603
2014-08-22 08:00:00,98574.796,93243.16622887854,99053.5787496894
2014-08-22 09:00:00,103427.798,98207.77939416518,104096.43675097369
2014-08-22 10:00:00,107800.491,103202.94692905547,108496.85298415778
2014-08-22 11:00:00,111010.598,107833.02109241663,112499.74545807637
2014-08-22 12:00:00,113584.14,111287.68134187863,114619.81359021587
2014-08-22 13:00:00,116323.052,114195.67834441812,117078.82131448497
2014-08-22 14:00:00,118184.956,116668.93689800712,118789.97132359177
2014-08-22 15:00:00,119408.301,118117.80314255346,118662.3565065475
2014-08-22 16:00:00,120123.676,118838.1836120892,119772.25561355171
2014-08-22 17:00:00,119661.205,118856.381039487,118602.10599198876
2014-08-22 18:00:00,116782.603,117262.49808739043,116378.81219135555
2014-08-22 19:00:00,112952.313,114096.53084144887,112753.2487042897
2014-08-22 20:00:00,111922.961,110942.34297236142,110143.43352951098
2014-08-22 21:00:00,108611.771,108693.47944788806,108012.03284206349
2014-08-22 22:00:00,101898.372,103591.39327317175,101203.16562532772
2014-08-22 23:00:00,93862.13,95894.89114238035,93416.07899927223
2014-08-23 00:00:00,86664.056,91145.41198869939,86419.24873125175
2014-08-23 01:00:00,81496.724,84271.51208539648,81119.83553326606
2014-08-23 02:00:00,77763.05,79431.63584702165,77565.08916790108
2014-08-23 03:00:00,75372.768,75998.19108737452,75420.23427171224
2014-08-23 04:00:00,74290.45,74118.34288491488,74497.23614046273
2014-08-23 05:00:00,74758.978,74085.00235303819,74803.22951960364
2014-08-23 06:00:00,76948.419,75871.21056222176,76668.48487719135
2014-08-23 07:00:00,79576.352,78669.93404416148,80998.12544148877
2014-08-23 08:00:00,85279.91,82164.31708370525,85723.16174401797
2014-08-23 09:00:00,91452.449,87905.5230869806,91169.29482198547
2014-08-23 10:00:00,96699.933,93831.84696481586,97005.02548487151
2014-08-23 11:00:00,100504.255,98889.76498130869,101388.39565155609
2014-08-23 12:00:00,103226.855,102498.34445774194,104032.40171679508
2014-08-23 13:00:00,104452.011,105295.8002807738,105932.3881737547
2014-08-23 14:00:00,104602.955,106718.47587840878,105813.32273293522
2014-08-23 15:00:00,103914.129,107159.64637169064,105724.6663283077
2014-08-23 16:00:00,103613.565,106894.96174507597,104780.51153578669
2014-08-23 17:00:00,102676.32,106400.46798357743,103411.299930348
2014-08-23 18:00:00,100850.115,104551.56771603314,101790.63121680992
2014-08-23 19:00:00,98663.103,101710.68706046036,98063.96035131766
2014-08-23 20:00:00,98647.044,99488.19638902854,97132.50545791099
2014-08-23 21:00:00,96239.13,98075.4518430139,96276.54528642971
2014-08-23 22:00:00,90900.165,93932.52035021056,91569.0284037715
2014-08-23 23:00:00,84452.877,87332.2640412193,84867.9579542167
2014-08-24 00:00:00,78651.627,83118.39665808002,78143.80249147903
2014-08-24 01:00:00,74240.302,77169.19028609426,74622.37146747625
2014-08-24 02:00:00,71221.698,72687.67720326336,71053.9682922151
2014-08-24 03:00:00,69285.03,69656.52602136125,68996.7718578994
2014-08-24 04:00:00,68273.355,67764.86125451502,68498.76435876673
2014-08-24 05:00:00,68322.505,67000.33369056892,68569.517192832
2014-08-24 06:00:00,69152.003,67483.58749149504,69890.8716136994
2014-08-24 07:00:00,70932.043,68683.34237565167,71841.72672769248
2014-08-24 08:00:00,76436.404,71702.18661102394,76922.96234492902
2014-08-24 09:00:00,82556.35,77607.40031956235,82803.67331790809
2014-08-24 10:00:00,88186.872,83779.96833773091,88310.79122787766
2014-08-24 11:00:00,93223.629,89415.39559526287,93104.0461723689
2014-08-24 12:00:00,97792.477,94120.41047275865,97198.86895961057
2014-08-24 13:00:00,101215.362,98090.66226446768,101342.44351420295
2014-08-24 14:00:00,103793.84,100839.84740314927,103601.19414911752
2014-08-24 15:00:00,106135.988,102709.15089265512,105332.9335533078
2014-08-24 16:00:00,108216.872,104432.7505123259,107678.17272988036
2014-08-24 17:00:00,109536.827,105733.42316660924,108853.63039922348
2014-08-24 18:00:00,108593.757,105833.5540769101,107531.36544485601
2014-08-24 19:00:00,105801.439,104137.84839883109,105567.89683667224
2014-08-24 20:00:00,105748.554,101851.70406735057,104746.71784697178
2014-08-24 21:00:00,102453.01,100527.24090652581,103671.97036009139
2014-08-24 22:00:00,95357.631,95927.38254805413,96566.04518393725
2014-08-24 23:00:00,87400.815,88338.55908105258,88003.84123577987
2014-08-25 00:00:00,81078.145,85930.91102230838,80788.3061896757
2014-08-25 01:00:00,76491.695,79821.15576634317,76369.18315408591
2014-08-25 02:00:00,73804.864,75409.15974380358,73675.46545471014
2014-08-25 03:00:00,72589.643,72759.33303421646,72305.81551454462
2014-08-25 04:00:00,73147.198,71535.69609744343,72242.06657971784
2014-08-25 05:00:00,77266.802,72171.53175882221,76121.24462041286
2014-08-25 06:00:00,84233.582,75743.62599010022,83091.11461753228
2014-08-25 07:00:00,89629.352,81459.41745427641,89947.7664233808
2014-08-25 08:00:00,94844.442,87020.29801368351,95422.52898481964
2014-08-25 09:00:00,100482.207,92728.05574175288,100140.83680973077
2014-08-25 10:00:00,106171.332,98888.651871935,105395.35502186087
2014-08-25 11:00:00,111283.557,104966.27466220722,111130.97135993374
2014-08-25 12:00:00,115711.762,110205.62153528184,116233.51813901313
2014-08-25 13:00:00,118920.593,114716.64956512096,120787.06678033392
2014-08-25 14:00:00,120738.816,117852.65237485076,122772.3304165201
2014-08-25 15:00:00,122031.215,119795.25175528343,123326.62973908515
2014-08-25 16:00:00,123018.929,121287.70068305597,124310.34989593228
2014-08-25 17:00:00,122894.645,122221.79338857805,122431.49587001973
2014-08-25 18:00:00,120196.013,121099.5233003512,120117.13075008086
2014-08-25 19:00:00,116113.57,117755.84607457198,116500.86065518855
2014-08-25 20:00:00,115028.145,114366.4832302464,113581.21698126374
2014-08-25 21:00:00,109788.46,112057.2615981655,111312.80079740325
2014-08-25 22:00:00,100638.899,105542.18565505794,101284.4562880884
2014-08-25 23:00:00,91152.221,95970.54361627508,92400.91156868976
2014-08-26 00:00:00,83325.653,89603.98782716176,83538.71728389202
2014-08-26 01:00:00,78262.021,82316.1550459952,78717.81413283623
2014-08-26 02:00:00,75193.656,77572.40993038191,75138.57181631618
2014-08-26 03:00:00,73326.299,74795.80423871591,73332.26084235091
2014-08-26 04:00:00,73736.812,73408.50525273426,73342.08453468823
2014-08-26 05:00:00,77347.746,74772.6412451051,76882.60293916783
2014-08-26 06:00:00,84635.407,79408.46665289845,83226.90788397843
2014-08-26 07:00:00,89616.057,86128.19791701536,91234.9155363922
2014-08-26 08:00:00,94826.431,91375.66176861407,95571.08831411746
2014-08-26 09:00:00,100601.877,97166.76649578006,101490.56546932811
2014-08-26 10:00:00,106717.929,103449.5691611226,107182.48162413943
2014-08-26 11:00:00,111981.135,109911.93781227761,111927.19791735029
2014-08-26 12:00:00,116122.811,115196.19474844467,116744.36909720344
2014-08-26 13:00:00,120330.598,119397.50015105825,119822.53540861858
2014-08-26 14:00:00,123542.051,123080.55405919031,123058.91461271724
2014-08-26 15:00:00,126187.897,125858.5389674023,125971.15236061305
2014-08-26 16:00:00,128819.917,127988.15928250579,126996.67593346558
2014-08-26 17:00:00,129369.004,129567.14811221418,128666.36191061593
2014-08-26 18:00:00,126521.225,128449.22937803905,126580.69378760591
2014-08-26 19:00:00,121714.524,124778.98548226274,122967.46728463916
2014-08-26 20:00:00,119923.977,120554.50246150143,118588.81808640732
2014-08-26 21:00:00,113896.834,117202.14595708775,115889.43979761904
2014-08-26 22:00:00,103680.814,109495.97505930078,106010.74273636311
2014-08-26 23:00:00,93657.865,98871.58358522115,94622.83752973886
2014-08-27 00:00:00,85605.79,91778.70771949335,85932.26560585287
2014-08-27 01:00:00,80264.559,84174.99797960721,80311.14242338338
2014-08-27 02:00:00,76663.177,79154.12270118552,76663.99467131984
2014-08-27 03:00:00,74893.613,75773.28650201103,75193.25718960672
2014-08-27 04:00:00,74963.945,74431.39924074875,74548.75706115537
2014-08-27 05:00:00,78731.481,75468.99135492941,78066.01189377751
2014-08-27 06:00:00,86099.033,80333.83065108399,84852.52661327524
2014-08-27 07:00:00,91185.742,86967.38641180126,92284.71339519793
2014-08-27 08:00:00,96439.486,92192.85176505771,96786.21799945846
2014-08-27 09:00:00,102227.2,97867.52666699185,101739.46498709585
2014-08-27 10:00:00,108117.281,104112.16112678591,108589.23248556469
2014-08-27 11:00:00,113988.485,110350.03467300287,113526.25419667225
2014-08-27 12:00:00,119197.041,116074.17823356332,117930.73675708444
2014-08-27 13:00:00,124496.531,121297.27051156489,122743.29565133432
2014-08-27 14:00:00,128681.466,126114.88727999294,126198.99972662677
2014-08-27 15:00:00,131728.977,129794.30998236628,130519.57114883543
2014-08-27 16:00:00,133390.98,132491.75474259176,132048.32482156844
2014-08-27 17:00:00,132803.629,133378.79131881794,132420.7771089524
2014-08-27 18:00:00,129167.378,131438.61152107595,128000.31840205527
2014-08-27 19:00:00,124007.503,126932.01811520004,124631.25823878862
2014-08-27 20:00:00,122674.675,122199.84438801289,120439.99107353446
2014-08-27 21:00:00,116565.917,118951.95610477525,118016.1097884582
2014-08-27 22:00:00,106412.34,110946.78298366371,107484.34500213977
2014-08-27 23:00:00,96516.919,100114.03466749228,95750.31792123786
2014-08-28 00:00:00,88663.219,92930.74613300907,88456.92205852631
2014-08-28 01:00:00,83332.193,85340.8364530835,83405.18751320464
2014-08-28 02:00:00,79865.565,80316.9249969417,80087.00475242439
2014-08-28 03:00:00,77556.521,77164.22270282218,77748.1477278399
2014-08-28 04:00:00,77522.424,75475.41912176202,77445.8905588071
2014-08-28 05:00:00,80957.336,76615.20061413856,81308.77061368364
2014-08-28 06:00:00,87769.668,81363.70699003767,87089.17794645003
2014-08-28 07:00:00,92301.6,87754.49209129046,93280.15223238344
2014-08-28 08:00:00,96418.628,92559.90936883497,96537.69248847268
2014-08-28 09:00:00,100834.462,97096.12640299577,101515.57834636988
2014-08-28 10:00:00,105181.39,102073.68668130142,105682.10852005704
2014-08-28 11:00:00,108630.368,107349.59002677466,109735.89977382784
2014-08-28 12:00:00,111814.323,111496.59957341308,111870.30269696358
2014-08-28 13:00:00,114635.003,115482.97401138728,114440.49179197258
2014-08-28 14:00:00,116981.305,118636.42376293725,116247.09725725341
2014-08-28 15:00:00,118598.402,121007.15939721148,117146.81186821833
2014-08-28 16:00:00,119843.641,122389.07691868345,119316.089799532
2014-08-28 17:00:00,118980.635,122858.61270221128,118468.36084583048
2014-08-28 18:00:00,114956.318,120798.55027603786,115667.42792308306
2014-08-28 19:00:00,110173.784,116179.09340055713,110878.75784317353
2014-08-28 20:00:00,109297.162,111984.96826820009,107380.74688255832
2014-08-28 21:00:00,104325.29,109018.2793529857,105528.42856589973
2014-08-28 22:00:00,95568.341,101894.19624325256,98150.05116730445
2014-08-28 23:00:00,86708.202,92308.36150376864,87876.62673183624
2014-08-29 00:00:00,79601.758,86123.98591125032,80148.80402888758
2014-08-29 01:00:00,75055.265,79267.6014573531,76222.0189426576
2014-08-29 02:00:00,72158.787,74822.02090602864,72252.76946725989
2014-08-29 03:00:00,70499.278,71927.81430386004,70208.5268718963
2014-08-29 04:00:00,70593.678,70667.3426676067,70323.05124759267
2014-08-29 05:00:00,73696.806,71800.34935377109,73162.06461940323
2014-08-29 06:00:00,80148.141,76121.83499080804,78909.15146074478
2014-08-29 07:00:00,84582.665,82102.17002857546,86113.43275600477
2014-08-29 08:00:00,89048.797,86512.3347294036,89970.15221044437
2014-08-29 09:00:00,93150.243,90985.22884685683,93908.67075078604
2014-08-29 10:00:00,97410.717,95437.05201337156,97933.74531923333
2014-08-29 11:00:00,101127.285,100022.31224052182,100978.64797065438
2014-08-29 12:00:00,104822.888,103839.31839960192,103382.46235676504
2014-08-29 13:00:00,108386.445,107632.97643352658,107159.45876611893
2014-08-29 14:00:00,111400.385,111057.19092730635,109478.69869126938
2014-08-29 15:00:00,113725.157,113767.72226453578,112045.23449574894
2014-08-29 16:00:00,115698.741,115822.09466467932,114533.74088217202
2014-08-29 17:00:00,115635.697,116909.58976535786,115560.83930258111
2014-08-29 18:00:00,111821.6,115362.1135134336,112750.73448477582
2014-08-29 19:00:00,106837.274,110922.93692196524,107158.97974279034
2014-08-29 20:00:00,105385.733,106612.9150411532,104933.64942074791
2014-08-29 21:00:00,101191.589,103624.05607276228,102543.76804860245
2014-08-29 22:00:00,94690.587,97573.45067771812,94975.71521422663
2014-08-29 23:00:00,86947.201,89793.2883348251,86834.07305311174
2014-08-30 00:00:00,80144.055,85223.25573532062,79701.63519541456
2014-08-30 01:00:00,75483.523,78700.46166599225,75434.43755446507
2014-08-30 02:00:00,72230.282,74204.78428690511,71920.93280449127
2014-08-30 03:00:00,70191.811,71104.0364935189,69226.63105061758
2014-08-30 04:00:00,69421.028,69417.47436207464,69040.85203547028
2014-08-30 05:00:00,69858.658,69489.68593766342,70948.31676544444
2014-08-30 06:00:00,71484.101,71379.36249849646,72682.0798448926
2014-08-30 07:00:00,73624.191,73643.19272318002,75256.26686645535
2014-08-30 08:00:00,79168.243,76780.27158102843,79326.42555808775
2014-08-30 09:00:00,85377.062,82402.32466771177,85960.81257912598
2014-08-30 10:00:00,91273.536,88506.44782693413,91886.819098529
2014-08-30 11:00:00,96109.104,94217.21731791836,96718.17321973438
2014-08-30 12:00:00,100050.705,98864.92988160622,99837.30285276193
2014-08-30 13:00:00,103751.883,102670.89795577293,102857.99743862878
2014-08-30 14:00:00,106334.264,105994.91146414245,104795.14301831737
2014-08-30 15:00:00,108057.885,108205.72802456282,107786.59281114844
2014-08-30 16:00:00,109310.675,109661.96097366164,108919.87831274896
2014-08-30 17:00:00,109246.578,110220.27130086557,108507.32339601143
2014-08-30 18:00:00,107260.124,108839.97808768663,106261.72153887652
2014-08-30 19:00:00,104978.386,105689.7342237943,103507.25099459969
2014-08-30 20:00:00,104692.241,103384.97063454313,102882.95649792683
2014-08-30 21:00:00,101655.443,101591.30835163398,101783.41535048705
2014-08-30 22:00:00,95873.929,97076.85826560376,95633.3066491651
2014-08-30 23:00:00,89419.644,90246.54828566642,88728.17875223506
2014-08-31 00:00:00,83356.146,86027.4185391563,82474.8988593933
2014-08-31 01:00:00,79050.578,79999.35707781547,78476.27249923088
2014-08-31 02:00:00,75638.895,75692.76823003528,75511.06002126267
2014-08-31 03:00:00,73394.391,72426.98042847429,73219.44533260136
2014-08-31 04:00:00,72196.291,70302.17443214744,72309.75299204973
2014-08-31 05:00:00,72367.45,69331.18693710704,72054.89036150546
2014-08-31 06:00:00,73743.649,69788.55420916525,73927.52937287107
2014-08-31 07:00:00,75688.345,71326.32001676818,75839.37204309643
2014-08-31 08:00:00,81182.18,74431.43974388337,81761.75906499189
2014-08-31 09:00:00,88274.759,80287.39890142369,87858.65640520613
2014-08-31 10:00:00,95226.965,87204.14504321037,94188.4188886332
2014-08-31 11:00:00,101504.249,93861.20177592756,99360.79442026839
2014-08-31 12:00:00,106586.895,99701.6651687267,104328.0425986828
2014-08-31 13:00:00,110177.897,104541.78125773996,109807.73344886124
2014-08-31 14:00:00,112778.079,108007.88716308755,112407.51957176015
2014-08-31 15:00:00,114335.464,110478.59615841534,115037.54428792828
2014-08-31 16:00:00,114607.751,112164.16571052169,115331.4362240153
2014-08-31 17:00:00,113796.839,112397.22049172653,115512.85857706396
2014-08-31 18:00:00,111084.853,111078.05834471068,111746.23181794053
2014-08-31 19:00:00,107940.838,108130.65151450704,107890.40347167874
2014-08-31 20:00:00,106785.764,105499.68757649217,107032.21900678019
2014-08-31 21:00:00,103500.948,103134.38210553289,104828.24592456434
2014-08-31 22:00:00,97918.673,98406.4056286111,97619.05585846282
2014-08-31 23:00:00,91018.525,91847.27929518986,90742.89050787887
2014-09-01 00:00:00,84942.835,90130.16783630809,84359.79352016478
2014-09-01 01:00:00,80153.341,84204.57072883598,79987.3599991604
2014-09-01 02:00:00,77089.895,79614.23733838883,76757.59942927271
2014-09-01 03:00:00,75134.517,76681.43165845706,75475.33987264041
2014-09-01 04:00:00,74499.885,74941.20620691567,75411.44495751646
2014-09-01 05:00:00,75484.884,74813.92148773825,77875.24413601898
2014-09-01 06:00:00,77383.994,76522.66364378552,82078.00886364383
2014-09-01 07:00:00,78943.98,78786.84544271752,82872.96216657708
2014-09-01 08:00:00,84305.98,81646.19003128035,85426.93467891247
2014-09-01 09:00:00,92242.427,87594.08453592543,91637.63019947593
2014-09-01 10:00:00,100259.069,95405.18905323575,98251.8052398222
2014-09-01 11:00:00,107038.778,103218.32912792888,104772.59915106019
2014-09-01 12:00:00,112552.816,109695.65042823277,110636.79140727191
2014-09-01 13:00:00,116785.275,114844.36874056867,115791.70225438374
2014-09-01 14:00:00,119805.114,118662.70418568529,119105.79917666219
2014-09-01 15:00:00,122185.733,121282.04124221811,121650.04314268105
2014-09-01 16:00:00,123278.866,123039.62003213455,123843.30822225263
2014-09-01 17:00:00,124007.147,123474.73592027817,122034.80174968284
2014-09-01 18:00:00,121809.874,122797.07193928257,120968.83066903525
2014-09-01 19:00:00,119300.418,119798.6200482973,118220.10473241686
2014-09-01 20:00:00,119118.125,117328.97861953524,116521.44022866376
2014-09-01 21:00:00,113970.794,115459.30085772509,114736.64858578776
2014-09-01 22:00:00,105482.058,109263.45401245049,105651.98855162025
2014-09-01 23:00:00,96797.294,100360.82165262273,95530.4630997986
2014-09-02 00:00:00,89293.209,94606.6938556242,89119.87077384068
2014-09-02 01:00:00,84390.955,87483.0495150624,83865.19823766485
2014-09-02 02:00:00,81011.086,82844.73578953365,80958.62764098452
2014-09-02 03:00:00,79426.253,79621.3940283903,78869.92858652599
2014-09-02 04:00:00,79789.163,78204.85142807347,79349.1176794589
2014-09-02 05:00:00,84432.961,78873.91865327142,82859.9065112821
2014-09-02 06:00:00,93080.745,83109.70244651663,91172.9998449316
2014-09-02 07:00:00,98908.903,89843.35574021017,98663.0482616357
2014-09-02 08:00:00,104323.786,95584.85573065067,102870.85651606358
2014-09-02 09:00:00,110560.497,101789.11560628926,108850.0710686838
2014-09-02 10:00:00,117301.798,108742.71015961375,115656.15226708454
2014-09-02 11:00:00,123125.861,115676.0402911114,121347.76255916915
2014-09-02 12:00:00,127888.162,121461.22472040198,125398.51035448506
2014-09-02 13:00:00,131610.899,126241.06104504205,129298.50466812677
2014-09-02 14:00:00,133629.686,129842.65379595378,132330.53764367726
2014-09-02 15:00:00,134412.431,132104.00224254522,134141.83865308514
2014-09-02 16:00:00,134447.94,133188.15459922416,134029.84718484973
2014-09-02 17:00:00,133370.797,133392.66145452805,132448.89139480787
2014-09-02 18:00:00,130461.275,131651.0815727234,130777.39822597179
2014-09-02 19:00:00,126744.409,128280.44479784818,127311.47658662315
2014-09-02 20:00:00,124396.782,124985.7804593993,124034.78145201254
2014-09-02 21:00:00,117982.383,120937.66838708363,119106.50692668433
2014-09-02 22:00:00,107902.523,112964.5608048771,107716.14125573049
2014-09-02 23:00:00,97849.844,102405.77377712118,97704.58965431093
2014-09-03 00:00:00,89830.525,95277.37761512867,90386.9508441934
2014-09-03 01:00:00,84465.095,87693.5582616961,84119.31804366659
2014-09-03 02:00:00,81056.984,82590.46812772637,80663.91741629482
2014-09-03 03:00:00,78752.416,79473.59944710789,78730.33481461304
2014-09-03 04:00:00,78934.821,77847.05265942504,78036.97184175721
2014-09-03 05:00:00,82536.137,79344.91178206046,82575.7787642907
2014-09-03 06:00:00,90214.853,84529.91476716775,89651.89395529205
2014-09-03 07:00:00,95000.949,91662.69968809653,96348.44998260878
2014-09-03 08:00:00,98715.247,96674.87513215157,99373.85298095518
2014-09-03 09:00:00,102888.593,101469.99521497556,103167.43470372198
2014-09-03 10:00:00,107844.691,107092.39094032059,109184.6874121524
2014-09-03 11:00:00,112679.622,113124.20714154621,113599.93966173241
2014-09-03 12:00:00,116739.391,118345.10252207436,116978.56855642247
2014-09-03 13:00:00,120626.321,122724.79772566895,120321.81997376739
2014-09-03 14:00:00,124168.653,126344.38973940935,122744.27175902159
2014-09-03 15:00:00,126984.481,129285.89545756626,125572.14197070146
2014-09-03 16:00:00,128674.845,131346.64487178437,128147.24122885073
2014-09-03 17:00:00,128277.256,132139.43915004225,128529.40849475881
2014-09-03 18:00:00,125425.153,130471.77933857788,126710.54233682388
2014-09-03 19:00:00,121407.845,126795.91334145384,122013.71566436504
2014-09-03 20:00:00,119833.403,122640.52284379076,118876.1388064918
2014-09-03 21:00:00,113576.776,118737.64970847669,115577.60784806838
2014-09-03 22:00:00,103690.177,110490.07324647959,105380.3598247249
2014-09-03 23:00:00,93718.58,99819.72427652561,93930.31031114682
2014-09-04 00:00:00,85898.609,92645.77140904486,86099.3911642601
2014-09-04 01:00:00,80760.66,85109.9786552226,80652.4243324922
2014-09-04 02:00:00,77407.203,80102.16080489231,77728.42151744253
2014-09-04 03:00:00,75484.332,76770.67405840263,75860.22404863738
2014-09-04 04:00:00,75702.502,75211.15502248437,75761.10384701013
2014-09-04 05:00:00,79749.558,76399.1031345632,79592.58715217767
2014-09-04 06:00:00,88033.78,81606.76651081024,86706.1657355116
2014-09-04 07:00:00,93347.739,88782.64890336787,93628.87984900108
2014-09-04 08:00:00,97657.13,93817.18231770697,98670.31492261124
2014-09-04 09:00:00,103049.407,98663.5764369141,103282.02221346562
2014-09-04 10:00:00,109497.588,104471.90285040715,108818.97804397892
2014-09-04 11:00:00,114735.454,110942.75307876835,114746.5722336811
2014-09-04 12:00:00,119686.342,116029.82388080918,118688.88269768946
2014-09-04 13:00:00,123918.225,120760.5912121103,123043.25216438995
2014-09-04 14:00:00,127047.532,124841.05616251899,125723.11160341313
2014-09-04 15:00:00,129240.355,127874.4828636338,128056.08914250122
2014-09-04 16:00:00,131391.136,129890.22251449517,130335.8545401659
2014-09-04 17:00:00,131533.716,131119.33850063983,129712.90538507736
2014-09-04 18:00:00,128448.073,129826.0483609775,127834.43280831775
2014-09-04 19:00:00,125030.82,125880.02098701484,125058.33420463913
2014-09-04 20:00:00,124401.331,122517.8763224512,121760.62676521482
2014-09-04 21:00:00,118550.758,119598.53584131505,119073.88705957106
2014-09-04 22:00:00,109165.919,111929.18434378244,110197.34634933555
2014-09-04 23:00:00,99541.637,101790.82656799033,99104.15510213871
2014-09-05 00:00:00,91449.728,95013.59405790245,91511.34916452263
2014-09-05 01:00:00,86352.703,87501.93939518041,85950.476223281
2014-09-05 02:00:00,82771.44,82666.63899291852,82345.62809350723
2014-09-05 03:00:00,81027.536,79389.26701755892,80174.63071777306
2014-09-05 04:00:00,81075.971,77995.06321180318,80818.80761873703
2014-09-05 05:00:00,85247.665,79152.14715052478,83482.97252439677
2014-09-05 06:00:00,94063.471,84533.89690840838,91445.06010860493
2014-09-05 07:00:00,99596.498,92211.92304541911,99871.63314353848
2014-09-05 08:00:00,104614.489,97525.95330621446,104620.14977596473
2014-09-05 09:00:00,110538.952,102864.62531014383,109432.93514934444
2014-09-05 10:00:00,117161.835,109327.76358399705,116555.59520868948
2014-09-05 11:00:00,123481.753,115998.01738336016,122341.41848067561
2014-09-05 12:00:00,129176.998,122154.58522593559,128531.07067337802
2014-09-05 13:00:00,133808.398,127700.54421624602,132655.35267318826
2014-09-05 14:00:00,136738.27,132029.61953695695,136400.8880242
2014-09-05 15:00:00,138157.144,134789.6318410561,139646.4000969695
2014-09-05 16:00:00,137475.419,136383.27873073836,139211.9120720224
2014-09-05 17:00:00,135397.243,135580.62477059802,136329.49578153095
2014-09-05 18:00:00,130532.552,132304.88163512663,130213.30004165579
2014-09-05 19:00:00,125486.749,127077.34002815987,126874.90260420334
2014-09-05 20:00:00,123130.084,122655.91738988823,121300.66656282009
2014-09-05 21:00:00,117329.843,118693.6842881375,118029.97300405688
2014-09-05 22:00:00,109397.864,111402.62000225122,108725.98355129482
2014-09-05 23:00:00,100376.196,102284.99610364543,99516.91340304971
2014-09-06 00:00:00,92263.835,96573.21225436016,92964.65301822282
2014-09-06 01:00:00,86461.025,88907.1804499302,85842.59241339684
2014-09-06 02:00:00,82475.298,83444.79784183447,82145.51666215243
2014-09-06 03:00:00,79649.09,79819.17370841578,79538.73122454797
2014-09-06 04:00:00,78682.287,77515.2748053818,78110.0049242192
2014-09-06 05:00:00,79178.607,77538.26790965759,79693.48715889048
2014-09-06 06:00:00,81139.165,79879.85153238778,81386.68728658326
2014-09-06 07:00:00,83958.197,82508.22246322408,85170.86378454822
2014-09-06 08:00:00,90498.709,86048.32005978745,89391.22261962625
2014-09-06 09:00:00,97756.234,92552.00171338799,95038.97287763286
2014-09-06 10:00:00,104445.217,99717.72809517519,101651.52642607717
2014-09-06 11:00:00,110178.823,106420.63494148286,107711.16757082632
2014-09-06 12:00:00,114356.65,112114.30688065375,112309.19981532248
2014-09-06 13:00:00,117082.594,116396.06229337884,115368.30863047611
2014-09-06 14:00:00,117691.267,119187.25216831929,117708.67965043818
2014-09-06 15:00:00,116870.167,119995.54950920583,117670.74549284797
2014-09-06 16:00:00,115131.939,119234.7465388393,115867.73099024885
2014-09-06 17:00:00,111996.916,117371.29787352167,114031.93698519995
2014-09-06 18:00:00,108201.733,113545.87471833281,109540.05752231482
2014-09-06 19:00:00,105397.092,109191.11479413352,105355.32494714408
2014-09-06 20:00:00,103353.813,106170.41264967804,103385.91698331988
2014-09-06 21:00:00,99280.547,102732.3928836505,99940.06312365556
2014-09-06 22:00:00,92763.013,97336.54634795769,93524.2941037681
2014-09-06 23:00:00,85488.614,89915.7277422934,86809.81488856394
2014-09-07 00:00:00,78859.073,84960.49843433459,80137.80092474559
2014-09-07 01:00:00,74163.419,78420.10264050362,75129.50795702204
2014-09-07 02:00:00,70984.655,73743.8095513479,71498.8004620498
2014-09-07 03:00:00,68695.453,70499.20108964725,69078.57829158312
2014-09-07 04:00:00,67208.523,68428.41672266636,67526.81729756326
2014-09-07 05:00:00,67177.362,67399.74689778725,67109.04670991191
2014-09-07 06:00:00,67983.32,67856.19515202817,67962.27499090394
2014-09-07 07:00:00,69174.94,69142.24552883519,70104.14481879758
2014-09-07 08:00:00,73483.428,71916.82625734224,74063.31722340643
2014-09-07 09:00:00,78140.21,77104.2013727244,78055.98111446715
2014-09-07 10:00:00,81971.404,82361.12693477498,82352.705008506
2014-09-07 11:00:00,85432.991,87402.66162011866,85683.47688857719
2014-09-07 12:00:00,88360.752,91490.62408672563,88246.25778789505
2014-09-07 13:00:00,90580.518,94661.90555813885,90222.56658311868
2014-09-07 14:00:00,92334.076,96589.04094565273,91740.22537065217
2014-09-07 15:00:00,94065.726,97745.66100235595,93860.25955016325
2014-09-07 16:00:00,95872.683,98517.35253982335,95981.37010732923
2014-09-07 17:00:00,96613.796,98848.11725521929,96402.5008475589
2014-09-07 18:00:00,95069.155,97825.80380871732,96038.94145366343
2014-09-07 19:00:00,94023.312,95449.0729532726,93614.79197295083
2014-09-07 20:00:00,94809.097,93413.05056598278,93043.69303016571
2014-09-07 21:00:00,90739.801,92010.96602728454,92096.8321370215
2014-09-07 22:00:00,84278.904,86983.40158407758,86440.72791214097
2014-09-07 23:00:00,77613.403,79966.13871503969,78638.38316137932
2014-09-08 00:00:00,72294.087,78374.58102828819,72802.08376339597
2014-09-08 01:00:00,68879.002,72951.38730297453,68623.6959931152
2014-09-08 02:00:00,67129.33,69393.8561068879,66364.99829725428
2014-09-08 03:00:00,66349.216,67325.34155597445,66136.76918921787
2014-09-08 04:00:00,67516.627,66262.14808468474,66859.04681330292
2014-09-08 05:00:00,71848.346,67061.21276436202,71218.2891243139
2014-09-08 06:00:00,80063.011,70361.81412325053,78046.18757242488
2014-09-08 07:00:00,84732.691,76424.41607737704,84949.79182335362
2014-09-08 08:00:00,87765.816,81105.47352971841,87956.72490970613
2014-09-08 09:00:00,91281.819,84936.91022436265,90980.60531787566
2014-09-08 10:00:00,94269.447,88890.31910619211,95639.31928850393
2014-09-08 11:00:00,96387.628,93211.75453059937,97116.65885233016
2014-09-08 12:00:00,98046.181,96202.0876082062,98860.76785895613
2014-09-08 13:00:00,99552.242,98520.32563146683,100577.63225025633
2014-09-08 14:00:00,100492.324,100369.90642436918,100918.8861523371
2014-09-08 15:00:00,100915.94,101727.99412823872,101943.92118218596
2014-09-08 16:00:00,101542.775,102532.43519781921,102368.08289648738
2014-09-08 17:00:00,101307.136,103105.62637273296,101845.8125930915
2014-09-08 18:00:00,99606.38,101999.4627928845,100385.85979445811
2014-09-08 19:00:00,99062.083,100010.30454353547,97981.58063236847
2014-09-08 20:00:00,100004.424,99194.71571954837,97904.55873808931
2014-09-08 21:00:00,95585.666,97788.05541250411,96527.59404715609
2014-09-08 22:00:00,88451.281,91939.25449694155,88396.54570984427
2014-09-08 23:00:00,80765.042,84041.50942129779,80063.74187436808
2014-09-09 00:00:00,75095.764,79284.37764808675,74337.31947082469
2014-09-09 01:00:00,71338.104,73918.79264212043,71007.00231266094
2014-09-09 02:00:00,69129.07,70420.21093267007,68700.31710321011
2014-09-09 03:00:00,68237.746,68421.9594074011,67647.7907151119
2014-09-09 04:00:00,68952.273,68001.93407202797,68643.56197460408
2014-09-09 05:00:00,73372.868,69899.87250020262,71943.86808544301
2014-09-09 06:00:00,81913.557,75723.99940331437,80034.37378137112
2014-09-09 07:00:00,87101.499,83279.97493408254,87678.26445789558
2014-09-09 08:00:00,89638.897,88035.43341660754,90903.0128494938
2014-09-09 09:00:00,92277.134,91116.29711473157,93406.57697090223
2014-09-09 10:00:00,95231.698,94457.50224171663,96215.6613354614
2014-09-09 11:00:00,97433.528,98064.58784362384,97771.36452067143
2014-09-09 12:00:00,99765.27,100727.59261170174,100130.8840424313
2014-09-09 13:00:00,102080.146,103325.60951245784,101541.92444309521
2014-09-09 14:00:00,104000.996,105515.68495320811,102980.460085826
2014-09-09 15:00:00,105214.64,107039.97536954857,105329.05737178853
2014-09-09 16:00:00,105998.582,107997.01607286485,106798.2868020677
2014-09-09 17:00:00,105840.184,108276.72961052542,106108.75878773055
2014-09-09 18:00:00,103949.995,107123.33414882948,104215.63208282017
2014-09-09 19:00:00,103824.899,105002.43653097538,101546.67134223643
2014-09-09 20:00:00,104635.039,104401.79659632109,101943.4478457461
2014-09-09 21:00:00,100048.973,102887.16390205588,100994.94530126017
2014-09-09 22:00:00,92078.524,96698.10194709364,92786.6880130934
2014-09-09 23:00:00,84386.607,87963.78313163403,83457.65121751123
2014-09-10 00:00:00,78014.149,82941.93881578851,77855.40133082589
2014-09-10 01:00:00,74124.069,76867.016470752,73888.86899488232
2014-09-10 02:00:00,71345.09,73075.02876409178,70842.45721293261
2014-09-10 03:00:00,70348.656,70543.54693016772,69556.19802733918
2014-09-10 04:00:00,71005.608,69847.56720242482,70317.87768639349
2014-09-10 05:00:00,75168.61,71578.62215181107,74428.32066684266
2014-09-10 06:00:00,83814.533,77139.68090511262,82044.56577294525
2014-09-10 07:00:00,89235.702,84720.0445288137,89922.53244793478
2014-09-10 08:00:00,92522.278,89415.05400925584,94253.42161316168
2014-09-10 09:00:00,95837.084,92855.51093252294,96860.41978021654
2014-09-10 10:00:00,99421.131,96522.73082003547,99969.5531477939
2014-09-10 11:00:00,102193.993,100293.05501554915,102851.58068216674
2014-09-10 12:00:00,105183.868,103286.0392817756,104618.35034051878
2014-09-10 13:00:00,107735.761,106331.00661060735,108376.7075729198
2014-09-10 14:00:00,109157.248,108916.3158927742,110131.05828161757
2014-09-10 15:00:00,110428.837,110478.53251023244,110061.82007603568
2014-09-10 16:00:00,111493.17,111644.1675824132,111097.67893065378
2014-09-10 17:00:00,111292.029,112173.65505689822,111554.57388638267
2014-09-10 18:00:00,109135.907,111123.17324120781,108851.3274449693
2014-09-10 19:00:00,108246.977,108943.82719531267,105800.10468957527
2014-09-10 20:00:00,107864.802,108041.76463215164,106363.31639759325
2014-09-10 21:00:00,102471.029,105798.64391612553,104468.74975680007
2014-09-10 22:00:00,94324.7,98849.70714519676,94582.43369824847
2014-09-10 23:00:00,86302.539,89904.89860921043,85431.74753717658
2014-09-11 00:00:00,80114.878,84412.2000820091,79841.38312401311
2014-09-11 01:00:00,75839.377,78227.63009304786,75843.9729043044
2014-09-11 02:00:00,73459.063,73774.93419493551,72693.56579769358
2014-09-11 03:00:00,72108.797,71393.9258828261,71400.05305523903
2014-09-11 04:00:00,72693.719,70546.84114878155,72153.16307720043
2014-09-11 05:00:00,76771.613,72289.17568443622,76746.10554651996
2014-09-11 06:00:00,85204.399,77996.93970997048,83646.12042025532
2014-09-11 07:00:00,90590.15,85606.0317699157,91850.25809397608
2014-09-11 08:00:00,92940.78,90486.59938492348,94256.17189214255
2014-09-11 09:00:00,95769.061,93369.59016018716,95173.8310834957
2014-09-11 10:00:00,98033.094,96763.91597089288,97462.71676587182
2014-09-11 11:00:00,99740.968,99434.78379881293,98746.56897769039
2014-09-11 12:00:00,101011.006,101730.03932570538,99887.33507821338
2014-09-11 13:00:00,103503.67,103529.11061159792,101605.2400953566
2014-09-11 14:00:00,107246.11,105796.42575686098,103077.04686963577
2014-09-11 15:00:00,108182.999,108807.5202391402,106259.10091885868
2014-09-11 16:00:00,108879.841,109815.51556835999,107907.36751226429
2014-09-11 17:00:00,108364.959,110163.0993527523,108393.57803037348
2014-09-11 18:00:00,106379.53,108917.7753396319,106446.45136331224
2014-09-11 19:00:00,106045.167,106844.42194462456,103969.46987251389
2014-09-11 20:00:00,106094.546,106353.34088232325,103727.28011807922
2014-09-11 21:00:00,100864.863,104381.70929945522,102542.89959991604
2014-09-11 22:00:00,93018.622,97713.4917356309,94243.36508202269
2014-09-11 23:00:00,84494.947,89230.6664130399,85324.02622586858
2014-09-12 00:00:00,77725.406,83605.67480838607,78294.80391555623
2014-09-12 01:00:00,73201.948,77223.93846490933,74028.91195404873
2014-09-12 02:00:00,70441.041,73008.70800576799,70618.31525981288
2014-09-12 03:00:00,68705.613,70460.54176927831,68994.46972322016
2014-09-12 04:00:00,68902.955,69270.08478391735,68826.87044165941
2014-09-12 05:00:00,72596.775,70684.97728121822,71874.04328818846
2014-09-12 06:00:00,80179.264,76079.86489016796,78594.9819183395
2014-09-12 07:00:00,84471.841,83080.27685171844,85692.48215641365
2014-09-12 08:00:00,86490.837,87027.95733177647,88287.71779556376
2014-09-12 09:00:00,88705.246,89587.95232752754,89672.76717344315
2014-09-12 10:00:00,90345.685,92221.53545677665,91210.80566479519
2014-09-12 11:00:00,91469.321,94302.35685104191,90987.43536884013
2014-09-12 12:00:00,92191.571,95876.20731843138,91716.98630114032
2014-09-12 13:00:00,93159.806,97332.36771710539,92597.48114222441
2014-09-12 14:00:00,93701.463,99054.57883826774,93359.0176976374
2014-09-12 15:00:00,93739.905,99674.91876312687,93772.39034070987
2014-09-12 16:00:00,93963.181,99664.21054165218,93550.38266329105
2014-09-12 17:00:00,92866.347,99350.49493958252,94201.30725387842
2014-09-12 18:00:00,90231.515,97488.61355999188,92320.00832802622
2014-09-12 19:00:00,89490.189,94900.1329753055,89582.195572527
2014-09-12 20:00:00,89723.896,94019.5480297955,88642.77838225417
2014-09-12 21:00:00,86011.145,92214.56734452482,87577.87722557833
2014-09-12 22:00:00,80777.094,86824.18374774653,82390.43687564188
2014-09-12 23:00:00,74867.228,80103.3696838646,75317.33648324638
2014-09-13 00:00:00,69462.507,76912.88536057078,70148.70709737772
2014-09-13 01:00:00,66205.998,71354.39333559689,66271.95580996912
2014-09-13 02:00:00,64337.141,67887.85216644783,64182.3088904067
2014-09-13 03:00:00,63005.608,65749.37988874418,62886.219830619135
2014-09-13 04:00:00,62928.055,64627.65657232031,62719.38195235674
2014-09-13 05:00:00,64194.686,65341.084046229575,63302.39556221322
2014-09-13 06:00:00,66913.259,68062.15372469989,66227.11806337978
2014-09-13 07:00:00,69807.705,71095.84978921725,69578.96873353882
2014-09-13 08:00:00,73678.088,74148.84420898795,73247.78292152243
2014-09-13 09:00:00,77340.976,77989.38657737951,76662.66097131556
2014-09-13 10:00:00,79769.979,81478.06250105679,79071.71077010094
2014-09-13 11:00:00,80915.61,83868.86703623332,80326.63281726807
2014-09-13 12:00:00,81141.802,85129.0555072954,80796.4078217207
2014-09-13 13:00:00,80780.112,85665.70588375273,81002.54736893011
2014-09-13 14:00:00,80367.082,85469.50875182035,80306.34528646685
2014-09-13 15:00:00,79763.11,84971.1381889933,80064.66846204993
2014-09-13 16:00:00,79688.879,84285.7294799729,80365.88214510487
2014-09-13 17:00:00,79606.016,83521.46115934194,80413.28740829937
2014-09-13 18:00:00,78992.233,82366.75899703546,79962.8163551299
2014-09-13 19:00:00,79816.033,81369.58207568456,79549.45629606406
2014-09-13 20:00:00,81205.056,81754.17894388406,79872.3765155361
2014-09-13 21:00:00,78670.137,81343.55136099366,78916.92172031834
2014-09-13 22:00:00,74304.241,77570.13400804767,74521.12550797663
2014-09-13 23:00:00,69421.451,72382.76223685606,69830.76303633318
2014-09-14 00:00:00,65006.078,69666.79899836499,65263.36555782579
2014-09-14 01:00:00,62096.742,65219.25929662691,61901.779554510125
2014-09-14 02:00:00,60090.733,62296.17139089942,60152.66942033732
2014-09-14 03:00:00,59030.775,60223.370430796436,59144.46008836242
2014-09-14 04:00:00,58650.09,59178.58621222093,58786.467668033234
2014-09-14 05:00:00,59242.902,59077.823589155945,59504.68337488028
2014-09-14 06:00:00,60784.728,60051.083456444816,60228.16907109991
2014-09-14 07:00:00,62452.859,61783.37036052195,63221.38025556899
2014-09-14 08:00:00,66067.33,64151.312885214385,65563.51165380336
2014-09-14 09:00:00,69220.92,67778.95779473626,69127.60394462902
2014-09-14 10:00:00,71103.785,70632.30485758634,70746.39117299614
2014-09-14 11:00:00,72252.033,72339.56382107866,71512.13651705155
2014-09-14 12:00:00,73133.067,73341.88003393063,72451.26086517287
2014-09-14 13:00:00,73657.057,73947.86746680489,73048.04070137118
2014-09-14 14:00:00,74106.646,74254.4814160804,74109.15852793213
2014-09-14 15:00:00,74771.002,74459.15506110498,74515.49408619221
2014-09-14 16:00:00,75888.559,74952.43064776994,76075.71256932724
2014-09-14 17:00:00,77178.188,75648.3077051709,77286.19333987973
2014-09-14 18:00:00,77214.297,76139.96584776368,78273.9525364123
2014-09-14 19:00:00,79352.42,76153.77680353078,78647.19538488373
2014-09-14 20:00:00,81867.791,78001.53858375137,79699.86752170685
2014-09-14 21:00:00,78541.439,78664.7200268954,79847.63807673134
2014-09-14 22:00:00,73763.253,74550.12204518786,74040.74898515095
2014-09-14 23:00:00,68459.141,69302.78942229257,68719.38819039708
2014-09-15 00:00:00,64209.748,69266.92657589755,64182.86484450514
2014-09-15 01:00:00,61889.733,65153.59618311088,61762.746896860706
2014-09-15 02:00:00,60843.966,62756.30294337217,60475.27849396252
2014-09-15 03:00:00,60675.102,61653.39408007056,59705.34217535995
2014-09-15 04:00:00,61949.167,61461.7745113409,60988.363471270466
2014-09-15 05:00:00,66436.543,62853.03627400815,66548.50617051037
2014-09-15 06:00:00,74711.518,67123.0978901699,74035.82725528718
2014-09-15 07:00:00,79561.482,73677.63045322213,80654.1929350199
2014-09-15 08:00:00,82001.209,77990.56170228019,81946.30249817947
2014-09-15 09:00:00,83965.374,80603.42085617491,83976.03707487532
2014-09-15 10:00:00,86029.209,82515.34852797734,85582.01905574746
2014-09-15 11:00:00,87398.091,84228.83805170725,86787.65881839275
2014-09-15 12:00:00,88135.152,85404.10351778204,87905.22743541133
2014-09-15 13:00:00,89048.676,86071.28665110092,88323.97185684627
2014-09-15 14:00:00,89334.837,86780.8978620009,89041.03801278399
2014-09-15 15:00:00,89369.14,87079.79343580561,89533.25474781598
2014-09-15 16:00:00,89595.583,87347.44797558521,89543.79889896898
2014-09-15 17:00:00,89449.097,87707.22153548629,89509.90872201278
2014-09-15 18:00:00,88577.663,87394.63864163111,89175.89604254489
2014-09-15 19:00:00,90585.411,87126.77007037334,88571.18202075038
2014-09-15 20:00:00,91073.325,89116.62669670896,89731.45597300629
2014-09-15 21:00:00,86523.816,88093.55373633781,86701.80133551641
2014-09-15 22:00:00,80026.072,82928.27179537308,80020.85618056224
2014-09-15 23:00:00,73826.625,76232.90556660357,72931.03260194373
2014-09-16 00:00:00,68937.49,72959.48353426908,68523.24921923796
2014-09-16 01:00:00,65853.292,68493.34258732572,65512.28855001074
2014-09-16 02:00:00,64291.712,65735.09285699303,64338.15383747779
2014-09-16 03:00:00,63665.026,64391.77480606153,63487.018414640144
2014-09-16 04:00:00,64489.646,64199.13958525431,64561.33742456018
2014-09-16 05:00:00,68799.629,66177.21561767411,68585.54123373414
2014-09-16 06:00:00,77434.397,71939.87322232954,76566.84863500841
2014-09-16 07:00:00,82366.123,79520.41069660115,82464.25811313413
2014-09-16 08:00:00,84487.898,83673.34063443821,84025.08532993273
2014-09-16 09:00:00,86513.12,85737.3424727461,85257.45828849143
2014-09-16 10:00:00,88468.907,87781.9081719474,87463.14937359453
2014-09-16 11:00:00,89736.752,89504.5695468255,89111.96977277307
2014-09-16 12:00:00,90271.551,90649.46948369262,89660.72321986298
2014-09-16 13:00:00,90782.071,91330.65022538112,90636.6287519808
2014-09-16 14:00:00,91133.479,91814.49840641924,90819.59457922484
2014-09-16 15:00:00,91335.559,92053.97634010653,91231.81823566696
2014-09-16 16:00:00,91264.055,92185.32934907642,91772.57618870563
2014-09-16 17:00:00,90776.405,91939.72840569612,91676.5658918438
2014-09-16 18:00:00,89379.828,91106.4381811106,90380.40327177128
2014-09-16 19:00:00,90311.723,90494.54287405159,89910.61369940703
2014-09-16 20:00:00,91442.556,91304.47359748204,89998.87494587625
2014-09-16 21:00:00,86713.077,90479.50992121661,88170.91656509088
2014-09-16 22:00:00,79889.969,84729.4310821718,80284.88190969187
2014-09-16 23:00:00,73157.001,77636.07485915314,73114.05499700837
2014-09-17 00:00:00,68415.362,73784.22791892992,68236.41249965828
2014-09-17 01:00:00,65411.361,69254.69199910242,65609.33181457152
2014-09-17 02:00:00,63967.918,66442.23936052246,63876.55407365225
2014-09-17 03:00:00,63014.429,65072.00311933567,63418.94134985888
2014-09-17 04:00:00,63944.319,64567.81088691346,63972.267703919024
2014-09-17 05:00:00,68167.907,66556.10678272185,68395.93750318966
2014-09-17 06:00:00,76497.11,72322.96920310947,76992.08022765067
2014-09-17 07:00:00,80828.942,79726.33493482546,82145.56179492763
2014-09-17 08:00:00,82744.044,83436.91474322486,83330.50967070404
2014-09-17 09:00:00,84264.691,85326.34544231999,84356.3127070047
2014-09-17 10:00:00,86294.98,86967.69439782505,85841.35826367904
2014-09-17 11:00:00,87453.995,88704.52785914658,87675.68770780881
2014-09-17 12:00:00,88203.965,89769.02826374279,88762.64364028507
2014-09-17 13:00:00,89246.534,90520.09572162018,89304.59595631815
2014-09-17 14:00:00,89826.005,91322.7794847136,89790.79742578298
2014-09-17 15:00:00,90213.467,91862.85135808119,90410.55702135134
2014-09-17 16:00:00,90494.794,92214.733618566,90450.53574075636
2014-09-17 17:00:00,90381.37,92230.73852646809,90337.75334554598
2014-09-17 18:00:00,88986.959,91283.1381702554,89881.86737005734
2014-09-17 19:00:00,89931.32,90292.65990547843,89588.99878461624
2014-09-17 20:00:00,90925.623,91132.54218879236,89720.60546534331
2014-09-17 21:00:00,86663.625,90096.60145131696,87270.36412248829
2014-09-17 22:00:00,79908.203,84582.20648166136,80298.6423698848
2014-09-17 23:00:00,73305.132,77379.57324868353,73052.29159671748
2014-09-18 00:00:00,68256.58,73663.81797023446,68771.66252854715
2014-09-18 01:00:00,65279.427,68889.93651309345,65380.913962122846
2014-09-18 02:00:00,63389.858,66107.21702380644,63936.11129409743
2014-09-18 03:00:00,62890.552,64312.08094630508,62633.06716152601
2014-09-18 04:00:00,63925.87,64121.23443557471,63888.885184404135
2014-09-18 05:00:00,68224.45,66149.91447845529,68577.55896493162
2014-09-18 06:00:00,76626.97,71963.04490486509,77006.20475311312
2014-09-18 07:00:00,81096.359,79294.91358992082,81525.34566705099
2014-09-18 08:00:00,83175.3,82955.41994189037,83223.69813557451
2014-09-18 09:00:00,85012.447,84725.45155914439,84297.66887317288
2014-09-18 10:00:00,87230.673,86455.18936531525,86613.30199492819
2014-09-18 11:00:00,88841.714,88190.53639986801,88922.77550508955
2014-09-18 12:00:00,89875.779,89438.41133873939,90108.56533620434
2014-09-18 13:00:00,91032.186,90759.74632319219,90602.48298724304
2014-09-18 14:00:00,91617.083,92152.51886660329,91413.13348769477
2014-09-18 15:00:00,91622.015,92705.80430594619,92078.94197743588
2014-09-18 16:00:00,91906.048,92750.31067731274,91685.55584537957
2014-09-18 17:00:00,91260.878,92715.87818340535,91564.0287592698
2014-09-18 18:00:00,89432.184,91290.44178892257,91096.5357366094
2014-09-18 19:00:00,90545.908,89960.31434904621,89873.96062560737
2014-09-18 20:00:00,91958.084,90937.37227344773,90130.66579165822
2014-09-18 21:00:00,87414.881,90293.51023317903,88206.28780098283
2014-09-18 22:00:00,80852.364,84621.65732447483,80725.24027869261
2014-09-18 23:00:00,73979.698,77523.76957627582,73569.05730219488
2014-09-19 00:00:00,69011.728,73484.05074815055,69040.53195744636
2014-09-19 01:00:00,65644.148,68741.90869830434,65674.6308541149
2014-09-19 02:00:00,63859.654,65550.46529337412,64353.870806415114
2014-09-19 03:00:00,63201.338,63888.50100924535,63298.66912445712
2014-09-19 04:00:00,64088.486,63587.01619672262,64158.756952131655
2014-09-19 05:00:00,68185.54,65637.14599764845,68493.79515134919
2014-09-19 06:00:00,75971.934,71145.50292008498,76566.41249652235
2014-09-19 07:00:00,80529.897,77954.108734285,81226.39761973968
2014-09-19 08:00:00,82345.591,81685.57079374517,83097.91858819542
2014-09-19 09:00:00,84193.12,83256.35245652817,83881.48995434976
2014-09-19 10:00:00,86055.579,84977.43797569175,85632.01211464978
2014-09-19 11:00:00,87288.377,86483.433153569,87379.88262874183
2014-09-19 12:00:00,88227.153,87441.3058241187,88076.67007521325
2014-09-19 13:00:00,89553.272,88597.03375668607,88900.8395667213
2014-09-19 14:00:00,89788.029,89784.40757694822,89639.57732152611
2014-09-19 15:00:00,89934.132,89990.11526013515,89571.89591026519
2014-09-19 16:00:00,89833.442,90170.92181957632,89717.41909229332
2014-09-19 17:00:00,88679.154,89741.87733702196,89670.3123566653
2014-09-19 18:00:00,86756.864,87889.61104051859,88516.54938359493
2014-09-19 19:00:00,86912.728,86292.53119253578,87517.69178853484
2014-09-19 20:00:00,87108.199,86337.41717914895,86907.37437463221
2014-09-19 21:00:00,83876.329,84919.61780702266,84180.0919409523
2014-09-19 22:00:00,78763.458,80477.0609127991,78288.23394929308
2014-09-19 23:00:00,72712.978,74557.06645888145,72262.6200414246
2014-09-20 00:00:00,67733.814,71965.02516889082,67480.09354201486
2014-09-20 01:00:00,64469.517,67220.07270856261,64307.528668960236
2014-09-20 02:00:00,62480.453,64181.807759179625,62383.47141541722
2014-09-20 03:00:00,61368.295,62350.24323971289,60994.3838473182
2014-09-20 04:00:00,61363.504,61632.53001286824,61269.33137330619
2014-09-20 05:00:00,62335.611,62567.791495939215,62687.07248814302
2014-09-20 06:00:00,65282.663,65181.552221185164,65017.03299246583
2014-09-20 07:00:00,67832.892,68460.16816069711,68424.33489631506
2014-09-20 08:00:00,71970.288,70912.42952272882,71879.39332831954
2014-09-20 09:00:00,76211.834,74407.80366638178,75930.53489691962
2014-09-20 10:00:00,79475.853,77869.22862709823,79132.91618927223
2014-09-20 11:00:00,81526.096,81223.96683683131,82342.60353753765
2014-09-20 12:00:00,83336.746,83130.99849460964,83208.58805007405
2014-09-20 13:00:00,84481.634,84888.20040231051,84954.93369818792
2014-09-20 14:00:00,85863.327,85757.82822354017,85327.3541888611
2014-09-20 15:00:00,86892.523,86655.2615811111,86688.35361351496
2014-09-20 16:00:00,87849.09,87278.55967745717,87445.84762004748
2014-09-20 17:00:00,87986.194,87502.82029398631,87386.99297289566
2014-09-20 18:00:00,86643.135,86544.21514063721,86805.18600640839
2014-09-20 19:00:00,87455.867,85308.42590459503,86282.19000984443
2014-09-20 20:00:00,87812.336,85526.09405803666,86794.37853075669
2014-09-20 21:00:00,84664.017,84411.86058549632,84513.27259020468
2014-09-20 22:00:00,80088.499,80272.79136002698,79132.51314970084
2014-09-20 23:00:00,74781.659,74903.13983886728,73645.70644447985
2014-09-21 00:00:00,70084.179,72169.66007321229,69421.53726216078
2014-09-21 01:00:00,66411.609,67655.0373857718,66045.68412500613
2014-09-21 02:00:00,64195.559,64229.56116251655,64103.92543881481
2014-09-21 03:00:00,62726.511,62176.407397251955,61860.40649301504
2014-09-21 04:00:00,62004.471,60947.03777180531,61697.76074077632
2014-09-21 05:00:00,62598.395,60532.75084543296,62434.877840681016
2014-09-21 06:00:00,64114.393,61556.96957006088,63727.93585472718
2014-09-21 07:00:00,65852.211,63109.82213055584,66554.5872992833
2014-09-21 08:00:00,69615.043,65496.35824618595,69997.49471317402
2014-09-21 09:00:00,74242.824,69303.58311434553,73597.0081633675
2014-09-21 10:00:00,77814.61,73337.5344239373,77917.58534070505
2014-09-21 11:00:00,80644.094,76465.81281010734,79999.75818384059
2014-09-21 12:00:00,83001.149,78918.19589689259,82189.43156636487
2014-09-21 13:00:00,85112.081,80779.71740056144,83457.30320561913
2014-09-21 14:00:00,86649.566,82475.16895993547,85491.61059396682
2014-09-21 15:00:00,88212.059,83610.11748212573,87335.81535895815
2014-09-21 16:00:00,89593.953,84776.2886437446,88775.06152209041
2014-09-21 17:00:00,90092.074,85562.07432504557,89586.6295105034
2014-09-21 18:00:00,89184.805,85592.24852998136,89801.46218984928
2014-09-21 19:00:00,90676.474,85318.19949152604,89095.98071520141
2014-09-21 20:00:00,91093.249,86641.989338715,89108.83618049315
2014-09-21 21:00:00,86762.507,85749.08248164447,86961.3886543091
2014-09-21 22:00:00,80556.863,81070.0973834644,80895.87987898373
2014-09-21 23:00:00,74210.646,74865.53624054429,74404.04251583302
2014-09-22 00:00:00,69252.249,74153.5333972376,70020.86400141558
2014-09-22 01:00:00,66207.729,69499.34596576658,66463.84915213038
2014-09-22 02:00:00,64111.132,66658.91980735083,65185.25846108301
2014-09-22 03:00:00,63252.772,64728.08366742311,63648.12303033022
2014-09-22 04:00:00,64315.94,63998.75875498718,64772.38736889741
2014-09-22 05:00:00,68605.935,65470.862252480656,69418.13317570588
2014-09-22 06:00:00,76538.14,69636.46490657958,76787.57179419023
2014-09-22 07:00:00,81435.889,75992.47566584792,81632.77279923028
2014-09-22 08:00:00,83602.2,80436.64456174146,83887.81421804942
2014-09-22 09:00:00,85642.969,83049.72858134695,84820.00029588555
2014-09-22 10:00:00,87467.71,85178.4355696943,86342.30411529871
2014-09-22 11:00:00,88486.034,87068.21570315349,87747.16459218941
2014-09-22 12:00:00,89090.059,88239.65340084366,88213.56980351842
2014-09-22 13:00:00,89687.477,89076.64268116666,89126.2163492536
2014-09-22 14:00:00,89683.395,89706.61820621551,89322.33854677888
2014-09-22 15:00:00,89544.262,89900.73326279997,89467.70408856598
2014-09-22 16:00:00,89707.193,89980.8466581112,89749.09392384691
2014-09-22 17:00:00,89198.635,90037.6155953649,89766.61237750565
2014-09-22 18:00:00,87976.594,89303.70285545761,89460.51506649918
2014-09-22 19:00:00,89407.22,88942.65838576062,89078.50362524316
2014-09-22 20:00:00,89676.939,90046.53527832669,89499.07711317063
2014-09-22 21:00:00,84919.395,88672.90033757413,86165.84333179315
2014-09-22 22:00:00,78464.785,83133.009462709,78728.4003299422
2014-09-22 23:00:00,72667.648,76476.7228373802,71953.4409815277
2014-09-23 00:00:00,68110.594,73419.50084174922,67842.06199310107
2014-09-23 01:00:00,65306.449,69081.98052834488,65507.30781064208
2014-09-23 02:00:00,63739.415,66371.45126768376,64069.51476819467
2014-09-23 03:00:00,63126.592,64893.556309165026,63601.53516091225
2014-09-23 04:00:00,64291.248,64694.08761782999,64433.81355192164
2014-09-23 05:00:00,68299.974,66852.67990257987,69313.5748328812
2014-09-23 06:00:00,76462.703,72295.92276237695,77512.99472926605
2014-09-23 07:00:00,80838.721,79528.19600398724,81831.77208715705
2014-09-23 08:00:00,81981.445,83162.66971400008,83146.59448931576
2014-09-23 09:00:00,83403.346,84353.85485652435,83919.34839105389
2014-09-23 10:00:00,84563.606,85637.81460439386,85076.63883454434
2014-09-23 11:00:00,85345.296,86487.78285052543,86075.81530238138
2014-09-23 12:00:00,86025.686,87050.2977695195,86398.58605375786
2014-09-23 13:00:00,86842.443,87582.17875541959,87141.74205505042
2014-09-23 14:00:00,87354.344,88315.3780269615,87322.11770214004
2014-09-23 15:00:00,87546.689,88719.99775918262,87823.92568378645
2014-09-23 16:00:00,87801.25,88908.6467817468,88021.37938913399
2014-09-23 17:00:00,87728.724,88866.81654867213,88087.74338446255
2014-09-23 18:00:00,87206.213,88001.41350907118,88069.59391356568
2014-09-23 19:00:00,89254.647,87599.83815888528,87860.20852589856
2014-09-23 20:00:00,89482.576,88999.85222259516,88685.06878097706
2014-09-23 21:00:00,84958.31,87467.0291137163,85924.02248461083
2014-09-23 22:00:00,78426.197,81991.46993658217,78658.71467623612
2014-09-23 23:00:00,71977.298,75281.40343141546,71717.69834396725
2014-09-24 00:00:00,67358.586,71856.19489026652,66978.91428515434
2014-09-24 01:00:00,64476.801,67554.87722021932,64613.58636441284
2014-09-24 02:00:00,62996.46,64910.27164396249,63105.38754700702
2014-09-24 03:00:00,62533.615,63511.950510173134,62504.23465246736
2014-09-24 04:00:00,63451.929,63451.240455336156,63691.28497247584
2014-09-24 05:00:00,67802.92,65364.913064676104,67824.4325172114
2014-09-24 06:00:00,76236.118,71079.71962114831,77170.07585589921
2014-09-24 07:00:00,81033.79,78418.63876505723,81518.36037697512
2014-09-24 08:00:00,82468.508,81980.98205208179,82643.16778921767
2014-09-24 09:00:00,83930.153,83208.51123145032,83904.49501440085
2014-09-24 10:00:00,85699.581,84425.06168438042,85252.77228614336
2014-09-24 11:00:00,86856.975,85705.2994845552,87307.4668725459
2014-09-24 12:00:00,87583.626,87118.79653107654,88140.46180919909
2014-09-24 13:00:00,88540.353,88229.14277934961,88974.89054468294
2014-09-24 14:00:00,88783.949,89168.4161813459,89025.3494739444
2014-09-24 15:00:00,88708.431,89460.35479406705,89595.79584947086
2014-09-24 16:00:00,89035.71,89457.00955025556,89181.80603817501
2014-09-24 17:00:00,88841.379,89565.25230582245,88669.19734570145
2014-09-24 18:00:00,88559.479,88670.19596163867,88688.96985504025
2014-09-24 19:00:00,90207.22,88549.26732915326,88841.50424609978
2014-09-24 20:00:00,90146.922,88960.43145406494,89679.99258405625
2014-09-24 21:00:00,85920.937,87310.49564835554,86295.27894788625
2014-09-24 22:00:00,79546.072,82040.97479607063,79204.20519509865
2014-09-24 23:00:00,73591.469,75306.54772137813,72564.76279394656
2014-09-25 00:00:00,68550.998,72198.40304509217,68209.80370519907
2014-09-25 01:00:00,65650.498,67606.59551984354,65047.60051168513
2014-09-25 02:00:00,64153.039,64929.00095673487,64243.52726060232
2014-09-25 03:00:00,63443.125,63619.16632723001,63309.96587883814
2014-09-25 04:00:00,64281.831,63341.18301933487,64249.41356939438
2014-09-25 05:00:00,68600.504,65305.04882545334,68451.6444900539
2014-09-25 06:00:00,76928.579,71088.91653562497,77337.38208382885
2014-09-25 07:00:00,81903.903,78375.20681109664,82019.69831597865
2014-09-25 08:00:00,83908.775,82267.00208150627,84160.56182454046
2014-09-25 09:00:00,85808.025,83972.61205377235,85262.70584007654
2014-09-25 10:00:00,87624.032,85693.73653371686,87372.7760693846
2014-09-25 11:00:00,88439.687,87287.6904761476,89511.93761263428
2014-09-25 12:00:00,89249.853,88574.83997360103,90105.97290184624
2014-09-25 13:00:00,90351.686,89737.10405939283,90234.92587721495
2014-09-25 14:00:00,90714.179,90721.63846472901,90889.02645126428
2014-09-25 15:00:00,90622.681,90973.47205922713,91207.66605764633
2014-09-25 16:00:00,90608.645,90965.46001067657,90678.85952954112
2014-09-25 17:00:00,90382.942,90688.0969259999,89963.5002410643
2014-09-25 18:00:00,90033.219,89784.96537402023,89565.53243552383
2014-09-25 19:00:00,91575.512,89522.77944331165,90700.73852567225
2014-09-25 20:00:00,91798.479,89845.30476239054,90835.266971208
2014-09-25 21:00:00,87195.167,88356.21593180066,87867.28082318144
2014-09-25 22:00:00,80627.794,82885.72446890327,80296.85588378513
2014-09-25 23:00:00,74503.371,76117.30093221001,73385.36439714697
2014-09-26 00:00:00,69062.111,72805.22265471343,69138.56648659577
2014-09-26 01:00:00,66033.387,67877.73468121422,65822.34323762852
2014-09-26 02:00:00,64223.991,65113.50307415787,64134.47660500599
2014-09-26 03:00:00,63357.716,63505.942800354955,63490.95163676071
2014-09-26 04:00:00,63944.093,63078.232322086114,64173.700365483244
2014-09-26 05:00:00,67830.57,64822.034272204226,67798.25227491307
2014-09-26 06:00:00,76043.91,70200.4774290378,76202.83665451477
2014-09-26 07:00:00,80441.662,77433.26134092077,81021.66801358553
2014-09-26 08:00:00,82543.197,81009.3462671462,83127.50401953413
2014-09-26 09:00:00,84903.986,82870.21208672093,84584.96922590797
2014-09-26 10:00:00,87306.649,84879.82366401723,86478.32799306621
2014-09-26 11:00:00,88994.949,87064.30871139362,89340.56171393534
2014-09-26 12:00:00,90215.57,88871.8709712773,90637.00485228078
2014-09-26 13:00:00,91563.073,90439.88185739293,91662.66179943949
2014-09-26 14:00:00,92716.933,91632.10028892934,92189.71650234523
2014-09-26 15:00:00,93528.88,92450.62210443878,93215.66650473395
2014-09-26 16:00:00,93981.665,92967.99062586689,93614.0127994902
2014-09-26 17:00:00,93194.782,92993.96330720576,93820.70446906763
2014-09-26 18:00:00,90468.019,91596.62507029703,91858.42222227117
2014-09-26 19:00:00,90165.312,89475.6537941207,89993.71261963208
2014-09-26 20:00:00,89196.386,88435.50949553231,89324.04568166264
2014-09-26 21:00:00,85181.41,85902.24258616127,86224.80847838146
2014-09-26 22:00:00,79624.975,80951.63507773264,78896.71377484739
2014-09-26 23:00:00,73457.828,74926.29954804841,72890.3209701504
2014-09-27 00:00:00,68237.571,72218.89424245997,68078.31925083815
2014-09-27 01:00:00,64605.332,67425.35680029183,64756.908089231874
2014-09-27 02:00:00,62320.549,64160.56852027444,62566.9280613088
2014-09-27 03:00:00,60927.602,62139.322136308954,60894.07159471813
2014-09-27 04:00:00,60684.937,61187.90194673101,60739.449765215366
2014-09-27 05:00:00,61720.536,61908.28076442688,62127.93068287763
2014-09-27 06:00:00,64334.949,64719.43536445822,64003.087352334
2014-09-27 07:00:00,66911.831,67693.27465704366,67439.42319399127
2014-09-27 08:00:00,70676.79,70270.66192490561,70750.3321468056
2014-09-27 09:00:00,74844.335,73655.7606554677,74275.24988206681
2014-09-27 10:00:00,78005.31,77182.47655429938,77964.6314296929
2014-09-27 11:00:00,80067.991,80387.3625591144,80390.70509578018
2014-09-27 12:00:00,81616.705,82606.0840827894,81622.64237804941
2014-09-27 13:00:00,82931.412,84472.25726165708,83028.89804748123
2014-09-27 14:00:00,84507.366,85760.99943161962,83692.89724819663
2014-09-27 15:00:00,86062.433,87129.64158920372,85493.20009491555
2014-09-27 16:00:00,87254.996,88322.61629979943,86479.13738579358
2014-09-27 17:00:00,87496.341,88823.41257489592,87087.88089121006
2014-09-27 18:00:00,85688.065,87625.87738037534,86896.6271374187
2014-09-27 19:00:00,86171.287,85844.6163954396,85961.21160431023
2014-09-27 20:00:00,85211.953,85173.86404529458,85866.604244761
2014-09-27 21:00:00,81506.679,82863.85728879843,82319.34780427846
2014-09-27 22:00:00,76370.811,78420.36572865753,75761.41050110146
2014-09-27 23:00:00,71056.409,72762.36924369207,70756.21876015002
2014-09-28 00:00:00,66135.088,69999.93557374962,66402.97383320317
2014-09-28 01:00:00,62735.138,65236.20911315235,62905.13230596957
2014-09-28 02:00:00,60696.903,61985.97261914378,60899.20872938202
2014-09-28 03:00:00,59465.673,59972.56988200382,59549.977673468245
2014-09-28 04:00:00,58938.553,58872.046085485745,59151.780232252575
2014-09-28 05:00:00,59387.659,58700.911722215904,59345.69760388122
2014-09-28 06:00:00,60850.589,59662.08579625165,61285.54723421257
2014-09-28 07:00:00,62745.957,61346.022071319865,63116.35889194323
2014-09-28 08:00:00,66451.45,63810.22507340489,66145.25520217199
2014-09-28 09:00:00,70732.133,67636.47482929466,70486.9290789148
2014-09-28 10:00:00,74117.81,71476.54778216415,73025.44192531954
2014-09-28 11:00:00,77095.983,75022.45562225993,76801.28368674376
2014-09-28 12:00:00,79845.557,78078.00390111544,78995.8910508407
2014-09-28 13:00:00,82181.681,80786.55862119724,81306.3456959935
2014-09-28 14:00:00,84164.347,83008.7451342573,83052.3511362559
2014-09-28 15:00:00,85919.88,84909.66418586705,85219.29745108359
2014-09-28 16:00:00,87340.507,86458.63756439101,86966.03933300167
2014-09-28 17:00:00,87942.299,87421.47093256841,87735.35443677435
2014-09-28 18:00:00,87632.26,86913.11568283699,87360.80504053841
2014-09-28 19:00:00,89972.899,86378.55482686532,87599.61785437392
2014-09-28 20:00:00,89716.148,86874.93506678677,89210.77258350985
2014-09-28 21:00:00,84798.084,84931.33053599809,86493.4059746612
2014-09-28 22:00:00,78889.026,79571.26776971275,79146.02825271984
2014-09-28 23:00:00,72738.915,73469.4583251238,73205.95196252746
2014-09-29 00:00:00,67964.056,72768.32099458115,67780.83248301919
2014-09-29 01:00:00,65174.705,68226.09904170776,64799.23497737286
2014-09-29 02:00:00,63589.456,65476.491868251775,64039.93638011508
2014-09-29 03:00:00,62970.001,63894.68144460769,62871.8222991016
2014-09-29 04:00:00,64174.165,63363.73564815096,64147.96284050678
2014-09-29 05:00:00,68742.257,64688.38875951909,69023.45228882357
2014-09-29 06:00:00,77440.706,68993.78424716048,76320.1079484971
2014-09-29 07:00:00,82601.953,75927.95453576959,82679.8354311651
2014-09-29 08:00:00,84768.724,80494.4551978508,84903.75588695084
2014-09-29 09:00:00,87440.016,82996.2236819752,86302.89759949598
2014-09-29 10:00:00,90742.006,85554.8314841184,90044.60582712915
2014-09-29 11:00:00,92838.692,89263.98831592764,92699.53693790064
2014-09-29 12:00:00,94720.79,91755.33823058326,94711.74054132254
2014-09-29 13:00:00,96188.814,93930.52407625047,96621.62798499857
2014-09-29 14:00:00,97104.371,95498.44705997495,97310.72097725079
2014-09-29 15:00:00,97357.418,96549.48215400509,97954.68042846253
2014-09-29 16:00:00,97698.85,97007.40523297232,99118.94691831934
2014-09-29 17:00:00,97418.144,97232.27083897695,98344.53387069378
2014-09-29 18:00:00,96781.463,96315.45974425404,97236.62107755736
2014-09-29 19:00:00,97740.69,95521.117729314,96094.78167045595
2014-09-29 20:00:00,96308.394,95619.21448690584,96544.14627473809
2014-09-29 21:00:00,90504.196,92417.90871585885,92092.14684716566
2014-09-29 22:00:00,83157.015,86220.69685811015,83145.52061651794
2014-09-29 23:00:00,75977.432,78966.15647222367,75486.31751546597
2014-09-30 00:00:00,70634.984,75014.96144915531,70029.32353477481
2014-09-30 01:00:00,67111.551,70228.5253636807,66849.93442200527
2014-09-30 02:00:00,65325.17,67110.87466353018,65095.8931356879
2014-09-30 03:00:00,64438.954,65548.16536450057,64541.24111086781
2014-09-30 04:00:00,65406.184,65220.06781319616,65097.6567799109
2014-09-30 05:00:00,69647.703,67275.2388845764,69290.125024417
2014-09-30 06:00:00,78457.727,73033.98985211395,78503.27996613667
2014-09-30 07:00:00,83438.839,80711.44347529775,84276.41927823538
2014-09-30 08:00:00,85038.584,84668.78720093057,85906.92524825127
2014-09-30 09:00:00,86767.947,86392.78377307765,86615.48732494468
2014-09-30 10:00:00,88944.366,88315.96499730399,88474.21883043459
2014-09-30 11:00:00,90210.432,90220.87076998402,90026.75568815571
2014-09-30 12:00:00,91440.002,91448.07775937169,90471.42396196151
2014-09-30 13:00:00,92591.287,92577.06691646953,92067.59845530418
2014-09-30 14:00:00,93207.107,93480.21351902101,93088.94643033891
2014-09-30 15:00:00,93475.075,93831.4751213509,93225.99417262063
2014-09-30 16:00:00,93582.181,93973.7125029431,93784.75108425214
2014-09-30 17:00:00,92773.446,93827.72819411813,93371.2229805853
2014-09-30 18:00:00,91808.65,92983.17149739756,92854.48644848837
2014-09-30 19:00:00,94116.129,92639.28928391001,91997.46994907169
2014-09-30 20:00:00,93009.167,93848.30419422784,92351.10577068436
2014-09-30 21:00:00,87931.919,91131.84296603368,89093.40469263762
2014-09-30 22:00:00,81048.603,85071.10669154304,80840.68581164216
2014-09-30 23:00:00,74246.372,77802.45096235731,73544.49473975084
2014-10-01 00:00:00,69249.71,73989.86368059792,69596.26934827834
2014-10-01 01:00:00,66164.787,69267.69449749394,66103.51291014838
2014-10-01 02:00:00,64516.273,66414.48211789536,64439.86700502969
2014-10-01 03:00:00,63781.156,64879.306471403506,64046.32308172053
2014-10-01 04:00:00,64753.754,64558.214968146014,64812.30227454495
2014-10-01 05:00:00,69047.83,66564.25057140045,68827.55663067331
2014-10-01 06:00:00,77575.908,72394.32679043165,78035.98962026922
2014-10-01 07:00:00,82806.705,79877.5679794299,83295.52849558317
2014-10-01 08:00:00,84193.53,83896.97856831874,84917.99709070953
2014-10-01 09:00:00,85817.961,85234.6453571291,85322.0858333598
2014-10-01 10:00:00,87433.657,86860.38760438471,87365.08848201609
2014-10-01 11:00:00,88535.774,88179.72699907339,88454.87902757719
2014-10-01 12:00:00,89322.159,89115.04641675387,89060.2134959523
2014-10-01 13:00:00,90163.09,89838.61420291668,90226.73950741079
2014-10-01 14:00:00,90496.977,90404.49798822508,90940.08653138317
2014-10-01 15:00:00,90795.715,90664.9646156576,90868.3109115846
2014-10-01 16:00:00,91254.856,90996.13959521355,91156.00498417222
2014-10-01 17:00:00,91062.67,91115.2513938759,91870.96011677048
2014-10-01 18:00:00,90171.868,90348.00819429796,91115.84235258368
2014-10-01 19:00:00,92666.679,90065.75328600872,91150.31120968309
2014-10-01 20:00:00,92086.285,91486.69178579982,91280.54381605393
2014-10-01 21:00:00,87533.556,89343.2834290232,87529.70096459474
2014-10-01 22:00:00,80783.545,83772.87927009792,80768.08175728076
2014-10-01 23:00:00,74002.256,76748.75988087086,73789.24955196328
2014-10-02 00:00:00,69089.397,72948.78058536808,68706.12186210323
2014-10-02 01:00:00,65670.592,68374.80513007165,65877.70385254893
2014-10-02 02:00:00,64112.009,65325.6145845718,64244.45865900628
2014-10-02 03:00:00,63272.219,63855.69535005013,63262.902355515136
2014-10-02 04:00:00,64292.427,63456.18160155008,64007.01822259287
2014-10-02 05:00:00,68673.267,65505.870423334716,68700.80727907179
2014-10-02 06:00:00,77239.012,71306.90115931549,77075.80151132063
2014-10-02 07:00:00,82550.644,78873.46014296445,83056.32691741866
2014-10-02 08:00:00,84377.668,82967.35200653938,84903.0409293636
2014-10-02 09:00:00,86104.588,84633.45990851917,85885.12899145942
2014-10-02 10:00:00,88329.114,86187.93792167501,87701.98212735611
2014-10-02 11:00:00,89866.645,87821.11160309198,90028.92874130605
2014-10-02 12:00:00,91335.789,89476.7422797287,91184.7429777651
2014-10-02 13:00:00,92597.103,91197.4081745292,92576.31443554934
2014-10-02 14:00:00,93300.169,92386.62972079641,93431.15366364633
2014-10-02 15:00:00,93742.133,93004.54282864697,93609.4288199876
2014-10-02 16:00:00,94169.361,93410.39982301215,93823.4290399445
2014-10-02 17:00:00,93612.73,93483.08167025817,94067.29861912855
2014-10-02 18:00:00,93008.571,92489.99353039595,93364.51747820553
2014-10-02 19:00:00,95338.245,92384.28572484772,93296.30272168771
2014-10-02 20:00:00,94251.186,93451.34887165474,93200.18668654397
2014-10-02 21:00:00,89683.516,90873.61005634125,90090.12156863601
2014-10-02 22:00:00,82695.442,85169.45832167794,82650.23840004091
2014-10-02 23:00:00,76053.387,77841.86302762639,76025.64118352841
2014-10-03 00:00:00,70828.043,74006.59211057599,70340.94810236778
2014-10-03 01:00:00,67524.432,69021.12786790685,67881.29533127522
2014-10-03 02:00:00,65608.613,65943.1495147605,65571.21524567579
2014-10-03 03:00:00,64731.363,64105.0026097893,64918.716442899604
2014-10-03 04:00:00,65578.45,63606.54128931609,65118.58401095205
2014-10-03 05:00:00,69905.589,65428.99783555822,68788.06009759575
2014-10-03 06:00:00,78164.581,71157.54287384902,77956.29033254817
2014-10-03 07:00:00,83254.28,78386.13445849536,84149.57544916215
2014-10-03 08:00:00,85332.745,82443.64716539907,86122.72358108236
2014-10-03 09:00:00,86854.373,84426.64668519044,87915.73589721124
2014-10-03 10:00:00,88401.931,86136.07334876407,89261.78266188224
2014-10-03 11:00:00,89011.709,87631.75631703441,89639.43311001446
2014-10-03 12:00:00,89368.347,88400.21555158954,89401.24569079901
2014-10-03 13:00:00,89140.839,88973.29935668514,89655.61074159709
2014-10-03 14:00:00,88923.243,88993.45958371248,88725.55954986138
2014-10-03 15:00:00,88155.187,88896.24743430594,88967.23425610445
2014-10-03 16:00:00,87487.178,88394.86830729485,88333.90304250614
2014-10-03 17:00:00,86503.22,87619.70379376905,87736.21083094459
2014-10-03 18:00:00,86152.65,86481.9527345674,86813.03906268907
2014-10-03 19:00:00,87520.741,86640.8649576772,86758.84607699479
2014-10-03 20:00:00,86208.414,87144.94046847749,86485.07009292686
2014-10-03 21:00:00,83118.482,84612.4067686141,83460.52366191802
2014-10-03 22:00:00,78112.52,80129.10898924482,77998.57597404196
2014-10-03 23:00:00,72435.247,74342.42047093881,72261.43790902036
2014-10-04 00:00:00,67671.1,71984.26733247934,67706.3283595729
2014-10-04 01:00:00,64651.728,67642.02590466445,64730.88292049518
2014-10-04 02:00:00,62720.37,64751.90860643299,62910.931052465254
2014-10-04 03:00:00,61617.175,62950.80398958337,61603.7581291908
2014-10-04 04:00:00,61485.068,62252.73594121127,61580.181175324644
2014-10-04 05:00:00,62823.351,63157.81157258415,62760.245379714455
2014-10-04 06:00:00,65752.66,66199.10787855725,65200.34451085559
2014-10-04 07:00:00,69137.681,69558.71549360947,68778.99821242002
2014-10-04 08:00:00,72755.743,72685.52463108115,72492.44095945646
2014-10-04 09:00:00,76477.522,75850.29278028259,75641.35853556517
2014-10-04 10:00:00,78777.413,78965.69194612325,77299.00942536458
2014-10-04 11:00:00,79443.096,80757.8442759322,78609.27246769168
2014-10-04 12:00:00,78942.283,81308.83437514199,78418.97233364618
2014-10-04 13:00:00,78126.854,80901.17699546246,77827.33156903065
2014-10-04 14:00:00,77014.104,80295.55940866475,76763.41733739761
2014-10-04 15:00:00,76380.893,79358.44079533688,76415.59456028433
2014-10-04 16:00:00,76112.66,78748.2491677798,77201.12309222539
2014-10-04 17:00:00,76121.076,78216.85124522755,77418.77702908416
2014-10-04 18:00:00,76471.914,77837.05650796622,77650.54624778926
2014-10-04 19:00:00,79327.16,78326.54700887609,78095.21301350508
2014-10-04 20:00:00,79059.973,79786.9870548206,79087.47815601731
2014-10-04 21:00:00,76602.009,78346.2051944184,77532.33952087586
2014-10-04 22:00:00,72991.604,74775.9490543015,72505.48209980983
2014-10-04 23:00:00,68686.947,70240.37241295684,68572.09325323105
2014-10-05 00:00:00,64838.982,68232.21307832905,64788.0359608582
2014-10-05 01:00:00,62316.019,64344.29820617949,62415.40516003375
2014-10-05 02:00:00,60869.144,61791.17423744696,60986.83571464342
2014-10-05 03:00:00,60106.16,60257.657615398595,59920.989776307964
2014-10-05 04:00:00,60073.59,59515.473215844846,59898.13930867577
2014-10-05 05:00:00,61113.887,59730.37136661657,61415.34678511112
2014-10-05 06:00:00,63613.307,61159.57716214443,63065.667446209394
2014-10-05 07:00:00,66296.051,63761.851841755175,65697.68032950205
2014-10-05 08:00:00,69539.35,66726.67796353695,69484.02780801941
2014-10-05 09:00:00,71812.655,70127.4128278662,72012.67702978091
2014-10-05 10:00:00,72330.365,72371.32153342324,73030.13130654943
2014-10-05 11:00:00,72156.708,72940.66750321232,72689.92275778251
2014-10-05 12:00:00,72279.547,72556.04939741564,71922.17543816363
2014-10-05 13:00:00,71765.227,72527.72643895494,72098.64683795394
2014-10-05 14:00:00,71352.801,71979.2774345279,71610.97559614269
2014-10-05 15:00:00,71215.84,71604.93526489963,71531.76218098328
2014-10-05 16:00:00,72028.564,71458.75205700209,72321.99330659948
2014-10-05 17:00:00,73660.447,71976.76617976365,73846.68612105603
2014-10-05 18:00:00,75979.769,73128.77128028353,76109.1344283479
2014-10-05 19:00:00,80868.51,75570.86052874381,78352.23352217689
2014-10-05 20:00:00,80837.671,78786.29799946037,81297.64330089098
2014-10-05 21:00:00,77617.548,77539.55850915017,78000.87664446712
2014-10-05 22:00:00,73345.776,73685.55012419826,73403.62676864203
2014-10-05 23:00:00,68594.462,68915.57350307086,68868.88614224302
2014-10-06 00:00:00,65009.558,69428.29547038827,64598.195596306534
2014-10-06 01:00:00,63053.244,66115.56279167043,62662.590865749895
2014-10-06 02:00:00,62199.625,64131.50670690894,62273.09969012747
2014-10-06 03:00:00,62425.18,63184.1616748621,61805.4381793133
2014-10-06 04:00:00,63927.672,63353.73723992823,64183.478778771074
2014-10-06 05:00:00,69202.17,65034.450274586445,69355.56610502108
2014-10-06 06:00:00,78183.643,70121.12037059845,77287.80004201306
2014-10-06 07:00:00,83669.855,77436.76393290081,84087.10369493446
2014-10-06 08:00:00,84493.698,82119.89752760381,85178.95006079516
2014-10-06 09:00:00,85001.961,83141.84696477212,85450.72408082797
2014-10-06 10:00:00,85511.176,83780.0000398801,85891.95634765805
2014-10-06 11:00:00,85735.771,84109.84192749664,85515.69117271873
2014-10-06 12:00:00,85751.663,84334.31200174385,85628.21121996411
2014-10-06 13:00:00,85923.511,84219.07979782418,85962.6487642016
2014-10-06 14:00:00,85536.24,84211.10127092729,85834.4340005019
2014-10-06 15:00:00,84957.19,83836.34460560171,85107.76727398146
2014-10-06 16:00:00,84970.164,83552.27725643854,85305.53598004043
2014-10-06 17:00:00,85411.611,83804.86039933767,85505.89561532956
2014-10-06 18:00:00,86249.299,84539.04790408807,86490.14555937932
2014-10-06 19:00:00,89593.792,86282.65932409934,87432.04316291308
2014-10-06 20:00:00,88573.26,88389.91234205513,88671.80175352033
2014-10-06 21:00:00,84222.048,86206.6171903629,84798.72551358862
2014-10-06 22:00:00,78218.753,81278.76757500399,78042.37819364018
2014-10-06 23:00:00,72382.583,75116.7020216411,71796.93853625662
2014-10-07 00:00:00,67866.612,72284.62619177945,67886.70490261729
2014-10-07 01:00:00,65149.564,68379.1686205368,65194.740860874794
2014-10-07 02:00:00,63654.754,65981.88832697488,64285.79232856464
2014-10-07 03:00:00,63062.279,64778.63247403467,63727.56020331687
2014-10-07 04:00:00,64025.33,64687.24786915613,64584.98558333577
2014-10-07 05:00:00,68778.399,66917.20823693204,68920.4968614353
2014-10-07 06:00:00,77485.674,73126.77716912513,77821.62588571233
2014-10-07 07:00:00,82785.636,80862.23462502539,83401.18069868971
2014-10-07 08:00:00,83726.95,84761.71460067073,84456.88896242266
2014-10-07 09:00:00,84716.009,85322.5883225768,84883.44103503517
2014-10-07 10:00:00,85792.229,86162.99567696573,85552.48228473972
2014-10-07 11:00:00,86314.374,86889.9760255546,85955.69629165619
2014-10-07 12:00:00,86774.895,87218.24978385337,86232.15053643608
2014-10-07 13:00:00,86975.417,87548.01860630976,86491.52806425927
2014-10-07 14:00:00,86752.231,87536.97251551428,86731.90674401348
2014-10-07 15:00:00,86298.068,87160.77027752555,86447.09356451899
2014-10-07 16:00:00,86647.878,86718.6597946904,86415.52297931394
2014-10-07 17:00:00,86867.955,86832.27606452673,86992.50162901262
2014-10-07 18:00:00,88032.949,87028.50996098731,87170.39622814427
2014-10-07 19:00:00,90588.275,88781.68943276956,89385.93894748467
2014-10-07 20:00:00,89583.002,90119.29614490914,89816.85044869155
2014-10-07 21:00:00,85188.218,87736.63448803079,85782.77878273423
2014-10-07 22:00:00,79086.141,82403.51882935171,78868.06967593262
2014-10-07 23:00:00,73026.716,75943.6217441243,72887.06147194566
2014-10-08 00:00:00,68418.433,72762.36822631193,68000.87571017319
2014-10-08 01:00:00,65621.187,68471.80037417168,65496.98317130686
2014-10-08 02:00:00,64051.82,65877.21508408582,64690.032201540416
2014-10-08 03:00:00,63637.45,64447.10193669591,63609.78823881518
2014-10-08 04:00:00,64753.793,64380.03275898719,65016.229618476515
2014-10-08 05:00:00,69218.897,66820.22301646018,69446.14471003215
2014-10-08 06:00:00,77986.601,72781.1220425734,78041.75533655158
2014-10-08 07:00:00,82860.286,80563.93334335684,83982.70304245506
2014-10-08 08:00:00,84002.218,84201.93504304215,84530.89022073196
2014-10-08 09:00:00,84837.07,85187.21050695457,84881.61485592295
2014-10-08 10:00:00,85749.608,85755.75169113919,85531.70732798366
2014-10-08 11:00:00,86490.961,86368.68265024357,86333.25688017305
2014-10-08 12:00:00,86798.386,86857.23939931896,86551.24094925518
2014-10-08 13:00:00,87249.407,86984.72681010321,86887.80876719617
2014-10-08 14:00:00,87097.834,87112.3375168164,87253.07556263433
2014-10-08 15:00:00,86999.887,86795.4894953056,86835.89622793559
2014-10-08 16:00:00,86938.802,86724.9652304146,87161.43281470076
2014-10-08 17:00:00,86608.533,86597.72978314292,87123.67795748607
2014-10-08 18:00:00,86709.047,86541.55266619823,87451.88206267596
2014-10-08 19:00:00,90042.908,87437.24795400948,88602.25115897224
2014-10-08 20:00:00,89055.313,89431.74617731161,89529.16181513552
2014-10-08 21:00:00,84682.774,87157.11408497278,85681.11325822052
2014-10-08 22:00:00,78571.008,81890.56477116879,78584.82222812172
2014-10-08 23:00:00,72305.907,75582.81870896147,72561.96353059946
2014-10-09 00:00:00,67821.752,72281.98818679086,67909.21548467659
2014-10-09 01:00:00,65069.532,68022.64944709683,65228.3126267062
2014-10-09 02:00:00,63806.799,65431.21677567464,63530.06551020351
2014-10-09 03:00:00,63377.731,64240.08952566179,63627.888670371576
2014-10-09 04:00:00,64705.276,64171.44603527079,64533.79049446592
2014-10-09 05:00:00,69333.679,66474.55687664458,69218.74633252638
2014-10-09 06:00:00,78172.637,72511.92010623284,78268.88726468457
2014-10-09 07:00:00,83355.819,80241.23221260999,83890.06282281278
2014-10-09 08:00:00,84120.594,84195.32637746731,84889.6679372726
2014-10-09 09:00:00,84738.271,84924.67109663536,84732.73481606133
2014-10-09 10:00:00,85584.191,85456.03255954535,85442.11903599955
2014-10-09 11:00:00,85896.133,86169.35555954481,85220.17520938035
2014-10-09 12:00:00,85903.917,86453.23845693906,85797.11457674226
2014-10-09 13:00:00,86155.135,86542.7899757032,85963.73813425205
2014-10-09 14:00:00,86007.435,86613.89255679834,86015.39889865219
2014-10-09 15:00:00,85633.321,86382.00812941525,85756.07464405734
2014-10-09 16:00:00,85593.245,86012.60253672252,85955.79070432477
2014-10-09 17:00:00,85396.96,85713.60905956163,85881.04246329115
2014-10-09 18:00:00,86296.863,85519.22232037422,86219.29091046978
2014-10-09 19:00:00,89690.443,87101.06602023315,88237.65177079757
2014-10-09 20:00:00,88862.205,89053.8194827991,88729.30724930982
2014-10-09 21:00:00,84673.82,86878.58112568631,85907.9705080991
2014-10-09 22:00:00,78711.577,81763.31289449468,78918.90301162396
2014-10-09 23:00:00,72834.837,75354.1194390752,72784.22982636705
2014-10-10 00:00:00,68349.881,72300.37140291136,68320.8624603603
2014-10-10 01:00:00,65784.742,68081.23415477549,65648.74308380764
2014-10-10 02:00:00,64203.171,65677.76521956158,64624.74750006584
2014-10-10 03:00:00,63749.39,64262.838459310835,63645.43655192713
2014-10-10 04:00:00,64866.803,64236.942134924626,65007.15954598191
2014-10-10 05:00:00,69217.775,66435.55489493375,69297.14736193954
2014-10-10 06:00:00,77488.174,72300.00273623301,77127.73389174942
2014-10-10 07:00:00,82929.866,79686.59556413809,83071.56932375315
2014-10-10 08:00:00,84074.858,83755.1320148719,84238.13061722141
2014-10-10 09:00:00,84806.095,84696.63493675037,84652.0455027004
2014-10-10 10:00:00,85955.185,85326.3385721363,85252.38858015317
2014-10-10 11:00:00,86262.796,85890.666191186,85271.7750334568
2014-10-10 12:00:00,86047.831,85953.29664906315,85296.67107488273
2014-10-10 13:00:00,85651.718,85661.86890684615,85188.98870899426
2014-10-10 14:00:00,84957.496,85165.11428591996,84721.3876306401
2014-10-10 15:00:00,84157.316,84366.9648273467,84202.17436933806
2014-10-10 16:00:00,83609.243,83590.05457260672,84111.34486711037
2014-10-10 17:00:00,83541.782,82922.6625899106,84067.75327374497
2014-10-10 18:00:00,84671.517,82951.85794050695,84064.1447433584
2014-10-10 19:00:00,86076.864,84585.86509896463,86009.94444031442
2014-10-10 20:00:00,84741.739,85128.42573202372,85579.58003561746
2014-10-10 21:00:00,81706.554,82778.20364062375,81612.26867836356
2014-10-10 22:00:00,77134.542,78773.88803335495,76107.94672766565
2014-10-10 23:00:00,71772.351,73512.37588167799,71816.23341540043
2014-10-11 00:00:00,67512.817,71597.15239903009,67233.53306093889
2014-10-11 01:00:00,64519.337,67604.6700981516,64769.15857737439
2014-10-11 02:00:00,62827.897,64838.84648406881,63102.26670662221
2014-10-11 03:00:00,61985.501,63325.1585665062,61719.95554477994
2014-10-11 04:00:00,62130.047,62877.64637165465,62369.43720497077
2014-10-11 05:00:00,63733.868,64017.056575429626,64245.98556466001
2014-10-11 06:00:00,66764.152,67252.83902253679,66770.94323798292
2014-10-11 07:00:00,70399.265,70860.10508335251,69827.59077843766
2014-10-11 08:00:00,73721.106,73926.77596142825,73451.60687176483
2014-10-11 09:00:00,76886.653,76590.7103083487,76514.40755476624
2014-10-11 10:00:00,78665.55,78990.10359037397,77939.48502724263
2014-10-11 11:00:00,78792.987,79941.38818745966,78436.07165458993
2014-10-11 12:00:00,78280.307,79726.07933991039,78411.97663253597
2014-10-11 13:00:00,77193.907,79001.979182844,77413.09185659996
2014-10-11 14:00:00,75865.691,77785.24795619886,76703.62347576674
2014-10-11 15:00:00,74720.569,76451.77161446128,75533.09472630601
2014-10-11 16:00:00,74587.314,75354.26777634499,75365.92432809784
2014-10-11 17:00:00,74870.863,75114.63522425316,75440.23111906594
2014-10-11 18:00:00,76675.979,75568.94188615696,76221.09723607317
2014-10-11 19:00:00,79335.729,77405.27376061371,78547.93852207607
2014-10-11 20:00:00,78851.447,78954.51995661015,79145.62835633033
2014-10-11 21:00:00,76456.817,77580.99382515575,77457.00404523357
2014-10-11 22:00:00,73052.209,74393.144377681,72479.10137350515
2014-10-11 23:00:00,68988.763,70238.11858070675,68681.54785914111
2014-10-12 00:00:00,65260.234,68655.91152976712,65265.80274745982
2014-10-12 01:00:00,62829.598,64982.15679104753,63085.8191516366
2014-10-12 02:00:00,61413.499,62644.49549574107,61728.38716092454
2014-10-12 03:00:00,60679.434,61263.98917018532,61179.993845788544
2014-10-12 04:00:00,60883.648,60676.50122377719,61365.75248903345
2014-10-12 05:00:00,62055.144,61187.193125760445,62539.48857857888
2014-10-12 06:00:00,64319.635,62866.954330180306,64229.03860729326
2014-10-12 07:00:00,66830.907,65450.7377780002,67040.33183747924
2014-10-12 08:00:00,69661.327,68184.7336110391,69604.65416889804
2014-10-12 09:00:00,71690.532,70873.9488161594,71966.7692142814
2014-10-12 10:00:00,72396.493,72361.11704417052,72970.77183572005
2014-10-12 11:00:00,72368.845,72363.86212182767,72649.54484652934
2014-10-12 12:00:00,72447.207,72013.75834918904,72452.13275500234
2014-10-12 13:00:00,72092.324,71531.604650363,72377.21054531708
2014-10-12 14:00:00,71685.314,70745.67456258123,71860.82766078321
2014-10-12 15:00:00,71590.817,70011.20633628615,72052.4573583278
2014-10-12 16:00:00,72241.368,69845.43706410434,72649.48305672607
2014-10-12 17:00:00,73895.148,70408.52678523665,73466.93690638458
2014-10-12 18:00:00,76967.696,72173.55463807663,75594.96199061269
2014-10-12 19:00:00,80768.882,75360.39816197124,79276.94741756271
2014-10-12 20:00:00,80162.893,77766.27854610483,80950.53114393723
2014-10-12 21:00:00,76669.74,76314.6456388553,77429.11208095348
2014-10-12 22:00:00,72752.411,72502.22724179825,72305.90785355555
2014-10-12 23:00:00,68304.839,68183.14242593863,67993.85909824044
2014-10-13 00:00:00,64909.146,69058.83652453902,64310.18626973137
2014-10-13 01:00:00,62582.079,65790.57673018982,62325.927566968465
2014-10-13 02:00:00,61558.943,63613.17808874336,61233.83518809405
2014-10-13 03:00:00,61321.757,62613.97447520895,61562.39910457047
2014-10-13 04:00:00,62489.676,62522.44587788812,62557.23329476127
2014-10-13 05:00:00,66715.861,64039.22495700545,67682.77461800406
2014-10-13 06:00:00,74482.359,68394.91080648053,74712.04200709982
2014-10-13 07:00:00,80544.327,74860.95263764646,80546.80637224141
2014-10-13 08:00:00,82808.848,79675.6920779871,83360.6732075891
2014-10-13 09:00:00,84964.491,81627.28120174508,84639.2411713574
2014-10-13 10:00:00,86700.362,83183.18738732829,86629.22338372377
2014-10-13 11:00:00,87753.564,84212.33527981819,87898.45946528912
2014-10-13 12:00:00,88071.734,84852.23854312937,88757.71418464421
2014-10-13 13:00:00,88581.454,85193.40527350298,88533.20411647801
2014-10-13 14:00:00,88346.074,85516.09735475128,88562.99867222735
2014-10-13 15:00:00,88034.072,85316.30996362607,88522.700445727
2014-10-13 16:00:00,88484.381,85305.63817172298,88023.72881843023
2014-10-13 17:00:00,89241.599,85993.83855803954,88445.13512057194
2014-10-13 18:00:00,90653.279,87179.79592084946,89222.26317259889
2014-10-13 19:00:00,92980.27,89101.3594363158,91315.64304829568
2014-10-13 20:00:00,90865.717,90212.07851646598,91257.70493178452
2014-10-13 21:00:00,86390.088,87246.14906462048,86003.66630561846
2014-10-13 22:00:00,80477.682,82375.10014100932,79440.68604814862
2014-10-13 23:00:00,74347.873,76374.76629969387,73606.33576740106
2014-10-14 00:00:00,69529.858,73365.10187619552,69305.42980720494
2014-10-14 01:00:00,66536.546,68928.44023047588,66572.83960922532
2014-10-14 02:00:00,64826.243,66237.39984823603,65106.29910753677
2014-10-14 03:00:00,64145.541,64747.22132302978,64082.919627484545
2014-10-14 04:00:00,65235.051,64457.67821136498,64991.40267348744
2014-10-14 05:00:00,69738.357,66508.69669546575,69591.22742716911
2014-10-14 06:00:00,78674.215,72258.6802376532,78127.84493297806
2014-10-14 07:00:00,84589.599,80326.87902879657,84940.41988484749
2014-10-14 08:00:00,86381.986,84952.64402717166,87925.83691135223
2014-10-14 09:00:00,88030.575,86671.24129378509,89061.44489166618
2014-10-14 10:00:00,90013.692,88269.04138503957,90308.84636993252
2014-10-14 11:00:00,91019.728,89898.54478892771,91638.71790056983
2014-10-14 12:00:00,91770.756,90760.85257657233,92266.31215687889
2014-10-14 13:00:00,92495.557,91447.643599388,92134.24249477651
2014-10-14 14:00:00,92401.677,91815.620411184,92427.76234264844
2014-10-14 15:00:00,91887.782,91522.53873925422,92410.75822493443
2014-10-14 16:00:00,91792.372,91118.67087824893,91702.13818153206
2014-10-14 17:00:00,91758.175,91015.76631229252,91843.94440034869
2014-10-14 18:00:00,93525.868,90996.20283497675,91989.07019855015
2014-10-14 19:00:00,95919.772,92952.82616427199,94158.84222814447
2014-10-14 20:00:00,93894.948,93934.70921201988,94643.49109680565
2014-10-14 21:00:00,89274.372,90912.72340163513,89668.08100630395
2014-10-14 22:00:00,83029.114,85559.91872048256,82162.45497963403
2014-10-14 23:00:00,76487.701,79043.7434470425,76069.05256057548
2014-10-15 00:00:00,71347.733,75523.06698228198,71001.41847694856
2014-10-15 01:00:00,68270.546,70833.24309596719,68065.56110312583
2014-10-15 02:00:00,66386.471,68003.63397784745,66067.28435103297
2014-10-15 03:00:00,65656.646,66364.5607869846,65912.11374912478
2014-10-15 04:00:00,66733.743,66114.76331022476,66733.8712588396
2014-10-15 05:00:00,71275.751,68274.61067601062,70447.91298528708
2014-10-15 06:00:00,80034.615,74357.6990517503,79917.35333688781
2014-10-15 07:00:00,86266.204,82228.43711818465,85628.01491726327
2014-10-15 08:00:00,87997.952,86978.1873381368,88002.39268669757
2014-10-15 09:00:00,89575.788,88498.22376993528,88773.94531209533
2014-10-15 10:00:00,91125.191,89987.93795975849,90498.20051430524
2014-10-15 11:00:00,91931.037,91208.12617310928,91372.89998333603
2014-10-15 12:00:00,92123.588,91815.47674812902,91596.9425472129
2014-10-15 13:00:00,91922.898,92015.33135441052,91881.23973053758
2014-10-15 14:00:00,91069.062,91701.02147274176,91461.60444301114
2014-10-15 15:00:00,90208.79,90845.18287939708,90816.42393994374
2014-10-15 16:00:00,90123.767,90082.65411102942,90649.40305294242
2014-10-15 17:00:00,90426.936,89840.67093169995,90730.95820511406
2014-10-15 18:00:00,91992.407,90356.94165103466,90828.24475385746
2014-10-15 19:00:00,93911.496,92249.87060541021,92853.10054416454
2014-10-15 20:00:00,92052.573,92903.97320094399,92712.19251169162
2014-10-15 21:00:00,87644.234,89941.22497874568,87712.64722942804
2014-10-15 22:00:00,81412.71,84640.57760717855,80958.54007604877
2014-10-15 23:00:00,75187.781,77978.65576216561,74853.59348736735
2014-10-16 00:00:00,70367.066,74597.2544667631,70399.28891296427
2014-10-16 01:00:00,67368.028,70100.2957123849,67399.9350397371
2014-10-16 02:00:00,65624.188,67313.48454737107,66006.60844478753
2014-10-16 03:00:00,64799.823,65750.45758126998,65455.58742434681
2014-10-16 04:00:00,65532.99,65449.68161886375,65798.01462559063
2014-10-16 05:00:00,69875.14,67379.2471235885,69744.18102451878
2014-10-16 06:00:00,78496.216,73247.32361674654,78419.50881056495
2014-10-16 07:00:00,84663.899,81116.36976208485,84539.30819529359
2014-10-16 08:00:00,85757.973,85755.64936006778,86258.42159259706
2014-10-16 09:00:00,86639.651,86794.95602464632,87022.92370304288
2014-10-16 10:00:00,87730.698,87696.39657196906,88248.31935851548
2014-10-16 11:00:00,87833.478,88483.87460449724,88478.63566220697
2014-10-16 12:00:00,87570.959,88418.7737654036,88145.3657579811
2014-10-16 13:00:00,87628.539,88024.98618245807,88097.99249573617
2014-10-16 14:00:00,87438.267,87671.2443211322,87712.80478680383
2014-10-16 15:00:00,86807.736,87138.01521785562,87680.91306024464
2014-10-16 16:00:00,86556.651,86511.75264860841,86939.0442338798
2014-10-16 17:00:00,86656.825,86243.36090679394,87018.74550054054
2014-10-16 18:00:00,88189.233,86717.6537974303,87232.2071712437
2014-10-16 19:00:00,90637.256,88496.24893581911,89894.84682536495
2014-10-16 20:00:00,89127.338,89563.68180359666,90041.67395513014
2014-10-16 21:00:00,85347.101,86898.17619020959,85931.0626312119
2014-10-16 22:00:00,79660.478,82028.74468415657,79252.32197231418
2014-10-16 23:00:00,73460.932,75837.48468704276,73058.22678299727
2014-10-17 00:00:00,68724.603,72518.1855724093,68614.87768278172
2014-10-17 01:00:00,65828.578,68102.89529876667,65742.06024449665
2014-10-17 02:00:00,64234.601,65364.6277171427,64610.09412272768
2014-10-17 03:00:00,63589.722,63872.746215480445,63672.947689252265
2014-10-17 04:00:00,64650.888,63574.15101861662,64327.37038677783
2014-10-17 05:00:00,68813.209,65664.51325998311,68850.66127717945
2014-10-17 06:00:00,77032.375,71385.39186027693,76930.11618203786
2014-10-17 07:00:00,82590.08,78977.11408926974,82859.20860520775
2014-10-17 08:00:00,83690.809,83083.36852090253,84436.9173937619
2014-10-17 09:00:00,84808.175,83968.83960001901,85094.03418978953
2014-10-17 10:00:00,85636.897,84901.91124428812,85537.04847096294
2014-10-17 11:00:00,86035.819,85300.12602704536,85761.44215416333
2014-10-17 12:00:00,86090.594,85301.82254935484,85685.80074235007
2014-10-17 13:00:00,86292.064,85114.26053772516,85725.9058686095
2014-10-17 14:00:00,86190.015,84966.45734336224,85697.37771049677
2014-10-17 15:00:00,85583.037,84503.36732877782,85667.75000543507
2014-10-17 16:00:00,85215.72,83848.0920218635,84930.24440320203
2014-10-17 17:00:00,84795.801,83499.87412537736,85066.47774270744
2014-10-17 18:00:00,85271.931,83639.60365831673,84615.91521960059
2014-10-17 19:00:00,86675.638,84563.48125616723,86402.95430154068
2014-10-17 20:00:00,84571.247,84916.25172618357,85682.30035488782
2014-10-17 21:00:00,81194.163,82115.68181957908,81344.75400564597
2014-10-17 22:00:00,76651.792,77838.64228412075,75552.62100965102
2014-10-17 23:00:00,71256.115,72576.27300759869,71010.69799928158
2014-10-18 00:00:00,66603.386,70636.06017615729,66803.59460713848
2014-10-18 01:00:00,63703.523,66294.34228023567,63873.41851852695
2014-10-18 02:00:00,61718.319,63617.617247867194,62327.0770579581
2014-10-18 03:00:00,60852.981,61875.49632010794,60789.74270758543
2014-10-18 04:00:00,61006.493,61426.62956813889,60844.41223259016
2014-10-18 05:00:00,62226.551,62811.5677672248,62863.46540452855
2014-10-18 06:00:00,65438.858,65813.73647743571,64850.047999064685
2014-10-18 07:00:00,68921.693,69591.04310190465,68302.0479771644
2014-10-18 08:00:00,72321.827,72503.92548078632,72257.10035827107
2014-10-18 09:00:00,75329.429,75330.05392701662,75385.97427629598
2014-10-18 10:00:00,77211.536,77632.53403331246,76524.68693670661
2014-10-18 11:00:00,77540.794,78868.92675025035,77232.74791968061
2014-10-18 12:00:00,77138.411,78897.12662828095,76909.78650522135
2014-10-18 13:00:00,76351.044,78392.30385439438,76105.36841423473
2014-10-18 14:00:00,75544.964,77526.29705719984,75359.64055691056
2014-10-18 15:00:00,75157.836,76549.47426597285,75116.91666373696
2014-10-18 16:00:00,75311.31,76046.86872564667,76001.5509204662
2014-10-18 17:00:00,76117.951,75956.96617404305,76716.54403057236
2014-10-18 18:00:00,78206.983,76751.37414216058,77697.46503837459
2014-10-18 19:00:00,80472.635,78702.08423661048,79562.06483895572
2014-10-18 20:00:00,79545.397,79609.68255541909,80524.75514122543
2014-10-18 21:00:00,77092.694,77797.06745065862,77546.11815726262
2014-10-18 22:00:00,73763.726,74548.7295189632,72807.73688424539
2014-10-18 23:00:00,69361.116,70442.91627096155,69110.21524449429
2014-10-19 00:00:00,65609.366,68536.48533825002,65463.550820483884
2014-10-19 01:00:00,63023.904,64879.574044915236,63660.992923966995
2014-10-19 02:00:00,61520.462,62351.92242094724,61487.995155105855
2014-10-19 03:00:00,60657.181,60917.846053630914,60998.634380095034
2014-10-19 04:00:00,60748.011,60272.36909344849,61268.86878388429
2014-10-19 05:00:00,61906.164,60644.29973471911,62561.434257721034
2014-10-19 06:00:00,64111.37,62364.40110958487,64099.67128049633
2014-10-19 07:00:00,66936.497,64836.618430903225,66602.03488892505
2014-10-19 08:00:00,70179.639,67777.63603851372,69648.62083848644
2014-10-19 09:00:00,72787.357,70787.20709527144,72285.6213012655
2014-10-19 10:00:00,73487.192,72859.2534307642,74044.22130730984
2014-10-19 11:00:00,73309.415,73132.55832179819,73442.89934121919
2014-10-19 12:00:00,73014.11,72737.41901362527,73077.76846680457
2014-10-19 13:00:00,72254.481,72092.9283002172,72421.51223750446
2014-10-19 14:00:00,71555.187,71004.39350105214,71982.15022613687
2014-10-19 15:00:00,71330.434,70236.19360983721,71575.45844350172
2014-10-19 16:00:00,72392.953,70017.84634590113,72633.74804196374
2014-10-19 17:00:00,74023.719,70972.25906360341,73822.54569754726
2014-10-19 18:00:00,78270.873,72869.34208736834,76049.10492329414
2014-10-19 19:00:00,82865.317,76812.86396806293,80265.74094978352
2014-10-19 20:00:00,82309.59,79641.82525468594,82898.24453043898
2014-10-19 21:00:00,79087.32,78189.47465715517,79513.80849088813
2014-10-19 22:00:00,75215.488,74628.65669686011,74652.33484581916
2014-10-19 23:00:00,70778.15,70303.75655935588,70572.34441560785
2014-10-20 00:00:00,67448.366,71194.59583574267,67214.07944056332
2014-10-20 01:00:00,65694.644,67887.44703549777,65271.65374694721
2014-10-20 02:00:00,64970.014,66067.1869576482,64898.5795713767
2014-10-20 03:00:00,65237.86,65203.97180929024,64460.57931000596
2014-10-20 04:00:00,67102.674,65412.72318290344,66530.74330668132
2014-10-20 05:00:00,72781.022,67318.00693035914,71384.17037566575
2014-10-20 06:00:00,82473.385,72521.58478759576,80859.17309410548
2014-10-20 07:00:00,88852.332,80469.77435835308,87429.66265380959
2014-10-20 08:00:00,89354.843,85792.28979933652,90100.94193785013
2014-10-20 09:00:00,88942.458,86845.94989669074,89789.7213183517
2014-10-20 10:00:00,88423.362,86542.17586636817,89129.66736165986
2014-10-20 11:00:00,87561.908,86033.20804452882,87985.12139309653
2014-10-20 12:00:00,86858.883,85235.58574441391,87370.3618231287
2014-10-20 13:00:00,86341.702,84474.50199344264,86593.73519645716
2014-10-20 14:00:00,85604.193,83781.40486946874,86113.81222914532
2014-10-20 15:00:00,85012.836,83050.33799401231,85195.63714595241
2014-10-20 16:00:00,85189.885,82816.9878569512,85346.35744617952
2014-10-20 17:00:00,86141.787,83312.39221044112,85541.57953458448
2014-10-20 18:00:00,89172.783,85071.03414647607,86874.83967668067
2014-10-20 19:00:00,91597.573,88409.12600894652,89933.6300054334
2014-10-20 20:00:00,89820.112,89630.46148692489,90612.47528578072
2014-10-20 21:00:00,85493.623,87049.05341875572,85630.69423821641
2014-10-20 22:00:00,79422.139,82375.35575083157,79224.39758308802
2014-10-20 23:00:00,73531.335,76345.37527092005,72885.422430606
2014-10-21 00:00:00,69068.109,73585.97001784203,68744.93521444072
2014-10-21 01:00:00,66435.253,69626.74883961101,66314.54163787798
2014-10-21 02:00:00,65211.064,67328.16742873496,65124.081002440806
2014-10-21 03:00:00,64714.387,66495.95577308928,64921.19165172274
2014-10-21 04:00:00,65996.27,66580.6134827832,65923.47302414817
2014-10-21 05:00:00,70787.692,69155.68130991813,70524.65558073555
2014-10-21 06:00:00,79955.729,75605.97209048324,79367.86530530135
2014-10-21 07:00:00,85955.526,83967.98070362152,85674.08036786284
2014-10-21 08:00:00,86130.806,88317.75101385193,87073.19746106058
2014-10-21 09:00:00,86129.536,88377.09257710782,86945.04941553301
2014-10-21 10:00:00,86762.434,88308.21141801233,86709.13100270981
2014-10-21 11:00:00,86833.075,88500.69881451732,86371.48739759423
2014-10-21 12:00:00,86776.327,88108.87947625661,86148.25884869024
2014-10-21 13:00:00,86844.695,87881.40295405478,85931.29548772817
2014-10-21 14:00:00,86370.017,87608.26322563972,85852.31268038941
2014-10-21 15:00:00,85951.597,86940.3242886538,85670.75759677427
2014-10-21 16:00:00,86748.781,86554.47848649336,86430.77769879374
2014-10-21 17:00:00,87560.851,87213.69708422378,87247.20171286966
2014-10-21 18:00:00,90418.451,88834.90281892133,89211.41376854118
2014-10-21 19:00:00,92271.945,91552.83784649365,91567.22532068467
2014-10-21 20:00:00,90285.176,92104.62211785576,91041.98142012967
2014-10-21 21:00:00,86262.493,89112.6516865435,86381.2545982516
2014-10-21 22:00:00,80066.81,84117.14015499273,80759.01526086935
2014-10-21 23:00:00,74041.614,77626.43994169481,74050.27992759565
2014-10-22 00:00:00,69639.977,74454.81038304484,69405.79874413335
2014-10-22 01:00:00,67257.87,70327.74485290187,67217.97685699818
2014-10-22 02:00:00,65944.774,68059.78453536003,66241.44278160592
2014-10-22 03:00:00,65609.932,66834.04537817555,65644.5456084011
2014-10-22 04:00:00,66940.668,66894.47490762617,67442.24752781235
2014-10-22 05:00:00,71681.286,69309.16524987757,71173.91211963084
2014-10-22 06:00:00,80661.12,75595.48671609588,80564.46421219883
2014-10-22 07:00:00,86969.322,83785.79228906486,85835.29237298635
2014-10-22 08:00:00,88017.353,88281.17006032178,88306.11321428145
2014-10-22 09:00:00,88656.337,89049.52276867439,88258.81684881538
2014-10-22 10:00:00,88985.709,89600.99394374705,89387.78866961601
2014-10-22 11:00:00,88592.92,89692.84782121424,88872.01290104988
2014-10-22 12:00:00,88651.411,89246.8773088779,88048.67240559463
2014-10-22 13:00:00,88444.237,88940.1450242145,88616.03478898706
2014-10-22 14:00:00,87561.469,88446.94352212414,87634.06966023913
2014-10-22 15:00:00,87068.724,87497.10508649741,87103.51651122568
2014-10-22 16:00:00,87515.422,87185.30567608903,87702.31676083116
2014-10-22 17:00:00,88638.855,87582.45074151171,88504.34134849023
2014-10-22 18:00:00,91147.668,89145.635216925,90168.08229212044
2014-10-22 19:00:00,92928.257,91560.77750421647,92202.27536403267
2014-10-22 20:00:00,91448.801,92059.30418282613,92063.2650416739
2014-10-22 21:00:00,87561.946,89513.9362740056,88015.60359275533
2014-10-22 22:00:00,81573.103,84588.09450813752,81642.84812478893
2014-10-22 23:00:00,75825.794,78266.242965184,75454.93702818628
2014-10-23 00:00:00,71342.522,75364.04381556052,71320.14566785678
2014-10-23 01:00:00,68909.746,71247.62377112181,68881.34836697836
2014-10-23 02:00:00,67626.255,68955.21665988477,67447.58045127314
2014-10-23 03:00:00,67251.445,67777.39646257453,67438.81898446145
2014-10-23 04:00:00,68603.704,67802.78962342723,69016.67529172498
2014-10-23 05:00:00,73345.634,70194.3041341067,72903.61643624419
2014-10-23 06:00:00,82401.485,76437.72463188735,81327.88333342105
2014-10-23 07:00:00,88429.766,84733.00640131638,87262.37061392503
2014-10-23 08:00:00,88859.509,89160.36844547317,89391.35769557854
2014-10-23 09:00:00,88619.363,89534.59112454375,89247.99692887801
2014-10-23 10:00:00,88488.641,89276.77340959208,88602.21052292481
2014-10-23 11:00:00,87865.878,88761.44510565526,87977.38172546634
2014-10-23 12:00:00,86970.208,87996.09760669226,87500.86393378678
2014-10-23 13:00:00,86292.801,87125.02789344113,86608.47214295983
2014-10-23 14:00:00,85517.525,86254.47032603607,86031.13667983694
2014-10-23 15:00:00,84735.694,85365.50420496268,85439.61158107473
2014-10-23 16:00:00,84648.18,84744.22543146125,85307.29677401575
2014-10-23 17:00:00,85132.262,84809.85304931391,85563.82498193499
2014-10-23 18:00:00,88405.011,85884.38323976063,86651.23139887169
2014-10-23 19:00:00,91026.563,88758.03131526803,90193.26375301101
2014-10-23 20:00:00,89639.959,89973.1487206183,90304.51556057489
2014-10-23 21:00:00,85974.328,87686.96400939899,86269.68419702063
2014-10-23 22:00:00,80372.759,83051.61486822952,79940.54022673685
2014-10-23 23:00:00,74777.776,77074.84869658496,74329.30815557188
2014-10-24 00:00:00,70501.852,74274.55894952253,70322.554213186
2014-10-24 01:00:00,68111.357,70314.54211967389,67789.0178454688
2014-10-24 02:00:00,66920.977,68066.53340852096,66738.6258389283
2014-10-24 03:00:00,66735.357,66950.58967254343,66700.98282191639
2014-10-24 04:00:00,68163.823,67109.13999815311,68183.82007943989
2014-10-24 05:00:00,72861.029,69526.93351625762,72657.38698177486
2014-10-24 06:00:00,81470.01,75642.97434751797,80530.46459448308
2014-10-24 07:00:00,87478.3,83491.98909665679,86346.86522809991
2014-10-24 08:00:00,87943.062,87750.43515927732,88524.26912536164
2014-10-24 09:00:00,87833.659,87971.2112253518,88050.98308917545
2014-10-24 10:00:00,87212.432,87682.0858372135,87782.07799467763
2014-10-24 11:00:00,86393.394,86772.19554885238,86574.4442926736
2014-10-24 12:00:00,85318.239,85794.00998620335,85473.17216357884
2014-10-24 13:00:00,84651.123,84692.25207181048,84768.34853704729
2014-10-24 14:00:00,83775.722,83857.83610532254,83781.49283845967
2014-10-24 15:00:00,82834.486,82823.00925758704,83333.77188674422
2014-10-24 16:00:00,82537.896,81930.22289047798,82733.94764678938
2014-10-24 17:00:00,82107.277,81644.12426813028,82717.54126000669
2014-10-24 18:00:00,84001.624,82148.98033146262,82873.45907481678
2014-10-24 19:00:00,85767.68,84130.01805872764,85966.35984482989
2014-10-24 20:00:00,84239.091,84714.77965803217,85600.23891840821
2014-10-24 21:00:00,81329.54,82310.22386135286,81747.67144208368
2014-10-24 22:00:00,77404.831,78381.31422080149,76666.90164109494
2014-10-24 23:00:00,72598.971,73646.57108980994,71984.28600329925
2014-10-25 00:00:00,68242.15,72152.02620903452,67921.17868942278
2014-10-25 01:00:00,65737.585,68109.54101460986,65325.889637021464
2014-10-25 02:00:00,64409.791,65735.23578427563,64142.21512287916
2014-10-25 03:00:00,63803.208,64514.68436189347,63035.374243379476
2014-10-25 04:00:00,64262.292,64273.905175346736,63681.36223853102
2014-10-25 05:00:00,66164.811,65643.41411825648,65587.94193583622
2014-10-25 06:00:00,69693.218,69156.66027440099,68681.6574730848
2014-10-25 07:00:00,73678.04,73219.12293759387,72733.84208463022
2014-10-25 08:00:00,76543.052,76317.10532388621,76154.24431165592
2014-10-25 09:00:00,77762.845,78434.44820495689,78524.49429923893
2014-10-25 10:00:00,78103.423,79117.61966450572,79313.00917289339
2014-10-25 11:00:00,77361.595,78901.9370868539,78654.37369618347
2014-10-25 12:00:00,76198.631,77867.34819140745,77386.96019964996
2014-10-25 13:00:00,75171.846,76568.74558552391,76178.9881809407
2014-10-25 14:00:00,74396.163,75644.2973766044,74930.4451160943
2014-10-25 15:00:00,73811.375,74914.19413597212,74533.90565485584
2014-10-25 16:00:00,73999.105,74395.24376561593,74365.00056669186
2014-10-25 17:00:00,74590.956,74434.65945323104,74601.445523122
2014-10-25 18:00:00,77029.961,74864.15858670343,76133.89174032907
2014-10-25 19:00:00,79579.547,77058.26927801514,78544.26055635243
2014-10-25 20:00:00,78293.787,78288.03985817925,79404.97419094764
2014-10-25 21:00:00,75890.657,76332.57248221626,76549.31236845201
2014-10-25 22:00:00,72384.701,73263.67482767055,71402.36463679954
2014-10-25 23:00:00,68238.525,69177.33560178653,67626.54855832181
2014-10-26 00:00:00,64372.865,67529.45081484158,64171.00305426843
2014-10-26 01:00:00,61554.114,63913.411001600994,61852.68763795305
2014-10-26 02:00:00,60136.453,61404.3258634535,60118.62302936473
2014-10-26 03:00:00,59536.24,60093.11687469378,59548.80567118359
2014-10-26 04:00:00,59378.136,59899.355811583126,59779.83905456028
2014-10-26 05:00:00,60513.622,60274.299040165584,61264.707795232345
2014-10-26 06:00:00,62889.486,62087.600755784566,63217.4620366292
2014-10-26 07:00:00,65964.611,64849.59083968508,65406.82494252716
2014-10-26 08:00:00,68802.691,67903.21155817018,69106.9890722968
2014-10-26 09:00:00,70855.888,70251.63672711003,71964.48396703863
2014-10-26 10:00:00,71926.098,71511.37163123838,71811.55817399213
2014-10-26 11:00:00,72186.16,71612.04204986227,72356.24571578047
2014-10-26 12:00:00,72418.556,71316.1801140426,72049.55750701993
2014-10-26 13:00:00,72134.12,70943.68520512765,72154.80422130022
2014-10-26 14:00:00,71962.439,70312.22917434886,71819.56893888924
2014-10-26 15:00:00,72114.427,69871.57465848495,71892.55470245106
2014-10-26 16:00:00,72981.2,69991.85258312579,73096.75902061263
2014-10-26 17:00:00,74391.34,70790.01814077597,74123.40039822513
2014-10-26 18:00:00,78033.805,72843.20228740753,76587.16158249007
2014-10-26 19:00:00,81435.983,76407.21754170721,80158.12196861042
2014-10-26 20:00:00,80916.533,78374.01362671709,81612.3031152533
2014-10-26 21:00:00,77524.042,77018.99987902305,77848.80642453842
2014-10-26 22:00:00,73433.119,73447.14722796861,73458.18713451
2014-10-26 23:00:00,69122.026,69093.23262722441,69035.84999432431
2014-10-27 00:00:00,65750.527,70088.27570720013,65230.27459811756
2014-10-27 01:00:00,63956.642,66792.80648242084,63830.36474752623
2014-10-27 02:00:00,63297.717,65013.40901942845,63318.29780314733
2014-10-27 03:00:00,63703.013,64321.440414799494,63352.90418762493
2014-10-27 04:00:00,65879.672,64650.55488737731,65684.21261061954
2014-10-27 05:00:00,71234.131,66913.83495988528,71306.57186659602
2014-10-27 06:00:00,81184.791,72096.37823970689,80140.70896442217
2014-10-27 07:00:00,87808.464,80319.32351377518,87264.36213551612
2014-10-27 08:00:00,88058.697,85514.26616752037,89016.7439246062
2014-10-27 09:00:00,87279.882,85927.39827390545,88616.49117224704
2014-10-27 10:00:00,86785.402,85120.80363085703,88091.6647600963
2014-10-27 11:00:00,86530.745,84425.05940639005,87756.66810048158
2014-10-27 12:00:00,86342.675,83953.90066241028,87625.98457782328
2014-10-27 13:00:00,86129.068,84191.3650108165,87106.21737329774
2014-10-27 14:00:00,85949.055,84069.7740688553,86269.78255383488
2014-10-27 15:00:00,85706.667,84059.5695580674,86393.14127580634
2014-10-27 16:00:00,85586.843,84095.85336086228,85795.40238255968
2014-10-27 17:00:00,85931.183,84362.14930844877,85272.35912773965
2014-10-27 18:00:00,89046.864,85408.96179437016,86594.10851583604
2014-10-27 19:00:00,91482.811,88352.92430932686,90269.85034824231
2014-10-27 20:00:00,89327.832,89479.3502473647,90457.60880129755
2014-10-27 21:00:00,85078.607,86488.54782088354,85516.4348355377
2014-10-27 22:00:00,79227.122,81732.85846796766,78401.65833183793
2014-10-27 23:00:00,73029.206,75785.20948348462,72768.55621140305
2014-10-28 00:00:00,68513.853,72793.71000357335,67708.0841874153
2014-10-28 01:00:00,65764.713,68751.57575143556,65334.76776379689
2014-10-28 02:00:00,64220.638,66324.59275410812,64609.38583157809
2014-10-28 03:00:00,63678.421,65077.93890524194,63834.5377777887
2014-10-28 04:00:00,64897.023,65108.33816284062,65153.92260873418
2014-10-28 05:00:00,69662.177,67444.29535132318,69363.30444310333
2014-10-28 06:00:00,78760.044,73941.94915583116,78541.31251165862
2014-10-28 07:00:00,84724.798,82345.13961356255,84630.65930157648
2014-10-28 08:00:00,85222.843,86458.0083793228,87386.27554865474
2014-10-28 09:00:00,85366.94,86515.62435344417,86780.64933089468
2014-10-28 10:00:00,85839.541,86442.69067373098,86931.94899556486
2014-10-28 11:00:00,86088.246,86555.48849636421,87031.6547436999
2014-10-28 12:00:00,86334.309,86517.91353938798,86467.22581498857
2014-10-28 13:00:00,86752.684,86491.48251248174,86497.48507947821
2014-10-28 14:00:00,86885.137,86549.91628010054,86470.2310274432
2014-10-28 15:00:00,86593.759,86408.20391955659,86460.02042171346
2014-10-28 16:00:00,86374.056,86157.13566918977,86672.74656789083
2014-10-28 17:00:00,86399.37,86103.47172497795,86531.47154068106
2014-10-28 18:00:00,89100.146,87156.89758210021,87334.31322324336
2014-10-28 19:00:00,90902.47,89709.41276927872,90635.57004588364
2014-10-28 20:00:00,88656.995,90141.11448513655,90185.19089279343
2014-10-28 21:00:00,84602.335,87053.07200443892,85459.77563067731
2014-10-28 22:00:00,78541.381,82109.47519710213,78694.25021522808
2014-10-28 23:00:00,72613.362,75738.55720016103,72449.41325911412
2014-10-29 00:00:00,67987.792,72745.76046671293,68095.22528429366
2014-10-29 01:00:00,65132.809,68529.89477892188,65140.47350911377
2014-10-29 02:00:00,63669.124,66119.30221809266,64242.22154715323
2014-10-29 03:00:00,63246.008,64826.17648487284,63739.98025832949
2014-10-29 04:00:00,64295.022,64861.95121495441,64478.54332483138
2014-10-29 05:00:00,68940.643,67118.59894742502,69398.65574313856
2014-10-29 06:00:00,77984.311,73345.36698925273,77731.17239126928
2014-10-29 07:00:00,84357.346,81586.61194612608,83755.44433363051
2014-10-29 08:00:00,85218.976,86135.6643078564,86361.99475761762
2014-10-29 09:00:00,85766.56,86698.85343641385,86164.56618759807
2014-10-29 10:00:00,86453.829,87011.90926626246,86676.580074452
2014-10-29 11:00:00,86619.665,87275.76980888365,86157.20657760357
2014-10-29 12:00:00,86597.776,87296.25235613111,86190.60637965242
2014-10-29 13:00:00,86334.35,86970.90008585746,86365.97972408017
2014-10-29 14:00:00,85604.812,86576.58007129109,85776.55718586335
2014-10-29 15:00:00,85095.101,85824.13103553369,84917.56733529772
2014-10-29 16:00:00,85134.715,85580.75175435818,85807.1558222779
2014-10-29 17:00:00,86005.174,85644.77552214386,86462.80396047386
2014-10-29 18:00:00,88824.321,87086.49714101988,87544.991486902
2014-10-29 19:00:00,90769.629,89549.92746809448,90570.54266456523
2014-10-29 20:00:00,89215.969,90116.71858429266,90030.46523985738
2014-10-29 21:00:00,85512.695,87566.28040121894,86088.99865764735
2014-10-29 22:00:00,79839.698,82823.008894294,79921.9856273492
2014-10-29 23:00:00,74126.483,76777.16943870927,73790.18447369382
2014-10-30 00:00:00,69828.196,73886.23184698356,69745.6692440066
2014-10-30 01:00:00,67618.887,69861.81458404977,67347.71396702285
2014-10-30 02:00:00,66374.632,67750.22863931033,66455.94628022163
2014-10-30 03:00:00,66189.761,66620.65272983666,66367.41006543238
2014-10-30 04:00:00,67650.826,66781.24193997009,67347.75240945326
2014-10-30 05:00:00,72856.556,69276.02619306347,71954.03054764056
2014-10-30 06:00:00,82300.273,75873.47015217473,80995.91741464606
2014-10-30 07:00:00,88866.017,84450.2154128782,87630.81837372395
2014-10-30 08:00:00,88851.425,89146.26756359651,89953.58831997396
2014-10-30 09:00:00,88344.878,89080.0298666911,89270.80328187479
2014-10-30 10:00:00,87643.183,88637.62995817479,88686.29488020946
2014-10-30 11:00:00,86645.0,87853.76041370892,87420.41162137719
2014-10-30 12:00:00,85802.943,86883.33245189858,86406.44474161287
2014-10-30 13:00:00,85587.343,85989.76498620556,85363.32607699395
2014-10-30 14:00:00,85019.695,85436.24489071994,84555.30979132134
2014-10-30 15:00:00,84384.924,84693.90327848576,84404.1394497089
2014-10-30 16:00:00,84578.842,84115.6058332877,84863.67498176216
2014-10-30 17:00:00,85475.416,84360.90678352679,85332.64599395891
2014-10-30 18:00:00,88921.691,85897.8379387522,87071.68516672
2014-10-30 19:00:00,91282.672,88909.73391197098,90490.8960498019
2014-10-30 20:00:00,90430.61,89925.44730088046,90704.58723568123
2014-10-30 21:00:00,87323.627,87951.66385515385,86381.90066083116
2014-10-30 22:00:00,81867.005,83758.50301824251,81330.98930463655
2014-10-30 23:00:00,76249.692,77925.16090424407,76169.2324123953
2014-10-31 00:00:00,72399.602,75204.79788863436,71566.01496415892
2014-10-31 01:00:00,70007.917,71635.79400818599,69212.51564603113
2014-10-31 02:00:00,68789.536,69438.97488225932,67943.02069452014
2014-10-31 03:00:00,68671.54,68392.37488234915,68220.9312469053
2014-10-31 04:00:00,70150.262,68682.60888189344,69716.18140468493
2014-10-31 05:00:00,75087.967,71315.4457305544,74212.12825803373
2014-10-31 06:00:00,84040.897,77750.6009863572,83090.78890888444
2014-10-31 07:00:00,90643.716,86033.34826157118,89018.00804129256
2014-10-31 08:00:00,91281.117,90563.65487367587,91192.14374705072
2014-10-31 09:00:00,90976.104,90762.57709032492,91191.5797317195
2014-10-31 10:00:00,90478.813,90186.3776029899,90819.66814362194
2014-10-31 11:00:00,89537.639,89369.46043276612,89643.73801279518
2014-10-31 12:00:00,88504.872,88263.95491064012,88187.62807264249
2014-10-31 13:00:00,87687.19,87273.33186381562,87162.50209786686
2014-10-31 14:00:00,86608.247,86339.85722765258,86368.33669160011
2014-10-31 15:00:00,86267.468,85214.00149332327,85669.10882485317
2014-10-31 16:00:00,86609.567,84873.5247377855,87248.38364056453
2014-10-31 17:00:00,87362.861,85161.73085825858,87965.60382394759
2014-10-31 18:00:00,89030.646,86607.98935113633,88691.83634372629
2014-10-31 19:00:00,89184.715,88386.49100408674,89773.4287563405
2014-10-31 20:00:00,88005.899,87999.50455807352,88270.13416070509
2014-10-31 21:00:00,85732.813,86012.88086565898,85145.44377145966
2014-10-31 22:00:00,81793.027,82605.15709540107,80986.45621895038
2014-10-31 23:00:00,76862.72,77930.67300198719,76263.84538934374
2014-11-01 00:00:00,72812.34,76511.54091812183,72517.52697432932
2014-11-01 01:00:00,70263.391,72745.86587754851,70016.42781576236
2014-11-01 02:00:00,68893.917,70424.30217132822,68489.75367761034
2014-11-01 03:00:00,68352.456,69247.53651779788,68212.38351490184
2014-11-01 04:00:00,68693.022,69131.86997150011,68846.96926941143
2014-11-01 05:00:00,70347.797,70575.42393100105,70673.27966196026
2014-11-01 06:00:00,73699.309,74082.79441264062,73279.36682698972
2014-11-01 07:00:00,77774.086,78227.58489650105,76985.20164085524
2014-11-01 08:00:00,81462.105,81389.66987325327,81212.53114745251
2014-11-01 09:00:00,84520.552,83871.68507895112,83018.49418875188
2014-11-01 10:00:00,86337.726,85736.84095234584,84687.07831666114
2014-11-01 11:00:00,86534.115,86485.46944369367,84711.43772636438
2014-11-01 12:00:00,85977.189,86076.7206043374,85262.0640966549
2014-11-01 13:00:00,84721.41,85209.9066326237,84438.56116620818
2014-11-01 14:00:00,83656.773,83829.52856660794,83162.30881591412
2014-11-01 15:00:00,82932.732,82781.77002125734,83171.3573848405
2014-11-01 16:00:00,82899.974,82220.89754096518,84594.0213412086
2014-11-01 17:00:00,83953.736,82291.84055758672,86841.52656231693
2014-11-01 18:00:00,87193.19,83635.81813940557,86048.24074588885
2014-11-01 19:00:00,88914.932,86127.11901318461,87597.5756315056
2014-11-01 20:00:00,87579.416,86809.72986902899,87743.20472218213
2014-11-01 21:00:00,85528.464,84984.04472093386,85063.44456377164
2014-11-01 22:00:00,82192.567,82171.89509265508,81242.84873560538
2014-11-01 23:00:00,78146.13,78187.52736621036,78023.06816769303
2014-11-02 00:00:00,73847.095,76638.35135133988,74412.09663359856
2014-11-02 01:00:00,72548.213,72642.2614141431,71360.57704248425
2014-11-02 01:00:00,70843.792,71262.65315624319,70318.08571183802
2014-11-02 02:00:00,70444.804,69747.62400194531,70089.91722923903
2014-11-02 03:00:00,70443.556,69406.92225140228,69886.79776745208
2014-11-02 04:00:00,71667.553,69786.87575172854,71131.6992724921
2014-11-02 05:00:00,73305.769,71571.61954083992,73556.88088818832
2014-11-02 06:00:00,76267.412,73829.65722333663,76679.78082610026
2014-11-02 07:00:00,79196.719,76918.06914169533,79213.48401389882
2014-11-02 08:00:00,82000.525,79723.92640765333,81899.40574491367
2014-11-02 09:00:00,83611.877,81932.62636492682,83510.54212397069
2014-11-02 10:00:00,82696.197,82759.85665243608,83744.54995485434
2014-11-02 11:00:00,80823.243,81790.60755538699,81771.7224075819
2014-11-02 12:00:00,79291.98,79924.86470870484,80284.58092954343
2014-11-02 13:00:00,78038.444,78386.93296861686,78257.97855749725
2014-11-02 14:00:00,77277.327,77178.85395009466,77494.21629266326
2014-11-02 15:00:00,77544.016,76538.85551945218,77679.33391599898
2014-11-02 16:00:00,80270.313,76958.44295464532,80311.18993782529
2014-11-02 17:00:00,86689.129,79977.57949758176,85391.33404990642
2014-11-02 18:00:00,90662.405,85157.8461767555,89108.19130597972
2014-11-02 19:00:00,90397.098,87459.67259936716,90849.74146431086
2014-11-02 20:00:00,88949.821,86312.16118350129,89536.01573022065
2014-11-02 21:00:00,85588.445,83979.97228873108,86763.5184545883
2014-11-02 22:00:00,81637.293,80112.3351923213,81288.16935690508
2014-11-02 23:00:00,76858.423,75871.47084926671,76486.48215523598
2014-11-03 00:00:00,75278.522,77269.40023510333,73001.13760516026
2014-11-03 01:00:00,74025.409,75570.00372403182,72968.31583141573
2014-11-03 02:00:00,73583.682,74508.88505411753,72457.09520858679
2014-11-03 03:00:00,74301.235,74284.97517911706,73157.13249668798
2014-11-03 04:00:00,76567.758,75498.95963868417,76220.0260099666
2014-11-03 05:00:00,82399.67,78398.06111923946,82082.48679494274
2014-11-03 06:00:00,91307.401,83736.64433496272,91229.16476464474
2014-11-03 07:00:00,94893.185,90522.28802800608,96503.86650095029
2014-11-03 08:00:00,94372.466,93442.56696054211,95130.43874784272
2014-11-03 09:00:00,92604.912,93158.18517160628,94520.86324651034
2014-11-03 10:00:00,91087.823,91363.6364185653,92956.68624705066
2014-11-03 11:00:00,89578.481,89413.16646513657,90640.41502788912
2014-11-03 12:00:00,88339.444,87768.60140746439,89086.19719511489
2014-11-03 13:00:00,87326.659,86425.62431576711,88491.06327049327
2014-11-03 14:00:00,86328.559,85370.85595977062,87404.15138070106
2014-11-03 15:00:00,85779.137,84576.94822498452,86704.23437769526
2014-11-03 16:00:00,86983.622,84740.1897587962,87042.70351114252
2014-11-03 17:00:00,92589.979,87362.09517319816,90778.0916097783
2014-11-03 18:00:00,95213.651,92349.6136370908,93869.66493475897
2014-11-03 19:00:00,93932.648,93749.0967676824,94936.33623263522
2014-11-03 20:00:00,91546.701,91910.57729868048,92404.48730983489
2014-11-03 21:00:00,87303.108,88679.23680955885,87344.380749991
2014-11-03 22:00:00,81743.184,83995.80155947176,80506.98579164864
2014-11-03 23:00:00,76154.375,78385.60644908996,75135.11349597143
2014-11-04 00:00:00,72180.391,76445.67071288094,71560.05465594554
2014-11-04 01:00:00,69989.424,73079.44673092323,69612.6005454698
2014-11-04 02:00:00,68927.228,71257.45461474935,68588.92294173106
2014-11-04 03:00:00,68868.567,70676.02641847014,68644.87766257381
2014-11-04 04:00:00,70786.681,71554.67309078749,70113.45500154016
2014-11-04 05:00:00,75755.071,75110.83518771108,75364.79452866255
2014-11-04 06:00:00,83564.831,81151.79845818806,84093.70685545806
2014-11-04 07:00:00,87299.779,87316.64262792261,88166.9253787039
2014-11-04 08:00:00,87758.97,89649.30632301322,88025.43446793366
2014-11-04 09:00:00,87349.665,89446.78945566734,87882.24410248082
2014-11-04 10:00:00,86884.337,88665.21922901433,87432.3093639842
2014-11-04 11:00:00,86088.642,87843.87890306601,85865.5627856121
2014-11-04 12:00:00,85467.563,86879.65724693767,85880.81180729541
2014-11-04 13:00:00,85336.547,86091.59158429156,85415.5859149006
2014-11-04 14:00:00,84919.77,85605.09947268262,85274.75856007525
2014-11-04 15:00:00,84361.337,85043.46304907497,84707.35632571238
2014-11-04 16:00:00,85674.766,84824.51405840606,86002.29379256441
2014-11-04 17:00:00,90953.361,87277.901972034,89930.49227013694
2014-11-04 18:00:00,92531.025,91642.99587266172,91393.52126476001
2014-11-04 19:00:00,91175.655,92073.91429633411,92635.05499907379
2014-11-04 20:00:00,88949.462,90005.0287806433,89651.61276026363
2014-11-04 21:00:00,84442.442,86691.53400516315,85913.68166915623
2014-11-04 22:00:00,78590.506,81753.0990741518,78850.1080905199
2014-11-04 23:00:00,72994.257,75773.25006986118,72860.95898815869
2014-11-05 00:00:00,69120.558,73304.90894880415,69050.22721301131
2014-11-05 01:00:00,66744.786,69834.71825417024,66869.30610035655
2014-11-05 02:00:00,65717.175,67790.88124724646,65751.13138175252
2014-11-05 03:00:00,65336.957,67065.71293422263,65842.35325908981
2014-11-05 04:00:00,67140.072,67666.082900762,66587.3518055078
2014-11-05 05:00:00,72178.588,71005.92420761714,71895.00827268342
2014-11-05 06:00:00,80937.963,76886.75909648828,80142.61569832583
2014-11-05 07:00:00,85220.162,83802.73112977302,85648.11627810047
2014-11-05 08:00:00,85859.944,86810.8736837977,85896.78999363417
2014-11-05 09:00:00,86203.894,87025.19120329154,85978.31901777114
2014-11-05 10:00:00,86323.674,86878.4800128241,86333.54438923423
2014-11-05 11:00:00,86261.284,86397.3741695638,85402.05100031356
2014-11-05 12:00:00,86003.344,85980.30205431237,85431.29477745366
2014-11-05 13:00:00,85412.603,85508.5692987894,85267.48404445787
2014-11-05 14:00:00,84771.377,84769.32314587384,84812.3390560912
2014-11-05 15:00:00,84522.398,84051.8789208436,84117.5452585168
2014-11-05 16:00:00,86088.607,84167.10071713038,85238.66432408287
2014-11-05 17:00:00,91383.294,86776.58906514545,90036.89946294138
2014-11-05 18:00:00,92704.607,90958.06574547137,92328.78699696227
2014-11-05 19:00:00,91472.689,91412.17163809374,92450.65500920528
2014-11-05 20:00:00,89025.923,89522.46186118052,89992.99388256985
2014-11-05 21:00:00,84886.339,86042.21736998892,85722.95116508979
2014-11-05 22:00:00,78933.057,81076.8307785384,79325.11822436914
2014-11-05 23:00:00,73734.213,75040.24628425286,73635.47898977701
2014-11-06 00:00:00,69684.983,72913.52251464529,69473.60385730026
2014-11-06 01:00:00,67346.382,69294.55522797513,67294.46266031913
2014-11-06 02:00:00,66169.456,67278.87992894795,66402.15684297096
2014-11-06 03:00:00,65763.374,66395.48307597345,65560.75412588619
2014-11-06 04:00:00,67395.294,66973.52097767641,67197.66058148933
2014-11-06 05:00:00,72182.759,70211.56690232106,71989.0221572353
2014-11-06 06:00:00,81042.043,76153.1922206307,79715.21211155088
2014-11-06 07:00:00,85965.451,83161.752743682,86223.31685261792
2014-11-06 08:00:00,87466.176,86540.16266042717,86816.68895291082
2014-11-06 09:00:00,88485.642,87435.49519766473,87714.52763385247
2014-11-06 10:00:00,88911.282,87913.78586738132,87843.92983380855
2014-11-06 11:00:00,88867.594,87967.2324699126,87989.15290621314
2014-11-06 12:00:00,88479.616,87717.10839010039,88135.68676278675
2014-11-06 13:00:00,88260.057,87105.57791144853,87420.1563195872
2014-11-06 14:00:00,87944.341,86616.01028495964,87518.13172365175
2014-11-06 15:00:00,87945.095,86251.98238646364,87434.64873427304
2014-11-06 16:00:00,89926.941,86595.69311247469,89065.01038108328
2014-11-06 17:00:00,94025.163,89489.1629658621,93967.38580841143
2014-11-06 18:00:00,95106.488,92788.96393201589,95405.78512167287
2014-11-06 19:00:00,93633.04,93045.11463896334,94103.71130318163
2014-11-06 20:00:00,91310.519,90977.83097603226,91787.78704496693
2014-11-06 21:00:00,87201.4,87682.99868762026,87991.39019643706
2014-11-06 22:00:00,81683.625,82744.68417478056,81643.48823866533
2014-11-06 23:00:00,76316.543,77163.93150646414,75857.19599409134
2014-11-07 00:00:00,72220.603,74870.76643795565,72168.44597309717
2014-11-07 01:00:00,70059.333,71232.82998242206,69552.51876474882
2014-11-07 02:00:00,68928.276,69349.54478939589,68553.7030202586
2014-11-07 03:00:00,69067.545,68543.57938817979,68658.8183077732
2014-11-07 04:00:00,70842.254,69496.23467562259,70793.8460920984
2014-11-07 05:00:00,75938.648,72757.75839300708,75775.8949150603
2014-11-07 06:00:00,84822.019,78963.88176965677,83414.62499629206
2014-11-07 07:00:00,89287.594,86234.86067720834,89825.61414982467
2014-11-07 08:00:00,90101.983,89527.61212377713,89975.26958040336
2014-11-07 09:00:00,90423.24,90100.48494018732,89833.52436274724
2014-11-07 10:00:00,90377.013,90112.29537738218,90127.6193631445
2014-11-07 11:00:00,89748.95,89778.95092355223,88885.05376033719
2014-11-07 12:00:00,89021.745,88989.6871746199,88255.51504183274
2014-11-07 13:00:00,88246.913,88152.29184599356,87965.89086727641
2014-11-07 14:00:00,87443.397,87354.62726266548,87233.73512503946
2014-11-07 15:00:00,86957.038,86688.72900883337,87127.47220593043
2014-11-07 16:00:00,88610.575,86745.31721505939,89045.57206579683
2014-11-07 17:00:00,94102.452,88939.2423059545,93585.05991931215
2014-11-07 18:00:00,95706.214,92914.44604889123,95507.17571791007
2014-11-07 19:00:00,94296.624,93450.8103831371,95480.1281224388
2014-11-07 20:00:00,92769.832,91567.57939198031,92450.48794360299
2014-11-07 21:00:00,89918.988,89020.67441700723,89348.88045891498
2014-11-07 22:00:00,86143.888,85111.77052451007,84920.00443373778
2014-11-07 23:00:00,81420.387,80663.53724018167,80974.49412116139
2014-11-08 00:00:00,78017.079,79504.6152521325,76833.24802330704
2014-11-08 01:00:00,75992.788,76351.51842122986,75073.02044910948
2014-11-08 02:00:00,75041.399,74491.0671660442,74204.38638847004
2014-11-08 03:00:00,74878.05,73755.59761282608,74660.6696517159
2014-11-08 04:00:00,75967.602,74078.63087554625,75641.92121675244
2014-11-08 05:00:00,78409.34,76239.29821111535,77476.70971727298
2014-11-08 06:00:00,81978.986,80291.64268352094,82857.65071025297
2014-11-08 07:00:00,85069.234,84063.94361711098,85232.17866998498
2014-11-08 08:00:00,86395.546,86593.2886408677,86401.72565047446
2014-11-08 09:00:00,86275.84,87590.17026864881,86821.26327540065
2014-11-08 10:00:00,84900.147,87275.77404446017,86346.76637017148
2014-11-08 11:00:00,83304.119,85903.30314172266,83172.7058819349
2014-11-08 12:00:00,81425.018,84280.86909984754,82244.15847765232
2014-11-08 13:00:00,79903.603,82508.31729400194,80146.63452392365
2014-11-08 14:00:00,78943.868,81032.8011897641,78576.05088658379
2014-11-08 15:00:00,79128.677,80123.38433251074,78923.82164144955
2014-11-08 16:00:00,81286.842,80618.36165931408,80611.93703144904
2014-11-08 17:00:00,87006.018,83654.52445047791,86658.44047017868
2014-11-08 18:00:00,88258.89,88072.74299708806,89428.26599865058
2014-11-08 19:00:00,87186.46,88355.2706326459,88995.72755555753
2014-11-08 20:00:00,85415.776,86904.42246450295,87040.02973235326
2014-11-08 21:00:00,82889.698,84532.54401967152,83576.54429221786
2014-11-08 22:00:00,79243.614,81367.52026819863,79390.44069627732
2014-11-08 23:00:00,75109.335,77137.96015321951,75934.03627839831
2014-11-09 00:00:00,71625.595,75966.37998719445,71687.05393650239
2014-11-09 01:00:00,69163.652,72766.0515857649,69446.61114843607
2014-11-09 02:00:00,67872.737,70673.68306163809,68032.62861353028
2014-11-09 03:00:00,67414.324,69624.65614203436,67535.73742805564
2014-11-09 04:00:00,67998.821,69585.24197911812,68469.53227317896
2014-11-09 05:00:00,69574.056,70646.65189169023,70079.00587170786
2014-11-09 06:00:00,72229.335,72756.30025243567,72739.46158194977
2014-11-09 07:00:00,74526.839,75498.06016580753,75321.71882386012
2014-11-09 08:00:00,76998.094,77569.52044427175,77102.16074744757
2014-11-09 09:00:00,77971.402,79217.428720823,79457.04687891243
2014-11-09 10:00:00,77601.977,79199.02154743412,78799.30318663787
2014-11-09 11:00:00,76935.212,78150.52260579338,77248.63079403732
2014-11-09 12:00:00,76326.863,76857.71188976926,76494.57915950974
2014-11-09 13:00:00,75461.457,75754.59713763474,76161.82463145073
2014-11-09 14:00:00,75017.989,74664.63999196004,75317.23358311947
2014-11-09 15:00:00,75130.129,74255.2214079223,75402.44890016763
2014-11-09 16:00:00,77608.865,74974.03013331862,77975.9702927163
2014-11-09 17:00:00,84766.805,78649.06455437647,83531.32948064044
2014-11-09 18:00:00,87541.741,84249.11857202867,86849.94953069024
2014-11-09 19:00:00,87363.313,85793.59873494183,88617.72579764713
2014-11-09 20:00:00,86204.249,84984.30608211242,87077.29604648742
2014-11-09 21:00:00,83058.39,83112.04402163479,83882.59932840693
2014-11-09 22:00:00,79122.37,79530.81940025176,78223.08090105283
2014-11-09 23:00:00,75008.546,75172.23484470267,74606.7339617294
2014-11-10 00:00:00,72448.152,76575.31026940487,71028.37458394062
2014-11-10 01:00:00,71091.854,73966.76666724977,69814.19514444783
2014-11-10 02:00:00,70957.648,72555.3788834964,69818.73478119465
2014-11-10 03:00:00,71567.305,72326.43782969244,70915.38120499246
2014-11-10 04:00:00,73892.575,73021.53121744438,73206.36583732702
2014-11-10 05:00:00,80014.336,75559.03473656591,79695.08608786929
2014-11-10 06:00:00,89520.517,81308.24049908464,88679.66770806834
2014-11-10 07:00:00,93599.321,88747.83773699806,94204.20728650474
2014-11-10 08:00:00,92685.838,91978.06589123844,93611.73845028822
2014-11-10 09:00:00,90767.925,91150.11092267354,92329.33219468848
2014-11-10 10:00:00,89248.138,89074.47265545378,90424.99010821406
2014-11-10 11:00:00,88072.176,87476.56472894986,88538.48292772293
2014-11-10 12:00:00,87069.169,86160.87304216599,87554.59772570066
2014-11-10 13:00:00,86258.124,84967.2401733661,87144.0567558929
2014-11-10 14:00:00,85543.737,84017.45789917401,86284.19367466109
2014-11-10 15:00:00,84995.577,83330.1286432659,85874.71081673281
2014-11-10 16:00:00,86053.57,83524.94255276074,86436.47301616917
2014-11-10 17:00:00,91756.095,86488.52294438278,89729.94164402851
2014-11-10 18:00:00,94117.991,91291.65039440372,93030.80694715818
2014-11-10 19:00:00,93011.491,92643.57329928546,94079.27003425319
2014-11-10 20:00:00,90920.514,91228.68353675373,91884.5476398566
2014-11-10 21:00:00,87131.298,88475.75282994818,86780.62231850713
2014-11-10 22:00:00,81634.707,84204.29706884552,80408.59045942214
2014-11-10 23:00:00,76312.269,78686.13089078965,74785.91494699362
2014-11-11 00:00:00,72504.177,76574.18955247846,71579.03909572204
2014-11-11 01:00:00,70529.075,73241.01754168113,69966.39049564586
2014-11-11 02:00:00,69663.304,71585.9489667613,69017.44787887743
2014-11-11 03:00:00,69601.256,70989.56741082174,69456.280537645
2014-11-11 04:00:00,71418.285,71580.47756202832,70905.70026218695
2014-11-11 05:00:00,76506.616,74695.68610718753,76297.34068372104
2014-11-11 06:00:00,84780.786,81165.10700580568,85114.64498755569
2014-11-11 07:00:00,88754.748,88139.2135184218,89994.87750797681
2014-11-11 08:00:00,89026.088,90587.7211479139,90032.52856670789
2014-11-11 09:00:00,88541.603,90084.06014920786,89127.3654650892
2014-11-11 10:00:00,88042.413,89112.59863771335,88437.08593175923
2014-11-11 11:00:00,87187.357,88216.09325098206,87530.01609885285
2014-11-11 12:00:00,86420.022,87176.9225130186,87152.27114014312
2014-11-11 13:00:00,86125.704,86327.12731461157,86148.76255483946
2014-11-11 14:00:00,86023.844,85790.75385691502,85734.01222244922
2014-11-11 15:00:00,85751.276,85457.29289543878,85772.61000191014
2014-11-11 16:00:00,87405.894,85559.16164814783,87016.57716639605
2014-11-11 17:00:00,92709.75,88804.32942746094,91221.15244503418
2014-11-11 18:00:00,93705.147,93124.99457109383,93522.68337203567
2014-11-11 19:00:00,92206.094,93332.35827544656,93114.46482913799
2014-11-11 20:00:00,90164.882,91464.43717093131,90756.63755672552
2014-11-11 21:00:00,86230.174,88615.42692117784,86496.24967362842
2014-11-11 22:00:00,80593.588,83929.92852883511,80925.412477424
2014-11-11 23:00:00,75113.357,78058.33861184512,74916.96988999541
2014-11-12 00:00:00,71224.167,75604.00033139694,71912.74469051654
2014-11-12 01:00:00,68876.676,72063.74797529646,69385.33572330579
2014-11-12 02:00:00,68080.142,70021.48720824266,67945.37044907329
2014-11-12 03:00:00,67907.047,69327.47921300388,67727.11817648077
2014-11-12 04:00:00,69588.452,69736.54805380627,69957.91363588836
2014-11-12 05:00:00,74732.791,72559.0294941249,74333.4342928118
2014-11-12 06:00:00,83877.67,78889.43770045621,83462.05869517132
2014-11-12 07:00:00,88717.145,86516.9034774878,88797.0182170757
2014-11-12 08:00:00,89656.552,89893.32990556242,89715.13175069506
2014-11-12 09:00:00,89957.162,90339.81290961162,89109.33396535418
2014-11-12 10:00:00,90699.436,90301.61443736762,89519.94266728743
2014-11-12 11:00:00,90823.983,90477.13185276248,89695.82104461676
2014-11-12 12:00:00,90414.944,90219.41540532773,89706.81430482469
2014-11-12 13:00:00,90105.032,89672.39842427253,89465.86974212802
2014-11-12 14:00:00,89298.387,89224.28375161468,89378.87178401812
2014-11-12 15:00:00,89204.827,88443.73701588412,88826.38894817086
2014-11-12 16:00:00,91115.817,88807.76569755026,91258.95670328864
2014-11-12 17:00:00,96839.776,91837.46962427927,95992.51250448308
2014-11-12 18:00:00,98124.405,96071.96216374866,98871.64520717718
2014-11-12 19:00:00,96854.901,96363.34019780539,97818.72362176985
2014-11-12 20:00:00,94866.474,94619.12201123631,95415.05655078443
2014-11-12 21:00:00,91211.571,91746.4508523647,91077.12114556921
2014-11-12 22:00:00,85450.25,87140.71797419591,85917.61143686553
2014-11-12 23:00:00,80292.778,81167.30837187413,80958.34086271012
2014-11-13 00:00:00,76285.652,78870.6552991588,76621.11423904334
2014-11-13 01:00:00,74536.355,75158.59162917317,74171.23418150062
2014-11-13 02:00:00,73799.379,73508.80572846357,73489.54850782437
2014-11-13 03:00:00,74154.488,72802.64114005594,74223.69466212204
2014-11-13 04:00:00,76077.938,73499.37497975877,75952.28105709622
2014-11-13 05:00:00,81745.11,76445.89017800227,79473.3372393068
2014-11-13 06:00:00,91231.03,83349.3842594917,89260.99503443368
2014-11-13 07:00:00,95846.504,91487.43627788316,95479.63976275311
2014-11-13 08:00:00,95987.592,94966.9930666014,95936.75689215459
2014-11-13 09:00:00,96189.142,95106.96840465313,95421.91773577011
2014-11-13 10:00:00,96806.293,95303.27721127789,95614.13602001396
2014-11-13 11:00:00,96770.403,95611.19759057641,95696.65651605652
2014-11-13 12:00:00,96644.791,95285.67445579934,95545.5884367921
2014-11-13 13:00:00,96938.044,94970.76552546778,95296.67899166718
2014-11-13 14:00:00,97042.879,94811.46414676662,95857.62646989847
2014-11-13 15:00:00,97529.59,94723.74914403164,96569.32394021923
2014-11-13 16:00:00,100070.299,95615.19093440502,99844.79883887242
2014-11-13 17:00:00,104511.43,99063.30214791806,105266.82877849326
2014-11-13 18:00:00,105564.07,102458.11429784993,105934.97512351128
2014-11-13 19:00:00,104685.039,102624.56657068606,104468.60686712178
2014-11-13 20:00:00,102791.364,101193.17464403993,102713.53750400593
2014-11-13 21:00:00,98801.409,98462.12950763342,99663.65343014554
2014-11-13 22:00:00,92902.592,93656.43152874586,93444.61313293013
2014-11-13 23:00:00,87301.79,87645.62296451518,87917.10023092618
2014-11-14 00:00:00,83463.124,85010.79533637087,83733.14597848333
2014-11-14 01:00:00,81381.198,81577.82181013323,81595.97757750178
2014-11-14 02:00:00,80574.249,79721.74517306997,80619.11888104721
2014-11-14 03:00:00,80771.35,79144.603258625,80888.87929815709
2014-11-14 04:00:00,83055.289,79799.98345513135,83217.60146994755
2014-11-14 05:00:00,88630.839,83136.8160960113,86783.44338255982
2014-11-14 06:00:00,97955.554,90058.44043794477,95999.79032399131
2014-11-14 07:00:00,102075.347,97955.31818444951,102260.95356748725
2014-11-14 08:00:00,101744.2,100806.78769789671,101534.9526055768
2014-11-14 09:00:00,100403.151,100454.48582478662,100409.92678493418
2014-11-14 10:00:00,99421.108,99414.31789790123,99553.04017832075
2014-11-14 11:00:00,98261.069,98465.16256483157,98068.34419438327
2014-11-14 12:00:00,97279.552,97355.42324880487,96890.66127192971
2014-11-14 13:00:00,96635.185,96498.89238823077,95446.84008806021
2014-11-14 14:00:00,96342.177,95834.26742623172,95178.78352108785
2014-11-14 15:00:00,96559.47,95539.79197625443,95685.40410519426
2014-11-14 16:00:00,99085.31,96313.28399015586,98625.69392458585
2014-11-14 17:00:00,104904.771,99602.79918350477,104649.56634082441
2014-11-14 18:00:00,105832.253,103953.17795268795,106867.77833222883
2014-11-14 19:00:00,104262.845,104109.98624807596,105032.11299471151
2014-11-14 20:00:00,102578.05,102290.80486327142,102264.97410921454
2014-11-14 21:00:00,99739.135,99772.44449473267,99899.39929113239
2014-11-14 22:00:00,95658.583,95932.00509481742,94387.17111794966
2014-11-14 23:00:00,90738.641,91157.76096909484,90270.08297485809
2014-11-15 00:00:00,87342.789,89845.73657823663,86649.80937411849
2014-11-15 01:00:00,85453.235,86657.96332293416,84769.62659183872
2014-11-15 02:00:00,84698.375,84935.31492218985,84029.2023543029
2014-11-15 03:00:00,84542.442,84323.5251827793,84307.87893536832
2014-11-15 04:00:00,85661.147,84730.93630546084,86134.48324540377
2014-11-15 05:00:00,88322.509,86974.78773635173,88262.62792018255
2014-11-15 06:00:00,91909.574,91236.6069829108,92388.0278903848
2014-11-15 07:00:00,94845.299,94876.12480246606,95558.01253957485
2014-11-15 08:00:00,95936.99,96835.0564406148,96284.29892557734
2014-11-15 09:00:00,94956.632,97036.90011826,96830.65384427903
2014-11-15 10:00:00,93233.905,95693.85597109662,94776.73055422763
2014-11-15 11:00:00,90948.879,93840.9550705829,92419.55045632018
2014-11-15 12:00:00,88664.566,91609.28996817568,89625.11722045255
2014-11-15 13:00:00,86507.511,89524.53063175599,87768.7088941179
2014-11-15 14:00:00,85399.646,87667.83436330904,85091.30015480811
2014-11-15 15:00:00,85563.497,86800.49148973491,85313.04854223544
2014-11-15 16:00:00,88795.564,87582.71029715776,88470.71865470026
2014-11-15 17:00:00,95855.603,91680.61004794348,95614.13519208036
2014-11-15 18:00:00,97832.685,96828.72917531173,99297.10720313409
2014-11-15 19:00:00,97183.365,97590.3249793459,98026.28495696337
2014-11-15 20:00:00,96414.238,96416.77613922965,95841.44396856205
2014-11-15 21:00:00,94164.261,94817.2409282723,94152.0428206551
2014-11-15 22:00:00,90636.968,91762.96174543751,90609.607713026
2014-11-15 23:00:00,86693.499,87563.71502835944,86434.5817895076
2014-11-16 00:00:00,83067.779,86256.67218339219,83102.76120582371
2014-11-16 01:00:00,80626.72,82878.47817264925,80968.32819032797
2014-11-16 02:00:00,79103.575,80724.51581831297,79891.17260205359
2014-11-16 03:00:00,78306.51,79441.28081706556,79086.133776252
2014-11-16 04:00:00,78458.009,79060.26839687116,79833.58943779234
2014-11-16 05:00:00,79643.332,79805.52245159229,81526.75741153833
2014-11-16 06:00:00,81652.822,81589.5706031339,82928.82612202202
2014-11-16 07:00:00,83903.852,83767.6896275284,84809.26462378948
2014-11-16 08:00:00,86748.933,85694.58132750141,86695.61979374384
2014-11-16 09:00:00,88608.293,87377.38944421863,88096.23523522964
2014-11-16 10:00:00,88954.792,88019.069448647,88211.61075395178
2014-11-16 11:00:00,88835.31,87484.56968870446,87738.79729391824
2014-11-16 12:00:00,88664.266,86642.86420874443,87738.02760233158
2014-11-16 13:00:00,88381.708,85781.55230986852,87829.49016651227
2014-11-16 14:00:00,88147.044,85133.0324791343,87140.87864432548
2014-11-16 15:00:00,88838.265,84885.04908067577,88288.42875510224
2014-11-16 16:00:00,92008.91,86241.1355589676,92063.23052524109
2014-11-16 17:00:00,97021.61,90739.17674069008,97661.93712073097
2014-11-16 18:00:00,97370.839,94848.2913773137,99433.26832643303
2014-11-16 19:00:00,96566.673,94786.75332114921,97980.03348633803
2014-11-16 20:00:00,94565.843,93793.00429206164,95439.76255671194
2014-11-16 21:00:00,90802.524,91397.23899433977,92650.36036715002
2014-11-16 22:00:00,86167.741,87406.90254307017,87173.16647336121
2014-11-16 23:00:00,81451.062,82676.22087083182,82678.95649214729
2014-11-17 00:00:00,78055.612,83508.58315516419,78983.4155264129
2014-11-17 01:00:00,76182.504,80302.82695552957,76567.65951334136
2014-11-17 02:00:00,75566.311,78518.75139658897,76308.37717731344
2014-11-17 03:00:00,76066.605,77853.49887024474,76603.20763017102
2014-11-17 04:00:00,77949.122,78384.80441443672,78295.56600274953
2014-11-17 05:00:00,83830.922,80563.69300430884,83943.0926872588
2014-11-17 06:00:00,93010.96,86065.42780534353,92486.01487407503
2014-11-17 07:00:00,98047.657,93322.55043724364,98028.52539107768
2014-11-17 08:00:00,99310.743,97276.29745124582,98434.31509182909
2014-11-17 09:00:00,100020.43,98274.32955510922,98331.01944436718
2014-11-17 10:00:00,100713.496,98560.20982265653,99468.50408570368
2014-11-17 11:00:00,100694.293,98751.39142123162,100452.21828217762
2014-11-17 12:00:00,100459.631,98467.56784212837,100241.93551716543
2014-11-17 13:00:00,100454.09,98034.07053848017,99814.93026132518
2014-11-17 14:00:00,100329.038,97769.72605026656,99951.4629022144
2014-11-17 15:00:00,100447.553,97678.77789242193,100432.88322751631
2014-11-17 16:00:00,102829.485,98522.36527106685,102741.75482180336
2014-11-17 17:00:00,107781.715,101937.19078357595,108518.20613153823
2014-11-17 18:00:00,108873.332,105642.40421147004,110784.46566181174
2014-11-17 19:00:00,107626.433,105994.4841916965,107824.27165805644
2014-11-17 20:00:00,105659.91,104330.06803993694,106603.2627378046
2014-11-17 21:00:00,101794.891,101587.43103118011,102656.15684334068
2014-11-17 22:00:00,96378.309,97146.22877100775,96126.44183023751
2014-11-17 23:00:00,91211.151,91591.1733916463,91046.92359828933
2014-11-18 00:00:00,88128.722,89446.93404405037,88110.34684562113
2014-11-18 01:00:00,86784.6,86543.78175615756,86398.02200471263
2014-11-18 02:00:00,86640.986,85256.84937415677,86258.90448008654
2014-11-18 03:00:00,82982.079,85157.28861188151,87578.48363924952
2014-11-18 04:00:00,87672.397,83144.55446306057,85018.59644565708
2014-11-18 05:00:00,96449.224,88236.92850804812,92217.77519501602
2014-11-18 06:00:00,104890.419,97240.6265890779,104082.8205717636
2014-11-18 07:00:00,108531.029,104587.59627462142,109510.29963807162
2014-11-18 08:00:00,108526.703,107310.0956031408,108659.2083408671
2014-11-18 09:00:00,107753.906,107234.80011138573,108046.14905856646
2014-11-18 10:00:00,109763.432,106575.64383303748,108079.11798312922
2014-11-18 11:00:00,108627.104,107681.60508496762,108527.57243122341
2014-11-18 12:00:00,107546.164,106563.70128457726,107632.59473429665
2014-11-18 13:00:00,106881.016,105617.7185632266,107563.92011038265
2014-11-18 14:00:00,106612.805,104958.63736095729,106343.91003527757
2014-11-18 15:00:00,107441.255,104613.0017957433,107198.9110346673
2014-11-18 16:00:00,111352.745,105779.10449528972,109284.53134347839
2014-11-18 17:00:00,118909.982,110137.72330209124,118373.16307141838
2014-11-18 18:00:00,120847.897,115634.96672943029,120251.75892312732
2014-11-18 19:00:00,120060.421,116397.99153890244,120565.89958384393
2014-11-18 20:00:00,118302.923,115035.35856688932,118098.98671431746
2014-11-18 21:00:00,114727.78,112349.76939450126,114551.93635627782
2014-11-18 22:00:00,108403.148,107874.06698196585,108290.22651183119
2014-11-18 23:00:00,102955.509,101549.39016642122,102012.13286231294
2014-11-19 00:00:00,99528.91,99243.14342616004,99307.37091971369
2014-11-19 01:00:00,97788.509,96163.66124104959,96891.93320766045
2014-11-19 02:00:00,97245.194,94704.16236625848,97688.33777135506
2014-11-19 03:00:00,97731.194,93327.70455873797,98343.16299321271
2014-11-19 04:00:00,100014.229,94784.29531924866,100606.8882790121
2014-11-19 05:00:00,105861.225,98759.24939664753,105575.658691258
2014-11-19 06:00:00,114744.751,105629.64916719765,114170.88799977863
2014-11-19 07:00:00,118066.057,113025.68902286954,118526.66954620653
2014-11-19 08:00:00,115396.82,115275.73976525056,117081.83842601928
2014-11-19 09:00:00,112249.304,113060.45342651215,114976.1032159882
2014-11-19 10:00:00,109738.608,111118.60322159852,111067.57791099048
2014-11-19 11:00:00,107290.154,108898.947660846,108358.28284935035
2014-11-19 12:00:00,105620.668,106653.05866801066,106481.98917835474
2014-11-19 13:00:00,104432.052,105074.40201013241,105606.91317875247
2014-11-19 14:00:00,103536.019,103902.60054600329,103958.44202662316
2014-11-19 15:00:00,103968.402,103269.24408493646,103589.71725426246
2014-11-19 16:00:00,107370.248,104500.27243426454,106733.25052177382
2014-11-19 17:00:00,114128.89,109101.9065851531,113934.7503662627
2014-11-19 18:00:00,115165.555,114269.24505461275,115631.17017772756
2014-11-19 19:00:00,113864.092,114524.3669255733,113574.94237398179
2014-11-19 20:00:00,111680.419,112845.58705041875,112015.59656678293
2014-11-19 21:00:00,107343.814,109983.84347840783,108256.56662904799
2014-11-19 22:00:00,100867.304,104773.87039907655,101329.36370254192
2014-11-19 23:00:00,94779.413,98310.89714883514,95526.91353650158
2014-11-20 00:00:00,90655.176,95465.7520229175,91483.78263574712
2014-11-20 01:00:00,88379.031,91869.60787975094,89422.45636400294
2014-11-20 02:00:00,87447.354,89963.42423506941,88322.02197263959
2014-11-20 03:00:00,87572.053,89334.70128821868,88447.39790452215
2014-11-20 04:00:00,89439.328,90042.54628966418,91031.41158947685
2014-11-20 05:00:00,94917.32,93226.98025684149,94678.12539707347
2014-11-20 06:00:00,104002.731,99981.01890750596,103970.32319376558
2014-11-20 07:00:00,107992.423,107438.8563032722,109815.85801563135
2014-11-20 08:00:00,106973.109,109474.77233310367,108925.01831048464
2014-11-20 09:00:00,105383.361,107885.4254133429,106927.9978727557
2014-11-20 10:00:00,104485.532,106044.16898045666,104977.94338321267
2014-11-20 11:00:00,101248.126,104654.62097631648,103527.37652157404
2014-11-20 12:00:00,99120.586,101823.6633763639,101058.9735481633
2014-11-20 13:00:00,97832.489,99934.47123873021,98567.13109102007
2014-11-20 14:00:00,96928.824,98684.69877775191,97632.65194104928
2014-11-20 15:00:00,97095.228,98064.4052449774,97544.0869851619
2014-11-20 16:00:00,100186.663,99103.92540498306,101409.30407785666
2014-11-20 17:00:00,107467.357,103228.30981396779,107830.23654673237
2014-11-20 18:00:00,109523.428,108540.3437507174,109678.63347804107
2014-11-20 19:00:00,109349.458,109465.37842226395,108610.68394457527
2014-11-20 20:00:00,108111.071,108510.993334488,107876.18203062474
2014-11-20 21:00:00,104840.415,106099.3159528074,105229.50250218266
2014-11-20 22:00:00,99741.81,101580.8916739473,99611.64824897492
2014-11-20 23:00:00,94552.683,95886.7254717463,93748.25855113605
2014-11-21 00:00:00,90997.968,93527.01047234838,90534.19962989993
2014-11-21 01:00:00,89475.838,90180.4774953897,88578.76984615886
2014-11-21 02:00:00,89017.287,88711.31936149001,88629.4515061856
2014-11-21 03:00:00,89671.886,88332.59336558769,90045.43190850604
2014-11-21 04:00:00,92088.892,89371.19711892873,91777.84859139337
2014-11-21 05:00:00,98215.325,92848.96773596056,96012.87459659098
2014-11-21 06:00:00,107798.621,100090.15451894673,105394.93571213835
2014-11-21 07:00:00,112035.497,108000.47004340979,113097.65118341558
2014-11-21 08:00:00,110377.596,110540.76286138041,111322.7116892735
2014-11-21 09:00:00,108008.814,108619.84323219846,108627.34754915531
2014-11-21 10:00:00,105945.068,106364.28673311195,107078.00891809135
2014-11-21 11:00:00,103898.745,103861.53282888247,104000.30335787332
2014-11-21 12:00:00,101571.65,101646.70514150037,101223.95043021863
2014-11-21 13:00:00,100122.525,99498.71181938144,100078.66950276631
2014-11-21 14:00:00,98779.826,98091.69820030335,98839.37499043994
2014-11-21 15:00:00,98800.936,97064.52984251082,99260.72789537873
2014-11-21 16:00:00,101799.775,97919.85009651238,101308.4813735002
2014-11-21 17:00:00,109080.108,102240.82230592082,107910.81292080131
2014-11-21 18:00:00,110780.176,107806.1160885807,110341.38916364768
2014-11-21 19:00:00,109973.819,108687.248088177,109444.66745477576
2014-11-21 20:00:00,108606.593,107542.0241965497,107794.3023833887
2014-11-21 21:00:00,105996.465,105421.70625854391,105047.11242528926
2014-11-21 22:00:00,101866.06,101828.3053602995,99673.32832519851
2014-11-21 23:00:00,97177.595,97071.41586488418,95936.51225906404
2014-11-22 00:00:00,93649.212,95942.00879871339,92580.03561595912
2014-11-22 01:00:00,91674.041,92760.31798937694,90257.98949692059
2014-11-22 02:00:00,90888.677,91024.66560999979,89780.74659124228
2014-11-22 03:00:00,90736.737,90423.85600971404,90291.7588988911
2014-11-22 04:00:00,91898.803,90808.01869980682,91723.00542127716
2014-11-22 05:00:00,94203.065,93080.59112257254,95389.20748270598
2014-11-22 06:00:00,97704.699,97107.79391340369,98935.15769288264
2014-11-22 07:00:00,100416.532,100651.56054520317,101903.99758447892
2014-11-22 08:00:00,101102.022,102073.4628485354,102085.07461042232
2014-11-22 09:00:00,100166.254,101688.45495888084,101741.9363172327
2014-11-22 10:00:00,98000.156,100111.57620890795,99095.20891145828
2014-11-22 11:00:00,95396.681,97639.57407195444,96624.98936658002
2014-11-22 12:00:00,92506.619,94806.13068604773,93964.70300906847
2014-11-22 13:00:00,90057.817,91995.67308792342,90793.07751035885
2014-11-22 14:00:00,88429.186,89637.26883004303,88259.3049743848
2014-11-22 15:00:00,88356.396,88312.79229417066,87920.93233388937
2014-11-22 16:00:00,90775.769,89107.40131504099,90211.24021813092
2014-11-22 17:00:00,96034.988,93102.32541894488,95172.8737181451
2014-11-22 18:00:00,96351.486,97220.70350846146,97897.88071431208
2014-11-22 19:00:00,95280.936,97030.32503392451,94838.58519157594
2014-11-22 20:00:00,93918.263,95721.38212841534,93333.61287688118
2014-11-22 21:00:00,91253.239,93771.16296568801,91291.00631898538
2014-11-22 22:00:00,87190.846,90396.97368480562,86938.51744512738
2014-11-22 23:00:00,82674.847,85905.67109177934,82150.2221042121
2014-11-23 00:00:00,78990.53,84163.57547749726,78938.12946458766
2014-11-23 01:00:00,76426.056,80736.7498207861,76721.86765955019
2014-11-23 02:00:00,75075.224,78455.47154326337,75555.12216708354
2014-11-23 03:00:00,74417.795,77240.53331902696,74602.31971463561
2014-11-23 04:00:00,74736.496,76952.70760632498,74759.12025667327
2014-11-23 05:00:00,75938.323,77719.3019622946,76936.21042445996
2014-11-23 06:00:00,78475.521,79439.83999845074,79220.94346800484
2014-11-23 07:00:00,81265.517,81925.64693731749,81830.6474665286
2014-11-23 08:00:00,83726.859,84184.19163562465,84441.9505003612
2014-11-23 09:00:00,84759.065,85695.19554962861,85665.74045101035
2014-11-23 10:00:00,83880.727,85736.38631820439,85351.3055387143
2014-11-23 11:00:00,82720.905,84105.09683030694,83325.81805556381
2014-11-23 12:00:00,81537.562,82427.67121355553,82217.210872977
2014-11-23 13:00:00,80553.657,80845.28897739307,80996.63990028836
2014-11-23 14:00:00,79896.684,79593.06865452476,80348.41361598605
2014-11-23 15:00:00,80838.44,79050.7373385167,79891.18706163431
2014-11-23 16:00:00,84496.323,80467.04306724103,83324.11930761687
2014-11-23 17:00:00,91009.318,84635.66312473547,89786.62716583848
2014-11-23 18:00:00,91520.161,89135.95083394145,92062.6559017346
2014-11-23 19:00:00,90572.08,89017.20550122485,91072.12969047726
2014-11-23 20:00:00,88724.584,87682.52375539023,89735.89771381501
2014-11-23 21:00:00,84599.721,85238.23454064687,86846.74022951585
2014-11-23 22:00:00,80200.094,80776.2968421149,80347.17232123796
2014-11-23 23:00:00,75107.533,75989.1877074775,75868.39445193968
2014-11-24 00:00:00,71154.154,76407.95024328223,71442.57646741068
2014-11-24 01:00:00,68797.112,72693.4229099538,68906.4834342868
2014-11-24 02:00:00,67458.84,70507.1140137917,67357.38397546213
2014-11-24 03:00:00,67045.786,69325.47942187628,67567.489690184
2014-11-24 04:00:00,68463.468,69170.00517275101,68890.0344862929
2014-11-24 05:00:00,73161.165,70965.79260901398,72724.28733970081
2014-11-24 06:00:00,81728.238,75743.33597527805,80245.3612841268
2014-11-24 07:00:00,86928.32,82794.89324557992,86594.24286218086
2014-11-24 08:00:00,87886.822,86977.97633700774,88542.66174930669
2014-11-24 09:00:00,88282.605,87814.72465757334,89110.62973067677
2014-11-24 10:00:00,88886.593,87828.0163104451,89247.5077078466
2014-11-24 11:00:00,88782.113,87853.4674335281,88709.86284965712
2014-11-24 12:00:00,88528.477,87708.53759989509,88519.17927791346
2014-11-24 13:00:00,88202.86,87249.56105885567,87841.69268871941
2014-11-24 14:00:00,87862.706,86825.08663655764,87945.45415688273
2014-11-24 15:00:00,87728.647,86792.94047285768,87786.87546663574
2014-11-24 16:00:00,89598.181,87784.57021177173,90336.68132226402
2014-11-24 17:00:00,95543.952,91147.65219935216,94783.72275309579
2014-11-24 18:00:00,96637.389,95430.57988004548,97166.30085664139
2014-11-24 19:00:00,95593.022,95744.53972704093,95753.55321015292
2014-11-24 20:00:00,93603.917,94284.91361018612,94938.72007576526
2014-11-24 21:00:00,89490.491,91451.3908050771,89700.78174079198
2014-11-24 22:00:00,84185.669,86912.73741847975,83505.99345386928
2014-11-24 23:00:00,78365.354,81385.22501480073,78755.85186509567
2014-11-25 00:00:00,73803.072,78742.04698305225,74594.28658641622
2014-11-25 01:00:00,71358.846,74780.62056374823,71491.50183302634
2014-11-25 02:00:00,70233.432,72666.07419990367,70394.07515623952
2014-11-25 03:00:00,70166.438,71285.7079311143,70034.71766593117
2014-11-25 04:00:00,71750.737,72004.74818171079,71435.53629835555
2014-11-25 05:00:00,76892.235,75074.35244640337,76427.27562636236
2014-11-25 06:00:00,85941.93,81446.17875505102,84080.74782848595
2014-11-25 07:00:00,91606.787,89236.46239897198,91104.84355652008
2014-11-25 08:00:00,92811.739,93298.1056467736,93199.83428302722
2014-11-25 09:00:00,93114.618,94017.6274724467,93919.8231120963
2014-11-25 10:00:00,93020.627,94451.01582828688,93868.43251836722
2014-11-25 11:00:00,92227.848,94115.85692893884,92810.46192892194
2014-11-25 12:00:00,91575.155,93255.39640698858,91606.79804540717
2014-11-25 13:00:00,90867.326,92520.68753056035,91263.52529538129
2014-11-25 14:00:00,89809.632,91800.02934732825,90165.87900795131
2014-11-25 15:00:00,89789.242,91008.94990280652,89563.28264564688
2014-11-25 16:00:00,92059.595,91749.70665945383,92079.79434453421
2014-11-25 17:00:00,98279.722,95452.39880356495,97491.50203191496
2014-11-25 18:00:00,99879.098,100155.99139792292,99993.30474621289
2014-11-25 19:00:00,99377.877,100827.400154548,99189.96526791234
2014-11-25 20:00:00,97825.413,99725.76426477187,98126.80056987802
2014-11-25 21:00:00,94622.789,97195.82717125081,95046.04854346898
2014-11-25 22:00:00,89504.45,92961.84487862245,89587.99502435343
2014-11-25 23:00:00,84130.237,87355.63769928786,83908.64713571075
2014-11-26 00:00:00,79764.623,84823.10273602259,79504.99323782024
2014-11-26 01:00:00,77135.586,80908.91736247417,76953.24427713433
2014-11-26 02:00:00,76013.899,78658.97182815532,75509.98688061659
2014-11-26 03:00:00,75781.951,77787.80455614005,75475.88746625683
2014-11-26 04:00:00,77586.742,78151.67884324644,76768.96397461748
2014-11-26 05:00:00,82179.521,81128.52847381456,81174.88877021578
2014-11-26 06:00:00,90128.194,87287.66466157632,89252.51185388079
2014-11-26 07:00:00,96150.298,94389.73562792962,95040.63649295273
2014-11-26 08:00:00,99148.996,98455.26177188382,96412.69798211522
2014-11-26 09:00:00,101429.256,100123.63968783095,98296.49499734439
2014-11-26 10:00:00,103217.147,101253.14974498408,100683.6503764787
2014-11-26 11:00:00,103474.249,101900.11585952144,102402.14982713581
2014-11-26 12:00:00,102915.098,101593.27571818643,102474.6653362832
2014-11-26 13:00:00,102218.011,100737.89042903205,102202.78032096727
2014-11-26 14:00:00,101319.153,99764.8012203151,101710.40638913742
2014-11-26 15:00:00,100855.004,99043.38092792855,101507.60991131494
2014-11-26 16:00:00,102526.156,99497.91721983958,103221.43561056738
2014-11-26 17:00:00,106960.937,102774.5955184043,107861.38855453541
2014-11-26 18:00:00,106315.692,106247.50157608521,108408.96770684546
2014-11-26 19:00:00,104262.714,105425.34215042577,105644.4592723041
2014-11-26 20:00:00,101540.019,103281.09052710584,102832.32347511781
2014-11-26 21:00:00,97654.052,100053.50883099735,98251.85166453372
2014-11-26 22:00:00,92451.012,95352.67985375425,91957.64010869227
2014-11-26 23:00:00,86446.913,89698.10945417352,86720.6485999318
2014-11-27 00:00:00,81783.318,86701.11970153663,82015.06475867656
2014-11-27 01:00:00,78789.425,82490.18948419689,78699.70457889303
2014-11-27 02:00:00,77398.391,79927.54877554033,77873.39168086661
2014-11-27 03:00:00,76899.945,78806.09117702571,77095.78546980591
2014-11-27 04:00:00,77491.374,78966.25135978778,78232.6091712747
2014-11-27 05:00:00,79412.911,80921.75662643496,81378.50096068675
2014-11-27 06:00:00,82156.708,84972.92396160626,86882.58501281335
2014-11-27 07:00:00,85001.998,88579.13832219307,88035.56710440129
2014-11-27 08:00:00,88269.936,91008.94051153347,88756.88211499224
2014-11-27 09:00:00,91230.303,93482.26667164914,90176.09548759286
2014-11-27 10:00:00,92734.342,95680.79605588,93018.25882745668
2014-11-27 11:00:00,92772.417,96257.4915559051,92461.87409175679
2014-11-27 12:00:00,90802.184,95755.07452818617,92243.49199711582
2014-11-27 13:00:00,87809.072,93933.71826567041,89612.76900553852
2014-11-27 14:00:00,85574.229,91397.48676836213,87397.70794357281
2014-11-27 15:00:00,84521.971,89625.75678036029,85799.63849332428
2014-11-27 16:00:00,85209.374,89500.15063675595,87476.18985114463
2014-11-27 17:00:00,88375.902,91715.8353839295,91752.59565374297
2014-11-27 18:00:00,88818.147,93880.9911632798,90897.54890123566
2014-11-27 19:00:00,88929.347,93572.94606785482,89984.74198920521
2014-11-27 20:00:00,89177.371,92774.62572390033,89325.5140082232
2014-11-27 21:00:00,88642.05,91581.03315992173,87989.22598218455
2014-11-27 22:00:00,86796.986,89368.77334886364,85899.87012434655
2014-11-27 23:00:00,83893.064,86011.94741754638,82949.67718854507
2014-11-28 00:00:00,81375.742,85167.54407866391,79856.74123855286
2014-11-28 01:00:00,79883.327,82447.68513553929,78914.48884310105
2014-11-28 02:00:00,79398.933,80931.60445917229,78710.10299992205
2014-11-28 03:00:00,79527.071,80455.04225053694,79638.56170544375
2014-11-28 04:00:00,81290.194,80845.0266778782,80819.33523355862
2014-11-28 05:00:00,84581.553,83092.20856076627,84493.31858580008
2014-11-28 06:00:00,88851.651,86958.29259054347,90319.24409316923
2014-11-28 07:00:00,91632.113,90929.59375465875,92839.70135442416
2014-11-28 08:00:00,92711.316,93315.80581580101,92622.01448517265
2014-11-28 09:00:00,93373.839,94349.6739288332,92405.4730382905
2014-11-28 10:00:00,93528.37,94731.97778743476,93419.22625715092
2014-11-28 11:00:00,92903.739,94461.42624575351,92560.45671333378
2014-11-28 12:00:00,91684.282,93144.15397878394,91731.80760800083
2014-11-28 13:00:00,90523.862,91280.86715871724,90512.97625676596
2014-11-28 14:00:00,89740.268,89659.92098730053,89110.29836916554
2014-11-28 15:00:00,90144.692,88726.21115250068,88876.882081677
2014-11-28 16:00:00,93613.679,89361.31313049179,93099.41026130671
2014-11-28 17:00:00,100278.395,93191.07378968105,99258.18701557245
2014-11-28 18:00:00,101428.806,98006.37318855294,102080.10378386865
2014-11-28 19:00:00,100595.82,98625.25821010704,100539.02043876231
2014-11-28 20:00:00,99545.388,97828.99354780994,99463.07651918533
2014-11-28 21:00:00,97287.077,96564.23839464781,96568.3077824775
2014-11-28 22:00:00,93902.744,93970.66197601498,91719.49008064484
2014-11-28 23:00:00,89838.701,90294.41537072397,88531.53680511091
2014-11-29 00:00:00,86178.432,89854.83508837421,85672.75984948062
2014-11-29 01:00:00,84096.409,86620.70212446622,83180.76319630723
2014-11-29 02:00:00,82863.715,84844.2322190816,82103.71196708432
2014-11-29 03:00:00,82513.406,83868.56842703772,82141.75137669255
2014-11-29 04:00:00,82980.916,84018.92825193344,83612.46974949735
2014-11-29 05:00:00,84723.092,85207.66553371237,85842.86809770527
2014-11-29 06:00:00,87587.108,87653.23520237113,89876.71552223094
2014-11-29 07:00:00,90266.084,90449.140507007,92254.25265391717
2014-11-29 08:00:00,92546.907,92494.04207696946,93035.46597287914
2014-11-29 09:00:00,93405.282,93933.80319292906,93681.67212247492
2014-11-29 10:00:00,92717.366,94024.35957822576,92681.4595555487
2014-11-29 11:00:00,90965.751,92876.39876924982,91133.6390972077
2014-11-29 12:00:00,88602.506,90796.60425111267,88900.968763107
2014-11-29 13:00:00,86418.301,88386.57862281828,86580.572280604
2014-11-29 14:00:00,84955.523,86315.6934170194,85545.86721139801
2014-11-29 15:00:00,84943.908,85216.55619980244,85542.00523750312
2014-11-29 16:00:00,88034.417,86129.54636822906,87369.54416762773
2014-11-29 17:00:00,93650.304,90253.32716386321,93188.66092031129
2014-11-29 18:00:00,94305.031,94306.84729756729,94916.5900657223
2014-11-29 19:00:00,93224.929,94290.81234583128,93825.71698182683
2014-11-29 20:00:00,91628.794,92977.56946940787,91855.30428392549
2014-11-29 21:00:00,89083.65,90886.2295876887,89257.26063111112
2014-11-29 22:00:00,85100.86,87447.5356467503,85443.56547383194
2014-11-29 23:00:00,80580.35,83084.99427425208,80192.36520555911
2014-11-30 00:00:00,75878.119,81286.4834679804,76280.49236805085
2014-11-30 01:00:00,73558.49,77097.76544993208,72864.78523008955
2014-11-30 02:00:00,71924.324,74897.35747041051,71319.67052855475
2014-11-30 03:00:00,71017.902,73465.34301571731,70520.69752502261
2014-11-30 04:00:00,71135.053,72823.54000528403,70805.29681983688
2014-11-30 05:00:00,72399.458,73279.52560065634,72858.27981655928
2014-11-30 06:00:00,74845.471,74969.19039553645,76330.41799887092
2014-11-30 07:00:00,76916.065,77454.4708951414,77894.77261659486
2014-11-30 08:00:00,78921.225,79540.07679006684,80190.85350968417
2014-11-30 09:00:00,80071.595,81056.5155599851,81353.35475939992
2014-11-30 10:00:00,80138.789,81389.71660122901,80926.86840099534
2014-11-30 11:00:00,79900.694,80687.13276752052,79807.64676405891
2014-11-30 12:00:00,79767.345,79665.29489149235,79139.66243942527
2014-11-30 13:00:00,79228.423,78823.64220778208,79213.29548460347
2014-11-30 14:00:00,78942.35,77915.40876358663,78832.2313266076
2014-11-30 15:00:00,79398.531,77714.08850974005,79293.91038824998
2014-11-30 16:00:00,82748.305,79043.115782202,81830.49660945444
2014-11-30 17:00:00,89170.813,83340.2104568462,88100.30947362098
2014-11-30 18:00:00,90442.702,87931.54978902219,90778.65002217969
2014-11-30 19:00:00,89615.806,88352.72508467722,90934.87653850077
2014-11-30 20:00:00,87855.582,87097.560485292,88865.67325984419
2014-11-30 21:00:00,84158.27,84950.16608544861,85204.8003581781
2014-11-30 22:00:00,79245.091,80946.10048400483,79690.89929264675
2014-11-30 23:00:00,74015.572,75846.32354352623,75324.92708556492
2014-12-01 00:00:00,70382.82,75976.26674766961,69717.45775203452
2014-12-01 01:00:00,68445.825,72563.71640541192,68211.59326707161
2014-12-01 02:00:00,67765.212,70599.70528358711,67691.38314146816
2014-12-01 03:00:00,68162.191,69813.13647107812,68167.14466828946
2014-12-01 04:00:00,70445.179,70218.04405160977,70431.28986699964
2014-12-01 05:00:00,76128.865,72581.2188183752,75416.29751527449
2014-12-01 06:00:00,84884.88,77954.30609840978,84279.79216528026
2014-12-01 07:00:00,90283.982,85002.91777301501,90043.17503285692
2014-12-01 08:00:00,91204.162,89236.5663798202,91041.05731925304
2014-12-01 09:00:00,91191.044,90103.71227943056,91019.62423548302
2014-12-01 10:00:00,91837.873,90077.58579476085,91568.85242088586
2014-12-01 11:00:00,91778.144,90345.24712004857,91189.79958460084
2014-12-01 12:00:00,91830.193,90125.0172861476,90808.936060986
2014-12-01 13:00:00,91811.358,89883.42077887403,90887.90064145952
2014-12-01 14:00:00,91781.334,89646.83661676335,91083.53487465643
2014-12-01 15:00:00,92446.368,89622.71663774812,91828.20109552746
2014-12-01 16:00:00,95733.832,90976.2008141643,95240.59441218656
2014-12-01 17:00:00,101439.895,95337.96170003165,101725.09372161484
2014-12-01 18:00:00,102669.393,99628.87454822309,102821.85800089981
2014-12-01 19:00:00,101988.457,100083.07606851966,101990.55111713166
2014-12-01 20:00:00,100292.497,98877.12210396006,101034.38929987681
2014-12-01 21:00:00,96471.422,96292.5386739283,97074.83031673632
2014-12-01 22:00:00,90715.098,91819.92762237664,90776.89727020111
2014-12-01 23:00:00,84733.138,85851.21491548693,84871.98441135745
2014-12-02 00:00:00,80526.612,82997.59642303444,80430.73659463262
2014-12-02 01:00:00,78286.605,79246.35728776675,78005.87956220495
2014-12-02 02:00:00,77575.792,77280.15862264995,77237.97866395109
2014-12-02 03:00:00,77980.936,76741.37176068331,77768.64428136076
2014-12-02 04:00:00,80091.849,77570.68704636597,79880.2293781658
2014-12-02 05:00:00,85966.871,80763.64664419906,84990.76371723572
2014-12-02 06:00:00,95553.899,87738.84818684334,93533.99192209273
2014-12-02 07:00:00,101320.714,96145.08193120359,99826.9201561788
2014-12-02 08:00:00,102173.971,100358.62751519657,100950.66847403669
2014-12-02 09:00:00,102630.447,100813.21178162,101257.13363949247
2014-12-02 10:00:00,103120.838,101059.1029777436,102011.63427377409
2014-12-02 11:00:00,103037.858,101119.72776911211,101728.82752126522
2014-12-02 12:00:00,102900.874,100827.14125689305,101817.83561549238
2014-12-02 13:00:00,102911.191,100486.34604676208,102030.20684107927
2014-12-02 14:00:00,102602.975,100223.11827585858,102121.4220403447
2014-12-02 15:00:00,103047.621,100017.99404870703,102709.16316260654
2014-12-02 16:00:00,106192.53,101193.74045125289,104412.91457099542
2014-12-02 17:00:00,110792.334,105213.51217488738,111458.96914786405
2014-12-02 18:00:00,110872.901,108766.7727597877,111589.65744805255
2014-12-02 19:00:00,109347.691,108489.59814448144,109221.45346071519
2014-12-02 20:00:00,106785.767,106739.75864535144,107296.49902589695
2014-12-02 21:00:00,101968.443,103581.80449211862,103588.67481354701
2014-12-02 22:00:00,95298.659,98195.02623163199,95698.3977096501
2014-12-02 23:00:00,88771.977,91450.75873839803,88496.42510346997
2014-12-03 00:00:00,83905.297,88077.846856185,83830.57920366788
2014-12-03 01:00:00,81114.378,83758.20647379087,81589.20247640138
2014-12-03 02:00:00,79602.503,81398.10456954643,79341.22207631833
2014-12-03 03:00:00,79326.457,80283.40941415358,79481.39710967017
2014-12-03 04:00:00,81115.872,80641.25385068782,80640.67689428445
2014-12-03 05:00:00,86185.406,83624.2091824547,85832.84190692208
2014-12-03 06:00:00,95107.537,90106.835442992,95659.89772593105
2014-12-03 07:00:00,100448.093,98182.04166770463,100116.71705542252
2014-12-03 08:00:00,100369.44,102303.66257057324,100363.87261200148
2014-12-03 09:00:00,99996.528,102456.01345516938,100921.74369916924
2014-12-03 10:00:00,99746.527,102316.58486787276,100295.99761587405
2014-12-03 11:00:00,99042.795,101974.48996985126,99342.14087800606
2014-12-03 12:00:00,98105.217,101190.66611403113,99000.21424507472
2014-12-03 13:00:00,97264.851,100287.81148359891,98068.0895055151
2014-12-03 14:00:00,96052.815,99377.48441980807,96475.52840227583
2014-12-03 15:00:00,95698.362,98432.76963434668,96257.05108189675
2014-12-03 16:00:00,98556.734,98960.05123310632,99084.09754208033
2014-12-03 17:00:00,104848.859,102474.66175108792,104109.40382840013
2014-12-03 18:00:00,106204.492,106721.42291720957,107392.3586929239
2014-12-03 19:00:00,105480.845,106998.09072719351,105801.52109307362
2014-12-03 20:00:00,104053.591,105496.21396523589,104344.17431240583
2014-12-03 21:00:00,100662.042,102864.25837489066,100945.03024265249
2014-12-03 22:00:00,94872.44,98310.7112205265,95705.38160523781
2014-12-03 23:00:00,88963.207,91994.84186071713,88666.46760358836
2014-12-04 00:00:00,84722.633,88883.50463890175,84391.98961599873
2014-12-04 01:00:00,82552.461,84829.21377642005,82311.1916986354
2014-12-04 02:00:00,81756.821,82690.54873759886,81522.82354888541
2014-12-04 03:00:00,82124.299,81878.28083757285,81758.79187339635
2014-12-04 04:00:00,84287.861,82462.84889603857,84163.05856458336
2014-12-04 05:00:00,90140.613,85215.10812550322,88614.89832476767
2014-12-04 06:00:00,99955.26,91482.88414839734,97741.46358331839
2014-12-04 07:00:00,104875.448,99696.16968473938,103872.74374838093
2014-12-04 08:00:00,104151.883,103317.48314343434,103953.57008167256
2014-12-04 09:00:00,102629.541,102905.35496201928,102425.2640266303
2014-12-04 10:00:00,101256.62,101746.52519722923,101650.06509384493
2014-12-04 11:00:00,99542.522,100460.80062852697,99727.70347474674
2014-12-04 12:00:00,98606.846,98627.02039024388,97718.84317332551
2014-12-04 13:00:00,98132.91,97282.97883023687,97026.3136616985
2014-12-04 14:00:00,97941.254,96258.41115061815,96540.9631423872
2014-12-04 15:00:00,98533.21,95777.01790277415,97478.93147173316
2014-12-04 16:00:00,102027.22,96791.74348087757,99868.86198538155
2014-12-04 17:00:00,108500.854,100908.4133074387,106555.35531008922
2014-12-04 18:00:00,109104.509,105672.07780659196,109196.9430076162
2014-12-04 19:00:00,108028.501,105810.51462466869,106849.18282612854
2014-12-04 20:00:00,106297.155,104624.6927544566,105889.95644557053
2014-12-04 21:00:00,102316.842,102452.7845556947,102556.6413406388
2014-12-04 22:00:00,96192.228,97996.04291218877,95643.30876705567
2014-12-04 23:00:00,89659.477,91909.92728267107,89428.59967498636
2014-12-05 00:00:00,84891.169,88719.79735773915,84401.5351698986
2014-12-05 01:00:00,81950.226,84591.51466170442,81686.71484330774
2014-12-05 02:00:00,80646.445,82160.39459413475,80646.19487854265
2014-12-05 03:00:00,80559.466,81208.82034045985,80321.05925737477
2014-12-05 04:00:00,82192.496,81685.86895628607,82416.79719993367
2014-12-05 05:00:00,87129.553,84367.6116146371,86553.84032696945
2014-12-05 06:00:00,96094.629,90383.844435837,95331.42113908322
2014-12-05 07:00:00,101346.262,97913.21418804053,101045.44275822132
2014-12-05 08:00:00,101410.013,101369.4169072943,100547.8583607786
2014-12-05 09:00:00,101126.368,100972.61032251475,100213.63452206673
2014-12-05 10:00:00,101214.008,100277.25792257005,99555.04916900164
2014-12-05 11:00:00,100456.738,99716.7253317842,99094.32690174747
2014-12-05 12:00:00,99438.177,98653.62091005876,98580.42368853945
2014-12-05 13:00:00,98682.359,97538.1026076626,97551.78562833778
2014-12-05 14:00:00,97894.681,96722.38490664514,96765.0252205712
2014-12-05 15:00:00,97864.859,96185.94299366086,97021.19748354057
2014-12-05 16:00:00,100426.65,97195.12062477536,100097.50488456822
2014-12-05 17:00:00,104350.947,101056.7996620743,105966.10196022924
2014-12-05 18:00:00,103620.472,103925.01612234682,105182.86962060342
2014-12-05 19:00:00,101485.6,102950.73183267124,102553.43433658322
2014-12-05 20:00:00,99179.88,100824.75865329753,100141.13693291297
2014-12-05 21:00:00,95844.201,97926.38228812563,95941.12481252581
2014-12-05 22:00:00,91033.284,93689.14035929636,90506.53980635162
2014-12-05 23:00:00,85028.7,88266.24001497253,85265.35337649568
2014-12-06 00:00:00,80209.675,85948.37445746805,79953.94524049935
2014-12-06 01:00:00,76950.046,81543.5984490157,77322.32797014763
2014-12-06 02:00:00,75151.607,78722.18645206804,75945.51524421213
2014-12-06 03:00:00,74392.879,77280.96730458151,74863.72056253308
2014-12-06 04:00:00,74754.142,77060.01032762908,74961.97607187713
2014-12-06 05:00:00,76532.059,78500.09277035829,77030.46253951825
2014-12-06 06:00:00,80071.281,81970.1572772311,80514.99875071936
2014-12-06 07:00:00,83885.006,85789.63955391372,84203.72313276888
2014-12-06 08:00:00,87395.24,88564.42659100273,87497.69761196838
2014-12-06 09:00:00,90143.917,90888.54263446384,89555.15959010497
2014-12-06 10:00:00,91409.116,92571.61376466142,90601.3070699116
2014-12-06 11:00:00,91509.702,92919.3436331931,90171.01404697701
2014-12-06 12:00:00,90736.848,92324.90004063507,90115.3047550161
2014-12-06 13:00:00,89826.91,91206.82203417199,89010.26142054713
2014-12-06 14:00:00,88962.036,90068.64485195617,88350.00607364754
2014-12-06 15:00:00,88998.158,89309.2410023149,88521.44543037291
2014-12-06 16:00:00,91695.318,90143.64751896398,91860.44989290027
2014-12-06 17:00:00,96173.476,93477.04833960817,97342.29473766709
2014-12-06 18:00:00,96752.795,96390.20831705742,97760.0177671922
2014-12-06 19:00:00,95593.95,96073.89975808917,95675.52629388607
2014-12-06 20:00:00,94359.036,94443.33717716506,94544.07930876678
2014-12-06 21:00:00,92149.119,92438.22194266602,91828.58096298999
2014-12-06 22:00:00,88445.324,89265.21516449966,87324.81038779223
2014-12-06 23:00:00,84078.681,84693.42063491141,82757.34279985631
2014-12-07 00:00:00,79958.818,82664.14761270434,79972.23949281564
2014-12-07 01:00:00,77424.568,78671.3938589077,77062.85135646866
2014-12-07 02:00:00,76295.927,76206.84961128824,76123.7491384082
2014-12-07 03:00:00,76132.442,75036.34943158375,76788.27675695464
2014-12-07 04:00:00,77033.923,74923.63994910031,76335.20671558767
2014-12-07 05:00:00,79001.916,75986.23176380587,77721.71726569826
2014-12-07 06:00:00,82257.699,78318.19930062306,80824.09228000013
2014-12-07 07:00:00,85650.218,81556.65314690571,83933.29253400146
2014-12-07 08:00:00,88256.45,84812.30751556568,86903.85671633744
2014-12-07 09:00:00,89171.63,87186.71652809672,89132.38185867225
2014-12-07 10:00:00,88567.25,87847.8155426001,89001.14504570552
2014-12-07 11:00:00,87148.535,87216.95952734788,87125.95127820925
2014-12-07 12:00:00,86120.199,85817.51209121372,86188.52363167815
2014-12-07 13:00:00,84990.273,84644.1974482298,85282.86225888753
2014-12-07 14:00:00,84518.126,83466.07832046322,84086.21696547851
2014-12-07 15:00:00,85364.331,83041.19089280974,84533.90862212787
2014-12-07 16:00:00,90143.276,84493.94527412078,88683.53144704016
2014-12-07 17:00:00,99259.747,89496.9014164487,97369.64364495607
2014-12-07 18:00:00,101866.153,96013.70921567816,100640.23642978404
2014-12-07 19:00:00,102331.73,97348.13379293123,101487.83037784896
2014-12-07 20:00:00,101965.045,97086.08895677153,101166.31542057754
2014-12-07 21:00:00,98967.049,95786.97191079301,99058.11988223309
2014-12-07 22:00:00,94152.709,92163.29223885552,94092.98655301917
2014-12-07 23:00:00,88878.75,87089.58577633197,88793.8433127092
2014-12-08 00:00:00,85217.95,87289.34313800119,84354.75810369832
2014-12-08 01:00:00,83508.741,83796.11872043624,82923.12911253033
2014-12-08 02:00:00,82917.19,82132.25481476617,82416.78539359337
2014-12-08 03:00:00,83516.681,81595.9813039078,82763.69904556635
2014-12-08 04:00:00,85975.666,82343.9010393424,85607.22964334112
2014-12-08 05:00:00,91865.799,84999.3660515307,91020.54921025045
2014-12-08 06:00:00,101606.76,90696.4222737034,99706.60338009751
2014-12-08 07:00:00,107059.913,98731.76749219069,105261.58757203833
2014-12-08 08:00:00,107620.852,103109.00810543772,106415.20235382515
2014-12-08 09:00:00,107277.858,103546.97395469176,107350.60047254548
2014-12-08 10:00:00,106802.611,103029.73906734209,105716.06410176645
2014-12-08 11:00:00,105962.718,102191.43598036247,105495.40664341266
2014-12-08 12:00:00,104861.271,101197.25105764646,104379.00552112618
2014-12-08 13:00:00,104117.381,100013.52255513506,103875.00106415775
2014-12-08 14:00:00,103414.611,99248.7951403066,102672.07047295506
2014-12-08 15:00:00,103912.584,98911.52848093696,102787.5735603366
2014-12-08 16:00:00,107321.652,100601.72936307781,104967.14521131766
2014-12-08 17:00:00,113305.803,105622.70630755865,111811.42340541595
2014-12-08 18:00:00,113956.894,110403.44433422628,112370.22767319813
2014-12-08 19:00:00,112515.834,110771.67629487929,111601.14624957733
2014-12-08 20:00:00,110389.45,109365.4924803499,109658.87053870592
2014-12-08 21:00:00,106094.957,106648.80757853176,105592.11388762979
2014-12-08 22:00:00,99412.801,101796.58911155877,98355.25880566196
2014-12-08 23:00:00,92296.872,95144.38720994364,90966.10256147727
2014-12-09 00:00:00,87318.364,91513.49466785813,85842.06911856434
2014-12-09 01:00:00,84685.136,87282.7038813708,83420.19750125676
2014-12-09 02:00:00,83420.175,85105.40573251927,82111.59169100971
2014-12-09 03:00:00,83439.298,84279.3990773511,82067.85079523743
2014-12-09 04:00:00,85167.417,84962.09434101879,84357.8984360387
2014-12-09 05:00:00,90647.73,88040.34460688346,89985.63595157207
2014-12-09 06:00:00,99563.787,95024.2970931124,99026.87878833192
2014-12-09 07:00:00,105176.783,102983.81712873708,104684.09390770407
2014-12-09 08:00:00,105472.843,106973.83820246,104910.52356160074
2014-12-09 09:00:00,105221.467,107005.00094687328,104392.06478719118
2014-12-09 10:00:00,104942.35,106609.68918051293,104475.10197531135
2014-12-09 11:00:00,103995.033,106056.96647359132,103376.70013683318
2014-12-09 12:00:00,102917.32,104965.50254243948,102787.30112177586
2014-12-09 13:00:00,102058.38,103883.2160238143,102770.98505666104
2014-12-09 14:00:00,101088.292,102946.99809989533,101947.97165650163
2014-12-09 15:00:00,101356.189,102308.69256473405,102016.48602148324
2014-12-09 16:00:00,104477.373,103511.46972466407,104714.85383769464
2014-12-09 17:00:00,110267.205,107461.76895026019,109411.74052436382
2014-12-09 18:00:00,110772.78,111529.90180697909,110023.72492824915
2014-12-09 19:00:00,109458.388,111252.46191614299,108863.82099519862
2014-12-09 20:00:00,107272.807,109441.2148214811,107158.79330487644
2014-12-09 21:00:00,102877.013,106271.43013282398,103095.63353304606
2014-12-09 22:00:00,96147.431,100830.81316410308,96311.7726807167
2014-12-09 23:00:00,89422.106,93654.55450201506,89155.80408399677
2014-12-10 00:00:00,84507.641,89923.33898834516,84413.57630056576
2014-12-10 01:00:00,81991.178,85457.17052700951,81370.18356287893
2014-12-10 02:00:00,80995.877,83120.5799814333,80607.05327182703
2014-12-10 03:00:00,81152.417,82285.75768493311,80339.6568904028
2014-12-10 04:00:00,83269.307,82876.52373618609,82983.8374911265
2014-12-10 05:00:00,88825.86,86064.42845619752,88161.03754535421
2014-12-10 06:00:00,98227.376,92840.02280249978,97579.5804314938
2014-12-10 07:00:00,103451.343,101133.1521568186,104119.41061830193
2014-12-10 08:00:00,103468.109,104707.28614386963,103581.84022401844
2014-12-10 09:00:00,102685.676,104488.0622512376,103224.94894175089
2014-12-10 10:00:00,102570.822,103708.2335489459,103134.95346918264
2014-12-10 11:00:00,102242.863,103200.1404614396,102077.9629759175
2014-12-10 12:00:00,101640.343,102478.05229714411,101222.80523793392
2014-12-10 13:00:00,101557.74,101623.86718361138,100485.22096617085
2014-12-10 14:00:00,101259.071,101067.95249101438,100334.1182461135
2014-12-10 15:00:00,101841.473,100746.57227789331,100854.46332267867
2014-12-10 16:00:00,105788.036,102052.87997504827,103872.39197910494
2014-12-10 17:00:00,112411.562,106730.98918903145,111134.82841731238
2014-12-10 18:00:00,113559.061,111494.25701118825,112363.85967586451
2014-12-10 19:00:00,112382.636,111789.06014357833,111651.63171285501
2014-12-10 20:00:00,110709.635,110194.68071036662,110327.06150233481
2014-12-10 21:00:00,106921.658,107526.8923999927,107199.0753781765
2014-12-10 22:00:00,100620.754,102592.39218871307,100262.134375933
2014-12-10 23:00:00,93961.72,95877.91412420466,94707.55687807284
2014-12-11 00:00:00,89594.699,92277.48901099173,88819.40198308062
2014-12-11 01:00:00,87226.784,88293.72623320085,86086.64900953654
2014-12-11 02:00:00,86338.778,86212.74450902257,85007.48949875511
2014-12-11 03:00:00,86578.197,85564.54708935507,86038.84066875878
2014-12-11 04:00:00,88736.332,86339.40416092695,88676.84325852293
2014-12-11 05:00:00,94426.855,89647.27162712767,92613.22715816811
2014-12-11 06:00:00,104169.898,96720.1814829927,102443.93380625617
2014-12-11 07:00:00,109511.515,105124.80674229945,107591.91116602413
2014-12-11 08:00:00,108930.657,108639.61388338407,108705.66811437951
2014-12-11 09:00:00,107690.469,107713.58374810306,107484.06041645755
2014-12-11 10:00:00,106447.603,106441.3858841777,107814.68270760411
2014-12-11 11:00:00,104903.098,105129.23473777469,105248.21313311384
2014-12-11 12:00:00,103726.722,103607.51004417463,103419.10100868797
2014-12-11 13:00:00,102882.625,102536.7833750974,102160.17167001123
2014-12-11 14:00:00,101914.803,101687.59501584103,101903.81758685573
2014-12-11 15:00:00,102092.361,101056.38580723977,101881.36113048521
2014-12-11 16:00:00,105642.848,102328.18063058994,104680.88437605942
2014-12-11 17:00:00,112600.956,106976.37485907383,110845.87299891091
2014-12-11 18:00:00,114047.334,112046.20572694245,112523.5614052528
2014-12-11 19:00:00,113235.518,112554.1427291013,112536.7015530673
2014-12-11 20:00:00,111869.132,111292.76148864487,111118.75044863892
2014-12-11 21:00:00,108252.446,108930.5138414168,107624.12202529085
2014-12-11 22:00:00,101952.591,104189.60385464536,101809.76654684008
2014-12-11 23:00:00,95291.817,97425.35139595039,95065.47045048006
2014-12-12 00:00:00,90394.186,93887.41442484214,89537.79820480687
2014-12-12 01:00:00,87872.461,89492.60507075401,86925.99689490638
2014-12-12 02:00:00,86704.206,87258.81343667011,85276.56958526114
2014-12-12 03:00:00,86836.457,86356.99076912084,86438.92269169666
2014-12-12 04:00:00,88743.577,86981.6750558961,88533.94149911638
2014-12-12 05:00:00,94115.053,90042.82245154458,92799.62242880186
2014-12-12 06:00:00,103255.027,96866.33220197709,101347.62301193288
2014-12-12 07:00:00,108673.908,104896.18550639508,107738.14531000498
2014-12-12 08:00:00,108385.664,108407.15143726708,107742.54366971037
2014-12-12 09:00:00,107292.811,107704.9063237079,107341.55665672017
2014-12-12 10:00:00,105510.125,106454.35627915458,105913.33404435574
2014-12-12 11:00:00,103484.168,104595.38905645734,103895.11661397421
2014-12-12 12:00:00,101379.531,102607.22765676382,102027.20813388472
2014-12-12 13:00:00,100147.771,100701.03610551421,100346.29651136242
2014-12-12 14:00:00,98802.069,99372.52395840165,99181.06762574692
2014-12-12 15:00:00,98633.512,98318.11299347301,99246.49789445948
2014-12-12 16:00:00,101774.773,99136.11468830056,102024.93602198508
2014-12-12 17:00:00,108577.307,103253.62176866659,107377.76258697567
2014-12-12 18:00:00,109193.735,108118.08892510837,109972.14267660915
2014-12-12 19:00:00,107840.851,107994.08621191363,107205.76143826332
2014-12-12 20:00:00,106270.348,106345.94704346303,106061.94998551994
2014-12-12 21:00:00,103587.156,103909.16159754501,103127.02138628335
2014-12-12 22:00:00,98951.776,99917.93576641778,98028.24473396629
2014-12-12 23:00:00,93204.037,94342.698027255,91544.30738009243
2014-12-13 00:00:00,88295.221,92019.18690788824,87426.46798611
2014-12-13 01:00:00,85373.399,87516.8656693443,84443.16606522063
2014-12-13 02:00:00,84023.948,84871.20099203763,83341.94175756651
2014-12-13 03:00:00,83775.567,83727.98112223545,83133.77699128019
2014-12-13 04:00:00,84441.821,83885.92559267412,85096.50493292739
2014-12-13 05:00:00,86723.274,85601.99590430758,87224.18739724698
2014-12-13 06:00:00,90224.371,89526.70839103409,90308.72872826095
2014-12-13 07:00:00,94273.644,93462.2485718721,94046.76701042155
2014-12-13 08:00:00,96807.299,96440.1854109034,95049.6816796507
2014-12-13 09:00:00,97315.065,98083.7827573587,97285.29485964781
2014-12-13 10:00:00,96501.842,97978.08293436088,95880.79935041259
2014-12-13 11:00:00,94991.643,96772.15197110045,94291.4091108579
2014-12-13 12:00:00,93190.753,94951.38989590018,92924.77958938373
2014-12-13 13:00:00,91605.539,93123.17581225671,91104.80574307256
2014-12-13 14:00:00,90506.25,91438.09236117195,90269.85555843644
2014-12-13 15:00:00,90633.446,90461.07328360522,89931.29121831688
2014-12-13 16:00:00,93715.472,91392.31477012382,93067.37388002103
2014-12-13 17:00:00,99671.749,95439.77389745935,99944.30717961171
2014-12-13 18:00:00,100492.281,99657.78736102037,101195.67115873443
2014-12-13 19:00:00,99429.772,99627.23830190855,99447.45026437641
2014-12-13 20:00:00,98174.447,98238.34210587083,97792.47635994668
2014-12-13 21:00:00,96029.379,96348.0491586354,94871.89843019987
2014-12-13 22:00:00,91991.834,93214.78504728193,91079.3892297949
2014-12-13 23:00:00,87199.773,88451.53127507147,85731.9897337382
2014-12-14 00:00:00,82641.896,86136.97296641726,82324.97053554606
2014-12-14 01:00:00,80026.573,81864.69240277536,79109.90997612877
2014-12-14 02:00:00,78576.733,79467.99706221918,77677.11160557988
2014-12-14 03:00:00,77886.719,78233.7606815552,77152.4429142912
2014-12-14 04:00:00,78015.539,77861.73957889817,78519.22352515136
2014-12-14 05:00:00,79447.118,78524.03848993107,80317.74007736312
2014-12-14 06:00:00,82076.888,80538.82967419727,82488.08994482871
2014-12-14 07:00:00,85016.045,83532.38339017174,84963.12124495913
2014-12-14 08:00:00,87615.258,86305.83485782647,88583.13377057321
2014-12-14 09:00:00,88545.164,88183.653687542,89770.15962886
2014-12-14 10:00:00,88364.819,88399.25169876467,89061.59870117881
2014-12-14 11:00:00,87721.139,87608.09018792133,86994.36899162704
2014-12-14 12:00:00,87391.033,86454.31907884829,87005.35497128831
2014-12-14 13:00:00,86332.606,85568.19920835848,86734.71458098452
2014-12-14 14:00:00,85661.875,84372.3287277067,85975.2772399224
2014-12-14 15:00:00,85953.238,83871.29761918675,85960.1423008686
2014-12-14 16:00:00,89394.914,85170.7442532354,89122.24600925852
2014-12-14 17:00:00,96659.082,89828.94765623164,95888.77495153507
2014-12-14 18:00:00,98326.273,95248.24641475269,98122.84984634985
2014-12-14 19:00:00,97996.492,96094.81876953106,97449.90696911103
2014-12-14 20:00:00,96863.953,95422.6595965878,96615.90513813372
2014-12-14 21:00:00,93610.368,93702.58992558288,94243.40077543889
2014-12-14 22:00:00,88643.136,89852.11188007568,88446.85123257806
2014-12-14 23:00:00,83112.057,84575.62941732326,83716.62158786194
2014-12-15 00:00:00,79058.992,84493.9031563047,78279.28407502774
2014-12-15 01:00:00,76805.591,80757.6462218582,76880.27177948484
2014-12-15 02:00:00,76022.83,78664.4875968874,75961.75433374073
2014-12-15 03:00:00,76515.857,77898.72925165063,75811.28412008863
2014-12-15 04:00:00,78943.263,78422.40380162744,77985.92131230047
2014-12-15 05:00:00,84787.419,80991.20286940473,84424.29300134
2014-12-15 06:00:00,94568.789,86635.05043206278,93149.77512279207
2014-12-15 07:00:00,100342.863,94617.14301742177,99942.62160189256
2014-12-15 08:00:00,100188.423,99190.95802288713,100554.83074203701
2014-12-15 09:00:00,98493.17,99136.88442854231,99674.09989277639
2014-12-15 10:00:00,97002.989,97702.24734208008,98136.59524327621
2014-12-15 11:00:00,95209.109,96268.85878071561,96170.110624526
2014-12-15 12:00:00,93474.833,94660.06147643887,94915.9761601632
2014-12-15 13:00:00,92272.815,92979.41267686627,92935.66654442625
2014-12-15 14:00:00,91029.401,91777.52803284132,91724.4207324612
2014-12-15 15:00:00,91016.146,90911.3682806361,91247.13337107537
2014-12-15 16:00:00,94616.747,91962.0565547308,93282.45941995065
2014-12-15 17:00:00,102887.343,96751.19326069189,100955.47458864571
2014-12-15 18:00:00,105075.801,102858.54697123895,103640.27392284508
2014-12-15 19:00:00,104785.97,104041.88806761497,103687.4712542713
2014-12-15 20:00:00,103568.361,103225.16466148714,103036.89670870689
2014-12-15 21:00:00,99783.935,101050.80578127394,99894.68789287335
2014-12-15 22:00:00,93921.544,96429.85853384204,92948.5970443124
2014-12-15 23:00:00,87116.274,90169.50965609463,86635.64286976865
2014-12-16 00:00:00,82297.752,86578.59695043211,80670.55850462374
2014-12-16 01:00:00,79688.465,82274.05231199681,78433.14102629201
2014-12-16 02:00:00,78575.704,80011.96719228044,77519.37449412567
2014-12-16 03:00:00,78657.401,79213.58396460686,77602.66457065407
2014-12-16 04:00:00,80468.569,79884.52544781391,79478.44127903505
2014-12-16 05:00:00,85927.469,82959.35266440755,86055.10109217562
2014-12-16 06:00:00,95303.132,89869.0923363887,94488.49299321542
2014-12-16 07:00:00,100956.539,98217.37818462035,99812.57159362292
2014-12-16 08:00:00,100497.422,102018.6632568828,100193.52648186317
2014-12-16 09:00:00,99405.198,101144.48292314963,99642.17788307377
2014-12-16 10:00:00,98886.807,99859.26547219726,98590.46416119947
2014-12-16 11:00:00,98147.691,98831.18585713544,97708.10470438203
2014-12-16 12:00:00,97449.146,97656.70707051271,97333.14504026559
2014-12-16 13:00:00,97119.593,96675.83992693361,97214.48531462032
2014-12-16 14:00:00,97154.222,95936.99676682067,96269.85024295095
2014-12-16 15:00:00,97651.682,95882.77476452744,96594.28380521761
2014-12-16 16:00:00,100876.04,97315.69895710266,100157.18044967843
2014-12-16 17:00:00,106397.556,102029.880736647,106201.7513464718
2014-12-16 18:00:00,106712.312,106328.75408220044,106926.36912570959
2014-12-16 19:00:00,105350.186,106237.90715931327,105664.3752545546
2014-12-16 20:00:00,103554.019,104650.7373594866,103479.03279017769
2014-12-16 21:00:00,99764.853,101936.73369982673,99984.19037019071
2014-12-16 22:00:00,93350.284,97119.79684110892,93000.15603080187
2014-12-16 23:00:00,86310.296,90235.81670959914,86666.64839834059
2014-12-17 00:00:00,81305.246,86329.27676828795,81367.15128267062
2014-12-17 01:00:00,78616.012,81857.87346280781,78426.7185845155
2014-12-17 02:00:00,77536.761,79525.34609938994,77753.10325757855
2014-12-17 03:00:00,77408.68,78715.08963606534,77734.61992294759
2014-12-17 04:00:00,79398.527,79200.98851150824,78805.67324860861
2014-12-17 05:00:00,85191.326,82376.74344227594,84574.7135758415
2014-12-17 06:00:00,94653.553,89485.72964512666,94037.33064322885
2014-12-17 07:00:00,100408.421,97828.0937275941,100071.17349655657
2014-12-17 08:00:00,100162.714,101613.94369726999,100462.95582488689
2014-12-17 09:00:00,98994.708,100987.98363928485,99932.96687969223
2014-12-17 10:00:00,98338.901,99931.00268001514,98875.05406365392
2014-12-17 11:00:00,97491.517,99138.4815063296,97934.25118195121
2014-12-17 12:00:00,96786.834,98192.37978532276,96979.58448412968
2014-12-17 13:00:00,96687.888,97497.42643823038,96372.10296086152
2014-12-17 14:00:00,96503.559,97281.98711662184,96384.52624821926
2014-12-17 15:00:00,96917.886,97210.1689289627,96408.09445263531
2014-12-17 16:00:00,100687.693,98559.22676698753,99794.13210720665
2014-12-17 17:00:00,107879.848,103083.16548142278,107303.251507545
2014-12-17 18:00:00,109309.332,108162.25376096237,109967.66000735882
2014-12-17 19:00:00,108659.594,108589.77150523207,108070.10855639102
2014-12-17 20:00:00,107476.155,107418.6425734137,106677.43629967046
2014-12-17 21:00:00,104434.584,105186.22177163868,103846.5152828194
2014-12-17 22:00:00,98829.188,100777.18069664911,98717.49264327151
2014-12-17 23:00:00,92225.507,94389.5029212772,92214.46781116673
2014-12-18 00:00:00,87282.161,90785.7421510711,86858.2465309721
2014-12-18 01:00:00,85005.238,86341.33426648402,83999.42100120724
2014-12-18 02:00:00,84126.607,84298.80245281254,83501.71764665609
2014-12-18 03:00:00,84316.829,83554.54147910146,83405.95103375541
2014-12-18 04:00:00,86588.395,84260.71127907991,85809.52407106852
2014-12-18 05:00:00,92353.051,87673.86549758221,90831.81303007052
2014-12-18 06:00:00,102124.057,94809.69837264053,99375.45279720135
2014-12-18 07:00:00,107743.402,103395.79744518617,105475.56071705317
2014-12-18 08:00:00,107301.273,107058.87973924562,108229.65205473971
2014-12-18 09:00:00,106148.034,106222.19393612478,106205.50958728927
2014-12-18 10:00:00,105504.628,104971.22499942264,105418.13793670552
2014-12-18 11:00:00,104425.79,104019.98894393395,104189.79174763687
2014-12-18 12:00:00,102891.469,102836.35307549973,103300.37613544645
2014-12-18 13:00:00,102039.887,101520.1847261269,102094.28412652358
2014-12-18 14:00:00,101582.437,100639.58296563191,101272.65152101204
2014-12-18 15:00:00,101836.926,100307.17310164835,102043.7101465543
2014-12-18 16:00:00,105583.0,101608.39421647294,104210.27093616176
2014-12-18 17:00:00,112358.633,106506.41137212413,111414.54877614064
2014-12-18 18:00:00,113412.97,111582.80286124392,112448.26711330678
2014-12-18 19:00:00,112252.617,111957.8648750737,111494.78534996122
2014-12-18 20:00:00,110927.721,110605.34571016714,110063.16998718305
2014-12-18 21:00:00,107225.913,108475.8219174711,107354.97126631587
2014-12-18 22:00:00,100977.798,103798.89287961836,99932.00496206219
2014-12-18 23:00:00,94133.123,97066.119933081,94370.8891213768
2014-12-19 00:00:00,88924.402,93252.55591059072,88632.00143093136
2014-12-19 01:00:00,86014.753,88689.67223728198,84978.9120849704
2014-12-19 02:00:00,84811.961,86205.67903249111,83558.55455128044
2014-12-19 03:00:00,84921.912,85296.6045569845,83617.0512920245
2014-12-19 04:00:00,86931.509,85970.84581680715,85945.58873023295
2014-12-19 05:00:00,92223.705,89172.51610377277,90750.59544809886
2014-12-19 06:00:00,101340.292,95977.33574614805,99689.87766672898
2014-12-19 07:00:00,107405.234,104065.27733564348,106358.88386342821
2014-12-19 08:00:00,107566.211,108017.28516988765,106399.57511981775
2014-12-19 09:00:00,106809.051,107611.29794878505,107398.12333799204
2014-12-19 10:00:00,106055.116,106554.06285813138,105637.08591518296
2014-12-19 11:00:00,104282.942,105396.12799574682,104325.73366681971
2014-12-19 12:00:00,102547.211,103404.28568362049,102625.39126573558
2014-12-19 13:00:00,100967.455,101713.61272914657,102565.89451889356
2014-12-19 14:00:00,99679.587,100219.1779057298,100126.32510855928
2014-12-19 15:00:00,99657.081,99201.80448077866,99914.8112741016
2014-12-19 16:00:00,103019.908,100233.56940567592,102946.2839484081
2014-12-19 17:00:00,109960.423,104637.9012349035,108711.33596611375
2014-12-19 18:00:00,110833.274,109770.58873658956,110378.21451052504
2014-12-19 19:00:00,109497.037,109849.25942009875,108692.13751893528
2014-12-19 20:00:00,108053.659,108308.58549127053,107346.40633565346
2014-12-19 21:00:00,105390.964,106030.0610338211,104812.39308009825
2014-12-19 22:00:00,100901.688,102100.12816500266,98864.55505196544
2014-12-19 23:00:00,95172.075,96631.87173594101,94348.78975858472
2014-12-20 00:00:00,90099.271,94261.25262807545,89095.91970139119
2014-12-20 01:00:00,87298.818,89472.39605898416,86209.60911420427
2014-12-20 02:00:00,85777.451,86975.41076235603,84283.5809427516
2014-12-20 03:00:00,85400.708,85771.06658120338,84555.39409698913
2014-12-20 04:00:00,85880.907,85904.22159753335,85920.2414819278
2014-12-20 05:00:00,88335.834,87570.68337986176,88469.84717241667
2014-12-20 06:00:00,91910.579,91612.95235828453,92591.5071191086
2014-12-20 07:00:00,96301.154,95792.6701791719,96136.55941864729
2014-12-20 08:00:00,99458.785,99017.506818325,97901.46889766234
2014-12-20 09:00:00,101489.532,100950.09439652252,100228.48949449904
2014-12-20 10:00:00,101852.564,101929.14103423362,101008.48353595553
2014-12-20 11:00:00,100665.766,101453.59540866672,100272.35613943657
2014-12-20 12:00:00,98746.364,99865.38876649426,99179.98060157883
2014-12-20 13:00:00,96706.362,97834.64829492146,96925.05300901356
2014-12-20 14:00:00,95465.082,95835.6981125318,94740.95451743761
2014-12-20 15:00:00,95365.937,94827.97495483112,94958.586255086
2014-12-20 16:00:00,98271.229,95725.80275738717,98324.15600979705
2014-12-20 17:00:00,104406.831,99880.28733834455,104971.09423584327
2014-12-20 18:00:00,105014.209,104306.08425760633,106877.98364369877
2014-12-20 19:00:00,103883.532,104157.72403756002,104024.78730462903
2014-12-20 20:00:00,102856.61,102759.57356245219,102288.59482546644
2014-12-20 21:00:00,100694.475,101190.92968912149,100512.10244271255
2014-12-20 22:00:00,96678.305,98077.88073560565,96057.162249688
2014-12-20 23:00:00,91780.694,93309.90889587752,90956.99613110971
2014-12-21 00:00:00,87364.313,90865.10082841005,87449.20714581551
2014-12-21 01:00:00,84415.367,86733.78247031574,84507.17473004796
2014-12-21 02:00:00,82850.824,84041.22202586365,82034.6506113347
2014-12-21 03:00:00,82244.199,82667.91012370712,81646.97664339626
2014-12-21 04:00:00,82549.329,82229.68590711195,82819.61567328637
2014-12-21 05:00:00,84162.864,83004.07946446456,84552.99611441052
2014-12-21 06:00:00,86905.472,85091.9659516277,86446.17055759302
2014-12-21 07:00:00,90245.595,88194.49681772696,89366.21036316534
2014-12-21 08:00:00,93214.602,91403.61568687647,93276.29738723738
2014-12-21 09:00:00,94520.168,93878.01697424395,94511.55132378393
2014-12-21 10:00:00,93948.964,94631.77074311959,94406.76264555786
2014-12-21 11:00:00,92599.739,93712.93330216457,93079.54026285799
2014-12-21 12:00:00,91210.91,92114.74305845398,91815.69596286905
2014-12-21 13:00:00,89099.441,90389.78180500737,90216.49070879407
2014-12-21 14:00:00,87926.911,88392.51359692973,88244.71512142857
2014-12-21 15:00:00,88188.184,87425.84849003801,88242.33311112633
2014-12-21 16:00:00,92146.751,88500.64451832618,92634.69196958638
2014-12-21 17:00:00,100732.75,93385.57144587392,99418.93126510747
2014-12-21 18:00:00,103856.168,99596.54309946137,103803.18512200359
2014-12-21 19:00:00,104391.869,101366.58479745274,102892.00130728049
2014-12-21 20:00:00,104101.204,101256.07355289265,103213.36943086567
2014-12-21 21:00:00,101827.841,100089.3556157258,101750.98348628283
2014-12-21 22:00:00,97578.853,96933.00354062453,96806.06710595192
2014-12-21 23:00:00,92574.465,92102.32447659143,92364.63452483069
2014-12-22 00:00:00,88400.684,92393.69651764022,88331.35587511618
2014-12-22 01:00:00,85965.328,88432.22481920438,85562.04006183654
2014-12-22 02:00:00,85164.742,86160.71488642888,84554.431206523
2014-12-22 03:00:00,85311.561,85391.65455881892,84837.57800298528
2014-12-22 04:00:00,87200.163,85698.65757307812,87515.14795623819
2014-12-22 05:00:00,91969.986,87906.31598235904,92122.1892797072
2014-12-22 06:00:00,99493.473,92805.21827430866,100295.61759213638
2014-12-22 07:00:00,105044.23,99325.24847413613,104365.82524396271
2014-12-22 08:00:00,106230.245,103728.48668394421,105286.95804618293
2014-12-22 09:00:00,106005.141,104492.49474990918,105466.03672943375
2014-12-22 10:00:00,105239.154,103779.62521166008,104613.41993324523
2014-12-22 11:00:00,104054.358,102527.21676039952,103995.6517156119
2014-12-22 12:00:00,102539.713,100968.68031777453,102517.71831988306
2014-12-22 13:00:00,101193.461,99115.96537570789,101901.64222119811
2014-12-22 14:00:00,100526.031,97602.26105109388,100389.95155169207
2014-12-22 15:00:00,100313.507,97046.07995325976,100000.7265914059
2014-12-22 16:00:00,103035.446,98080.68608879443,102044.63389845993
2014-12-22 17:00:00,108594.959,102778.860486584,108025.24175162746
2014-12-22 18:00:00,109076.922,107481.76375302512,108908.83818778256
2014-12-22 19:00:00,107584.566,107786.57565366103,107091.79471601984
2014-12-22 20:00:00,105742.712,106411.36681958949,105983.40489179791
2014-12-22 21:00:00,101810.514,104052.84948754903,101966.85175124441
2014-12-22 22:00:00,96002.056,99535.4160245068,95045.34282983253
2014-12-22 23:00:00,89199.539,93443.87848558974,88378.38006694871
2014-12-23 00:00:00,83680.467,89801.55726777228,83970.91428005819
2014-12-23 01:00:00,80282.067,84960.21234478908,79927.18297885986
2014-12-23 02:00:00,78633.892,82139.65622888968,78326.67424732792
2014-12-23 03:00:00,77863.24,80871.29080190006,77732.29937604353
2014-12-23 04:00:00,79145.166,80811.84792503453,79440.06923252322
2014-12-23 05:00:00,83210.825,83216.88025007871,84097.41296281439
2014-12-23 06:00:00,90329.504,88664.60834716151,91688.34829760353
2014-12-23 07:00:00,95685.717,95375.863983962,95836.85733223945
2014-12-23 08:00:00,97019.886,99168.16043200763,96229.83819845786
2014-12-23 09:00:00,97293.215,99752.59755309642,96687.02972185398
2014-12-23 10:00:00,97175.643,99495.52259473733,96522.95500077539
2014-12-23 11:00:00,96346.954,98874.40044154515,95969.76604243764
2014-12-23 12:00:00,94845.558,97679.64794436768,95725.18346905442
2014-12-23 13:00:00,93828.396,96123.11023553443,94176.2363270751
2014-12-23 14:00:00,92671.097,95093.1286475336,93671.43592173954
2014-12-23 15:00:00,92164.797,93999.04736434309,92732.48247377558
2014-12-23 16:00:00,94425.004,94510.12919149897,94410.53459020989
2014-12-23 17:00:00,99599.79,98014.27605725324,99600.37318984646
2014-12-23 18:00:00,100137.463,101647.08448611773,100112.9335885219
2014-12-23 19:00:00,98526.025,101404.51064193537,99190.47668653214
2014-12-23 20:00:00,96409.989,99521.95953856986,97003.55824742439
2014-12-23 21:00:00,92988.647,96595.96023613517,92797.23459549883
2014-12-23 22:00:00,87816.959,92035.2515060693,87938.1358823914
2014-12-23 23:00:00,81231.602,85954.83335841104,81099.16434631364
2014-12-24 00:00:00,75580.641,82162.34154727269,76460.83100998447
2014-12-24 01:00:00,71890.262,77006.78584166727,72653.43504122023
2014-12-24 02:00:00,69816.191,73799.17922441881,70242.31638881422
2014-12-24 03:00:00,68920.922,72025.08875266535,69641.8728626833
2014-12-24 04:00:00,69577.64,71791.49319272055,69892.53906908465
2014-12-24 05:00:00,72283.519,73685.3564617795,73638.55707552168
2014-12-24 06:00:00,76835.667,78117.62179186943,79646.70621701816
2014-12-24 07:00:00,81354.265,83021.74763305421,81638.01214567061
2014-12-24 08:00:00,84289.206,86310.8067511348,84197.18227268815
2014-12-24 09:00:00,86827.219,88144.95140318472,85571.889833094
2014-12-24 10:00:00,88395.117,89645.7744736694,87382.38242887778
2014-12-24 11:00:00,88341.181,90302.54291492063,87461.6369568263
2014-12-24 12:00:00,87089.714,89689.5043447976,87519.36543753254
2014-12-24 13:00:00,85798.691,88434.66004466386,86205.42111721952
2014-12-24 14:00:00,84840.027,87114.44810048607,85858.16800953017
2014-12-24 15:00:00,84128.656,86265.74382141278,84856.75507750666
2014-12-24 16:00:00,85590.583,86581.27054289891,86295.84394613076
2014-12-24 17:00:00,88795.222,89500.05082807786,90830.43065567639
2014-12-24 18:00:00,87010.961,91894.65587295168,90642.1814524479
2014-12-24 19:00:00,84334.339,90103.98199589683,87308.2044696597
2014-12-24 20:00:00,82580.563,87514.12955517751,85319.370493491
2014-12-24 21:00:00,80978.993,85095.8435602289,80612.1690474545
2014-12-24 22:00:00,78297.858,82120.71822206142,77540.6988070915
2014-12-24 23:00:00,74445.801,77901.37311483402,73745.76336462969
2014-12-25 00:00:00,70168.024,76005.21433190009,70388.49621815927
2014-12-25 01:00:00,67085.894,71800.21532583982,68458.8515645854
2014-12-25 02:00:00,65159.246,68968.16686518877,65850.73328695993
2014-12-25 03:00:00,64389.732,67314.94796658553,64906.55600126224
2014-12-25 04:00:00,64850.726,67072.43734760513,65155.437187968666
2014-12-25 05:00:00,66311.851,68556.60396675109,68559.06571819345
2014-12-25 06:00:00,69149.536,71582.69637750891,73113.42111088315
2014-12-25 07:00:00,72730.517,75098.55152973396,73603.88206449478
2014-12-25 08:00:00,75903.797,78097.74559660314,75292.51698762218
2014-12-25 09:00:00,78231.491,80636.50046208448,77494.549515024
2014-12-25 10:00:00,79153.585,82403.07195218021,79051.00364064176
2014-12-25 11:00:00,79423.708,82766.71500117368,78686.82690340887
2014-12-25 12:00:00,78805.951,82351.23686080986,79052.50424938342
2014-12-25 13:00:00,77507.066,81379.22134190802,78311.311648762
2014-12-25 14:00:00,76030.196,80070.07103109866,76844.2068659799
2014-12-25 15:00:00,75214.794,78765.33442713125,75276.28868291627
2014-12-25 16:00:00,76479.852,78816.0546329133,76432.28003538681
2014-12-25 17:00:00,81667.421,81096.42652036225,81269.13900153612
2014-12-25 18:00:00,83328.846,84323.93113585097,82983.06643490527
2014-12-25 19:00:00,83480.731,84632.23866550674,83294.45864942617
2014-12-25 20:00:00,83802.871,84078.51477285872,83161.12141252476
2014-12-25 21:00:00,83252.7,83419.7615005718,81275.00042332719
2014-12-25 22:00:00,81143.842,81634.50884551575,77765.1123966048
2014-12-25 23:00:00,77862.323,78416.14555965542,75626.08903329354
2014-12-26 00:00:00,74907.714,77213.03117276984,73362.65698791911
2014-12-26 01:00:00,73055.462,74024.07463649206,72373.04417829624
2014-12-26 02:00:00,72540.639,72057.20417305506,70906.8004646564
2014-12-26 03:00:00,73224.219,71432.36613846413,71632.2025605273
2014-12-26 04:00:00,75194.378,72133.69926529517,73819.24436688298
2014-12-26 05:00:00,78941.256,74331.77298812356,79304.3457172527
2014-12-26 06:00:00,84259.526,78501.19422103433,85690.28434201468
2014-12-26 07:00:00,88546.343,83594.36923728227,88921.47118481064
2014-12-26 08:00:00,89991.955,87229.98077284294,89074.88853327159
2014-12-26 09:00:00,89369.644,88521.9602280061,89768.50043753974
2014-12-26 10:00:00,87706.23,87957.31401922143,89089.86738314002
2014-12-26 11:00:00,85798.537,86448.87994020636,86662.55095728031
2014-12-26 12:00:00,83735.94,84562.54740317498,84670.27940807104
2014-12-26 13:00:00,81707.511,82476.56207821993,82689.93975500307
2014-12-26 14:00:00,80218.486,80422.16985235322,80674.0713692476
2014-12-26 15:00:00,79938.392,79057.36215458228,79951.40170641104
2014-12-26 16:00:00,82684.401,79415.60580693642,82145.01289915784
2014-12-26 17:00:00,90662.99,83266.50336098284,87931.30210758165
2014-12-26 18:00:00,93063.527,89237.09205922602,91553.10133963857
2014-12-26 19:00:00,92532.797,90705.81147577737,92229.9971899648
2014-12-26 20:00:00,91682.613,90149.68720068016,91263.79388162067
2014-12-26 21:00:00,89666.625,89041.34149790084,88675.49242106221
2014-12-26 22:00:00,85998.169,86549.07086891512,84313.21138044882
2014-12-26 23:00:00,81597.184,82481.74085233251,80471.75471268184
2014-12-27 00:00:00,77665.015,81529.82133760506,76520.11047365268
2014-12-27 01:00:00,75276.842,77931.9806264161,74704.62613834337
2014-12-27 02:00:00,74114.153,75855.7425926234,73129.99201209977
2014-12-27 03:00:00,73751.434,75046.73148812259,72840.14112315167
2014-12-27 04:00:00,74341.544,75175.04573133218,74344.8885311634
2014-12-27 05:00:00,76193.948,76587.02438562119,77167.08244116913
2014-12-27 06:00:00,79168.783,79364.36715837322,80833.49583872156
2014-12-27 07:00:00,82503.957,82770.56658330784,83077.35518270983
2014-12-27 08:00:00,84505.07,85639.95158268497,84938.80009352347
2014-12-27 09:00:00,84902.984,86968.22829556567,85218.8089538652
2014-12-27 10:00:00,84060.874,86714.47658418804,84665.96229526184
2014-12-27 11:00:00,82766.89,85383.83039387406,82776.16077696081
2014-12-27 12:00:00,80904.057,83602.91604752299,81288.19333120811
2014-12-27 13:00:00,79065.289,81456.11338581261,79538.22489816464
2014-12-27 14:00:00,77747.756,79567.3644517017,78206.51928437816
2014-12-27 15:00:00,77551.028,78454.24238406785,78040.09839898522
2014-12-27 16:00:00,80102.456,79157.6014822394,80024.90871700799
2014-12-27 17:00:00,87260.87,83403.15058337091,86142.89297813941
2014-12-27 18:00:00,88915.628,88910.11224000111,89435.82791762025
2014-12-27 19:00:00,88339.845,89711.7422269975,89072.299248612
2014-12-27 20:00:00,87300.31,88900.68571333063,87641.91562622349
2014-12-27 21:00:00,85415.616,87400.26752140286,85270.48735275805
2014-12-27 22:00:00,81927.98,84733.07496539492,81281.30894736639
2014-12-27 23:00:00,77577.479,80654.97282112855,77424.33502403958
2014-12-28 00:00:00,73516.511,78894.5327866067,74065.78902657058
2014-12-28 01:00:00,70857.079,75090.41795162676,71257.52450262215
2014-12-28 02:00:00,69273.971,72699.98385641299,70031.27734349879
2014-12-28 03:00:00,68580.354,71358.38752460352,69120.53696441704
2014-12-28 04:00:00,68729.724,70958.70767356509,69108.83213004413
2014-12-28 05:00:00,70008.604,71579.50085875686,70482.44231069453
2014-12-28 06:00:00,72222.21,73337.50566071218,72472.21502966902
2014-12-28 07:00:00,75147.101,75890.99004999416,75284.03449514153
2014-12-28 08:00:00,77600.869,78595.59726594471,78125.40760092196
2014-12-28 09:00:00,80035.379,80416.22381884864,79661.80834820727
2014-12-28 10:00:00,81184.231,81709.70825362424,80424.0983641596
2014-12-28 11:00:00,81657.919,81915.75574358359,80408.73637027829
2014-12-28 12:00:00,81990.371,81518.44768628057,80509.430285208
2014-12-28 13:00:00,81632.368,80957.76049380687,81458.6984830678
2014-12-28 14:00:00,81308.933,80133.26988224004,80792.05909680112
2014-12-28 15:00:00,81644.612,79756.93366872163,81882.52617808797
2014-12-28 16:00:00,84776.931,80896.66944312956,85173.46864564816
2014-12-28 17:00:00,90842.221,85592.23680675396,91643.14890442135
2014-12-28 18:00:00,92447.645,90453.31957134532,93146.43620309117
2014-12-28 19:00:00,91791.493,91402.23557556159,92725.12618810024
2014-12-28 20:00:00,90671.197,90582.76204457709,91592.7991378814
2014-12-28 21:00:00,87973.178,89033.22033867071,88185.00789452084
2014-12-28 22:00:00,84282.229,85799.43743256354,83727.16880922185
2014-12-28 23:00:00,79697.767,81570.77913665678,80274.80490634288
2014-12-29 00:00:00,76022.585,82241.09508784881,76221.28252035608
2014-12-29 01:00:00,73811.708,78694.45850365274,73856.58854821125
2014-12-29 02:00:00,73118.656,76597.66952836917,72929.32531936705
2014-12-29 03:00:00,73434.73,75875.8996985075,73090.73432386947
2014-12-29 04:00:00,75345.087,76232.553284485,75558.97043957692
2014-12-29 05:00:00,79801.132,78307.58274241915,81036.06542400537
2014-12-29 06:00:00,86377.271,82646.37826172562,87523.83990510185
2014-12-29 07:00:00,92397.509,88409.36273670019,91311.0980553306
2014-12-29 08:00:00,94696.17,93195.46927766688,93991.88990793804
2014-12-29 09:00:00,96080.31,95180.8073367836,95047.56125918892
2014-12-29 10:00:00,96801.57,96122.7359859761,96702.90089682328
2014-12-29 11:00:00,96704.17,96442.66064227119,96080.99267018308
2014-12-29 12:00:00,95535.368,96135.66284161624,95925.80875031414
2014-12-29 13:00:00,95067.693,94964.56159740902,94711.03736292402
2014-12-29 14:00:00,94639.554,94361.5321506394,94004.61631078877
2014-12-29 15:00:00,94620.485,94016.80096877909,94668.0684388692
2014-12-29 16:00:00,97049.035,94930.42035380026,97749.82576385135
2014-12-29 17:00:00,104348.585,98593.86988287937,102578.00713120516
2014-12-29 18:00:00,106117.919,104034.06184584893,105601.8576067617
2014-12-29 19:00:00,104881.1,104865.5694448365,105019.1675947799
2014-12-29 20:00:00,103141.771,103456.05033403281,103540.80268428469
2014-12-29 21:00:00,99984.481,101111.23541461585,99771.47955779343
2014-12-29 22:00:00,94929.854,97359.48545634333,94403.26025876433
2014-12-29 23:00:00,89294.085,91921.56570325662,88800.8894533112
2014-12-30 00:00:00,85148.774,89193.47214359895,85019.80375331244
2014-12-30 01:00:00,82953.809,85312.48200346742,82989.23396794844
2014-12-30 02:00:00,81905.839,83338.43530642687,81863.78101980858
2014-12-30 03:00:00,81912.634,82479.22129265123,81853.95849844105
2014-12-30 04:00:00,83746.413,82938.9576894487,84304.60806739621
2014-12-30 05:00:00,88031.6,85617.59652192431,87572.02621170858
2014-12-30 06:00:00,94791.768,90781.0245620376,95417.99628048815
2014-12-30 07:00:00,100358.309,97340.36703325696,99020.37827213637
2014-12-30 08:00:00,102199.672,101768.05622194777,100343.99282268909
2014-12-30 09:00:00,102994.301,103242.3824493484,101232.29910605906
2014-12-30 10:00:00,102668.271,103742.93934505989,101555.24988900185
2014-12-30 11:00:00,101202.69,103234.88825066484,101348.64234208818
2014-12-30 12:00:00,99363.167,101620.35543168016,99994.92129025278
2014-12-30 13:00:00,98052.884,99985.81100303264,98220.24738409488
2014-12-30 14:00:00,97026.429,98712.8199918256,97063.49087486329
2014-12-30 15:00:00,96748.019,97808.91569768763,96542.71133482087
2014-12-30 16:00:00,99842.173,98310.87795518836,99962.83941179392
2014-12-30 17:00:00,107877.732,102645.38599625048,106575.56075650665
2014-12-30 18:00:00,110938.823,108597.79675010347,110352.61435316333
2014-12-30 19:00:00,110291.84,110156.33753194103,109863.46009441526
2014-12-30 20:00:00,109190.462,108961.45866179962,108230.26107615471
2014-12-30 21:00:00,106588.533,106991.20642205981,105349.45987637776
2014-12-30 22:00:00,102017.413,103353.96372820938,100694.42665195635
2014-12-30 23:00:00,96808.177,98024.8179852885,95611.4615981572
2014-12-31 00:00:00,92830.61,95454.52290682441,92195.30466902303
2014-12-31 01:00:00,90832.528,91657.58848313513,90706.11945054118
2014-12-31 02:00:00,90220.066,89687.54899514069,89229.91853449937
2014-12-31 03:00:00,90396.634,89054.93608316302,91506.44721682872
2014-12-31 04:00:00,92166.198,89560.45799883569,92988.95857415843
2014-12-31 05:00:00,96221.197,91982.84851366116,96751.51910694537
2014-12-31 06:00:00,102045.398,96733.27580120186,104511.5122949809
2014-12-31 07:00:00,106184.299,102440.96959067878,105694.12677114719
2014-12-31 08:00:00,106970.65,105942.54302725873,105769.91876258244
2014-12-31 09:00:00,106291.55,106799.22075883948,106004.44796133757
2014-12-31 10:00:00,104914.426,106213.23401544616,104993.32119860695
2014-12-31 11:00:00,103107.522,104715.37957535728,103675.10651775711
2014-12-31 12:00:00,101048.643,102687.56305059102,101931.48414347072
2014-12-31 13:00:00,99003.59,100623.25688793664,100532.90371202085
2014-12-31 14:00:00,97402.724,98673.82870362703,98683.28107089708
2014-12-31 15:00:00,96920.55,97239.40097789941,98362.70344789444
2014-12-31 16:00:00,100085.526,97616.66918053354,100254.04669195204
2014-12-31 17:00:00,108872.864,101926.96237594777,107329.30229528532
2014-12-31 18:00:00,110720.793,108431.10161645694,111623.20316687145
2014-12-31 19:00:00,108499.162,109111.67104509709,110014.71472736234
2014-12-31 20:00:00,105847.192,106972.71824948672,107650.9537429503
2014-12-31 21:00:00,103003.004,104213.13220105245,103236.24079087011
2014-12-31 22:00:00,99740.391,100733.41557646052,97919.6465862946
2014-12-31 23:00:00,96410.754,96689.70193136399,94711.89262643873
