forecast_hour_beginning_ept,forecast_hour_beginning_utc,evaluated_at_ept,day_ahead_forecast_mw
1/1/2014 10:00:00 AM,1/1/2014 3:00:00 PM,12/31/2013 9:45:00 AM,96918
1/1/2014 10:00:00 PM,1/2/2014 3:00:00 AM,12/31/2013 11:45:00 PM,96641
1/1/2014 11:00:00 AM,1/1/2014 4:00:00 PM,12/31/2013 11:45:00 AM,95974
1/1/2014 11:00:00 PM,1/2/2014 4:00:00 AM,12/31/2013 11:45:00 PM,91803
1/1/2014 12:00:00 AM,1/1/2014 5:00:00 AM,12/31/2013 5:45:00 AM,91696
1/1/2014 12:00:00 PM,1/1/2014 5:00:00 PM,12/31/2013 11:45:00 AM,94312
1/1/2014 1:00:00 AM,1/1/2014 6:00:00 AM,12/31/2013 5:45:00 AM,89295
1/1/2014 1:00:00 PM,1/1/2014 6:00:00 PM,12/31/2013 11:45:00 AM,92665
1/1/2014 2:00:00 AM,1/1/2014 7:00:00 AM,12/31/2013 5:45:00 AM,88215
1/1/2014 2:00:00 PM,1/1/2014 7:00:00 PM,12/31/2013 11:45:00 AM,91481
1/1/2014 3:00:00 AM,1/1/2014 8:00:00 AM,12/31/2013 5:45:00 AM,88125
1/1/2014 3:00:00 PM,1/1/2014 8:00:00 PM,12/31/2013 5:45:00 PM,91464
1/1/2014 4:00:00 AM,1/1/2014 9:00:00 AM,12/31/2013 5:45:00 AM,88986
1/1/2014 4:00:00 PM,1/1/2014 9:00:00 PM,12/31/2013 5:45:00 PM,94601
1/1/2014 5:00:00 AM,1/1/2014 10:00:00 AM,12/31/2013 5:45:00 AM,90955
1/1/2014 5:00:00 PM,1/1/2014 10:00:00 PM,12/31/2013 5:45:00 PM,102532
1/1/2014 6:00:00 AM,1/1/2014 11:00:00 AM,12/31/2013 5:45:00 AM,94054
1/1/2014 6:00:00 PM,1/1/2014 11:00:00 PM,12/31/2013 5:45:00 PM,105349
1/1/2014 7:00:00 AM,1/1/2014 12:00:00 PM,12/31/2013 5:45:00 AM,97102
1/1/2014 7:00:00 PM,1/2/2014 12:00:00 AM,12/31/2013 5:45:00 PM,105148
1/1/2014 8:00:00 AM,1/1/2014 1:00:00 PM,12/31/2013 9:45:00 AM,96155
1/1/2014 8:00:00 PM,1/2/2014 1:00:00 AM,12/31/2013 5:45:00 PM,104502
1/1/2014 9:00:00 AM,1/1/2014 2:00:00 PM,12/31/2013 9:45:00 AM,97007
1/1/2014 9:00:00 PM,1/2/2014 2:00:00 AM,12/31/2013 11:45:00 PM,100853
1/10/2014 10:00:00 AM,1/10/2014 3:00:00 PM,1/9/2014 9:45:00 AM,105973
1/10/2014 10:00:00 PM,1/11/2014 3:00:00 AM,1/9/2014 11:45:00 PM,96682
1/10/2014 11:00:00 AM,1/10/2014 4:00:00 PM,1/9/2014 11:45:00 AM,105093
1/10/2014 11:00:00 PM,1/11/2014 4:00:00 AM,1/9/2014 11:45:00 PM,91259
1/10/2014 12:00:00 AM,1/10/2014 5:00:00 AM,1/9/2014 5:45:00 AM,94371
1/10/2014 12:00:00 PM,1/10/2014 5:00:00 PM,1/9/2014 11:45:00 AM,103102
1/10/2014 1:00:00 AM,1/10/2014 6:00:00 AM,1/9/2014 5:45:00 AM,91817
1/10/2014 1:00:00 PM,1/10/2014 6:00:00 PM,1/9/2014 11:45:00 AM,101351
1/10/2014 2:00:00 AM,1/10/2014 7:00:00 AM,1/9/2014 5:45:00 AM,90625
1/10/2014 2:00:00 PM,1/10/2014 7:00:00 PM,1/9/2014 11:45:00 AM,99810
1/10/2014 3:00:00 AM,1/10/2014 8:00:00 AM,1/9/2014 5:45:00 AM,90377
1/10/2014 3:00:00 PM,1/10/2014 8:00:00 PM,1/9/2014 5:45:00 PM,99193
1/10/2014 4:00:00 AM,1/10/2014 9:00:00 AM,1/9/2014 5:45:00 AM,91947
1/10/2014 4:00:00 PM,1/10/2014 9:00:00 PM,1/9/2014 5:45:00 PM,101193
1/10/2014 5:00:00 AM,1/10/2014 10:00:00 AM,1/9/2014 5:45:00 AM,96378
1/10/2014 5:00:00 PM,1/10/2014 10:00:00 PM,1/9/2014 5:45:00 PM,106616
1/10/2014 6:00:00 AM,1/10/2014 11:00:00 AM,1/9/2014 5:45:00 AM,103781
1/10/2014 6:00:00 PM,1/10/2014 11:00:00 PM,1/9/2014 5:45:00 PM,107489
1/10/2014 7:00:00 AM,1/10/2014 12:00:00 PM,1/9/2014 5:45:00 AM,108433
1/10/2014 7:00:00 PM,1/11/2014 12:00:00 AM,1/9/2014 5:45:00 PM,105778
1/10/2014 8:00:00 AM,1/10/2014 1:00:00 PM,1/9/2014 9:45:00 AM,108456
1/10/2014 8:00:00 PM,1/11/2014 1:00:00 AM,1/9/2014 5:45:00 PM,103929
1/10/2014 9:00:00 AM,1/10/2014 2:00:00 PM,1/9/2014 9:45:00 AM,107279
1/10/2014 9:00:00 PM,1/11/2014 2:00:00 AM,1/9/2014 11:45:00 PM,101027
1/11/2014 10:00:00 AM,1/11/2014 3:00:00 PM,1/10/2014 9:45:00 AM,89383
1/11/2014 10:00:00 PM,1/12/2014 3:00:00 AM,1/10/2014 11:45:00 PM,85226
1/11/2014 11:00:00 AM,1/11/2014 4:00:00 PM,1/10/2014 11:45:00 AM,89573
1/11/2014 11:00:00 PM,1/12/2014 4:00:00 AM,1/10/2014 11:45:00 PM,80971
1/11/2014 12:00:00 AM,1/11/2014 5:00:00 AM,1/10/2014 5:45:00 AM,82473
1/11/2014 12:00:00 PM,1/11/2014 5:00:00 PM,1/10/2014 11:45:00 AM,88347
1/11/2014 1:00:00 AM,1/11/2014 6:00:00 AM,1/10/2014 5:45:00 AM,79215
1/11/2014 1:00:00 PM,1/11/2014 6:00:00 PM,1/10/2014 11:45:00 AM,86803
1/11/2014 2:00:00 AM,1/11/2014 7:00:00 AM,1/10/2014 5:45:00 AM,77272
1/11/2014 2:00:00 PM,1/11/2014 7:00:00 PM,1/10/2014 11:45:00 AM,85284
1/11/2014 3:00:00 AM,1/11/2014 8:00:00 AM,1/10/2014 5:45:00 AM,76321
1/11/2014 3:00:00 PM,1/11/2014 8:00:00 PM,1/10/2014 5:45:00 PM,85104
1/11/2014 4:00:00 AM,1/11/2014 9:00:00 AM,1/10/2014 5:45:00 AM,76277
1/11/2014 4:00:00 PM,1/11/2014 9:00:00 PM,1/10/2014 5:45:00 PM,86972
1/11/2014 5:00:00 AM,1/11/2014 10:00:00 AM,1/10/2014 5:45:00 AM,77739
1/11/2014 5:00:00 PM,1/11/2014 10:00:00 PM,1/10/2014 5:45:00 PM,92693
1/11/2014 6:00:00 AM,1/11/2014 11:00:00 AM,1/10/2014 5:45:00 AM,80149
1/11/2014 6:00:00 PM,1/11/2014 11:00:00 PM,1/10/2014 5:45:00 PM,93873
1/11/2014 7:00:00 AM,1/11/2014 12:00:00 PM,1/10/2014 5:45:00 AM,83252
1/11/2014 7:00:00 PM,1/12/2014 12:00:00 AM,1/10/2014 5:45:00 PM,92773
1/11/2014 8:00:00 AM,1/11/2014 1:00:00 PM,1/10/2014 9:45:00 AM,86381
1/11/2014 8:00:00 PM,1/12/2014 1:00:00 AM,1/10/2014 5:45:00 PM,91208
1/11/2014 9:00:00 AM,1/11/2014 2:00:00 PM,1/10/2014 9:45:00 AM,88648
1/11/2014 9:00:00 PM,1/12/2014 2:00:00 AM,1/10/2014 11:45:00 PM,88599
1/12/2014 10:00:00 AM,1/12/2014 3:00:00 PM,1/11/2014 9:45:00 AM,85431
1/12/2014 10:00:00 PM,1/13/2014 3:00:00 AM,1/11/2014 11:45:00 PM,90808
1/12/2014 11:00:00 AM,1/12/2014 4:00:00 PM,1/11/2014 11:45:00 AM,86422
1/12/2014 11:00:00 PM,1/13/2014 4:00:00 AM,1/11/2014 11:45:00 PM,86186
1/12/2014 12:00:00 AM,1/12/2014 5:00:00 AM,1/11/2014 5:45:00 AM,77138
1/12/2014 12:00:00 PM,1/12/2014 5:00:00 PM,1/11/2014 11:45:00 AM,85712
1/12/2014 1:00:00 AM,1/12/2014 6:00:00 AM,1/11/2014 5:45:00 AM,74646
1/12/2014 1:00:00 PM,1/12/2014 6:00:00 PM,1/11/2014 11:45:00 AM,84640
1/12/2014 2:00:00 AM,1/12/2014 7:00:00 AM,1/11/2014 5:45:00 AM,73284
1/12/2014 2:00:00 PM,1/12/2014 7:00:00 PM,1/11/2014 11:45:00 AM,83765
1/12/2014 3:00:00 AM,1/12/2014 8:00:00 AM,1/11/2014 5:45:00 AM,72799
1/12/2014 3:00:00 PM,1/12/2014 8:00:00 PM,1/11/2014 5:45:00 PM,85151
1/12/2014 4:00:00 AM,1/12/2014 9:00:00 AM,1/11/2014 5:45:00 AM,73278
1/12/2014 4:00:00 PM,1/12/2014 9:00:00 PM,1/11/2014 5:45:00 PM,87720
1/12/2014 5:00:00 AM,1/12/2014 10:00:00 AM,1/11/2014 5:45:00 AM,74772
1/12/2014 5:00:00 PM,1/12/2014 10:00:00 PM,1/11/2014 5:45:00 PM,94503
1/12/2014 6:00:00 AM,1/12/2014 11:00:00 AM,1/11/2014 5:45:00 AM,77231
1/12/2014 6:00:00 PM,1/12/2014 11:00:00 PM,1/11/2014 5:45:00 PM,98032
1/12/2014 7:00:00 AM,1/12/2014 12:00:00 PM,1/11/2014 5:45:00 AM,80525
1/12/2014 7:00:00 PM,1/13/2014 12:00:00 AM,1/11/2014 5:45:00 PM,98181
1/12/2014 8:00:00 AM,1/12/2014 1:00:00 PM,1/11/2014 9:45:00 AM,83520
1/12/2014 8:00:00 PM,1/13/2014 1:00:00 AM,1/11/2014 5:45:00 PM,97411
1/12/2014 9:00:00 AM,1/12/2014 2:00:00 PM,1/11/2014 9:45:00 AM,85260
1/12/2014 9:00:00 PM,1/13/2014 2:00:00 AM,1/11/2014 11:45:00 PM,94752
1/13/2014 10:00:00 AM,1/13/2014 3:00:00 PM,1/12/2014 9:45:00 AM,99817
1/13/2014 10:00:00 PM,1/14/2014 3:00:00 AM,1/12/2014 11:45:00 PM,93309
1/13/2014 11:00:00 AM,1/13/2014 4:00:00 PM,1/12/2014 11:45:00 AM,98190
1/13/2014 11:00:00 PM,1/14/2014 4:00:00 AM,1/12/2014 11:45:00 PM,86880
1/13/2014 12:00:00 AM,1/13/2014 5:00:00 AM,1/12/2014 5:45:00 AM,81340
1/13/2014 12:00:00 PM,1/13/2014 5:00:00 PM,1/12/2014 11:45:00 AM,96528
1/13/2014 1:00:00 AM,1/13/2014 6:00:00 AM,1/12/2014 5:45:00 AM,79413
1/13/2014 1:00:00 PM,1/13/2014 6:00:00 PM,1/12/2014 11:45:00 AM,95270
1/13/2014 2:00:00 AM,1/13/2014 7:00:00 AM,1/12/2014 5:45:00 AM,78685
1/13/2014 2:00:00 PM,1/13/2014 7:00:00 PM,1/12/2014 11:45:00 AM,94140
1/13/2014 3:00:00 AM,1/13/2014 8:00:00 AM,1/12/2014 5:45:00 AM,79190
1/13/2014 3:00:00 PM,1/13/2014 8:00:00 PM,1/12/2014 5:45:00 PM,93072
1/13/2014 4:00:00 AM,1/13/2014 9:00:00 AM,1/12/2014 5:45:00 AM,81422
1/13/2014 4:00:00 PM,1/13/2014 9:00:00 PM,1/12/2014 5:45:00 PM,95487
1/13/2014 5:00:00 AM,1/13/2014 10:00:00 AM,1/12/2014 5:45:00 AM,87057
1/13/2014 5:00:00 PM,1/13/2014 10:00:00 PM,1/12/2014 5:45:00 PM,102265
1/13/2014 6:00:00 AM,1/13/2014 11:00:00 AM,1/12/2014 5:45:00 AM,95968
1/13/2014 6:00:00 PM,1/13/2014 11:00:00 PM,1/12/2014 5:45:00 PM,103641
1/13/2014 7:00:00 AM,1/13/2014 12:00:00 PM,1/12/2014 5:45:00 AM,101338
1/13/2014 7:00:00 PM,1/14/2014 12:00:00 AM,1/12/2014 5:45:00 PM,102395
1/13/2014 8:00:00 AM,1/13/2014 1:00:00 PM,1/12/2014 9:45:00 AM,102390
1/13/2014 8:00:00 PM,1/14/2014 1:00:00 AM,1/12/2014 5:45:00 PM,100734
1/13/2014 9:00:00 AM,1/13/2014 2:00:00 PM,1/12/2014 9:45:00 AM,101054
1/13/2014 9:00:00 PM,1/14/2014 2:00:00 AM,1/12/2014 11:45:00 PM,99197
1/14/2014 10:00:00 AM,1/14/2014 3:00:00 PM,1/13/2014 9:45:00 AM,98603
1/14/2014 10:00:00 PM,1/15/2014 3:00:00 AM,1/13/2014 11:45:00 PM,94248
1/14/2014 11:00:00 AM,1/14/2014 4:00:00 PM,1/13/2014 11:45:00 AM,97989
1/14/2014 11:00:00 PM,1/15/2014 4:00:00 AM,1/13/2014 11:45:00 PM,88026
1/14/2014 12:00:00 AM,1/14/2014 5:00:00 AM,1/13/2014 5:45:00 AM,80474
1/14/2014 12:00:00 PM,1/14/2014 5:00:00 PM,1/13/2014 11:45:00 AM,97085
1/14/2014 1:00:00 AM,1/14/2014 6:00:00 AM,1/13/2014 5:45:00 AM,77928
1/14/2014 1:00:00 PM,1/14/2014 6:00:00 PM,1/13/2014 11:45:00 AM,96465
1/14/2014 2:00:00 AM,1/14/2014 7:00:00 AM,1/13/2014 5:45:00 AM,76705
1/14/2014 2:00:00 PM,1/14/2014 7:00:00 PM,1/13/2014 11:45:00 AM,95790
1/14/2014 3:00:00 AM,1/14/2014 8:00:00 AM,1/13/2014 5:45:00 AM,76584
1/14/2014 3:00:00 PM,1/14/2014 8:00:00 PM,1/13/2014 5:45:00 PM,98161
1/14/2014 4:00:00 AM,1/14/2014 9:00:00 AM,1/13/2014 5:45:00 AM,78364
1/14/2014 4:00:00 PM,1/14/2014 9:00:00 PM,1/13/2014 5:45:00 PM,100655
1/14/2014 5:00:00 AM,1/14/2014 10:00:00 AM,1/13/2014 5:45:00 AM,83557
1/14/2014 5:00:00 PM,1/14/2014 10:00:00 PM,1/13/2014 5:45:00 PM,104921
1/14/2014 6:00:00 AM,1/14/2014 11:00:00 AM,1/13/2014 5:45:00 AM,92477
1/14/2014 6:00:00 PM,1/14/2014 11:00:00 PM,1/13/2014 5:45:00 PM,106640
1/14/2014 7:00:00 AM,1/14/2014 12:00:00 PM,1/13/2014 5:45:00 AM,98339
1/14/2014 7:00:00 PM,1/15/2014 12:00:00 AM,1/13/2014 5:45:00 PM,105384
1/14/2014 8:00:00 AM,1/14/2014 1:00:00 PM,1/13/2014 9:45:00 AM,98769
1/14/2014 8:00:00 PM,1/15/2014 1:00:00 AM,1/13/2014 5:45:00 PM,103793
1/14/2014 9:00:00 AM,1/14/2014 2:00:00 PM,1/13/2014 9:45:00 AM,98631
1/14/2014 9:00:00 PM,1/15/2014 2:00:00 AM,1/13/2014 11:45:00 PM,100142
1/15/2014 10:00:00 AM,1/15/2014 3:00:00 PM,1/14/2014 9:45:00 AM,104375
1/15/2014 10:00:00 PM,1/16/2014 3:00:00 AM,1/14/2014 11:45:00 PM,100895
1/15/2014 11:00:00 AM,1/15/2014 4:00:00 PM,1/14/2014 11:45:00 AM,103061
1/15/2014 11:00:00 PM,1/16/2014 4:00:00 AM,1/14/2014 11:45:00 PM,95119
1/15/2014 12:00:00 AM,1/15/2014 5:00:00 AM,1/14/2014 5:45:00 AM,85136
1/15/2014 12:00:00 PM,1/15/2014 5:00:00 PM,1/14/2014 11:45:00 AM,101795
1/15/2014 1:00:00 AM,1/15/2014 6:00:00 AM,1/14/2014 5:45:00 AM,82838
1/15/2014 1:00:00 PM,1/15/2014 6:00:00 PM,1/14/2014 11:45:00 AM,100889
1/15/2014 2:00:00 AM,1/15/2014 7:00:00 AM,1/14/2014 5:45:00 AM,81884
1/15/2014 2:00:00 PM,1/15/2014 7:00:00 PM,1/14/2014 11:45:00 AM,99993
1/15/2014 3:00:00 AM,1/15/2014 8:00:00 AM,1/14/2014 5:45:00 AM,82145
1/15/2014 3:00:00 PM,1/15/2014 8:00:00 PM,1/14/2014 5:45:00 PM,99968
1/15/2014 4:00:00 AM,1/15/2014 9:00:00 AM,1/14/2014 5:45:00 AM,84213
1/15/2014 4:00:00 PM,1/15/2014 9:00:00 PM,1/14/2014 5:45:00 PM,102960
1/15/2014 5:00:00 AM,1/15/2014 10:00:00 AM,1/14/2014 5:45:00 AM,89857
1/15/2014 5:00:00 PM,1/15/2014 10:00:00 PM,1/14/2014 5:45:00 PM,110294
1/15/2014 6:00:00 AM,1/15/2014 11:00:00 AM,1/14/2014 5:45:00 AM,99096
1/15/2014 6:00:00 PM,1/15/2014 11:00:00 PM,1/14/2014 5:45:00 PM,112521
1/15/2014 7:00:00 AM,1/15/2014 12:00:00 PM,1/14/2014 5:45:00 AM,104519
1/15/2014 7:00:00 PM,1/16/2014 12:00:00 AM,1/14/2014 5:45:00 PM,111615
1/15/2014 8:00:00 AM,1/15/2014 1:00:00 PM,1/14/2014 9:45:00 AM,106716
1/15/2014 8:00:00 PM,1/16/2014 1:00:00 AM,1/14/2014 5:45:00 PM,110162
1/15/2014 9:00:00 AM,1/15/2014 2:00:00 PM,1/14/2014 9:45:00 AM,105346
1/15/2014 9:00:00 PM,1/16/2014 2:00:00 AM,1/14/2014 11:45:00 PM,106176
1/16/2014 10:00:00 AM,1/16/2014 3:00:00 PM,1/15/2014 9:45:00 AM,107456
1/16/2014 10:00:00 PM,1/17/2014 3:00:00 AM,1/15/2014 11:45:00 PM,102237
1/16/2014 11:00:00 AM,1/16/2014 4:00:00 PM,1/15/2014 11:45:00 AM,105517
1/16/2014 11:00:00 PM,1/17/2014 4:00:00 AM,1/15/2014 11:45:00 PM,96275
1/16/2014 12:00:00 AM,1/16/2014 5:00:00 AM,1/15/2014 5:45:00 AM,90245
1/16/2014 12:00:00 PM,1/16/2014 5:00:00 PM,1/15/2014 11:45:00 AM,103917
1/16/2014 1:00:00 AM,1/16/2014 6:00:00 AM,1/15/2014 5:45:00 AM,87978
1/16/2014 1:00:00 PM,1/16/2014 6:00:00 PM,1/15/2014 11:45:00 AM,102647
1/16/2014 2:00:00 AM,1/16/2014 7:00:00 AM,1/15/2014 5:45:00 AM,87123
1/16/2014 2:00:00 PM,1/16/2014 7:00:00 PM,1/15/2014 11:45:00 AM,101540
1/16/2014 3:00:00 AM,1/16/2014 8:00:00 AM,1/15/2014 5:45:00 AM,87382
1/16/2014 3:00:00 PM,1/16/2014 8:00:00 PM,1/15/2014 5:45:00 PM,101422
1/16/2014 4:00:00 AM,1/16/2014 9:00:00 AM,1/15/2014 5:45:00 AM,89415
1/16/2014 4:00:00 PM,1/16/2014 9:00:00 PM,1/15/2014 5:45:00 PM,104065
1/16/2014 5:00:00 AM,1/16/2014 10:00:00 AM,1/15/2014 5:45:00 AM,94880
1/16/2014 5:00:00 PM,1/16/2014 10:00:00 PM,1/15/2014 5:45:00 PM,110970
1/16/2014 6:00:00 AM,1/16/2014 11:00:00 AM,1/15/2014 5:45:00 AM,103730
1/16/2014 6:00:00 PM,1/16/2014 11:00:00 PM,1/15/2014 5:45:00 PM,113820
1/16/2014 7:00:00 AM,1/16/2014 12:00:00 PM,1/15/2014 5:45:00 AM,109098
1/16/2014 7:00:00 PM,1/17/2014 12:00:00 AM,1/15/2014 5:45:00 PM,112965
1/16/2014 8:00:00 AM,1/16/2014 1:00:00 PM,1/15/2014 9:45:00 AM,110512
1/16/2014 8:00:00 PM,1/17/2014 1:00:00 AM,1/15/2014 5:45:00 PM,111522
1/16/2014 9:00:00 AM,1/16/2014 2:00:00 PM,1/15/2014 9:45:00 AM,108864
1/16/2014 9:00:00 PM,1/17/2014 2:00:00 AM,1/15/2014 11:45:00 PM,107759
1/17/2014 10:00:00 AM,1/17/2014 3:00:00 PM,1/16/2014 9:45:00 AM,107568
1/17/2014 10:00:00 PM,1/18/2014 3:00:00 AM,1/16/2014 11:45:00 PM,102495
1/17/2014 11:00:00 AM,1/17/2014 4:00:00 PM,1/16/2014 11:45:00 AM,107725
1/17/2014 11:00:00 PM,1/18/2014 4:00:00 AM,1/16/2014 11:45:00 PM,97330
1/17/2014 12:00:00 AM,1/17/2014 5:00:00 AM,1/16/2014 5:45:00 AM,93410
1/17/2014 12:00:00 PM,1/17/2014 5:00:00 PM,1/16/2014 11:45:00 AM,106228
1/17/2014 1:00:00 AM,1/17/2014 6:00:00 AM,1/16/2014 5:45:00 AM,91028
1/17/2014 1:00:00 PM,1/17/2014 6:00:00 PM,1/16/2014 11:45:00 AM,104996
1/17/2014 2:00:00 AM,1/17/2014 7:00:00 AM,1/16/2014 5:45:00 AM,89951
1/17/2014 2:00:00 PM,1/17/2014 7:00:00 PM,1/16/2014 11:45:00 AM,103857
1/17/2014 3:00:00 AM,1/17/2014 8:00:00 AM,1/16/2014 5:45:00 AM,90028
1/17/2014 3:00:00 PM,1/17/2014 8:00:00 PM,1/16/2014 5:45:00 PM,103811
1/17/2014 4:00:00 AM,1/17/2014 9:00:00 AM,1/16/2014 5:45:00 AM,91826
1/17/2014 4:00:00 PM,1/17/2014 9:00:00 PM,1/16/2014 5:45:00 PM,105981
1/17/2014 5:00:00 AM,1/17/2014 10:00:00 AM,1/16/2014 5:45:00 AM,96780
1/17/2014 5:00:00 PM,1/17/2014 10:00:00 PM,1/16/2014 5:45:00 PM,111617
1/17/2014 6:00:00 AM,1/17/2014 11:00:00 AM,1/16/2014 5:45:00 AM,104790
1/17/2014 6:00:00 PM,1/17/2014 11:00:00 PM,1/16/2014 5:45:00 PM,113048
1/17/2014 7:00:00 AM,1/17/2014 12:00:00 PM,1/16/2014 5:45:00 AM,109826
1/17/2014 7:00:00 PM,1/18/2014 12:00:00 AM,1/16/2014 5:45:00 PM,111414
1/17/2014 8:00:00 AM,1/17/2014 1:00:00 PM,1/16/2014 9:45:00 AM,109996
1/17/2014 8:00:00 PM,1/18/2014 1:00:00 AM,1/16/2014 5:45:00 PM,109797
1/17/2014 9:00:00 AM,1/17/2014 2:00:00 PM,1/16/2014 9:45:00 AM,108688
1/17/2014 9:00:00 PM,1/18/2014 2:00:00 AM,1/16/2014 11:45:00 PM,106839
1/18/2014 10:00:00 AM,1/18/2014 3:00:00 PM,1/17/2014 9:45:00 AM,107787
1/18/2014 10:00:00 PM,1/19/2014 3:00:00 AM,1/17/2014 11:45:00 PM,104476
1/18/2014 11:00:00 AM,1/18/2014 4:00:00 PM,1/17/2014 11:45:00 AM,106877
1/18/2014 11:00:00 PM,1/19/2014 4:00:00 AM,1/17/2014 11:45:00 PM,100222
1/18/2014 12:00:00 AM,1/18/2014 5:00:00 AM,1/17/2014 5:45:00 AM,93622
1/18/2014 12:00:00 PM,1/18/2014 5:00:00 PM,1/17/2014 11:45:00 AM,105176
1/18/2014 1:00:00 AM,1/18/2014 6:00:00 AM,1/17/2014 5:45:00 AM,91145
1/18/2014 1:00:00 PM,1/18/2014 6:00:00 PM,1/17/2014 11:45:00 AM,103219
1/18/2014 2:00:00 AM,1/18/2014 7:00:00 AM,1/17/2014 5:45:00 AM,89879
1/18/2014 2:00:00 PM,1/18/2014 7:00:00 PM,1/17/2014 11:45:00 AM,101738
1/18/2014 3:00:00 AM,1/18/2014 8:00:00 AM,1/17/2014 5:45:00 AM,89792
1/18/2014 3:00:00 PM,1/18/2014 8:00:00 PM,1/17/2014 5:45:00 PM,101567
1/18/2014 4:00:00 AM,1/18/2014 9:00:00 AM,1/17/2014 5:45:00 AM,90506
1/18/2014 4:00:00 PM,1/18/2014 9:00:00 PM,1/17/2014 5:45:00 PM,103893
1/18/2014 5:00:00 AM,1/18/2014 10:00:00 AM,1/17/2014 5:45:00 AM,92634
1/18/2014 5:00:00 PM,1/18/2014 10:00:00 PM,1/17/2014 5:45:00 PM,109978
1/18/2014 6:00:00 AM,1/18/2014 11:00:00 AM,1/17/2014 5:45:00 AM,95808
1/18/2014 6:00:00 PM,1/18/2014 11:00:00 PM,1/17/2014 5:45:00 PM,112489
1/18/2014 7:00:00 AM,1/18/2014 12:00:00 PM,1/17/2014 5:45:00 AM,100013
1/18/2014 7:00:00 PM,1/19/2014 12:00:00 AM,1/17/2014 5:45:00 PM,111635
1/18/2014 8:00:00 AM,1/18/2014 1:00:00 PM,1/17/2014 9:45:00 AM,105409
1/18/2014 8:00:00 PM,1/19/2014 1:00:00 AM,1/17/2014 5:45:00 PM,110434
1/18/2014 9:00:00 AM,1/18/2014 2:00:00 PM,1/17/2014 9:45:00 AM,107369
1/18/2014 9:00:00 PM,1/19/2014 2:00:00 AM,1/17/2014 11:45:00 PM,107975
1/19/2014 10:00:00 AM,1/19/2014 3:00:00 PM,1/18/2014 9:45:00 AM,99165
1/19/2014 10:00:00 PM,1/20/2014 3:00:00 AM,1/18/2014 11:45:00 PM,98396
1/19/2014 11:00:00 AM,1/19/2014 4:00:00 PM,1/18/2014 11:45:00 AM,97747
1/19/2014 11:00:00 PM,1/20/2014 4:00:00 AM,1/18/2014 11:45:00 PM,93711
1/19/2014 12:00:00 AM,1/19/2014 5:00:00 AM,1/18/2014 5:45:00 AM,95120
1/19/2014 12:00:00 PM,1/19/2014 5:00:00 PM,1/18/2014 11:45:00 AM,96520
1/19/2014 1:00:00 AM,1/19/2014 6:00:00 AM,1/18/2014 5:45:00 AM,92762
1/19/2014 1:00:00 PM,1/19/2014 6:00:00 PM,1/18/2014 11:45:00 AM,94878
1/19/2014 2:00:00 AM,1/19/2014 7:00:00 AM,1/18/2014 5:45:00 AM,91501
1/19/2014 2:00:00 PM,1/19/2014 7:00:00 PM,1/18/2014 11:45:00 AM,93507
1/19/2014 3:00:00 AM,1/19/2014 8:00:00 AM,1/18/2014 5:45:00 AM,91100
1/19/2014 3:00:00 PM,1/19/2014 8:00:00 PM,1/18/2014 5:45:00 PM,93366
1/19/2014 4:00:00 AM,1/19/2014 9:00:00 AM,1/18/2014 5:45:00 AM,91421
1/19/2014 4:00:00 PM,1/19/2014 9:00:00 PM,1/18/2014 5:45:00 PM,96025
1/19/2014 5:00:00 AM,1/19/2014 10:00:00 AM,1/18/2014 5:45:00 AM,92804
1/19/2014 5:00:00 PM,1/19/2014 10:00:00 PM,1/18/2014 5:45:00 PM,102103
1/19/2014 6:00:00 AM,1/19/2014 11:00:00 AM,1/18/2014 5:45:00 AM,95218
1/19/2014 6:00:00 PM,1/19/2014 11:00:00 PM,1/18/2014 5:45:00 PM,105577
1/19/2014 7:00:00 AM,1/19/2014 12:00:00 PM,1/18/2014 5:45:00 AM,97868
1/19/2014 7:00:00 PM,1/20/2014 12:00:00 AM,1/18/2014 5:45:00 PM,105387
1/19/2014 8:00:00 AM,1/19/2014 1:00:00 PM,1/18/2014 9:45:00 AM,100279
1/19/2014 8:00:00 PM,1/20/2014 1:00:00 AM,1/18/2014 5:45:00 PM,104601
1/19/2014 9:00:00 AM,1/19/2014 2:00:00 PM,1/18/2014 9:45:00 AM,100435
1/19/2014 9:00:00 PM,1/20/2014 2:00:00 AM,1/18/2014 11:45:00 PM,102644
1/2/2014 10:00:00 AM,1/2/2014 3:00:00 PM,1/1/2014 9:45:00 AM,105887
1/2/2014 10:00:00 PM,1/3/2014 3:00:00 AM,1/1/2014 11:45:00 PM,104043
1/2/2014 11:00:00 AM,1/2/2014 4:00:00 PM,1/1/2014 11:45:00 AM,104946
1/2/2014 11:00:00 PM,1/3/2014 4:00:00 AM,1/1/2014 11:45:00 PM,97683
1/2/2014 12:00:00 AM,1/2/2014 5:00:00 AM,1/1/2014 5:45:00 AM,87964
1/2/2014 12:00:00 PM,1/2/2014 5:00:00 PM,1/1/2014 11:45:00 AM,103902
1/2/2014 1:00:00 AM,1/2/2014 6:00:00 AM,1/1/2014 5:45:00 AM,85548
1/2/2014 1:00:00 PM,1/2/2014 6:00:00 PM,1/1/2014 11:45:00 AM,103028
1/2/2014 2:00:00 AM,1/2/2014 7:00:00 AM,1/1/2014 5:45:00 AM,84625
1/2/2014 2:00:00 PM,1/2/2014 7:00:00 PM,1/1/2014 11:45:00 AM,102259
1/2/2014 3:00:00 AM,1/2/2014 8:00:00 AM,1/1/2014 5:45:00 AM,84707
1/2/2014 3:00:00 PM,1/2/2014 8:00:00 PM,1/1/2014 5:45:00 PM,102849
1/2/2014 4:00:00 AM,1/2/2014 9:00:00 AM,1/1/2014 5:45:00 AM,86568
1/2/2014 4:00:00 PM,1/2/2014 9:00:00 PM,1/1/2014 5:45:00 PM,105941
1/2/2014 5:00:00 AM,1/2/2014 10:00:00 AM,1/1/2014 5:45:00 AM,91561
1/2/2014 5:00:00 PM,1/2/2014 10:00:00 PM,1/1/2014 5:45:00 PM,113546
1/2/2014 6:00:00 AM,1/2/2014 11:00:00 AM,1/1/2014 5:45:00 AM,99600
1/2/2014 6:00:00 PM,1/2/2014 11:00:00 PM,1/1/2014 5:45:00 PM,116193
1/2/2014 7:00:00 AM,1/2/2014 12:00:00 PM,1/1/2014 5:45:00 AM,104733
1/2/2014 7:00:00 PM,1/3/2014 12:00:00 AM,1/1/2014 5:45:00 PM,115468
1/2/2014 8:00:00 AM,1/2/2014 1:00:00 PM,1/1/2014 9:45:00 AM,106600
1/2/2014 8:00:00 PM,1/3/2014 1:00:00 AM,1/1/2014 5:45:00 PM,114118
1/2/2014 9:00:00 AM,1/2/2014 2:00:00 PM,1/1/2014 9:45:00 AM,106331
1/2/2014 9:00:00 PM,1/3/2014 2:00:00 AM,1/1/2014 11:45:00 PM,110035
1/20/2014 10:00:00 AM,1/20/2014 3:00:00 PM,1/19/2014 9:45:00 AM,107352
1/20/2014 10:00:00 PM,1/21/2014 3:00:00 AM,1/19/2014 11:45:00 PM,101645
1/20/2014 11:00:00 AM,1/20/2014 4:00:00 PM,1/19/2014 11:45:00 AM,104934
1/20/2014 11:00:00 PM,1/21/2014 4:00:00 AM,1/19/2014 11:45:00 PM,95981
1/20/2014 12:00:00 AM,1/20/2014 5:00:00 AM,1/19/2014 5:45:00 AM,89078
1/20/2014 12:00:00 PM,1/20/2014 5:00:00 PM,1/19/2014 11:45:00 AM,103337
1/20/2014 1:00:00 AM,1/20/2014 6:00:00 AM,1/19/2014 5:45:00 AM,87313
1/20/2014 1:00:00 PM,1/20/2014 6:00:00 PM,1/19/2014 11:45:00 AM,102006
1/20/2014 2:00:00 AM,1/20/2014 7:00:00 AM,1/19/2014 5:45:00 AM,86800
1/20/2014 2:00:00 PM,1/20/2014 7:00:00 PM,1/19/2014 11:45:00 AM,100754
1/20/2014 3:00:00 AM,1/20/2014 8:00:00 AM,1/19/2014 5:45:00 AM,87375
1/20/2014 3:00:00 PM,1/20/2014 8:00:00 PM,1/19/2014 5:45:00 PM,100475
1/20/2014 4:00:00 AM,1/20/2014 9:00:00 AM,1/19/2014 5:45:00 AM,89671
1/20/2014 4:00:00 PM,1/20/2014 9:00:00 PM,1/19/2014 5:45:00 PM,102842
1/20/2014 5:00:00 AM,1/20/2014 10:00:00 AM,1/19/2014 5:45:00 AM,95294
1/20/2014 5:00:00 PM,1/20/2014 10:00:00 PM,1/19/2014 5:45:00 PM,108975
1/20/2014 6:00:00 AM,1/20/2014 11:00:00 AM,1/19/2014 5:45:00 AM,104012
1/20/2014 6:00:00 PM,1/20/2014 11:00:00 PM,1/19/2014 5:45:00 PM,111593
1/20/2014 7:00:00 AM,1/20/2014 12:00:00 PM,1/19/2014 5:45:00 AM,109216
1/20/2014 7:00:00 PM,1/21/2014 12:00:00 AM,1/19/2014 5:45:00 PM,111766
1/20/2014 8:00:00 AM,1/20/2014 1:00:00 PM,1/19/2014 9:45:00 AM,109644
1/20/2014 8:00:00 PM,1/21/2014 1:00:00 AM,1/19/2014 5:45:00 PM,110566
1/20/2014 9:00:00 AM,1/20/2014 2:00:00 PM,1/19/2014 9:45:00 AM,108512
1/20/2014 9:00:00 PM,1/21/2014 2:00:00 AM,1/19/2014 11:45:00 PM,107090
1/21/2014 10:00:00 AM,1/21/2014 3:00:00 PM,1/20/2014 9:45:00 AM,118209
1/21/2014 10:00:00 PM,1/22/2014 3:00:00 AM,1/20/2014 11:45:00 PM,119030
1/21/2014 11:00:00 AM,1/21/2014 4:00:00 PM,1/20/2014 11:45:00 AM,117767
1/21/2014 11:00:00 PM,1/22/2014 4:00:00 AM,1/20/2014 11:45:00 PM,113465
1/21/2014 12:00:00 AM,1/21/2014 5:00:00 AM,1/20/2014 5:45:00 AM,92558
1/21/2014 12:00:00 PM,1/21/2014 5:00:00 PM,1/20/2014 11:45:00 AM,117568
1/21/2014 1:00:00 AM,1/21/2014 6:00:00 AM,1/20/2014 5:45:00 AM,90975
1/21/2014 1:00:00 PM,1/21/2014 6:00:00 PM,1/20/2014 11:45:00 AM,117291
1/21/2014 2:00:00 AM,1/21/2014 7:00:00 AM,1/20/2014 5:45:00 AM,90594
1/21/2014 2:00:00 PM,1/21/2014 7:00:00 PM,1/20/2014 11:45:00 AM,116972
1/21/2014 3:00:00 AM,1/21/2014 8:00:00 AM,1/20/2014 5:45:00 AM,91441
1/21/2014 3:00:00 PM,1/21/2014 8:00:00 PM,1/20/2014 5:45:00 PM,117135
1/21/2014 4:00:00 AM,1/21/2014 9:00:00 AM,1/20/2014 5:45:00 AM,94000
1/21/2014 4:00:00 PM,1/21/2014 9:00:00 PM,1/20/2014 5:45:00 PM,119896
1/21/2014 5:00:00 AM,1/21/2014 10:00:00 AM,1/20/2014 5:45:00 AM,100154
1/21/2014 5:00:00 PM,1/21/2014 10:00:00 PM,1/20/2014 5:45:00 PM,126473
1/21/2014 6:00:00 AM,1/21/2014 11:00:00 AM,1/20/2014 5:45:00 AM,109765
1/21/2014 6:00:00 PM,1/21/2014 11:00:00 PM,1/20/2014 5:45:00 PM,129957
1/21/2014 7:00:00 AM,1/21/2014 12:00:00 PM,1/20/2014 5:45:00 AM,115922
1/21/2014 7:00:00 PM,1/22/2014 12:00:00 AM,1/20/2014 5:45:00 PM,129950
1/21/2014 8:00:00 AM,1/21/2014 1:00:00 PM,1/20/2014 9:45:00 AM,118005
1/21/2014 8:00:00 PM,1/22/2014 1:00:00 AM,1/20/2014 5:45:00 PM,128494
1/21/2014 9:00:00 AM,1/21/2014 2:00:00 PM,1/20/2014 9:45:00 AM,118197
1/21/2014 9:00:00 PM,1/22/2014 2:00:00 AM,1/20/2014 11:45:00 PM,124794
1/22/2014 10:00:00 AM,1/22/2014 3:00:00 PM,1/21/2014 9:45:00 AM,126869
1/22/2014 10:00:00 PM,1/23/2014 3:00:00 AM,1/21/2014 11:45:00 PM,121837
1/22/2014 11:00:00 AM,1/22/2014 4:00:00 PM,1/21/2014 11:45:00 AM,123997
1/22/2014 11:00:00 PM,1/23/2014 4:00:00 AM,1/21/2014 11:45:00 PM,116023
1/22/2014 12:00:00 AM,1/22/2014 5:00:00 AM,1/21/2014 5:45:00 AM,110520
1/22/2014 12:00:00 PM,1/22/2014 5:00:00 PM,1/21/2014 11:45:00 AM,121555
1/22/2014 1:00:00 AM,1/22/2014 6:00:00 AM,1/21/2014 5:45:00 AM,109512
1/22/2014 1:00:00 PM,1/22/2014 6:00:00 PM,1/21/2014 11:45:00 AM,119715
1/22/2014 2:00:00 AM,1/22/2014 7:00:00 AM,1/21/2014 5:45:00 AM,109631
1/22/2014 2:00:00 PM,1/22/2014 7:00:00 PM,1/21/2014 11:45:00 AM,118064
1/22/2014 3:00:00 AM,1/22/2014 8:00:00 AM,1/21/2014 5:45:00 AM,110695
1/22/2014 3:00:00 PM,1/22/2014 8:00:00 PM,1/21/2014 5:45:00 PM,117768
1/22/2014 4:00:00 AM,1/22/2014 9:00:00 AM,1/21/2014 5:45:00 AM,113446
1/22/2014 4:00:00 PM,1/22/2014 9:00:00 PM,1/21/2014 5:45:00 PM,120322
1/22/2014 5:00:00 AM,1/22/2014 10:00:00 AM,1/21/2014 5:45:00 AM,119490
1/22/2014 5:00:00 PM,1/22/2014 10:00:00 PM,1/21/2014 5:45:00 PM,127052
1/22/2014 6:00:00 AM,1/22/2014 11:00:00 AM,1/21/2014 5:45:00 AM,128859
1/22/2014 6:00:00 PM,1/22/2014 11:00:00 PM,1/21/2014 5:45:00 PM,131453
1/22/2014 7:00:00 AM,1/22/2014 12:00:00 PM,1/21/2014 5:45:00 AM,133832
1/22/2014 7:00:00 PM,1/23/2014 12:00:00 AM,1/21/2014 5:45:00 PM,131547
1/22/2014 8:00:00 AM,1/22/2014 1:00:00 PM,1/21/2014 9:45:00 AM,132349
1/22/2014 8:00:00 PM,1/23/2014 1:00:00 AM,1/21/2014 5:45:00 PM,129483
1/22/2014 9:00:00 AM,1/22/2014 2:00:00 PM,1/21/2014 9:45:00 AM,129391
1/22/2014 9:00:00 PM,1/23/2014 2:00:00 AM,1/21/2014 11:45:00 PM,127792
1/23/2014 10:00:00 AM,1/23/2014 3:00:00 PM,1/22/2014 9:45:00 AM,125995
1/23/2014 10:00:00 PM,1/24/2014 3:00:00 AM,1/22/2014 11:45:00 PM,125097
1/23/2014 11:00:00 AM,1/23/2014 4:00:00 PM,1/22/2014 11:45:00 AM,128536
1/23/2014 11:00:00 PM,1/24/2014 4:00:00 AM,1/22/2014 11:45:00 PM,119635
1/23/2014 12:00:00 AM,1/23/2014 5:00:00 AM,1/22/2014 5:45:00 AM,112189
1/23/2014 12:00:00 PM,1/23/2014 5:00:00 PM,1/22/2014 11:45:00 AM,126682
1/23/2014 1:00:00 AM,1/23/2014 6:00:00 AM,1/22/2014 5:45:00 AM,111021
1/23/2014 1:00:00 PM,1/23/2014 6:00:00 PM,1/22/2014 11:45:00 AM,124892
1/23/2014 2:00:00 AM,1/23/2014 7:00:00 AM,1/22/2014 5:45:00 AM,110725
1/23/2014 2:00:00 PM,1/23/2014 7:00:00 PM,1/22/2014 11:45:00 AM,123223
1/23/2014 3:00:00 AM,1/23/2014 8:00:00 AM,1/22/2014 5:45:00 AM,111593
1/23/2014 3:00:00 PM,1/23/2014 8:00:00 PM,1/22/2014 5:45:00 PM,122983
1/23/2014 4:00:00 AM,1/23/2014 9:00:00 AM,1/22/2014 5:45:00 AM,113994
1/23/2014 4:00:00 PM,1/23/2014 9:00:00 PM,1/22/2014 5:45:00 PM,124975
1/23/2014 5:00:00 AM,1/23/2014 10:00:00 AM,1/22/2014 5:45:00 AM,119714
1/23/2014 5:00:00 PM,1/23/2014 10:00:00 PM,1/22/2014 5:45:00 PM,131435
1/23/2014 6:00:00 AM,1/23/2014 11:00:00 AM,1/22/2014 5:45:00 AM,128507
1/23/2014 6:00:00 PM,1/23/2014 11:00:00 PM,1/22/2014 5:45:00 PM,136308
1/23/2014 7:00:00 AM,1/23/2014 12:00:00 PM,1/22/2014 5:45:00 AM,133607
1/23/2014 7:00:00 PM,1/24/2014 12:00:00 AM,1/22/2014 5:45:00 PM,136572
1/23/2014 8:00:00 AM,1/23/2014 1:00:00 PM,1/22/2014 9:45:00 AM,132051
1/23/2014 8:00:00 PM,1/24/2014 1:00:00 AM,1/22/2014 5:45:00 PM,134440
1/23/2014 9:00:00 AM,1/23/2014 2:00:00 PM,1/22/2014 9:45:00 AM,128880
1/23/2014 9:00:00 PM,1/24/2014 2:00:00 AM,1/22/2014 11:45:00 PM,130611
1/24/2014 10:00:00 AM,1/24/2014 3:00:00 PM,1/23/2014 9:45:00 AM,127328
1/24/2014 10:00:00 PM,1/25/2014 3:00:00 AM,1/23/2014 11:45:00 PM,117820
1/24/2014 11:00:00 AM,1/24/2014 4:00:00 PM,1/23/2014 11:45:00 AM,125291
1/24/2014 11:00:00 PM,1/25/2014 4:00:00 AM,1/23/2014 11:45:00 PM,112691
1/24/2014 12:00:00 AM,1/24/2014 5:00:00 AM,1/23/2014 5:45:00 AM,112715
1/24/2014 12:00:00 PM,1/24/2014 5:00:00 PM,1/23/2014 11:45:00 AM,122881
1/24/2014 1:00:00 AM,1/24/2014 6:00:00 AM,1/23/2014 5:45:00 AM,111587
1/24/2014 1:00:00 PM,1/24/2014 6:00:00 PM,1/23/2014 11:45:00 AM,120538
1/24/2014 2:00:00 AM,1/24/2014 7:00:00 AM,1/23/2014 5:45:00 AM,111444
1/24/2014 2:00:00 PM,1/24/2014 7:00:00 PM,1/23/2014 11:45:00 AM,118655
1/24/2014 3:00:00 AM,1/24/2014 8:00:00 AM,1/23/2014 5:45:00 AM,112229
1/24/2014 3:00:00 PM,1/24/2014 8:00:00 PM,1/23/2014 5:45:00 PM,119657
1/24/2014 4:00:00 AM,1/24/2014 9:00:00 AM,1/23/2014 5:45:00 AM,114376
1/24/2014 4:00:00 PM,1/24/2014 9:00:00 PM,1/23/2014 5:45:00 PM,120971
1/24/2014 5:00:00 AM,1/24/2014 10:00:00 AM,1/23/2014 5:45:00 AM,119750
1/24/2014 5:00:00 PM,1/24/2014 10:00:00 PM,1/23/2014 5:45:00 PM,126699
1/24/2014 6:00:00 AM,1/24/2014 11:00:00 AM,1/23/2014 5:45:00 AM,127927
1/24/2014 6:00:00 PM,1/24/2014 11:00:00 PM,1/23/2014 5:45:00 PM,130341
1/24/2014 7:00:00 AM,1/24/2014 12:00:00 PM,1/23/2014 5:45:00 AM,132982
1/24/2014 7:00:00 PM,1/25/2014 12:00:00 AM,1/23/2014 5:45:00 PM,129075
1/24/2014 8:00:00 AM,1/24/2014 1:00:00 PM,1/23/2014 9:45:00 AM,132225
1/24/2014 8:00:00 PM,1/25/2014 1:00:00 AM,1/23/2014 5:45:00 PM,126461
1/24/2014 9:00:00 AM,1/24/2014 2:00:00 PM,1/23/2014 9:45:00 AM,129851
1/24/2014 9:00:00 PM,1/25/2014 2:00:00 AM,1/23/2014 11:45:00 PM,122631
1/25/2014 10:00:00 AM,1/25/2014 3:00:00 PM,1/24/2014 9:45:00 AM,113063
1/25/2014 10:00:00 PM,1/26/2014 3:00:00 AM,1/24/2014 11:45:00 PM,111204
1/25/2014 11:00:00 AM,1/25/2014 4:00:00 PM,1/24/2014 11:45:00 AM,116823
1/25/2014 11:00:00 PM,1/26/2014 4:00:00 AM,1/24/2014 11:45:00 PM,107185
1/25/2014 12:00:00 AM,1/25/2014 5:00:00 AM,1/24/2014 5:45:00 AM,106891
1/25/2014 12:00:00 PM,1/25/2014 5:00:00 PM,1/24/2014 11:45:00 AM,114432
1/25/2014 1:00:00 AM,1/25/2014 6:00:00 AM,1/24/2014 5:45:00 AM,104512
1/25/2014 1:00:00 PM,1/25/2014 6:00:00 PM,1/24/2014 11:45:00 AM,111946
1/25/2014 2:00:00 AM,1/25/2014 7:00:00 AM,1/24/2014 5:45:00 AM,103267
1/25/2014 2:00:00 PM,1/25/2014 7:00:00 PM,1/24/2014 11:45:00 AM,110024
1/25/2014 3:00:00 AM,1/25/2014 8:00:00 AM,1/24/2014 5:45:00 AM,102868
1/25/2014 3:00:00 PM,1/25/2014 8:00:00 PM,1/24/2014 5:45:00 PM,109697
1/25/2014 4:00:00 AM,1/25/2014 9:00:00 AM,1/24/2014 5:45:00 AM,103028
1/25/2014 4:00:00 PM,1/25/2014 9:00:00 PM,1/24/2014 5:45:00 PM,111018
1/25/2014 5:00:00 AM,1/25/2014 10:00:00 AM,1/24/2014 5:45:00 AM,104605
1/25/2014 5:00:00 PM,1/25/2014 10:00:00 PM,1/24/2014 5:45:00 PM,115641
1/25/2014 6:00:00 AM,1/25/2014 11:00:00 AM,1/24/2014 5:45:00 AM,107215
1/25/2014 6:00:00 PM,1/25/2014 11:00:00 PM,1/24/2014 5:45:00 PM,119731
1/25/2014 7:00:00 AM,1/25/2014 12:00:00 PM,1/24/2014 5:45:00 AM,110556
1/25/2014 7:00:00 PM,1/26/2014 12:00:00 AM,1/24/2014 5:45:00 PM,119147
1/25/2014 8:00:00 AM,1/25/2014 1:00:00 PM,1/24/2014 9:45:00 AM,113054
1/25/2014 8:00:00 PM,1/26/2014 1:00:00 AM,1/24/2014 5:45:00 PM,117666
1/25/2014 9:00:00 AM,1/25/2014 2:00:00 PM,1/24/2014 9:45:00 AM,113713
1/25/2014 9:00:00 PM,1/26/2014 2:00:00 AM,1/24/2014 11:45:00 PM,114828
1/26/2014 10:00:00 AM,1/26/2014 3:00:00 PM,1/25/2014 9:45:00 AM,109466
1/26/2014 10:00:00 PM,1/27/2014 3:00:00 AM,1/25/2014 11:45:00 PM,111403
1/26/2014 11:00:00 AM,1/26/2014 4:00:00 PM,1/25/2014 11:45:00 AM,109450
1/26/2014 11:00:00 PM,1/27/2014 4:00:00 AM,1/25/2014 11:45:00 PM,106931
1/26/2014 12:00:00 AM,1/26/2014 5:00:00 AM,1/25/2014 5:45:00 AM,101533
1/26/2014 12:00:00 PM,1/26/2014 5:00:00 PM,1/25/2014 11:45:00 AM,107768
1/26/2014 1:00:00 AM,1/26/2014 6:00:00 AM,1/25/2014 5:45:00 AM,99981
1/26/2014 1:00:00 PM,1/26/2014 6:00:00 PM,1/25/2014 11:45:00 AM,105724
1/26/2014 2:00:00 AM,1/26/2014 7:00:00 AM,1/25/2014 5:45:00 AM,99379
1/26/2014 2:00:00 PM,1/26/2014 7:00:00 PM,1/25/2014 11:45:00 AM,104319
1/26/2014 3:00:00 AM,1/26/2014 8:00:00 AM,1/25/2014 5:45:00 AM,99905
1/26/2014 3:00:00 PM,1/26/2014 8:00:00 PM,1/25/2014 5:45:00 PM,107049
1/26/2014 4:00:00 AM,1/26/2014 9:00:00 AM,1/25/2014 5:45:00 AM,100811
1/26/2014 4:00:00 PM,1/26/2014 9:00:00 PM,1/25/2014 5:45:00 PM,108824
1/26/2014 5:00:00 AM,1/26/2014 10:00:00 AM,1/25/2014 5:45:00 AM,102641
1/26/2014 5:00:00 PM,1/26/2014 10:00:00 PM,1/25/2014 5:45:00 PM,114415
1/26/2014 6:00:00 AM,1/26/2014 11:00:00 AM,1/25/2014 5:45:00 AM,105293
1/26/2014 6:00:00 PM,1/26/2014 11:00:00 PM,1/25/2014 5:45:00 PM,119193
1/26/2014 7:00:00 AM,1/26/2014 12:00:00 PM,1/25/2014 5:45:00 AM,108739
1/26/2014 7:00:00 PM,1/27/2014 12:00:00 AM,1/25/2014 5:45:00 PM,119244
1/26/2014 8:00:00 AM,1/26/2014 1:00:00 PM,1/25/2014 9:45:00 AM,111111
1/26/2014 8:00:00 PM,1/27/2014 1:00:00 AM,1/25/2014 5:45:00 PM,118354
1/26/2014 9:00:00 AM,1/26/2014 2:00:00 PM,1/25/2014 9:45:00 AM,111259
1/26/2014 9:00:00 PM,1/27/2014 2:00:00 AM,1/25/2014 11:45:00 PM,115401
1/27/2014 10:00:00 AM,1/27/2014 3:00:00 PM,1/26/2014 9:45:00 AM,116422
1/27/2014 10:00:00 PM,1/28/2014 3:00:00 AM,1/26/2014 11:45:00 PM,124074
1/27/2014 11:00:00 AM,1/27/2014 4:00:00 PM,1/26/2014 11:45:00 AM,119557
1/27/2014 11:00:00 PM,1/28/2014 4:00:00 AM,1/26/2014 11:45:00 PM,119504
1/27/2014 12:00:00 AM,1/27/2014 5:00:00 AM,1/26/2014 5:45:00 AM,95504
1/27/2014 12:00:00 PM,1/27/2014 5:00:00 PM,1/26/2014 11:45:00 AM,118912
1/27/2014 1:00:00 AM,1/27/2014 6:00:00 AM,1/26/2014 5:45:00 AM,93763
1/27/2014 1:00:00 PM,1/27/2014 6:00:00 PM,1/26/2014 11:45:00 AM,118211
1/27/2014 2:00:00 AM,1/27/2014 7:00:00 AM,1/26/2014 5:45:00 AM,93177
1/27/2014 2:00:00 PM,1/27/2014 7:00:00 PM,1/26/2014 11:45:00 AM,117536
1/27/2014 3:00:00 AM,1/27/2014 8:00:00 AM,1/26/2014 5:45:00 AM,93601
1/27/2014 3:00:00 PM,1/27/2014 8:00:00 PM,1/26/2014 5:45:00 PM,117556
1/27/2014 4:00:00 AM,1/27/2014 9:00:00 AM,1/26/2014 5:45:00 AM,95565
1/27/2014 4:00:00 PM,1/27/2014 9:00:00 PM,1/26/2014 5:45:00 PM,119634
1/27/2014 5:00:00 AM,1/27/2014 10:00:00 AM,1/26/2014 5:45:00 AM,100573
1/27/2014 5:00:00 PM,1/27/2014 10:00:00 PM,1/26/2014 5:45:00 PM,125362
1/27/2014 6:00:00 AM,1/27/2014 11:00:00 AM,1/26/2014 5:45:00 AM,108390
1/27/2014 6:00:00 PM,1/27/2014 11:00:00 PM,1/26/2014 5:45:00 PM,130704
1/27/2014 7:00:00 AM,1/27/2014 12:00:00 PM,1/26/2014 5:45:00 AM,114280
1/27/2014 7:00:00 PM,1/28/2014 12:00:00 AM,1/26/2014 5:45:00 PM,131825
1/27/2014 8:00:00 AM,1/27/2014 1:00:00 PM,1/26/2014 9:45:00 AM,115745
1/27/2014 8:00:00 PM,1/28/2014 1:00:00 AM,1/26/2014 5:45:00 PM,131667
1/27/2014 9:00:00 AM,1/27/2014 2:00:00 PM,1/26/2014 9:45:00 AM,116177
1/27/2014 9:00:00 PM,1/28/2014 2:00:00 AM,1/26/2014 11:45:00 PM,128979
1/28/2014 10:00:00 AM,1/28/2014 3:00:00 PM,1/27/2014 9:45:00 AM,133282
1/28/2014 10:00:00 PM,1/29/2014 3:00:00 AM,1/27/2014 11:45:00 PM,128134
1/28/2014 11:00:00 AM,1/28/2014 4:00:00 PM,1/27/2014 11:45:00 AM,133526
1/28/2014 11:00:00 PM,1/29/2014 4:00:00 AM,1/27/2014 11:45:00 PM,122459
1/28/2014 12:00:00 AM,1/28/2014 5:00:00 AM,1/27/2014 5:45:00 AM,112365
1/28/2014 12:00:00 PM,1/28/2014 5:00:00 PM,1/27/2014 11:45:00 AM,131533
1/28/2014 1:00:00 AM,1/28/2014 6:00:00 AM,1/27/2014 5:45:00 AM,111503
1/28/2014 1:00:00 PM,1/28/2014 6:00:00 PM,1/27/2014 11:45:00 AM,129820
1/28/2014 2:00:00 AM,1/28/2014 7:00:00 AM,1/27/2014 5:45:00 AM,111605
1/28/2014 2:00:00 PM,1/28/2014 7:00:00 PM,1/27/2014 11:45:00 AM,128366
1/28/2014 3:00:00 AM,1/28/2014 8:00:00 AM,1/27/2014 5:45:00 AM,112650
1/28/2014 3:00:00 PM,1/28/2014 8:00:00 PM,1/27/2014 5:45:00 PM,127897
1/28/2014 4:00:00 AM,1/28/2014 9:00:00 AM,1/27/2014 5:45:00 AM,115309
1/28/2014 4:00:00 PM,1/28/2014 9:00:00 PM,1/27/2014 5:45:00 PM,129960
1/28/2014 5:00:00 AM,1/28/2014 10:00:00 AM,1/27/2014 5:45:00 AM,120991
1/28/2014 5:00:00 PM,1/28/2014 10:00:00 PM,1/27/2014 5:45:00 PM,136184
1/28/2014 6:00:00 AM,1/28/2014 11:00:00 AM,1/27/2014 5:45:00 AM,129258
1/28/2014 6:00:00 PM,1/28/2014 11:00:00 PM,1/27/2014 5:45:00 PM,140274
1/28/2014 7:00:00 AM,1/28/2014 12:00:00 PM,1/27/2014 5:45:00 AM,134628
1/28/2014 7:00:00 PM,1/29/2014 12:00:00 AM,1/27/2014 5:45:00 PM,140411
1/28/2014 8:00:00 AM,1/28/2014 1:00:00 PM,1/27/2014 9:45:00 AM,136188
1/28/2014 8:00:00 PM,1/29/2014 1:00:00 AM,1/27/2014 5:45:00 PM,138180
1/28/2014 9:00:00 AM,1/28/2014 2:00:00 PM,1/27/2014 9:45:00 AM,134900
1/28/2014 9:00:00 PM,1/29/2014 2:00:00 AM,1/27/2014 11:45:00 PM,134271
1/29/2014 10:00:00 AM,1/29/2014 3:00:00 PM,1/28/2014 9:45:00 AM,127701
1/29/2014 10:00:00 PM,1/30/2014 3:00:00 AM,1/28/2014 11:45:00 PM,119394
1/29/2014 11:00:00 AM,1/29/2014 4:00:00 PM,1/28/2014 11:45:00 AM,123854
1/29/2014 11:00:00 PM,1/30/2014 4:00:00 AM,1/28/2014 11:45:00 PM,114000
1/29/2014 12:00:00 AM,1/29/2014 5:00:00 AM,1/28/2014 5:45:00 AM,114857
1/29/2014 12:00:00 PM,1/29/2014 5:00:00 PM,1/28/2014 11:45:00 AM,121069
1/29/2014 1:00:00 AM,1/29/2014 6:00:00 AM,1/28/2014 5:45:00 AM,113558
1/29/2014 1:00:00 PM,1/29/2014 6:00:00 PM,1/28/2014 11:45:00 AM,119019
1/29/2014 2:00:00 AM,1/29/2014 7:00:00 AM,1/28/2014 5:45:00 AM,113389
1/29/2014 2:00:00 PM,1/29/2014 7:00:00 PM,1/28/2014 11:45:00 AM,117391
1/29/2014 3:00:00 AM,1/29/2014 8:00:00 AM,1/28/2014 5:45:00 AM,113907
1/29/2014 3:00:00 PM,1/29/2014 8:00:00 PM,1/28/2014 5:45:00 PM,116009
1/29/2014 4:00:00 AM,1/29/2014 9:00:00 AM,1/28/2014 5:45:00 AM,116150
1/29/2014 4:00:00 PM,1/29/2014 9:00:00 PM,1/28/2014 5:45:00 PM,117815
1/29/2014 5:00:00 AM,1/29/2014 10:00:00 AM,1/28/2014 5:45:00 AM,121660
1/29/2014 5:00:00 PM,1/29/2014 10:00:00 PM,1/28/2014 5:45:00 PM,124670
1/29/2014 6:00:00 AM,1/29/2014 11:00:00 AM,1/28/2014 5:45:00 AM,129971
1/29/2014 6:00:00 PM,1/29/2014 11:00:00 PM,1/28/2014 5:45:00 PM,129865
1/29/2014 7:00:00 AM,1/29/2014 12:00:00 PM,1/28/2014 5:45:00 AM,134847
1/29/2014 7:00:00 PM,1/30/2014 12:00:00 AM,1/28/2014 5:45:00 PM,130341
1/29/2014 8:00:00 AM,1/29/2014 1:00:00 PM,1/28/2014 9:45:00 AM,133636
1/29/2014 8:00:00 PM,1/30/2014 1:00:00 AM,1/28/2014 5:45:00 PM,128738
1/29/2014 9:00:00 AM,1/29/2014 2:00:00 PM,1/28/2014 9:45:00 AM,130569
1/29/2014 9:00:00 PM,1/30/2014 2:00:00 AM,1/28/2014 11:45:00 PM,124865
1/3/2014 10:00:00 AM,1/3/2014 3:00:00 PM,1/2/2014 9:45:00 AM,116455
1/3/2014 10:00:00 PM,1/4/2014 3:00:00 AM,1/2/2014 11:45:00 PM,113491
1/3/2014 11:00:00 AM,1/3/2014 4:00:00 PM,1/2/2014 11:45:00 AM,115214
1/3/2014 11:00:00 PM,1/4/2014 4:00:00 AM,1/2/2014 11:45:00 PM,108353
1/3/2014 12:00:00 AM,1/3/2014 5:00:00 AM,1/2/2014 5:45:00 AM,96347
1/3/2014 12:00:00 PM,1/3/2014 5:00:00 PM,1/2/2014 11:45:00 AM,113504
1/3/2014 1:00:00 AM,1/3/2014 6:00:00 AM,1/2/2014 5:45:00 AM,94393
1/3/2014 1:00:00 PM,1/3/2014 6:00:00 PM,1/2/2014 11:45:00 AM,112037
1/3/2014 2:00:00 AM,1/3/2014 7:00:00 AM,1/2/2014 5:45:00 AM,93967
1/3/2014 2:00:00 PM,1/3/2014 7:00:00 PM,1/2/2014 11:45:00 AM,110798
1/3/2014 3:00:00 AM,1/3/2014 8:00:00 AM,1/2/2014 5:45:00 AM,94595
1/3/2014 3:00:00 PM,1/3/2014 8:00:00 PM,1/2/2014 5:45:00 PM,110483
1/3/2014 4:00:00 AM,1/3/2014 9:00:00 AM,1/2/2014 5:45:00 AM,97042
1/3/2014 4:00:00 PM,1/3/2014 9:00:00 PM,1/2/2014 5:45:00 PM,113270
1/3/2014 5:00:00 AM,1/3/2014 10:00:00 AM,1/2/2014 5:45:00 AM,102493
1/3/2014 5:00:00 PM,1/3/2014 10:00:00 PM,1/2/2014 5:45:00 PM,120312
1/3/2014 6:00:00 AM,1/3/2014 11:00:00 AM,1/2/2014 5:45:00 AM,110940
1/3/2014 6:00:00 PM,1/3/2014 11:00:00 PM,1/2/2014 5:45:00 PM,122751
1/3/2014 7:00:00 AM,1/3/2014 12:00:00 PM,1/2/2014 5:45:00 AM,116649
1/3/2014 7:00:00 PM,1/4/2014 12:00:00 AM,1/2/2014 5:45:00 PM,121745
1/3/2014 8:00:00 AM,1/3/2014 1:00:00 PM,1/2/2014 9:45:00 AM,117459
1/3/2014 8:00:00 PM,1/4/2014 1:00:00 AM,1/2/2014 5:45:00 PM,120381
1/3/2014 9:00:00 AM,1/3/2014 2:00:00 PM,1/2/2014 9:45:00 AM,117112
1/3/2014 9:00:00 PM,1/4/2014 2:00:00 AM,1/2/2014 11:45:00 PM,117850
1/30/2014 10:00:00 AM,1/30/2014 3:00:00 PM,1/29/2014 9:45:00 AM,121850
1/30/2014 10:00:00 PM,1/31/2014 3:00:00 AM,1/29/2014 11:45:00 PM,114710
1/30/2014 11:00:00 AM,1/30/2014 4:00:00 PM,1/29/2014 11:45:00 AM,119882
1/30/2014 11:00:00 PM,1/31/2014 4:00:00 AM,1/29/2014 11:45:00 PM,108950
1/30/2014 12:00:00 AM,1/30/2014 5:00:00 AM,1/29/2014 5:45:00 AM,110877
1/30/2014 12:00:00 PM,1/30/2014 5:00:00 PM,1/29/2014 11:45:00 AM,116910
1/30/2014 1:00:00 AM,1/30/2014 6:00:00 AM,1/29/2014 5:45:00 AM,109426
1/30/2014 1:00:00 PM,1/30/2014 6:00:00 PM,1/29/2014 11:45:00 AM,114706
1/30/2014 2:00:00 AM,1/30/2014 7:00:00 AM,1/29/2014 5:45:00 AM,109130
1/30/2014 2:00:00 PM,1/30/2014 7:00:00 PM,1/29/2014 11:45:00 AM,113075
1/30/2014 3:00:00 AM,1/30/2014 8:00:00 AM,1/29/2014 5:45:00 AM,109702
1/30/2014 3:00:00 PM,1/30/2014 8:00:00 PM,1/29/2014 5:45:00 PM,117361
1/30/2014 4:00:00 AM,1/30/2014 9:00:00 AM,1/29/2014 5:45:00 AM,111951
1/30/2014 4:00:00 PM,1/30/2014 9:00:00 PM,1/29/2014 5:45:00 PM,118178
1/30/2014 5:00:00 AM,1/30/2014 10:00:00 AM,1/29/2014 5:45:00 AM,117331
1/30/2014 5:00:00 PM,1/30/2014 10:00:00 PM,1/29/2014 5:45:00 PM,122745
1/30/2014 6:00:00 AM,1/30/2014 11:00:00 AM,1/29/2014 5:45:00 AM,125839
1/30/2014 6:00:00 PM,1/30/2014 11:00:00 PM,1/29/2014 5:45:00 PM,126891
1/30/2014 7:00:00 AM,1/30/2014 12:00:00 PM,1/29/2014 5:45:00 AM,130718
1/30/2014 7:00:00 PM,1/31/2014 12:00:00 AM,1/29/2014 5:45:00 PM,126672
1/30/2014 8:00:00 AM,1/30/2014 1:00:00 PM,1/29/2014 9:45:00 AM,128757
1/30/2014 8:00:00 PM,1/31/2014 1:00:00 AM,1/29/2014 5:45:00 PM,124744
1/30/2014 9:00:00 AM,1/30/2014 2:00:00 PM,1/29/2014 9:45:00 AM,125117
1/30/2014 9:00:00 PM,1/31/2014 2:00:00 AM,1/29/2014 11:45:00 PM,120389
1/31/2014 10:00:00 AM,1/31/2014 3:00:00 PM,1/30/2014 9:45:00 AM,112649
1/31/2014 10:00:00 PM,2/1/2014 3:00:00 AM,1/30/2014 11:45:00 PM,104029
1/31/2014 11:00:00 AM,1/31/2014 4:00:00 PM,1/30/2014 11:45:00 AM,114915
1/31/2014 11:00:00 PM,2/1/2014 4:00:00 AM,1/30/2014 11:45:00 PM,99367
1/31/2014 12:00:00 AM,1/31/2014 5:00:00 AM,1/30/2014 5:45:00 AM,101510
1/31/2014 12:00:00 PM,1/31/2014 5:00:00 PM,1/30/2014 11:45:00 AM,111984
1/31/2014 1:00:00 AM,1/31/2014 6:00:00 AM,1/30/2014 5:45:00 AM,99542
1/31/2014 1:00:00 PM,1/31/2014 6:00:00 PM,1/30/2014 11:45:00 AM,109755
1/31/2014 2:00:00 AM,1/31/2014 7:00:00 AM,1/30/2014 5:45:00 AM,98767
1/31/2014 2:00:00 PM,1/31/2014 7:00:00 PM,1/30/2014 11:45:00 AM,107850
1/31/2014 3:00:00 AM,1/31/2014 8:00:00 AM,1/30/2014 5:45:00 AM,98900
1/31/2014 3:00:00 PM,1/31/2014 8:00:00 PM,1/30/2014 5:45:00 PM,106805
1/31/2014 4:00:00 AM,1/31/2014 9:00:00 AM,1/30/2014 5:45:00 AM,100790
1/31/2014 4:00:00 PM,1/31/2014 9:00:00 PM,1/30/2014 5:45:00 PM,107536
1/31/2014 5:00:00 AM,1/31/2014 10:00:00 AM,1/30/2014 5:45:00 AM,105777
1/31/2014 5:00:00 PM,1/31/2014 10:00:00 PM,1/30/2014 5:45:00 PM,112038
1/31/2014 6:00:00 AM,1/31/2014 11:00:00 AM,1/30/2014 5:45:00 AM,114084
1/31/2014 6:00:00 PM,1/31/2014 11:00:00 PM,1/30/2014 5:45:00 PM,115973
1/31/2014 7:00:00 AM,1/31/2014 12:00:00 PM,1/30/2014 5:45:00 AM,118983
1/31/2014 7:00:00 PM,2/1/2014 12:00:00 AM,1/30/2014 5:45:00 PM,115658
1/31/2014 8:00:00 AM,1/31/2014 1:00:00 PM,1/30/2014 9:45:00 AM,117869
1/31/2014 8:00:00 PM,2/1/2014 1:00:00 AM,1/30/2014 5:45:00 PM,114436
1/31/2014 9:00:00 AM,1/31/2014 2:00:00 PM,1/30/2014 9:45:00 AM,115220
1/31/2014 9:00:00 PM,2/1/2014 2:00:00 AM,1/30/2014 11:45:00 PM,108006
1/4/2014 10:00:00 AM,1/4/2014 3:00:00 PM,1/3/2014 9:45:00 AM,108087
1/4/2014 10:00:00 PM,1/5/2014 3:00:00 AM,1/3/2014 11:45:00 PM,103232
1/4/2014 11:00:00 AM,1/4/2014 4:00:00 PM,1/3/2014 11:45:00 AM,105414
1/4/2014 11:00:00 PM,1/5/2014 4:00:00 AM,1/3/2014 11:45:00 PM,98482
1/4/2014 12:00:00 AM,1/4/2014 5:00:00 AM,1/3/2014 5:45:00 AM,104080
1/4/2014 12:00:00 PM,1/4/2014 5:00:00 PM,1/3/2014 11:45:00 AM,102418
1/4/2014 1:00:00 AM,1/4/2014 6:00:00 AM,1/3/2014 5:45:00 AM,101647
1/4/2014 1:00:00 PM,1/4/2014 6:00:00 PM,1/3/2014 11:45:00 AM,99709
1/4/2014 2:00:00 AM,1/4/2014 7:00:00 AM,1/3/2014 5:45:00 AM,100503
1/4/2014 2:00:00 PM,1/4/2014 7:00:00 PM,1/3/2014 11:45:00 AM,97670
1/4/2014 3:00:00 AM,1/4/2014 8:00:00 AM,1/3/2014 5:45:00 AM,100247
1/4/2014 3:00:00 PM,1/4/2014 8:00:00 PM,1/3/2014 5:45:00 PM,98815
1/4/2014 4:00:00 AM,1/4/2014 9:00:00 AM,1/3/2014 5:45:00 AM,101018
1/4/2014 4:00:00 PM,1/4/2014 9:00:00 PM,1/3/2014 5:45:00 PM,101365
1/4/2014 5:00:00 AM,1/4/2014 10:00:00 AM,1/3/2014 5:45:00 AM,102736
1/4/2014 5:00:00 PM,1/4/2014 10:00:00 PM,1/3/2014 5:45:00 PM,108326
1/4/2014 6:00:00 AM,1/4/2014 11:00:00 AM,1/3/2014 5:45:00 AM,105346
1/4/2014 6:00:00 PM,1/4/2014 11:00:00 PM,1/3/2014 5:45:00 PM,111079
1/4/2014 7:00:00 AM,1/4/2014 12:00:00 PM,1/3/2014 5:45:00 AM,108358
1/4/2014 7:00:00 PM,1/5/2014 12:00:00 AM,1/3/2014 5:45:00 PM,110147
1/4/2014 8:00:00 AM,1/4/2014 1:00:00 PM,1/3/2014 9:45:00 AM,110098
1/4/2014 8:00:00 PM,1/5/2014 1:00:00 AM,1/3/2014 5:45:00 PM,108940
1/4/2014 9:00:00 AM,1/4/2014 2:00:00 PM,1/3/2014 9:45:00 AM,109796
1/4/2014 9:00:00 PM,1/5/2014 2:00:00 AM,1/3/2014 11:45:00 PM,107251
1/5/2014 10:00:00 AM,1/5/2014 3:00:00 PM,1/4/2014 9:45:00 AM,96877
1/5/2014 10:00:00 PM,1/6/2014 3:00:00 AM,1/4/2014 11:45:00 PM,95975
1/5/2014 11:00:00 AM,1/5/2014 4:00:00 PM,1/4/2014 11:45:00 AM,96031
1/5/2014 11:00:00 PM,1/6/2014 4:00:00 AM,1/4/2014 11:45:00 PM,91003
1/5/2014 12:00:00 AM,1/5/2014 5:00:00 AM,1/4/2014 5:45:00 AM,93058
1/5/2014 12:00:00 PM,1/5/2014 5:00:00 PM,1/4/2014 11:45:00 AM,94996
1/5/2014 1:00:00 AM,1/5/2014 6:00:00 AM,1/4/2014 5:45:00 AM,90441
1/5/2014 1:00:00 PM,1/5/2014 6:00:00 PM,1/4/2014 11:45:00 AM,93610
1/5/2014 2:00:00 AM,1/5/2014 7:00:00 AM,1/4/2014 5:45:00 AM,89151
1/5/2014 2:00:00 PM,1/5/2014 7:00:00 PM,1/4/2014 11:45:00 AM,92535
1/5/2014 3:00:00 AM,1/5/2014 8:00:00 AM,1/4/2014 5:45:00 AM,88718
1/5/2014 3:00:00 PM,1/5/2014 8:00:00 PM,1/4/2014 5:45:00 PM,92654
1/5/2014 4:00:00 AM,1/5/2014 9:00:00 AM,1/4/2014 5:45:00 AM,88970
1/5/2014 4:00:00 PM,1/5/2014 9:00:00 PM,1/4/2014 5:45:00 PM,95434
1/5/2014 5:00:00 AM,1/5/2014 10:00:00 AM,1/4/2014 5:45:00 AM,90044
1/5/2014 5:00:00 PM,1/5/2014 10:00:00 PM,1/4/2014 5:45:00 PM,101836
1/5/2014 6:00:00 AM,1/5/2014 11:00:00 AM,1/4/2014 5:45:00 AM,91810
1/5/2014 6:00:00 PM,1/5/2014 11:00:00 PM,1/4/2014 5:45:00 PM,104371
1/5/2014 7:00:00 AM,1/5/2014 12:00:00 PM,1/4/2014 5:45:00 AM,94532
1/5/2014 7:00:00 PM,1/6/2014 12:00:00 AM,1/4/2014 5:45:00 PM,103793
1/5/2014 8:00:00 AM,1/5/2014 1:00:00 PM,1/4/2014 9:45:00 AM,95835
1/5/2014 8:00:00 PM,1/6/2014 1:00:00 AM,1/4/2014 5:45:00 PM,102954
1/5/2014 9:00:00 AM,1/5/2014 2:00:00 PM,1/4/2014 9:45:00 AM,97239
1/5/2014 9:00:00 PM,1/6/2014 2:00:00 AM,1/4/2014 11:45:00 PM,100421
1/6/2014 10:00:00 AM,1/6/2014 3:00:00 PM,1/5/2014 9:45:00 AM,109739
1/6/2014 10:00:00 PM,1/7/2014 3:00:00 AM,1/5/2014 11:45:00 PM,119948
1/6/2014 11:00:00 AM,1/6/2014 4:00:00 PM,1/5/2014 11:45:00 AM,109938
1/6/2014 11:00:00 PM,1/7/2014 4:00:00 AM,1/5/2014 11:45:00 PM,114969
1/6/2014 12:00:00 AM,1/6/2014 5:00:00 AM,1/5/2014 5:45:00 AM,85288
1/6/2014 12:00:00 PM,1/6/2014 5:00:00 PM,1/5/2014 11:45:00 AM,109531
1/6/2014 1:00:00 AM,1/6/2014 6:00:00 AM,1/5/2014 5:45:00 AM,83361
1/6/2014 1:00:00 PM,1/6/2014 6:00:00 PM,1/5/2014 11:45:00 AM,109269
1/6/2014 2:00:00 AM,1/6/2014 7:00:00 AM,1/5/2014 5:45:00 AM,82739
1/6/2014 2:00:00 PM,1/6/2014 7:00:00 PM,1/5/2014 11:45:00 AM,108654
1/6/2014 3:00:00 AM,1/6/2014 8:00:00 AM,1/5/2014 5:45:00 AM,83270
1/6/2014 3:00:00 PM,1/6/2014 8:00:00 PM,1/5/2014 5:45:00 PM,109834
1/6/2014 4:00:00 AM,1/6/2014 9:00:00 AM,1/5/2014 5:45:00 AM,85215
1/6/2014 4:00:00 PM,1/6/2014 9:00:00 PM,1/5/2014 5:45:00 PM,112978
1/6/2014 5:00:00 AM,1/6/2014 10:00:00 AM,1/5/2014 5:45:00 AM,90179
1/6/2014 5:00:00 PM,1/6/2014 10:00:00 PM,1/5/2014 5:45:00 PM,120573
1/6/2014 6:00:00 AM,1/6/2014 11:00:00 AM,1/5/2014 5:45:00 AM,97389
1/6/2014 6:00:00 PM,1/6/2014 11:00:00 PM,1/5/2014 5:45:00 PM,125365
1/6/2014 7:00:00 AM,1/6/2014 12:00:00 PM,1/5/2014 5:45:00 AM,103824
1/6/2014 7:00:00 PM,1/7/2014 12:00:00 AM,1/5/2014 5:45:00 PM,126603
1/6/2014 8:00:00 AM,1/6/2014 1:00:00 PM,1/5/2014 9:45:00 AM,106669
1/6/2014 8:00:00 PM,1/7/2014 1:00:00 AM,1/5/2014 5:45:00 PM,126970
1/6/2014 9:00:00 AM,1/6/2014 2:00:00 PM,1/5/2014 9:45:00 AM,108611
1/6/2014 9:00:00 PM,1/7/2014 2:00:00 AM,1/5/2014 11:45:00 PM,124895
1/7/2014 10:00:00 AM,1/7/2014 3:00:00 PM,1/6/2014 9:45:00 AM,135812
1/7/2014 10:00:00 PM,1/8/2014 3:00:00 AM,1/6/2014 11:45:00 PM,125999
1/7/2014 11:00:00 AM,1/7/2014 4:00:00 PM,1/6/2014 11:45:00 AM,132168
1/7/2014 11:00:00 PM,1/8/2014 4:00:00 AM,1/6/2014 11:45:00 PM,120030
1/7/2014 12:00:00 AM,1/7/2014 5:00:00 AM,1/6/2014 5:45:00 AM,115557
1/7/2014 12:00:00 PM,1/7/2014 5:00:00 PM,1/6/2014 11:45:00 AM,129246
1/7/2014 1:00:00 AM,1/7/2014 6:00:00 AM,1/6/2014 5:45:00 AM,114166
1/7/2014 1:00:00 PM,1/7/2014 6:00:00 PM,1/6/2014 11:45:00 AM,126552
1/7/2014 2:00:00 AM,1/7/2014 7:00:00 AM,1/6/2014 5:45:00 AM,114101
1/7/2014 2:00:00 PM,1/7/2014 7:00:00 PM,1/6/2014 11:45:00 AM,124398
1/7/2014 3:00:00 AM,1/7/2014 8:00:00 AM,1/6/2014 5:45:00 AM,114977
1/7/2014 3:00:00 PM,1/7/2014 8:00:00 PM,1/6/2014 5:45:00 PM,123791
1/7/2014 4:00:00 AM,1/7/2014 9:00:00 AM,1/6/2014 5:45:00 AM,118228
1/7/2014 4:00:00 PM,1/7/2014 9:00:00 PM,1/6/2014 5:45:00 PM,125979
1/7/2014 5:00:00 AM,1/7/2014 10:00:00 AM,1/6/2014 5:45:00 AM,123647
1/7/2014 5:00:00 PM,1/7/2014 10:00:00 PM,1/6/2014 5:45:00 PM,131954
1/7/2014 6:00:00 AM,1/7/2014 11:00:00 AM,1/6/2014 5:45:00 AM,131991
1/7/2014 6:00:00 PM,1/7/2014 11:00:00 PM,1/6/2014 5:45:00 PM,137965
1/7/2014 7:00:00 AM,1/7/2014 12:00:00 PM,1/6/2014 5:45:00 AM,137043
1/7/2014 7:00:00 PM,1/8/2014 12:00:00 AM,1/6/2014 5:45:00 PM,139522
1/7/2014 8:00:00 AM,1/7/2014 1:00:00 PM,1/6/2014 9:45:00 AM,140551
1/7/2014 8:00:00 PM,1/8/2014 1:00:00 AM,1/6/2014 5:45:00 PM,136748
1/7/2014 9:00:00 AM,1/7/2014 2:00:00 PM,1/6/2014 9:45:00 AM,138690
1/7/2014 9:00:00 PM,1/8/2014 2:00:00 AM,1/6/2014 11:45:00 PM,132640
1/8/2014 10:00:00 AM,1/8/2014 3:00:00 PM,1/7/2014 9:45:00 AM,120517
1/8/2014 10:00:00 PM,1/9/2014 3:00:00 AM,1/7/2014 11:45:00 PM,119078
1/8/2014 11:00:00 AM,1/8/2014 4:00:00 PM,1/7/2014 11:45:00 AM,120968
1/8/2014 11:00:00 PM,1/9/2014 4:00:00 AM,1/7/2014 11:45:00 PM,113286
1/8/2014 12:00:00 AM,1/8/2014 5:00:00 AM,1/7/2014 5:45:00 AM,111368
1/8/2014 12:00:00 PM,1/8/2014 5:00:00 PM,1/7/2014 11:45:00 AM,118150
1/8/2014 1:00:00 AM,1/8/2014 6:00:00 AM,1/7/2014 5:45:00 AM,109556
1/8/2014 1:00:00 PM,1/8/2014 6:00:00 PM,1/7/2014 11:45:00 AM,116326
1/8/2014 2:00:00 AM,1/8/2014 7:00:00 AM,1/7/2014 5:45:00 AM,108907
1/8/2014 2:00:00 PM,1/8/2014 7:00:00 PM,1/7/2014 11:45:00 AM,114838
1/8/2014 3:00:00 AM,1/8/2014 8:00:00 AM,1/7/2014 5:45:00 AM,109064
1/8/2014 3:00:00 PM,1/8/2014 8:00:00 PM,1/7/2014 5:45:00 PM,113594
1/8/2014 4:00:00 AM,1/8/2014 9:00:00 AM,1/7/2014 5:45:00 AM,111011
1/8/2014 4:00:00 PM,1/8/2014 9:00:00 PM,1/7/2014 5:45:00 PM,115976
1/8/2014 5:00:00 AM,1/8/2014 10:00:00 AM,1/7/2014 5:45:00 AM,115658
1/8/2014 5:00:00 PM,1/8/2014 10:00:00 PM,1/7/2014 5:45:00 PM,123135
1/8/2014 6:00:00 AM,1/8/2014 11:00:00 AM,1/7/2014 5:45:00 AM,122829
1/8/2014 6:00:00 PM,1/8/2014 11:00:00 PM,1/7/2014 5:45:00 PM,126781
1/8/2014 7:00:00 AM,1/8/2014 12:00:00 PM,1/7/2014 5:45:00 AM,127250
1/8/2014 7:00:00 PM,1/9/2014 12:00:00 AM,1/7/2014 5:45:00 PM,127001
1/8/2014 8:00:00 AM,1/8/2014 1:00:00 PM,1/7/2014 9:45:00 AM,126044
1/8/2014 8:00:00 PM,1/9/2014 1:00:00 AM,1/7/2014 5:45:00 PM,125250
1/8/2014 9:00:00 AM,1/8/2014 2:00:00 PM,1/7/2014 9:45:00 AM,123255
1/8/2014 9:00:00 PM,1/9/2014 2:00:00 AM,1/7/2014 11:45:00 PM,124565
1/9/2014 10:00:00 AM,1/9/2014 3:00:00 PM,1/8/2014 9:45:00 AM,114938
1/9/2014 10:00:00 PM,1/10/2014 3:00:00 AM,1/8/2014 11:45:00 PM,106482
1/9/2014 11:00:00 AM,1/9/2014 4:00:00 PM,1/8/2014 11:45:00 AM,112693
1/9/2014 11:00:00 PM,1/10/2014 4:00:00 AM,1/8/2014 11:45:00 PM,101371
1/9/2014 12:00:00 AM,1/9/2014 5:00:00 AM,1/8/2014 5:45:00 AM,101789
1/9/2014 12:00:00 PM,1/9/2014 5:00:00 PM,1/8/2014 11:45:00 AM,110828
1/9/2014 1:00:00 AM,1/9/2014 6:00:00 AM,1/8/2014 5:45:00 AM,99668
1/9/2014 1:00:00 PM,1/9/2014 6:00:00 PM,1/8/2014 11:45:00 AM,108408
1/9/2014 2:00:00 AM,1/9/2014 7:00:00 AM,1/8/2014 5:45:00 AM,98797
1/9/2014 2:00:00 PM,1/9/2014 7:00:00 PM,1/8/2014 11:45:00 AM,106644
1/9/2014 3:00:00 AM,1/9/2014 8:00:00 AM,1/8/2014 5:45:00 AM,98956
1/9/2014 3:00:00 PM,1/9/2014 8:00:00 PM,1/8/2014 5:45:00 PM,106307
1/9/2014 4:00:00 AM,1/9/2014 9:00:00 AM,1/8/2014 5:45:00 AM,100847
1/9/2014 4:00:00 PM,1/9/2014 9:00:00 PM,1/8/2014 5:45:00 PM,108152
1/9/2014 5:00:00 AM,1/9/2014 10:00:00 AM,1/8/2014 5:45:00 AM,105751
1/9/2014 5:00:00 PM,1/9/2014 10:00:00 PM,1/8/2014 5:45:00 PM,114904
1/9/2014 6:00:00 AM,1/9/2014 11:00:00 AM,1/8/2014 5:45:00 AM,113603
1/9/2014 6:00:00 PM,1/9/2014 11:00:00 PM,1/8/2014 5:45:00 PM,118563
1/9/2014 7:00:00 AM,1/9/2014 12:00:00 PM,1/8/2014 5:45:00 AM,118292
1/9/2014 7:00:00 PM,1/10/2014 12:00:00 AM,1/8/2014 5:45:00 PM,118082
1/9/2014 8:00:00 AM,1/9/2014 1:00:00 PM,1/8/2014 9:45:00 AM,120217
1/9/2014 8:00:00 PM,1/10/2014 1:00:00 AM,1/8/2014 5:45:00 PM,115647
1/9/2014 9:00:00 AM,1/9/2014 2:00:00 PM,1/8/2014 9:45:00 AM,118202
1/9/2014 9:00:00 PM,1/10/2014 2:00:00 AM,1/8/2014 11:45:00 PM,111728
10/1/2014 10:00:00 AM,10/1/2014 2:00:00 PM,9/30/2014 9:45:00 AM,89276
10/1/2014 10:00:00 PM,10/2/2014 2:00:00 AM,9/30/2014 11:45:00 PM,82817
10/1/2014 11:00:00 AM,10/1/2014 3:00:00 PM,9/30/2014 11:45:00 AM,91179
10/1/2014 11:00:00 PM,10/2/2014 3:00:00 AM,9/30/2014 11:45:00 PM,75876
10/1/2014 12:00:00 AM,10/1/2014 4:00:00 AM,9/30/2014 5:45:00 AM,70984
10/1/2014 12:00:00 PM,10/1/2014 4:00:00 PM,9/30/2014 11:45:00 AM,92536
10/1/2014 1:00:00 AM,10/1/2014 5:00:00 AM,9/30/2014 5:45:00 AM,67630
10/1/2014 1:00:00 PM,10/1/2014 5:00:00 PM,9/30/2014 11:45:00 AM,93655
10/1/2014 2:00:00 AM,10/1/2014 6:00:00 AM,9/30/2014 5:45:00 AM,65715
10/1/2014 2:00:00 PM,10/1/2014 6:00:00 PM,9/30/2014 11:45:00 AM,94436
10/1/2014 3:00:00 AM,10/1/2014 7:00:00 AM,9/30/2014 5:45:00 AM,64835
10/1/2014 3:00:00 PM,10/1/2014 7:00:00 PM,9/30/2014 5:45:00 PM,93977
10/1/2014 4:00:00 AM,10/1/2014 8:00:00 AM,9/30/2014 5:45:00 AM,65649
10/1/2014 4:00:00 PM,10/1/2014 8:00:00 PM,9/30/2014 5:45:00 PM,94422
10/1/2014 5:00:00 AM,10/1/2014 9:00:00 AM,9/30/2014 5:45:00 AM,69763
10/1/2014 5:00:00 PM,10/1/2014 9:00:00 PM,9/30/2014 5:45:00 PM,94266
10/1/2014 6:00:00 AM,10/1/2014 10:00:00 AM,9/30/2014 5:45:00 AM,77801
10/1/2014 6:00:00 PM,10/1/2014 10:00:00 PM,9/30/2014 5:45:00 PM,93284
10/1/2014 7:00:00 AM,10/1/2014 11:00:00 AM,9/30/2014 5:45:00 AM,82756
10/1/2014 7:00:00 PM,10/1/2014 11:00:00 PM,9/30/2014 5:45:00 PM,94688
10/1/2014 8:00:00 AM,10/1/2014 12:00:00 PM,9/30/2014 9:45:00 AM,85407
10/1/2014 8:00:00 PM,10/2/2014 12:00:00 AM,9/30/2014 5:45:00 PM,94238
10/1/2014 9:00:00 AM,10/1/2014 1:00:00 PM,9/30/2014 9:45:00 AM,87310
10/1/2014 9:00:00 PM,10/2/2014 1:00:00 AM,9/30/2014 11:45:00 PM,89545
10/10/2014 10:00:00 AM,10/10/2014 2:00:00 PM,10/9/2014 9:45:00 AM,85430
10/10/2014 10:00:00 PM,10/11/2014 2:00:00 AM,10/9/2014 11:45:00 PM,77667
10/10/2014 11:00:00 AM,10/10/2014 3:00:00 PM,10/9/2014 11:45:00 AM,85451
10/10/2014 11:00:00 PM,10/11/2014 3:00:00 AM,10/9/2014 11:45:00 PM,72368
10/10/2014 12:00:00 AM,10/10/2014 4:00:00 AM,10/9/2014 5:45:00 AM,68971
10/10/2014 12:00:00 PM,10/10/2014 4:00:00 PM,10/9/2014 11:45:00 AM,85190
10/10/2014 1:00:00 AM,10/10/2014 5:00:00 AM,10/9/2014 5:45:00 AM,66142
10/10/2014 1:00:00 PM,10/10/2014 5:00:00 PM,10/9/2014 11:45:00 AM,85054
10/10/2014 2:00:00 AM,10/10/2014 6:00:00 AM,10/9/2014 5:45:00 AM,64675
10/10/2014 2:00:00 PM,10/10/2014 6:00:00 PM,10/9/2014 11:45:00 AM,84670
10/10/2014 3:00:00 AM,10/10/2014 7:00:00 AM,10/9/2014 5:45:00 AM,64115
10/10/2014 3:00:00 PM,10/10/2014 7:00:00 PM,10/9/2014 5:45:00 PM,84155
10/10/2014 4:00:00 AM,10/10/2014 8:00:00 AM,10/9/2014 5:45:00 AM,65232
10/10/2014 4:00:00 PM,10/10/2014 8:00:00 PM,10/9/2014 5:45:00 PM,84196
10/10/2014 5:00:00 AM,10/10/2014 9:00:00 AM,10/9/2014 5:45:00 AM,69381
10/10/2014 5:00:00 PM,10/10/2014 9:00:00 PM,10/9/2014 5:45:00 PM,84308
10/10/2014 6:00:00 AM,10/10/2014 10:00:00 AM,10/9/2014 5:45:00 AM,77326
10/10/2014 6:00:00 PM,10/10/2014 10:00:00 PM,10/9/2014 5:45:00 PM,83978
10/10/2014 7:00:00 AM,10/10/2014 11:00:00 AM,10/9/2014 5:45:00 AM,82359
10/10/2014 7:00:00 PM,10/10/2014 11:00:00 PM,10/9/2014 5:45:00 PM,84891
10/10/2014 8:00:00 AM,10/10/2014 12:00:00 PM,10/9/2014 9:45:00 AM,83625
10/10/2014 8:00:00 PM,10/11/2014 12:00:00 AM,10/9/2014 5:45:00 PM,84793
10/10/2014 9:00:00 AM,10/10/2014 1:00:00 PM,10/9/2014 9:45:00 AM,84527
10/10/2014 9:00:00 PM,10/11/2014 1:00:00 AM,10/9/2014 11:45:00 PM,82270
10/11/2014 10:00:00 AM,10/11/2014 2:00:00 PM,10/10/2014 9:45:00 AM,77400
10/11/2014 10:00:00 PM,10/12/2014 2:00:00 AM,10/10/2014 11:45:00 PM,73689
10/11/2014 11:00:00 AM,10/11/2014 3:00:00 PM,10/10/2014 11:45:00 AM,77488
10/11/2014 11:00:00 PM,10/12/2014 3:00:00 AM,10/10/2014 11:45:00 PM,69415
10/11/2014 12:00:00 AM,10/11/2014 4:00:00 AM,10/10/2014 5:45:00 AM,68080
10/11/2014 12:00:00 PM,10/11/2014 4:00:00 PM,10/10/2014 11:45:00 AM,76765
10/11/2014 1:00:00 AM,10/11/2014 5:00:00 AM,10/10/2014 5:45:00 AM,65137
10/11/2014 1:00:00 PM,10/11/2014 5:00:00 PM,10/10/2014 11:45:00 AM,75760
10/11/2014 2:00:00 AM,10/11/2014 6:00:00 AM,10/10/2014 5:45:00 AM,63451
10/11/2014 2:00:00 PM,10/11/2014 6:00:00 PM,10/10/2014 11:45:00 AM,74952
10/11/2014 3:00:00 AM,10/11/2014 7:00:00 AM,10/10/2014 5:45:00 AM,62595
10/11/2014 3:00:00 PM,10/11/2014 7:00:00 PM,10/10/2014 5:45:00 PM,74450
10/11/2014 4:00:00 AM,10/11/2014 8:00:00 AM,10/10/2014 5:45:00 AM,62755
10/11/2014 4:00:00 PM,10/11/2014 8:00:00 PM,10/10/2014 5:45:00 PM,74681
10/11/2014 5:00:00 AM,10/11/2014 9:00:00 AM,10/10/2014 5:45:00 AM,64239
10/11/2014 5:00:00 PM,10/11/2014 9:00:00 PM,10/10/2014 5:45:00 PM,75166
10/11/2014 6:00:00 AM,10/11/2014 10:00:00 AM,10/10/2014 5:45:00 AM,67187
10/11/2014 6:00:00 PM,10/11/2014 10:00:00 PM,10/10/2014 5:45:00 PM,75872
10/11/2014 7:00:00 AM,10/11/2014 11:00:00 AM,10/10/2014 5:45:00 AM,70252
10/11/2014 7:00:00 PM,10/11/2014 11:00:00 PM,10/10/2014 5:45:00 PM,78203
10/11/2014 8:00:00 AM,10/11/2014 12:00:00 PM,10/10/2014 9:45:00 AM,73592
10/11/2014 8:00:00 PM,10/12/2014 12:00:00 AM,10/10/2014 5:45:00 PM,79210
10/11/2014 9:00:00 AM,10/11/2014 1:00:00 PM,10/10/2014 9:45:00 AM,76148
10/11/2014 9:00:00 PM,10/12/2014 1:00:00 AM,10/10/2014 11:45:00 PM,77359
10/12/2014 10:00:00 AM,10/12/2014 2:00:00 PM,10/11/2014 9:45:00 AM,72641
10/12/2014 10:00:00 PM,10/13/2014 2:00:00 AM,10/11/2014 11:45:00 PM,74130
10/12/2014 11:00:00 AM,10/12/2014 3:00:00 PM,10/11/2014 11:45:00 AM,73263
10/12/2014 11:00:00 PM,10/13/2014 3:00:00 AM,10/11/2014 11:45:00 PM,69502
10/12/2014 12:00:00 AM,10/12/2014 4:00:00 AM,10/11/2014 5:45:00 AM,65772
10/12/2014 12:00:00 PM,10/12/2014 4:00:00 PM,10/11/2014 11:45:00 AM,73437
10/12/2014 1:00:00 AM,10/12/2014 5:00:00 AM,10/11/2014 5:45:00 AM,63189
10/12/2014 1:00:00 PM,10/12/2014 5:00:00 PM,10/11/2014 11:45:00 AM,73146
10/12/2014 2:00:00 AM,10/12/2014 6:00:00 AM,10/11/2014 5:45:00 AM,61766
10/12/2014 2:00:00 PM,10/12/2014 6:00:00 PM,10/11/2014 11:45:00 AM,72858
10/12/2014 3:00:00 AM,10/12/2014 7:00:00 AM,10/11/2014 5:45:00 AM,61065
10/12/2014 3:00:00 PM,10/12/2014 7:00:00 PM,10/11/2014 5:45:00 PM,72938
10/12/2014 4:00:00 AM,10/12/2014 8:00:00 AM,10/11/2014 5:45:00 AM,61149
10/12/2014 4:00:00 PM,10/12/2014 8:00:00 PM,10/11/2014 5:45:00 PM,73758
10/12/2014 5:00:00 AM,10/12/2014 9:00:00 AM,10/11/2014 5:45:00 AM,62219
10/12/2014 5:00:00 PM,10/12/2014 9:00:00 PM,10/11/2014 5:45:00 PM,75232
10/12/2014 6:00:00 AM,10/12/2014 10:00:00 AM,10/11/2014 5:45:00 AM,64226
10/12/2014 6:00:00 PM,10/12/2014 10:00:00 PM,10/11/2014 5:45:00 PM,77072
10/12/2014 7:00:00 AM,10/12/2014 11:00:00 AM,10/11/2014 5:45:00 AM,66421
10/12/2014 7:00:00 PM,10/12/2014 11:00:00 PM,10/11/2014 5:45:00 PM,80244
10/12/2014 8:00:00 AM,10/12/2014 12:00:00 PM,10/11/2014 9:45:00 AM,69420
10/12/2014 8:00:00 PM,10/13/2014 12:00:00 AM,10/11/2014 5:45:00 PM,81446
10/12/2014 9:00:00 AM,10/12/2014 1:00:00 PM,10/11/2014 9:45:00 AM,71784
10/12/2014 9:00:00 PM,10/13/2014 1:00:00 AM,10/11/2014 11:45:00 PM,78283
10/13/2014 10:00:00 AM,10/13/2014 2:00:00 PM,10/12/2014 9:45:00 AM,87385
10/13/2014 10:00:00 PM,10/14/2014 2:00:00 AM,10/12/2014 11:45:00 PM,81151
10/13/2014 11:00:00 AM,10/13/2014 3:00:00 PM,10/12/2014 11:45:00 AM,88249
10/13/2014 11:00:00 PM,10/14/2014 3:00:00 AM,10/12/2014 11:45:00 PM,74445
10/13/2014 12:00:00 AM,10/13/2014 4:00:00 AM,10/12/2014 5:45:00 AM,65381
10/13/2014 12:00:00 PM,10/13/2014 4:00:00 PM,10/12/2014 11:45:00 AM,88958
10/13/2014 1:00:00 AM,10/13/2014 5:00:00 AM,10/12/2014 5:45:00 AM,63137
10/13/2014 1:00:00 PM,10/13/2014 5:00:00 PM,10/12/2014 11:45:00 AM,89618
10/13/2014 2:00:00 AM,10/13/2014 6:00:00 AM,10/12/2014 5:45:00 AM,62099
10/13/2014 2:00:00 PM,10/13/2014 6:00:00 PM,10/12/2014 11:45:00 AM,89733
10/13/2014 3:00:00 AM,10/13/2014 7:00:00 AM,10/12/2014 5:45:00 AM,61881
10/13/2014 3:00:00 PM,10/13/2014 7:00:00 PM,10/12/2014 5:45:00 PM,89636
10/13/2014 4:00:00 AM,10/13/2014 8:00:00 AM,10/12/2014 5:45:00 AM,63363
10/13/2014 4:00:00 PM,10/13/2014 8:00:00 PM,10/12/2014 5:45:00 PM,89988
10/13/2014 5:00:00 AM,10/13/2014 9:00:00 AM,10/12/2014 5:45:00 AM,68037
10/13/2014 5:00:00 PM,10/13/2014 9:00:00 PM,10/12/2014 5:45:00 PM,90423
10/13/2014 6:00:00 AM,10/13/2014 10:00:00 AM,10/12/2014 5:45:00 AM,76682
10/13/2014 6:00:00 PM,10/13/2014 10:00:00 PM,10/12/2014 5:45:00 PM,90548
10/13/2014 7:00:00 AM,10/13/2014 11:00:00 AM,10/12/2014 5:45:00 AM,82293
10/13/2014 7:00:00 PM,10/13/2014 11:00:00 PM,10/12/2014 5:45:00 PM,92348
10/13/2014 8:00:00 AM,10/13/2014 12:00:00 PM,10/12/2014 9:45:00 AM,84276
10/13/2014 8:00:00 PM,10/14/2014 12:00:00 AM,10/12/2014 5:45:00 PM,92117
10/13/2014 9:00:00 AM,10/13/2014 1:00:00 PM,10/12/2014 9:45:00 AM,85802
10/13/2014 9:00:00 PM,10/14/2014 1:00:00 AM,10/12/2014 11:45:00 PM,87807
10/14/2014 10:00:00 AM,10/14/2014 2:00:00 PM,10/13/2014 9:45:00 AM,90560
10/14/2014 10:00:00 PM,10/15/2014 2:00:00 AM,10/13/2014 11:45:00 PM,84289
10/14/2014 11:00:00 AM,10/14/2014 3:00:00 PM,10/13/2014 11:45:00 AM,93165
10/14/2014 11:00:00 PM,10/15/2014 3:00:00 AM,10/13/2014 11:45:00 PM,77392
10/14/2014 12:00:00 AM,10/14/2014 4:00:00 AM,10/13/2014 5:45:00 AM,70354
10/14/2014 12:00:00 PM,10/14/2014 4:00:00 PM,10/13/2014 11:45:00 AM,94175
10/14/2014 1:00:00 AM,10/14/2014 5:00:00 AM,10/13/2014 5:45:00 AM,67257
10/14/2014 1:00:00 PM,10/14/2014 5:00:00 PM,10/13/2014 11:45:00 AM,95251
10/14/2014 2:00:00 AM,10/14/2014 6:00:00 AM,10/13/2014 5:45:00 AM,65425
10/14/2014 2:00:00 PM,10/14/2014 6:00:00 PM,10/13/2014 11:45:00 AM,95589
10/14/2014 3:00:00 AM,10/14/2014 7:00:00 AM,10/13/2014 5:45:00 AM,64688
10/14/2014 3:00:00 PM,10/14/2014 7:00:00 PM,10/13/2014 5:45:00 PM,95705
10/14/2014 4:00:00 AM,10/14/2014 8:00:00 AM,10/13/2014 5:45:00 AM,65624
10/14/2014 4:00:00 PM,10/14/2014 8:00:00 PM,10/13/2014 5:45:00 PM,96006
10/14/2014 5:00:00 AM,10/14/2014 9:00:00 AM,10/13/2014 5:45:00 AM,69905
10/14/2014 5:00:00 PM,10/14/2014 9:00:00 PM,10/13/2014 5:45:00 PM,95994
10/14/2014 6:00:00 AM,10/14/2014 10:00:00 AM,10/13/2014 5:45:00 AM,78571
10/14/2014 6:00:00 PM,10/14/2014 10:00:00 PM,10/13/2014 5:45:00 PM,95503
10/14/2014 7:00:00 AM,10/14/2014 11:00:00 AM,10/13/2014 5:45:00 AM,84134
10/14/2014 7:00:00 PM,10/14/2014 11:00:00 PM,10/13/2014 5:45:00 PM,97140
10/14/2014 8:00:00 AM,10/14/2014 12:00:00 PM,10/13/2014 9:45:00 AM,86267
10/14/2014 8:00:00 PM,10/15/2014 12:00:00 AM,10/13/2014 5:45:00 PM,96455
10/14/2014 9:00:00 AM,10/14/2014 1:00:00 PM,10/13/2014 9:45:00 AM,88285
10/14/2014 9:00:00 PM,10/15/2014 1:00:00 AM,10/13/2014 11:45:00 PM,91144
10/15/2014 10:00:00 AM,10/15/2014 2:00:00 PM,10/14/2014 9:45:00 AM,91641
10/15/2014 10:00:00 PM,10/16/2014 2:00:00 AM,10/14/2014 11:45:00 PM,83345
10/15/2014 11:00:00 AM,10/15/2014 3:00:00 PM,10/14/2014 11:45:00 AM,93550
10/15/2014 11:00:00 PM,10/16/2014 3:00:00 AM,10/14/2014 11:45:00 PM,76839
10/15/2014 12:00:00 AM,10/15/2014 4:00:00 AM,10/14/2014 5:45:00 AM,72516
10/15/2014 12:00:00 PM,10/15/2014 4:00:00 PM,10/14/2014 11:45:00 AM,94059
10/15/2014 1:00:00 AM,10/15/2014 5:00:00 AM,10/14/2014 5:45:00 AM,69237
10/15/2014 1:00:00 PM,10/15/2014 5:00:00 PM,10/14/2014 11:45:00 AM,94589
10/15/2014 2:00:00 AM,10/15/2014 6:00:00 AM,10/14/2014 5:45:00 AM,67380
10/15/2014 2:00:00 PM,10/15/2014 6:00:00 PM,10/14/2014 11:45:00 AM,94483
10/15/2014 3:00:00 AM,10/15/2014 7:00:00 AM,10/14/2014 5:45:00 AM,66502
10/15/2014 3:00:00 PM,10/15/2014 7:00:00 PM,10/14/2014 5:45:00 PM,94080
10/15/2014 4:00:00 AM,10/15/2014 8:00:00 AM,10/14/2014 5:45:00 AM,67337
10/15/2014 4:00:00 PM,10/15/2014 8:00:00 PM,10/14/2014 5:45:00 PM,93818
10/15/2014 5:00:00 AM,10/15/2014 9:00:00 AM,10/14/2014 5:45:00 AM,71639
10/15/2014 5:00:00 PM,10/15/2014 9:00:00 PM,10/14/2014 5:45:00 PM,93555
10/15/2014 6:00:00 AM,10/15/2014 10:00:00 AM,10/14/2014 5:45:00 AM,80333
10/15/2014 6:00:00 PM,10/15/2014 10:00:00 PM,10/14/2014 5:45:00 PM,93434
10/15/2014 7:00:00 AM,10/15/2014 11:00:00 AM,10/14/2014 5:45:00 AM,85766
10/15/2014 7:00:00 PM,10/15/2014 11:00:00 PM,10/14/2014 5:45:00 PM,95431
10/15/2014 8:00:00 AM,10/15/2014 12:00:00 PM,10/14/2014 9:45:00 AM,87783
10/15/2014 8:00:00 PM,10/16/2014 12:00:00 AM,10/14/2014 5:45:00 PM,94430
10/15/2014 9:00:00 AM,10/15/2014 1:00:00 PM,10/14/2014 9:45:00 AM,89698
10/15/2014 9:00:00 PM,10/16/2014 1:00:00 AM,10/14/2014 11:45:00 PM,89437
10/16/2014 10:00:00 AM,10/16/2014 2:00:00 PM,10/15/2014 9:45:00 AM,88632
10/16/2014 10:00:00 PM,10/17/2014 2:00:00 AM,10/15/2014 11:45:00 PM,80542
10/16/2014 11:00:00 AM,10/16/2014 3:00:00 PM,10/15/2014 11:45:00 AM,89287
10/16/2014 11:00:00 PM,10/17/2014 3:00:00 AM,10/15/2014 11:45:00 PM,74193
10/16/2014 12:00:00 AM,10/16/2014 4:00:00 AM,10/15/2014 5:45:00 AM,71215
10/16/2014 12:00:00 PM,10/16/2014 4:00:00 PM,10/15/2014 11:45:00 AM,89662
10/16/2014 1:00:00 AM,10/16/2014 5:00:00 AM,10/15/2014 5:45:00 AM,68083
10/16/2014 1:00:00 PM,10/16/2014 5:00:00 PM,10/15/2014 11:45:00 AM,89940
10/16/2014 2:00:00 AM,10/16/2014 6:00:00 AM,10/15/2014 5:45:00 AM,66276
10/16/2014 2:00:00 PM,10/16/2014 6:00:00 PM,10/15/2014 11:45:00 AM,89799
10/16/2014 3:00:00 AM,10/16/2014 7:00:00 AM,10/15/2014 5:45:00 AM,65486
10/16/2014 3:00:00 PM,10/16/2014 7:00:00 PM,10/15/2014 5:45:00 PM,89488
10/16/2014 4:00:00 AM,10/16/2014 8:00:00 AM,10/15/2014 5:45:00 AM,66342
10/16/2014 4:00:00 PM,10/16/2014 8:00:00 PM,10/15/2014 5:45:00 PM,89531
10/16/2014 5:00:00 AM,10/16/2014 9:00:00 AM,10/15/2014 5:45:00 AM,70642
10/16/2014 5:00:00 PM,10/16/2014 9:00:00 PM,10/15/2014 5:45:00 PM,89260
10/16/2014 6:00:00 AM,10/16/2014 10:00:00 AM,10/15/2014 5:45:00 AM,79039
10/16/2014 6:00:00 PM,10/16/2014 10:00:00 PM,10/15/2014 5:45:00 PM,89178
10/16/2014 7:00:00 AM,10/16/2014 11:00:00 AM,10/15/2014 5:45:00 AM,84134
10/16/2014 7:00:00 PM,10/16/2014 11:00:00 PM,10/15/2014 5:45:00 PM,91384
10/16/2014 8:00:00 AM,10/16/2014 12:00:00 PM,10/15/2014 9:45:00 AM,85965
10/16/2014 8:00:00 PM,10/17/2014 12:00:00 AM,10/15/2014 5:45:00 PM,90907
10/16/2014 9:00:00 AM,10/16/2014 1:00:00 PM,10/15/2014 9:45:00 AM,87267
10/16/2014 9:00:00 PM,10/17/2014 1:00:00 AM,10/15/2014 11:45:00 PM,86802
10/17/2014 10:00:00 AM,10/17/2014 2:00:00 PM,10/16/2014 9:45:00 AM,85832
10/17/2014 10:00:00 PM,10/18/2014 2:00:00 AM,10/16/2014 11:45:00 PM,78614
10/17/2014 11:00:00 AM,10/17/2014 3:00:00 PM,10/16/2014 11:45:00 AM,86090
10/17/2014 11:00:00 PM,10/18/2014 3:00:00 AM,10/16/2014 11:45:00 PM,73148
10/17/2014 12:00:00 AM,10/17/2014 4:00:00 AM,10/16/2014 5:45:00 AM,69053
10/17/2014 12:00:00 PM,10/17/2014 4:00:00 PM,10/16/2014 11:45:00 AM,86105
10/17/2014 1:00:00 AM,10/17/2014 5:00:00 AM,10/16/2014 5:45:00 AM,66094
10/17/2014 1:00:00 PM,10/17/2014 5:00:00 PM,10/16/2014 11:45:00 AM,86173
10/17/2014 2:00:00 AM,10/17/2014 6:00:00 AM,10/16/2014 5:45:00 AM,64443
10/17/2014 2:00:00 PM,10/17/2014 6:00:00 PM,10/16/2014 11:45:00 AM,85847
10/17/2014 3:00:00 AM,10/17/2014 7:00:00 AM,10/16/2014 5:45:00 AM,63764
10/17/2014 3:00:00 PM,10/17/2014 7:00:00 PM,10/16/2014 5:45:00 PM,85472
10/17/2014 4:00:00 AM,10/17/2014 8:00:00 AM,10/16/2014 5:45:00 AM,64715
10/17/2014 4:00:00 PM,10/17/2014 8:00:00 PM,10/16/2014 5:45:00 PM,85351
10/17/2014 5:00:00 AM,10/17/2014 9:00:00 AM,10/16/2014 5:45:00 AM,68804
10/17/2014 5:00:00 PM,10/17/2014 9:00:00 PM,10/16/2014 5:45:00 PM,84996
10/17/2014 6:00:00 AM,10/17/2014 10:00:00 AM,10/16/2014 5:45:00 AM,76795
10/17/2014 6:00:00 PM,10/17/2014 10:00:00 PM,10/16/2014 5:45:00 PM,84713
10/17/2014 7:00:00 AM,10/17/2014 11:00:00 AM,10/16/2014 5:45:00 AM,81867
10/17/2014 7:00:00 PM,10/17/2014 11:00:00 PM,10/16/2014 5:45:00 PM,86117
10/17/2014 8:00:00 AM,10/17/2014 12:00:00 PM,10/16/2014 9:45:00 AM,83432
10/17/2014 8:00:00 PM,10/18/2014 12:00:00 AM,10/16/2014 5:45:00 PM,85287
10/17/2014 9:00:00 AM,10/17/2014 1:00:00 PM,10/16/2014 9:45:00 AM,84663
10/17/2014 9:00:00 PM,10/18/2014 1:00:00 AM,10/16/2014 11:45:00 PM,83330
10/18/2014 10:00:00 AM,10/18/2014 2:00:00 PM,10/17/2014 9:45:00 AM,77481
10/18/2014 10:00:00 PM,10/19/2014 2:00:00 AM,10/17/2014 11:45:00 PM,74168
10/18/2014 11:00:00 AM,10/18/2014 3:00:00 PM,10/17/2014 11:45:00 AM,77836
10/18/2014 11:00:00 PM,10/19/2014 3:00:00 AM,10/17/2014 11:45:00 PM,70030
10/18/2014 12:00:00 AM,10/18/2014 4:00:00 AM,10/17/2014 5:45:00 AM,67327
10/18/2014 12:00:00 PM,10/18/2014 4:00:00 PM,10/17/2014 11:45:00 AM,77399
10/18/2014 1:00:00 AM,10/18/2014 5:00:00 AM,10/17/2014 5:45:00 AM,64286
10/18/2014 1:00:00 PM,10/18/2014 5:00:00 PM,10/17/2014 11:45:00 AM,76514
10/18/2014 2:00:00 AM,10/18/2014 6:00:00 AM,10/17/2014 5:45:00 AM,62498
10/18/2014 2:00:00 PM,10/18/2014 6:00:00 PM,10/17/2014 11:45:00 AM,75651
10/18/2014 3:00:00 AM,10/18/2014 7:00:00 AM,10/17/2014 5:45:00 AM,61470
10/18/2014 3:00:00 PM,10/18/2014 7:00:00 PM,10/17/2014 5:45:00 PM,75130
10/18/2014 4:00:00 AM,10/18/2014 8:00:00 AM,10/17/2014 5:45:00 AM,61497
10/18/2014 4:00:00 PM,10/18/2014 8:00:00 PM,10/17/2014 5:45:00 PM,75357
10/18/2014 5:00:00 AM,10/18/2014 9:00:00 AM,10/17/2014 5:45:00 AM,62948
10/18/2014 5:00:00 PM,10/18/2014 9:00:00 PM,10/17/2014 5:45:00 PM,75967
10/18/2014 6:00:00 AM,10/18/2014 10:00:00 AM,10/17/2014 5:45:00 AM,65901
10/18/2014 6:00:00 PM,10/18/2014 10:00:00 PM,10/17/2014 5:45:00 PM,77735
10/18/2014 7:00:00 AM,10/18/2014 11:00:00 AM,10/17/2014 5:45:00 AM,69146
10/18/2014 7:00:00 PM,10/18/2014 11:00:00 PM,10/17/2014 5:45:00 PM,79849
10/18/2014 8:00:00 AM,10/18/2014 12:00:00 PM,10/17/2014 9:45:00 AM,72774
10/18/2014 8:00:00 PM,10/19/2014 12:00:00 AM,10/17/2014 5:45:00 PM,79719
10/18/2014 9:00:00 AM,10/18/2014 1:00:00 PM,10/17/2014 9:45:00 AM,75791
10/18/2014 9:00:00 PM,10/19/2014 1:00:00 AM,10/17/2014 11:45:00 PM,77559
10/19/2014 10:00:00 AM,10/19/2014 2:00:00 PM,10/18/2014 9:45:00 AM,74077
10/19/2014 10:00:00 PM,10/20/2014 2:00:00 AM,10/18/2014 11:45:00 PM,75771
10/19/2014 11:00:00 AM,10/19/2014 3:00:00 PM,10/18/2014 11:45:00 AM,74281
10/19/2014 11:00:00 PM,10/20/2014 3:00:00 AM,10/18/2014 11:45:00 PM,71352
10/19/2014 12:00:00 AM,10/19/2014 4:00:00 AM,10/18/2014 5:45:00 AM,66299
10/19/2014 12:00:00 PM,10/19/2014 4:00:00 PM,10/18/2014 11:45:00 AM,74322
10/19/2014 1:00:00 AM,10/19/2014 5:00:00 AM,10/18/2014 5:45:00 AM,63798
10/19/2014 1:00:00 PM,10/19/2014 5:00:00 PM,10/18/2014 11:45:00 AM,73956
10/19/2014 2:00:00 AM,10/19/2014 6:00:00 AM,10/18/2014 5:45:00 AM,62373
10/19/2014 2:00:00 PM,10/19/2014 6:00:00 PM,10/18/2014 11:45:00 AM,73447
10/19/2014 3:00:00 AM,10/19/2014 7:00:00 AM,10/18/2014 5:45:00 AM,61683
10/19/2014 3:00:00 PM,10/19/2014 7:00:00 PM,10/18/2014 5:45:00 PM,73385
10/19/2014 4:00:00 AM,10/19/2014 8:00:00 AM,10/18/2014 5:45:00 AM,61789
10/19/2014 4:00:00 PM,10/19/2014 8:00:00 PM,10/18/2014 5:45:00 PM,74203
10/19/2014 5:00:00 AM,10/19/2014 9:00:00 AM,10/18/2014 5:45:00 AM,62884
10/19/2014 5:00:00 PM,10/19/2014 9:00:00 PM,10/18/2014 5:45:00 PM,75930
10/19/2014 6:00:00 AM,10/19/2014 10:00:00 AM,10/18/2014 5:45:00 AM,65058
10/19/2014 6:00:00 PM,10/19/2014 10:00:00 PM,10/18/2014 5:45:00 PM,78320
10/19/2014 7:00:00 AM,10/19/2014 11:00:00 AM,10/18/2014 5:45:00 AM,67607
10/19/2014 7:00:00 PM,10/19/2014 11:00:00 PM,10/18/2014 5:45:00 PM,81869
10/19/2014 8:00:00 AM,10/19/2014 12:00:00 PM,10/18/2014 9:45:00 AM,70656
10/19/2014 8:00:00 PM,10/20/2014 12:00:00 AM,10/18/2014 5:45:00 PM,82545
10/19/2014 9:00:00 AM,10/19/2014 1:00:00 PM,10/18/2014 9:45:00 AM,73095
10/19/2014 9:00:00 PM,10/20/2014 1:00:00 AM,10/18/2014 11:45:00 PM,79942
10/2/2014 10:00:00 AM,10/2/2014 2:00:00 PM,10/1/2014 9:45:00 AM,89194
10/2/2014 10:00:00 PM,10/3/2014 2:00:00 AM,10/1/2014 11:45:00 PM,83110
10/2/2014 11:00:00 AM,10/2/2014 3:00:00 PM,10/1/2014 11:45:00 AM,89818
10/2/2014 11:00:00 PM,10/3/2014 3:00:00 AM,10/1/2014 11:45:00 PM,76106
10/2/2014 12:00:00 AM,10/2/2014 4:00:00 AM,10/1/2014 5:45:00 AM,70470
10/2/2014 12:00:00 PM,10/2/2014 4:00:00 PM,10/1/2014 11:45:00 AM,91231
10/2/2014 1:00:00 AM,10/2/2014 5:00:00 AM,10/1/2014 5:45:00 AM,67202
10/2/2014 1:00:00 PM,10/2/2014 5:00:00 PM,10/1/2014 11:45:00 AM,92651
10/2/2014 2:00:00 AM,10/2/2014 6:00:00 AM,10/1/2014 5:45:00 AM,65348
10/2/2014 2:00:00 PM,10/2/2014 6:00:00 PM,10/1/2014 11:45:00 AM,93775
10/2/2014 3:00:00 AM,10/2/2014 7:00:00 AM,10/1/2014 5:45:00 AM,64567
10/2/2014 3:00:00 PM,10/2/2014 7:00:00 PM,10/1/2014 5:45:00 PM,94468
10/2/2014 4:00:00 AM,10/2/2014 8:00:00 AM,10/1/2014 5:45:00 AM,65446
10/2/2014 4:00:00 PM,10/2/2014 8:00:00 PM,10/1/2014 5:45:00 PM,94971
10/2/2014 5:00:00 AM,10/2/2014 9:00:00 AM,10/1/2014 5:45:00 AM,69624
10/2/2014 5:00:00 PM,10/2/2014 9:00:00 PM,10/1/2014 5:45:00 PM,94851
10/2/2014 6:00:00 AM,10/2/2014 10:00:00 AM,10/1/2014 5:45:00 AM,77650
10/2/2014 6:00:00 PM,10/2/2014 10:00:00 PM,10/1/2014 5:45:00 PM,94057
10/2/2014 7:00:00 AM,10/2/2014 11:00:00 AM,10/1/2014 5:45:00 AM,82555
10/2/2014 7:00:00 PM,10/2/2014 11:00:00 PM,10/1/2014 5:45:00 PM,94591
10/2/2014 8:00:00 AM,10/2/2014 12:00:00 PM,10/1/2014 9:45:00 AM,84798
10/2/2014 8:00:00 PM,10/3/2014 12:00:00 AM,10/1/2014 5:45:00 PM,94718
10/2/2014 9:00:00 AM,10/2/2014 1:00:00 PM,10/1/2014 9:45:00 AM,86999
10/2/2014 9:00:00 PM,10/3/2014 1:00:00 AM,10/1/2014 11:45:00 PM,89897
10/20/2014 10:00:00 AM,10/20/2014 2:00:00 PM,10/19/2014 9:45:00 AM,88852
10/20/2014 10:00:00 PM,10/21/2014 2:00:00 AM,10/19/2014 11:45:00 PM,80920
10/20/2014 11:00:00 AM,10/20/2014 3:00:00 PM,10/19/2014 11:45:00 AM,88099
10/20/2014 11:00:00 PM,10/21/2014 3:00:00 AM,10/19/2014 11:45:00 PM,74963
10/20/2014 12:00:00 AM,10/20/2014 4:00:00 AM,10/19/2014 5:45:00 AM,68251
10/20/2014 12:00:00 PM,10/20/2014 4:00:00 PM,10/19/2014 11:45:00 AM,87385
10/20/2014 1:00:00 AM,10/20/2014 5:00:00 AM,10/19/2014 5:45:00 AM,66431
10/20/2014 1:00:00 PM,10/20/2014 5:00:00 PM,10/19/2014 11:45:00 AM,86939
10/20/2014 2:00:00 AM,10/20/2014 6:00:00 AM,10/19/2014 5:45:00 AM,65843
10/20/2014 2:00:00 PM,10/20/2014 6:00:00 PM,10/19/2014 11:45:00 AM,86074
10/20/2014 3:00:00 AM,10/20/2014 7:00:00 AM,10/19/2014 5:45:00 AM,66151
10/20/2014 3:00:00 PM,10/20/2014 7:00:00 PM,10/19/2014 5:45:00 PM,85426
10/20/2014 4:00:00 AM,10/20/2014 8:00:00 AM,10/19/2014 5:45:00 AM,68063
10/20/2014 4:00:00 PM,10/20/2014 8:00:00 PM,10/19/2014 5:45:00 PM,85499
10/20/2014 5:00:00 AM,10/20/2014 9:00:00 AM,10/19/2014 5:45:00 AM,73474
10/20/2014 5:00:00 PM,10/20/2014 9:00:00 PM,10/19/2014 5:45:00 PM,86269
10/20/2014 6:00:00 AM,10/20/2014 10:00:00 AM,10/19/2014 5:45:00 AM,82886
10/20/2014 6:00:00 PM,10/20/2014 10:00:00 PM,10/19/2014 5:45:00 PM,87631
10/20/2014 7:00:00 AM,10/20/2014 11:00:00 AM,10/19/2014 5:45:00 AM,88432
10/20/2014 7:00:00 PM,10/20/2014 11:00:00 PM,10/19/2014 5:45:00 PM,90258
10/20/2014 8:00:00 AM,10/20/2014 12:00:00 PM,10/19/2014 9:45:00 AM,89591
10/20/2014 8:00:00 PM,10/21/2014 12:00:00 AM,10/19/2014 5:45:00 PM,90447
10/20/2014 9:00:00 AM,10/20/2014 1:00:00 PM,10/19/2014 9:45:00 AM,89084
10/20/2014 9:00:00 PM,10/21/2014 1:00:00 AM,10/19/2014 11:45:00 PM,86739
10/21/2014 10:00:00 AM,10/21/2014 2:00:00 PM,10/20/2014 9:45:00 AM,87339
10/21/2014 10:00:00 PM,10/22/2014 2:00:00 AM,10/20/2014 11:45:00 PM,81047
10/21/2014 11:00:00 AM,10/21/2014 3:00:00 PM,10/20/2014 11:45:00 AM,87194
10/21/2014 11:00:00 PM,10/22/2014 3:00:00 AM,10/20/2014 11:45:00 PM,75162
10/21/2014 12:00:00 AM,10/21/2014 4:00:00 AM,10/20/2014 5:45:00 AM,69383
10/21/2014 12:00:00 PM,10/21/2014 4:00:00 PM,10/20/2014 11:45:00 AM,86827
10/21/2014 1:00:00 AM,10/21/2014 5:00:00 AM,10/20/2014 5:45:00 AM,66862
10/21/2014 1:00:00 PM,10/21/2014 5:00:00 PM,10/20/2014 11:45:00 AM,86620
10/21/2014 2:00:00 AM,10/21/2014 6:00:00 AM,10/20/2014 5:45:00 AM,65625
10/21/2014 2:00:00 PM,10/21/2014 6:00:00 PM,10/20/2014 11:45:00 AM,86189
10/21/2014 3:00:00 AM,10/21/2014 7:00:00 AM,10/20/2014 5:45:00 AM,65337
10/21/2014 3:00:00 PM,10/21/2014 7:00:00 PM,10/20/2014 5:45:00 PM,85667
10/21/2014 4:00:00 AM,10/21/2014 8:00:00 AM,10/20/2014 5:45:00 AM,66743
10/21/2014 4:00:00 PM,10/21/2014 8:00:00 PM,10/20/2014 5:45:00 PM,85861
10/21/2014 5:00:00 AM,10/21/2014 9:00:00 AM,10/20/2014 5:45:00 AM,71527
10/21/2014 5:00:00 PM,10/21/2014 9:00:00 PM,10/20/2014 5:45:00 PM,86617
10/21/2014 6:00:00 AM,10/21/2014 10:00:00 AM,10/20/2014 5:45:00 AM,80614
10/21/2014 6:00:00 PM,10/21/2014 10:00:00 PM,10/20/2014 5:45:00 PM,88090
10/21/2014 7:00:00 AM,10/21/2014 11:00:00 AM,10/20/2014 5:45:00 AM,86005
10/21/2014 7:00:00 PM,10/21/2014 11:00:00 PM,10/20/2014 5:45:00 PM,90731
10/21/2014 8:00:00 AM,10/21/2014 12:00:00 PM,10/20/2014 9:45:00 AM,86813
10/21/2014 8:00:00 PM,10/22/2014 12:00:00 AM,10/20/2014 5:45:00 PM,90553
10/21/2014 9:00:00 AM,10/21/2014 1:00:00 PM,10/20/2014 9:45:00 AM,86965
10/21/2014 9:00:00 PM,10/22/2014 1:00:00 AM,10/20/2014 11:45:00 PM,86853
10/22/2014 10:00:00 AM,10/22/2014 2:00:00 PM,10/21/2014 9:45:00 AM,87181
10/22/2014 10:00:00 PM,10/23/2014 2:00:00 AM,10/21/2014 11:45:00 PM,81266
10/22/2014 11:00:00 AM,10/22/2014 3:00:00 PM,10/21/2014 11:45:00 AM,86692
10/22/2014 11:00:00 PM,10/23/2014 3:00:00 AM,10/21/2014 11:45:00 PM,75540
10/22/2014 12:00:00 AM,10/22/2014 4:00:00 AM,10/21/2014 5:45:00 AM,69822
10/22/2014 12:00:00 PM,10/22/2014 4:00:00 PM,10/21/2014 11:45:00 AM,86171
10/22/2014 1:00:00 AM,10/22/2014 5:00:00 AM,10/21/2014 5:45:00 AM,67300
10/22/2014 1:00:00 PM,10/22/2014 5:00:00 PM,10/21/2014 11:45:00 AM,85883
10/22/2014 2:00:00 AM,10/22/2014 6:00:00 AM,10/21/2014 5:45:00 AM,66079
10/22/2014 2:00:00 PM,10/22/2014 6:00:00 PM,10/21/2014 11:45:00 AM,85222
10/22/2014 3:00:00 AM,10/22/2014 7:00:00 AM,10/21/2014 5:45:00 AM,65773
10/22/2014 3:00:00 PM,10/22/2014 7:00:00 PM,10/21/2014 5:45:00 PM,85577
10/22/2014 4:00:00 AM,10/22/2014 8:00:00 AM,10/21/2014 5:45:00 AM,67117
10/22/2014 4:00:00 PM,10/22/2014 8:00:00 PM,10/21/2014 5:45:00 PM,85863
10/22/2014 5:00:00 AM,10/22/2014 9:00:00 AM,10/21/2014 5:45:00 AM,71828
10/22/2014 5:00:00 PM,10/22/2014 9:00:00 PM,10/21/2014 5:45:00 PM,86872
10/22/2014 6:00:00 AM,10/22/2014 10:00:00 AM,10/21/2014 5:45:00 AM,80710
10/22/2014 6:00:00 PM,10/22/2014 10:00:00 PM,10/21/2014 5:45:00 PM,89954
10/22/2014 7:00:00 AM,10/22/2014 11:00:00 AM,10/21/2014 5:45:00 AM,86058
10/22/2014 7:00:00 PM,10/22/2014 11:00:00 PM,10/21/2014 5:45:00 PM,91156
10/22/2014 8:00:00 AM,10/22/2014 12:00:00 PM,10/21/2014 9:45:00 AM,87207
10/22/2014 8:00:00 PM,10/23/2014 12:00:00 AM,10/21/2014 5:45:00 PM,89907
10/22/2014 9:00:00 AM,10/22/2014 1:00:00 PM,10/21/2014 9:45:00 AM,87082
10/22/2014 9:00:00 PM,10/23/2014 1:00:00 AM,10/21/2014 11:45:00 PM,86754
10/23/2014 10:00:00 AM,10/23/2014 2:00:00 PM,10/22/2014 9:45:00 AM,88701
10/23/2014 10:00:00 PM,10/24/2014 2:00:00 AM,10/22/2014 11:45:00 PM,81870
10/23/2014 11:00:00 AM,10/23/2014 3:00:00 PM,10/22/2014 11:45:00 AM,88116
10/23/2014 11:00:00 PM,10/24/2014 3:00:00 AM,10/22/2014 11:45:00 PM,76185
10/23/2014 12:00:00 AM,10/23/2014 4:00:00 AM,10/22/2014 5:45:00 AM,71084
10/23/2014 12:00:00 PM,10/23/2014 4:00:00 PM,10/22/2014 11:45:00 AM,87403
10/23/2014 1:00:00 AM,10/23/2014 5:00:00 AM,10/22/2014 5:45:00 AM,68631
10/23/2014 1:00:00 PM,10/23/2014 5:00:00 PM,10/22/2014 11:45:00 AM,86854
10/23/2014 2:00:00 AM,10/23/2014 6:00:00 AM,10/22/2014 5:45:00 AM,67357
10/23/2014 2:00:00 PM,10/23/2014 6:00:00 PM,10/22/2014 11:45:00 AM,85979
10/23/2014 3:00:00 AM,10/23/2014 7:00:00 AM,10/22/2014 5:45:00 AM,67110
10/23/2014 3:00:00 PM,10/23/2014 7:00:00 PM,10/22/2014 5:45:00 PM,85957
10/23/2014 4:00:00 AM,10/23/2014 8:00:00 AM,10/22/2014 5:45:00 AM,68577
10/23/2014 4:00:00 PM,10/23/2014 8:00:00 PM,10/22/2014 5:45:00 PM,86029
10/23/2014 5:00:00 AM,10/23/2014 9:00:00 AM,10/22/2014 5:45:00 AM,73361
10/23/2014 5:00:00 PM,10/23/2014 9:00:00 PM,10/22/2014 5:45:00 PM,86807
10/23/2014 6:00:00 AM,10/23/2014 10:00:00 AM,10/22/2014 5:45:00 AM,82137
10/23/2014 6:00:00 PM,10/23/2014 10:00:00 PM,10/22/2014 5:45:00 PM,88888
10/23/2014 7:00:00 AM,10/23/2014 11:00:00 AM,10/22/2014 5:45:00 AM,87515
10/23/2014 7:00:00 PM,10/23/2014 11:00:00 PM,10/22/2014 5:45:00 PM,91172
10/23/2014 8:00:00 AM,10/23/2014 12:00:00 PM,10/22/2014 9:45:00 AM,88791
10/23/2014 8:00:00 PM,10/24/2014 12:00:00 AM,10/22/2014 5:45:00 PM,90504
10/23/2014 9:00:00 AM,10/23/2014 1:00:00 PM,10/22/2014 9:45:00 AM,88743
10/23/2014 9:00:00 PM,10/24/2014 1:00:00 AM,10/22/2014 11:45:00 PM,87181
10/24/2014 10:00:00 AM,10/24/2014 2:00:00 PM,10/23/2014 9:45:00 AM,86622
10/24/2014 10:00:00 PM,10/25/2014 2:00:00 AM,10/23/2014 11:45:00 PM,78621
10/24/2014 11:00:00 AM,10/24/2014 3:00:00 PM,10/23/2014 11:45:00 AM,86573
10/24/2014 11:00:00 PM,10/25/2014 3:00:00 AM,10/23/2014 11:45:00 PM,73589
10/24/2014 12:00:00 AM,10/24/2014 4:00:00 AM,10/23/2014 5:45:00 AM,70398
10/24/2014 12:00:00 PM,10/24/2014 4:00:00 PM,10/23/2014 11:45:00 AM,85918
10/24/2014 1:00:00 AM,10/24/2014 5:00:00 AM,10/23/2014 5:45:00 AM,67857
10/24/2014 1:00:00 PM,10/24/2014 5:00:00 PM,10/23/2014 11:45:00 AM,85511
10/24/2014 2:00:00 AM,10/24/2014 6:00:00 AM,10/23/2014 5:45:00 AM,66596
10/24/2014 2:00:00 PM,10/24/2014 6:00:00 PM,10/23/2014 11:45:00 AM,84668
10/24/2014 3:00:00 AM,10/24/2014 7:00:00 AM,10/23/2014 5:45:00 AM,66289
10/24/2014 3:00:00 PM,10/24/2014 7:00:00 PM,10/23/2014 5:45:00 PM,83659
10/24/2014 4:00:00 AM,10/24/2014 8:00:00 AM,10/23/2014 5:45:00 AM,67678
10/24/2014 4:00:00 PM,10/24/2014 8:00:00 PM,10/23/2014 5:45:00 PM,83647
10/24/2014 5:00:00 AM,10/24/2014 9:00:00 AM,10/23/2014 5:45:00 AM,72255
10/24/2014 5:00:00 PM,10/24/2014 9:00:00 PM,10/23/2014 5:45:00 PM,84154
10/24/2014 6:00:00 AM,10/24/2014 10:00:00 AM,10/23/2014 5:45:00 AM,80748
10/24/2014 6:00:00 PM,10/24/2014 10:00:00 PM,10/23/2014 5:45:00 PM,85153
10/24/2014 7:00:00 AM,10/24/2014 11:00:00 AM,10/23/2014 5:45:00 AM,85948
10/24/2014 7:00:00 PM,10/24/2014 11:00:00 PM,10/23/2014 5:45:00 PM,86779
10/24/2014 8:00:00 AM,10/24/2014 12:00:00 PM,10/23/2014 9:45:00 AM,86655
10/24/2014 8:00:00 PM,10/25/2014 12:00:00 AM,10/23/2014 5:45:00 PM,85712
10/24/2014 9:00:00 AM,10/24/2014 1:00:00 PM,10/23/2014 9:45:00 AM,86608
10/24/2014 9:00:00 PM,10/25/2014 1:00:00 AM,10/23/2014 11:45:00 PM,82924
10/25/2014 10:00:00 AM,10/25/2014 2:00:00 PM,10/24/2014 9:45:00 AM,77398
10/25/2014 10:00:00 PM,10/26/2014 2:00:00 AM,10/24/2014 11:45:00 PM,73226
10/25/2014 11:00:00 AM,10/25/2014 3:00:00 PM,10/24/2014 11:45:00 AM,77133
10/25/2014 11:00:00 PM,10/26/2014 3:00:00 AM,10/24/2014 11:45:00 PM,68843
10/25/2014 12:00:00 AM,10/25/2014 4:00:00 AM,10/24/2014 5:45:00 AM,68192
10/25/2014 12:00:00 PM,10/25/2014 4:00:00 PM,10/24/2014 11:45:00 AM,76296
10/25/2014 1:00:00 AM,10/25/2014 5:00:00 AM,10/24/2014 5:45:00 AM,65459
10/25/2014 1:00:00 PM,10/25/2014 5:00:00 PM,10/24/2014 11:45:00 AM,75295
10/25/2014 2:00:00 AM,10/25/2014 6:00:00 AM,10/24/2014 5:45:00 AM,63910
10/25/2014 2:00:00 PM,10/25/2014 6:00:00 PM,10/24/2014 11:45:00 AM,74361
10/25/2014 3:00:00 AM,10/25/2014 7:00:00 AM,10/24/2014 5:45:00 AM,63153
10/25/2014 3:00:00 PM,10/25/2014 7:00:00 PM,10/24/2014 5:45:00 PM,74564
10/25/2014 4:00:00 AM,10/25/2014 8:00:00 AM,10/24/2014 5:45:00 AM,63491
10/25/2014 4:00:00 PM,10/25/2014 8:00:00 PM,10/24/2014 5:45:00 PM,74933
10/25/2014 5:00:00 AM,10/25/2014 9:00:00 AM,10/24/2014 5:45:00 AM,65278
10/25/2014 5:00:00 PM,10/25/2014 9:00:00 PM,10/24/2014 5:45:00 PM,75828
10/25/2014 6:00:00 AM,10/25/2014 10:00:00 AM,10/24/2014 5:45:00 AM,68415
10/25/2014 6:00:00 PM,10/25/2014 10:00:00 PM,10/24/2014 5:45:00 PM,77977
10/25/2014 7:00:00 AM,10/25/2014 11:00:00 AM,10/24/2014 5:45:00 AM,71671
10/25/2014 7:00:00 PM,10/25/2014 11:00:00 PM,10/24/2014 5:45:00 PM,80023
10/25/2014 8:00:00 AM,10/25/2014 12:00:00 PM,10/24/2014 9:45:00 AM,74588
10/25/2014 8:00:00 PM,10/26/2014 12:00:00 AM,10/24/2014 5:45:00 PM,79550
10/25/2014 9:00:00 AM,10/25/2014 1:00:00 PM,10/24/2014 9:45:00 AM,76571
10/25/2014 9:00:00 PM,10/26/2014 1:00:00 AM,10/24/2014 11:45:00 PM,76885
10/26/2014 10:00:00 AM,10/26/2014 2:00:00 PM,10/25/2014 9:45:00 AM,72067
10/26/2014 10:00:00 PM,10/27/2014 2:00:00 AM,10/25/2014 11:45:00 PM,74389
10/26/2014 11:00:00 AM,10/26/2014 3:00:00 PM,10/25/2014 11:45:00 AM,72888
10/26/2014 11:00:00 PM,10/27/2014 3:00:00 AM,10/25/2014 11:45:00 PM,69808
10/26/2014 12:00:00 AM,10/26/2014 4:00:00 AM,10/25/2014 5:45:00 AM,64759
10/26/2014 12:00:00 PM,10/26/2014 4:00:00 PM,10/25/2014 11:45:00 AM,72963
10/26/2014 1:00:00 AM,10/26/2014 5:00:00 AM,10/25/2014 5:45:00 AM,62145
10/26/2014 1:00:00 PM,10/26/2014 5:00:00 PM,10/25/2014 11:45:00 AM,72765
10/26/2014 2:00:00 AM,10/26/2014 6:00:00 AM,10/25/2014 5:45:00 AM,60698
10/26/2014 2:00:00 PM,10/26/2014 6:00:00 PM,10/25/2014 11:45:00 AM,72495
10/26/2014 3:00:00 AM,10/26/2014 7:00:00 AM,10/25/2014 5:45:00 AM,59861
10/26/2014 3:00:00 PM,10/26/2014 7:00:00 PM,10/25/2014 5:45:00 PM,72442
10/26/2014 4:00:00 AM,10/26/2014 8:00:00 AM,10/25/2014 5:45:00 AM,59858
10/26/2014 4:00:00 PM,10/26/2014 8:00:00 PM,10/25/2014 5:45:00 PM,73231
10/26/2014 5:00:00 AM,10/26/2014 9:00:00 AM,10/25/2014 5:45:00 AM,60931
10/26/2014 5:00:00 PM,10/26/2014 9:00:00 PM,10/25/2014 5:45:00 PM,74943
10/26/2014 6:00:00 AM,10/26/2014 10:00:00 AM,10/25/2014 5:45:00 AM,63200
10/26/2014 6:00:00 PM,10/26/2014 10:00:00 PM,10/25/2014 5:45:00 PM,77551
10/26/2014 7:00:00 AM,10/26/2014 11:00:00 AM,10/25/2014 5:45:00 AM,65781
10/26/2014 7:00:00 PM,10/26/2014 11:00:00 PM,10/25/2014 5:45:00 PM,80854
10/26/2014 8:00:00 AM,10/26/2014 12:00:00 PM,10/25/2014 9:45:00 AM,68556
10/26/2014 8:00:00 PM,10/27/2014 12:00:00 AM,10/25/2014 5:45:00 PM,81410
10/26/2014 9:00:00 AM,10/26/2014 1:00:00 PM,10/25/2014 9:45:00 AM,70951
10/26/2014 9:00:00 PM,10/27/2014 1:00:00 AM,10/25/2014 11:45:00 PM,78761
10/27/2014 10:00:00 AM,10/27/2014 2:00:00 PM,10/26/2014 9:45:00 AM,87885
10/27/2014 10:00:00 PM,10/28/2014 2:00:00 AM,10/26/2014 11:45:00 PM,80203
10/27/2014 11:00:00 AM,10/27/2014 3:00:00 PM,10/26/2014 11:45:00 AM,88301
10/27/2014 11:00:00 PM,10/28/2014 3:00:00 AM,10/26/2014 11:45:00 PM,73774
10/27/2014 12:00:00 AM,10/27/2014 4:00:00 AM,10/26/2014 5:45:00 AM,65712
10/27/2014 12:00:00 PM,10/27/2014 4:00:00 PM,10/26/2014 11:45:00 AM,88057
10/27/2014 1:00:00 AM,10/27/2014 5:00:00 AM,10/26/2014 5:45:00 AM,63792
10/27/2014 1:00:00 PM,10/27/2014 5:00:00 PM,10/26/2014 11:45:00 AM,87924
10/27/2014 2:00:00 AM,10/27/2014 6:00:00 AM,10/26/2014 5:45:00 AM,63036
10/27/2014 2:00:00 PM,10/27/2014 6:00:00 PM,10/26/2014 11:45:00 AM,87729
10/27/2014 3:00:00 AM,10/27/2014 7:00:00 AM,10/26/2014 5:45:00 AM,63216
10/27/2014 3:00:00 PM,10/27/2014 7:00:00 PM,10/26/2014 5:45:00 PM,87334
10/27/2014 4:00:00 AM,10/27/2014 8:00:00 AM,10/26/2014 5:45:00 AM,64987
10/27/2014 4:00:00 PM,10/27/2014 8:00:00 PM,10/26/2014 5:45:00 PM,87536
10/27/2014 5:00:00 AM,10/27/2014 9:00:00 AM,10/26/2014 5:45:00 AM,70165
10/27/2014 5:00:00 PM,10/27/2014 9:00:00 PM,10/26/2014 5:45:00 PM,88213
10/27/2014 6:00:00 AM,10/27/2014 10:00:00 AM,10/26/2014 5:45:00 AM,79467
10/27/2014 6:00:00 PM,10/27/2014 10:00:00 PM,10/26/2014 5:45:00 PM,89930
10/27/2014 7:00:00 AM,10/27/2014 11:00:00 AM,10/26/2014 5:45:00 AM,85285
10/27/2014 7:00:00 PM,10/27/2014 11:00:00 PM,10/26/2014 5:45:00 PM,92397
10/27/2014 8:00:00 AM,10/27/2014 12:00:00 PM,10/26/2014 9:45:00 AM,87197
10/27/2014 8:00:00 PM,10/28/2014 12:00:00 AM,10/26/2014 5:45:00 PM,91373
10/27/2014 9:00:00 AM,10/27/2014 1:00:00 PM,10/26/2014 9:45:00 AM,87460
10/27/2014 9:00:00 PM,10/28/2014 1:00:00 AM,10/26/2014 11:45:00 PM,86426
10/28/2014 10:00:00 AM,10/28/2014 2:00:00 PM,10/27/2014 9:45:00 AM,86704
10/28/2014 10:00:00 PM,10/29/2014 2:00:00 AM,10/27/2014 11:45:00 PM,79668
10/28/2014 11:00:00 AM,10/28/2014 3:00:00 PM,10/27/2014 11:45:00 AM,88429
10/28/2014 11:00:00 PM,10/29/2014 3:00:00 AM,10/27/2014 11:45:00 PM,73300
10/28/2014 12:00:00 AM,10/28/2014 4:00:00 AM,10/27/2014 5:45:00 AM,68694
10/28/2014 12:00:00 PM,10/28/2014 4:00:00 PM,10/27/2014 11:45:00 AM,88612
10/28/2014 1:00:00 AM,10/28/2014 5:00:00 AM,10/27/2014 5:45:00 AM,65948
10/28/2014 1:00:00 PM,10/28/2014 5:00:00 PM,10/27/2014 11:45:00 AM,89047
10/28/2014 2:00:00 AM,10/28/2014 6:00:00 AM,10/27/2014 5:45:00 AM,64431
10/28/2014 2:00:00 PM,10/28/2014 6:00:00 PM,10/27/2014 11:45:00 AM,88911
10/28/2014 3:00:00 AM,10/28/2014 7:00:00 AM,10/27/2014 5:45:00 AM,63887
10/28/2014 3:00:00 PM,10/28/2014 7:00:00 PM,10/27/2014 5:45:00 PM,87817
10/28/2014 4:00:00 AM,10/28/2014 8:00:00 AM,10/27/2014 5:45:00 AM,65055
10/28/2014 4:00:00 PM,10/28/2014 8:00:00 PM,10/27/2014 5:45:00 PM,87946
10/28/2014 5:00:00 AM,10/28/2014 9:00:00 AM,10/27/2014 5:45:00 AM,69633
10/28/2014 5:00:00 PM,10/28/2014 9:00:00 PM,10/27/2014 5:45:00 PM,88200
10/28/2014 6:00:00 AM,10/28/2014 10:00:00 AM,10/27/2014 5:45:00 AM,78567
10/28/2014 6:00:00 PM,10/28/2014 10:00:00 PM,10/27/2014 5:45:00 PM,89364
10/28/2014 7:00:00 AM,10/28/2014 11:00:00 AM,10/27/2014 5:45:00 AM,84253
10/28/2014 7:00:00 PM,10/28/2014 11:00:00 PM,10/27/2014 5:45:00 PM,91568
10/28/2014 8:00:00 AM,10/28/2014 12:00:00 PM,10/27/2014 9:45:00 AM,85216
10/28/2014 8:00:00 PM,10/29/2014 12:00:00 AM,10/27/2014 5:45:00 PM,90401
10/28/2014 9:00:00 AM,10/28/2014 1:00:00 PM,10/27/2014 9:45:00 AM,85805
10/28/2014 9:00:00 PM,10/29/2014 1:00:00 AM,10/27/2014 11:45:00 PM,85923
10/29/2014 10:00:00 AM,10/29/2014 2:00:00 PM,10/28/2014 9:45:00 AM,87283
10/29/2014 10:00:00 PM,10/30/2014 2:00:00 AM,10/28/2014 11:45:00 PM,80825
10/29/2014 11:00:00 AM,10/29/2014 3:00:00 PM,10/28/2014 11:45:00 AM,87580
10/29/2014 11:00:00 PM,10/30/2014 3:00:00 AM,10/28/2014 11:45:00 PM,74840
10/29/2014 12:00:00 AM,10/29/2014 4:00:00 AM,10/28/2014 5:45:00 AM,68637
10/29/2014 12:00:00 PM,10/29/2014 4:00:00 PM,10/28/2014 11:45:00 AM,87459
10/29/2014 1:00:00 AM,10/29/2014 5:00:00 AM,10/28/2014 5:45:00 AM,65821
10/29/2014 1:00:00 PM,10/29/2014 5:00:00 PM,10/28/2014 11:45:00 AM,87488
10/29/2014 2:00:00 AM,10/29/2014 6:00:00 AM,10/28/2014 5:45:00 AM,64303
10/29/2014 2:00:00 PM,10/29/2014 6:00:00 PM,10/28/2014 11:45:00 AM,86971
10/29/2014 3:00:00 AM,10/29/2014 7:00:00 AM,10/28/2014 5:45:00 AM,63718
10/29/2014 3:00:00 PM,10/29/2014 7:00:00 PM,10/28/2014 5:45:00 PM,86470
10/29/2014 4:00:00 AM,10/29/2014 8:00:00 AM,10/28/2014 5:45:00 AM,64832
10/29/2014 4:00:00 PM,10/29/2014 8:00:00 PM,10/28/2014 5:45:00 PM,86722
10/29/2014 5:00:00 AM,10/29/2014 9:00:00 AM,10/28/2014 5:45:00 AM,69296
10/29/2014 5:00:00 PM,10/29/2014 9:00:00 PM,10/28/2014 5:45:00 PM,87249
10/29/2014 6:00:00 AM,10/29/2014 10:00:00 AM,10/28/2014 5:45:00 AM,78082
10/29/2014 6:00:00 PM,10/29/2014 10:00:00 PM,10/28/2014 5:45:00 PM,88890
10/29/2014 7:00:00 AM,10/29/2014 11:00:00 AM,10/28/2014 5:45:00 AM,84006
10/29/2014 7:00:00 PM,10/29/2014 11:00:00 PM,10/28/2014 5:45:00 PM,91181
10/29/2014 8:00:00 AM,10/29/2014 12:00:00 PM,10/28/2014 9:45:00 AM,85395
10/29/2014 8:00:00 PM,10/30/2014 12:00:00 AM,10/28/2014 5:45:00 PM,90052
10/29/2014 9:00:00 AM,10/29/2014 1:00:00 PM,10/28/2014 9:45:00 AM,86368
10/29/2014 9:00:00 PM,10/30/2014 1:00:00 AM,10/28/2014 11:45:00 PM,86617
10/3/2014 10:00:00 AM,10/3/2014 2:00:00 PM,10/2/2014 9:45:00 AM,89412
10/3/2014 10:00:00 PM,10/4/2014 2:00:00 AM,10/2/2014 11:45:00 PM,79767
10/3/2014 11:00:00 AM,10/3/2014 3:00:00 PM,10/2/2014 11:45:00 AM,90662
10/3/2014 11:00:00 PM,10/4/2014 3:00:00 AM,10/2/2014 11:45:00 PM,73835
10/3/2014 12:00:00 AM,10/3/2014 4:00:00 AM,10/2/2014 5:45:00 AM,71840
10/3/2014 12:00:00 PM,10/3/2014 4:00:00 PM,10/2/2014 11:45:00 AM,91415
10/3/2014 1:00:00 AM,10/3/2014 5:00:00 AM,10/2/2014 5:45:00 AM,68319
10/3/2014 1:00:00 PM,10/3/2014 5:00:00 PM,10/2/2014 11:45:00 AM,92276
10/3/2014 2:00:00 AM,10/3/2014 6:00:00 AM,10/2/2014 5:45:00 AM,66246
10/3/2014 2:00:00 PM,10/3/2014 6:00:00 PM,10/2/2014 11:45:00 AM,92407
10/3/2014 3:00:00 AM,10/3/2014 7:00:00 AM,10/2/2014 5:45:00 AM,65219
10/3/2014 3:00:00 PM,10/3/2014 7:00:00 PM,10/2/2014 5:45:00 PM,91999
10/3/2014 4:00:00 AM,10/3/2014 8:00:00 AM,10/2/2014 5:45:00 AM,65955
10/3/2014 4:00:00 PM,10/3/2014 8:00:00 PM,10/2/2014 5:45:00 PM,91576
10/3/2014 5:00:00 AM,10/3/2014 9:00:00 AM,10/2/2014 5:45:00 AM,69733
10/3/2014 5:00:00 PM,10/3/2014 9:00:00 PM,10/2/2014 5:45:00 PM,90548
10/3/2014 6:00:00 AM,10/3/2014 10:00:00 AM,10/2/2014 5:45:00 AM,77385
10/3/2014 6:00:00 PM,10/3/2014 10:00:00 PM,10/2/2014 5:45:00 PM,88792
10/3/2014 7:00:00 AM,10/3/2014 11:00:00 AM,10/2/2014 5:45:00 AM,82304
10/3/2014 7:00:00 PM,10/3/2014 11:00:00 PM,10/2/2014 5:45:00 PM,89774
10/3/2014 8:00:00 AM,10/3/2014 12:00:00 PM,10/2/2014 9:45:00 AM,85142
10/3/2014 8:00:00 PM,10/4/2014 12:00:00 AM,10/2/2014 5:45:00 PM,88999
10/3/2014 9:00:00 AM,10/3/2014 1:00:00 PM,10/2/2014 9:45:00 AM,87279
10/3/2014 9:00:00 PM,10/4/2014 1:00:00 AM,10/2/2014 11:45:00 PM,85007
10/30/2014 10:00:00 AM,10/30/2014 2:00:00 PM,10/29/2014 9:45:00 AM,88311
10/30/2014 10:00:00 PM,10/31/2014 2:00:00 AM,10/29/2014 11:45:00 PM,82080
10/30/2014 11:00:00 AM,10/30/2014 3:00:00 PM,10/29/2014 11:45:00 AM,87843
10/30/2014 11:00:00 PM,10/31/2014 3:00:00 AM,10/29/2014 11:45:00 PM,76445
10/30/2014 12:00:00 AM,10/30/2014 4:00:00 AM,10/29/2014 5:45:00 AM,70698
10/30/2014 12:00:00 PM,10/30/2014 4:00:00 PM,10/29/2014 11:45:00 AM,87069
10/30/2014 1:00:00 AM,10/30/2014 5:00:00 AM,10/29/2014 5:45:00 AM,68228
10/30/2014 1:00:00 PM,10/30/2014 5:00:00 PM,10/29/2014 11:45:00 AM,86569
10/30/2014 2:00:00 AM,10/30/2014 6:00:00 AM,10/29/2014 5:45:00 AM,67052
10/30/2014 2:00:00 PM,10/30/2014 6:00:00 PM,10/29/2014 11:45:00 AM,85645
10/30/2014 3:00:00 AM,10/30/2014 7:00:00 AM,10/29/2014 5:45:00 AM,66795
10/30/2014 3:00:00 PM,10/30/2014 7:00:00 PM,10/29/2014 5:45:00 PM,85006
10/30/2014 4:00:00 AM,10/30/2014 8:00:00 AM,10/29/2014 5:45:00 AM,68287
10/30/2014 4:00:00 PM,10/30/2014 8:00:00 PM,10/29/2014 5:45:00 PM,85170
10/30/2014 5:00:00 AM,10/30/2014 9:00:00 AM,10/29/2014 5:45:00 AM,73156
10/30/2014 5:00:00 PM,10/30/2014 9:00:00 PM,10/29/2014 5:45:00 PM,86044
10/30/2014 6:00:00 AM,10/30/2014 10:00:00 AM,10/29/2014 5:45:00 AM,82131
10/30/2014 6:00:00 PM,10/30/2014 10:00:00 PM,10/29/2014 5:45:00 PM,88369
10/30/2014 7:00:00 AM,10/30/2014 11:00:00 AM,10/29/2014 5:45:00 AM,87708
10/30/2014 7:00:00 PM,10/30/2014 11:00:00 PM,10/29/2014 5:45:00 PM,91134
10/30/2014 8:00:00 AM,10/30/2014 12:00:00 PM,10/29/2014 9:45:00 AM,88398
10/30/2014 8:00:00 PM,10/31/2014 12:00:00 AM,10/29/2014 5:45:00 PM,90609
10/30/2014 9:00:00 AM,10/30/2014 1:00:00 PM,10/29/2014 9:45:00 AM,88319
10/30/2014 9:00:00 PM,10/31/2014 1:00:00 AM,10/29/2014 11:45:00 PM,87553
10/31/2014 10:00:00 AM,10/31/2014 2:00:00 PM,10/30/2014 9:45:00 AM,90066
10/31/2014 10:00:00 PM,11/1/2014 2:00:00 AM,10/30/2014 11:45:00 PM,83180
10/31/2014 11:00:00 AM,10/31/2014 3:00:00 PM,10/30/2014 11:45:00 AM,89367
10/31/2014 11:00:00 PM,11/1/2014 3:00:00 AM,10/30/2014 11:45:00 PM,78237
10/31/2014 12:00:00 AM,10/31/2014 4:00:00 AM,10/30/2014 5:45:00 AM,72892
10/31/2014 12:00:00 PM,10/31/2014 4:00:00 PM,10/30/2014 11:45:00 AM,88476
10/31/2014 1:00:00 AM,10/31/2014 5:00:00 AM,10/30/2014 5:45:00 AM,70464
10/31/2014 1:00:00 PM,10/31/2014 5:00:00 PM,10/30/2014 11:45:00 AM,87645
10/31/2014 2:00:00 AM,10/31/2014 6:00:00 AM,10/30/2014 5:45:00 AM,69375
10/31/2014 2:00:00 PM,10/31/2014 6:00:00 PM,10/30/2014 11:45:00 AM,86529
10/31/2014 3:00:00 AM,10/31/2014 7:00:00 AM,10/30/2014 5:45:00 AM,69188
10/31/2014 3:00:00 PM,10/31/2014 7:00:00 PM,10/30/2014 5:45:00 PM,85755
10/31/2014 4:00:00 AM,10/31/2014 8:00:00 AM,10/30/2014 5:45:00 AM,70692
10/31/2014 4:00:00 PM,10/31/2014 8:00:00 PM,10/30/2014 5:45:00 PM,85718
10/31/2014 5:00:00 AM,10/31/2014 9:00:00 AM,10/30/2014 5:45:00 AM,75486
10/31/2014 5:00:00 PM,10/31/2014 9:00:00 PM,10/30/2014 5:45:00 PM,86454
10/31/2014 6:00:00 AM,10/31/2014 10:00:00 AM,10/30/2014 5:45:00 AM,84169
10/31/2014 6:00:00 PM,10/31/2014 10:00:00 PM,10/30/2014 5:45:00 PM,88509
10/31/2014 7:00:00 AM,10/31/2014 11:00:00 AM,10/30/2014 5:45:00 AM,89794
10/31/2014 7:00:00 PM,10/31/2014 11:00:00 PM,10/30/2014 5:45:00 PM,90601
10/31/2014 8:00:00 AM,10/31/2014 12:00:00 PM,10/30/2014 9:45:00 AM,90401
10/31/2014 8:00:00 PM,11/1/2014 12:00:00 AM,10/30/2014 5:45:00 PM,89917
10/31/2014 9:00:00 AM,10/31/2014 1:00:00 PM,10/30/2014 9:45:00 AM,90128
10/31/2014 9:00:00 PM,11/1/2014 1:00:00 AM,10/30/2014 11:45:00 PM,87292
10/4/2014 10:00:00 AM,10/4/2014 2:00:00 PM,10/3/2014 9:45:00 AM,78796
10/4/2014 10:00:00 PM,10/5/2014 2:00:00 AM,10/3/2014 11:45:00 PM,74871
10/4/2014 11:00:00 AM,10/4/2014 3:00:00 PM,10/3/2014 11:45:00 AM,79348
10/4/2014 11:00:00 PM,10/5/2014 3:00:00 AM,10/3/2014 11:45:00 PM,70577
10/4/2014 12:00:00 AM,10/4/2014 4:00:00 AM,10/3/2014 5:45:00 AM,68934
10/4/2014 12:00:00 PM,10/4/2014 4:00:00 PM,10/3/2014 11:45:00 AM,79040
10/4/2014 1:00:00 AM,10/4/2014 5:00:00 AM,10/3/2014 5:45:00 AM,65657
10/4/2014 1:00:00 PM,10/4/2014 5:00:00 PM,10/3/2014 11:45:00 AM,78426
10/4/2014 2:00:00 AM,10/4/2014 6:00:00 AM,10/3/2014 5:45:00 AM,63714
10/4/2014 2:00:00 PM,10/4/2014 6:00:00 PM,10/3/2014 11:45:00 AM,77661
10/4/2014 3:00:00 AM,10/4/2014 7:00:00 AM,10/3/2014 5:45:00 AM,62556
10/4/2014 3:00:00 PM,10/4/2014 7:00:00 PM,10/3/2014 5:45:00 PM,77257
10/4/2014 4:00:00 AM,10/4/2014 8:00:00 AM,10/3/2014 5:45:00 AM,62432
10/4/2014 4:00:00 PM,10/4/2014 8:00:00 PM,10/3/2014 5:45:00 PM,77124
10/4/2014 5:00:00 AM,10/4/2014 9:00:00 AM,10/3/2014 5:45:00 AM,63704
10/4/2014 5:00:00 PM,10/4/2014 9:00:00 PM,10/3/2014 5:45:00 PM,77255
10/4/2014 6:00:00 AM,10/4/2014 10:00:00 AM,10/3/2014 5:45:00 AM,66356
10/4/2014 6:00:00 PM,10/4/2014 10:00:00 PM,10/3/2014 5:45:00 PM,77877
10/4/2014 7:00:00 AM,10/4/2014 11:00:00 AM,10/3/2014 5:45:00 AM,69372
10/4/2014 7:00:00 PM,10/4/2014 11:00:00 PM,10/3/2014 5:45:00 PM,79822
10/4/2014 8:00:00 AM,10/4/2014 12:00:00 PM,10/3/2014 9:45:00 AM,73454
10/4/2014 8:00:00 PM,10/5/2014 12:00:00 AM,10/3/2014 5:45:00 PM,80462
10/4/2014 9:00:00 AM,10/4/2014 1:00:00 PM,10/3/2014 9:45:00 AM,76779
10/4/2014 9:00:00 PM,10/5/2014 1:00:00 AM,10/3/2014 11:45:00 PM,78470
10/5/2014 10:00:00 AM,10/5/2014 2:00:00 PM,10/4/2014 9:45:00 AM,73738
10/5/2014 10:00:00 PM,10/6/2014 2:00:00 AM,10/4/2014 11:45:00 PM,75748
10/5/2014 11:00:00 AM,10/5/2014 3:00:00 PM,10/4/2014 11:45:00 AM,74373
10/5/2014 11:00:00 PM,10/6/2014 3:00:00 AM,10/4/2014 11:45:00 PM,71195
10/5/2014 12:00:00 AM,10/5/2014 4:00:00 AM,10/4/2014 5:45:00 AM,67040
10/5/2014 12:00:00 PM,10/5/2014 4:00:00 PM,10/4/2014 11:45:00 AM,74240
10/5/2014 1:00:00 AM,10/5/2014 5:00:00 AM,10/4/2014 5:45:00 AM,64488
10/5/2014 1:00:00 PM,10/5/2014 5:00:00 PM,10/4/2014 11:45:00 AM,73858
10/5/2014 2:00:00 AM,10/5/2014 6:00:00 AM,10/4/2014 5:45:00 AM,63016
10/5/2014 2:00:00 PM,10/5/2014 6:00:00 PM,10/4/2014 11:45:00 AM,73358
10/5/2014 3:00:00 AM,10/5/2014 7:00:00 AM,10/4/2014 5:45:00 AM,62345
10/5/2014 3:00:00 PM,10/5/2014 7:00:00 PM,10/4/2014 5:45:00 PM,73332
10/5/2014 4:00:00 AM,10/5/2014 8:00:00 AM,10/4/2014 5:45:00 AM,62452
10/5/2014 4:00:00 PM,10/5/2014 8:00:00 PM,10/4/2014 5:45:00 PM,74061
10/5/2014 5:00:00 AM,10/5/2014 9:00:00 AM,10/4/2014 5:45:00 AM,63517
10/5/2014 5:00:00 PM,10/5/2014 9:00:00 PM,10/4/2014 5:45:00 PM,75453
10/5/2014 6:00:00 AM,10/5/2014 10:00:00 AM,10/4/2014 5:45:00 AM,65454
10/5/2014 6:00:00 PM,10/5/2014 10:00:00 PM,10/4/2014 5:45:00 PM,77213
10/5/2014 7:00:00 AM,10/5/2014 11:00:00 AM,10/4/2014 5:45:00 AM,67628
10/5/2014 7:00:00 PM,10/5/2014 11:00:00 PM,10/4/2014 5:45:00 PM,80316
10/5/2014 8:00:00 AM,10/5/2014 12:00:00 PM,10/4/2014 9:45:00 AM,70929
10/5/2014 8:00:00 PM,10/6/2014 12:00:00 AM,10/4/2014 5:45:00 PM,82184
10/5/2014 9:00:00 AM,10/5/2014 1:00:00 PM,10/4/2014 9:45:00 AM,73156
10/5/2014 9:00:00 PM,10/6/2014 1:00:00 AM,10/4/2014 11:45:00 PM,80009
10/6/2014 10:00:00 AM,10/6/2014 2:00:00 PM,10/5/2014 9:45:00 AM,87903
10/6/2014 10:00:00 PM,10/7/2014 2:00:00 AM,10/5/2014 11:45:00 PM,80126
10/6/2014 11:00:00 AM,10/6/2014 3:00:00 PM,10/5/2014 11:45:00 AM,87909
10/6/2014 11:00:00 PM,10/7/2014 3:00:00 AM,10/5/2014 11:45:00 PM,74024
10/6/2014 12:00:00 AM,10/6/2014 4:00:00 AM,10/5/2014 5:45:00 AM,67010
10/6/2014 12:00:00 PM,10/6/2014 4:00:00 PM,10/5/2014 11:45:00 AM,87730
10/6/2014 1:00:00 AM,10/6/2014 5:00:00 AM,10/5/2014 5:45:00 AM,64948
10/6/2014 1:00:00 PM,10/6/2014 5:00:00 PM,10/5/2014 11:45:00 AM,87819
10/6/2014 2:00:00 AM,10/6/2014 6:00:00 AM,10/5/2014 5:45:00 AM,64144
10/6/2014 2:00:00 PM,10/6/2014 6:00:00 PM,10/5/2014 11:45:00 AM,87511
10/6/2014 3:00:00 AM,10/6/2014 7:00:00 AM,10/5/2014 5:45:00 AM,64253
10/6/2014 3:00:00 PM,10/6/2014 7:00:00 PM,10/5/2014 5:45:00 PM,87062
10/6/2014 4:00:00 AM,10/6/2014 8:00:00 AM,10/5/2014 5:45:00 AM,65973
10/6/2014 4:00:00 PM,10/6/2014 8:00:00 PM,10/5/2014 5:45:00 PM,87104
10/6/2014 5:00:00 AM,10/6/2014 9:00:00 AM,10/5/2014 5:45:00 AM,71066
10/6/2014 5:00:00 PM,10/6/2014 9:00:00 PM,10/5/2014 5:45:00 PM,87487
10/6/2014 6:00:00 AM,10/6/2014 10:00:00 AM,10/5/2014 5:45:00 AM,80042
10/6/2014 6:00:00 PM,10/6/2014 10:00:00 PM,10/5/2014 5:45:00 PM,88635
10/6/2014 7:00:00 AM,10/6/2014 11:00:00 AM,10/5/2014 5:45:00 AM,85303
10/6/2014 7:00:00 PM,10/6/2014 11:00:00 PM,10/5/2014 5:45:00 PM,90417
10/6/2014 8:00:00 AM,10/6/2014 12:00:00 PM,10/5/2014 9:45:00 AM,87107
10/6/2014 8:00:00 PM,10/7/2014 12:00:00 AM,10/5/2014 5:45:00 PM,88821
10/6/2014 9:00:00 AM,10/6/2014 1:00:00 PM,10/5/2014 9:45:00 AM,87363
10/6/2014 9:00:00 PM,10/7/2014 1:00:00 AM,10/5/2014 11:45:00 PM,85090
10/7/2014 10:00:00 AM,10/7/2014 2:00:00 PM,10/6/2014 9:45:00 AM,87767
10/7/2014 10:00:00 PM,10/8/2014 2:00:00 AM,10/6/2014 11:45:00 PM,80483
10/7/2014 11:00:00 AM,10/7/2014 3:00:00 PM,10/6/2014 11:45:00 AM,88242
10/7/2014 11:00:00 PM,10/8/2014 3:00:00 AM,10/6/2014 11:45:00 PM,74242
10/7/2014 12:00:00 AM,10/7/2014 4:00:00 AM,10/6/2014 5:45:00 AM,68636
10/7/2014 12:00:00 PM,10/7/2014 4:00:00 PM,10/6/2014 11:45:00 AM,88586
10/7/2014 1:00:00 AM,10/7/2014 5:00:00 AM,10/6/2014 5:45:00 AM,65902
10/7/2014 1:00:00 PM,10/7/2014 5:00:00 PM,10/6/2014 11:45:00 AM,89107
10/7/2014 2:00:00 AM,10/7/2014 6:00:00 AM,10/6/2014 5:45:00 AM,64442
10/7/2014 2:00:00 PM,10/7/2014 6:00:00 PM,10/6/2014 11:45:00 AM,89134
10/7/2014 3:00:00 AM,10/7/2014 7:00:00 AM,10/6/2014 5:45:00 AM,63876
10/7/2014 3:00:00 PM,10/7/2014 7:00:00 PM,10/6/2014 5:45:00 PM,89019
10/7/2014 4:00:00 AM,10/7/2014 8:00:00 AM,10/6/2014 5:45:00 AM,65050
10/7/2014 4:00:00 PM,10/7/2014 8:00:00 PM,10/6/2014 5:45:00 PM,89215
10/7/2014 5:00:00 AM,10/7/2014 9:00:00 AM,10/6/2014 5:45:00 AM,69452
10/7/2014 5:00:00 PM,10/7/2014 9:00:00 PM,10/6/2014 5:45:00 PM,89303
10/7/2014 6:00:00 AM,10/7/2014 10:00:00 AM,10/6/2014 5:45:00 AM,77996
10/7/2014 6:00:00 PM,10/7/2014 10:00:00 PM,10/6/2014 5:45:00 PM,89561
10/7/2014 7:00:00 AM,10/7/2014 11:00:00 AM,10/6/2014 5:45:00 AM,83183
10/7/2014 7:00:00 PM,10/7/2014 11:00:00 PM,10/6/2014 5:45:00 PM,91398
10/7/2014 8:00:00 AM,10/7/2014 12:00:00 PM,10/6/2014 9:45:00 AM,85364
10/7/2014 8:00:00 PM,10/8/2014 12:00:00 AM,10/6/2014 5:45:00 PM,90731
10/7/2014 9:00:00 AM,10/7/2014 1:00:00 PM,10/6/2014 9:45:00 AM,86465
10/7/2014 9:00:00 PM,10/8/2014 1:00:00 AM,10/6/2014 11:45:00 PM,86758
10/8/2014 10:00:00 AM,10/8/2014 2:00:00 PM,10/7/2014 9:45:00 AM,87536
10/8/2014 10:00:00 PM,10/9/2014 2:00:00 AM,10/7/2014 11:45:00 PM,79948
10/8/2014 11:00:00 AM,10/8/2014 3:00:00 PM,10/7/2014 11:45:00 AM,88174
10/8/2014 11:00:00 PM,10/9/2014 3:00:00 AM,10/7/2014 11:45:00 PM,73976
10/8/2014 12:00:00 AM,10/8/2014 4:00:00 AM,10/7/2014 5:45:00 AM,69668
10/8/2014 12:00:00 PM,10/8/2014 4:00:00 PM,10/7/2014 11:45:00 AM,88583
10/8/2014 1:00:00 AM,10/8/2014 5:00:00 AM,10/7/2014 5:45:00 AM,66683
10/8/2014 1:00:00 PM,10/8/2014 5:00:00 PM,10/7/2014 11:45:00 AM,89101
10/8/2014 2:00:00 AM,10/8/2014 6:00:00 AM,10/7/2014 5:45:00 AM,65030
10/8/2014 2:00:00 PM,10/8/2014 6:00:00 PM,10/7/2014 11:45:00 AM,89296
10/8/2014 3:00:00 AM,10/8/2014 7:00:00 AM,10/7/2014 5:45:00 AM,64350
10/8/2014 3:00:00 PM,10/8/2014 7:00:00 PM,10/7/2014 5:45:00 PM,89271
10/8/2014 4:00:00 AM,10/8/2014 8:00:00 AM,10/7/2014 5:45:00 AM,65350
10/8/2014 4:00:00 PM,10/8/2014 8:00:00 PM,10/7/2014 5:45:00 PM,89502
10/8/2014 5:00:00 AM,10/8/2014 9:00:00 AM,10/7/2014 5:45:00 AM,69701
10/8/2014 5:00:00 PM,10/8/2014 9:00:00 PM,10/7/2014 5:45:00 PM,89496
10/8/2014 6:00:00 AM,10/8/2014 10:00:00 AM,10/7/2014 5:45:00 AM,78216
10/8/2014 6:00:00 PM,10/8/2014 10:00:00 PM,10/7/2014 5:45:00 PM,89371
10/8/2014 7:00:00 AM,10/8/2014 11:00:00 AM,10/7/2014 5:45:00 AM,83417
10/8/2014 7:00:00 PM,10/8/2014 11:00:00 PM,10/7/2014 5:45:00 PM,91436
10/8/2014 8:00:00 AM,10/8/2014 12:00:00 PM,10/7/2014 9:45:00 AM,84995
10/8/2014 8:00:00 PM,10/9/2014 12:00:00 AM,10/7/2014 5:45:00 PM,90035
10/8/2014 9:00:00 AM,10/8/2014 1:00:00 PM,10/7/2014 9:45:00 AM,86270
10/8/2014 9:00:00 PM,10/9/2014 1:00:00 AM,10/7/2014 11:45:00 PM,85810
10/9/2014 10:00:00 AM,10/9/2014 2:00:00 PM,10/8/2014 9:45:00 AM,85834
10/9/2014 10:00:00 PM,10/10/2014 2:00:00 AM,10/8/2014 11:45:00 PM,79492
10/9/2014 11:00:00 AM,10/9/2014 3:00:00 PM,10/8/2014 11:45:00 AM,86586
10/9/2014 11:00:00 PM,10/10/2014 3:00:00 AM,10/8/2014 11:45:00 PM,73391
10/9/2014 12:00:00 AM,10/9/2014 4:00:00 AM,10/8/2014 5:45:00 AM,69236
10/9/2014 12:00:00 PM,10/9/2014 4:00:00 PM,10/8/2014 11:45:00 AM,86469
10/9/2014 1:00:00 AM,10/9/2014 5:00:00 AM,10/8/2014 5:45:00 AM,66383
10/9/2014 1:00:00 PM,10/9/2014 5:00:00 PM,10/8/2014 11:45:00 AM,86790
10/9/2014 2:00:00 AM,10/9/2014 6:00:00 AM,10/8/2014 5:45:00 AM,64901
10/9/2014 2:00:00 PM,10/9/2014 6:00:00 PM,10/8/2014 11:45:00 AM,86754
10/9/2014 3:00:00 AM,10/9/2014 7:00:00 AM,10/8/2014 5:45:00 AM,64364
10/9/2014 3:00:00 PM,10/9/2014 7:00:00 PM,10/8/2014 5:45:00 PM,86573
10/9/2014 4:00:00 AM,10/9/2014 8:00:00 AM,10/8/2014 5:45:00 AM,65518
10/9/2014 4:00:00 PM,10/9/2014 8:00:00 PM,10/8/2014 5:45:00 PM,86677
10/9/2014 5:00:00 AM,10/9/2014 9:00:00 AM,10/8/2014 5:45:00 AM,69924
10/9/2014 5:00:00 PM,10/9/2014 9:00:00 PM,10/8/2014 5:45:00 PM,86525
10/9/2014 6:00:00 AM,10/9/2014 10:00:00 AM,10/8/2014 5:45:00 AM,78176
10/9/2014 6:00:00 PM,10/9/2014 10:00:00 PM,10/8/2014 5:45:00 PM,86895
10/9/2014 7:00:00 AM,10/9/2014 11:00:00 AM,10/8/2014 5:45:00 AM,83105
10/9/2014 7:00:00 PM,10/9/2014 11:00:00 PM,10/8/2014 5:45:00 PM,90027
10/9/2014 8:00:00 AM,10/9/2014 12:00:00 PM,10/8/2014 9:45:00 AM,84071
10/9/2014 8:00:00 PM,10/10/2014 12:00:00 AM,10/8/2014 5:45:00 PM,88959
10/9/2014 9:00:00 AM,10/9/2014 1:00:00 PM,10/8/2014 9:45:00 AM,84933
10/9/2014 9:00:00 PM,10/10/2014 1:00:00 AM,10/8/2014 11:45:00 PM,85190
11/1/2014 10:00:00 AM,11/1/2014 2:00:00 PM,10/31/2014 9:45:00 AM,86001
11/1/2014 10:00:00 PM,11/2/2014 2:00:00 AM,10/31/2014 11:45:00 PM,81693
11/1/2014 11:00:00 AM,11/1/2014 3:00:00 PM,10/31/2014 11:45:00 AM,85465
11/1/2014 11:00:00 PM,11/2/2014 3:00:00 AM,10/31/2014 11:45:00 PM,77701
11/1/2014 12:00:00 AM,11/1/2014 4:00:00 AM,10/31/2014 5:45:00 AM,73540
11/1/2014 12:00:00 PM,11/1/2014 4:00:00 PM,10/31/2014 11:45:00 AM,84255
11/1/2014 1:00:00 AM,11/1/2014 5:00:00 AM,10/31/2014 5:45:00 AM,70968
11/1/2014 1:00:00 PM,11/1/2014 5:00:00 PM,10/31/2014 11:45:00 AM,82744
11/1/2014 2:00:00 AM,11/1/2014 6:00:00 AM,10/31/2014 5:45:00 AM,69633
11/1/2014 2:00:00 PM,11/1/2014 6:00:00 PM,10/31/2014 11:45:00 AM,81367
11/1/2014 3:00:00 AM,11/1/2014 7:00:00 AM,10/31/2014 5:45:00 AM,69102
11/1/2014 3:00:00 PM,11/1/2014 7:00:00 PM,10/31/2014 5:45:00 PM,80581
11/1/2014 4:00:00 AM,11/1/2014 8:00:00 AM,10/31/2014 5:45:00 AM,69634
11/1/2014 4:00:00 PM,11/1/2014 8:00:00 PM,10/31/2014 5:45:00 PM,80829
11/1/2014 5:00:00 AM,11/1/2014 9:00:00 AM,10/31/2014 5:45:00 AM,71576
11/1/2014 5:00:00 PM,11/1/2014 9:00:00 PM,10/31/2014 5:45:00 PM,81623
11/1/2014 6:00:00 AM,11/1/2014 10:00:00 AM,10/31/2014 5:45:00 AM,75123
11/1/2014 6:00:00 PM,11/1/2014 10:00:00 PM,10/31/2014 5:45:00 PM,84677
11/1/2014 7:00:00 AM,11/1/2014 11:00:00 AM,10/31/2014 5:45:00 AM,79022
11/1/2014 7:00:00 PM,11/1/2014 11:00:00 PM,10/31/2014 5:45:00 PM,87333
11/1/2014 8:00:00 AM,11/1/2014 12:00:00 PM,10/31/2014 9:45:00 AM,82994
11/1/2014 8:00:00 PM,11/2/2014 12:00:00 AM,10/31/2014 5:45:00 PM,87218
11/1/2014 9:00:00 AM,11/1/2014 1:00:00 PM,10/31/2014 9:45:00 AM,85238
11/1/2014 9:00:00 PM,11/2/2014 1:00:00 AM,10/31/2014 11:45:00 PM,85033
11/10/2014 10:00:00 AM,11/10/2014 3:00:00 PM,11/9/2014 9:45:00 AM,91878
11/10/2014 10:00:00 PM,11/11/2014 3:00:00 AM,11/9/2014 11:45:00 PM,83658
11/10/2014 11:00:00 AM,11/10/2014 4:00:00 PM,11/9/2014 11:45:00 AM,91301
11/10/2014 11:00:00 PM,11/11/2014 4:00:00 AM,11/9/2014 11:45:00 PM,77932
11/10/2014 12:00:00 AM,11/10/2014 5:00:00 AM,11/9/2014 5:45:00 AM,73472
11/10/2014 12:00:00 PM,11/10/2014 5:00:00 PM,11/9/2014 11:45:00 AM,90077
11/10/2014 1:00:00 AM,11/10/2014 6:00:00 AM,11/9/2014 5:45:00 AM,71765
11/10/2014 1:00:00 PM,11/10/2014 6:00:00 PM,11/9/2014 11:45:00 AM,89233
11/10/2014 2:00:00 AM,11/10/2014 7:00:00 AM,11/9/2014 5:45:00 AM,71359
11/10/2014 2:00:00 PM,11/10/2014 7:00:00 PM,11/9/2014 11:45:00 AM,88288
11/10/2014 3:00:00 AM,11/10/2014 8:00:00 AM,11/9/2014 5:45:00 AM,71835
11/10/2014 3:00:00 PM,11/10/2014 8:00:00 PM,11/9/2014 5:45:00 PM,87769
11/10/2014 4:00:00 AM,11/10/2014 9:00:00 AM,11/9/2014 5:45:00 AM,73965
11/10/2014 4:00:00 PM,11/10/2014 9:00:00 PM,11/9/2014 5:45:00 PM,89093
11/10/2014 5:00:00 AM,11/10/2014 10:00:00 AM,11/9/2014 5:45:00 AM,79747
11/10/2014 5:00:00 PM,11/10/2014 10:00:00 PM,11/9/2014 5:45:00 PM,93377
11/10/2014 6:00:00 AM,11/10/2014 11:00:00 AM,11/9/2014 5:45:00 AM,89313
11/10/2014 6:00:00 PM,11/10/2014 11:00:00 PM,11/9/2014 5:45:00 PM,95815
11/10/2014 7:00:00 AM,11/10/2014 12:00:00 PM,11/9/2014 5:45:00 AM,94283
11/10/2014 7:00:00 PM,11/11/2014 12:00:00 AM,11/9/2014 5:45:00 PM,95743
11/10/2014 8:00:00 AM,11/10/2014 1:00:00 PM,11/9/2014 9:45:00 AM,94216
11/10/2014 8:00:00 PM,11/11/2014 1:00:00 AM,11/9/2014 5:45:00 PM,93712
11/10/2014 9:00:00 AM,11/10/2014 2:00:00 PM,11/9/2014 9:45:00 AM,92963
11/10/2014 9:00:00 PM,11/11/2014 2:00:00 AM,11/9/2014 11:45:00 PM,89280
11/11/2014 10:00:00 AM,11/11/2014 3:00:00 PM,11/10/2014 9:45:00 AM,89318
11/11/2014 10:00:00 PM,11/12/2014 3:00:00 AM,11/10/2014 11:45:00 PM,81799
11/11/2014 11:00:00 AM,11/11/2014 4:00:00 PM,11/10/2014 11:45:00 AM,88580
11/11/2014 11:00:00 PM,11/12/2014 4:00:00 AM,11/10/2014 11:45:00 PM,76231
11/11/2014 12:00:00 AM,11/11/2014 5:00:00 AM,11/10/2014 5:45:00 AM,72818
11/11/2014 12:00:00 PM,11/11/2014 5:00:00 PM,11/10/2014 11:45:00 AM,87981
11/11/2014 1:00:00 AM,11/11/2014 6:00:00 AM,11/10/2014 5:45:00 AM,70500
11/11/2014 1:00:00 PM,11/11/2014 6:00:00 PM,11/10/2014 11:45:00 AM,87658
11/11/2014 2:00:00 AM,11/11/2014 7:00:00 AM,11/10/2014 5:45:00 AM,69483
11/11/2014 2:00:00 PM,11/11/2014 7:00:00 PM,11/10/2014 11:45:00 AM,87049
11/11/2014 3:00:00 AM,11/11/2014 8:00:00 AM,11/10/2014 5:45:00 AM,69392
11/11/2014 3:00:00 PM,11/11/2014 8:00:00 PM,11/10/2014 5:45:00 PM,86768
11/11/2014 4:00:00 AM,11/11/2014 9:00:00 AM,11/10/2014 5:45:00 AM,71110
11/11/2014 4:00:00 PM,11/11/2014 9:00:00 PM,11/10/2014 5:45:00 PM,88117
11/11/2014 5:00:00 AM,11/11/2014 10:00:00 AM,11/10/2014 5:45:00 AM,76287
11/11/2014 5:00:00 PM,11/11/2014 10:00:00 PM,11/10/2014 5:45:00 PM,92408
11/11/2014 6:00:00 AM,11/11/2014 11:00:00 AM,11/10/2014 5:45:00 AM,85241
11/11/2014 6:00:00 PM,11/11/2014 11:00:00 PM,11/10/2014 5:45:00 PM,94130
11/11/2014 7:00:00 AM,11/11/2014 12:00:00 PM,11/10/2014 5:45:00 AM,90005
11/11/2014 7:00:00 PM,11/12/2014 12:00:00 AM,11/10/2014 5:45:00 PM,93594
11/11/2014 8:00:00 AM,11/11/2014 1:00:00 PM,11/10/2014 9:45:00 AM,90211
11/11/2014 8:00:00 PM,11/12/2014 1:00:00 AM,11/10/2014 5:45:00 PM,91492
11/11/2014 9:00:00 AM,11/11/2014 2:00:00 PM,11/10/2014 9:45:00 AM,89642
11/11/2014 9:00:00 PM,11/12/2014 2:00:00 AM,11/10/2014 11:45:00 PM,87432
11/12/2014 10:00:00 AM,11/12/2014 3:00:00 PM,11/11/2014 9:45:00 AM,91621
11/12/2014 10:00:00 PM,11/13/2014 3:00:00 AM,11/11/2014 11:45:00 PM,88251
11/12/2014 11:00:00 AM,11/12/2014 4:00:00 PM,11/11/2014 11:45:00 AM,91482
11/12/2014 11:00:00 PM,11/13/2014 4:00:00 AM,11/11/2014 11:45:00 PM,82520
11/12/2014 12:00:00 AM,11/12/2014 5:00:00 AM,11/11/2014 5:45:00 AM,72253
11/12/2014 12:00:00 PM,11/12/2014 5:00:00 PM,11/11/2014 11:45:00 AM,90960
11/12/2014 1:00:00 AM,11/12/2014 6:00:00 AM,11/11/2014 5:45:00 AM,69819
11/12/2014 1:00:00 PM,11/12/2014 6:00:00 PM,11/11/2014 11:45:00 AM,90676
11/12/2014 2:00:00 AM,11/12/2014 7:00:00 AM,11/11/2014 5:45:00 AM,68727
11/12/2014 2:00:00 PM,11/12/2014 7:00:00 PM,11/11/2014 11:45:00 AM,90128
11/12/2014 3:00:00 AM,11/12/2014 8:00:00 AM,11/11/2014 5:45:00 AM,68602
11/12/2014 3:00:00 PM,11/12/2014 8:00:00 PM,11/11/2014 5:45:00 PM,90145
11/12/2014 4:00:00 AM,11/12/2014 9:00:00 AM,11/11/2014 5:45:00 AM,70281
11/12/2014 4:00:00 PM,11/12/2014 9:00:00 PM,11/11/2014 5:45:00 PM,92154
11/12/2014 5:00:00 AM,11/12/2014 10:00:00 AM,11/11/2014 5:45:00 AM,75298
11/12/2014 5:00:00 PM,11/12/2014 10:00:00 PM,11/11/2014 5:45:00 PM,97135
11/12/2014 6:00:00 AM,11/12/2014 11:00:00 AM,11/11/2014 5:45:00 AM,84407
11/12/2014 6:00:00 PM,11/12/2014 11:00:00 PM,11/11/2014 5:45:00 PM,99695
11/12/2014 7:00:00 AM,11/12/2014 12:00:00 PM,11/11/2014 5:45:00 AM,89748
11/12/2014 7:00:00 PM,11/13/2014 12:00:00 AM,11/11/2014 5:45:00 PM,99246
11/12/2014 8:00:00 AM,11/12/2014 1:00:00 PM,11/11/2014 9:45:00 AM,91038
11/12/2014 8:00:00 PM,11/13/2014 1:00:00 AM,11/11/2014 5:45:00 PM,97483
11/12/2014 9:00:00 AM,11/12/2014 2:00:00 PM,11/11/2014 9:45:00 AM,91313
11/12/2014 9:00:00 PM,11/13/2014 2:00:00 AM,11/11/2014 11:45:00 PM,93893
11/13/2014 10:00:00 AM,11/13/2014 3:00:00 PM,11/12/2014 9:45:00 AM,97451
11/13/2014 10:00:00 PM,11/14/2014 3:00:00 AM,11/12/2014 11:45:00 PM,93815
11/13/2014 11:00:00 AM,11/13/2014 4:00:00 PM,11/12/2014 11:45:00 AM,96580
11/13/2014 11:00:00 PM,11/14/2014 4:00:00 AM,11/12/2014 11:45:00 PM,88253
11/13/2014 12:00:00 AM,11/13/2014 5:00:00 AM,11/12/2014 5:45:00 AM,78507
11/13/2014 12:00:00 PM,11/13/2014 5:00:00 PM,11/12/2014 11:45:00 AM,95653
11/13/2014 1:00:00 AM,11/13/2014 6:00:00 AM,11/12/2014 5:45:00 AM,76431
11/13/2014 1:00:00 PM,11/13/2014 6:00:00 PM,11/12/2014 11:45:00 AM,95020
11/13/2014 2:00:00 AM,11/13/2014 7:00:00 AM,11/12/2014 5:45:00 AM,75706
11/13/2014 2:00:00 PM,11/13/2014 7:00:00 PM,11/12/2014 11:45:00 AM,94195
11/13/2014 3:00:00 AM,11/13/2014 8:00:00 AM,11/12/2014 5:45:00 AM,75889
11/13/2014 3:00:00 PM,11/13/2014 8:00:00 PM,11/12/2014 5:45:00 PM,94133
11/13/2014 4:00:00 AM,11/13/2014 9:00:00 AM,11/12/2014 5:45:00 AM,77969
11/13/2014 4:00:00 PM,11/13/2014 9:00:00 PM,11/12/2014 5:45:00 PM,96290
11/13/2014 5:00:00 AM,11/13/2014 10:00:00 AM,11/12/2014 5:45:00 AM,83581
11/13/2014 5:00:00 PM,11/13/2014 10:00:00 PM,11/12/2014 5:45:00 PM,101699
11/13/2014 6:00:00 AM,11/13/2014 11:00:00 AM,11/12/2014 5:45:00 AM,92734
11/13/2014 6:00:00 PM,11/13/2014 11:00:00 PM,11/12/2014 5:45:00 PM,104158
11/13/2014 7:00:00 AM,11/13/2014 12:00:00 PM,11/12/2014 5:45:00 AM,97606
11/13/2014 7:00:00 PM,11/14/2014 12:00:00 AM,11/12/2014 5:45:00 PM,104162
11/13/2014 8:00:00 AM,11/13/2014 1:00:00 PM,11/12/2014 9:45:00 AM,98603
11/13/2014 8:00:00 PM,11/14/2014 1:00:00 AM,11/12/2014 5:45:00 PM,102862
11/13/2014 9:00:00 AM,11/13/2014 2:00:00 PM,11/12/2014 9:45:00 AM,97966
11/13/2014 9:00:00 PM,11/14/2014 2:00:00 AM,11/12/2014 11:45:00 PM,99422
11/14/2014 10:00:00 AM,11/14/2014 3:00:00 PM,11/13/2014 9:45:00 AM,99883
11/14/2014 10:00:00 PM,11/15/2014 3:00:00 AM,11/13/2014 11:45:00 PM,96038
11/14/2014 11:00:00 AM,11/14/2014 4:00:00 PM,11/13/2014 11:45:00 AM,99504
11/14/2014 11:00:00 PM,11/15/2014 4:00:00 AM,11/13/2014 11:45:00 PM,91116
11/14/2014 12:00:00 AM,11/14/2014 5:00:00 AM,11/13/2014 5:45:00 AM,83746
11/14/2014 12:00:00 PM,11/14/2014 5:00:00 PM,11/13/2014 11:45:00 AM,97932
11/14/2014 1:00:00 AM,11/14/2014 6:00:00 AM,11/13/2014 5:45:00 AM,81691
11/14/2014 1:00:00 PM,11/14/2014 6:00:00 PM,11/13/2014 11:45:00 AM,96714
11/14/2014 2:00:00 AM,11/14/2014 7:00:00 AM,11/13/2014 5:45:00 AM,81012
11/14/2014 2:00:00 PM,11/14/2014 7:00:00 PM,11/13/2014 11:45:00 AM,95504
11/14/2014 3:00:00 AM,11/14/2014 8:00:00 AM,11/13/2014 5:45:00 AM,81302
11/14/2014 3:00:00 PM,11/14/2014 8:00:00 PM,11/13/2014 5:45:00 PM,95466
11/14/2014 4:00:00 AM,11/14/2014 9:00:00 AM,11/13/2014 5:45:00 AM,83293
11/14/2014 4:00:00 PM,11/14/2014 9:00:00 PM,11/13/2014 5:45:00 PM,97245
11/14/2014 5:00:00 AM,11/14/2014 10:00:00 AM,11/13/2014 5:45:00 AM,88621
11/14/2014 5:00:00 PM,11/14/2014 10:00:00 PM,11/13/2014 5:45:00 PM,102253
11/14/2014 6:00:00 AM,11/14/2014 11:00:00 AM,11/13/2014 5:45:00 AM,97264
11/14/2014 6:00:00 PM,11/14/2014 11:00:00 PM,11/13/2014 5:45:00 PM,104295
11/14/2014 7:00:00 AM,11/14/2014 12:00:00 PM,11/13/2014 5:45:00 AM,101938
11/14/2014 7:00:00 PM,11/15/2014 12:00:00 AM,11/13/2014 5:45:00 PM,103905
11/14/2014 8:00:00 AM,11/14/2014 1:00:00 PM,11/13/2014 9:45:00 AM,101898
11/14/2014 8:00:00 PM,11/15/2014 1:00:00 AM,11/13/2014 5:45:00 PM,102740
11/14/2014 9:00:00 AM,11/14/2014 2:00:00 PM,11/13/2014 9:45:00 AM,100941
11/14/2014 9:00:00 PM,11/15/2014 2:00:00 AM,11/13/2014 11:45:00 PM,100212
11/15/2014 10:00:00 AM,11/15/2014 3:00:00 PM,11/14/2014 9:45:00 AM,96347
11/15/2014 10:00:00 PM,11/16/2014 3:00:00 AM,11/14/2014 11:45:00 PM,92443
11/15/2014 11:00:00 AM,11/15/2014 4:00:00 PM,11/14/2014 11:45:00 AM,94551
11/15/2014 11:00:00 PM,11/16/2014 4:00:00 AM,11/14/2014 11:45:00 PM,88742
11/15/2014 12:00:00 AM,11/15/2014 5:00:00 AM,11/14/2014 5:45:00 AM,87618
11/15/2014 12:00:00 PM,11/15/2014 5:00:00 PM,11/14/2014 11:45:00 AM,92527
11/15/2014 1:00:00 AM,11/15/2014 6:00:00 AM,11/14/2014 5:45:00 AM,85444
11/15/2014 1:00:00 PM,11/15/2014 6:00:00 PM,11/14/2014 11:45:00 AM,90416
11/15/2014 2:00:00 AM,11/15/2014 7:00:00 AM,11/14/2014 5:45:00 AM,84604
11/15/2014 2:00:00 PM,11/15/2014 7:00:00 PM,11/14/2014 11:45:00 AM,88921
11/15/2014 3:00:00 AM,11/15/2014 8:00:00 AM,11/14/2014 5:45:00 AM,84528
11/15/2014 3:00:00 PM,11/15/2014 8:00:00 PM,11/14/2014 5:45:00 PM,88543
11/15/2014 4:00:00 AM,11/15/2014 9:00:00 AM,11/14/2014 5:45:00 AM,85444
11/15/2014 4:00:00 PM,11/15/2014 9:00:00 PM,11/14/2014 5:45:00 PM,90675
11/15/2014 5:00:00 AM,11/15/2014 10:00:00 AM,11/14/2014 5:45:00 AM,87894
11/15/2014 5:00:00 PM,11/15/2014 10:00:00 PM,11/14/2014 5:45:00 PM,95686
11/15/2014 6:00:00 AM,11/15/2014 11:00:00 AM,11/14/2014 5:45:00 AM,91408
11/15/2014 6:00:00 PM,11/15/2014 11:00:00 PM,11/14/2014 5:45:00 PM,98226
11/15/2014 7:00:00 AM,11/15/2014 12:00:00 PM,11/14/2014 5:45:00 AM,94163
11/15/2014 7:00:00 PM,11/16/2014 12:00:00 AM,11/14/2014 5:45:00 PM,98550
11/15/2014 8:00:00 AM,11/15/2014 1:00:00 PM,11/14/2014 9:45:00 AM,96719
11/15/2014 8:00:00 PM,11/16/2014 1:00:00 AM,11/14/2014 5:45:00 PM,97918
11/15/2014 9:00:00 AM,11/15/2014 2:00:00 PM,11/14/2014 9:45:00 AM,97176
11/15/2014 9:00:00 PM,11/16/2014 2:00:00 AM,11/14/2014 11:45:00 PM,95796
11/16/2014 10:00:00 AM,11/16/2014 3:00:00 PM,11/15/2014 9:45:00 AM,89361
11/16/2014 10:00:00 PM,11/17/2014 3:00:00 AM,11/15/2014 11:45:00 PM,88337
11/16/2014 11:00:00 AM,11/16/2014 4:00:00 PM,11/15/2014 11:45:00 AM,88158
11/16/2014 11:00:00 PM,11/17/2014 4:00:00 AM,11/15/2014 11:45:00 PM,84121
11/16/2014 12:00:00 AM,11/16/2014 5:00:00 AM,11/15/2014 5:45:00 AM,84253
11/16/2014 12:00:00 PM,11/16/2014 5:00:00 PM,11/15/2014 11:45:00 AM,87522
11/16/2014 1:00:00 AM,11/16/2014 6:00:00 AM,11/15/2014 5:45:00 AM,82125
11/16/2014 1:00:00 PM,11/16/2014 6:00:00 PM,11/15/2014 11:45:00 AM,86404
11/16/2014 2:00:00 AM,11/16/2014 7:00:00 AM,11/15/2014 5:45:00 AM,81132
11/16/2014 2:00:00 PM,11/16/2014 7:00:00 PM,11/15/2014 11:45:00 AM,85648
11/16/2014 3:00:00 AM,11/16/2014 8:00:00 AM,11/15/2014 5:45:00 AM,80746
11/16/2014 3:00:00 PM,11/16/2014 8:00:00 PM,11/15/2014 5:45:00 PM,85904
11/16/2014 4:00:00 AM,11/16/2014 9:00:00 AM,11/15/2014 5:45:00 AM,81265
11/16/2014 4:00:00 PM,11/16/2014 9:00:00 PM,11/15/2014 5:45:00 PM,87945
11/16/2014 5:00:00 AM,11/16/2014 10:00:00 AM,11/15/2014 5:45:00 AM,82966
11/16/2014 5:00:00 PM,11/16/2014 10:00:00 PM,11/15/2014 5:45:00 PM,93494
11/16/2014 6:00:00 AM,11/16/2014 11:00:00 AM,11/15/2014 5:45:00 AM,85651
11/16/2014 6:00:00 PM,11/16/2014 11:00:00 PM,11/15/2014 5:45:00 PM,97077
11/16/2014 7:00:00 AM,11/16/2014 12:00:00 PM,11/15/2014 5:45:00 AM,87643
11/16/2014 7:00:00 PM,11/17/2014 12:00:00 AM,11/15/2014 5:45:00 PM,97027
11/16/2014 8:00:00 AM,11/16/2014 1:00:00 PM,11/15/2014 9:45:00 AM,89852
11/16/2014 8:00:00 PM,11/17/2014 1:00:00 AM,11/15/2014 5:45:00 PM,95457
11/16/2014 9:00:00 AM,11/16/2014 2:00:00 PM,11/15/2014 9:45:00 AM,90188
11/16/2014 9:00:00 PM,11/17/2014 2:00:00 AM,11/15/2014 11:45:00 PM,92441
11/17/2014 10:00:00 AM,11/17/2014 3:00:00 PM,11/16/2014 9:45:00 AM,98503
11/17/2014 10:00:00 PM,11/18/2014 3:00:00 AM,11/16/2014 11:45:00 PM,93555
11/17/2014 11:00:00 AM,11/17/2014 4:00:00 PM,11/16/2014 11:45:00 AM,98136
11/17/2014 11:00:00 PM,11/18/2014 4:00:00 AM,11/16/2014 11:45:00 PM,88211
11/17/2014 12:00:00 AM,11/17/2014 5:00:00 AM,11/16/2014 5:45:00 AM,80010
11/17/2014 12:00:00 PM,11/17/2014 5:00:00 PM,11/16/2014 11:45:00 AM,97140
11/17/2014 1:00:00 AM,11/17/2014 6:00:00 AM,11/16/2014 5:45:00 AM,78260
11/17/2014 1:00:00 PM,11/17/2014 6:00:00 PM,11/16/2014 11:45:00 AM,96247
11/17/2014 2:00:00 AM,11/17/2014 7:00:00 AM,11/16/2014 5:45:00 AM,77707
11/17/2014 2:00:00 PM,11/17/2014 7:00:00 PM,11/16/2014 11:45:00 AM,95430
11/17/2014 3:00:00 AM,11/17/2014 8:00:00 AM,11/16/2014 5:45:00 AM,78008
11/17/2014 3:00:00 PM,11/17/2014 8:00:00 PM,11/16/2014 5:45:00 PM,96823
11/17/2014 4:00:00 AM,11/17/2014 9:00:00 AM,11/16/2014 5:45:00 AM,80144
11/17/2014 4:00:00 PM,11/17/2014 9:00:00 PM,11/16/2014 5:45:00 PM,97778
11/17/2014 5:00:00 AM,11/17/2014 10:00:00 AM,11/16/2014 5:45:00 AM,85468
11/17/2014 5:00:00 PM,11/17/2014 10:00:00 PM,11/16/2014 5:45:00 PM,102750
11/17/2014 6:00:00 AM,11/17/2014 11:00:00 AM,11/16/2014 5:45:00 AM,94151
11/17/2014 6:00:00 PM,11/17/2014 11:00:00 PM,11/16/2014 5:45:00 PM,105490
11/17/2014 7:00:00 AM,11/17/2014 12:00:00 PM,11/16/2014 5:45:00 AM,98806
11/17/2014 7:00:00 PM,11/18/2014 12:00:00 AM,11/16/2014 5:45:00 PM,105283
11/17/2014 8:00:00 AM,11/17/2014 1:00:00 PM,11/16/2014 9:45:00 AM,99266
11/17/2014 8:00:00 PM,11/18/2014 1:00:00 AM,11/16/2014 5:45:00 PM,102922
11/17/2014 9:00:00 AM,11/17/2014 2:00:00 PM,11/16/2014 9:45:00 AM,98898
11/17/2014 9:00:00 PM,11/18/2014 2:00:00 AM,11/16/2014 11:45:00 PM,98989
11/18/2014 10:00:00 AM,11/18/2014 3:00:00 PM,11/17/2014 9:45:00 AM,108923
11/18/2014 10:00:00 PM,11/19/2014 3:00:00 AM,11/17/2014 11:45:00 PM,106870
11/18/2014 11:00:00 AM,11/18/2014 4:00:00 PM,11/17/2014 11:45:00 AM,109156
11/18/2014 11:00:00 PM,11/19/2014 4:00:00 AM,11/17/2014 11:45:00 PM,101712
11/18/2014 12:00:00 AM,11/18/2014 5:00:00 AM,11/17/2014 5:45:00 AM,86399
11/18/2014 12:00:00 PM,11/18/2014 5:00:00 PM,11/17/2014 11:45:00 AM,108403
11/18/2014 1:00:00 AM,11/18/2014 6:00:00 AM,11/17/2014 5:45:00 AM,84991
11/18/2014 1:00:00 PM,11/18/2014 6:00:00 PM,11/17/2014 11:45:00 AM,108022
11/18/2014 2:00:00 AM,11/18/2014 7:00:00 AM,11/17/2014 5:45:00 AM,84810
11/18/2014 2:00:00 PM,11/18/2014 7:00:00 PM,11/17/2014 11:45:00 AM,107383
11/18/2014 3:00:00 AM,11/18/2014 8:00:00 AM,11/17/2014 5:45:00 AM,85630
11/18/2014 3:00:00 PM,11/18/2014 8:00:00 PM,11/17/2014 5:45:00 PM,107424
11/18/2014 4:00:00 AM,11/18/2014 9:00:00 AM,11/17/2014 5:45:00 AM,88317
11/18/2014 4:00:00 PM,11/18/2014 9:00:00 PM,11/17/2014 5:45:00 PM,109434
11/18/2014 5:00:00 AM,11/18/2014 10:00:00 AM,11/17/2014 5:45:00 AM,94635
11/18/2014 5:00:00 PM,11/18/2014 10:00:00 PM,11/17/2014 5:45:00 PM,115355
11/18/2014 6:00:00 AM,11/18/2014 11:00:00 AM,11/17/2014 5:45:00 AM,104416
11/18/2014 6:00:00 PM,11/18/2014 11:00:00 PM,11/17/2014 5:45:00 PM,119281
11/18/2014 7:00:00 AM,11/18/2014 12:00:00 PM,11/17/2014 5:45:00 AM,109125
11/18/2014 7:00:00 PM,11/19/2014 12:00:00 AM,11/17/2014 5:45:00 PM,119119
11/18/2014 8:00:00 AM,11/18/2014 1:00:00 PM,11/17/2014 9:45:00 AM,110564
11/18/2014 8:00:00 PM,11/19/2014 1:00:00 AM,11/17/2014 5:45:00 PM,116984
11/18/2014 9:00:00 AM,11/18/2014 2:00:00 PM,11/17/2014 9:45:00 AM,109724
11/18/2014 9:00:00 PM,11/19/2014 2:00:00 AM,11/17/2014 11:45:00 PM,112454
11/19/2014 10:00:00 AM,11/19/2014 3:00:00 PM,11/18/2014 9:45:00 AM,112116
11/19/2014 10:00:00 PM,11/20/2014 3:00:00 AM,11/18/2014 11:45:00 PM,104047
11/19/2014 11:00:00 AM,11/19/2014 4:00:00 PM,11/18/2014 11:45:00 AM,111244
11/19/2014 11:00:00 PM,11/20/2014 4:00:00 AM,11/18/2014 11:45:00 PM,98012
11/19/2014 12:00:00 AM,11/19/2014 5:00:00 AM,11/18/2014 5:45:00 AM,97340
11/19/2014 12:00:00 PM,11/19/2014 5:00:00 PM,11/18/2014 11:45:00 AM,109274
11/19/2014 1:00:00 AM,11/19/2014 6:00:00 AM,11/18/2014 5:45:00 AM,95738
11/19/2014 1:00:00 PM,11/19/2014 6:00:00 PM,11/18/2014 11:45:00 AM,107733
11/19/2014 2:00:00 AM,11/19/2014 7:00:00 AM,11/18/2014 5:45:00 AM,95476
11/19/2014 2:00:00 PM,11/19/2014 7:00:00 PM,11/18/2014 11:45:00 AM,106522
11/19/2014 3:00:00 AM,11/19/2014 8:00:00 AM,11/18/2014 5:45:00 AM,96005
11/19/2014 3:00:00 PM,11/19/2014 8:00:00 PM,11/18/2014 5:45:00 PM,105355
11/19/2014 4:00:00 AM,11/19/2014 9:00:00 AM,11/18/2014 5:45:00 AM,98256
11/19/2014 4:00:00 PM,11/19/2014 9:00:00 PM,11/18/2014 5:45:00 PM,107702
11/19/2014 5:00:00 AM,11/19/2014 10:00:00 AM,11/18/2014 5:45:00 AM,104000
11/19/2014 5:00:00 PM,11/19/2014 10:00:00 PM,11/18/2014 5:45:00 PM,112932
11/19/2014 6:00:00 AM,11/19/2014 11:00:00 AM,11/18/2014 5:45:00 AM,112930
11/19/2014 6:00:00 PM,11/19/2014 11:00:00 PM,11/18/2014 5:45:00 PM,115413
11/19/2014 7:00:00 AM,11/19/2014 12:00:00 PM,11/18/2014 5:45:00 AM,116776
11/19/2014 7:00:00 PM,11/20/2014 12:00:00 AM,11/18/2014 5:45:00 PM,115401
11/19/2014 8:00:00 AM,11/19/2014 1:00:00 PM,11/18/2014 9:45:00 AM,117207
11/19/2014 8:00:00 PM,11/20/2014 1:00:00 AM,11/18/2014 5:45:00 PM,113913
11/19/2014 9:00:00 AM,11/19/2014 2:00:00 PM,11/18/2014 9:45:00 AM,114499
11/19/2014 9:00:00 PM,11/20/2014 2:00:00 AM,11/18/2014 11:45:00 PM,110255
11/2/2014 10:00:00 AM,11/2/2014 3:00:00 PM,11/1/2014 9:45:00 AM,81849
11/2/2014 10:00:00 PM,11/3/2014 3:00:00 AM,11/1/2014 11:45:00 PM,87196
11/2/2014 11:00:00 AM,11/2/2014 4:00:00 PM,11/1/2014 11:45:00 AM,81732
11/2/2014 11:00:00 PM,11/3/2014 4:00:00 AM,11/1/2014 11:45:00 PM,83241
11/2/2014 12:00:00 AM,11/2/2014 4:00:00 AM,11/1/2014 5:45:00 AM,74180
11/2/2014 12:00:00 PM,11/2/2014 5:00:00 PM,11/1/2014 11:45:00 AM,81018
11/2/2014 1:00:00 AM,11/2/2014 6:00:00 AM,11/1/2014 5:00:00 AM,74180
11/2/2014 1:00:00 PM,11/2/2014 6:00:00 PM,11/1/2014 11:45:00 AM,80411
11/2/2014 2:00:00 AM,11/2/2014 7:00:00 AM,11/1/2014 5:45:00 AM,71708
11/2/2014 2:00:00 PM,11/2/2014 7:00:00 PM,11/1/2014 11:45:00 AM,79432
11/2/2014 3:00:00 AM,11/2/2014 8:00:00 AM,11/1/2014 5:45:00 AM,70695
11/2/2014 3:00:00 PM,11/2/2014 8:00:00 PM,11/1/2014 5:45:00 PM,78522
11/2/2014 4:00:00 AM,11/2/2014 9:00:00 AM,11/1/2014 5:45:00 AM,70329
11/2/2014 4:00:00 PM,11/2/2014 9:00:00 PM,11/1/2014 5:45:00 PM,78233
11/2/2014 5:00:00 AM,11/2/2014 10:00:00 AM,11/1/2014 5:45:00 AM,70849
11/2/2014 5:00:00 PM,11/2/2014 10:00:00 PM,11/1/2014 5:45:00 PM,79494
11/2/2014 6:00:00 AM,11/2/2014 11:00:00 AM,11/1/2014 5:45:00 AM,72383
11/2/2014 6:00:00 PM,11/2/2014 11:00:00 PM,11/1/2014 5:45:00 PM,82546
11/2/2014 7:00:00 AM,11/2/2014 12:00:00 PM,11/1/2014 5:45:00 AM,75143
11/2/2014 7:00:00 PM,11/3/2014 12:00:00 AM,11/1/2014 5:45:00 PM,86300
11/2/2014 8:00:00 AM,11/2/2014 1:00:00 PM,11/1/2014 9:45:00 AM,78185
11/2/2014 8:00:00 PM,11/3/2014 1:00:00 AM,11/1/2014 5:45:00 PM,89227
11/2/2014 9:00:00 AM,11/2/2014 2:00:00 PM,11/1/2014 9:45:00 AM,80574
11/2/2014 9:00:00 PM,11/3/2014 2:00:00 AM,11/1/2014 11:45:00 PM,89687
11/20/2014 10:00:00 AM,11/20/2014 3:00:00 PM,11/19/2014 9:45:00 AM,107633
11/20/2014 10:00:00 PM,11/21/2014 3:00:00 AM,11/19/2014 11:45:00 PM,102490
11/20/2014 11:00:00 AM,11/20/2014 4:00:00 PM,11/19/2014 11:45:00 AM,105721
11/20/2014 11:00:00 PM,11/21/2014 4:00:00 AM,11/19/2014 11:45:00 PM,97008
11/20/2014 12:00:00 AM,11/20/2014 5:00:00 AM,11/19/2014 5:45:00 AM,92321
11/20/2014 12:00:00 PM,11/20/2014 5:00:00 PM,11/19/2014 11:45:00 AM,104136
11/20/2014 1:00:00 AM,11/20/2014 6:00:00 AM,11/19/2014 5:45:00 AM,90354
11/20/2014 1:00:00 PM,11/20/2014 6:00:00 PM,11/19/2014 11:45:00 AM,103059
11/20/2014 2:00:00 AM,11/20/2014 7:00:00 AM,11/19/2014 5:45:00 AM,89800
11/20/2014 2:00:00 PM,11/20/2014 7:00:00 PM,11/19/2014 11:45:00 AM,102096
11/20/2014 3:00:00 AM,11/20/2014 8:00:00 AM,11/19/2014 5:45:00 AM,90049
11/20/2014 3:00:00 PM,11/20/2014 8:00:00 PM,11/19/2014 5:45:00 PM,101845
11/20/2014 4:00:00 AM,11/20/2014 9:00:00 AM,11/19/2014 5:45:00 AM,92266
11/20/2014 4:00:00 PM,11/20/2014 9:00:00 PM,11/19/2014 5:45:00 PM,104089
11/20/2014 5:00:00 AM,11/20/2014 10:00:00 AM,11/19/2014 5:45:00 AM,97745
11/20/2014 5:00:00 PM,11/20/2014 10:00:00 PM,11/19/2014 5:45:00 PM,109692
11/20/2014 6:00:00 AM,11/20/2014 11:00:00 AM,11/19/2014 5:45:00 AM,107007
11/20/2014 6:00:00 PM,11/20/2014 11:00:00 PM,11/19/2014 5:45:00 PM,112734
11/20/2014 7:00:00 AM,11/20/2014 12:00:00 PM,11/19/2014 5:45:00 AM,111284
11/20/2014 7:00:00 PM,11/21/2014 12:00:00 AM,11/19/2014 5:45:00 PM,112885
11/20/2014 8:00:00 AM,11/20/2014 1:00:00 PM,11/19/2014 9:45:00 AM,111114
11/20/2014 8:00:00 PM,11/21/2014 1:00:00 AM,11/19/2014 5:45:00 PM,111749
11/20/2014 9:00:00 AM,11/20/2014 2:00:00 PM,11/19/2014 9:45:00 AM,109287
11/20/2014 9:00:00 PM,11/21/2014 2:00:00 AM,11/19/2014 11:45:00 PM,108003
11/21/2014 10:00:00 AM,11/21/2014 3:00:00 PM,11/20/2014 9:45:00 AM,108220
11/21/2014 10:00:00 PM,11/22/2014 3:00:00 AM,11/20/2014 11:45:00 PM,100620
11/21/2014 11:00:00 AM,11/21/2014 4:00:00 PM,11/20/2014 11:45:00 AM,106545
11/21/2014 11:00:00 PM,11/22/2014 4:00:00 AM,11/20/2014 11:45:00 PM,95727
11/21/2014 12:00:00 AM,11/21/2014 5:00:00 AM,11/20/2014 5:45:00 AM,92712
11/21/2014 12:00:00 PM,11/21/2014 5:00:00 PM,11/20/2014 11:45:00 AM,104761
11/21/2014 1:00:00 AM,11/21/2014 6:00:00 AM,11/20/2014 5:45:00 AM,90950
11/21/2014 1:00:00 PM,11/21/2014 6:00:00 PM,11/20/2014 11:45:00 AM,103541
11/21/2014 2:00:00 AM,11/21/2014 7:00:00 AM,11/20/2014 5:45:00 AM,90450
11/21/2014 2:00:00 PM,11/21/2014 7:00:00 PM,11/20/2014 11:45:00 AM,102495
11/21/2014 3:00:00 AM,11/21/2014 8:00:00 AM,11/20/2014 5:45:00 AM,90971
11/21/2014 3:00:00 PM,11/21/2014 8:00:00 PM,11/20/2014 5:45:00 PM,102176
11/21/2014 4:00:00 AM,11/21/2014 9:00:00 AM,11/20/2014 5:45:00 AM,93169
11/21/2014 4:00:00 PM,11/21/2014 9:00:00 PM,11/20/2014 5:45:00 PM,104102
11/21/2014 5:00:00 AM,11/21/2014 10:00:00 AM,11/20/2014 5:45:00 AM,98728
11/21/2014 5:00:00 PM,11/21/2014 10:00:00 PM,11/20/2014 5:45:00 PM,108986
11/21/2014 6:00:00 AM,11/21/2014 11:00:00 AM,11/20/2014 5:45:00 AM,107557
11/21/2014 6:00:00 PM,11/21/2014 11:00:00 PM,11/20/2014 5:45:00 PM,111197
11/21/2014 7:00:00 AM,11/21/2014 12:00:00 PM,11/20/2014 5:45:00 AM,111983
11/21/2014 7:00:00 PM,11/22/2014 12:00:00 AM,11/20/2014 5:45:00 PM,110491
11/21/2014 8:00:00 AM,11/21/2014 1:00:00 PM,11/20/2014 9:45:00 AM,111982
11/21/2014 8:00:00 PM,11/22/2014 1:00:00 AM,11/20/2014 5:45:00 PM,108830
11/21/2014 9:00:00 AM,11/21/2014 2:00:00 PM,11/20/2014 9:45:00 AM,110038
11/21/2014 9:00:00 PM,11/22/2014 2:00:00 AM,11/20/2014 11:45:00 PM,105038
11/22/2014 10:00:00 AM,11/22/2014 3:00:00 PM,11/21/2014 9:45:00 AM,96012
11/22/2014 10:00:00 PM,11/23/2014 3:00:00 AM,11/21/2014 11:45:00 PM,88967
11/22/2014 11:00:00 AM,11/22/2014 4:00:00 PM,11/21/2014 11:45:00 AM,93590
11/22/2014 11:00:00 PM,11/23/2014 4:00:00 AM,11/21/2014 11:45:00 PM,84718
11/22/2014 12:00:00 AM,11/22/2014 5:00:00 AM,11/21/2014 5:45:00 AM,91074
11/22/2014 12:00:00 PM,11/22/2014 5:00:00 PM,11/21/2014 11:45:00 AM,91033
11/22/2014 1:00:00 AM,11/22/2014 6:00:00 AM,11/21/2014 5:45:00 AM,88845
11/22/2014 1:00:00 PM,11/22/2014 6:00:00 PM,11/21/2014 11:45:00 AM,88715
11/22/2014 2:00:00 AM,11/22/2014 7:00:00 AM,11/21/2014 5:45:00 AM,87956
11/22/2014 2:00:00 PM,11/22/2014 7:00:00 PM,11/21/2014 11:45:00 AM,87171
11/22/2014 3:00:00 AM,11/22/2014 8:00:00 AM,11/21/2014 5:45:00 AM,87788
11/22/2014 3:00:00 PM,11/22/2014 8:00:00 PM,11/21/2014 5:45:00 PM,86868
11/22/2014 4:00:00 AM,11/22/2014 9:00:00 AM,11/21/2014 5:45:00 AM,88639
11/22/2014 4:00:00 PM,11/22/2014 9:00:00 PM,11/21/2014 5:45:00 PM,89133
11/22/2014 5:00:00 AM,11/22/2014 10:00:00 AM,11/21/2014 5:45:00 AM,91029
11/22/2014 5:00:00 PM,11/22/2014 10:00:00 PM,11/21/2014 5:45:00 PM,94398
11/22/2014 6:00:00 AM,11/22/2014 11:00:00 AM,11/21/2014 5:45:00 AM,94509
11/22/2014 6:00:00 PM,11/22/2014 11:00:00 PM,11/21/2014 5:45:00 PM,96447
11/22/2014 7:00:00 AM,11/22/2014 12:00:00 PM,11/21/2014 5:45:00 AM,96872
11/22/2014 7:00:00 PM,11/23/2014 12:00:00 AM,11/21/2014 5:45:00 PM,96030
11/22/2014 8:00:00 AM,11/22/2014 1:00:00 PM,11/21/2014 9:45:00 AM,98314
11/22/2014 8:00:00 PM,11/23/2014 1:00:00 AM,11/21/2014 5:45:00 PM,95015
11/22/2014 9:00:00 AM,11/22/2014 2:00:00 PM,11/21/2014 9:45:00 AM,97795
11/22/2014 9:00:00 PM,11/23/2014 2:00:00 AM,11/21/2014 11:45:00 PM,92716
11/23/2014 10:00:00 AM,11/23/2014 3:00:00 PM,11/22/2014 9:45:00 AM,84152
11/23/2014 10:00:00 PM,11/24/2014 3:00:00 AM,11/22/2014 11:45:00 PM,82396
11/23/2014 11:00:00 AM,11/23/2014 4:00:00 PM,11/22/2014 11:45:00 AM,83336
11/23/2014 11:00:00 PM,11/24/2014 4:00:00 AM,11/22/2014 11:45:00 PM,77625
11/23/2014 12:00:00 AM,11/23/2014 5:00:00 AM,11/22/2014 5:45:00 AM,79268
11/23/2014 12:00:00 PM,11/23/2014 5:00:00 PM,11/22/2014 11:45:00 AM,82693
11/23/2014 1:00:00 AM,11/23/2014 6:00:00 AM,11/22/2014 5:45:00 AM,76921
11/23/2014 1:00:00 PM,11/23/2014 6:00:00 PM,11/22/2014 11:45:00 AM,81886
11/23/2014 2:00:00 AM,11/23/2014 7:00:00 AM,11/22/2014 5:45:00 AM,75721
11/23/2014 2:00:00 PM,11/23/2014 7:00:00 PM,11/22/2014 11:45:00 AM,81493
11/23/2014 3:00:00 AM,11/23/2014 8:00:00 AM,11/22/2014 5:45:00 AM,75223
11/23/2014 3:00:00 PM,11/23/2014 8:00:00 PM,11/22/2014 5:45:00 PM,81751
11/23/2014 4:00:00 AM,11/23/2014 9:00:00 AM,11/22/2014 5:45:00 AM,75633
11/23/2014 4:00:00 PM,11/23/2014 9:00:00 PM,11/22/2014 5:45:00 PM,84429
11/23/2014 5:00:00 AM,11/23/2014 10:00:00 AM,11/22/2014 5:45:00 AM,77239
11/23/2014 5:00:00 PM,11/23/2014 10:00:00 PM,11/22/2014 5:45:00 PM,90173
11/23/2014 6:00:00 AM,11/23/2014 11:00:00 AM,11/22/2014 5:45:00 AM,80011
11/23/2014 6:00:00 PM,11/23/2014 11:00:00 PM,11/22/2014 5:45:00 PM,92133
11/23/2014 7:00:00 AM,11/23/2014 12:00:00 PM,11/22/2014 5:45:00 AM,81918
11/23/2014 7:00:00 PM,11/24/2014 12:00:00 AM,11/22/2014 5:45:00 PM,91831
11/23/2014 8:00:00 AM,11/23/2014 1:00:00 PM,11/22/2014 9:45:00 AM,83817
11/23/2014 8:00:00 PM,11/24/2014 1:00:00 AM,11/22/2014 5:45:00 PM,90721
11/23/2014 9:00:00 AM,11/23/2014 2:00:00 PM,11/22/2014 9:45:00 AM,84656
11/23/2014 9:00:00 PM,11/24/2014 2:00:00 AM,11/22/2014 11:45:00 PM,87102
11/24/2014 10:00:00 AM,11/24/2014 3:00:00 PM,11/23/2014 9:45:00 AM,90982
11/24/2014 10:00:00 PM,11/25/2014 3:00:00 AM,11/23/2014 11:45:00 PM,85363
11/24/2014 11:00:00 AM,11/24/2014 4:00:00 PM,11/23/2014 11:45:00 AM,91219
11/24/2014 11:00:00 PM,11/25/2014 4:00:00 AM,11/23/2014 11:45:00 PM,79064
11/24/2014 12:00:00 AM,11/24/2014 5:00:00 AM,11/23/2014 5:45:00 AM,70738
11/24/2014 12:00:00 PM,11/24/2014 5:00:00 PM,11/23/2014 11:45:00 AM,91122
11/24/2014 1:00:00 AM,11/24/2014 6:00:00 AM,11/23/2014 5:45:00 AM,68434
11/24/2014 1:00:00 PM,11/24/2014 6:00:00 PM,11/23/2014 11:45:00 AM,91210
11/24/2014 2:00:00 AM,11/24/2014 7:00:00 AM,11/23/2014 5:45:00 AM,67424
11/24/2014 2:00:00 PM,11/24/2014 7:00:00 PM,11/23/2014 11:45:00 AM,90994
11/24/2014 3:00:00 AM,11/24/2014 8:00:00 AM,11/23/2014 5:45:00 AM,67353
11/24/2014 3:00:00 PM,11/24/2014 8:00:00 PM,11/23/2014 5:45:00 PM,91027
11/24/2014 4:00:00 AM,11/24/2014 9:00:00 AM,11/23/2014 5:45:00 AM,69055
11/24/2014 4:00:00 PM,11/24/2014 9:00:00 PM,11/23/2014 5:45:00 PM,93340
11/24/2014 5:00:00 AM,11/24/2014 10:00:00 AM,11/23/2014 5:45:00 AM,74126
11/24/2014 5:00:00 PM,11/24/2014 10:00:00 PM,11/23/2014 5:45:00 PM,98953
11/24/2014 6:00:00 AM,11/24/2014 11:00:00 AM,11/23/2014 5:45:00 AM,83169
11/24/2014 6:00:00 PM,11/24/2014 11:00:00 PM,11/23/2014 5:45:00 PM,99879
11/24/2014 7:00:00 AM,11/24/2014 12:00:00 PM,11/23/2014 5:45:00 AM,88572
11/24/2014 7:00:00 PM,11/25/2014 12:00:00 AM,11/23/2014 5:45:00 PM,98455
11/24/2014 8:00:00 AM,11/24/2014 1:00:00 PM,11/23/2014 9:45:00 AM,89598
11/24/2014 8:00:00 PM,11/25/2014 1:00:00 AM,11/23/2014 5:45:00 PM,95783
11/24/2014 9:00:00 AM,11/24/2014 2:00:00 PM,11/23/2014 9:45:00 AM,90213
11/24/2014 9:00:00 PM,11/25/2014 2:00:00 AM,11/23/2014 11:45:00 PM,91424
11/25/2014 10:00:00 AM,11/25/2014 3:00:00 PM,11/24/2014 9:45:00 AM,92821
11/25/2014 10:00:00 PM,11/26/2014 3:00:00 AM,11/24/2014 11:45:00 PM,90966
11/25/2014 11:00:00 AM,11/25/2014 4:00:00 PM,11/24/2014 11:45:00 AM,92691
11/25/2014 11:00:00 PM,11/26/2014 4:00:00 AM,11/24/2014 11:45:00 PM,85201
11/25/2014 12:00:00 AM,11/25/2014 5:00:00 AM,11/24/2014 5:45:00 AM,74351
11/25/2014 12:00:00 PM,11/25/2014 5:00:00 PM,11/24/2014 11:45:00 AM,92088
11/25/2014 1:00:00 AM,11/25/2014 6:00:00 AM,11/24/2014 5:45:00 AM,71882
11/25/2014 1:00:00 PM,11/25/2014 6:00:00 PM,11/24/2014 11:45:00 AM,91830
11/25/2014 2:00:00 AM,11/25/2014 7:00:00 AM,11/24/2014 5:45:00 AM,70680
11/25/2014 2:00:00 PM,11/25/2014 7:00:00 PM,11/24/2014 11:45:00 AM,91380
11/25/2014 3:00:00 AM,11/25/2014 8:00:00 AM,11/24/2014 5:45:00 AM,70473
11/25/2014 3:00:00 PM,11/25/2014 8:00:00 PM,11/24/2014 5:45:00 PM,91710
11/25/2014 4:00:00 AM,11/25/2014 9:00:00 AM,11/24/2014 5:45:00 AM,72140
11/25/2014 4:00:00 PM,11/25/2014 9:00:00 PM,11/24/2014 5:45:00 PM,94535
11/25/2014 5:00:00 AM,11/25/2014 10:00:00 AM,11/24/2014 5:45:00 AM,77331
11/25/2014 5:00:00 PM,11/25/2014 10:00:00 PM,11/24/2014 5:45:00 PM,100959
11/25/2014 6:00:00 AM,11/25/2014 11:00:00 AM,11/24/2014 5:45:00 AM,86629
11/25/2014 6:00:00 PM,11/25/2014 11:00:00 PM,11/24/2014 5:45:00 PM,102963
11/25/2014 7:00:00 AM,11/25/2014 12:00:00 PM,11/24/2014 5:45:00 AM,91841
11/25/2014 7:00:00 PM,11/26/2014 12:00:00 AM,11/24/2014 5:45:00 PM,102345
11/25/2014 8:00:00 AM,11/25/2014 1:00:00 PM,11/24/2014 9:45:00 AM,92478
11/25/2014 8:00:00 PM,11/26/2014 1:00:00 AM,11/24/2014 5:45:00 PM,100440
11/25/2014 9:00:00 AM,11/25/2014 2:00:00 PM,11/24/2014 9:45:00 AM,92652
11/25/2014 9:00:00 PM,11/26/2014 2:00:00 AM,11/24/2014 11:45:00 PM,96723
11/26/2014 10:00:00 AM,11/26/2014 3:00:00 PM,11/25/2014 9:45:00 AM,101593
11/26/2014 10:00:00 PM,11/27/2014 3:00:00 AM,11/25/2014 11:45:00 PM,97111
11/26/2014 11:00:00 AM,11/26/2014 4:00:00 PM,11/25/2014 11:45:00 AM,101076
11/26/2014 11:00:00 PM,11/27/2014 4:00:00 AM,11/25/2014 11:45:00 PM,90964
11/26/2014 12:00:00 AM,11/26/2014 5:00:00 AM,11/25/2014 5:45:00 AM,80422
11/26/2014 12:00:00 PM,11/26/2014 5:00:00 PM,11/25/2014 11:45:00 AM,100580
11/26/2014 1:00:00 AM,11/26/2014 6:00:00 AM,11/25/2014 5:45:00 AM,78253
11/26/2014 1:00:00 PM,11/26/2014 6:00:00 PM,11/25/2014 11:45:00 AM,100527
11/26/2014 2:00:00 AM,11/26/2014 7:00:00 AM,11/25/2014 5:45:00 AM,77445
11/26/2014 2:00:00 PM,11/26/2014 7:00:00 PM,11/25/2014 11:45:00 AM,100117
11/26/2014 3:00:00 AM,11/26/2014 8:00:00 AM,11/25/2014 5:45:00 AM,77614
11/26/2014 3:00:00 PM,11/26/2014 8:00:00 PM,11/25/2014 5:45:00 PM,100583
11/26/2014 4:00:00 AM,11/26/2014 9:00:00 AM,11/25/2014 5:45:00 AM,79498
11/26/2014 4:00:00 PM,11/26/2014 9:00:00 PM,11/25/2014 5:45:00 PM,103375
11/26/2014 5:00:00 AM,11/26/2014 10:00:00 AM,11/25/2014 5:45:00 AM,85094
11/26/2014 5:00:00 PM,11/26/2014 10:00:00 PM,11/25/2014 5:45:00 PM,109517
11/26/2014 6:00:00 AM,11/26/2014 11:00:00 AM,11/25/2014 5:45:00 AM,94513
11/26/2014 6:00:00 PM,11/26/2014 11:00:00 PM,11/25/2014 5:45:00 PM,110720
11/26/2014 7:00:00 AM,11/26/2014 12:00:00 PM,11/25/2014 5:45:00 AM,99854
11/26/2014 7:00:00 PM,11/27/2014 12:00:00 AM,11/25/2014 5:45:00 PM,109303
11/26/2014 8:00:00 AM,11/26/2014 1:00:00 PM,11/25/2014 9:45:00 AM,101552
11/26/2014 8:00:00 PM,11/27/2014 1:00:00 AM,11/25/2014 5:45:00 PM,107136
11/26/2014 9:00:00 AM,11/26/2014 2:00:00 PM,11/25/2014 9:45:00 AM,101638
11/26/2014 9:00:00 PM,11/27/2014 2:00:00 AM,11/25/2014 11:45:00 PM,103158
11/27/2014 10:00:00 AM,11/27/2014 3:00:00 PM,11/26/2014 9:45:00 AM,96485
11/27/2014 10:00:00 PM,11/28/2014 3:00:00 AM,11/26/2014 11:45:00 PM,87094
11/27/2014 11:00:00 AM,11/27/2014 4:00:00 PM,11/26/2014 11:45:00 AM,96713
11/27/2014 11:00:00 PM,11/28/2014 4:00:00 AM,11/26/2014 11:45:00 PM,83892
11/27/2014 12:00:00 AM,11/27/2014 5:00:00 AM,11/26/2014 5:45:00 AM,88270
11/27/2014 12:00:00 PM,11/27/2014 5:00:00 PM,11/26/2014 11:45:00 AM,94403
11/27/2014 1:00:00 AM,11/27/2014 6:00:00 AM,11/26/2014 5:45:00 AM,85476
11/27/2014 1:00:00 PM,11/27/2014 6:00:00 PM,11/26/2014 11:45:00 AM,91352
11/27/2014 2:00:00 AM,11/27/2014 7:00:00 AM,11/26/2014 5:45:00 AM,83880
11/27/2014 2:00:00 PM,11/27/2014 7:00:00 PM,11/26/2014 11:45:00 AM,88858
11/27/2014 3:00:00 AM,11/27/2014 8:00:00 AM,11/26/2014 5:45:00 AM,83345
11/27/2014 3:00:00 PM,11/27/2014 8:00:00 PM,11/26/2014 5:45:00 PM,86480
11/27/2014 4:00:00 AM,11/27/2014 9:00:00 AM,11/26/2014 5:45:00 AM,83894
11/27/2014 4:00:00 PM,11/27/2014 9:00:00 PM,11/26/2014 5:45:00 PM,87338
11/27/2014 5:00:00 AM,11/27/2014 10:00:00 AM,11/26/2014 5:45:00 AM,85735
11/27/2014 5:00:00 PM,11/27/2014 10:00:00 PM,11/26/2014 5:45:00 PM,91852
11/27/2014 6:00:00 AM,11/27/2014 11:00:00 AM,11/26/2014 5:45:00 AM,88528
11/27/2014 6:00:00 PM,11/27/2014 11:00:00 PM,11/26/2014 5:45:00 PM,92871
11/27/2014 7:00:00 AM,11/27/2014 12:00:00 PM,11/26/2014 5:45:00 AM,90784
11/27/2014 7:00:00 PM,11/28/2014 12:00:00 AM,11/26/2014 5:45:00 PM,93002
11/27/2014 8:00:00 AM,11/27/2014 1:00:00 PM,11/26/2014 9:45:00 AM,93664
11/27/2014 8:00:00 PM,11/28/2014 1:00:00 AM,11/26/2014 5:45:00 PM,92965
11/27/2014 9:00:00 AM,11/27/2014 2:00:00 PM,11/26/2014 9:45:00 AM,95609
11/27/2014 9:00:00 PM,11/28/2014 2:00:00 AM,11/26/2014 11:45:00 PM,89326
11/28/2014 10:00:00 AM,11/28/2014 3:00:00 PM,11/27/2014 9:45:00 AM,93065
11/28/2014 10:00:00 PM,11/29/2014 3:00:00 AM,11/27/2014 11:45:00 PM,92514
11/28/2014 11:00:00 AM,11/28/2014 4:00:00 PM,11/27/2014 11:45:00 AM,92323
11/28/2014 11:00:00 PM,11/29/2014 4:00:00 AM,11/27/2014 11:45:00 PM,88314
11/28/2014 12:00:00 AM,11/28/2014 5:00:00 AM,11/27/2014 5:45:00 AM,84212
11/28/2014 12:00:00 PM,11/28/2014 5:00:00 PM,11/27/2014 11:45:00 AM,90652
11/28/2014 1:00:00 AM,11/28/2014 6:00:00 AM,11/27/2014 5:45:00 AM,82369
11/28/2014 1:00:00 PM,11/28/2014 6:00:00 PM,11/27/2014 11:45:00 AM,89289
11/28/2014 2:00:00 AM,11/28/2014 7:00:00 AM,11/27/2014 5:45:00 AM,81644
11/28/2014 2:00:00 PM,11/28/2014 7:00:00 PM,11/27/2014 11:45:00 AM,88195
11/28/2014 3:00:00 AM,11/28/2014 8:00:00 AM,11/27/2014 5:45:00 AM,81809
11/28/2014 3:00:00 PM,11/28/2014 8:00:00 PM,11/27/2014 5:45:00 PM,88555
11/28/2014 4:00:00 AM,11/28/2014 9:00:00 AM,11/27/2014 5:45:00 AM,83143
11/28/2014 4:00:00 PM,11/28/2014 9:00:00 PM,11/27/2014 5:45:00 PM,91516
11/28/2014 5:00:00 AM,11/28/2014 10:00:00 AM,11/27/2014 5:45:00 AM,86087
11/28/2014 5:00:00 PM,11/28/2014 10:00:00 PM,11/27/2014 5:45:00 PM,98677
11/28/2014 6:00:00 AM,11/28/2014 11:00:00 AM,11/27/2014 5:45:00 AM,89944
11/28/2014 6:00:00 PM,11/28/2014 11:00:00 PM,11/27/2014 5:45:00 PM,100221
11/28/2014 7:00:00 AM,11/28/2014 12:00:00 PM,11/27/2014 5:45:00 AM,92890
11/28/2014 7:00:00 PM,11/29/2014 12:00:00 AM,11/27/2014 5:45:00 PM,99573
11/28/2014 8:00:00 AM,11/28/2014 1:00:00 PM,11/27/2014 9:45:00 AM,94172
11/28/2014 8:00:00 PM,11/29/2014 1:00:00 AM,11/27/2014 5:45:00 PM,98788
11/28/2014 9:00:00 AM,11/28/2014 2:00:00 PM,11/27/2014 9:45:00 AM,93934
11/28/2014 9:00:00 PM,11/29/2014 2:00:00 AM,11/27/2014 11:45:00 PM,95835
11/29/2014 10:00:00 AM,11/29/2014 3:00:00 PM,11/28/2014 9:45:00 AM,93668
11/29/2014 10:00:00 PM,11/30/2014 3:00:00 AM,11/28/2014 11:45:00 PM,88313
11/29/2014 11:00:00 AM,11/29/2014 4:00:00 PM,11/28/2014 11:45:00 AM,91296
11/29/2014 11:00:00 PM,11/30/2014 4:00:00 AM,11/28/2014 11:45:00 PM,84206
11/29/2014 12:00:00 AM,11/29/2014 5:00:00 AM,11/28/2014 5:45:00 AM,87201
11/29/2014 12:00:00 PM,11/29/2014 5:00:00 PM,11/28/2014 11:45:00 AM,88914
11/29/2014 1:00:00 AM,11/29/2014 6:00:00 AM,11/28/2014 5:45:00 AM,84971
11/29/2014 1:00:00 PM,11/29/2014 6:00:00 PM,11/28/2014 11:45:00 AM,86665
11/29/2014 2:00:00 AM,11/29/2014 7:00:00 AM,11/28/2014 5:45:00 AM,83991
11/29/2014 2:00:00 PM,11/29/2014 7:00:00 PM,11/28/2014 11:45:00 AM,85304
11/29/2014 3:00:00 AM,11/29/2014 8:00:00 AM,11/28/2014 5:45:00 AM,83742
11/29/2014 3:00:00 PM,11/29/2014 8:00:00 PM,11/28/2014 5:45:00 PM,85179
11/29/2014 4:00:00 AM,11/29/2014 9:00:00 AM,11/28/2014 5:45:00 AM,84547
11/29/2014 4:00:00 PM,11/29/2014 9:00:00 PM,11/28/2014 5:45:00 PM,88104
11/29/2014 5:00:00 AM,11/29/2014 10:00:00 AM,11/28/2014 5:45:00 AM,86757
11/29/2014 5:00:00 PM,11/29/2014 10:00:00 PM,11/28/2014 5:45:00 PM,94357
11/29/2014 6:00:00 AM,11/29/2014 11:00:00 AM,11/28/2014 5:45:00 AM,90076
11/29/2014 6:00:00 PM,11/29/2014 11:00:00 PM,11/28/2014 5:45:00 PM,96028
11/29/2014 7:00:00 AM,11/29/2014 12:00:00 PM,11/28/2014 5:45:00 AM,92793
11/29/2014 7:00:00 PM,11/30/2014 12:00:00 AM,11/28/2014 5:45:00 PM,95222
11/29/2014 8:00:00 AM,11/29/2014 1:00:00 PM,11/28/2014 9:45:00 AM,94589
11/29/2014 8:00:00 PM,11/30/2014 1:00:00 AM,11/28/2014 5:45:00 PM,93952
11/29/2014 9:00:00 AM,11/29/2014 2:00:00 PM,11/28/2014 9:45:00 AM,94775
11/29/2014 9:00:00 PM,11/30/2014 2:00:00 AM,11/28/2014 11:45:00 PM,92054
11/3/2014 10:00:00 AM,11/3/2014 3:00:00 PM,11/2/2014 9:45:00 AM,95303
11/3/2014 10:00:00 PM,11/4/2014 3:00:00 AM,11/2/2014 11:45:00 PM,90535
11/3/2014 11:00:00 AM,11/3/2014 4:00:00 PM,11/2/2014 11:45:00 AM,93814
11/3/2014 11:00:00 PM,11/4/2014 4:00:00 AM,11/2/2014 11:45:00 PM,84905
11/3/2014 12:00:00 AM,11/3/2014 5:00:00 AM,11/2/2014 5:45:00 AM,78437
11/3/2014 12:00:00 PM,11/3/2014 5:00:00 PM,11/2/2014 11:45:00 AM,92068
11/3/2014 1:00:00 AM,11/3/2014 6:00:00 AM,11/2/2014 5:45:00 AM,75580
11/3/2014 1:00:00 PM,11/3/2014 6:00:00 PM,11/2/2014 11:45:00 AM,90407
11/3/2014 2:00:00 AM,11/3/2014 7:00:00 AM,11/2/2014 5:45:00 AM,73999
11/3/2014 2:00:00 PM,11/3/2014 7:00:00 PM,11/2/2014 11:45:00 AM,89160
11/3/2014 3:00:00 AM,11/3/2014 8:00:00 AM,11/2/2014 5:45:00 AM,73787
11/3/2014 3:00:00 PM,11/3/2014 8:00:00 PM,11/2/2014 5:45:00 PM,87925
11/3/2014 4:00:00 AM,11/3/2014 9:00:00 AM,11/2/2014 5:45:00 AM,74346
11/3/2014 4:00:00 PM,11/3/2014 9:00:00 PM,11/2/2014 5:45:00 PM,86992
11/3/2014 5:00:00 AM,11/3/2014 10:00:00 AM,11/2/2014 5:45:00 AM,76619
11/3/2014 5:00:00 PM,11/3/2014 10:00:00 PM,11/2/2014 5:45:00 PM,87580
11/3/2014 6:00:00 AM,11/3/2014 11:00:00 AM,11/2/2014 5:45:00 AM,82442
11/3/2014 6:00:00 PM,11/3/2014 11:00:00 PM,11/2/2014 5:45:00 PM,90486
11/3/2014 7:00:00 AM,11/3/2014 12:00:00 PM,11/2/2014 5:45:00 AM,92234
11/3/2014 7:00:00 PM,11/4/2014 12:00:00 AM,11/2/2014 5:45:00 PM,93324
11/3/2014 8:00:00 AM,11/3/2014 1:00:00 PM,11/2/2014 9:45:00 AM,97440
11/3/2014 8:00:00 PM,11/4/2014 1:00:00 AM,11/2/2014 5:45:00 PM,94973
11/3/2014 9:00:00 AM,11/3/2014 2:00:00 PM,11/2/2014 9:45:00 AM,97041
11/3/2014 9:00:00 PM,11/4/2014 2:00:00 AM,11/2/2014 11:45:00 PM,94301
11/30/2014 10:00:00 AM,11/30/2014 3:00:00 PM,11/29/2014 9:45:00 AM,82994
11/30/2014 10:00:00 PM,12/1/2014 3:00:00 AM,11/29/2014 11:45:00 PM,82245
11/30/2014 11:00:00 AM,11/30/2014 4:00:00 PM,11/29/2014 11:45:00 AM,82307
11/30/2014 11:00:00 PM,12/1/2014 4:00:00 AM,11/29/2014 11:45:00 PM,77473
11/30/2014 12:00:00 AM,11/30/2014 5:00:00 AM,11/29/2014 5:45:00 AM,78160
11/30/2014 12:00:00 PM,11/30/2014 5:00:00 PM,11/29/2014 11:45:00 AM,81725
11/30/2014 1:00:00 AM,11/30/2014 6:00:00 AM,11/29/2014 5:45:00 AM,75627
11/30/2014 1:00:00 PM,11/30/2014 6:00:00 PM,11/29/2014 11:45:00 AM,80993
11/30/2014 2:00:00 AM,11/30/2014 7:00:00 AM,11/29/2014 5:45:00 AM,74242
11/30/2014 2:00:00 PM,11/30/2014 7:00:00 PM,11/29/2014 11:45:00 AM,80556
11/30/2014 3:00:00 AM,11/30/2014 8:00:00 AM,11/29/2014 5:45:00 AM,73629
11/30/2014 3:00:00 PM,11/30/2014 8:00:00 PM,11/29/2014 5:45:00 PM,80695
11/30/2014 4:00:00 AM,11/30/2014 9:00:00 AM,11/29/2014 5:45:00 AM,73908
11/30/2014 4:00:00 PM,11/30/2014 9:00:00 PM,11/29/2014 5:45:00 PM,84025
11/30/2014 5:00:00 AM,11/30/2014 10:00:00 AM,11/29/2014 5:45:00 AM,75327
11/30/2014 5:00:00 PM,11/30/2014 10:00:00 PM,11/29/2014 5:45:00 PM,90166
11/30/2014 6:00:00 AM,11/30/2014 11:00:00 AM,11/29/2014 5:45:00 AM,77941
11/30/2014 6:00:00 PM,11/30/2014 11:00:00 PM,11/29/2014 5:45:00 PM,91802
11/30/2014 7:00:00 AM,11/30/2014 12:00:00 PM,11/29/2014 5:45:00 AM,80113
11/30/2014 7:00:00 PM,12/1/2014 12:00:00 AM,11/29/2014 5:45:00 PM,91268
11/30/2014 8:00:00 AM,11/30/2014 1:00:00 PM,11/29/2014 9:45:00 AM,82092
11/30/2014 8:00:00 PM,12/1/2014 1:00:00 AM,11/29/2014 5:45:00 PM,89997
11/30/2014 9:00:00 AM,11/30/2014 2:00:00 PM,11/29/2014 9:45:00 AM,83256
11/30/2014 9:00:00 PM,12/1/2014 2:00:00 AM,11/29/2014 11:45:00 PM,86741
11/4/2014 10:00:00 AM,11/4/2014 3:00:00 PM,11/3/2014 9:45:00 AM,89904
11/4/2014 10:00:00 PM,11/5/2014 3:00:00 AM,11/3/2014 11:45:00 PM,81800
11/4/2014 11:00:00 AM,11/4/2014 4:00:00 PM,11/3/2014 11:45:00 AM,88910
11/4/2014 11:00:00 PM,11/5/2014 4:00:00 AM,11/3/2014 11:45:00 PM,76062
11/4/2014 12:00:00 AM,11/4/2014 5:00:00 AM,11/3/2014 5:45:00 AM,74240
11/4/2014 12:00:00 PM,11/4/2014 5:00:00 PM,11/3/2014 11:45:00 AM,88003
11/4/2014 1:00:00 AM,11/4/2014 6:00:00 AM,11/3/2014 5:45:00 AM,71984
11/4/2014 1:00:00 PM,11/4/2014 6:00:00 PM,11/3/2014 11:45:00 AM,87436
11/4/2014 2:00:00 AM,11/4/2014 7:00:00 AM,11/3/2014 5:45:00 AM,71015
11/4/2014 2:00:00 PM,11/4/2014 7:00:00 PM,11/3/2014 11:45:00 AM,86593
11/4/2014 3:00:00 AM,11/4/2014 8:00:00 AM,11/3/2014 5:45:00 AM,70962
11/4/2014 3:00:00 PM,11/4/2014 8:00:00 PM,11/3/2014 5:45:00 PM,85981
11/4/2014 4:00:00 AM,11/4/2014 9:00:00 AM,11/3/2014 5:45:00 AM,72746
11/4/2014 4:00:00 PM,11/4/2014 9:00:00 PM,11/3/2014 5:45:00 PM,86711
11/4/2014 5:00:00 AM,11/4/2014 10:00:00 AM,11/3/2014 5:45:00 AM,78004
11/4/2014 5:00:00 PM,11/4/2014 10:00:00 PM,11/3/2014 5:45:00 PM,89524
11/4/2014 6:00:00 AM,11/4/2014 11:00:00 AM,11/3/2014 5:45:00 AM,87127
11/4/2014 6:00:00 PM,11/4/2014 11:00:00 PM,11/3/2014 5:45:00 PM,92423
11/4/2014 7:00:00 AM,11/4/2014 12:00:00 PM,11/3/2014 5:45:00 AM,91973
11/4/2014 7:00:00 PM,11/5/2014 12:00:00 AM,11/3/2014 5:45:00 PM,93086
11/4/2014 8:00:00 AM,11/4/2014 1:00:00 PM,11/3/2014 9:45:00 AM,91617
11/4/2014 8:00:00 PM,11/5/2014 1:00:00 AM,11/3/2014 5:45:00 PM,91534
11/4/2014 9:00:00 AM,11/4/2014 2:00:00 PM,11/3/2014 9:45:00 AM,90525
11/4/2014 9:00:00 PM,11/5/2014 2:00:00 AM,11/3/2014 11:45:00 PM,87473
11/5/2014 10:00:00 AM,11/5/2014 3:00:00 PM,11/4/2014 9:45:00 AM,88568
11/5/2014 10:00:00 PM,11/6/2014 3:00:00 AM,11/4/2014 11:45:00 PM,80454
11/5/2014 11:00:00 AM,11/5/2014 4:00:00 PM,11/4/2014 11:45:00 AM,88134
11/5/2014 11:00:00 PM,11/6/2014 4:00:00 AM,11/4/2014 11:45:00 PM,74339
11/5/2014 12:00:00 AM,11/5/2014 5:00:00 AM,11/4/2014 5:45:00 AM,71135
11/5/2014 12:00:00 PM,11/5/2014 5:00:00 PM,11/4/2014 11:45:00 AM,87627
11/5/2014 1:00:00 AM,11/5/2014 6:00:00 AM,11/4/2014 5:45:00 AM,68613
11/5/2014 1:00:00 PM,11/5/2014 6:00:00 PM,11/4/2014 11:45:00 AM,87313
11/5/2014 2:00:00 AM,11/5/2014 7:00:00 AM,11/4/2014 5:45:00 AM,67383
11/5/2014 2:00:00 PM,11/5/2014 7:00:00 PM,11/4/2014 11:45:00 AM,86754
11/5/2014 3:00:00 AM,11/5/2014 8:00:00 AM,11/4/2014 5:45:00 AM,67186
11/5/2014 3:00:00 PM,11/5/2014 8:00:00 PM,11/4/2014 5:45:00 PM,86707
11/5/2014 4:00:00 AM,11/5/2014 9:00:00 AM,11/4/2014 5:45:00 AM,68639
11/5/2014 4:00:00 PM,11/5/2014 9:00:00 PM,11/4/2014 5:45:00 PM,88651
11/5/2014 5:00:00 AM,11/5/2014 10:00:00 AM,11/4/2014 5:45:00 AM,73614
11/5/2014 5:00:00 PM,11/5/2014 10:00:00 PM,11/4/2014 5:45:00 PM,91628
11/5/2014 6:00:00 AM,11/5/2014 11:00:00 AM,11/4/2014 5:45:00 AM,82735
11/5/2014 6:00:00 PM,11/5/2014 11:00:00 PM,11/4/2014 5:45:00 PM,93395
11/5/2014 7:00:00 AM,11/5/2014 12:00:00 PM,11/4/2014 5:45:00 AM,88266
11/5/2014 7:00:00 PM,11/6/2014 12:00:00 AM,11/4/2014 5:45:00 PM,92856
11/5/2014 8:00:00 AM,11/5/2014 1:00:00 PM,11/4/2014 9:45:00 AM,88638
11/5/2014 8:00:00 PM,11/6/2014 1:00:00 AM,11/4/2014 5:45:00 PM,90387
11/5/2014 9:00:00 AM,11/5/2014 2:00:00 PM,11/4/2014 9:45:00 AM,88514
11/5/2014 9:00:00 PM,11/6/2014 2:00:00 AM,11/4/2014 11:45:00 PM,86174
11/6/2014 10:00:00 AM,11/6/2014 3:00:00 PM,11/5/2014 9:45:00 AM,89555
11/6/2014 10:00:00 PM,11/7/2014 3:00:00 AM,11/5/2014 11:45:00 PM,81521
11/6/2014 11:00:00 AM,11/6/2014 4:00:00 PM,11/5/2014 11:45:00 AM,89423
11/6/2014 11:00:00 PM,11/7/2014 4:00:00 AM,11/5/2014 11:45:00 PM,75799
11/6/2014 12:00:00 AM,11/6/2014 5:00:00 AM,11/5/2014 5:45:00 AM,71148
11/6/2014 12:00:00 PM,11/6/2014 5:00:00 PM,11/5/2014 11:45:00 AM,89074
11/6/2014 1:00:00 AM,11/6/2014 6:00:00 AM,11/5/2014 5:45:00 AM,68513
11/6/2014 1:00:00 PM,11/6/2014 6:00:00 PM,11/5/2014 11:45:00 AM,88825
11/6/2014 2:00:00 AM,11/6/2014 7:00:00 AM,11/5/2014 5:45:00 AM,67186
11/6/2014 2:00:00 PM,11/6/2014 7:00:00 PM,11/5/2014 11:45:00 AM,88278
11/6/2014 3:00:00 AM,11/6/2014 8:00:00 AM,11/5/2014 5:45:00 AM,66778
11/6/2014 3:00:00 PM,11/6/2014 8:00:00 PM,11/5/2014 5:45:00 PM,86913
11/6/2014 4:00:00 AM,11/6/2014 9:00:00 AM,11/5/2014 5:45:00 AM,68115
11/6/2014 4:00:00 PM,11/6/2014 9:00:00 PM,11/5/2014 5:45:00 PM,88077
11/6/2014 5:00:00 AM,11/6/2014 10:00:00 AM,11/5/2014 5:45:00 AM,72858
11/6/2014 5:00:00 PM,11/6/2014 10:00:00 PM,11/5/2014 5:45:00 PM,91813
11/6/2014 6:00:00 AM,11/6/2014 11:00:00 AM,11/5/2014 5:45:00 AM,81577
11/6/2014 6:00:00 PM,11/6/2014 11:00:00 PM,11/5/2014 5:45:00 PM,94469
11/6/2014 7:00:00 AM,11/6/2014 12:00:00 PM,11/5/2014 5:45:00 AM,87356
11/6/2014 7:00:00 PM,11/7/2014 12:00:00 AM,11/5/2014 5:45:00 PM,93772
11/6/2014 8:00:00 AM,11/6/2014 1:00:00 PM,11/5/2014 9:45:00 AM,88505
11/6/2014 8:00:00 PM,11/7/2014 1:00:00 AM,11/5/2014 5:45:00 PM,91180
11/6/2014 9:00:00 AM,11/6/2014 2:00:00 PM,11/5/2014 9:45:00 AM,89051
11/6/2014 9:00:00 PM,11/7/2014 2:00:00 AM,11/5/2014 11:45:00 PM,87061
11/7/2014 10:00:00 AM,11/7/2014 3:00:00 PM,11/6/2014 9:45:00 AM,91408
11/7/2014 10:00:00 PM,11/8/2014 3:00:00 AM,11/6/2014 11:45:00 PM,86025
11/7/2014 11:00:00 AM,11/7/2014 4:00:00 PM,11/6/2014 11:45:00 AM,90680
11/7/2014 11:00:00 PM,11/8/2014 4:00:00 AM,11/6/2014 11:45:00 PM,81474
11/7/2014 12:00:00 AM,11/7/2014 5:00:00 AM,11/6/2014 5:45:00 AM,74050
11/7/2014 12:00:00 PM,11/7/2014 5:00:00 PM,11/6/2014 11:45:00 AM,89759
11/7/2014 1:00:00 AM,11/7/2014 6:00:00 AM,11/6/2014 5:45:00 AM,71730
11/7/2014 1:00:00 PM,11/7/2014 6:00:00 PM,11/6/2014 11:45:00 AM,88971
11/7/2014 2:00:00 AM,11/7/2014 7:00:00 AM,11/6/2014 5:45:00 AM,70722
11/7/2014 2:00:00 PM,11/7/2014 7:00:00 PM,11/6/2014 11:45:00 AM,88005
11/7/2014 3:00:00 AM,11/7/2014 8:00:00 AM,11/6/2014 5:45:00 AM,70622
11/7/2014 3:00:00 PM,11/7/2014 8:00:00 PM,11/6/2014 5:45:00 PM,86710
11/7/2014 4:00:00 AM,11/7/2014 9:00:00 AM,11/6/2014 5:45:00 AM,72157
11/7/2014 4:00:00 PM,11/7/2014 9:00:00 PM,11/6/2014 5:45:00 PM,87444
11/7/2014 5:00:00 AM,11/7/2014 10:00:00 AM,11/6/2014 5:45:00 AM,76995
11/7/2014 5:00:00 PM,11/7/2014 10:00:00 PM,11/6/2014 5:45:00 PM,90298
11/7/2014 6:00:00 AM,11/7/2014 11:00:00 AM,11/6/2014 5:45:00 AM,85496
11/7/2014 6:00:00 PM,11/7/2014 11:00:00 PM,11/6/2014 5:45:00 PM,93033
11/7/2014 7:00:00 AM,11/7/2014 12:00:00 PM,11/6/2014 5:45:00 AM,90826
11/7/2014 7:00:00 PM,11/8/2014 12:00:00 AM,11/6/2014 5:45:00 PM,93698
11/7/2014 8:00:00 AM,11/7/2014 1:00:00 PM,11/6/2014 9:45:00 AM,91528
11/7/2014 8:00:00 PM,11/8/2014 1:00:00 AM,11/6/2014 5:45:00 PM,92441
11/7/2014 9:00:00 AM,11/7/2014 2:00:00 PM,11/6/2014 9:45:00 AM,91481
11/7/2014 9:00:00 PM,11/8/2014 2:00:00 AM,11/6/2014 11:45:00 PM,89854
11/8/2014 10:00:00 AM,11/8/2014 3:00:00 PM,11/7/2014 9:45:00 AM,87498
11/8/2014 10:00:00 PM,11/9/2014 3:00:00 AM,11/7/2014 11:45:00 PM,82619
11/8/2014 11:00:00 AM,11/8/2014 4:00:00 PM,11/7/2014 11:45:00 AM,86020
11/8/2014 11:00:00 PM,11/9/2014 4:00:00 AM,11/7/2014 11:45:00 PM,78530
11/8/2014 12:00:00 AM,11/8/2014 5:00:00 AM,11/7/2014 5:45:00 AM,77859
11/8/2014 12:00:00 PM,11/8/2014 5:00:00 PM,11/7/2014 11:45:00 AM,84197
11/8/2014 1:00:00 AM,11/8/2014 6:00:00 AM,11/7/2014 5:45:00 AM,75556
11/8/2014 1:00:00 PM,11/8/2014 6:00:00 PM,11/7/2014 11:45:00 AM,82366
11/8/2014 2:00:00 AM,11/8/2014 7:00:00 AM,11/7/2014 5:45:00 AM,74470
11/8/2014 2:00:00 PM,11/8/2014 7:00:00 PM,11/7/2014 11:45:00 AM,80974
11/8/2014 3:00:00 AM,11/8/2014 8:00:00 AM,11/7/2014 5:45:00 AM,74213
11/8/2014 3:00:00 PM,11/8/2014 8:00:00 PM,11/7/2014 5:45:00 PM,79946
11/8/2014 4:00:00 AM,11/8/2014 9:00:00 AM,11/7/2014 5:45:00 AM,75006
11/8/2014 4:00:00 PM,11/8/2014 9:00:00 PM,11/7/2014 5:45:00 PM,81663
11/8/2014 5:00:00 AM,11/8/2014 10:00:00 AM,11/7/2014 5:45:00 AM,77271
11/8/2014 5:00:00 PM,11/8/2014 10:00:00 PM,11/7/2014 5:45:00 PM,87168
11/8/2014 6:00:00 AM,11/8/2014 11:00:00 AM,11/7/2014 5:45:00 AM,80826
11/8/2014 6:00:00 PM,11/8/2014 11:00:00 PM,11/7/2014 5:45:00 PM,89156
11/8/2014 7:00:00 AM,11/8/2014 12:00:00 PM,11/7/2014 5:45:00 AM,84188
11/8/2014 7:00:00 PM,11/9/2014 12:00:00 AM,11/7/2014 5:45:00 PM,88724
11/8/2014 8:00:00 AM,11/8/2014 1:00:00 PM,11/7/2014 9:45:00 AM,87484
11/8/2014 8:00:00 PM,11/9/2014 1:00:00 AM,11/7/2014 5:45:00 PM,87680
11/8/2014 9:00:00 AM,11/8/2014 2:00:00 PM,11/7/2014 9:45:00 AM,88090
11/8/2014 9:00:00 PM,11/9/2014 2:00:00 AM,11/7/2014 11:45:00 PM,85998
11/9/2014 10:00:00 AM,11/9/2014 3:00:00 PM,11/8/2014 9:45:00 AM,80701
11/9/2014 10:00:00 PM,11/10/2014 3:00:00 AM,11/8/2014 11:45:00 PM,81451
11/9/2014 11:00:00 AM,11/9/2014 4:00:00 PM,11/8/2014 11:45:00 AM,81009
11/9/2014 11:00:00 PM,11/10/2014 4:00:00 AM,11/8/2014 11:45:00 PM,77235
11/9/2014 12:00:00 AM,11/9/2014 5:00:00 AM,11/8/2014 5:45:00 AM,74209
11/9/2014 12:00:00 PM,11/9/2014 5:00:00 PM,11/8/2014 11:45:00 AM,80452
11/9/2014 1:00:00 AM,11/9/2014 6:00:00 AM,11/8/2014 5:45:00 AM,71779
11/9/2014 1:00:00 PM,11/9/2014 6:00:00 PM,11/8/2014 11:45:00 AM,79553
11/9/2014 2:00:00 AM,11/9/2014 7:00:00 AM,11/8/2014 5:45:00 AM,70824
11/9/2014 2:00:00 PM,11/9/2014 7:00:00 PM,11/8/2014 11:45:00 AM,78840
11/9/2014 3:00:00 AM,11/9/2014 8:00:00 AM,11/8/2014 5:45:00 AM,70494
11/9/2014 3:00:00 PM,11/9/2014 8:00:00 PM,11/8/2014 5:45:00 PM,78988
11/9/2014 4:00:00 AM,11/9/2014 9:00:00 AM,11/8/2014 5:45:00 AM,70978
11/9/2014 4:00:00 PM,11/9/2014 9:00:00 PM,11/8/2014 5:45:00 PM,80920
11/9/2014 5:00:00 AM,11/9/2014 10:00:00 AM,11/8/2014 5:45:00 AM,72657
11/9/2014 5:00:00 PM,11/9/2014 10:00:00 PM,11/8/2014 5:45:00 PM,85492
11/9/2014 6:00:00 AM,11/9/2014 11:00:00 AM,11/8/2014 5:45:00 AM,75502
11/9/2014 6:00:00 PM,11/9/2014 11:00:00 PM,11/8/2014 5:45:00 PM,88682
11/9/2014 7:00:00 AM,11/9/2014 12:00:00 PM,11/8/2014 5:45:00 AM,78034
11/9/2014 7:00:00 PM,11/10/2014 12:00:00 AM,11/8/2014 5:45:00 PM,89905
11/9/2014 8:00:00 AM,11/9/2014 1:00:00 PM,11/8/2014 9:45:00 AM,80156
11/9/2014 8:00:00 PM,11/10/2014 1:00:00 AM,11/8/2014 5:45:00 PM,89315
11/9/2014 9:00:00 AM,11/9/2014 2:00:00 PM,11/8/2014 9:45:00 AM,81065
11/9/2014 9:00:00 PM,11/10/2014 2:00:00 AM,11/8/2014 11:45:00 PM,85543
12/1/2014 10:00:00 AM,12/1/2014 3:00:00 PM,11/30/2014 9:45:00 AM,93635
12/1/2014 10:00:00 PM,12/2/2014 3:00:00 AM,11/30/2014 11:45:00 PM,89490
12/1/2014 11:00:00 AM,12/1/2014 4:00:00 PM,11/30/2014 11:45:00 AM,93547
12/1/2014 11:00:00 PM,12/2/2014 4:00:00 AM,11/30/2014 11:45:00 PM,83576
12/1/2014 12:00:00 AM,12/1/2014 5:00:00 AM,11/30/2014 5:45:00 AM,72869
12/1/2014 12:00:00 PM,12/1/2014 5:00:00 PM,11/30/2014 11:45:00 AM,93104
12/1/2014 1:00:00 AM,12/1/2014 6:00:00 AM,11/30/2014 5:45:00 AM,70815
12/1/2014 1:00:00 PM,12/1/2014 6:00:00 PM,11/30/2014 11:45:00 AM,92912
12/1/2014 2:00:00 AM,12/1/2014 7:00:00 AM,11/30/2014 5:45:00 AM,69905
12/1/2014 2:00:00 PM,12/1/2014 7:00:00 PM,11/30/2014 11:45:00 AM,92587
12/1/2014 3:00:00 AM,12/1/2014 8:00:00 AM,11/30/2014 5:45:00 AM,70143
12/1/2014 3:00:00 PM,12/1/2014 8:00:00 PM,11/30/2014 5:45:00 PM,93364
12/1/2014 4:00:00 AM,12/1/2014 9:00:00 AM,11/30/2014 5:45:00 AM,72087
12/1/2014 4:00:00 PM,12/1/2014 9:00:00 PM,11/30/2014 5:45:00 PM,96379
12/1/2014 5:00:00 AM,12/1/2014 10:00:00 AM,11/30/2014 5:45:00 AM,77438
12/1/2014 5:00:00 PM,12/1/2014 10:00:00 PM,11/30/2014 5:45:00 PM,102792
12/1/2014 6:00:00 AM,12/1/2014 11:00:00 AM,11/30/2014 5:45:00 AM,86575
12/1/2014 6:00:00 PM,12/1/2014 11:00:00 PM,11/30/2014 5:45:00 PM,104182
12/1/2014 7:00:00 AM,12/1/2014 12:00:00 PM,11/30/2014 5:45:00 AM,92213
12/1/2014 7:00:00 PM,12/2/2014 12:00:00 AM,11/30/2014 5:45:00 PM,102935
12/1/2014 8:00:00 AM,12/1/2014 1:00:00 PM,11/30/2014 9:45:00 AM,93076
12/1/2014 8:00:00 PM,12/2/2014 1:00:00 AM,11/30/2014 5:45:00 PM,100318
12/1/2014 9:00:00 AM,12/1/2014 2:00:00 PM,11/30/2014 9:45:00 AM,93431
12/1/2014 9:00:00 PM,12/2/2014 2:00:00 AM,11/30/2014 11:45:00 PM,95271
12/10/2014 10:00:00 AM,12/10/2014 3:00:00 PM,12/9/2014 9:45:00 AM,105266
12/10/2014 10:00:00 PM,12/11/2014 3:00:00 AM,12/9/2014 11:45:00 PM,100341
12/10/2014 11:00:00 AM,12/10/2014 4:00:00 PM,12/9/2014 11:45:00 AM,105792
12/10/2014 11:00:00 PM,12/11/2014 4:00:00 AM,12/9/2014 11:45:00 PM,94168
12/10/2014 12:00:00 AM,12/10/2014 5:00:00 AM,12/9/2014 5:45:00 AM,84145
12/10/2014 12:00:00 PM,12/10/2014 5:00:00 PM,12/9/2014 11:45:00 AM,105113
12/10/2014 1:00:00 AM,12/10/2014 6:00:00 AM,12/9/2014 5:45:00 AM,81684
12/10/2014 1:00:00 PM,12/10/2014 6:00:00 PM,12/9/2014 11:45:00 AM,104300
12/10/2014 2:00:00 AM,12/10/2014 7:00:00 AM,12/9/2014 5:45:00 AM,80602
12/10/2014 2:00:00 PM,12/10/2014 7:00:00 PM,12/9/2014 11:45:00 AM,103435
12/10/2014 3:00:00 AM,12/10/2014 8:00:00 AM,12/9/2014 5:45:00 AM,80654
12/10/2014 3:00:00 PM,12/10/2014 8:00:00 PM,12/9/2014 5:45:00 PM,103622
12/10/2014 4:00:00 AM,12/10/2014 9:00:00 AM,12/9/2014 5:45:00 AM,82538
12/10/2014 4:00:00 PM,12/10/2014 9:00:00 PM,12/9/2014 5:45:00 PM,107567
12/10/2014 5:00:00 AM,12/10/2014 10:00:00 AM,12/9/2014 5:45:00 AM,87904
12/10/2014 5:00:00 PM,12/10/2014 10:00:00 PM,12/9/2014 5:45:00 PM,113849
12/10/2014 6:00:00 AM,12/10/2014 11:00:00 AM,12/9/2014 5:45:00 AM,96928
12/10/2014 6:00:00 PM,12/10/2014 11:00:00 PM,12/9/2014 5:45:00 PM,113990
12/10/2014 7:00:00 AM,12/10/2014 12:00:00 PM,12/9/2014 5:45:00 AM,102260
12/10/2014 7:00:00 PM,12/11/2014 12:00:00 AM,12/9/2014 5:45:00 PM,113005
12/10/2014 8:00:00 AM,12/10/2014 1:00:00 PM,12/9/2014 9:45:00 AM,105600
12/10/2014 8:00:00 PM,12/11/2014 1:00:00 AM,12/9/2014 5:45:00 PM,111066
12/10/2014 9:00:00 AM,12/10/2014 2:00:00 PM,12/9/2014 9:45:00 AM,105562
12/10/2014 9:00:00 PM,12/11/2014 2:00:00 AM,12/9/2014 11:45:00 PM,106244
12/11/2014 10:00:00 AM,12/11/2014 3:00:00 PM,12/10/2014 9:45:00 AM,106407
12/11/2014 10:00:00 PM,12/12/2014 3:00:00 AM,12/10/2014 11:45:00 PM,102522
12/11/2014 11:00:00 AM,12/11/2014 4:00:00 PM,12/10/2014 11:45:00 AM,105522
12/11/2014 11:00:00 PM,12/12/2014 4:00:00 AM,12/10/2014 11:45:00 PM,96304
12/11/2014 12:00:00 AM,12/11/2014 5:00:00 AM,12/10/2014 5:45:00 AM,88515
12/11/2014 12:00:00 PM,12/11/2014 5:00:00 PM,12/10/2014 11:45:00 AM,103963
12/11/2014 1:00:00 AM,12/11/2014 6:00:00 AM,12/10/2014 5:45:00 AM,86354
12/11/2014 1:00:00 PM,12/11/2014 6:00:00 PM,12/10/2014 11:45:00 AM,102972
12/11/2014 2:00:00 AM,12/11/2014 7:00:00 AM,12/10/2014 5:45:00 AM,85569
12/11/2014 2:00:00 PM,12/11/2014 7:00:00 PM,12/10/2014 11:45:00 AM,102152
12/11/2014 3:00:00 AM,12/11/2014 8:00:00 AM,12/10/2014 5:45:00 AM,85816
12/11/2014 3:00:00 PM,12/11/2014 8:00:00 PM,12/10/2014 5:45:00 PM,102229
12/11/2014 4:00:00 AM,12/11/2014 9:00:00 AM,12/10/2014 5:45:00 AM,87982
12/11/2014 4:00:00 PM,12/11/2014 9:00:00 PM,12/10/2014 5:45:00 PM,105232
12/11/2014 5:00:00 AM,12/11/2014 10:00:00 AM,12/10/2014 5:45:00 AM,93726
12/11/2014 5:00:00 PM,12/11/2014 10:00:00 PM,12/10/2014 5:45:00 PM,112649
12/11/2014 6:00:00 AM,12/11/2014 11:00:00 AM,12/10/2014 5:45:00 AM,103148
12/11/2014 6:00:00 PM,12/11/2014 11:00:00 PM,12/10/2014 5:45:00 PM,114087
12/11/2014 7:00:00 AM,12/11/2014 12:00:00 PM,12/10/2014 5:45:00 AM,108113
12/11/2014 7:00:00 PM,12/12/2014 12:00:00 AM,12/10/2014 5:45:00 PM,113218
12/11/2014 8:00:00 AM,12/11/2014 1:00:00 PM,12/10/2014 9:45:00 AM,109050
12/11/2014 8:00:00 PM,12/12/2014 1:00:00 AM,12/10/2014 5:45:00 PM,111489
12/11/2014 9:00:00 AM,12/11/2014 2:00:00 PM,12/10/2014 9:45:00 AM,107717
12/11/2014 9:00:00 PM,12/12/2014 2:00:00 AM,12/10/2014 11:45:00 PM,108551
12/12/2014 10:00:00 AM,12/12/2014 3:00:00 PM,12/11/2014 9:45:00 AM,104905
12/12/2014 10:00:00 PM,12/13/2014 3:00:00 AM,12/11/2014 11:45:00 PM,98889
12/12/2014 11:00:00 AM,12/12/2014 4:00:00 PM,12/11/2014 11:45:00 AM,103045
12/12/2014 11:00:00 PM,12/13/2014 4:00:00 AM,12/11/2014 11:45:00 PM,93412
12/12/2014 12:00:00 AM,12/12/2014 5:00:00 AM,12/11/2014 5:45:00 AM,90440
12/12/2014 12:00:00 PM,12/12/2014 5:00:00 PM,12/11/2014 11:45:00 AM,101254
12/12/2014 1:00:00 AM,12/12/2014 6:00:00 AM,12/11/2014 5:45:00 AM,88170
12/12/2014 1:00:00 PM,12/12/2014 6:00:00 PM,12/11/2014 11:45:00 AM,99965
12/12/2014 2:00:00 AM,12/12/2014 7:00:00 AM,12/11/2014 5:45:00 AM,87232
12/12/2014 2:00:00 PM,12/12/2014 7:00:00 PM,12/11/2014 11:45:00 AM,98897
12/12/2014 3:00:00 AM,12/12/2014 8:00:00 AM,12/11/2014 5:45:00 AM,87384
12/12/2014 3:00:00 PM,12/12/2014 8:00:00 PM,12/11/2014 5:45:00 PM,98397
12/12/2014 4:00:00 AM,12/12/2014 9:00:00 AM,12/11/2014 5:45:00 AM,89375
12/12/2014 4:00:00 PM,12/12/2014 9:00:00 PM,12/11/2014 5:45:00 PM,101213
12/12/2014 5:00:00 AM,12/12/2014 10:00:00 AM,12/11/2014 5:45:00 AM,94744
12/12/2014 5:00:00 PM,12/12/2014 10:00:00 PM,12/11/2014 5:45:00 PM,107500
12/12/2014 6:00:00 AM,12/12/2014 11:00:00 AM,12/11/2014 5:45:00 AM,103584
12/12/2014 6:00:00 PM,12/12/2014 11:00:00 PM,12/11/2014 5:45:00 PM,108528
12/12/2014 7:00:00 AM,12/12/2014 12:00:00 PM,12/11/2014 5:45:00 AM,108392
12/12/2014 7:00:00 PM,12/13/2014 12:00:00 AM,12/11/2014 5:45:00 PM,107109
12/12/2014 8:00:00 AM,12/12/2014 1:00:00 PM,12/11/2014 9:45:00 AM,107993
12/12/2014 8:00:00 PM,12/13/2014 1:00:00 AM,12/11/2014 5:45:00 PM,105502
12/12/2014 9:00:00 AM,12/12/2014 2:00:00 PM,12/11/2014 9:45:00 AM,106484
12/12/2014 9:00:00 PM,12/13/2014 2:00:00 AM,12/11/2014 11:45:00 PM,103492
12/13/2014 10:00:00 AM,12/13/2014 3:00:00 PM,12/12/2014 9:45:00 AM,97269
12/13/2014 10:00:00 PM,12/14/2014 3:00:00 AM,12/12/2014 11:45:00 PM,92581
12/13/2014 11:00:00 AM,12/13/2014 4:00:00 PM,12/12/2014 11:45:00 AM,95663
12/13/2014 11:00:00 PM,12/14/2014 4:00:00 AM,12/12/2014 11:45:00 PM,87834
12/13/2014 12:00:00 AM,12/13/2014 5:00:00 AM,12/12/2014 5:45:00 AM,88450
12/13/2014 12:00:00 PM,12/13/2014 5:00:00 PM,12/12/2014 11:45:00 AM,93617
12/13/2014 1:00:00 AM,12/13/2014 6:00:00 AM,12/12/2014 5:45:00 AM,85868
12/13/2014 1:00:00 PM,12/13/2014 6:00:00 PM,12/12/2014 11:45:00 AM,91493
12/13/2014 2:00:00 AM,12/13/2014 7:00:00 AM,12/12/2014 5:45:00 AM,84673
12/13/2014 2:00:00 PM,12/13/2014 7:00:00 PM,12/12/2014 11:45:00 AM,90182
12/13/2014 3:00:00 AM,12/13/2014 8:00:00 AM,12/12/2014 5:45:00 AM,84353
12/13/2014 3:00:00 PM,12/13/2014 8:00:00 PM,12/12/2014 5:45:00 PM,90213
12/13/2014 4:00:00 AM,12/13/2014 9:00:00 AM,12/12/2014 5:45:00 AM,85116
12/13/2014 4:00:00 PM,12/13/2014 9:00:00 PM,12/12/2014 5:45:00 PM,92861
12/13/2014 5:00:00 AM,12/13/2014 10:00:00 AM,12/12/2014 5:45:00 AM,87554
12/13/2014 5:00:00 PM,12/13/2014 10:00:00 PM,12/12/2014 5:45:00 PM,98840
12/13/2014 6:00:00 AM,12/13/2014 11:00:00 AM,12/12/2014 5:45:00 AM,91331
12/13/2014 6:00:00 PM,12/13/2014 11:00:00 PM,12/12/2014 5:45:00 PM,100635
12/13/2014 7:00:00 AM,12/13/2014 12:00:00 PM,12/12/2014 5:45:00 AM,94578
12/13/2014 7:00:00 PM,12/14/2014 12:00:00 AM,12/12/2014 5:45:00 PM,99962
12/13/2014 8:00:00 AM,12/13/2014 1:00:00 PM,12/12/2014 9:45:00 AM,97363
12/13/2014 8:00:00 PM,12/14/2014 1:00:00 AM,12/12/2014 5:45:00 PM,98770
12/13/2014 9:00:00 AM,12/13/2014 2:00:00 PM,12/12/2014 9:45:00 AM,97915
12/13/2014 9:00:00 PM,12/14/2014 2:00:00 AM,12/12/2014 11:45:00 PM,96534
12/14/2014 10:00:00 AM,12/14/2014 3:00:00 PM,12/13/2014 9:45:00 AM,89456
12/14/2014 10:00:00 PM,12/15/2014 3:00:00 AM,12/13/2014 11:45:00 PM,90342
12/14/2014 11:00:00 AM,12/14/2014 4:00:00 PM,12/13/2014 11:45:00 AM,88702
12/14/2014 11:00:00 PM,12/15/2014 4:00:00 AM,12/13/2014 11:45:00 PM,85234
12/14/2014 12:00:00 AM,12/14/2014 5:00:00 AM,12/13/2014 5:45:00 AM,82740
12/14/2014 12:00:00 PM,12/14/2014 5:00:00 PM,12/13/2014 11:45:00 AM,87912
12/14/2014 1:00:00 AM,12/14/2014 6:00:00 AM,12/13/2014 5:45:00 AM,80221
12/14/2014 1:00:00 PM,12/14/2014 6:00:00 PM,12/13/2014 11:45:00 AM,86970
12/14/2014 2:00:00 AM,12/14/2014 7:00:00 AM,12/13/2014 5:45:00 AM,78934
12/14/2014 2:00:00 PM,12/14/2014 7:00:00 PM,12/13/2014 11:45:00 AM,86356
12/14/2014 3:00:00 AM,12/14/2014 8:00:00 AM,12/13/2014 5:45:00 AM,78431
12/14/2014 3:00:00 PM,12/14/2014 8:00:00 PM,12/13/2014 5:45:00 PM,86754
12/14/2014 4:00:00 AM,12/14/2014 9:00:00 AM,12/13/2014 5:45:00 AM,78895
12/14/2014 4:00:00 PM,12/14/2014 9:00:00 PM,12/13/2014 5:45:00 PM,89996
12/14/2014 5:00:00 AM,12/14/2014 10:00:00 AM,12/13/2014 5:45:00 AM,80640
12/14/2014 5:00:00 PM,12/14/2014 10:00:00 PM,12/13/2014 5:45:00 PM,96634
12/14/2014 6:00:00 AM,12/14/2014 11:00:00 AM,12/13/2014 5:45:00 AM,83519
12/14/2014 6:00:00 PM,12/14/2014 11:00:00 PM,12/13/2014 5:45:00 PM,98634
12/14/2014 7:00:00 AM,12/14/2014 12:00:00 PM,12/13/2014 5:45:00 AM,86063
12/14/2014 7:00:00 PM,12/15/2014 12:00:00 AM,12/13/2014 5:45:00 PM,98207
12/14/2014 8:00:00 AM,12/14/2014 1:00:00 PM,12/13/2014 9:45:00 AM,88710
12/14/2014 8:00:00 PM,12/15/2014 1:00:00 AM,12/13/2014 5:45:00 PM,97185
12/14/2014 9:00:00 AM,12/14/2014 2:00:00 PM,12/13/2014 9:45:00 AM,89625
12/14/2014 9:00:00 PM,12/15/2014 2:00:00 AM,12/13/2014 11:45:00 PM,95004
12/15/2014 10:00:00 AM,12/15/2014 3:00:00 PM,12/14/2014 9:45:00 AM,100084
12/15/2014 10:00:00 PM,12/16/2014 3:00:00 AM,12/14/2014 11:45:00 PM,94131
12/15/2014 11:00:00 AM,12/15/2014 4:00:00 PM,12/14/2014 11:45:00 AM,98948
12/15/2014 11:00:00 PM,12/16/2014 4:00:00 AM,12/14/2014 11:45:00 PM,87851
12/15/2014 12:00:00 AM,12/15/2014 5:00:00 AM,12/14/2014 5:45:00 AM,79911
12/15/2014 12:00:00 PM,12/15/2014 5:00:00 PM,12/14/2014 11:45:00 AM,97697
12/15/2014 1:00:00 AM,12/15/2014 6:00:00 AM,12/14/2014 5:45:00 AM,77915
12/15/2014 1:00:00 PM,12/15/2014 6:00:00 PM,12/14/2014 11:45:00 AM,96794
12/15/2014 2:00:00 AM,12/15/2014 7:00:00 AM,12/14/2014 5:45:00 AM,77348
12/15/2014 2:00:00 PM,12/15/2014 7:00:00 PM,12/14/2014 11:45:00 AM,95967
12/15/2014 3:00:00 AM,12/15/2014 8:00:00 AM,12/14/2014 5:45:00 AM,77800
12/15/2014 3:00:00 PM,12/15/2014 8:00:00 PM,12/14/2014 5:45:00 PM,96083
12/15/2014 4:00:00 AM,12/15/2014 9:00:00 AM,12/14/2014 5:45:00 AM,80072
12/15/2014 4:00:00 PM,12/15/2014 9:00:00 PM,12/14/2014 5:45:00 PM,98973
12/15/2014 5:00:00 AM,12/15/2014 10:00:00 AM,12/14/2014 5:45:00 AM,85851
12/15/2014 5:00:00 PM,12/15/2014 10:00:00 PM,12/14/2014 5:45:00 PM,105752
12/15/2014 6:00:00 AM,12/15/2014 11:00:00 AM,12/14/2014 5:45:00 AM,95311
12/15/2014 6:00:00 PM,12/15/2014 11:00:00 PM,12/14/2014 5:45:00 PM,107330
12/15/2014 7:00:00 AM,12/15/2014 12:00:00 PM,12/14/2014 5:45:00 AM,100719
12/15/2014 7:00:00 PM,12/16/2014 12:00:00 AM,12/14/2014 5:45:00 PM,106397
12/15/2014 8:00:00 AM,12/15/2014 1:00:00 PM,12/14/2014 9:45:00 AM,101826
12/15/2014 8:00:00 PM,12/16/2014 1:00:00 AM,12/14/2014 5:45:00 PM,104366
12/15/2014 9:00:00 AM,12/15/2014 2:00:00 PM,12/14/2014 9:45:00 AM,100943
12/15/2014 9:00:00 PM,12/16/2014 2:00:00 AM,12/14/2014 11:45:00 PM,100200
12/16/2014 10:00:00 AM,12/16/2014 3:00:00 PM,12/15/2014 9:45:00 AM,98383
12/16/2014 10:00:00 PM,12/17/2014 3:00:00 AM,12/15/2014 11:45:00 PM,91982
12/16/2014 11:00:00 AM,12/16/2014 4:00:00 PM,12/15/2014 11:45:00 AM,97137
12/16/2014 11:00:00 PM,12/17/2014 4:00:00 AM,12/15/2014 11:45:00 PM,85490
12/16/2014 12:00:00 AM,12/16/2014 5:00:00 AM,12/15/2014 5:45:00 AM,81477
12/16/2014 12:00:00 PM,12/16/2014 5:00:00 PM,12/15/2014 11:45:00 AM,96244
12/16/2014 1:00:00 AM,12/16/2014 6:00:00 AM,12/15/2014 5:45:00 AM,78903
12/16/2014 1:00:00 PM,12/16/2014 6:00:00 PM,12/15/2014 11:45:00 AM,95740
12/16/2014 2:00:00 AM,12/16/2014 7:00:00 AM,12/15/2014 5:45:00 AM,77755
12/16/2014 2:00:00 PM,12/16/2014 7:00:00 PM,12/15/2014 11:45:00 AM,95117
12/16/2014 3:00:00 AM,12/16/2014 8:00:00 AM,12/15/2014 5:45:00 AM,77745
12/16/2014 3:00:00 PM,12/16/2014 8:00:00 PM,12/15/2014 5:45:00 PM,94585
12/16/2014 4:00:00 AM,12/16/2014 9:00:00 AM,12/15/2014 5:45:00 AM,79549
12/16/2014 4:00:00 PM,12/16/2014 9:00:00 PM,12/15/2014 5:45:00 PM,97608
12/16/2014 5:00:00 AM,12/16/2014 10:00:00 AM,12/15/2014 5:45:00 AM,85010
12/16/2014 5:00:00 PM,12/16/2014 10:00:00 PM,12/15/2014 5:45:00 PM,103995
12/16/2014 6:00:00 AM,12/16/2014 11:00:00 AM,12/15/2014 5:45:00 AM,94182
12/16/2014 6:00:00 PM,12/16/2014 11:00:00 PM,12/15/2014 5:45:00 PM,104945
12/16/2014 7:00:00 AM,12/16/2014 12:00:00 PM,12/15/2014 5:45:00 AM,99464
12/16/2014 7:00:00 PM,12/17/2014 12:00:00 AM,12/15/2014 5:45:00 PM,103757
12/16/2014 8:00:00 AM,12/16/2014 1:00:00 PM,12/15/2014 9:45:00 AM,99508
12/16/2014 8:00:00 PM,12/17/2014 1:00:00 AM,12/15/2014 5:45:00 PM,101847
12/16/2014 9:00:00 AM,12/16/2014 2:00:00 PM,12/15/2014 9:45:00 AM,98842
12/16/2014 9:00:00 PM,12/17/2014 2:00:00 AM,12/15/2014 11:45:00 PM,98099
12/17/2014 10:00:00 AM,12/17/2014 3:00:00 PM,12/16/2014 9:45:00 AM,99419
12/17/2014 10:00:00 PM,12/18/2014 3:00:00 AM,12/16/2014 11:45:00 PM,99061
12/17/2014 11:00:00 AM,12/17/2014 4:00:00 PM,12/16/2014 11:45:00 AM,98662
12/17/2014 11:00:00 PM,12/18/2014 4:00:00 AM,12/16/2014 11:45:00 PM,92777
12/17/2014 12:00:00 AM,12/17/2014 5:00:00 AM,12/16/2014 5:45:00 AM,81357
12/17/2014 12:00:00 PM,12/17/2014 5:00:00 PM,12/16/2014 11:45:00 AM,97830
12/17/2014 1:00:00 AM,12/17/2014 6:00:00 AM,12/16/2014 5:45:00 AM,78863
12/17/2014 1:00:00 PM,12/17/2014 6:00:00 PM,12/16/2014 11:45:00 AM,97371
12/17/2014 2:00:00 AM,12/17/2014 7:00:00 AM,12/16/2014 5:45:00 AM,77842
12/17/2014 2:00:00 PM,12/17/2014 7:00:00 PM,12/16/2014 11:45:00 AM,96887
12/17/2014 3:00:00 AM,12/17/2014 8:00:00 AM,12/16/2014 5:45:00 AM,77977
12/17/2014 3:00:00 PM,12/17/2014 8:00:00 PM,12/16/2014 5:45:00 PM,99565
12/17/2014 4:00:00 AM,12/17/2014 9:00:00 AM,12/16/2014 5:45:00 AM,79933
12/17/2014 4:00:00 PM,12/17/2014 9:00:00 PM,12/16/2014 5:45:00 PM,102980
12/17/2014 5:00:00 AM,12/17/2014 10:00:00 AM,12/16/2014 5:45:00 AM,85549
12/17/2014 5:00:00 PM,12/17/2014 10:00:00 PM,12/16/2014 5:45:00 PM,109762
12/17/2014 6:00:00 AM,12/17/2014 11:00:00 AM,12/16/2014 5:45:00 AM,95068
12/17/2014 6:00:00 PM,12/17/2014 11:00:00 PM,12/16/2014 5:45:00 PM,111574
12/17/2014 7:00:00 AM,12/17/2014 12:00:00 PM,12/16/2014 5:45:00 AM,100534
12/17/2014 7:00:00 PM,12/18/2014 12:00:00 AM,12/16/2014 5:45:00 PM,110577
12/17/2014 8:00:00 AM,12/17/2014 1:00:00 PM,12/16/2014 9:45:00 AM,100634
12/17/2014 8:00:00 PM,12/18/2014 1:00:00 AM,12/16/2014 5:45:00 PM,108897
12/17/2014 9:00:00 AM,12/17/2014 2:00:00 PM,12/16/2014 9:45:00 AM,99910
12/17/2014 9:00:00 PM,12/18/2014 2:00:00 AM,12/16/2014 11:45:00 PM,105104
12/18/2014 10:00:00 AM,12/18/2014 3:00:00 PM,12/17/2014 9:45:00 AM,105172
12/18/2014 10:00:00 PM,12/19/2014 3:00:00 AM,12/17/2014 11:45:00 PM,101981
12/18/2014 11:00:00 AM,12/18/2014 4:00:00 PM,12/17/2014 11:45:00 AM,103117
12/18/2014 11:00:00 PM,12/19/2014 4:00:00 AM,12/17/2014 11:45:00 PM,95476
12/18/2014 12:00:00 AM,12/18/2014 5:00:00 AM,12/17/2014 5:45:00 AM,88249
12/18/2014 12:00:00 PM,12/18/2014 5:00:00 PM,12/17/2014 11:45:00 AM,101717
12/18/2014 1:00:00 AM,12/18/2014 6:00:00 AM,12/17/2014 5:45:00 AM,85955
12/18/2014 1:00:00 PM,12/18/2014 6:00:00 PM,12/17/2014 11:45:00 AM,100831
12/18/2014 2:00:00 AM,12/18/2014 7:00:00 AM,12/17/2014 5:45:00 AM,85207
12/18/2014 2:00:00 PM,12/18/2014 7:00:00 PM,12/17/2014 11:45:00 AM,99993
12/18/2014 3:00:00 AM,12/18/2014 8:00:00 AM,12/17/2014 5:45:00 AM,85527
12/18/2014 3:00:00 PM,12/18/2014 8:00:00 PM,12/17/2014 5:45:00 PM,101698
12/18/2014 4:00:00 AM,12/18/2014 9:00:00 AM,12/17/2014 5:45:00 AM,87740
12/18/2014 4:00:00 PM,12/18/2014 9:00:00 PM,12/17/2014 5:45:00 PM,104993
12/18/2014 5:00:00 AM,12/18/2014 10:00:00 AM,12/17/2014 5:45:00 AM,93688
12/18/2014 5:00:00 PM,12/18/2014 10:00:00 PM,12/17/2014 5:45:00 PM,112111
12/18/2014 6:00:00 AM,12/18/2014 11:00:00 AM,12/17/2014 5:45:00 AM,103318
12/18/2014 6:00:00 PM,12/18/2014 11:00:00 PM,12/17/2014 5:45:00 PM,113964
12/18/2014 7:00:00 AM,12/18/2014 12:00:00 PM,12/17/2014 5:45:00 AM,108474
12/18/2014 7:00:00 PM,12/19/2014 12:00:00 AM,12/17/2014 5:45:00 PM,113069
12/18/2014 8:00:00 AM,12/18/2014 1:00:00 PM,12/17/2014 9:45:00 AM,107893
12/18/2014 8:00:00 PM,12/19/2014 1:00:00 AM,12/17/2014 5:45:00 PM,111640
12/18/2014 9:00:00 AM,12/18/2014 2:00:00 PM,12/17/2014 9:45:00 AM,106457
12/18/2014 9:00:00 PM,12/19/2014 2:00:00 AM,12/17/2014 11:45:00 PM,108139
12/19/2014 10:00:00 AM,12/19/2014 3:00:00 PM,12/18/2014 9:45:00 AM,106478
12/19/2014 10:00:00 PM,12/20/2014 3:00:00 AM,12/18/2014 11:45:00 PM,101489
12/19/2014 11:00:00 AM,12/19/2014 4:00:00 PM,12/18/2014 11:45:00 AM,104621
12/19/2014 11:00:00 PM,12/20/2014 4:00:00 AM,12/18/2014 11:45:00 PM,95752
12/19/2014 12:00:00 AM,12/19/2014 5:00:00 AM,12/18/2014 5:45:00 AM,91263
12/19/2014 12:00:00 PM,12/19/2014 5:00:00 PM,12/18/2014 11:45:00 AM,102862
12/19/2014 1:00:00 AM,12/19/2014 6:00:00 AM,12/18/2014 5:45:00 AM,88917
12/19/2014 1:00:00 PM,12/19/2014 6:00:00 PM,12/18/2014 11:45:00 AM,101585
12/19/2014 2:00:00 AM,12/19/2014 7:00:00 AM,12/18/2014 5:45:00 AM,87961
12/19/2014 2:00:00 PM,12/19/2014 7:00:00 PM,12/18/2014 11:45:00 AM,100524
12/19/2014 3:00:00 AM,12/19/2014 8:00:00 AM,12/18/2014 5:45:00 AM,88204
12/19/2014 3:00:00 PM,12/19/2014 8:00:00 PM,12/18/2014 5:45:00 PM,100791
12/19/2014 4:00:00 AM,12/19/2014 9:00:00 AM,12/18/2014 5:45:00 AM,90214
12/19/2014 4:00:00 PM,12/19/2014 9:00:00 PM,12/18/2014 5:45:00 PM,103836
12/19/2014 5:00:00 AM,12/19/2014 10:00:00 AM,12/18/2014 5:45:00 AM,95732
12/19/2014 5:00:00 PM,12/19/2014 10:00:00 PM,12/18/2014 5:45:00 PM,110302
12/19/2014 6:00:00 AM,12/19/2014 11:00:00 AM,12/18/2014 5:45:00 AM,104732
12/19/2014 6:00:00 PM,12/19/2014 11:00:00 PM,12/18/2014 5:45:00 PM,111469
12/19/2014 7:00:00 AM,12/19/2014 12:00:00 PM,12/18/2014 5:45:00 AM,109908
12/19/2014 7:00:00 PM,12/20/2014 12:00:00 AM,12/18/2014 5:45:00 PM,110230
12/19/2014 8:00:00 AM,12/19/2014 1:00:00 PM,12/18/2014 9:45:00 AM,109413
12/19/2014 8:00:00 PM,12/20/2014 1:00:00 AM,12/18/2014 5:45:00 PM,108864
12/19/2014 9:00:00 AM,12/19/2014 2:00:00 PM,12/18/2014 9:45:00 AM,108010
12/19/2014 9:00:00 PM,12/20/2014 2:00:00 AM,12/18/2014 11:45:00 PM,106093
12/2/2014 10:00:00 AM,12/2/2014 3:00:00 PM,12/1/2014 9:45:00 AM,100028
12/2/2014 10:00:00 PM,12/3/2014 3:00:00 AM,12/1/2014 11:45:00 PM,93323
12/2/2014 11:00:00 AM,12/2/2014 4:00:00 PM,12/1/2014 11:45:00 AM,99622
12/2/2014 11:00:00 PM,12/3/2014 4:00:00 AM,12/1/2014 11:45:00 PM,87084
12/2/2014 12:00:00 AM,12/2/2014 5:00:00 AM,12/1/2014 5:45:00 AM,79861
12/2/2014 12:00:00 PM,12/2/2014 5:00:00 PM,12/1/2014 11:45:00 AM,99016
12/2/2014 1:00:00 AM,12/2/2014 6:00:00 AM,12/1/2014 5:45:00 AM,77684
12/2/2014 1:00:00 PM,12/2/2014 6:00:00 PM,12/1/2014 11:45:00 AM,98540
12/2/2014 2:00:00 AM,12/2/2014 7:00:00 AM,12/1/2014 5:45:00 AM,76776
12/2/2014 2:00:00 PM,12/2/2014 7:00:00 PM,12/1/2014 11:45:00 AM,97898
12/2/2014 3:00:00 AM,12/2/2014 8:00:00 AM,12/1/2014 5:45:00 AM,76942
12/2/2014 3:00:00 PM,12/2/2014 8:00:00 PM,12/1/2014 5:45:00 PM,100167
12/2/2014 4:00:00 AM,12/2/2014 9:00:00 AM,12/1/2014 5:45:00 AM,78981
12/2/2014 4:00:00 PM,12/2/2014 9:00:00 PM,12/1/2014 5:45:00 PM,103365
12/2/2014 5:00:00 AM,12/2/2014 10:00:00 AM,12/1/2014 5:45:00 AM,84597
12/2/2014 5:00:00 PM,12/2/2014 10:00:00 PM,12/1/2014 5:45:00 PM,109054
12/2/2014 6:00:00 AM,12/2/2014 11:00:00 AM,12/1/2014 5:45:00 AM,94053
12/2/2014 6:00:00 PM,12/2/2014 11:00:00 PM,12/1/2014 5:45:00 PM,109494
12/2/2014 7:00:00 AM,12/2/2014 12:00:00 PM,12/1/2014 5:45:00 AM,99375
12/2/2014 7:00:00 PM,12/3/2014 12:00:00 AM,12/1/2014 5:45:00 PM,107580
12/2/2014 8:00:00 AM,12/2/2014 1:00:00 PM,12/1/2014 9:45:00 AM,99941
12/2/2014 8:00:00 PM,12/3/2014 1:00:00 AM,12/1/2014 5:45:00 PM,104379
12/2/2014 9:00:00 AM,12/2/2014 2:00:00 PM,12/1/2014 9:45:00 AM,99936
12/2/2014 9:00:00 PM,12/3/2014 2:00:00 AM,12/1/2014 11:45:00 PM,99614
12/20/2014 10:00:00 AM,12/20/2014 3:00:00 PM,12/19/2014 9:45:00 AM,99598
12/20/2014 10:00:00 PM,12/21/2014 3:00:00 AM,12/19/2014 11:45:00 PM,97155
12/20/2014 11:00:00 AM,12/20/2014 4:00:00 PM,12/19/2014 11:45:00 AM,98000
12/20/2014 11:00:00 PM,12/21/2014 4:00:00 AM,12/19/2014 11:45:00 PM,92401
12/20/2014 12:00:00 AM,12/20/2014 5:00:00 AM,12/19/2014 5:45:00 AM,91113
12/20/2014 12:00:00 PM,12/20/2014 5:00:00 PM,12/19/2014 11:45:00 AM,96106
12/20/2014 1:00:00 AM,12/20/2014 6:00:00 AM,12/19/2014 5:45:00 AM,88540
12/20/2014 1:00:00 PM,12/20/2014 6:00:00 PM,12/19/2014 11:45:00 AM,94158
12/20/2014 2:00:00 AM,12/20/2014 7:00:00 AM,12/19/2014 5:45:00 AM,87343
12/20/2014 2:00:00 PM,12/20/2014 7:00:00 PM,12/19/2014 11:45:00 AM,92909
12/20/2014 3:00:00 AM,12/20/2014 8:00:00 AM,12/19/2014 5:45:00 AM,87100
12/20/2014 3:00:00 PM,12/20/2014 8:00:00 PM,12/19/2014 5:45:00 PM,93675
12/20/2014 4:00:00 AM,12/20/2014 9:00:00 AM,12/19/2014 5:45:00 AM,87919
12/20/2014 4:00:00 PM,12/20/2014 9:00:00 PM,12/19/2014 5:45:00 PM,96469
12/20/2014 5:00:00 AM,12/20/2014 10:00:00 AM,12/19/2014 5:45:00 AM,90387
12/20/2014 5:00:00 PM,12/20/2014 10:00:00 PM,12/19/2014 5:45:00 PM,103277
12/20/2014 6:00:00 AM,12/20/2014 11:00:00 AM,12/19/2014 5:45:00 AM,94132
12/20/2014 6:00:00 PM,12/20/2014 11:00:00 PM,12/19/2014 5:45:00 PM,104968
12/20/2014 7:00:00 AM,12/20/2014 12:00:00 PM,12/19/2014 5:45:00 AM,97635
12/20/2014 7:00:00 PM,12/21/2014 12:00:00 AM,12/19/2014 5:45:00 PM,104319
12/20/2014 8:00:00 AM,12/20/2014 1:00:00 PM,12/19/2014 9:45:00 AM,99381
12/20/2014 8:00:00 PM,12/21/2014 1:00:00 AM,12/19/2014 5:45:00 PM,103175
12/20/2014 9:00:00 AM,12/20/2014 2:00:00 PM,12/19/2014 9:45:00 AM,100189
12/20/2014 9:00:00 PM,12/21/2014 2:00:00 AM,12/19/2014 11:45:00 PM,100978
12/21/2014 10:00:00 AM,12/21/2014 3:00:00 PM,12/20/2014 9:45:00 AM,94115
12/21/2014 10:00:00 PM,12/22/2014 3:00:00 AM,12/20/2014 11:45:00 PM,96885
12/21/2014 11:00:00 AM,12/21/2014 4:00:00 PM,12/20/2014 11:45:00 AM,93265
12/21/2014 11:00:00 PM,12/22/2014 4:00:00 AM,12/20/2014 11:45:00 PM,91705
12/21/2014 12:00:00 AM,12/21/2014 5:00:00 AM,12/20/2014 5:45:00 AM,88576
12/21/2014 12:00:00 PM,12/21/2014 5:00:00 PM,12/20/2014 11:45:00 AM,92227
12/21/2014 1:00:00 AM,12/21/2014 6:00:00 AM,12/20/2014 5:45:00 AM,86127
12/21/2014 1:00:00 PM,12/21/2014 6:00:00 PM,12/20/2014 11:45:00 AM,90954
12/21/2014 2:00:00 AM,12/21/2014 7:00:00 AM,12/20/2014 5:45:00 AM,84920
12/21/2014 2:00:00 PM,12/21/2014 7:00:00 PM,12/20/2014 11:45:00 AM,90334
12/21/2014 3:00:00 AM,12/21/2014 8:00:00 AM,12/20/2014 5:45:00 AM,84560
12/21/2014 3:00:00 PM,12/21/2014 8:00:00 PM,12/20/2014 5:45:00 PM,90689
12/21/2014 4:00:00 AM,12/21/2014 9:00:00 AM,12/20/2014 5:45:00 AM,85121
12/21/2014 4:00:00 PM,12/21/2014 9:00:00 PM,12/20/2014 5:45:00 PM,94787
12/21/2014 5:00:00 AM,12/21/2014 10:00:00 AM,12/20/2014 5:45:00 AM,86966
12/21/2014 5:00:00 PM,12/21/2014 10:00:00 PM,12/20/2014 5:45:00 PM,102348
12/21/2014 6:00:00 AM,12/21/2014 11:00:00 AM,12/20/2014 5:45:00 AM,89931
12/21/2014 6:00:00 PM,12/21/2014 11:00:00 PM,12/20/2014 5:45:00 PM,105185
12/21/2014 7:00:00 AM,12/21/2014 12:00:00 PM,12/20/2014 5:45:00 AM,92693
12/21/2014 7:00:00 PM,12/22/2014 12:00:00 AM,12/20/2014 5:45:00 PM,105069
12/21/2014 8:00:00 AM,12/21/2014 1:00:00 PM,12/20/2014 9:45:00 AM,94797
12/21/2014 8:00:00 PM,12/22/2014 1:00:00 AM,12/20/2014 5:45:00 PM,104472
12/21/2014 9:00:00 AM,12/21/2014 2:00:00 PM,12/20/2014 9:45:00 AM,95143
12/21/2014 9:00:00 PM,12/22/2014 2:00:00 AM,12/20/2014 11:45:00 PM,101523
12/22/2014 10:00:00 AM,12/22/2014 3:00:00 PM,12/21/2014 9:45:00 AM,108020
12/22/2014 10:00:00 PM,12/23/2014 3:00:00 AM,12/21/2014 11:45:00 PM,99158
12/22/2014 11:00:00 AM,12/22/2014 4:00:00 PM,12/21/2014 11:45:00 AM,106535
12/22/2014 11:00:00 PM,12/23/2014 4:00:00 AM,12/21/2014 11:45:00 PM,92066
12/22/2014 12:00:00 AM,12/22/2014 5:00:00 AM,12/21/2014 5:45:00 AM,87784
12/22/2014 12:00:00 PM,12/22/2014 5:00:00 PM,12/21/2014 11:45:00 AM,105018
12/22/2014 1:00:00 AM,12/22/2014 6:00:00 AM,12/21/2014 5:45:00 AM,85841
12/22/2014 1:00:00 PM,12/22/2014 6:00:00 PM,12/21/2014 11:45:00 AM,103989
12/22/2014 2:00:00 AM,12/22/2014 7:00:00 AM,12/21/2014 5:45:00 AM,85326
12/22/2014 2:00:00 PM,12/22/2014 7:00:00 PM,12/21/2014 11:45:00 AM,103416
12/22/2014 3:00:00 AM,12/22/2014 8:00:00 AM,12/21/2014 5:45:00 AM,85861
12/22/2014 3:00:00 PM,12/22/2014 8:00:00 PM,12/21/2014 5:45:00 PM,103084
12/22/2014 4:00:00 AM,12/22/2014 9:00:00 AM,12/21/2014 5:45:00 AM,88178
12/22/2014 4:00:00 PM,12/22/2014 9:00:00 PM,12/21/2014 5:45:00 PM,106516
12/22/2014 5:00:00 AM,12/22/2014 10:00:00 AM,12/21/2014 5:45:00 AM,93981
12/22/2014 5:00:00 PM,12/22/2014 10:00:00 PM,12/21/2014 5:45:00 PM,112709
12/22/2014 6:00:00 AM,12/22/2014 11:00:00 AM,12/21/2014 5:45:00 AM,103214
12/22/2014 6:00:00 PM,12/22/2014 11:00:00 PM,12/21/2014 5:45:00 PM,113804
12/22/2014 7:00:00 AM,12/22/2014 12:00:00 PM,12/21/2014 5:45:00 AM,108570
12/22/2014 7:00:00 PM,12/23/2014 12:00:00 AM,12/21/2014 5:45:00 PM,112857
12/22/2014 8:00:00 AM,12/22/2014 1:00:00 PM,12/21/2014 9:45:00 AM,110645
12/22/2014 8:00:00 PM,12/23/2014 1:00:00 AM,12/21/2014 5:45:00 PM,110763
12/22/2014 9:00:00 AM,12/22/2014 2:00:00 PM,12/21/2014 9:45:00 AM,109416
12/22/2014 9:00:00 PM,12/23/2014 2:00:00 AM,12/21/2014 11:45:00 PM,106669
12/23/2014 10:00:00 AM,12/23/2014 3:00:00 PM,12/22/2014 9:45:00 AM,97827
12/23/2014 10:00:00 PM,12/24/2014 3:00:00 AM,12/22/2014 11:45:00 PM,90170
12/23/2014 11:00:00 AM,12/23/2014 4:00:00 PM,12/22/2014 11:45:00 AM,96770
12/23/2014 11:00:00 PM,12/24/2014 4:00:00 AM,12/22/2014 11:45:00 PM,83641
12/23/2014 12:00:00 AM,12/23/2014 5:00:00 AM,12/22/2014 5:45:00 AM,85006
12/23/2014 12:00:00 PM,12/23/2014 5:00:00 PM,12/22/2014 11:45:00 AM,95599
12/23/2014 1:00:00 AM,12/23/2014 6:00:00 AM,12/22/2014 5:45:00 AM,82191
12/23/2014 1:00:00 PM,12/23/2014 6:00:00 PM,12/22/2014 11:45:00 AM,94915
12/23/2014 2:00:00 AM,12/23/2014 7:00:00 AM,12/22/2014 5:45:00 AM,80799
12/23/2014 2:00:00 PM,12/23/2014 7:00:00 PM,12/22/2014 11:45:00 AM,94124
12/23/2014 3:00:00 AM,12/23/2014 8:00:00 AM,12/22/2014 5:45:00 AM,80580
12/23/2014 3:00:00 PM,12/23/2014 8:00:00 PM,12/22/2014 5:45:00 PM,94131
12/23/2014 4:00:00 AM,12/23/2014 9:00:00 AM,12/22/2014 5:45:00 AM,82264
12/23/2014 4:00:00 PM,12/23/2014 9:00:00 PM,12/22/2014 5:45:00 PM,96774
12/23/2014 5:00:00 AM,12/23/2014 10:00:00 AM,12/22/2014 5:45:00 AM,87450
12/23/2014 5:00:00 PM,12/23/2014 10:00:00 PM,12/22/2014 5:45:00 PM,102359
12/23/2014 6:00:00 AM,12/23/2014 11:00:00 AM,12/22/2014 5:45:00 AM,96346
12/23/2014 6:00:00 PM,12/23/2014 11:00:00 PM,12/22/2014 5:45:00 PM,103250
12/23/2014 7:00:00 AM,12/23/2014 12:00:00 PM,12/22/2014 5:45:00 AM,101709
12/23/2014 7:00:00 PM,12/24/2014 12:00:00 AM,12/22/2014 5:45:00 PM,102100
12/23/2014 8:00:00 AM,12/23/2014 1:00:00 PM,12/22/2014 9:45:00 AM,99205
12/23/2014 8:00:00 PM,12/24/2014 1:00:00 AM,12/22/2014 5:45:00 PM,100140
12/23/2014 9:00:00 AM,12/23/2014 2:00:00 PM,12/22/2014 9:45:00 AM,98643
12/23/2014 9:00:00 PM,12/24/2014 2:00:00 AM,12/22/2014 11:45:00 PM,96299
12/24/2014 10:00:00 AM,12/24/2014 3:00:00 PM,12/23/2014 9:45:00 AM,82752
12/24/2014 10:00:00 PM,12/25/2014 3:00:00 AM,12/23/2014 11:45:00 PM,85793
12/24/2014 11:00:00 AM,12/24/2014 4:00:00 PM,12/23/2014 11:45:00 AM,82294
12/24/2014 11:00:00 PM,12/25/2014 4:00:00 AM,12/23/2014 11:45:00 PM,81723
12/24/2014 12:00:00 AM,12/24/2014 5:00:00 AM,12/23/2014 5:45:00 AM,73595
12/24/2014 12:00:00 PM,12/24/2014 5:00:00 PM,12/23/2014 11:45:00 AM,81577
12/24/2014 1:00:00 AM,12/24/2014 6:00:00 AM,12/23/2014 5:45:00 AM,70430
12/24/2014 1:00:00 PM,12/24/2014 6:00:00 PM,12/23/2014 11:45:00 AM,80686
12/24/2014 2:00:00 AM,12/24/2014 7:00:00 AM,12/23/2014 5:45:00 AM,68817
12/24/2014 2:00:00 PM,12/24/2014 7:00:00 PM,12/23/2014 11:45:00 AM,79956
12/24/2014 3:00:00 AM,12/24/2014 8:00:00 AM,12/23/2014 5:45:00 AM,68310
12/24/2014 3:00:00 PM,12/24/2014 8:00:00 PM,12/23/2014 5:45:00 PM,83865
12/24/2014 4:00:00 AM,12/24/2014 9:00:00 AM,12/23/2014 5:45:00 AM,68946
12/24/2014 4:00:00 PM,12/24/2014 9:00:00 PM,12/23/2014 5:45:00 PM,86686
12/24/2014 5:00:00 AM,12/24/2014 10:00:00 AM,12/23/2014 5:45:00 AM,71237
12/24/2014 5:00:00 PM,12/24/2014 10:00:00 PM,12/23/2014 5:45:00 PM,92566
12/24/2014 6:00:00 AM,12/24/2014 11:00:00 AM,12/23/2014 5:45:00 AM,74820
12/24/2014 6:00:00 PM,12/24/2014 11:00:00 PM,12/23/2014 5:45:00 PM,92723
12/24/2014 7:00:00 AM,12/24/2014 12:00:00 PM,12/23/2014 5:45:00 AM,78497
12/24/2014 7:00:00 PM,12/25/2014 12:00:00 AM,12/23/2014 5:45:00 PM,91823
12/24/2014 8:00:00 AM,12/24/2014 1:00:00 PM,12/23/2014 9:45:00 AM,80967
12/24/2014 8:00:00 PM,12/25/2014 1:00:00 AM,12/23/2014 5:45:00 PM,90466
12/24/2014 9:00:00 AM,12/24/2014 2:00:00 PM,12/23/2014 9:45:00 AM,82453
12/24/2014 9:00:00 PM,12/25/2014 2:00:00 AM,12/23/2014 11:45:00 PM,88597
12/25/2014 10:00:00 AM,12/25/2014 3:00:00 PM,12/24/2014 9:45:00 AM,84214
12/25/2014 10:00:00 PM,12/26/2014 3:00:00 AM,12/24/2014 11:45:00 PM,82918
12/25/2014 11:00:00 AM,12/25/2014 4:00:00 PM,12/24/2014 11:45:00 AM,83397
12/25/2014 11:00:00 PM,12/26/2014 4:00:00 AM,12/24/2014 11:45:00 PM,78908
12/25/2014 12:00:00 AM,12/25/2014 5:00:00 AM,12/24/2014 5:45:00 AM,78901
12/25/2014 12:00:00 PM,12/25/2014 5:00:00 PM,12/24/2014 11:45:00 AM,82030
12/25/2014 1:00:00 AM,12/25/2014 6:00:00 AM,12/24/2014 5:45:00 AM,75833
12/25/2014 1:00:00 PM,12/25/2014 6:00:00 PM,12/24/2014 11:45:00 AM,80349
12/25/2014 2:00:00 AM,12/25/2014 7:00:00 AM,12/24/2014 5:45:00 AM,74181
12/25/2014 2:00:00 PM,12/25/2014 7:00:00 PM,12/24/2014 11:45:00 AM,79083
12/25/2014 3:00:00 AM,12/25/2014 8:00:00 AM,12/24/2014 5:45:00 AM,73591
12/25/2014 3:00:00 PM,12/25/2014 8:00:00 PM,12/24/2014 5:45:00 PM,78777
12/25/2014 4:00:00 AM,12/25/2014 9:00:00 AM,12/24/2014 5:45:00 AM,74047
12/25/2014 4:00:00 PM,12/25/2014 9:00:00 PM,12/24/2014 5:45:00 PM,80957
12/25/2014 5:00:00 AM,12/25/2014 10:00:00 AM,12/24/2014 5:45:00 AM,75735
12/25/2014 5:00:00 PM,12/25/2014 10:00:00 PM,12/24/2014 5:45:00 PM,86844
12/25/2014 6:00:00 AM,12/25/2014 11:00:00 AM,12/24/2014 5:45:00 AM,78544
12/25/2014 6:00:00 PM,12/25/2014 11:00:00 PM,12/24/2014 5:45:00 PM,88558
12/25/2014 7:00:00 AM,12/25/2014 12:00:00 PM,12/24/2014 5:45:00 AM,81712
12/25/2014 7:00:00 PM,12/26/2014 12:00:00 AM,12/24/2014 5:45:00 PM,88639
12/25/2014 8:00:00 AM,12/25/2014 1:00:00 PM,12/24/2014 9:45:00 AM,82212
12/25/2014 8:00:00 PM,12/26/2014 1:00:00 AM,12/24/2014 5:45:00 PM,88499
12/25/2014 9:00:00 AM,12/25/2014 2:00:00 PM,12/24/2014 9:45:00 AM,84199
12/25/2014 9:00:00 PM,12/26/2014 2:00:00 AM,12/24/2014 11:45:00 PM,85917
12/26/2014 10:00:00 AM,12/26/2014 3:00:00 PM,12/25/2014 9:45:00 AM,92966
12/26/2014 10:00:00 PM,12/27/2014 3:00:00 AM,12/25/2014 11:45:00 PM,86287
12/26/2014 11:00:00 AM,12/26/2014 4:00:00 PM,12/25/2014 11:45:00 AM,90994
12/26/2014 11:00:00 PM,12/27/2014 4:00:00 AM,12/25/2014 11:45:00 PM,81488
12/26/2014 12:00:00 AM,12/26/2014 5:00:00 AM,12/25/2014 5:45:00 AM,78345
12/26/2014 12:00:00 PM,12/26/2014 5:00:00 PM,12/25/2014 11:45:00 AM,89443
12/26/2014 1:00:00 AM,12/26/2014 6:00:00 AM,12/25/2014 5:45:00 AM,76248
12/26/2014 1:00:00 PM,12/26/2014 6:00:00 PM,12/25/2014 11:45:00 AM,88178
12/26/2014 2:00:00 AM,12/26/2014 7:00:00 AM,12/25/2014 5:45:00 AM,75468
12/26/2014 2:00:00 PM,12/26/2014 7:00:00 PM,12/25/2014 11:45:00 AM,87188
12/26/2014 3:00:00 AM,12/26/2014 8:00:00 AM,12/25/2014 5:45:00 AM,75764
12/26/2014 3:00:00 PM,12/26/2014 8:00:00 PM,12/25/2014 5:45:00 PM,83416
12/26/2014 4:00:00 AM,12/26/2014 9:00:00 AM,12/25/2014 5:45:00 AM,77728
12/26/2014 4:00:00 PM,12/26/2014 9:00:00 PM,12/25/2014 5:45:00 PM,86682
12/26/2014 5:00:00 AM,12/26/2014 10:00:00 AM,12/25/2014 5:45:00 AM,82921
12/26/2014 5:00:00 PM,12/26/2014 10:00:00 PM,12/25/2014 5:45:00 PM,93982
12/26/2014 6:00:00 AM,12/26/2014 11:00:00 AM,12/25/2014 5:45:00 AM,91070
12/26/2014 6:00:00 PM,12/26/2014 11:00:00 PM,12/25/2014 5:45:00 PM,94720
12/26/2014 7:00:00 AM,12/26/2014 12:00:00 PM,12/25/2014 5:45:00 AM,95636
12/26/2014 7:00:00 PM,12/27/2014 12:00:00 AM,12/25/2014 5:45:00 PM,92863
12/26/2014 8:00:00 AM,12/26/2014 1:00:00 PM,12/25/2014 9:45:00 AM,95576
12/26/2014 8:00:00 PM,12/27/2014 1:00:00 AM,12/25/2014 5:45:00 PM,91684
12/26/2014 9:00:00 AM,12/26/2014 2:00:00 PM,12/25/2014 9:45:00 AM,94198
12/26/2014 9:00:00 PM,12/27/2014 2:00:00 AM,12/25/2014 11:45:00 PM,89956
12/27/2014 10:00:00 AM,12/27/2014 3:00:00 PM,12/26/2014 9:45:00 AM,87783
12/27/2014 10:00:00 PM,12/28/2014 3:00:00 AM,12/26/2014 11:45:00 PM,84287
12/27/2014 11:00:00 AM,12/27/2014 4:00:00 PM,12/26/2014 11:45:00 AM,85042
12/27/2014 11:00:00 PM,12/28/2014 4:00:00 AM,12/26/2014 11:45:00 PM,79925
12/27/2014 12:00:00 AM,12/27/2014 5:00:00 AM,12/26/2014 5:45:00 AM,80052
12/27/2014 12:00:00 PM,12/27/2014 5:00:00 PM,12/26/2014 11:45:00 AM,82928
12/27/2014 1:00:00 AM,12/27/2014 6:00:00 AM,12/26/2014 5:45:00 AM,77533
12/27/2014 1:00:00 PM,12/27/2014 6:00:00 PM,12/26/2014 11:45:00 AM,81023
12/27/2014 2:00:00 AM,12/27/2014 7:00:00 AM,12/26/2014 5:45:00 AM,76438
12/27/2014 2:00:00 PM,12/27/2014 7:00:00 PM,12/26/2014 11:45:00 AM,79798
12/27/2014 3:00:00 AM,12/27/2014 8:00:00 AM,12/26/2014 5:45:00 AM,76197
12/27/2014 3:00:00 PM,12/27/2014 8:00:00 PM,12/26/2014 5:45:00 PM,79730
12/27/2014 4:00:00 AM,12/27/2014 9:00:00 AM,12/26/2014 5:45:00 AM,77130
12/27/2014 4:00:00 PM,12/27/2014 9:00:00 PM,12/26/2014 5:45:00 PM,82920
12/27/2014 5:00:00 AM,12/27/2014 10:00:00 AM,12/26/2014 5:45:00 AM,79587
12/27/2014 5:00:00 PM,12/27/2014 10:00:00 PM,12/26/2014 5:45:00 PM,90467
12/27/2014 6:00:00 AM,12/27/2014 11:00:00 AM,12/26/2014 5:45:00 AM,83151
12/27/2014 6:00:00 PM,12/27/2014 11:00:00 PM,12/26/2014 5:45:00 PM,91647
12/27/2014 7:00:00 AM,12/27/2014 12:00:00 PM,12/26/2014 5:45:00 AM,86668
12/27/2014 7:00:00 PM,12/28/2014 12:00:00 AM,12/26/2014 5:45:00 PM,90608
12/27/2014 8:00:00 AM,12/27/2014 1:00:00 PM,12/26/2014 9:45:00 AM,88683
12/27/2014 8:00:00 PM,12/28/2014 1:00:00 AM,12/26/2014 5:45:00 PM,89304
12/27/2014 9:00:00 AM,12/27/2014 2:00:00 PM,12/26/2014 9:45:00 AM,88852
12/27/2014 9:00:00 PM,12/28/2014 2:00:00 AM,12/26/2014 11:45:00 PM,87654
12/28/2014 10:00:00 AM,12/28/2014 3:00:00 PM,12/27/2014 9:45:00 AM,85568
12/28/2014 10:00:00 PM,12/29/2014 3:00:00 AM,12/27/2014 11:45:00 PM,88819
12/28/2014 11:00:00 AM,12/28/2014 4:00:00 PM,12/27/2014 11:45:00 AM,85894
12/28/2014 11:00:00 PM,12/29/2014 4:00:00 AM,12/27/2014 11:45:00 PM,83589
12/28/2014 12:00:00 AM,12/28/2014 5:00:00 AM,12/27/2014 5:45:00 AM,76339
12/28/2014 12:00:00 PM,12/28/2014 5:00:00 PM,12/27/2014 11:45:00 AM,85842
12/28/2014 1:00:00 AM,12/28/2014 6:00:00 AM,12/27/2014 5:45:00 AM,73633
12/28/2014 1:00:00 PM,12/28/2014 6:00:00 PM,12/27/2014 11:45:00 AM,85501
12/28/2014 2:00:00 AM,12/28/2014 7:00:00 AM,12/27/2014 5:45:00 AM,72326
12/28/2014 2:00:00 PM,12/28/2014 7:00:00 PM,12/27/2014 11:45:00 AM,85407
12/28/2014 3:00:00 AM,12/28/2014 8:00:00 AM,12/27/2014 5:45:00 AM,71860
12/28/2014 3:00:00 PM,12/28/2014 8:00:00 PM,12/27/2014 5:45:00 PM,86646
12/28/2014 4:00:00 AM,12/28/2014 9:00:00 AM,12/27/2014 5:45:00 AM,72266
12/28/2014 4:00:00 PM,12/28/2014 9:00:00 PM,12/27/2014 5:45:00 PM,90245
12/28/2014 5:00:00 AM,12/28/2014 10:00:00 AM,12/27/2014 5:45:00 AM,73918
12/28/2014 5:00:00 PM,12/28/2014 10:00:00 PM,12/27/2014 5:45:00 PM,97929
12/28/2014 6:00:00 AM,12/28/2014 11:00:00 AM,12/27/2014 5:45:00 AM,76663
12/28/2014 6:00:00 PM,12/28/2014 11:00:00 PM,12/27/2014 5:45:00 PM,99282
12/28/2014 7:00:00 AM,12/28/2014 12:00:00 PM,12/27/2014 5:45:00 AM,79963
12/28/2014 7:00:00 PM,12/29/2014 12:00:00 AM,12/27/2014 5:45:00 PM,98411
12/28/2014 8:00:00 AM,12/28/2014 1:00:00 PM,12/27/2014 9:45:00 AM,82915
12/28/2014 8:00:00 PM,12/29/2014 1:00:00 AM,12/27/2014 5:45:00 PM,96888
12/28/2014 9:00:00 AM,12/28/2014 2:00:00 PM,12/27/2014 9:45:00 AM,84843
12/28/2014 9:00:00 PM,12/29/2014 2:00:00 AM,12/27/2014 11:45:00 PM,93649
12/29/2014 10:00:00 AM,12/29/2014 3:00:00 PM,12/28/2014 9:45:00 AM,101247
12/29/2014 10:00:00 PM,12/30/2014 3:00:00 AM,12/28/2014 11:45:00 PM,98852
12/29/2014 11:00:00 AM,12/29/2014 4:00:00 PM,12/28/2014 11:45:00 AM,100652
12/29/2014 11:00:00 PM,12/30/2014 4:00:00 AM,12/28/2014 11:45:00 PM,92615
12/29/2014 12:00:00 AM,12/29/2014 5:00:00 AM,12/28/2014 5:45:00 AM,79639
12/29/2014 12:00:00 PM,12/29/2014 5:00:00 PM,12/28/2014 11:45:00 AM,99465
12/29/2014 1:00:00 AM,12/29/2014 6:00:00 AM,12/28/2014 5:45:00 AM,77540
12/29/2014 1:00:00 PM,12/29/2014 6:00:00 PM,12/28/2014 11:45:00 AM,98575
12/29/2014 2:00:00 AM,12/29/2014 7:00:00 AM,12/28/2014 5:45:00 AM,76866
12/29/2014 2:00:00 PM,12/29/2014 7:00:00 PM,12/28/2014 11:45:00 AM,97813
12/29/2014 3:00:00 AM,12/29/2014 8:00:00 AM,12/28/2014 5:45:00 AM,77357
12/29/2014 3:00:00 PM,12/29/2014 8:00:00 PM,12/28/2014 5:45:00 PM,98179
12/29/2014 4:00:00 AM,12/29/2014 9:00:00 AM,12/28/2014 5:45:00 AM,79666
12/29/2014 4:00:00 PM,12/29/2014 9:00:00 PM,12/28/2014 5:45:00 PM,101643
12/29/2014 5:00:00 AM,12/29/2014 10:00:00 AM,12/28/2014 5:45:00 AM,85381
12/29/2014 5:00:00 PM,12/29/2014 10:00:00 PM,12/28/2014 5:45:00 PM,109503
12/29/2014 6:00:00 AM,12/29/2014 11:00:00 AM,12/28/2014 5:45:00 AM,94695
12/29/2014 6:00:00 PM,12/29/2014 11:00:00 PM,12/28/2014 5:45:00 PM,111256
12/29/2014 7:00:00 AM,12/29/2014 12:00:00 PM,12/28/2014 5:45:00 AM,100884
12/29/2014 7:00:00 PM,12/30/2014 12:00:00 AM,12/28/2014 5:45:00 PM,110465
12/29/2014 8:00:00 AM,12/29/2014 1:00:00 PM,12/28/2014 9:45:00 AM,101751
12/29/2014 8:00:00 PM,12/30/2014 1:00:00 AM,12/28/2014 5:45:00 PM,108503
12/29/2014 9:00:00 AM,12/29/2014 2:00:00 PM,12/28/2014 9:45:00 AM,101572
12/29/2014 9:00:00 PM,12/30/2014 2:00:00 AM,12/28/2014 11:45:00 PM,104768
12/3/2014 10:00:00 AM,12/3/2014 3:00:00 PM,12/2/2014 9:45:00 AM,96227
12/3/2014 10:00:00 PM,12/4/2014 3:00:00 AM,12/2/2014 11:45:00 PM,91967
12/3/2014 11:00:00 AM,12/3/2014 4:00:00 PM,12/2/2014 11:45:00 AM,95170
12/3/2014 11:00:00 PM,12/4/2014 4:00:00 AM,12/2/2014 11:45:00 PM,86175
12/3/2014 12:00:00 AM,12/3/2014 5:00:00 AM,12/2/2014 5:45:00 AM,81293
12/3/2014 12:00:00 PM,12/3/2014 5:00:00 PM,12/2/2014 11:45:00 AM,93908
12/3/2014 1:00:00 AM,12/3/2014 6:00:00 AM,12/2/2014 5:45:00 AM,78795
12/3/2014 1:00:00 PM,12/3/2014 6:00:00 PM,12/2/2014 11:45:00 AM,93106
12/3/2014 2:00:00 AM,12/3/2014 7:00:00 AM,12/2/2014 5:45:00 AM,77560
12/3/2014 2:00:00 PM,12/3/2014 7:00:00 PM,12/2/2014 11:45:00 AM,92374
12/3/2014 3:00:00 AM,12/3/2014 8:00:00 AM,12/2/2014 5:45:00 AM,77396
12/3/2014 3:00:00 PM,12/3/2014 8:00:00 PM,12/2/2014 5:45:00 PM,92755
12/3/2014 4:00:00 AM,12/3/2014 9:00:00 AM,12/2/2014 5:45:00 AM,79056
12/3/2014 4:00:00 PM,12/3/2014 9:00:00 PM,12/2/2014 5:45:00 PM,94976
12/3/2014 5:00:00 AM,12/3/2014 10:00:00 AM,12/2/2014 5:45:00 AM,84148
12/3/2014 5:00:00 PM,12/3/2014 10:00:00 PM,12/2/2014 5:45:00 PM,100529
12/3/2014 6:00:00 AM,12/3/2014 11:00:00 AM,12/2/2014 5:45:00 AM,93056
12/3/2014 6:00:00 PM,12/3/2014 11:00:00 PM,12/2/2014 5:45:00 PM,102225
12/3/2014 7:00:00 AM,12/3/2014 12:00:00 PM,12/2/2014 5:45:00 AM,97962
12/3/2014 7:00:00 PM,12/4/2014 12:00:00 AM,12/2/2014 5:45:00 PM,101387
12/3/2014 8:00:00 AM,12/3/2014 1:00:00 PM,12/2/2014 9:45:00 AM,97803
12/3/2014 8:00:00 PM,12/4/2014 1:00:00 AM,12/2/2014 5:45:00 PM,99523
12/3/2014 9:00:00 AM,12/3/2014 2:00:00 PM,12/2/2014 9:45:00 AM,97008
12/3/2014 9:00:00 PM,12/4/2014 2:00:00 AM,12/2/2014 11:45:00 PM,97694
12/30/2014 10:00:00 AM,12/30/2014 3:00:00 PM,12/29/2014 9:45:00 AM,104597
12/30/2014 10:00:00 PM,12/31/2014 3:00:00 AM,12/29/2014 11:45:00 PM,104031
12/30/2014 11:00:00 AM,12/30/2014 4:00:00 PM,12/29/2014 11:45:00 AM,104193
12/30/2014 11:00:00 PM,12/31/2014 4:00:00 AM,12/29/2014 11:45:00 PM,98069
12/30/2014 12:00:00 AM,12/30/2014 5:00:00 AM,12/29/2014 5:45:00 AM,87264
12/30/2014 12:00:00 PM,12/30/2014 5:00:00 PM,12/29/2014 11:45:00 AM,103179
12/30/2014 1:00:00 AM,12/30/2014 6:00:00 AM,12/29/2014 5:45:00 AM,84942
12/30/2014 1:00:00 PM,12/30/2014 6:00:00 PM,12/29/2014 11:45:00 AM,102210
12/30/2014 2:00:00 AM,12/30/2014 7:00:00 AM,12/29/2014 5:45:00 AM,84195
12/30/2014 2:00:00 PM,12/30/2014 7:00:00 PM,12/29/2014 11:45:00 AM,101361
12/30/2014 3:00:00 AM,12/30/2014 8:00:00 AM,12/29/2014 5:45:00 AM,84514
12/30/2014 3:00:00 PM,12/30/2014 8:00:00 PM,12/29/2014 5:45:00 PM,101375
12/30/2014 4:00:00 AM,12/30/2014 9:00:00 AM,12/29/2014 5:45:00 AM,86766
12/30/2014 4:00:00 PM,12/30/2014 9:00:00 PM,12/29/2014 5:45:00 PM,104102
12/30/2014 5:00:00 AM,12/30/2014 10:00:00 AM,12/29/2014 5:45:00 AM,92526
12/30/2014 5:00:00 PM,12/30/2014 10:00:00 PM,12/29/2014 5:45:00 PM,111920
12/30/2014 6:00:00 AM,12/30/2014 11:00:00 AM,12/29/2014 5:45:00 AM,101896
12/30/2014 6:00:00 PM,12/30/2014 11:00:00 PM,12/29/2014 5:45:00 PM,114146
12/30/2014 7:00:00 AM,12/30/2014 12:00:00 PM,12/29/2014 5:45:00 AM,107611
12/30/2014 7:00:00 PM,12/31/2014 12:00:00 AM,12/29/2014 5:45:00 PM,113295
12/30/2014 8:00:00 AM,12/30/2014 1:00:00 PM,12/29/2014 9:45:00 AM,103333
12/30/2014 8:00:00 PM,12/31/2014 1:00:00 AM,12/29/2014 5:45:00 PM,111992
12/30/2014 9:00:00 AM,12/30/2014 2:00:00 PM,12/29/2014 9:45:00 AM,104027
12/30/2014 9:00:00 PM,12/31/2014 2:00:00 AM,12/29/2014 11:45:00 PM,109511
12/31/2014 10:00:00 AM,12/31/2014 3:00:00 PM,12/30/2014 9:45:00 AM,108379
12/31/2014 10:00:00 PM,1/1/2015 3:00:00 AM,12/30/2014 11:45:00 PM,100896
12/31/2014 11:00:00 AM,12/31/2014 4:00:00 PM,12/30/2014 11:45:00 AM,106580
12/31/2014 11:00:00 PM,1/1/2015 4:00:00 AM,12/30/2014 11:45:00 PM,96444
12/31/2014 12:00:00 AM,12/31/2014 5:00:00 AM,12/30/2014 5:45:00 AM,95189
12/31/2014 12:00:00 PM,12/31/2014 5:00:00 PM,12/30/2014 11:45:00 AM,104970
12/31/2014 1:00:00 AM,12/31/2014 6:00:00 AM,12/30/2014 5:45:00 AM,93059
12/31/2014 1:00:00 PM,12/31/2014 6:00:00 PM,12/30/2014 11:45:00 AM,103804
12/31/2014 2:00:00 AM,12/31/2014 7:00:00 AM,12/30/2014 5:45:00 AM,92491
12/31/2014 2:00:00 PM,12/31/2014 7:00:00 PM,12/30/2014 11:45:00 AM,102648
12/31/2014 3:00:00 AM,12/31/2014 8:00:00 AM,12/30/2014 5:45:00 AM,93018
12/31/2014 3:00:00 PM,12/31/2014 8:00:00 PM,12/30/2014 5:45:00 PM,102297
12/31/2014 4:00:00 AM,12/31/2014 9:00:00 AM,12/30/2014 5:45:00 AM,95234
12/31/2014 4:00:00 PM,12/31/2014 9:00:00 PM,12/30/2014 5:45:00 PM,105033
12/31/2014 5:00:00 AM,12/31/2014 10:00:00 AM,12/30/2014 5:45:00 AM,101026
12/31/2014 5:00:00 PM,12/31/2014 10:00:00 PM,12/30/2014 5:45:00 PM,112816
12/31/2014 6:00:00 AM,12/31/2014 11:00:00 AM,12/30/2014 5:45:00 AM,110172
12/31/2014 6:00:00 PM,12/31/2014 11:00:00 PM,12/30/2014 5:45:00 PM,114884
12/31/2014 7:00:00 AM,12/31/2014 12:00:00 PM,12/30/2014 5:45:00 AM,115556
12/31/2014 7:00:00 PM,1/1/2015 12:00:00 AM,12/30/2014 5:45:00 PM,113224
12/31/2014 8:00:00 AM,12/31/2014 1:00:00 PM,12/30/2014 9:45:00 AM,109144
12/31/2014 8:00:00 PM,1/1/2015 1:00:00 AM,12/30/2014 5:45:00 PM,110948
12/31/2014 9:00:00 AM,12/31/2014 2:00:00 PM,12/30/2014 9:45:00 AM,108871
12/31/2014 9:00:00 PM,1/1/2015 2:00:00 AM,12/30/2014 11:45:00 PM,105403
12/4/2014 10:00:00 AM,12/4/2014 3:00:00 PM,12/3/2014 9:45:00 AM,102293
12/4/2014 10:00:00 PM,12/5/2014 3:00:00 AM,12/3/2014 11:45:00 PM,96284
12/4/2014 11:00:00 AM,12/4/2014 4:00:00 PM,12/3/2014 11:45:00 AM,102427
12/4/2014 11:00:00 PM,12/5/2014 4:00:00 AM,12/3/2014 11:45:00 PM,90503
12/4/2014 12:00:00 AM,12/4/2014 5:00:00 AM,12/3/2014 5:45:00 AM,82922
12/4/2014 12:00:00 PM,12/4/2014 5:00:00 PM,12/3/2014 11:45:00 AM,101730
12/4/2014 1:00:00 AM,12/4/2014 6:00:00 AM,12/3/2014 5:45:00 AM,80859
12/4/2014 1:00:00 PM,12/4/2014 6:00:00 PM,12/3/2014 11:45:00 AM,101185
12/4/2014 2:00:00 AM,12/4/2014 7:00:00 AM,12/3/2014 5:45:00 AM,80062
12/4/2014 2:00:00 PM,12/4/2014 7:00:00 PM,12/3/2014 11:45:00 AM,100964
12/4/2014 3:00:00 AM,12/4/2014 8:00:00 AM,12/3/2014 5:45:00 AM,80342
12/4/2014 3:00:00 PM,12/4/2014 8:00:00 PM,12/3/2014 5:45:00 PM,99795
12/4/2014 4:00:00 AM,12/4/2014 9:00:00 AM,12/3/2014 5:45:00 AM,82516
12/4/2014 4:00:00 PM,12/4/2014 9:00:00 PM,12/3/2014 5:45:00 PM,102612
12/4/2014 5:00:00 AM,12/4/2014 10:00:00 AM,12/3/2014 5:45:00 AM,88207
12/4/2014 5:00:00 PM,12/4/2014 10:00:00 PM,12/3/2014 5:45:00 PM,108886
12/4/2014 6:00:00 AM,12/4/2014 11:00:00 AM,12/3/2014 5:45:00 AM,97578
12/4/2014 6:00:00 PM,12/4/2014 11:00:00 PM,12/3/2014 5:45:00 PM,110066
12/4/2014 7:00:00 AM,12/4/2014 12:00:00 PM,12/3/2014 5:45:00 AM,102586
12/4/2014 7:00:00 PM,12/5/2014 12:00:00 AM,12/3/2014 5:45:00 PM,108775
12/4/2014 8:00:00 AM,12/4/2014 1:00:00 PM,12/3/2014 9:45:00 AM,103929
12/4/2014 8:00:00 PM,12/5/2014 1:00:00 AM,12/3/2014 5:45:00 PM,106768
12/4/2014 9:00:00 AM,12/4/2014 2:00:00 PM,12/3/2014 9:45:00 AM,103137
12/4/2014 9:00:00 PM,12/5/2014 2:00:00 AM,12/3/2014 11:45:00 PM,101996
12/5/2014 10:00:00 AM,12/5/2014 3:00:00 PM,12/4/2014 9:45:00 AM,98987
12/5/2014 10:00:00 PM,12/6/2014 3:00:00 AM,12/4/2014 11:45:00 PM,88774
12/5/2014 11:00:00 AM,12/5/2014 4:00:00 PM,12/4/2014 11:45:00 AM,97853
12/5/2014 11:00:00 PM,12/6/2014 4:00:00 AM,12/4/2014 11:45:00 PM,83194
12/5/2014 12:00:00 AM,12/5/2014 5:00:00 AM,12/4/2014 5:45:00 AM,84301
12/5/2014 12:00:00 PM,12/5/2014 5:00:00 PM,12/4/2014 11:45:00 AM,96470
12/5/2014 1:00:00 AM,12/5/2014 6:00:00 AM,12/4/2014 5:45:00 AM,81840
12/5/2014 1:00:00 PM,12/5/2014 6:00:00 PM,12/4/2014 11:45:00 AM,95401
12/5/2014 2:00:00 AM,12/5/2014 7:00:00 AM,12/4/2014 5:45:00 AM,80665
12/5/2014 2:00:00 PM,12/5/2014 7:00:00 PM,12/4/2014 11:45:00 AM,94377
12/5/2014 3:00:00 AM,12/5/2014 8:00:00 AM,12/4/2014 5:45:00 AM,80552
12/5/2014 3:00:00 PM,12/5/2014 8:00:00 PM,12/4/2014 5:45:00 PM,94548
12/5/2014 4:00:00 AM,12/5/2014 9:00:00 AM,12/4/2014 5:45:00 AM,82247
12/5/2014 4:00:00 PM,12/5/2014 9:00:00 PM,12/4/2014 5:45:00 PM,96703
12/5/2014 5:00:00 AM,12/5/2014 10:00:00 AM,12/4/2014 5:45:00 AM,87171
12/5/2014 5:00:00 PM,12/5/2014 10:00:00 PM,12/4/2014 5:45:00 PM,101094
12/5/2014 6:00:00 AM,12/5/2014 11:00:00 AM,12/4/2014 5:45:00 AM,95563
12/5/2014 6:00:00 PM,12/5/2014 11:00:00 PM,12/4/2014 5:45:00 PM,101278
12/5/2014 7:00:00 AM,12/5/2014 12:00:00 PM,12/4/2014 5:45:00 AM,100379
12/5/2014 7:00:00 PM,12/6/2014 12:00:00 AM,12/4/2014 5:45:00 PM,99208
12/5/2014 8:00:00 AM,12/5/2014 1:00:00 PM,12/4/2014 9:45:00 AM,100538
12/5/2014 8:00:00 PM,12/6/2014 1:00:00 AM,12/4/2014 5:45:00 PM,96901
12/5/2014 9:00:00 AM,12/5/2014 2:00:00 PM,12/4/2014 9:45:00 AM,99846
12/5/2014 9:00:00 PM,12/6/2014 2:00:00 AM,12/4/2014 11:45:00 PM,93602
12/6/2014 10:00:00 AM,12/6/2014 3:00:00 PM,12/5/2014 9:45:00 AM,87609
12/6/2014 10:00:00 PM,12/7/2014 3:00:00 AM,12/5/2014 11:45:00 PM,85085
12/6/2014 11:00:00 AM,12/6/2014 4:00:00 PM,12/5/2014 11:45:00 AM,87356
12/6/2014 11:00:00 PM,12/7/2014 4:00:00 AM,12/5/2014 11:45:00 PM,80833
12/6/2014 12:00:00 AM,12/6/2014 5:00:00 AM,12/5/2014 5:45:00 AM,78065
12/6/2014 12:00:00 PM,12/6/2014 5:00:00 PM,12/5/2014 11:45:00 AM,86302
12/6/2014 1:00:00 AM,12/6/2014 6:00:00 AM,12/5/2014 5:45:00 AM,75091
12/6/2014 1:00:00 PM,12/6/2014 6:00:00 PM,12/5/2014 11:45:00 AM,85080
12/6/2014 2:00:00 AM,12/6/2014 7:00:00 AM,12/5/2014 5:45:00 AM,73396
12/6/2014 2:00:00 PM,12/6/2014 7:00:00 PM,12/5/2014 11:45:00 AM,84058
12/6/2014 3:00:00 AM,12/6/2014 8:00:00 AM,12/5/2014 5:45:00 AM,72606
12/6/2014 3:00:00 PM,12/6/2014 8:00:00 PM,12/5/2014 5:45:00 PM,87235
12/6/2014 4:00:00 AM,12/6/2014 9:00:00 AM,12/5/2014 5:45:00 AM,72999
12/6/2014 4:00:00 PM,12/6/2014 9:00:00 PM,12/5/2014 5:45:00 PM,88699
12/6/2014 5:00:00 AM,12/6/2014 10:00:00 AM,12/5/2014 5:45:00 AM,74846
12/6/2014 5:00:00 PM,12/6/2014 10:00:00 PM,12/5/2014 5:45:00 PM,93108
12/6/2014 6:00:00 AM,12/6/2014 11:00:00 AM,12/5/2014 5:45:00 AM,78186
12/6/2014 6:00:00 PM,12/6/2014 11:00:00 PM,12/5/2014 5:45:00 PM,94274
12/6/2014 7:00:00 AM,12/6/2014 12:00:00 PM,12/5/2014 5:45:00 AM,81531
12/6/2014 7:00:00 PM,12/7/2014 12:00:00 AM,12/5/2014 5:45:00 PM,93103
12/6/2014 8:00:00 AM,12/6/2014 1:00:00 PM,12/5/2014 9:45:00 AM,84460
12/6/2014 8:00:00 PM,12/7/2014 1:00:00 AM,12/5/2014 5:45:00 PM,91263
12/6/2014 9:00:00 AM,12/6/2014 2:00:00 PM,12/5/2014 9:45:00 AM,86685
12/6/2014 9:00:00 PM,12/7/2014 2:00:00 AM,12/5/2014 11:45:00 PM,88719
12/7/2014 10:00:00 AM,12/7/2014 3:00:00 PM,12/6/2014 9:45:00 AM,86797
12/7/2014 10:00:00 PM,12/8/2014 3:00:00 AM,12/6/2014 11:45:00 PM,93308
12/7/2014 11:00:00 AM,12/7/2014 4:00:00 PM,12/6/2014 11:45:00 AM,87262
12/7/2014 11:00:00 PM,12/8/2014 4:00:00 AM,12/6/2014 11:45:00 PM,88890
12/7/2014 12:00:00 AM,12/7/2014 5:00:00 AM,12/6/2014 5:45:00 AM,76961
12/7/2014 12:00:00 PM,12/7/2014 5:00:00 PM,12/6/2014 11:45:00 AM,86911
12/7/2014 1:00:00 AM,12/7/2014 6:00:00 AM,12/6/2014 5:45:00 AM,74728
12/7/2014 1:00:00 PM,12/7/2014 6:00:00 PM,12/6/2014 11:45:00 AM,86130
12/7/2014 2:00:00 AM,12/7/2014 7:00:00 AM,12/6/2014 5:45:00 AM,73563
12/7/2014 2:00:00 PM,12/7/2014 7:00:00 PM,12/6/2014 11:45:00 AM,85687
12/7/2014 3:00:00 AM,12/7/2014 8:00:00 AM,12/6/2014 5:45:00 AM,73322
12/7/2014 3:00:00 PM,12/7/2014 8:00:00 PM,12/6/2014 5:45:00 PM,86488
12/7/2014 4:00:00 AM,12/7/2014 9:00:00 AM,12/6/2014 5:45:00 AM,74072
12/7/2014 4:00:00 PM,12/7/2014 9:00:00 PM,12/6/2014 5:45:00 PM,90047
12/7/2014 5:00:00 AM,12/7/2014 10:00:00 AM,12/6/2014 5:45:00 AM,75816
12/7/2014 5:00:00 PM,12/7/2014 10:00:00 PM,12/6/2014 5:45:00 PM,97488
12/7/2014 6:00:00 AM,12/7/2014 11:00:00 AM,12/6/2014 5:45:00 AM,78767
12/7/2014 6:00:00 PM,12/7/2014 11:00:00 PM,12/6/2014 5:45:00 PM,99894
12/7/2014 7:00:00 AM,12/7/2014 12:00:00 PM,12/6/2014 5:45:00 AM,81764
12/7/2014 7:00:00 PM,12/8/2014 12:00:00 AM,12/6/2014 5:45:00 PM,99815
12/7/2014 8:00:00 AM,12/7/2014 1:00:00 PM,12/6/2014 9:45:00 AM,84914
12/7/2014 8:00:00 PM,12/8/2014 1:00:00 AM,12/6/2014 5:45:00 PM,98628
12/7/2014 9:00:00 AM,12/7/2014 2:00:00 PM,12/6/2014 9:45:00 AM,86664
12/7/2014 9:00:00 PM,12/8/2014 2:00:00 AM,12/6/2014 11:45:00 PM,97232
12/8/2014 10:00:00 AM,12/8/2014 3:00:00 PM,12/7/2014 9:45:00 AM,103978
12/8/2014 10:00:00 PM,12/9/2014 3:00:00 AM,12/7/2014 11:45:00 PM,97245
12/8/2014 11:00:00 AM,12/8/2014 4:00:00 PM,12/7/2014 11:45:00 AM,103525
12/8/2014 11:00:00 PM,12/9/2014 4:00:00 AM,12/7/2014 11:45:00 PM,90463
12/8/2014 12:00:00 AM,12/8/2014 5:00:00 AM,12/7/2014 5:45:00 AM,84524
12/8/2014 12:00:00 PM,12/8/2014 5:00:00 PM,12/7/2014 11:45:00 AM,102002
12/8/2014 1:00:00 AM,12/8/2014 6:00:00 AM,12/7/2014 5:45:00 AM,82706
12/8/2014 1:00:00 PM,12/8/2014 6:00:00 PM,12/7/2014 11:45:00 AM,101034
12/8/2014 2:00:00 AM,12/8/2014 7:00:00 AM,12/7/2014 5:45:00 AM,82261
12/8/2014 2:00:00 PM,12/8/2014 7:00:00 PM,12/7/2014 11:45:00 AM,100068
12/8/2014 3:00:00 AM,12/8/2014 8:00:00 AM,12/7/2014 5:45:00 AM,82795
12/8/2014 3:00:00 PM,12/8/2014 8:00:00 PM,12/7/2014 5:45:00 PM,100231
12/8/2014 4:00:00 AM,12/8/2014 9:00:00 AM,12/7/2014 5:45:00 AM,85144
12/8/2014 4:00:00 PM,12/8/2014 9:00:00 PM,12/7/2014 5:45:00 PM,103135
12/8/2014 5:00:00 AM,12/8/2014 10:00:00 AM,12/7/2014 5:45:00 AM,90783
12/8/2014 5:00:00 PM,12/8/2014 10:00:00 PM,12/7/2014 5:45:00 PM,109361
12/8/2014 6:00:00 AM,12/8/2014 11:00:00 AM,12/7/2014 5:45:00 AM,99896
12/8/2014 6:00:00 PM,12/8/2014 11:00:00 PM,12/7/2014 5:45:00 PM,110249
12/8/2014 7:00:00 AM,12/8/2014 12:00:00 PM,12/7/2014 5:45:00 AM,105364
12/8/2014 7:00:00 PM,12/9/2014 12:00:00 AM,12/7/2014 5:45:00 PM,109102
12/8/2014 8:00:00 AM,12/8/2014 1:00:00 PM,12/7/2014 9:45:00 AM,105934
12/8/2014 8:00:00 PM,12/9/2014 1:00:00 AM,12/7/2014 5:45:00 PM,106825
12/8/2014 9:00:00 AM,12/8/2014 2:00:00 PM,12/7/2014 9:45:00 AM,105067
12/8/2014 9:00:00 PM,12/9/2014 2:00:00 AM,12/7/2014 11:45:00 PM,103831
12/9/2014 10:00:00 AM,12/9/2014 3:00:00 PM,12/8/2014 9:45:00 AM,102821
12/9/2014 10:00:00 PM,12/10/2014 3:00:00 AM,12/8/2014 11:45:00 PM,98327
12/9/2014 11:00:00 AM,12/9/2014 4:00:00 PM,12/8/2014 11:45:00 AM,103774
12/9/2014 11:00:00 PM,12/10/2014 4:00:00 AM,12/8/2014 11:45:00 PM,91983
12/9/2014 12:00:00 AM,12/9/2014 5:00:00 AM,12/8/2014 5:45:00 AM,83876
12/9/2014 12:00:00 PM,12/9/2014 5:00:00 PM,12/8/2014 11:45:00 AM,103065
12/9/2014 1:00:00 AM,12/9/2014 6:00:00 AM,12/8/2014 5:45:00 AM,81351
12/9/2014 1:00:00 PM,12/9/2014 6:00:00 PM,12/8/2014 11:45:00 AM,102436
12/9/2014 2:00:00 AM,12/9/2014 7:00:00 AM,12/8/2014 5:45:00 AM,80072
12/9/2014 2:00:00 PM,12/9/2014 7:00:00 PM,12/8/2014 11:45:00 AM,101771
12/9/2014 3:00:00 AM,12/9/2014 8:00:00 AM,12/8/2014 5:45:00 AM,80030
12/9/2014 3:00:00 PM,12/9/2014 8:00:00 PM,12/8/2014 5:45:00 PM,101774
12/9/2014 4:00:00 AM,12/9/2014 9:00:00 AM,12/8/2014 5:45:00 AM,81830
12/9/2014 4:00:00 PM,12/9/2014 9:00:00 PM,12/8/2014 5:45:00 PM,104185
12/9/2014 5:00:00 AM,12/9/2014 10:00:00 AM,12/8/2014 5:45:00 AM,87118
12/9/2014 5:00:00 PM,12/9/2014 10:00:00 PM,12/8/2014 5:45:00 PM,108828
12/9/2014 6:00:00 AM,12/9/2014 11:00:00 AM,12/8/2014 5:45:00 AM,96231
12/9/2014 6:00:00 PM,12/9/2014 11:00:00 PM,12/8/2014 5:45:00 PM,110126
12/9/2014 7:00:00 AM,12/9/2014 12:00:00 PM,12/8/2014 5:45:00 AM,101476
12/9/2014 7:00:00 PM,12/10/2014 12:00:00 AM,12/8/2014 5:45:00 PM,108829
12/9/2014 8:00:00 AM,12/9/2014 1:00:00 PM,12/8/2014 9:45:00 AM,103473
12/9/2014 8:00:00 PM,12/10/2014 1:00:00 AM,12/8/2014 5:45:00 PM,106707
12/9/2014 9:00:00 AM,12/9/2014 2:00:00 PM,12/8/2014 9:45:00 AM,103057
12/9/2014 9:00:00 PM,12/10/2014 2:00:00 AM,12/8/2014 11:45:00 PM,104357
2/1/2014 10:00:00 AM,2/1/2014 3:00:00 PM,1/31/2014 9:45:00 AM,99438
2/1/2014 10:00:00 PM,2/2/2014 3:00:00 AM,1/31/2014 11:45:00 PM,92940
2/1/2014 11:00:00 AM,2/1/2014 4:00:00 PM,1/31/2014 11:45:00 AM,96875
2/1/2014 11:00:00 PM,2/2/2014 4:00:00 AM,1/31/2014 11:45:00 PM,88802
2/1/2014 12:00:00 AM,2/1/2014 5:00:00 AM,1/31/2014 5:45:00 AM,93967
2/1/2014 12:00:00 PM,2/1/2014 5:00:00 PM,1/31/2014 11:45:00 AM,94205
2/1/2014 1:00:00 AM,2/1/2014 6:00:00 AM,1/31/2014 5:45:00 AM,91531
2/1/2014 1:00:00 PM,2/1/2014 6:00:00 PM,1/31/2014 11:45:00 AM,91680
2/1/2014 2:00:00 AM,2/1/2014 7:00:00 AM,1/31/2014 5:45:00 AM,90495
2/1/2014 2:00:00 PM,2/1/2014 7:00:00 PM,1/31/2014 11:45:00 AM,89744
2/1/2014 3:00:00 AM,2/1/2014 8:00:00 AM,1/31/2014 5:45:00 AM,90203
2/1/2014 3:00:00 PM,2/1/2014 8:00:00 PM,1/31/2014 5:45:00 PM,89120
2/1/2014 4:00:00 AM,2/1/2014 9:00:00 AM,1/31/2014 5:45:00 AM,90800
2/1/2014 4:00:00 PM,2/1/2014 9:00:00 PM,1/31/2014 5:45:00 PM,90730
2/1/2014 5:00:00 AM,2/1/2014 10:00:00 AM,1/31/2014 5:45:00 AM,92775
2/1/2014 5:00:00 PM,2/1/2014 10:00:00 PM,1/31/2014 5:45:00 PM,96507
2/1/2014 6:00:00 AM,2/1/2014 11:00:00 AM,1/31/2014 5:45:00 AM,95837
2/1/2014 6:00:00 PM,2/1/2014 11:00:00 PM,1/31/2014 5:45:00 PM,99485
2/1/2014 7:00:00 AM,2/1/2014 12:00:00 PM,1/31/2014 5:45:00 AM,99069
2/1/2014 7:00:00 PM,2/2/2014 12:00:00 AM,1/31/2014 5:45:00 PM,99064
2/1/2014 8:00:00 AM,2/1/2014 1:00:00 PM,1/31/2014 9:45:00 AM,100994
2/1/2014 8:00:00 PM,2/2/2014 1:00:00 AM,1/31/2014 5:45:00 PM,98142
2/1/2014 9:00:00 AM,2/1/2014 2:00:00 PM,1/31/2014 9:45:00 AM,100916
2/1/2014 9:00:00 PM,2/2/2014 2:00:00 AM,1/31/2014 11:45:00 PM,96447
2/10/2014 10:00:00 AM,2/10/2014 3:00:00 PM,2/9/2014 9:45:00 AM,116460
2/10/2014 10:00:00 PM,2/11/2014 3:00:00 AM,2/9/2014 11:45:00 PM,114702
2/10/2014 11:00:00 AM,2/10/2014 4:00:00 PM,2/9/2014 11:45:00 AM,116955
2/10/2014 11:00:00 PM,2/11/2014 4:00:00 AM,2/9/2014 11:45:00 PM,109490
2/10/2014 12:00:00 AM,2/10/2014 5:00:00 AM,2/9/2014 5:45:00 AM,94110
2/10/2014 12:00:00 PM,2/10/2014 5:00:00 PM,2/9/2014 11:45:00 AM,115062
2/10/2014 1:00:00 AM,2/10/2014 6:00:00 AM,2/9/2014 5:45:00 AM,93045
2/10/2014 1:00:00 PM,2/10/2014 6:00:00 PM,2/9/2014 11:45:00 AM,113582
2/10/2014 2:00:00 AM,2/10/2014 7:00:00 AM,2/9/2014 5:45:00 AM,93067
2/10/2014 2:00:00 PM,2/10/2014 7:00:00 PM,2/9/2014 11:45:00 AM,112168
2/10/2014 3:00:00 AM,2/10/2014 8:00:00 AM,2/9/2014 5:45:00 AM,94178
2/10/2014 3:00:00 PM,2/10/2014 8:00:00 PM,2/9/2014 5:45:00 PM,111456
2/10/2014 4:00:00 AM,2/10/2014 9:00:00 AM,2/9/2014 5:45:00 AM,96715
2/10/2014 4:00:00 PM,2/10/2014 9:00:00 PM,2/9/2014 5:45:00 PM,112913
2/10/2014 5:00:00 AM,2/10/2014 10:00:00 AM,2/9/2014 5:45:00 AM,102557
2/10/2014 5:00:00 PM,2/10/2014 10:00:00 PM,2/9/2014 5:45:00 PM,118501
2/10/2014 6:00:00 AM,2/10/2014 11:00:00 AM,2/9/2014 5:45:00 AM,111458
2/10/2014 6:00:00 PM,2/10/2014 11:00:00 PM,2/9/2014 5:45:00 PM,123871
2/10/2014 7:00:00 AM,2/10/2014 12:00:00 PM,2/9/2014 5:45:00 AM,117161
2/10/2014 7:00:00 PM,2/11/2014 12:00:00 AM,2/9/2014 5:45:00 PM,124352
2/10/2014 8:00:00 AM,2/10/2014 1:00:00 PM,2/9/2014 9:45:00 AM,118988
2/10/2014 8:00:00 PM,2/11/2014 1:00:00 AM,2/9/2014 5:45:00 PM,123233
2/10/2014 9:00:00 AM,2/10/2014 2:00:00 PM,2/9/2014 9:45:00 AM,117828
2/10/2014 9:00:00 PM,2/11/2014 2:00:00 AM,2/9/2014 11:45:00 PM,119994
2/11/2014 10:00:00 AM,2/11/2014 3:00:00 PM,2/10/2014 9:45:00 AM,122259
2/11/2014 10:00:00 PM,2/12/2014 3:00:00 AM,2/10/2014 11:45:00 PM,116100
2/11/2014 11:00:00 AM,2/11/2014 4:00:00 PM,2/10/2014 11:45:00 AM,119316
2/11/2014 11:00:00 PM,2/12/2014 4:00:00 AM,2/10/2014 11:45:00 PM,110792
2/11/2014 12:00:00 AM,2/11/2014 5:00:00 AM,2/10/2014 5:45:00 AM,106664
2/11/2014 12:00:00 PM,2/11/2014 5:00:00 PM,2/10/2014 11:45:00 AM,116763
2/11/2014 1:00:00 AM,2/11/2014 6:00:00 AM,2/10/2014 5:45:00 AM,105503
2/11/2014 1:00:00 PM,2/11/2014 6:00:00 PM,2/10/2014 11:45:00 AM,114876
2/11/2014 2:00:00 AM,2/11/2014 7:00:00 AM,2/10/2014 5:45:00 AM,105553
2/11/2014 2:00:00 PM,2/11/2014 7:00:00 PM,2/10/2014 11:45:00 AM,113141
2/11/2014 3:00:00 AM,2/11/2014 8:00:00 AM,2/10/2014 5:45:00 AM,106500
2/11/2014 3:00:00 PM,2/11/2014 8:00:00 PM,2/10/2014 5:45:00 PM,111463
2/11/2014 4:00:00 AM,2/11/2014 9:00:00 AM,2/10/2014 5:45:00 AM,109192
2/11/2014 4:00:00 PM,2/11/2014 9:00:00 PM,2/10/2014 5:45:00 PM,113169
2/11/2014 5:00:00 AM,2/11/2014 10:00:00 AM,2/10/2014 5:45:00 AM,115253
2/11/2014 5:00:00 PM,2/11/2014 10:00:00 PM,2/10/2014 5:45:00 PM,119117
2/11/2014 6:00:00 AM,2/11/2014 11:00:00 AM,2/10/2014 5:45:00 AM,124325
2/11/2014 6:00:00 PM,2/11/2014 11:00:00 PM,2/10/2014 5:45:00 PM,125070
2/11/2014 7:00:00 AM,2/11/2014 12:00:00 PM,2/10/2014 5:45:00 AM,129304
2/11/2014 7:00:00 PM,2/12/2014 12:00:00 AM,2/10/2014 5:45:00 PM,126112
2/11/2014 8:00:00 AM,2/11/2014 1:00:00 PM,2/10/2014 9:45:00 AM,127797
2/11/2014 8:00:00 PM,2/12/2014 1:00:00 AM,2/10/2014 5:45:00 PM,124988
2/11/2014 9:00:00 AM,2/11/2014 2:00:00 PM,2/10/2014 9:45:00 AM,124938
2/11/2014 9:00:00 PM,2/12/2014 2:00:00 AM,2/10/2014 11:45:00 PM,121645
2/12/2014 10:00:00 AM,2/12/2014 3:00:00 PM,2/11/2014 9:45:00 AM,120200
2/12/2014 10:00:00 PM,2/13/2014 3:00:00 AM,2/11/2014 11:45:00 PM,110978
2/12/2014 11:00:00 AM,2/12/2014 4:00:00 PM,2/11/2014 11:45:00 AM,118910
2/12/2014 11:00:00 PM,2/13/2014 4:00:00 AM,2/11/2014 11:45:00 PM,105098
2/12/2014 12:00:00 AM,2/12/2014 5:00:00 AM,2/11/2014 5:45:00 AM,108616
2/12/2014 12:00:00 PM,2/12/2014 5:00:00 PM,2/11/2014 11:45:00 AM,116380
2/12/2014 1:00:00 AM,2/12/2014 6:00:00 AM,2/11/2014 5:45:00 AM,107521
2/12/2014 1:00:00 PM,2/12/2014 6:00:00 PM,2/11/2014 11:45:00 AM,114291
2/12/2014 2:00:00 AM,2/12/2014 7:00:00 AM,2/11/2014 5:45:00 AM,107600
2/12/2014 2:00:00 PM,2/12/2014 7:00:00 PM,2/11/2014 11:45:00 AM,112634
2/12/2014 3:00:00 AM,2/12/2014 8:00:00 AM,2/11/2014 5:45:00 AM,108508
2/12/2014 3:00:00 PM,2/12/2014 8:00:00 PM,2/11/2014 5:45:00 PM,111701
2/12/2014 4:00:00 AM,2/12/2014 9:00:00 AM,2/11/2014 5:45:00 AM,110947
2/12/2014 4:00:00 PM,2/12/2014 9:00:00 PM,2/11/2014 5:45:00 PM,112795
2/12/2014 5:00:00 AM,2/12/2014 10:00:00 AM,2/11/2014 5:45:00 AM,116782
2/12/2014 5:00:00 PM,2/12/2014 10:00:00 PM,2/11/2014 5:45:00 PM,118089
2/12/2014 6:00:00 AM,2/12/2014 11:00:00 AM,2/11/2014 5:45:00 AM,125393
2/12/2014 6:00:00 PM,2/12/2014 11:00:00 PM,2/11/2014 5:45:00 PM,122881
2/12/2014 7:00:00 AM,2/12/2014 12:00:00 PM,2/11/2014 5:45:00 AM,129898
2/12/2014 7:00:00 PM,2/13/2014 12:00:00 AM,2/11/2014 5:45:00 PM,122833
2/12/2014 8:00:00 AM,2/12/2014 1:00:00 PM,2/11/2014 9:45:00 AM,128019
2/12/2014 8:00:00 PM,2/13/2014 1:00:00 AM,2/11/2014 5:45:00 PM,120936
2/12/2014 9:00:00 AM,2/12/2014 2:00:00 PM,2/11/2014 9:45:00 AM,123979
2/12/2014 9:00:00 PM,2/13/2014 2:00:00 AM,2/11/2014 11:45:00 PM,116852
2/13/2014 10:00:00 AM,2/13/2014 3:00:00 PM,2/12/2014 9:45:00 AM,113373
2/13/2014 10:00:00 PM,2/14/2014 3:00:00 AM,2/12/2014 11:45:00 PM,105821
2/13/2014 11:00:00 AM,2/13/2014 4:00:00 PM,2/12/2014 11:45:00 AM,112879
2/13/2014 11:00:00 PM,2/14/2014 4:00:00 AM,2/12/2014 11:45:00 PM,100152
2/13/2014 12:00:00 AM,2/13/2014 5:00:00 AM,2/12/2014 5:45:00 AM,100176
2/13/2014 12:00:00 PM,2/13/2014 5:00:00 PM,2/12/2014 11:45:00 AM,110774
2/13/2014 1:00:00 AM,2/13/2014 6:00:00 AM,2/12/2014 5:45:00 AM,98100
2/13/2014 1:00:00 PM,2/13/2014 6:00:00 PM,2/12/2014 11:45:00 AM,109274
2/13/2014 2:00:00 AM,2/13/2014 7:00:00 AM,2/12/2014 5:45:00 AM,97186
2/13/2014 2:00:00 PM,2/13/2014 7:00:00 PM,2/12/2014 11:45:00 AM,107926
2/13/2014 3:00:00 AM,2/13/2014 8:00:00 AM,2/12/2014 5:45:00 AM,97209
2/13/2014 3:00:00 PM,2/13/2014 8:00:00 PM,2/12/2014 5:45:00 PM,107501
2/13/2014 4:00:00 AM,2/13/2014 9:00:00 AM,2/12/2014 5:45:00 AM,98874
2/13/2014 4:00:00 PM,2/13/2014 9:00:00 PM,2/12/2014 5:45:00 PM,108715
2/13/2014 5:00:00 AM,2/13/2014 10:00:00 AM,2/12/2014 5:45:00 AM,103902
2/13/2014 5:00:00 PM,2/13/2014 10:00:00 PM,2/12/2014 5:45:00 PM,113068
2/13/2014 6:00:00 AM,2/13/2014 11:00:00 AM,2/12/2014 5:45:00 AM,112216
2/13/2014 6:00:00 PM,2/13/2014 11:00:00 PM,2/12/2014 5:45:00 PM,116557
2/13/2014 7:00:00 AM,2/13/2014 12:00:00 PM,2/12/2014 5:45:00 AM,117208
2/13/2014 7:00:00 PM,2/14/2014 12:00:00 AM,2/12/2014 5:45:00 PM,116188
2/13/2014 8:00:00 AM,2/13/2014 1:00:00 PM,2/12/2014 9:45:00 AM,116825
2/13/2014 8:00:00 PM,2/14/2014 1:00:00 AM,2/12/2014 5:45:00 PM,114471
2/13/2014 9:00:00 AM,2/13/2014 2:00:00 PM,2/12/2014 9:45:00 AM,115108
2/13/2014 9:00:00 PM,2/14/2014 2:00:00 AM,2/12/2014 11:45:00 PM,111526
2/14/2014 10:00:00 AM,2/14/2014 3:00:00 PM,2/13/2014 9:45:00 AM,109278
2/14/2014 10:00:00 PM,2/15/2014 3:00:00 AM,2/13/2014 11:45:00 PM,102726
2/14/2014 11:00:00 AM,2/14/2014 4:00:00 PM,2/13/2014 11:45:00 AM,108906
2/14/2014 11:00:00 PM,2/15/2014 4:00:00 AM,2/13/2014 11:45:00 PM,98110
2/14/2014 12:00:00 AM,2/14/2014 5:00:00 AM,2/13/2014 5:45:00 AM,94623
2/14/2014 12:00:00 PM,2/14/2014 5:00:00 PM,2/13/2014 11:45:00 AM,107122
2/14/2014 1:00:00 AM,2/14/2014 6:00:00 AM,2/13/2014 5:45:00 AM,92435
2/14/2014 1:00:00 PM,2/14/2014 6:00:00 PM,2/13/2014 11:45:00 AM,105624
2/14/2014 2:00:00 AM,2/14/2014 7:00:00 AM,2/13/2014 5:45:00 AM,91543
2/14/2014 2:00:00 PM,2/14/2014 7:00:00 PM,2/13/2014 11:45:00 AM,104262
2/14/2014 3:00:00 AM,2/14/2014 8:00:00 AM,2/13/2014 5:45:00 AM,91563
2/14/2014 3:00:00 PM,2/14/2014 8:00:00 PM,2/13/2014 5:45:00 PM,103550
2/14/2014 4:00:00 AM,2/14/2014 9:00:00 AM,2/13/2014 5:45:00 AM,93293
2/14/2014 4:00:00 PM,2/14/2014 9:00:00 PM,2/13/2014 5:45:00 PM,104543
2/14/2014 5:00:00 AM,2/14/2014 10:00:00 AM,2/13/2014 5:45:00 AM,98361
2/14/2014 5:00:00 PM,2/14/2014 10:00:00 PM,2/13/2014 5:45:00 PM,108600
2/14/2014 6:00:00 AM,2/14/2014 11:00:00 AM,2/13/2014 5:45:00 AM,106887
2/14/2014 6:00:00 PM,2/14/2014 11:00:00 PM,2/13/2014 5:45:00 PM,112084
2/14/2014 7:00:00 AM,2/14/2014 12:00:00 PM,2/13/2014 5:45:00 AM,112066
2/14/2014 7:00:00 PM,2/15/2014 12:00:00 AM,2/13/2014 5:45:00 PM,111230
2/14/2014 8:00:00 AM,2/14/2014 1:00:00 PM,2/13/2014 9:45:00 AM,112032
2/14/2014 8:00:00 PM,2/15/2014 1:00:00 AM,2/13/2014 5:45:00 PM,109548
2/14/2014 9:00:00 AM,2/14/2014 2:00:00 PM,2/13/2014 9:45:00 AM,110701
2/14/2014 9:00:00 PM,2/15/2014 2:00:00 AM,2/13/2014 11:45:00 PM,106811
2/15/2014 10:00:00 AM,2/15/2014 3:00:00 PM,2/14/2014 9:45:00 AM,104152
2/15/2014 10:00:00 PM,2/16/2014 3:00:00 AM,2/14/2014 11:45:00 PM,101887
2/15/2014 11:00:00 AM,2/15/2014 4:00:00 PM,2/14/2014 11:45:00 AM,103477
2/15/2014 11:00:00 PM,2/16/2014 4:00:00 AM,2/14/2014 11:45:00 PM,98222
2/15/2014 12:00:00 AM,2/15/2014 5:00:00 AM,2/14/2014 5:45:00 AM,93126
2/15/2014 12:00:00 PM,2/15/2014 5:00:00 PM,2/14/2014 11:45:00 AM,102079
2/15/2014 1:00:00 AM,2/15/2014 6:00:00 AM,2/14/2014 5:45:00 AM,90775
2/15/2014 1:00:00 PM,2/15/2014 6:00:00 PM,2/14/2014 11:45:00 AM,100374
2/15/2014 2:00:00 AM,2/15/2014 7:00:00 AM,2/14/2014 5:45:00 AM,89611
2/15/2014 2:00:00 PM,2/15/2014 7:00:00 PM,2/14/2014 11:45:00 AM,99022
2/15/2014 3:00:00 AM,2/15/2014 8:00:00 AM,2/14/2014 5:45:00 AM,89309
2/15/2014 3:00:00 PM,2/15/2014 8:00:00 PM,2/14/2014 5:45:00 PM,98512
2/15/2014 4:00:00 AM,2/15/2014 9:00:00 AM,2/14/2014 5:45:00 AM,89933
2/15/2014 4:00:00 PM,2/15/2014 9:00:00 PM,2/14/2014 5:45:00 PM,99588
2/15/2014 5:00:00 AM,2/15/2014 10:00:00 AM,2/14/2014 5:45:00 AM,91986
2/15/2014 5:00:00 PM,2/15/2014 10:00:00 PM,2/14/2014 5:45:00 PM,103768
2/15/2014 6:00:00 AM,2/15/2014 11:00:00 AM,2/14/2014 5:45:00 AM,95115
2/15/2014 6:00:00 PM,2/15/2014 11:00:00 PM,2/14/2014 5:45:00 PM,108141
2/15/2014 7:00:00 AM,2/15/2014 12:00:00 PM,2/14/2014 5:45:00 AM,98938
2/15/2014 7:00:00 PM,2/16/2014 12:00:00 AM,2/14/2014 5:45:00 PM,108025
2/15/2014 8:00:00 AM,2/15/2014 1:00:00 PM,2/14/2014 9:45:00 AM,102073
2/15/2014 8:00:00 PM,2/16/2014 1:00:00 AM,2/14/2014 5:45:00 PM,107072
2/15/2014 9:00:00 AM,2/15/2014 2:00:00 PM,2/14/2014 9:45:00 AM,103889
2/15/2014 9:00:00 PM,2/16/2014 2:00:00 AM,2/14/2014 11:45:00 PM,105035
2/16/2014 10:00:00 AM,2/16/2014 3:00:00 PM,2/15/2014 9:45:00 AM,100628
2/16/2014 10:00:00 PM,2/17/2014 3:00:00 AM,2/15/2014 11:45:00 PM,103954
2/16/2014 11:00:00 AM,2/16/2014 4:00:00 PM,2/15/2014 11:45:00 AM,99228
2/16/2014 11:00:00 PM,2/17/2014 4:00:00 AM,2/15/2014 11:45:00 PM,99944
2/16/2014 12:00:00 AM,2/16/2014 5:00:00 AM,2/15/2014 5:45:00 AM,94368
2/16/2014 12:00:00 PM,2/16/2014 5:00:00 PM,2/15/2014 11:45:00 AM,97760
2/16/2014 1:00:00 AM,2/16/2014 6:00:00 AM,2/15/2014 5:45:00 AM,92580
2/16/2014 1:00:00 PM,2/16/2014 6:00:00 PM,2/15/2014 11:45:00 AM,96027
2/16/2014 2:00:00 AM,2/16/2014 7:00:00 AM,2/15/2014 5:45:00 AM,91844
2/16/2014 2:00:00 PM,2/16/2014 7:00:00 PM,2/15/2014 11:45:00 AM,94787
2/16/2014 3:00:00 AM,2/16/2014 8:00:00 AM,2/15/2014 5:45:00 AM,91875
2/16/2014 3:00:00 PM,2/16/2014 8:00:00 PM,2/15/2014 5:45:00 PM,94724
2/16/2014 4:00:00 AM,2/16/2014 9:00:00 AM,2/15/2014 5:45:00 AM,92747
2/16/2014 4:00:00 PM,2/16/2014 9:00:00 PM,2/15/2014 5:45:00 PM,96663
2/16/2014 5:00:00 AM,2/16/2014 10:00:00 AM,2/15/2014 5:45:00 AM,94512
2/16/2014 5:00:00 PM,2/16/2014 10:00:00 PM,2/15/2014 5:45:00 PM,102120
2/16/2014 6:00:00 AM,2/16/2014 11:00:00 AM,2/15/2014 5:45:00 AM,97363
2/16/2014 6:00:00 PM,2/16/2014 11:00:00 PM,2/15/2014 5:45:00 PM,107637
2/16/2014 7:00:00 AM,2/16/2014 12:00:00 PM,2/15/2014 5:45:00 AM,100140
2/16/2014 7:00:00 PM,2/17/2014 12:00:00 AM,2/15/2014 5:45:00 PM,108249
2/16/2014 8:00:00 AM,2/16/2014 1:00:00 PM,2/15/2014 9:45:00 AM,102005
2/16/2014 8:00:00 PM,2/17/2014 1:00:00 AM,2/15/2014 5:45:00 PM,107862
2/16/2014 9:00:00 AM,2/16/2014 2:00:00 PM,2/15/2014 9:45:00 AM,102076
2/16/2014 9:00:00 PM,2/17/2014 2:00:00 AM,2/15/2014 11:45:00 PM,107812
2/17/2014 10:00:00 AM,2/17/2014 3:00:00 PM,2/16/2014 9:45:00 AM,113355
2/17/2014 10:00:00 PM,2/18/2014 3:00:00 AM,2/16/2014 11:45:00 PM,106094
2/17/2014 11:00:00 AM,2/17/2014 4:00:00 PM,2/16/2014 11:45:00 AM,112474
2/17/2014 11:00:00 PM,2/18/2014 4:00:00 AM,2/16/2014 11:45:00 PM,100391
2/17/2014 12:00:00 AM,2/17/2014 5:00:00 AM,2/16/2014 5:45:00 AM,95276
2/17/2014 12:00:00 PM,2/17/2014 5:00:00 PM,2/16/2014 11:45:00 AM,110132
2/17/2014 1:00:00 AM,2/17/2014 6:00:00 AM,2/16/2014 5:45:00 AM,94129
2/17/2014 1:00:00 PM,2/17/2014 6:00:00 PM,2/16/2014 11:45:00 AM,108526
2/17/2014 2:00:00 AM,2/17/2014 7:00:00 AM,2/16/2014 5:45:00 AM,94101
2/17/2014 2:00:00 PM,2/17/2014 7:00:00 PM,2/16/2014 11:45:00 AM,106912
2/17/2014 3:00:00 AM,2/17/2014 8:00:00 AM,2/16/2014 5:45:00 AM,95109
2/17/2014 3:00:00 PM,2/17/2014 8:00:00 PM,2/16/2014 5:45:00 PM,105963
2/17/2014 4:00:00 AM,2/17/2014 9:00:00 AM,2/16/2014 5:45:00 AM,97711
2/17/2014 4:00:00 PM,2/17/2014 9:00:00 PM,2/16/2014 5:45:00 PM,106975
2/17/2014 5:00:00 AM,2/17/2014 10:00:00 AM,2/16/2014 5:45:00 AM,103495
2/17/2014 5:00:00 PM,2/17/2014 10:00:00 PM,2/16/2014 5:45:00 PM,111667
2/17/2014 6:00:00 AM,2/17/2014 11:00:00 AM,2/16/2014 5:45:00 AM,112354
2/17/2014 6:00:00 PM,2/17/2014 11:00:00 PM,2/16/2014 5:45:00 PM,116799
2/17/2014 7:00:00 AM,2/17/2014 12:00:00 PM,2/16/2014 5:45:00 AM,117489
2/17/2014 7:00:00 PM,2/18/2014 12:00:00 AM,2/16/2014 5:45:00 PM,116847
2/17/2014 8:00:00 AM,2/17/2014 1:00:00 PM,2/16/2014 9:45:00 AM,117188
2/17/2014 8:00:00 PM,2/18/2014 1:00:00 AM,2/16/2014 5:45:00 PM,115401
2/17/2014 9:00:00 AM,2/17/2014 2:00:00 PM,2/16/2014 9:45:00 AM,115210
2/17/2014 9:00:00 PM,2/18/2014 2:00:00 AM,2/16/2014 11:45:00 PM,111713
2/18/2014 10:00:00 AM,2/18/2014 3:00:00 PM,2/17/2014 9:45:00 AM,105024
2/18/2014 10:00:00 PM,2/19/2014 3:00:00 AM,2/17/2014 11:45:00 PM,97083
2/18/2014 11:00:00 AM,2/18/2014 4:00:00 PM,2/17/2014 11:45:00 AM,103861
2/18/2014 11:00:00 PM,2/19/2014 4:00:00 AM,2/17/2014 11:45:00 PM,91250
2/18/2014 12:00:00 AM,2/18/2014 5:00:00 AM,2/17/2014 5:45:00 AM,93339
2/18/2014 12:00:00 PM,2/18/2014 5:00:00 PM,2/17/2014 11:45:00 AM,101882
2/18/2014 1:00:00 AM,2/18/2014 6:00:00 AM,2/17/2014 5:45:00 AM,91007
2/18/2014 1:00:00 PM,2/18/2014 6:00:00 PM,2/17/2014 11:45:00 AM,100548
2/18/2014 2:00:00 AM,2/18/2014 7:00:00 AM,2/17/2014 5:45:00 AM,89955
2/18/2014 2:00:00 PM,2/18/2014 7:00:00 PM,2/17/2014 11:45:00 AM,99261
2/18/2014 3:00:00 AM,2/18/2014 8:00:00 AM,2/17/2014 5:45:00 AM,89867
2/18/2014 3:00:00 PM,2/18/2014 8:00:00 PM,2/17/2014 5:45:00 PM,98420
2/18/2014 4:00:00 AM,2/18/2014 9:00:00 AM,2/17/2014 5:45:00 AM,91636
2/18/2014 4:00:00 PM,2/18/2014 9:00:00 PM,2/17/2014 5:45:00 PM,99743
2/18/2014 5:00:00 AM,2/18/2014 10:00:00 AM,2/17/2014 5:45:00 AM,96567
2/18/2014 5:00:00 PM,2/18/2014 10:00:00 PM,2/17/2014 5:45:00 PM,104525
2/18/2014 6:00:00 AM,2/18/2014 11:00:00 AM,2/17/2014 5:45:00 AM,104695
2/18/2014 6:00:00 PM,2/18/2014 11:00:00 PM,2/17/2014 5:45:00 PM,109546
2/18/2014 7:00:00 AM,2/18/2014 12:00:00 PM,2/17/2014 5:45:00 AM,109376
2/18/2014 7:00:00 PM,2/19/2014 12:00:00 AM,2/17/2014 5:45:00 PM,108815
2/18/2014 8:00:00 AM,2/18/2014 1:00:00 PM,2/17/2014 9:45:00 AM,108661
2/18/2014 8:00:00 PM,2/19/2014 1:00:00 AM,2/17/2014 5:45:00 PM,106883
2/18/2014 9:00:00 AM,2/18/2014 2:00:00 PM,2/17/2014 9:45:00 AM,106824
2/18/2014 9:00:00 PM,2/19/2014 2:00:00 AM,2/17/2014 11:45:00 PM,102992
2/19/2014 10:00:00 AM,2/19/2014 3:00:00 PM,2/18/2014 9:45:00 AM,101523
2/19/2014 10:00:00 PM,2/20/2014 3:00:00 AM,2/18/2014 11:45:00 PM,95695
2/19/2014 11:00:00 AM,2/19/2014 4:00:00 PM,2/18/2014 11:45:00 AM,100087
2/19/2014 11:00:00 PM,2/20/2014 4:00:00 AM,2/18/2014 11:45:00 PM,90076
2/19/2014 12:00:00 AM,2/19/2014 5:00:00 AM,2/18/2014 5:45:00 AM,87642
2/19/2014 12:00:00 PM,2/19/2014 5:00:00 PM,2/18/2014 11:45:00 AM,98623
2/19/2014 1:00:00 AM,2/19/2014 6:00:00 AM,2/18/2014 5:45:00 AM,85333
2/19/2014 1:00:00 PM,2/19/2014 6:00:00 PM,2/18/2014 11:45:00 AM,97635
2/19/2014 2:00:00 AM,2/19/2014 7:00:00 AM,2/18/2014 5:45:00 AM,84355
2/19/2014 2:00:00 PM,2/19/2014 7:00:00 PM,2/18/2014 11:45:00 AM,96647
2/19/2014 3:00:00 AM,2/19/2014 8:00:00 AM,2/18/2014 5:45:00 AM,84402
2/19/2014 3:00:00 PM,2/19/2014 8:00:00 PM,2/18/2014 5:45:00 PM,96141
2/19/2014 4:00:00 AM,2/19/2014 9:00:00 AM,2/18/2014 5:45:00 AM,86255
2/19/2014 4:00:00 PM,2/19/2014 9:00:00 PM,2/18/2014 5:45:00 PM,97511
2/19/2014 5:00:00 AM,2/19/2014 10:00:00 AM,2/18/2014 5:45:00 AM,91427
2/19/2014 5:00:00 PM,2/19/2014 10:00:00 PM,2/18/2014 5:45:00 PM,101730
2/19/2014 6:00:00 AM,2/19/2014 11:00:00 AM,2/18/2014 5:45:00 AM,100009
2/19/2014 6:00:00 PM,2/19/2014 11:00:00 PM,2/18/2014 5:45:00 PM,105583
2/19/2014 7:00:00 AM,2/19/2014 12:00:00 PM,2/18/2014 5:45:00 AM,104708
2/19/2014 7:00:00 PM,2/20/2014 12:00:00 AM,2/18/2014 5:45:00 PM,105572
2/19/2014 8:00:00 AM,2/19/2014 1:00:00 PM,2/18/2014 9:45:00 AM,104253
2/19/2014 8:00:00 PM,2/20/2014 1:00:00 AM,2/18/2014 5:45:00 PM,104306
2/19/2014 9:00:00 AM,2/19/2014 2:00:00 PM,2/18/2014 9:45:00 AM,102822
2/19/2014 9:00:00 PM,2/20/2014 2:00:00 AM,2/18/2014 11:45:00 PM,101063
2/2/2014 10:00:00 AM,2/2/2014 3:00:00 PM,2/1/2014 9:45:00 AM,91401
2/2/2014 10:00:00 PM,2/3/2014 3:00:00 AM,2/1/2014 11:45:00 PM,96673
2/2/2014 11:00:00 AM,2/2/2014 4:00:00 PM,2/1/2014 11:45:00 AM,93658
2/2/2014 11:00:00 PM,2/3/2014 4:00:00 AM,2/1/2014 11:45:00 PM,92387
2/2/2014 12:00:00 AM,2/2/2014 5:00:00 AM,2/1/2014 5:45:00 AM,84193
2/2/2014 12:00:00 PM,2/2/2014 5:00:00 PM,2/1/2014 11:45:00 AM,92747
2/2/2014 1:00:00 AM,2/2/2014 6:00:00 AM,2/1/2014 5:45:00 AM,81710
2/2/2014 1:00:00 PM,2/2/2014 6:00:00 PM,2/1/2014 11:45:00 AM,91735
2/2/2014 2:00:00 AM,2/2/2014 7:00:00 AM,2/1/2014 5:45:00 AM,80576
2/2/2014 2:00:00 PM,2/2/2014 7:00:00 PM,2/1/2014 11:45:00 AM,90911
2/2/2014 3:00:00 AM,2/2/2014 8:00:00 AM,2/1/2014 5:45:00 AM,80132
2/2/2014 3:00:00 PM,2/2/2014 8:00:00 PM,2/1/2014 5:45:00 PM,90918
2/2/2014 4:00:00 AM,2/2/2014 9:00:00 AM,2/1/2014 5:45:00 AM,80579
2/2/2014 4:00:00 PM,2/2/2014 9:00:00 PM,2/1/2014 5:45:00 PM,93332
2/2/2014 5:00:00 AM,2/2/2014 10:00:00 AM,2/1/2014 5:45:00 AM,82175
2/2/2014 5:00:00 PM,2/2/2014 10:00:00 PM,2/1/2014 5:45:00 PM,99970
2/2/2014 6:00:00 AM,2/2/2014 11:00:00 AM,2/1/2014 5:45:00 AM,84653
2/2/2014 6:00:00 PM,2/2/2014 11:00:00 PM,2/1/2014 5:45:00 PM,103266
2/2/2014 7:00:00 AM,2/2/2014 12:00:00 PM,2/1/2014 5:45:00 AM,87768
2/2/2014 7:00:00 PM,2/3/2014 12:00:00 AM,2/1/2014 5:45:00 PM,103064
2/2/2014 8:00:00 AM,2/2/2014 1:00:00 PM,2/1/2014 9:45:00 AM,90133
2/2/2014 8:00:00 PM,2/3/2014 1:00:00 AM,2/1/2014 5:45:00 PM,103058
2/2/2014 9:00:00 AM,2/2/2014 2:00:00 PM,2/1/2014 9:45:00 AM,91452
2/2/2014 9:00:00 PM,2/3/2014 2:00:00 AM,2/1/2014 11:45:00 PM,100659
2/20/2014 10:00:00 AM,2/20/2014 3:00:00 PM,2/19/2014 9:45:00 AM,97990
2/20/2014 10:00:00 PM,2/21/2014 3:00:00 AM,2/19/2014 11:45:00 PM,90242
2/20/2014 11:00:00 AM,2/20/2014 4:00:00 PM,2/19/2014 11:45:00 AM,96132
2/20/2014 11:00:00 PM,2/21/2014 4:00:00 AM,2/19/2014 11:45:00 PM,84470
2/20/2014 12:00:00 AM,2/20/2014 5:00:00 AM,2/19/2014 5:45:00 AM,84458
2/20/2014 12:00:00 PM,2/20/2014 5:00:00 PM,2/19/2014 11:45:00 AM,94305
2/20/2014 1:00:00 AM,2/20/2014 6:00:00 AM,2/19/2014 5:45:00 AM,82239
2/20/2014 1:00:00 PM,2/20/2014 6:00:00 PM,2/19/2014 11:45:00 AM,92919
2/20/2014 2:00:00 AM,2/20/2014 7:00:00 AM,2/19/2014 5:45:00 AM,81389
2/20/2014 2:00:00 PM,2/20/2014 7:00:00 PM,2/19/2014 11:45:00 AM,91677
2/20/2014 3:00:00 AM,2/20/2014 8:00:00 AM,2/19/2014 5:45:00 AM,81541
2/20/2014 3:00:00 PM,2/20/2014 8:00:00 PM,2/19/2014 5:45:00 PM,90841
2/20/2014 4:00:00 AM,2/20/2014 9:00:00 AM,2/19/2014 5:45:00 AM,83501
2/20/2014 4:00:00 PM,2/20/2014 9:00:00 PM,2/19/2014 5:45:00 PM,91936
2/20/2014 5:00:00 AM,2/20/2014 10:00:00 AM,2/19/2014 5:45:00 AM,88868
2/20/2014 5:00:00 PM,2/20/2014 10:00:00 PM,2/19/2014 5:45:00 PM,95689
2/20/2014 6:00:00 AM,2/20/2014 11:00:00 AM,2/19/2014 5:45:00 AM,97858
2/20/2014 6:00:00 PM,2/20/2014 11:00:00 PM,2/19/2014 5:45:00 PM,100669
2/20/2014 7:00:00 AM,2/20/2014 12:00:00 PM,2/19/2014 5:45:00 AM,102698
2/20/2014 7:00:00 PM,2/21/2014 12:00:00 AM,2/19/2014 5:45:00 PM,101113
2/20/2014 8:00:00 AM,2/20/2014 1:00:00 PM,2/19/2014 9:45:00 AM,101918
2/20/2014 8:00:00 PM,2/21/2014 1:00:00 AM,2/19/2014 5:45:00 PM,99484
2/20/2014 9:00:00 AM,2/20/2014 2:00:00 PM,2/19/2014 9:45:00 AM,99878
2/20/2014 9:00:00 PM,2/21/2014 2:00:00 AM,2/19/2014 11:45:00 PM,95802
2/21/2014 10:00:00 AM,2/21/2014 3:00:00 PM,2/20/2014 9:45:00 AM,97013
2/21/2014 10:00:00 PM,2/22/2014 3:00:00 AM,2/20/2014 11:45:00 PM,91940
2/21/2014 11:00:00 AM,2/21/2014 4:00:00 PM,2/20/2014 11:45:00 AM,96349
2/21/2014 11:00:00 PM,2/22/2014 4:00:00 AM,2/20/2014 11:45:00 PM,87009
2/21/2014 12:00:00 AM,2/21/2014 5:00:00 AM,2/20/2014 5:45:00 AM,79194
2/21/2014 12:00:00 PM,2/21/2014 5:00:00 PM,2/20/2014 11:45:00 AM,95823
2/21/2014 1:00:00 AM,2/21/2014 6:00:00 AM,2/20/2014 5:45:00 AM,76506
2/21/2014 1:00:00 PM,2/21/2014 6:00:00 PM,2/20/2014 11:45:00 AM,95276
2/21/2014 2:00:00 AM,2/21/2014 7:00:00 AM,2/20/2014 5:45:00 AM,75137
2/21/2014 2:00:00 PM,2/21/2014 7:00:00 PM,2/20/2014 11:45:00 AM,94565
2/21/2014 3:00:00 AM,2/21/2014 8:00:00 AM,2/20/2014 5:45:00 AM,74724
2/21/2014 3:00:00 PM,2/21/2014 8:00:00 PM,2/20/2014 5:45:00 PM,94480
2/21/2014 4:00:00 AM,2/21/2014 9:00:00 AM,2/20/2014 5:45:00 AM,76113
2/21/2014 4:00:00 PM,2/21/2014 9:00:00 PM,2/20/2014 5:45:00 PM,95258
2/21/2014 5:00:00 AM,2/21/2014 10:00:00 AM,2/20/2014 5:45:00 AM,80744
2/21/2014 5:00:00 PM,2/21/2014 10:00:00 PM,2/20/2014 5:45:00 PM,98280
2/21/2014 6:00:00 AM,2/21/2014 11:00:00 AM,2/20/2014 5:45:00 AM,89074
2/21/2014 6:00:00 PM,2/21/2014 11:00:00 PM,2/20/2014 5:45:00 PM,101467
2/21/2014 7:00:00 AM,2/21/2014 12:00:00 PM,2/20/2014 5:45:00 AM,94590
2/21/2014 7:00:00 PM,2/22/2014 12:00:00 AM,2/20/2014 5:45:00 PM,100733
2/21/2014 8:00:00 AM,2/21/2014 1:00:00 PM,2/20/2014 9:45:00 AM,96781
2/21/2014 8:00:00 PM,2/22/2014 1:00:00 AM,2/20/2014 5:45:00 PM,98859
2/21/2014 9:00:00 AM,2/21/2014 2:00:00 PM,2/20/2014 9:45:00 AM,96969
2/21/2014 9:00:00 PM,2/22/2014 2:00:00 AM,2/20/2014 11:45:00 PM,96164
2/22/2014 10:00:00 AM,2/22/2014 3:00:00 PM,2/21/2014 9:45:00 AM,90189
2/22/2014 10:00:00 PM,2/23/2014 3:00:00 AM,2/21/2014 11:45:00 PM,86299
2/22/2014 11:00:00 AM,2/22/2014 4:00:00 PM,2/21/2014 11:45:00 AM,88250
2/22/2014 11:00:00 PM,2/23/2014 4:00:00 AM,2/21/2014 11:45:00 PM,82232
2/22/2014 12:00:00 AM,2/22/2014 5:00:00 AM,2/21/2014 5:45:00 AM,82214
2/22/2014 12:00:00 PM,2/22/2014 5:00:00 PM,2/21/2014 11:45:00 AM,86075
2/22/2014 1:00:00 AM,2/22/2014 6:00:00 AM,2/21/2014 5:45:00 AM,79674
2/22/2014 1:00:00 PM,2/22/2014 6:00:00 PM,2/21/2014 11:45:00 AM,83971
2/22/2014 2:00:00 AM,2/22/2014 7:00:00 AM,2/21/2014 5:45:00 AM,78480
2/22/2014 2:00:00 PM,2/22/2014 7:00:00 PM,2/21/2014 11:45:00 AM,82479
2/22/2014 3:00:00 AM,2/22/2014 8:00:00 AM,2/21/2014 5:45:00 AM,78131
2/22/2014 3:00:00 PM,2/22/2014 8:00:00 PM,2/21/2014 5:45:00 PM,82048
2/22/2014 4:00:00 AM,2/22/2014 9:00:00 AM,2/21/2014 5:45:00 AM,78776
2/22/2014 4:00:00 PM,2/22/2014 9:00:00 PM,2/21/2014 5:45:00 PM,83879
2/22/2014 5:00:00 AM,2/22/2014 10:00:00 AM,2/21/2014 5:45:00 AM,80951
2/22/2014 5:00:00 PM,2/22/2014 10:00:00 PM,2/21/2014 5:45:00 PM,89039
2/22/2014 6:00:00 AM,2/22/2014 11:00:00 AM,2/21/2014 5:45:00 AM,84191
2/22/2014 6:00:00 PM,2/22/2014 11:00:00 PM,2/21/2014 5:45:00 PM,92747
2/22/2014 7:00:00 AM,2/22/2014 12:00:00 PM,2/21/2014 5:45:00 AM,87353
2/22/2014 7:00:00 PM,2/23/2014 12:00:00 AM,2/21/2014 5:45:00 PM,92642
2/22/2014 8:00:00 AM,2/22/2014 1:00:00 PM,2/21/2014 9:45:00 AM,91168
2/22/2014 8:00:00 PM,2/23/2014 1:00:00 AM,2/21/2014 5:45:00 PM,91609
2/22/2014 9:00:00 AM,2/22/2014 2:00:00 PM,2/21/2014 9:45:00 AM,91303
2/22/2014 9:00:00 PM,2/23/2014 2:00:00 AM,2/21/2014 11:45:00 PM,89616
2/23/2014 10:00:00 AM,2/23/2014 3:00:00 PM,2/22/2014 9:45:00 AM,86589
2/23/2014 10:00:00 PM,2/24/2014 3:00:00 AM,2/22/2014 11:45:00 PM,90774
2/23/2014 11:00:00 AM,2/23/2014 4:00:00 PM,2/22/2014 11:45:00 AM,88620
2/23/2014 11:00:00 PM,2/24/2014 4:00:00 AM,2/22/2014 11:45:00 PM,86152
2/23/2014 12:00:00 AM,2/23/2014 5:00:00 AM,2/22/2014 5:45:00 AM,79065
2/23/2014 12:00:00 PM,2/23/2014 5:00:00 PM,2/22/2014 11:45:00 AM,87790
2/23/2014 1:00:00 AM,2/23/2014 6:00:00 AM,2/22/2014 5:45:00 AM,76775
2/23/2014 1:00:00 PM,2/23/2014 6:00:00 PM,2/22/2014 11:45:00 AM,86886
2/23/2014 2:00:00 AM,2/23/2014 7:00:00 AM,2/22/2014 5:45:00 AM,75713
2/23/2014 2:00:00 PM,2/23/2014 7:00:00 PM,2/22/2014 11:45:00 AM,86134
2/23/2014 3:00:00 AM,2/23/2014 8:00:00 AM,2/22/2014 5:45:00 AM,75401
2/23/2014 3:00:00 PM,2/23/2014 8:00:00 PM,2/22/2014 5:45:00 PM,86210
2/23/2014 4:00:00 AM,2/23/2014 9:00:00 AM,2/22/2014 5:45:00 AM,75946
2/23/2014 4:00:00 PM,2/23/2014 9:00:00 PM,2/22/2014 5:45:00 PM,88246
2/23/2014 5:00:00 AM,2/23/2014 10:00:00 AM,2/22/2014 5:45:00 AM,77610
2/23/2014 5:00:00 PM,2/23/2014 10:00:00 PM,2/22/2014 5:45:00 PM,93669
2/23/2014 6:00:00 AM,2/23/2014 11:00:00 AM,2/22/2014 5:45:00 AM,80038
2/23/2014 6:00:00 PM,2/23/2014 11:00:00 PM,2/22/2014 5:45:00 PM,98557
2/23/2014 7:00:00 AM,2/23/2014 12:00:00 PM,2/22/2014 5:45:00 AM,82920
2/23/2014 7:00:00 PM,2/24/2014 12:00:00 AM,2/22/2014 5:45:00 PM,98954
2/23/2014 8:00:00 AM,2/23/2014 1:00:00 PM,2/22/2014 9:45:00 AM,85504
2/23/2014 8:00:00 PM,2/24/2014 1:00:00 AM,2/22/2014 5:45:00 PM,97800
2/23/2014 9:00:00 AM,2/23/2014 2:00:00 PM,2/22/2014 9:45:00 AM,86776
2/23/2014 9:00:00 PM,2/24/2014 2:00:00 AM,2/22/2014 11:45:00 PM,94981
2/24/2014 10:00:00 AM,2/24/2014 3:00:00 PM,2/23/2014 9:45:00 AM,105358
2/24/2014 10:00:00 PM,2/25/2014 3:00:00 AM,2/23/2014 11:45:00 PM,103681
2/24/2014 11:00:00 AM,2/24/2014 4:00:00 PM,2/23/2014 11:45:00 AM,106225
2/24/2014 11:00:00 PM,2/25/2014 4:00:00 AM,2/23/2014 11:45:00 PM,98224
2/24/2014 12:00:00 AM,2/24/2014 5:00:00 AM,2/23/2014 5:45:00 AM,82852
2/24/2014 12:00:00 PM,2/24/2014 5:00:00 PM,2/23/2014 11:45:00 AM,104942
2/24/2014 1:00:00 AM,2/24/2014 6:00:00 AM,2/23/2014 5:45:00 AM,81512
2/24/2014 1:00:00 PM,2/24/2014 6:00:00 PM,2/23/2014 11:45:00 AM,103733
2/24/2014 2:00:00 AM,2/24/2014 7:00:00 AM,2/23/2014 5:45:00 AM,81236
2/24/2014 2:00:00 PM,2/24/2014 7:00:00 PM,2/23/2014 11:45:00 AM,102394
2/24/2014 3:00:00 AM,2/24/2014 8:00:00 AM,2/23/2014 5:45:00 AM,82150
2/24/2014 3:00:00 PM,2/24/2014 8:00:00 PM,2/23/2014 5:45:00 PM,101334
2/24/2014 4:00:00 AM,2/24/2014 9:00:00 AM,2/23/2014 5:45:00 AM,84679
2/24/2014 4:00:00 PM,2/24/2014 9:00:00 PM,2/23/2014 5:45:00 PM,102943
2/24/2014 5:00:00 AM,2/24/2014 10:00:00 AM,2/23/2014 5:45:00 AM,90489
2/24/2014 5:00:00 PM,2/24/2014 10:00:00 PM,2/23/2014 5:45:00 PM,108504
2/24/2014 6:00:00 AM,2/24/2014 11:00:00 AM,2/23/2014 5:45:00 AM,99653
2/24/2014 6:00:00 PM,2/24/2014 11:00:00 PM,2/23/2014 5:45:00 PM,113788
2/24/2014 7:00:00 AM,2/24/2014 12:00:00 PM,2/23/2014 5:45:00 AM,105446
2/24/2014 7:00:00 PM,2/25/2014 12:00:00 AM,2/23/2014 5:45:00 PM,114306
2/24/2014 8:00:00 AM,2/24/2014 1:00:00 PM,2/23/2014 9:45:00 AM,106289
2/24/2014 8:00:00 PM,2/25/2014 1:00:00 AM,2/23/2014 5:45:00 PM,112717
2/24/2014 9:00:00 AM,2/24/2014 2:00:00 PM,2/23/2014 9:45:00 AM,105887
2/24/2014 9:00:00 PM,2/25/2014 2:00:00 AM,2/23/2014 11:45:00 PM,109181
2/25/2014 10:00:00 AM,2/25/2014 3:00:00 PM,2/24/2014 9:45:00 AM,109688
2/25/2014 10:00:00 PM,2/26/2014 3:00:00 AM,2/24/2014 11:45:00 PM,104615
2/25/2014 11:00:00 AM,2/25/2014 4:00:00 PM,2/24/2014 11:45:00 AM,108008
2/25/2014 11:00:00 PM,2/26/2014 4:00:00 AM,2/24/2014 11:45:00 PM,99076
2/25/2014 12:00:00 AM,2/25/2014 5:00:00 AM,2/24/2014 5:45:00 AM,93976
2/25/2014 12:00:00 PM,2/25/2014 5:00:00 PM,2/24/2014 11:45:00 AM,105915
2/25/2014 1:00:00 AM,2/25/2014 6:00:00 AM,2/24/2014 5:45:00 AM,92292
2/25/2014 1:00:00 PM,2/25/2014 6:00:00 PM,2/24/2014 11:45:00 AM,104497
2/25/2014 2:00:00 AM,2/25/2014 7:00:00 AM,2/24/2014 5:45:00 AM,91862
2/25/2014 2:00:00 PM,2/25/2014 7:00:00 PM,2/24/2014 11:45:00 AM,103195
2/25/2014 3:00:00 AM,2/25/2014 8:00:00 AM,2/24/2014 5:45:00 AM,92441
2/25/2014 3:00:00 PM,2/25/2014 8:00:00 PM,2/24/2014 5:45:00 PM,102308
2/25/2014 4:00:00 AM,2/25/2014 9:00:00 AM,2/24/2014 5:45:00 AM,94868
2/25/2014 4:00:00 PM,2/25/2014 9:00:00 PM,2/24/2014 5:45:00 PM,103799
2/25/2014 5:00:00 AM,2/25/2014 10:00:00 AM,2/24/2014 5:45:00 AM,100554
2/25/2014 5:00:00 PM,2/25/2014 10:00:00 PM,2/24/2014 5:45:00 PM,108508
2/25/2014 6:00:00 AM,2/25/2014 11:00:00 AM,2/24/2014 5:45:00 AM,109628
2/25/2014 6:00:00 PM,2/25/2014 11:00:00 PM,2/24/2014 5:45:00 PM,114158
2/25/2014 7:00:00 AM,2/25/2014 12:00:00 PM,2/24/2014 5:45:00 AM,114449
2/25/2014 7:00:00 PM,2/26/2014 12:00:00 AM,2/24/2014 5:45:00 PM,115008
2/25/2014 8:00:00 AM,2/25/2014 1:00:00 PM,2/24/2014 9:45:00 AM,113793
2/25/2014 8:00:00 PM,2/26/2014 1:00:00 AM,2/24/2014 5:45:00 PM,113767
2/25/2014 9:00:00 AM,2/25/2014 2:00:00 PM,2/24/2014 9:45:00 AM,111741
2/25/2014 9:00:00 PM,2/26/2014 2:00:00 AM,2/24/2014 11:45:00 PM,110304
2/26/2014 10:00:00 AM,2/26/2014 3:00:00 PM,2/25/2014 9:45:00 AM,115178
2/26/2014 10:00:00 PM,2/27/2014 3:00:00 AM,2/25/2014 11:45:00 PM,112687
2/26/2014 11:00:00 AM,2/26/2014 4:00:00 PM,2/25/2014 11:45:00 AM,113610
2/26/2014 11:00:00 PM,2/27/2014 4:00:00 AM,2/25/2014 11:45:00 PM,107249
2/26/2014 12:00:00 AM,2/26/2014 5:00:00 AM,2/25/2014 5:45:00 AM,98238
2/26/2014 12:00:00 PM,2/26/2014 5:00:00 PM,2/25/2014 11:45:00 AM,112065
2/26/2014 1:00:00 AM,2/26/2014 6:00:00 AM,2/25/2014 5:45:00 AM,96593
2/26/2014 1:00:00 PM,2/26/2014 6:00:00 PM,2/25/2014 11:45:00 AM,111027
2/26/2014 2:00:00 AM,2/26/2014 7:00:00 AM,2/25/2014 5:45:00 AM,96141
2/26/2014 2:00:00 PM,2/26/2014 7:00:00 PM,2/25/2014 11:45:00 AM,110102
2/26/2014 3:00:00 AM,2/26/2014 8:00:00 AM,2/25/2014 5:45:00 AM,96693
2/26/2014 3:00:00 PM,2/26/2014 8:00:00 PM,2/25/2014 5:45:00 PM,109535
2/26/2014 4:00:00 AM,2/26/2014 9:00:00 AM,2/25/2014 5:45:00 AM,98879
2/26/2014 4:00:00 PM,2/26/2014 9:00:00 PM,2/25/2014 5:45:00 PM,111235
2/26/2014 5:00:00 AM,2/26/2014 10:00:00 AM,2/25/2014 5:45:00 AM,104300
2/26/2014 5:00:00 PM,2/26/2014 10:00:00 PM,2/25/2014 5:45:00 PM,116157
2/26/2014 6:00:00 AM,2/26/2014 11:00:00 AM,2/25/2014 5:45:00 AM,112921
2/26/2014 6:00:00 PM,2/26/2014 11:00:00 PM,2/25/2014 5:45:00 PM,122670
2/26/2014 7:00:00 AM,2/26/2014 12:00:00 PM,2/25/2014 5:45:00 AM,117648
2/26/2014 7:00:00 PM,2/27/2014 12:00:00 AM,2/25/2014 5:45:00 PM,123326
2/26/2014 8:00:00 AM,2/26/2014 1:00:00 PM,2/25/2014 9:45:00 AM,117607
2/26/2014 8:00:00 PM,2/27/2014 1:00:00 AM,2/25/2014 5:45:00 PM,121774
2/26/2014 9:00:00 AM,2/26/2014 2:00:00 PM,2/25/2014 9:45:00 AM,116393
2/26/2014 9:00:00 PM,2/27/2014 2:00:00 AM,2/25/2014 11:45:00 PM,118258
2/27/2014 10:00:00 AM,2/27/2014 3:00:00 PM,2/26/2014 9:45:00 AM,117873
2/27/2014 10:00:00 PM,2/28/2014 3:00:00 AM,2/26/2014 11:45:00 PM,115061
2/27/2014 11:00:00 AM,2/27/2014 4:00:00 PM,2/26/2014 11:45:00 AM,115737
2/27/2014 11:00:00 PM,2/28/2014 4:00:00 AM,2/26/2014 11:45:00 PM,109915
2/27/2014 12:00:00 AM,2/27/2014 5:00:00 AM,2/26/2014 5:45:00 AM,104203
2/27/2014 12:00:00 PM,2/27/2014 5:00:00 PM,2/26/2014 11:45:00 AM,113543
2/27/2014 1:00:00 AM,2/27/2014 6:00:00 AM,2/26/2014 5:45:00 AM,102735
2/27/2014 1:00:00 PM,2/27/2014 6:00:00 PM,2/26/2014 11:45:00 AM,111938
2/27/2014 2:00:00 AM,2/27/2014 7:00:00 AM,2/26/2014 5:45:00 AM,102442
2/27/2014 2:00:00 PM,2/27/2014 7:00:00 PM,2/26/2014 11:45:00 AM,110604
2/27/2014 3:00:00 AM,2/27/2014 8:00:00 AM,2/26/2014 5:45:00 AM,103216
2/27/2014 3:00:00 PM,2/27/2014 8:00:00 PM,2/26/2014 5:45:00 PM,109167
2/27/2014 4:00:00 AM,2/27/2014 9:00:00 AM,2/26/2014 5:45:00 AM,105670
2/27/2014 4:00:00 PM,2/27/2014 9:00:00 PM,2/26/2014 5:45:00 PM,110753
2/27/2014 5:00:00 AM,2/27/2014 10:00:00 AM,2/26/2014 5:45:00 AM,111230
2/27/2014 5:00:00 PM,2/27/2014 10:00:00 PM,2/26/2014 5:45:00 PM,115881
2/27/2014 6:00:00 AM,2/27/2014 11:00:00 AM,2/26/2014 5:45:00 AM,120066
2/27/2014 6:00:00 PM,2/27/2014 11:00:00 PM,2/26/2014 5:45:00 PM,123043
2/27/2014 7:00:00 AM,2/27/2014 12:00:00 PM,2/26/2014 5:45:00 AM,124146
2/27/2014 7:00:00 PM,2/28/2014 12:00:00 AM,2/26/2014 5:45:00 PM,124634
2/27/2014 8:00:00 AM,2/27/2014 1:00:00 PM,2/26/2014 9:45:00 AM,123479
2/27/2014 8:00:00 PM,2/28/2014 1:00:00 AM,2/26/2014 5:45:00 PM,123642
2/27/2014 9:00:00 AM,2/27/2014 2:00:00 PM,2/26/2014 9:45:00 AM,120572
2/27/2014 9:00:00 PM,2/28/2014 2:00:00 AM,2/26/2014 11:45:00 PM,120556
2/28/2014 10:00:00 AM,2/28/2014 3:00:00 PM,2/27/2014 9:45:00 AM,121160
2/28/2014 10:00:00 PM,3/1/2014 3:00:00 AM,2/27/2014 11:45:00 PM,110782
2/28/2014 11:00:00 AM,2/28/2014 4:00:00 PM,2/27/2014 11:45:00 AM,118236
2/28/2014 11:00:00 PM,3/1/2014 4:00:00 AM,2/27/2014 11:45:00 PM,106104
2/28/2014 12:00:00 AM,2/28/2014 5:00:00 AM,2/27/2014 5:45:00 AM,107088
2/28/2014 12:00:00 PM,2/28/2014 5:00:00 PM,2/27/2014 11:45:00 AM,114963
2/28/2014 1:00:00 AM,2/28/2014 6:00:00 AM,2/27/2014 5:45:00 AM,105888
2/28/2014 1:00:00 PM,2/28/2014 6:00:00 PM,2/27/2014 11:45:00 AM,112601
2/28/2014 2:00:00 AM,2/28/2014 7:00:00 AM,2/27/2014 5:45:00 AM,105854
2/28/2014 2:00:00 PM,2/28/2014 7:00:00 PM,2/27/2014 11:45:00 AM,110473
2/28/2014 3:00:00 AM,2/28/2014 8:00:00 AM,2/27/2014 5:45:00 AM,106736
2/28/2014 3:00:00 PM,2/28/2014 8:00:00 PM,2/27/2014 5:45:00 PM,108888
2/28/2014 4:00:00 AM,2/28/2014 9:00:00 AM,2/27/2014 5:45:00 AM,109102
2/28/2014 4:00:00 PM,2/28/2014 9:00:00 PM,2/27/2014 5:45:00 PM,109312
2/28/2014 5:00:00 AM,2/28/2014 10:00:00 AM,2/27/2014 5:45:00 AM,114530
2/28/2014 5:00:00 PM,2/28/2014 10:00:00 PM,2/27/2014 5:45:00 PM,112840
2/28/2014 6:00:00 AM,2/28/2014 11:00:00 AM,2/27/2014 5:45:00 AM,122829
2/28/2014 6:00:00 PM,2/28/2014 11:00:00 PM,2/27/2014 5:45:00 PM,118873
2/28/2014 7:00:00 AM,2/28/2014 12:00:00 PM,2/27/2014 5:45:00 AM,126890
2/28/2014 7:00:00 PM,3/1/2014 12:00:00 AM,2/27/2014 5:45:00 PM,119585
2/28/2014 8:00:00 AM,2/28/2014 1:00:00 PM,2/27/2014 9:45:00 AM,127473
2/28/2014 8:00:00 PM,3/1/2014 1:00:00 AM,2/27/2014 5:45:00 PM,118195
2/28/2014 9:00:00 AM,2/28/2014 2:00:00 PM,2/27/2014 9:45:00 AM,124451
2/28/2014 9:00:00 PM,3/1/2014 2:00:00 AM,2/27/2014 11:45:00 PM,115362
2/3/2014 10:00:00 AM,2/3/2014 3:00:00 PM,2/2/2014 9:45:00 AM,108105
2/3/2014 10:00:00 PM,2/4/2014 3:00:00 AM,2/2/2014 11:45:00 PM,107389
2/3/2014 11:00:00 AM,2/3/2014 4:00:00 PM,2/2/2014 11:45:00 AM,108820
2/3/2014 11:00:00 PM,2/4/2014 4:00:00 AM,2/2/2014 11:45:00 PM,101739
2/3/2014 12:00:00 AM,2/3/2014 5:00:00 AM,2/2/2014 5:45:00 AM,86081
2/3/2014 12:00:00 PM,2/3/2014 5:00:00 PM,2/2/2014 11:45:00 AM,108094
2/3/2014 1:00:00 AM,2/3/2014 6:00:00 AM,2/2/2014 5:45:00 AM,84413
2/3/2014 1:00:00 PM,2/3/2014 6:00:00 PM,2/2/2014 11:45:00 AM,107333
2/3/2014 2:00:00 AM,2/3/2014 7:00:00 AM,2/2/2014 5:45:00 AM,83876
2/3/2014 2:00:00 PM,2/3/2014 7:00:00 PM,2/2/2014 11:45:00 AM,106513
2/3/2014 3:00:00 AM,2/3/2014 8:00:00 AM,2/2/2014 5:45:00 AM,84427
2/3/2014 3:00:00 PM,2/3/2014 8:00:00 PM,2/2/2014 5:45:00 PM,106300
2/3/2014 4:00:00 AM,2/3/2014 9:00:00 AM,2/2/2014 5:45:00 AM,86587
2/3/2014 4:00:00 PM,2/3/2014 9:00:00 PM,2/2/2014 5:45:00 PM,108574
2/3/2014 5:00:00 AM,2/3/2014 10:00:00 AM,2/2/2014 5:45:00 AM,91914
2/3/2014 5:00:00 PM,2/3/2014 10:00:00 PM,2/2/2014 5:45:00 PM,114976
2/3/2014 6:00:00 AM,2/3/2014 11:00:00 AM,2/2/2014 5:45:00 AM,100530
2/3/2014 6:00:00 PM,2/3/2014 11:00:00 PM,2/2/2014 5:45:00 PM,118255
2/3/2014 7:00:00 AM,2/3/2014 12:00:00 PM,2/2/2014 5:45:00 AM,106634
2/3/2014 7:00:00 PM,2/4/2014 12:00:00 AM,2/2/2014 5:45:00 PM,117689
2/3/2014 8:00:00 AM,2/3/2014 1:00:00 PM,2/2/2014 9:45:00 AM,107825
2/3/2014 8:00:00 PM,2/4/2014 1:00:00 AM,2/2/2014 5:45:00 PM,116186
2/3/2014 9:00:00 AM,2/3/2014 2:00:00 PM,2/2/2014 9:45:00 AM,108088
2/3/2014 9:00:00 PM,2/4/2014 2:00:00 AM,2/2/2014 11:45:00 PM,113056
2/4/2014 10:00:00 AM,2/4/2014 3:00:00 PM,2/3/2014 9:45:00 AM,111615
2/4/2014 10:00:00 PM,2/5/2014 3:00:00 AM,2/3/2014 11:45:00 PM,106156
2/4/2014 11:00:00 AM,2/4/2014 4:00:00 PM,2/3/2014 11:45:00 AM,113102
2/4/2014 11:00:00 PM,2/5/2014 4:00:00 AM,2/3/2014 11:45:00 PM,100129
2/4/2014 12:00:00 AM,2/4/2014 5:00:00 AM,2/3/2014 5:45:00 AM,96841
2/4/2014 12:00:00 PM,2/4/2014 5:00:00 PM,2/3/2014 11:45:00 AM,111274
2/4/2014 1:00:00 AM,2/4/2014 6:00:00 AM,2/3/2014 5:45:00 AM,94873
2/4/2014 1:00:00 PM,2/4/2014 6:00:00 PM,2/3/2014 11:45:00 AM,109850
2/4/2014 2:00:00 AM,2/4/2014 7:00:00 AM,2/3/2014 5:45:00 AM,94368
2/4/2014 2:00:00 PM,2/4/2014 7:00:00 PM,2/3/2014 11:45:00 AM,108609
2/4/2014 3:00:00 AM,2/4/2014 8:00:00 AM,2/3/2014 5:45:00 AM,94793
2/4/2014 3:00:00 PM,2/4/2014 8:00:00 PM,2/3/2014 5:45:00 PM,107879
2/4/2014 4:00:00 AM,2/4/2014 9:00:00 AM,2/3/2014 5:45:00 AM,97110
2/4/2014 4:00:00 PM,2/4/2014 9:00:00 PM,2/3/2014 5:45:00 PM,109300
2/4/2014 5:00:00 AM,2/4/2014 10:00:00 AM,2/3/2014 5:45:00 AM,102616
2/4/2014 5:00:00 PM,2/4/2014 10:00:00 PM,2/3/2014 5:45:00 PM,114957
2/4/2014 6:00:00 AM,2/4/2014 11:00:00 AM,2/3/2014 5:45:00 AM,111313
2/4/2014 6:00:00 PM,2/4/2014 11:00:00 PM,2/3/2014 5:45:00 PM,117342
2/4/2014 7:00:00 AM,2/4/2014 12:00:00 PM,2/3/2014 5:45:00 AM,116521
2/4/2014 7:00:00 PM,2/5/2014 12:00:00 AM,2/3/2014 5:45:00 PM,116453
2/4/2014 8:00:00 AM,2/4/2014 1:00:00 PM,2/3/2014 9:45:00 AM,115846
2/4/2014 8:00:00 PM,2/5/2014 1:00:00 AM,2/3/2014 5:45:00 PM,115105
2/4/2014 9:00:00 AM,2/4/2014 2:00:00 PM,2/3/2014 9:45:00 AM,113727
2/4/2014 9:00:00 PM,2/5/2014 2:00:00 AM,2/3/2014 11:45:00 PM,111974
2/5/2014 10:00:00 AM,2/5/2014 3:00:00 PM,2/4/2014 9:45:00 AM,109547
2/5/2014 10:00:00 PM,2/6/2014 3:00:00 AM,2/4/2014 11:45:00 PM,105885
2/5/2014 11:00:00 AM,2/5/2014 4:00:00 PM,2/4/2014 11:45:00 AM,109750
2/5/2014 11:00:00 PM,2/6/2014 4:00:00 AM,2/4/2014 11:45:00 PM,100374
2/5/2014 12:00:00 AM,2/5/2014 5:00:00 AM,2/4/2014 5:45:00 AM,93472
2/5/2014 12:00:00 PM,2/5/2014 5:00:00 PM,2/4/2014 11:45:00 AM,108327
2/5/2014 1:00:00 AM,2/5/2014 6:00:00 AM,2/4/2014 5:45:00 AM,91054
2/5/2014 1:00:00 PM,2/5/2014 6:00:00 PM,2/4/2014 11:45:00 AM,106940
2/5/2014 2:00:00 AM,2/5/2014 7:00:00 AM,2/4/2014 5:45:00 AM,89962
2/5/2014 2:00:00 PM,2/5/2014 7:00:00 PM,2/4/2014 11:45:00 AM,105817
2/5/2014 3:00:00 AM,2/5/2014 8:00:00 AM,2/4/2014 5:45:00 AM,89943
2/5/2014 3:00:00 PM,2/5/2014 8:00:00 PM,2/4/2014 5:45:00 PM,105102
2/5/2014 4:00:00 AM,2/5/2014 9:00:00 AM,2/4/2014 5:45:00 AM,91598
2/5/2014 4:00:00 PM,2/5/2014 9:00:00 PM,2/4/2014 5:45:00 PM,106223
2/5/2014 5:00:00 AM,2/5/2014 10:00:00 AM,2/4/2014 5:45:00 AM,96584
2/5/2014 5:00:00 PM,2/5/2014 10:00:00 PM,2/4/2014 5:45:00 PM,110884
2/5/2014 6:00:00 AM,2/5/2014 11:00:00 AM,2/4/2014 5:45:00 AM,104664
2/5/2014 6:00:00 PM,2/5/2014 11:00:00 PM,2/4/2014 5:45:00 PM,114352
2/5/2014 7:00:00 AM,2/5/2014 12:00:00 PM,2/4/2014 5:45:00 AM,109957
2/5/2014 7:00:00 PM,2/6/2014 12:00:00 AM,2/4/2014 5:45:00 PM,113199
2/5/2014 8:00:00 AM,2/5/2014 1:00:00 PM,2/4/2014 9:45:00 AM,110437
2/5/2014 8:00:00 PM,2/6/2014 1:00:00 AM,2/4/2014 5:45:00 PM,111713
2/5/2014 9:00:00 AM,2/5/2014 2:00:00 PM,2/4/2014 9:45:00 AM,110223
2/5/2014 9:00:00 PM,2/6/2014 2:00:00 AM,2/4/2014 11:45:00 PM,110565
2/6/2014 10:00:00 AM,2/6/2014 3:00:00 PM,2/5/2014 9:45:00 AM,114520
2/6/2014 10:00:00 PM,2/7/2014 3:00:00 AM,2/5/2014 11:45:00 PM,111397
2/6/2014 11:00:00 AM,2/6/2014 4:00:00 PM,2/5/2014 11:45:00 AM,117110
2/6/2014 11:00:00 PM,2/7/2014 4:00:00 AM,2/5/2014 11:45:00 PM,105895
2/6/2014 12:00:00 AM,2/6/2014 5:00:00 AM,2/5/2014 5:45:00 AM,95991
2/6/2014 12:00:00 PM,2/6/2014 5:00:00 PM,2/5/2014 11:45:00 AM,115737
2/6/2014 1:00:00 AM,2/6/2014 6:00:00 AM,2/5/2014 5:45:00 AM,94331
2/6/2014 1:00:00 PM,2/6/2014 6:00:00 PM,2/5/2014 11:45:00 AM,114816
2/6/2014 2:00:00 AM,2/6/2014 7:00:00 AM,2/5/2014 5:45:00 AM,94122
2/6/2014 2:00:00 PM,2/6/2014 7:00:00 PM,2/5/2014 11:45:00 AM,113947
2/6/2014 3:00:00 AM,2/6/2014 8:00:00 AM,2/5/2014 5:45:00 AM,94909
2/6/2014 3:00:00 PM,2/6/2014 8:00:00 PM,2/5/2014 5:45:00 PM,113263
2/6/2014 4:00:00 AM,2/6/2014 9:00:00 AM,2/5/2014 5:45:00 AM,97509
2/6/2014 4:00:00 PM,2/6/2014 9:00:00 PM,2/5/2014 5:45:00 PM,114139
2/6/2014 5:00:00 AM,2/6/2014 10:00:00 AM,2/5/2014 5:45:00 AM,103632
2/6/2014 5:00:00 PM,2/6/2014 10:00:00 PM,2/5/2014 5:45:00 PM,119854
2/6/2014 6:00:00 AM,2/6/2014 11:00:00 AM,2/5/2014 5:45:00 AM,113276
2/6/2014 6:00:00 PM,2/6/2014 11:00:00 PM,2/5/2014 5:45:00 PM,124251
2/6/2014 7:00:00 AM,2/6/2014 12:00:00 PM,2/5/2014 5:45:00 AM,119033
2/6/2014 7:00:00 PM,2/7/2014 12:00:00 AM,2/5/2014 5:45:00 PM,124202
2/6/2014 8:00:00 AM,2/6/2014 1:00:00 PM,2/5/2014 9:45:00 AM,118540
2/6/2014 8:00:00 PM,2/7/2014 1:00:00 AM,2/5/2014 5:45:00 PM,122994
2/6/2014 9:00:00 AM,2/6/2014 2:00:00 PM,2/5/2014 9:45:00 AM,116553
2/6/2014 9:00:00 PM,2/7/2014 2:00:00 AM,2/5/2014 11:45:00 PM,117035
2/7/2014 10:00:00 AM,2/7/2014 3:00:00 PM,2/6/2014 9:45:00 AM,119638
2/7/2014 10:00:00 PM,2/8/2014 3:00:00 AM,2/6/2014 11:45:00 PM,109055
2/7/2014 11:00:00 AM,2/7/2014 4:00:00 PM,2/6/2014 11:45:00 AM,116276
2/7/2014 11:00:00 PM,2/8/2014 4:00:00 AM,2/6/2014 11:45:00 PM,104355
2/7/2014 12:00:00 AM,2/7/2014 5:00:00 AM,2/6/2014 5:45:00 AM,105500
2/7/2014 12:00:00 PM,2/7/2014 5:00:00 PM,2/6/2014 11:45:00 AM,113633
2/7/2014 1:00:00 AM,2/7/2014 6:00:00 AM,2/6/2014 5:45:00 AM,103835
2/7/2014 1:00:00 PM,2/7/2014 6:00:00 PM,2/6/2014 11:45:00 AM,111590
2/7/2014 2:00:00 AM,2/7/2014 7:00:00 AM,2/6/2014 5:45:00 AM,103603
2/7/2014 2:00:00 PM,2/7/2014 7:00:00 PM,2/6/2014 11:45:00 AM,109763
2/7/2014 3:00:00 AM,2/7/2014 8:00:00 AM,2/6/2014 5:45:00 AM,104184
2/7/2014 3:00:00 PM,2/7/2014 8:00:00 PM,2/6/2014 5:45:00 PM,108847
2/7/2014 4:00:00 AM,2/7/2014 9:00:00 AM,2/6/2014 5:45:00 AM,106448
2/7/2014 4:00:00 PM,2/7/2014 9:00:00 PM,2/6/2014 5:45:00 PM,110206
2/7/2014 5:00:00 AM,2/7/2014 10:00:00 AM,2/6/2014 5:45:00 AM,111972
2/7/2014 5:00:00 PM,2/7/2014 10:00:00 PM,2/6/2014 5:45:00 PM,116061
2/7/2014 6:00:00 AM,2/7/2014 11:00:00 AM,2/6/2014 5:45:00 AM,120420
2/7/2014 6:00:00 PM,2/7/2014 11:00:00 PM,2/6/2014 5:45:00 PM,119838
2/7/2014 7:00:00 AM,2/7/2014 12:00:00 PM,2/6/2014 5:45:00 AM,125701
2/7/2014 7:00:00 PM,2/8/2014 12:00:00 AM,2/6/2014 5:45:00 PM,119064
2/7/2014 8:00:00 AM,2/7/2014 1:00:00 PM,2/6/2014 9:45:00 AM,125051
2/7/2014 8:00:00 PM,2/8/2014 1:00:00 AM,2/6/2014 5:45:00 PM,117899
2/7/2014 9:00:00 AM,2/7/2014 2:00:00 PM,2/6/2014 9:45:00 AM,122386
2/7/2014 9:00:00 PM,2/8/2014 2:00:00 AM,2/6/2014 11:45:00 PM,113344
2/8/2014 10:00:00 AM,2/8/2014 3:00:00 PM,2/7/2014 9:45:00 AM,110477
2/8/2014 10:00:00 PM,2/9/2014 3:00:00 AM,2/7/2014 11:45:00 PM,102897
2/8/2014 11:00:00 AM,2/8/2014 4:00:00 PM,2/7/2014 11:45:00 AM,108412
2/8/2014 11:00:00 PM,2/9/2014 4:00:00 AM,2/7/2014 11:45:00 PM,98950
2/8/2014 12:00:00 AM,2/8/2014 5:00:00 AM,2/7/2014 5:45:00 AM,101933
2/8/2014 12:00:00 PM,2/8/2014 5:00:00 PM,2/7/2014 11:45:00 AM,105890
2/8/2014 1:00:00 AM,2/8/2014 6:00:00 AM,2/7/2014 5:45:00 AM,99722
2/8/2014 1:00:00 PM,2/8/2014 6:00:00 PM,2/7/2014 11:45:00 AM,103320
2/8/2014 2:00:00 AM,2/8/2014 7:00:00 AM,2/7/2014 5:45:00 AM,98791
2/8/2014 2:00:00 PM,2/8/2014 7:00:00 PM,2/7/2014 11:45:00 AM,101421
2/8/2014 3:00:00 AM,2/8/2014 8:00:00 AM,2/7/2014 5:45:00 AM,98568
2/8/2014 3:00:00 PM,2/8/2014 8:00:00 PM,2/7/2014 5:45:00 PM,100533
2/8/2014 4:00:00 AM,2/8/2014 9:00:00 AM,2/7/2014 5:45:00 AM,99239
2/8/2014 4:00:00 PM,2/8/2014 9:00:00 PM,2/7/2014 5:45:00 PM,101672
2/8/2014 5:00:00 AM,2/8/2014 10:00:00 AM,2/7/2014 5:45:00 AM,101126
2/8/2014 5:00:00 PM,2/8/2014 10:00:00 PM,2/7/2014 5:45:00 PM,105832
2/8/2014 6:00:00 AM,2/8/2014 11:00:00 AM,2/7/2014 5:45:00 AM,104147
2/8/2014 6:00:00 PM,2/8/2014 11:00:00 PM,2/7/2014 5:45:00 PM,109784
2/8/2014 7:00:00 AM,2/8/2014 12:00:00 PM,2/7/2014 5:45:00 AM,107807
2/8/2014 7:00:00 PM,2/9/2014 12:00:00 AM,2/7/2014 5:45:00 PM,109213
2/8/2014 8:00:00 AM,2/8/2014 1:00:00 PM,2/7/2014 9:45:00 AM,110522
2/8/2014 8:00:00 PM,2/9/2014 1:00:00 AM,2/7/2014 5:45:00 PM,108364
2/8/2014 9:00:00 AM,2/8/2014 2:00:00 PM,2/7/2014 9:45:00 AM,111318
2/8/2014 9:00:00 PM,2/9/2014 2:00:00 AM,2/7/2014 11:45:00 PM,106248
2/9/2014 10:00:00 AM,2/9/2014 3:00:00 PM,2/8/2014 9:45:00 AM,101114
2/9/2014 10:00:00 PM,2/10/2014 3:00:00 AM,2/8/2014 11:45:00 PM,100739
2/9/2014 11:00:00 AM,2/9/2014 4:00:00 PM,2/8/2014 11:45:00 AM,99447
2/9/2014 11:00:00 PM,2/10/2014 4:00:00 AM,2/8/2014 11:45:00 PM,96409
2/9/2014 12:00:00 AM,2/9/2014 5:00:00 AM,2/8/2014 5:45:00 AM,96158
2/9/2014 12:00:00 PM,2/9/2014 5:00:00 PM,2/8/2014 11:45:00 AM,97880
2/9/2014 1:00:00 AM,2/9/2014 6:00:00 AM,2/8/2014 5:45:00 AM,94009
2/9/2014 1:00:00 PM,2/9/2014 6:00:00 PM,2/8/2014 11:45:00 AM,96058
2/9/2014 2:00:00 AM,2/9/2014 7:00:00 AM,2/8/2014 5:45:00 AM,93088
2/9/2014 2:00:00 PM,2/9/2014 7:00:00 PM,2/8/2014 11:45:00 AM,94738
2/9/2014 3:00:00 AM,2/9/2014 8:00:00 AM,2/8/2014 5:45:00 AM,92844
2/9/2014 3:00:00 PM,2/9/2014 8:00:00 PM,2/8/2014 5:45:00 PM,95581
2/9/2014 4:00:00 AM,2/9/2014 9:00:00 AM,2/8/2014 5:45:00 AM,93356
2/9/2014 4:00:00 PM,2/9/2014 9:00:00 PM,2/8/2014 5:45:00 PM,97467
2/9/2014 5:00:00 AM,2/9/2014 10:00:00 AM,2/8/2014 5:45:00 AM,94775
2/9/2014 5:00:00 PM,2/9/2014 10:00:00 PM,2/8/2014 5:45:00 PM,103017
2/9/2014 6:00:00 AM,2/9/2014 11:00:00 AM,2/8/2014 5:45:00 AM,97211
2/9/2014 6:00:00 PM,2/9/2014 11:00:00 PM,2/8/2014 5:45:00 PM,107914
2/9/2014 7:00:00 AM,2/9/2014 12:00:00 PM,2/8/2014 5:45:00 AM,99979
2/9/2014 7:00:00 PM,2/10/2014 12:00:00 AM,2/8/2014 5:45:00 PM,107896
2/9/2014 8:00:00 AM,2/9/2014 1:00:00 PM,2/8/2014 9:45:00 AM,102043
2/9/2014 8:00:00 PM,2/10/2014 1:00:00 AM,2/8/2014 5:45:00 PM,107254
2/9/2014 9:00:00 AM,2/9/2014 2:00:00 PM,2/8/2014 9:45:00 AM,102398
2/9/2014 9:00:00 PM,2/10/2014 2:00:00 AM,2/8/2014 11:45:00 PM,104539
3/1/2014 10:00:00 AM,3/1/2014 3:00:00 PM,2/28/2014 9:45:00 AM,103802
3/1/2014 10:00:00 PM,3/2/2014 3:00:00 AM,2/28/2014 11:45:00 PM,97043
3/1/2014 11:00:00 AM,3/1/2014 4:00:00 PM,2/28/2014 11:45:00 AM,102435
3/1/2014 11:00:00 PM,3/2/2014 4:00:00 AM,2/28/2014 11:45:00 PM,93097
3/1/2014 12:00:00 AM,3/1/2014 5:00:00 AM,2/28/2014 5:45:00 AM,100667
3/1/2014 12:00:00 PM,3/1/2014 5:00:00 PM,2/28/2014 11:45:00 AM,99354
3/1/2014 1:00:00 AM,3/1/2014 6:00:00 AM,2/28/2014 5:45:00 AM,98583
3/1/2014 1:00:00 PM,3/1/2014 6:00:00 PM,2/28/2014 11:45:00 AM,96541
3/1/2014 2:00:00 AM,3/1/2014 7:00:00 AM,2/28/2014 5:45:00 AM,97627
3/1/2014 2:00:00 PM,3/1/2014 7:00:00 PM,2/28/2014 11:45:00 AM,94273
3/1/2014 3:00:00 AM,3/1/2014 8:00:00 AM,2/28/2014 5:45:00 AM,97382
3/1/2014 3:00:00 PM,3/1/2014 8:00:00 PM,2/28/2014 5:45:00 PM,93705
3/1/2014 4:00:00 AM,3/1/2014 9:00:00 AM,2/28/2014 5:45:00 AM,97915
3/1/2014 4:00:00 PM,3/1/2014 9:00:00 PM,2/28/2014 5:45:00 PM,94434
3/1/2014 5:00:00 AM,3/1/2014 10:00:00 AM,2/28/2014 5:45:00 AM,99737
3/1/2014 5:00:00 PM,3/1/2014 10:00:00 PM,2/28/2014 5:45:00 PM,97715
3/1/2014 6:00:00 AM,3/1/2014 11:00:00 AM,2/28/2014 5:45:00 AM,102586
3/1/2014 6:00:00 PM,3/1/2014 11:00:00 PM,2/28/2014 5:45:00 PM,102748
3/1/2014 7:00:00 AM,3/1/2014 12:00:00 PM,2/28/2014 5:45:00 AM,104693
3/1/2014 7:00:00 PM,3/2/2014 12:00:00 AM,2/28/2014 5:45:00 PM,103241
3/1/2014 8:00:00 AM,3/1/2014 1:00:00 PM,2/28/2014 9:45:00 AM,106295
3/1/2014 8:00:00 PM,3/2/2014 1:00:00 AM,2/28/2014 5:45:00 PM,102715
3/1/2014 9:00:00 AM,3/1/2014 2:00:00 PM,2/28/2014 9:45:00 AM,105693
3/1/2014 9:00:00 PM,3/2/2014 2:00:00 AM,2/28/2014 11:45:00 PM,100549
3/10/2014 10:00:00 AM,3/10/2014 2:00:00 PM,3/9/2014 9:45:00 AM,98912
3/10/2014 10:00:00 PM,3/11/2014 2:00:00 AM,3/9/2014 11:45:00 PM,86064
3/10/2014 11:00:00 AM,3/10/2014 3:00:00 PM,3/9/2014 11:45:00 AM,92920
3/10/2014 11:00:00 PM,3/11/2014 3:00:00 AM,3/9/2014 11:45:00 PM,80123
3/10/2014 12:00:00 AM,3/10/2014 4:00:00 AM,3/9/2014 5:45:00 AM,80906
3/10/2014 12:00:00 PM,3/10/2014 4:00:00 PM,3/9/2014 11:45:00 AM,91155
3/10/2014 1:00:00 AM,3/10/2014 5:00:00 AM,3/9/2014 5:45:00 AM,79172
3/10/2014 1:00:00 PM,3/10/2014 5:00:00 PM,3/9/2014 11:45:00 AM,89797
3/10/2014 2:00:00 AM,3/10/2014 6:00:00 AM,3/9/2014 5:45:00 AM,78693
3/10/2014 2:00:00 PM,3/10/2014 6:00:00 PM,3/9/2014 11:45:00 AM,88324
3/10/2014 3:00:00 AM,3/10/2014 7:00:00 AM,3/9/2014 5:45:00 AM,79237
3/10/2014 3:00:00 PM,3/10/2014 7:00:00 PM,3/9/2014 5:45:00 PM,88664
3/10/2014 4:00:00 AM,3/10/2014 8:00:00 AM,3/9/2014 5:45:00 AM,81589
3/10/2014 4:00:00 PM,3/10/2014 8:00:00 PM,3/9/2014 5:45:00 PM,89134
3/10/2014 5:00:00 AM,3/10/2014 9:00:00 AM,3/9/2014 5:45:00 AM,87424
3/10/2014 5:00:00 PM,3/10/2014 9:00:00 PM,3/9/2014 5:45:00 PM,91293
3/10/2014 6:00:00 AM,3/10/2014 10:00:00 AM,3/9/2014 5:45:00 AM,97169
3/10/2014 6:00:00 PM,3/10/2014 10:00:00 PM,3/9/2014 5:45:00 PM,93836
3/10/2014 7:00:00 AM,3/10/2014 11:00:00 AM,3/9/2014 5:45:00 AM,102275
3/10/2014 7:00:00 PM,3/10/2014 11:00:00 PM,3/9/2014 5:45:00 PM,95458
3/10/2014 8:00:00 AM,3/10/2014 12:00:00 PM,3/9/2014 9:45:00 AM,101893
3/10/2014 8:00:00 PM,3/11/2014 12:00:00 AM,3/9/2014 5:45:00 PM,95105
3/10/2014 9:00:00 AM,3/10/2014 1:00:00 PM,3/9/2014 9:45:00 AM,100341
3/10/2014 9:00:00 PM,3/11/2014 1:00:00 AM,3/9/2014 11:45:00 PM,91750
3/11/2014 10:00:00 AM,3/11/2014 2:00:00 PM,3/10/2014 9:45:00 AM,90994
3/11/2014 10:00:00 PM,3/12/2014 2:00:00 AM,3/10/2014 11:45:00 PM,84740
3/11/2014 11:00:00 AM,3/11/2014 3:00:00 PM,3/10/2014 11:45:00 AM,91163
3/11/2014 11:00:00 PM,3/12/2014 3:00:00 AM,3/10/2014 11:45:00 PM,78772
3/11/2014 12:00:00 AM,3/11/2014 4:00:00 AM,3/10/2014 5:45:00 AM,77026
3/11/2014 12:00:00 PM,3/11/2014 4:00:00 PM,3/10/2014 11:45:00 AM,90025
3/11/2014 1:00:00 AM,3/11/2014 5:00:00 AM,3/10/2014 5:45:00 AM,74691
3/11/2014 1:00:00 PM,3/11/2014 5:00:00 PM,3/10/2014 11:45:00 AM,89325
3/11/2014 2:00:00 AM,3/11/2014 6:00:00 AM,3/10/2014 5:45:00 AM,73758
3/11/2014 2:00:00 PM,3/11/2014 6:00:00 PM,3/10/2014 11:45:00 AM,88442
3/11/2014 3:00:00 AM,3/11/2014 7:00:00 AM,3/10/2014 5:45:00 AM,73770
3/11/2014 3:00:00 PM,3/11/2014 7:00:00 PM,3/10/2014 5:45:00 PM,87603
3/11/2014 4:00:00 AM,3/11/2014 8:00:00 AM,3/10/2014 5:45:00 AM,75622
3/11/2014 4:00:00 PM,3/11/2014 8:00:00 PM,3/10/2014 5:45:00 PM,87977
3/11/2014 5:00:00 AM,3/11/2014 9:00:00 AM,3/10/2014 5:45:00 AM,81071
3/11/2014 5:00:00 PM,3/11/2014 9:00:00 PM,3/10/2014 5:45:00 PM,89704
3/11/2014 6:00:00 AM,3/11/2014 10:00:00 AM,3/10/2014 5:45:00 AM,90607
3/11/2014 6:00:00 PM,3/11/2014 10:00:00 PM,3/10/2014 5:45:00 PM,91999
3/11/2014 7:00:00 AM,3/11/2014 11:00:00 AM,3/10/2014 5:45:00 AM,95723
3/11/2014 7:00:00 PM,3/11/2014 11:00:00 PM,3/10/2014 5:45:00 PM,93241
3/11/2014 8:00:00 AM,3/11/2014 12:00:00 PM,3/10/2014 9:45:00 AM,92894
3/11/2014 8:00:00 PM,3/12/2014 12:00:00 AM,3/10/2014 5:45:00 PM,93250
3/11/2014 9:00:00 AM,3/11/2014 1:00:00 PM,3/10/2014 9:45:00 AM,91969
3/11/2014 9:00:00 PM,3/12/2014 1:00:00 AM,3/10/2014 11:45:00 PM,90494
3/12/2014 10:00:00 AM,3/12/2014 2:00:00 PM,3/11/2014 9:45:00 AM,94016
3/12/2014 10:00:00 PM,3/13/2014 2:00:00 AM,3/11/2014 11:45:00 PM,93365
3/12/2014 11:00:00 AM,3/12/2014 3:00:00 PM,3/11/2014 11:45:00 AM,94670
3/12/2014 11:00:00 PM,3/13/2014 3:00:00 AM,3/11/2014 11:45:00 PM,87823
3/12/2014 12:00:00 AM,3/12/2014 4:00:00 AM,3/11/2014 5:45:00 AM,74492
3/12/2014 12:00:00 PM,3/12/2014 4:00:00 PM,3/11/2014 11:45:00 AM,94082
3/12/2014 1:00:00 AM,3/12/2014 5:00:00 AM,3/11/2014 5:45:00 AM,72057
3/12/2014 1:00:00 PM,3/12/2014 5:00:00 PM,3/11/2014 11:45:00 AM,93809
3/12/2014 2:00:00 AM,3/12/2014 6:00:00 AM,3/11/2014 5:45:00 AM,70992
3/12/2014 2:00:00 PM,3/12/2014 6:00:00 PM,3/11/2014 11:45:00 AM,93162
3/12/2014 3:00:00 AM,3/12/2014 7:00:00 AM,3/11/2014 5:45:00 AM,70925
3/12/2014 3:00:00 PM,3/12/2014 7:00:00 PM,3/11/2014 5:45:00 PM,94422
3/12/2014 4:00:00 AM,3/12/2014 8:00:00 AM,3/11/2014 5:45:00 AM,72597
3/12/2014 4:00:00 PM,3/12/2014 8:00:00 PM,3/11/2014 5:45:00 PM,95236
3/12/2014 5:00:00 AM,3/12/2014 9:00:00 AM,3/11/2014 5:45:00 AM,77898
3/12/2014 5:00:00 PM,3/12/2014 9:00:00 PM,3/11/2014 5:45:00 PM,97827
3/12/2014 6:00:00 AM,3/12/2014 10:00:00 AM,3/11/2014 5:45:00 AM,87128
3/12/2014 6:00:00 PM,3/12/2014 10:00:00 PM,3/11/2014 5:45:00 PM,100448
3/12/2014 7:00:00 AM,3/12/2014 11:00:00 AM,3/11/2014 5:45:00 AM,92624
3/12/2014 7:00:00 PM,3/12/2014 11:00:00 PM,3/11/2014 5:45:00 PM,102320
3/12/2014 8:00:00 AM,3/12/2014 12:00:00 PM,3/11/2014 9:45:00 AM,94145
3/12/2014 8:00:00 PM,3/13/2014 12:00:00 AM,3/11/2014 5:45:00 PM,102736
3/12/2014 9:00:00 AM,3/12/2014 1:00:00 PM,3/11/2014 9:45:00 AM,93992
3/12/2014 9:00:00 PM,3/13/2014 1:00:00 AM,3/11/2014 11:45:00 PM,98851
3/13/2014 10:00:00 AM,3/13/2014 2:00:00 PM,3/12/2014 9:45:00 AM,109157
3/13/2014 10:00:00 PM,3/14/2014 2:00:00 AM,3/12/2014 11:45:00 PM,105962
3/13/2014 11:00:00 AM,3/13/2014 3:00:00 PM,3/12/2014 11:45:00 AM,111340
3/13/2014 11:00:00 PM,3/14/2014 3:00:00 AM,3/12/2014 11:45:00 PM,100495
3/13/2014 12:00:00 AM,3/13/2014 4:00:00 AM,3/12/2014 5:45:00 AM,85635
3/13/2014 12:00:00 PM,3/13/2014 4:00:00 PM,3/12/2014 11:45:00 AM,109665
3/13/2014 1:00:00 AM,3/13/2014 5:00:00 AM,3/12/2014 5:45:00 AM,84060
3/13/2014 1:00:00 PM,3/13/2014 5:00:00 PM,3/12/2014 11:45:00 AM,108282
3/13/2014 2:00:00 AM,3/13/2014 6:00:00 AM,3/12/2014 5:45:00 AM,83912
3/13/2014 2:00:00 PM,3/13/2014 6:00:00 PM,3/12/2014 11:45:00 AM,106910
3/13/2014 3:00:00 AM,3/13/2014 7:00:00 AM,3/12/2014 5:45:00 AM,84803
3/13/2014 3:00:00 PM,3/13/2014 7:00:00 PM,3/12/2014 5:45:00 PM,103528
3/13/2014 4:00:00 AM,3/13/2014 8:00:00 AM,3/12/2014 5:45:00 AM,87596
3/13/2014 4:00:00 PM,3/13/2014 8:00:00 PM,3/12/2014 5:45:00 PM,104233
3/13/2014 5:00:00 AM,3/13/2014 9:00:00 AM,3/12/2014 5:45:00 AM,93979
3/13/2014 5:00:00 PM,3/13/2014 9:00:00 PM,3/12/2014 5:45:00 PM,106647
3/13/2014 6:00:00 AM,3/13/2014 10:00:00 AM,3/12/2014 5:45:00 AM,104241
3/13/2014 6:00:00 PM,3/13/2014 10:00:00 PM,3/12/2014 5:45:00 PM,110064
3/13/2014 7:00:00 AM,3/13/2014 11:00:00 AM,3/12/2014 5:45:00 AM,109604
3/13/2014 7:00:00 PM,3/13/2014 11:00:00 PM,3/12/2014 5:45:00 PM,113151
3/13/2014 8:00:00 AM,3/13/2014 12:00:00 PM,3/12/2014 9:45:00 AM,111651
3/13/2014 8:00:00 PM,3/14/2014 12:00:00 AM,3/12/2014 5:45:00 PM,114638
3/13/2014 9:00:00 AM,3/13/2014 1:00:00 PM,3/12/2014 9:45:00 AM,110384
3/13/2014 9:00:00 PM,3/14/2014 1:00:00 AM,3/12/2014 11:45:00 PM,111386
3/14/2014 10:00:00 AM,3/14/2014 2:00:00 PM,3/13/2014 9:45:00 AM,101775
3/14/2014 10:00:00 PM,3/15/2014 2:00:00 AM,3/13/2014 11:45:00 PM,94341
3/14/2014 11:00:00 AM,3/14/2014 3:00:00 PM,3/13/2014 11:45:00 AM,101138
3/14/2014 11:00:00 PM,3/15/2014 3:00:00 AM,3/13/2014 11:45:00 PM,89308
3/14/2014 12:00:00 AM,3/14/2014 4:00:00 AM,3/13/2014 5:45:00 AM,92201
3/14/2014 12:00:00 PM,3/14/2014 4:00:00 PM,3/13/2014 11:45:00 AM,98636
3/14/2014 1:00:00 AM,3/14/2014 5:00:00 AM,3/13/2014 5:45:00 AM,90222
3/14/2014 1:00:00 PM,3/14/2014 5:00:00 PM,3/13/2014 11:45:00 AM,96410
3/14/2014 2:00:00 AM,3/14/2014 6:00:00 AM,3/13/2014 5:45:00 AM,89560
3/14/2014 2:00:00 PM,3/14/2014 6:00:00 PM,3/13/2014 11:45:00 AM,94535
3/14/2014 3:00:00 AM,3/14/2014 7:00:00 AM,3/13/2014 5:45:00 AM,89801
3/14/2014 3:00:00 PM,3/14/2014 7:00:00 PM,3/13/2014 5:45:00 PM,95352
3/14/2014 4:00:00 AM,3/14/2014 8:00:00 AM,3/13/2014 5:45:00 AM,91899
3/14/2014 4:00:00 PM,3/14/2014 8:00:00 PM,3/13/2014 5:45:00 PM,94954
3/14/2014 5:00:00 AM,3/14/2014 9:00:00 AM,3/13/2014 5:45:00 AM,96970
3/14/2014 5:00:00 PM,3/14/2014 9:00:00 PM,3/13/2014 5:45:00 PM,95622
3/14/2014 6:00:00 AM,3/14/2014 10:00:00 AM,3/13/2014 5:45:00 AM,105395
3/14/2014 6:00:00 PM,3/14/2014 10:00:00 PM,3/13/2014 5:45:00 PM,97645
3/14/2014 7:00:00 AM,3/14/2014 11:00:00 AM,3/13/2014 5:45:00 AM,109356
3/14/2014 7:00:00 PM,3/14/2014 11:00:00 PM,3/13/2014 5:45:00 PM,100146
3/14/2014 8:00:00 AM,3/14/2014 12:00:00 PM,3/13/2014 9:45:00 AM,107838
3/14/2014 8:00:00 PM,3/15/2014 12:00:00 AM,3/13/2014 5:45:00 PM,100608
3/14/2014 9:00:00 AM,3/14/2014 1:00:00 PM,3/13/2014 9:45:00 AM,104702
3/14/2014 9:00:00 PM,3/15/2014 1:00:00 AM,3/13/2014 11:45:00 PM,98414
3/15/2014 10:00:00 AM,3/15/2014 2:00:00 PM,3/14/2014 9:45:00 AM,87605
3/15/2014 10:00:00 PM,3/16/2014 2:00:00 AM,3/14/2014 11:45:00 PM,82527
3/15/2014 11:00:00 AM,3/15/2014 3:00:00 PM,3/14/2014 11:45:00 AM,85991
3/15/2014 11:00:00 PM,3/16/2014 3:00:00 AM,3/14/2014 11:45:00 PM,78660
3/15/2014 12:00:00 AM,3/15/2014 4:00:00 AM,3/14/2014 5:45:00 AM,78982
3/15/2014 12:00:00 PM,3/15/2014 4:00:00 PM,3/14/2014 11:45:00 AM,84115
3/15/2014 1:00:00 AM,3/15/2014 5:00:00 AM,3/14/2014 5:45:00 AM,76572
3/15/2014 1:00:00 PM,3/15/2014 5:00:00 PM,3/14/2014 11:45:00 AM,82085
3/15/2014 2:00:00 AM,3/15/2014 6:00:00 AM,3/14/2014 5:45:00 AM,75331
3/15/2014 2:00:00 PM,3/15/2014 6:00:00 PM,3/14/2014 11:45:00 AM,80143
3/15/2014 3:00:00 AM,3/15/2014 7:00:00 AM,3/14/2014 5:45:00 AM,75003
3/15/2014 3:00:00 PM,3/15/2014 7:00:00 PM,3/14/2014 5:45:00 PM,79533
3/15/2014 4:00:00 AM,3/15/2014 8:00:00 AM,3/14/2014 5:45:00 AM,75524
3/15/2014 4:00:00 PM,3/15/2014 8:00:00 PM,3/14/2014 5:45:00 PM,79578
3/15/2014 5:00:00 AM,3/15/2014 9:00:00 AM,3/14/2014 5:45:00 AM,77614
3/15/2014 5:00:00 PM,3/15/2014 9:00:00 PM,3/14/2014 5:45:00 PM,81243
3/15/2014 6:00:00 AM,3/15/2014 10:00:00 AM,3/14/2014 5:45:00 AM,80893
3/15/2014 6:00:00 PM,3/15/2014 10:00:00 PM,3/14/2014 5:45:00 PM,83931
3/15/2014 7:00:00 AM,3/15/2014 11:00:00 AM,3/14/2014 5:45:00 AM,84231
3/15/2014 7:00:00 PM,3/15/2014 11:00:00 PM,3/14/2014 5:45:00 PM,86216
3/15/2014 8:00:00 AM,3/15/2014 12:00:00 PM,3/14/2014 9:45:00 AM,86785
3/15/2014 8:00:00 PM,3/16/2014 12:00:00 AM,3/14/2014 5:45:00 PM,87491
3/15/2014 9:00:00 AM,3/15/2014 1:00:00 PM,3/14/2014 9:45:00 AM,87919
3/15/2014 9:00:00 PM,3/16/2014 1:00:00 AM,3/14/2014 11:45:00 PM,85612
3/16/2014 10:00:00 AM,3/16/2014 2:00:00 PM,3/15/2014 9:45:00 AM,88279
3/16/2014 10:00:00 PM,3/17/2014 2:00:00 AM,3/15/2014 11:45:00 PM,93212
3/16/2014 11:00:00 AM,3/16/2014 3:00:00 PM,3/15/2014 11:45:00 AM,88969
3/16/2014 11:00:00 PM,3/17/2014 3:00:00 AM,3/15/2014 11:45:00 PM,88974
3/16/2014 12:00:00 AM,3/16/2014 4:00:00 AM,3/15/2014 5:45:00 AM,77292
3/16/2014 12:00:00 PM,3/16/2014 4:00:00 PM,3/15/2014 11:45:00 AM,88513
3/16/2014 1:00:00 AM,3/16/2014 5:00:00 AM,3/15/2014 5:45:00 AM,75223
3/16/2014 1:00:00 PM,3/16/2014 5:00:00 PM,3/15/2014 11:45:00 AM,87585
3/16/2014 2:00:00 AM,3/16/2014 6:00:00 AM,3/15/2014 5:45:00 AM,74352
3/16/2014 2:00:00 PM,3/16/2014 6:00:00 PM,3/15/2014 11:45:00 AM,86574
3/16/2014 3:00:00 AM,3/16/2014 7:00:00 AM,3/15/2014 5:45:00 AM,74285
3/16/2014 3:00:00 PM,3/16/2014 7:00:00 PM,3/15/2014 5:45:00 PM,86227
3/16/2014 4:00:00 AM,3/16/2014 8:00:00 AM,3/15/2014 5:45:00 AM,75003
3/16/2014 4:00:00 PM,3/16/2014 8:00:00 PM,3/15/2014 5:45:00 PM,87276
3/16/2014 5:00:00 AM,3/16/2014 9:00:00 AM,3/15/2014 5:45:00 AM,76819
3/16/2014 5:00:00 PM,3/16/2014 9:00:00 PM,3/15/2014 5:45:00 PM,89844
3/16/2014 6:00:00 AM,3/16/2014 10:00:00 AM,3/15/2014 5:45:00 AM,79634
3/16/2014 6:00:00 PM,3/16/2014 10:00:00 PM,3/15/2014 5:45:00 PM,93354
3/16/2014 7:00:00 AM,3/16/2014 11:00:00 AM,3/15/2014 5:45:00 AM,82914
3/16/2014 7:00:00 PM,3/16/2014 11:00:00 PM,3/15/2014 5:45:00 PM,97760
3/16/2014 8:00:00 AM,3/16/2014 12:00:00 PM,3/15/2014 9:45:00 AM,85786
3/16/2014 8:00:00 PM,3/17/2014 12:00:00 AM,3/15/2014 5:45:00 PM,99278
3/16/2014 9:00:00 AM,3/16/2014 1:00:00 PM,3/15/2014 9:45:00 AM,87755
3/16/2014 9:00:00 PM,3/17/2014 1:00:00 AM,3/15/2014 11:45:00 PM,97085
3/17/2014 10:00:00 AM,3/17/2014 2:00:00 PM,3/16/2014 9:45:00 AM,108423
3/17/2014 10:00:00 PM,3/18/2014 2:00:00 AM,3/16/2014 11:45:00 PM,103757
3/17/2014 11:00:00 AM,3/17/2014 3:00:00 PM,3/16/2014 11:45:00 AM,107639
3/17/2014 11:00:00 PM,3/18/2014 3:00:00 AM,3/16/2014 11:45:00 PM,98179
3/17/2014 12:00:00 AM,3/17/2014 4:00:00 AM,3/16/2014 5:45:00 AM,86805
3/17/2014 12:00:00 PM,3/17/2014 4:00:00 PM,3/16/2014 11:45:00 AM,105983
3/17/2014 1:00:00 AM,3/17/2014 5:00:00 AM,3/16/2014 5:45:00 AM,85414
3/17/2014 1:00:00 PM,3/17/2014 5:00:00 PM,3/16/2014 11:45:00 AM,104445
3/17/2014 2:00:00 AM,3/17/2014 6:00:00 AM,3/16/2014 5:45:00 AM,85247
3/17/2014 2:00:00 PM,3/17/2014 6:00:00 PM,3/16/2014 11:45:00 AM,102699
3/17/2014 3:00:00 AM,3/17/2014 7:00:00 AM,3/16/2014 5:45:00 AM,86066
3/17/2014 3:00:00 PM,3/17/2014 7:00:00 PM,3/16/2014 5:45:00 PM,101492
3/17/2014 4:00:00 AM,3/17/2014 8:00:00 AM,3/16/2014 5:45:00 AM,88477
3/17/2014 4:00:00 PM,3/17/2014 8:00:00 PM,3/16/2014 5:45:00 PM,101327
3/17/2014 5:00:00 AM,3/17/2014 9:00:00 AM,3/16/2014 5:45:00 AM,94241
3/17/2014 5:00:00 PM,3/17/2014 9:00:00 PM,3/16/2014 5:45:00 PM,101930
3/17/2014 6:00:00 AM,3/17/2014 10:00:00 AM,3/16/2014 5:45:00 AM,103646
3/17/2014 6:00:00 PM,3/17/2014 10:00:00 PM,3/16/2014 5:45:00 PM,104371
3/17/2014 7:00:00 AM,3/17/2014 11:00:00 AM,3/16/2014 5:45:00 AM,109317
3/17/2014 7:00:00 PM,3/17/2014 11:00:00 PM,3/16/2014 5:45:00 PM,108403
3/17/2014 8:00:00 AM,3/17/2014 12:00:00 PM,3/16/2014 9:45:00 AM,109749
3/17/2014 8:00:00 PM,3/18/2014 12:00:00 AM,3/16/2014 5:45:00 PM,109903
3/17/2014 9:00:00 AM,3/17/2014 1:00:00 PM,3/16/2014 9:45:00 AM,109192
3/17/2014 9:00:00 PM,3/18/2014 1:00:00 AM,3/16/2014 11:45:00 PM,109350
3/18/2014 10:00:00 AM,3/18/2014 2:00:00 PM,3/17/2014 9:45:00 AM,104999
3/18/2014 10:00:00 PM,3/19/2014 2:00:00 AM,3/17/2014 11:45:00 PM,95134
3/18/2014 11:00:00 AM,3/18/2014 3:00:00 PM,3/17/2014 11:45:00 AM,102480
3/18/2014 11:00:00 PM,3/19/2014 3:00:00 AM,3/17/2014 11:45:00 PM,89474
3/18/2014 12:00:00 AM,3/18/2014 4:00:00 AM,3/17/2014 5:45:00 AM,91589
3/18/2014 12:00:00 PM,3/18/2014 4:00:00 PM,3/17/2014 11:45:00 AM,100070
3/18/2014 1:00:00 AM,3/18/2014 5:00:00 AM,3/17/2014 5:45:00 AM,89555
3/18/2014 1:00:00 PM,3/18/2014 5:00:00 PM,3/17/2014 11:45:00 AM,98227
3/18/2014 2:00:00 AM,3/18/2014 6:00:00 AM,3/17/2014 5:45:00 AM,89029
3/18/2014 2:00:00 PM,3/18/2014 6:00:00 PM,3/17/2014 11:45:00 AM,96310
3/18/2014 3:00:00 AM,3/18/2014 7:00:00 AM,3/17/2014 5:45:00 AM,89275
3/18/2014 3:00:00 PM,3/18/2014 7:00:00 PM,3/17/2014 5:45:00 PM,94869
3/18/2014 4:00:00 AM,3/18/2014 8:00:00 AM,3/17/2014 5:45:00 AM,91349
3/18/2014 4:00:00 PM,3/18/2014 8:00:00 PM,3/17/2014 5:45:00 PM,94499
3/18/2014 5:00:00 AM,3/18/2014 9:00:00 AM,3/17/2014 5:45:00 AM,96790
3/18/2014 5:00:00 PM,3/18/2014 9:00:00 PM,3/17/2014 5:45:00 PM,95181
3/18/2014 6:00:00 AM,3/18/2014 10:00:00 AM,3/17/2014 5:45:00 AM,105985
3/18/2014 6:00:00 PM,3/18/2014 10:00:00 PM,3/17/2014 5:45:00 PM,97962
3/18/2014 7:00:00 AM,3/18/2014 11:00:00 AM,3/17/2014 5:45:00 AM,110659
3/18/2014 7:00:00 PM,3/18/2014 11:00:00 PM,3/17/2014 5:45:00 PM,101323
3/18/2014 8:00:00 AM,3/18/2014 12:00:00 PM,3/17/2014 9:45:00 AM,109365
3/18/2014 8:00:00 PM,3/19/2014 12:00:00 AM,3/17/2014 5:45:00 PM,102944
3/18/2014 9:00:00 AM,3/18/2014 1:00:00 PM,3/17/2014 9:45:00 AM,107124
3/18/2014 9:00:00 PM,3/19/2014 1:00:00 AM,3/17/2014 11:45:00 PM,100464
3/19/2014 10:00:00 AM,3/19/2014 2:00:00 PM,3/18/2014 9:45:00 AM,100898
3/19/2014 10:00:00 PM,3/20/2014 2:00:00 AM,3/18/2014 11:45:00 PM,91817
3/19/2014 11:00:00 AM,3/19/2014 3:00:00 PM,3/18/2014 11:45:00 AM,101002
3/19/2014 11:00:00 PM,3/20/2014 3:00:00 AM,3/18/2014 11:45:00 PM,85781
3/19/2014 12:00:00 AM,3/19/2014 4:00:00 AM,3/18/2014 5:45:00 AM,85024
3/19/2014 12:00:00 PM,3/19/2014 4:00:00 PM,3/18/2014 11:45:00 AM,99222
3/19/2014 1:00:00 AM,3/19/2014 5:00:00 AM,3/18/2014 5:45:00 AM,82757
3/19/2014 1:00:00 PM,3/19/2014 5:00:00 PM,3/18/2014 11:45:00 AM,97547
3/19/2014 2:00:00 AM,3/19/2014 6:00:00 AM,3/18/2014 5:45:00 AM,81827
3/19/2014 2:00:00 PM,3/19/2014 6:00:00 PM,3/18/2014 11:45:00 AM,95838
3/19/2014 3:00:00 AM,3/19/2014 7:00:00 AM,3/18/2014 5:45:00 AM,81885
3/19/2014 3:00:00 PM,3/19/2014 7:00:00 PM,3/18/2014 5:45:00 PM,94993
3/19/2014 4:00:00 AM,3/19/2014 8:00:00 AM,3/18/2014 5:45:00 AM,83575
3/19/2014 4:00:00 PM,3/19/2014 8:00:00 PM,3/18/2014 5:45:00 PM,94620
3/19/2014 5:00:00 AM,3/19/2014 9:00:00 AM,3/18/2014 5:45:00 AM,88672
3/19/2014 5:00:00 PM,3/19/2014 9:00:00 PM,3/18/2014 5:45:00 PM,94990
3/19/2014 6:00:00 AM,3/19/2014 10:00:00 AM,3/18/2014 5:45:00 AM,97631
3/19/2014 6:00:00 PM,3/19/2014 10:00:00 PM,3/18/2014 5:45:00 PM,96855
3/19/2014 7:00:00 AM,3/19/2014 11:00:00 AM,3/18/2014 5:45:00 AM,102870
3/19/2014 7:00:00 PM,3/19/2014 11:00:00 PM,3/18/2014 5:45:00 PM,99015
3/19/2014 8:00:00 AM,3/19/2014 12:00:00 PM,3/18/2014 9:45:00 AM,102708
3/19/2014 8:00:00 PM,3/20/2014 12:00:00 AM,3/18/2014 5:45:00 PM,100140
3/19/2014 9:00:00 AM,3/19/2014 1:00:00 PM,3/18/2014 9:45:00 AM,101858
3/19/2014 9:00:00 PM,3/20/2014 1:00:00 AM,3/18/2014 11:45:00 PM,97940
3/2/2014 10:00:00 AM,3/2/2014 3:00:00 PM,3/1/2014 9:45:00 AM,94545
3/2/2014 10:00:00 PM,3/3/2014 3:00:00 AM,3/1/2014 11:45:00 PM,96543
3/2/2014 11:00:00 AM,3/2/2014 4:00:00 PM,3/1/2014 11:45:00 AM,93369
3/2/2014 11:00:00 PM,3/3/2014 4:00:00 AM,3/1/2014 11:45:00 PM,92404
3/2/2014 12:00:00 AM,3/2/2014 5:00:00 AM,3/1/2014 5:45:00 AM,87551
3/2/2014 12:00:00 PM,3/2/2014 5:00:00 PM,3/1/2014 11:45:00 AM,92874
3/2/2014 1:00:00 AM,3/2/2014 6:00:00 AM,3/1/2014 5:45:00 AM,85349
3/2/2014 1:00:00 PM,3/2/2014 6:00:00 PM,3/1/2014 11:45:00 AM,92036
3/2/2014 2:00:00 AM,3/2/2014 7:00:00 AM,3/1/2014 5:45:00 AM,84401
3/2/2014 2:00:00 PM,3/2/2014 7:00:00 PM,3/1/2014 11:45:00 AM,91499
3/2/2014 3:00:00 AM,3/2/2014 8:00:00 AM,3/1/2014 5:45:00 AM,84094
3/2/2014 3:00:00 PM,3/2/2014 8:00:00 PM,3/1/2014 5:45:00 PM,91474
3/2/2014 4:00:00 AM,3/2/2014 9:00:00 AM,3/1/2014 5:45:00 AM,84492
3/2/2014 4:00:00 PM,3/2/2014 9:00:00 PM,3/1/2014 5:45:00 PM,92520
3/2/2014 5:00:00 AM,3/2/2014 10:00:00 AM,3/1/2014 5:45:00 AM,85962
3/2/2014 5:00:00 PM,3/2/2014 10:00:00 PM,3/1/2014 5:45:00 PM,95859
3/2/2014 6:00:00 AM,3/2/2014 11:00:00 AM,3/1/2014 5:45:00 AM,88314
3/2/2014 6:00:00 PM,3/2/2014 11:00:00 PM,3/1/2014 5:45:00 PM,101399
3/2/2014 7:00:00 AM,3/2/2014 12:00:00 PM,3/1/2014 5:45:00 AM,90618
3/2/2014 7:00:00 PM,3/3/2014 12:00:00 AM,3/1/2014 5:45:00 PM,102555
3/2/2014 8:00:00 AM,3/2/2014 1:00:00 PM,3/1/2014 9:45:00 AM,93167
3/2/2014 8:00:00 PM,3/3/2014 1:00:00 AM,3/1/2014 5:45:00 PM,102167
3/2/2014 9:00:00 AM,3/2/2014 2:00:00 PM,3/1/2014 9:45:00 AM,94592
3/2/2014 9:00:00 PM,3/3/2014 2:00:00 AM,3/1/2014 11:45:00 PM,100390
3/20/2014 10:00:00 AM,3/20/2014 2:00:00 PM,3/19/2014 9:45:00 AM,96789
3/20/2014 10:00:00 PM,3/21/2014 2:00:00 AM,3/19/2014 11:45:00 PM,89743
3/20/2014 11:00:00 AM,3/20/2014 3:00:00 PM,3/19/2014 11:45:00 AM,95375
3/20/2014 11:00:00 PM,3/21/2014 3:00:00 AM,3/19/2014 11:45:00 PM,84153
3/20/2014 12:00:00 AM,3/20/2014 4:00:00 AM,3/19/2014 5:45:00 AM,80967
3/20/2014 12:00:00 PM,3/20/2014 4:00:00 PM,3/19/2014 11:45:00 AM,93768
3/20/2014 1:00:00 AM,3/20/2014 5:00:00 AM,3/19/2014 5:45:00 AM,78600
3/20/2014 1:00:00 PM,3/20/2014 5:00:00 PM,3/19/2014 11:45:00 AM,92203
3/20/2014 2:00:00 AM,3/20/2014 6:00:00 AM,3/19/2014 5:45:00 AM,77580
3/20/2014 2:00:00 PM,3/20/2014 6:00:00 PM,3/19/2014 11:45:00 AM,90648
3/20/2014 3:00:00 AM,3/20/2014 7:00:00 AM,3/19/2014 5:45:00 AM,77565
3/20/2014 3:00:00 PM,3/20/2014 7:00:00 PM,3/19/2014 5:45:00 PM,89348
3/20/2014 4:00:00 AM,3/20/2014 8:00:00 AM,3/19/2014 5:45:00 AM,79269
3/20/2014 4:00:00 PM,3/20/2014 8:00:00 PM,3/19/2014 5:45:00 PM,89290
3/20/2014 5:00:00 AM,3/20/2014 9:00:00 AM,3/19/2014 5:45:00 AM,84519
3/20/2014 5:00:00 PM,3/20/2014 9:00:00 PM,3/19/2014 5:45:00 PM,90386
3/20/2014 6:00:00 AM,3/20/2014 10:00:00 AM,3/19/2014 5:45:00 AM,93866
3/20/2014 6:00:00 PM,3/20/2014 10:00:00 PM,3/19/2014 5:45:00 PM,92455
3/20/2014 7:00:00 AM,3/20/2014 11:00:00 AM,3/19/2014 5:45:00 AM,99302
3/20/2014 7:00:00 PM,3/20/2014 11:00:00 PM,3/19/2014 5:45:00 PM,95537
3/20/2014 8:00:00 AM,3/20/2014 12:00:00 PM,3/19/2014 9:45:00 AM,98975
3/20/2014 8:00:00 PM,3/21/2014 12:00:00 AM,3/19/2014 5:45:00 PM,97272
3/20/2014 9:00:00 AM,3/20/2014 1:00:00 PM,3/19/2014 9:45:00 AM,97849
3/20/2014 9:00:00 PM,3/21/2014 1:00:00 AM,3/19/2014 11:45:00 PM,94872
3/21/2014 10:00:00 AM,3/21/2014 2:00:00 PM,3/20/2014 9:45:00 AM,95526
3/21/2014 10:00:00 PM,3/22/2014 2:00:00 AM,3/20/2014 11:45:00 PM,84857
3/21/2014 11:00:00 AM,3/21/2014 3:00:00 PM,3/20/2014 11:45:00 AM,93292
3/21/2014 11:00:00 PM,3/22/2014 3:00:00 AM,3/20/2014 11:45:00 PM,79901
3/21/2014 12:00:00 AM,3/21/2014 4:00:00 AM,3/20/2014 5:45:00 AM,80966
3/21/2014 12:00:00 PM,3/21/2014 4:00:00 PM,3/20/2014 11:45:00 AM,91010
3/21/2014 1:00:00 AM,3/21/2014 5:00:00 AM,3/20/2014 5:45:00 AM,78787
3/21/2014 1:00:00 PM,3/21/2014 5:00:00 PM,3/20/2014 11:45:00 AM,89195
3/21/2014 2:00:00 AM,3/21/2014 6:00:00 AM,3/20/2014 5:45:00 AM,78088
3/21/2014 2:00:00 PM,3/21/2014 6:00:00 PM,3/20/2014 11:45:00 AM,87395
3/21/2014 3:00:00 AM,3/21/2014 7:00:00 AM,3/20/2014 5:45:00 AM,78347
3/21/2014 3:00:00 PM,3/21/2014 7:00:00 PM,3/20/2014 5:45:00 PM,85823
3/21/2014 4:00:00 AM,3/21/2014 8:00:00 AM,3/20/2014 5:45:00 AM,80261
3/21/2014 4:00:00 PM,3/21/2014 8:00:00 PM,3/20/2014 5:45:00 PM,85463
3/21/2014 5:00:00 AM,3/21/2014 9:00:00 AM,3/20/2014 5:45:00 AM,85613
3/21/2014 5:00:00 PM,3/21/2014 9:00:00 PM,3/20/2014 5:45:00 PM,86252
3/21/2014 6:00:00 AM,3/21/2014 10:00:00 AM,3/20/2014 5:45:00 AM,94887
3/21/2014 6:00:00 PM,3/21/2014 10:00:00 PM,3/20/2014 5:45:00 PM,87298
3/21/2014 7:00:00 AM,3/21/2014 11:00:00 AM,3/20/2014 5:45:00 AM,100079
3/21/2014 7:00:00 PM,3/21/2014 11:00:00 PM,3/20/2014 5:45:00 PM,89306
3/21/2014 8:00:00 AM,3/21/2014 12:00:00 PM,3/20/2014 9:45:00 AM,99470
3/21/2014 8:00:00 PM,3/22/2014 12:00:00 AM,3/20/2014 5:45:00 PM,90693
3/21/2014 9:00:00 AM,3/21/2014 1:00:00 PM,3/20/2014 9:45:00 AM,97478
3/21/2014 9:00:00 PM,3/22/2014 1:00:00 AM,3/20/2014 11:45:00 PM,88894
3/22/2014 10:00:00 AM,3/22/2014 2:00:00 PM,3/21/2014 9:45:00 AM,85169
3/22/2014 10:00:00 PM,3/23/2014 2:00:00 AM,3/21/2014 11:45:00 PM,80161
3/22/2014 11:00:00 AM,3/22/2014 3:00:00 PM,3/21/2014 11:45:00 AM,84100
3/22/2014 11:00:00 PM,3/23/2014 3:00:00 AM,3/21/2014 11:45:00 PM,76040
3/22/2014 12:00:00 AM,3/22/2014 4:00:00 AM,3/21/2014 5:45:00 AM,75244
3/22/2014 12:00:00 PM,3/22/2014 4:00:00 PM,3/21/2014 11:45:00 AM,82646
3/22/2014 1:00:00 AM,3/22/2014 5:00:00 AM,3/21/2014 5:45:00 AM,72601
3/22/2014 1:00:00 PM,3/22/2014 5:00:00 PM,3/21/2014 11:45:00 AM,80895
3/22/2014 2:00:00 AM,3/22/2014 6:00:00 AM,3/21/2014 5:45:00 AM,71172
3/22/2014 2:00:00 PM,3/22/2014 6:00:00 PM,3/21/2014 11:45:00 AM,79157
3/22/2014 3:00:00 AM,3/22/2014 7:00:00 AM,3/21/2014 5:45:00 AM,70646
3/22/2014 3:00:00 PM,3/22/2014 7:00:00 PM,3/21/2014 5:45:00 PM,78263
3/22/2014 4:00:00 AM,3/22/2014 8:00:00 AM,3/21/2014 5:45:00 AM,71016
3/22/2014 4:00:00 PM,3/22/2014 8:00:00 PM,3/21/2014 5:45:00 PM,78433
3/22/2014 5:00:00 AM,3/22/2014 9:00:00 AM,3/21/2014 5:45:00 AM,73011
3/22/2014 5:00:00 PM,3/22/2014 9:00:00 PM,3/21/2014 5:45:00 PM,79743
3/22/2014 6:00:00 AM,3/22/2014 10:00:00 AM,3/21/2014 5:45:00 AM,76419
3/22/2014 6:00:00 PM,3/22/2014 10:00:00 PM,3/21/2014 5:45:00 PM,81274
3/22/2014 7:00:00 AM,3/22/2014 11:00:00 AM,3/21/2014 5:45:00 AM,80268
3/22/2014 7:00:00 PM,3/22/2014 11:00:00 PM,3/21/2014 5:45:00 PM,83702
3/22/2014 8:00:00 AM,3/22/2014 12:00:00 PM,3/21/2014 9:45:00 AM,83171
3/22/2014 8:00:00 PM,3/23/2014 12:00:00 AM,3/21/2014 5:45:00 PM,85217
3/22/2014 9:00:00 AM,3/22/2014 1:00:00 PM,3/21/2014 9:45:00 AM,84859
3/22/2014 9:00:00 PM,3/23/2014 1:00:00 AM,3/21/2014 11:45:00 PM,83469
3/23/2014 10:00:00 AM,3/23/2014 2:00:00 PM,3/22/2014 9:45:00 AM,86577
3/23/2014 10:00:00 PM,3/24/2014 2:00:00 AM,3/22/2014 11:45:00 PM,91595
3/23/2014 11:00:00 AM,3/23/2014 3:00:00 PM,3/22/2014 11:45:00 AM,86282
3/23/2014 11:00:00 PM,3/24/2014 3:00:00 AM,3/22/2014 11:45:00 PM,87460
3/23/2014 12:00:00 AM,3/23/2014 4:00:00 AM,3/22/2014 5:45:00 AM,74971
3/23/2014 12:00:00 PM,3/23/2014 4:00:00 PM,3/22/2014 11:45:00 AM,85880
3/23/2014 1:00:00 AM,3/23/2014 5:00:00 AM,3/22/2014 5:45:00 AM,72834
3/23/2014 1:00:00 PM,3/23/2014 5:00:00 PM,3/22/2014 11:45:00 AM,84986
3/23/2014 2:00:00 AM,3/23/2014 6:00:00 AM,3/22/2014 5:45:00 AM,71994
3/23/2014 2:00:00 PM,3/23/2014 6:00:00 PM,3/22/2014 11:45:00 AM,83906
3/23/2014 3:00:00 AM,3/23/2014 7:00:00 AM,3/22/2014 5:45:00 AM,71843
3/23/2014 3:00:00 PM,3/23/2014 7:00:00 PM,3/22/2014 5:45:00 PM,83793
3/23/2014 4:00:00 AM,3/23/2014 8:00:00 AM,3/22/2014 5:45:00 AM,72558
3/23/2014 4:00:00 PM,3/23/2014 8:00:00 PM,3/22/2014 5:45:00 PM,84635
3/23/2014 5:00:00 AM,3/23/2014 9:00:00 AM,3/22/2014 5:45:00 AM,74310
3/23/2014 5:00:00 PM,3/23/2014 9:00:00 PM,3/22/2014 5:45:00 PM,86864
3/23/2014 6:00:00 AM,3/23/2014 10:00:00 AM,3/22/2014 5:45:00 AM,77048
3/23/2014 6:00:00 PM,3/23/2014 10:00:00 PM,3/22/2014 5:45:00 PM,89663
3/23/2014 7:00:00 AM,3/23/2014 11:00:00 AM,3/22/2014 5:45:00 AM,80772
3/23/2014 7:00:00 PM,3/23/2014 11:00:00 PM,3/22/2014 5:45:00 PM,94464
3/23/2014 8:00:00 AM,3/23/2014 12:00:00 PM,3/22/2014 9:45:00 AM,83846
3/23/2014 8:00:00 PM,3/24/2014 12:00:00 AM,3/22/2014 5:45:00 PM,97156
3/23/2014 9:00:00 AM,3/23/2014 1:00:00 PM,3/22/2014 9:45:00 AM,85963
3/23/2014 9:00:00 PM,3/24/2014 1:00:00 AM,3/22/2014 11:45:00 PM,95434
3/24/2014 10:00:00 AM,3/24/2014 2:00:00 PM,3/23/2014 9:45:00 AM,108591
3/24/2014 10:00:00 PM,3/25/2014 2:00:00 AM,3/23/2014 11:45:00 PM,100513
3/24/2014 11:00:00 AM,3/24/2014 3:00:00 PM,3/23/2014 11:45:00 AM,106384
3/24/2014 11:00:00 PM,3/25/2014 3:00:00 AM,3/23/2014 11:45:00 PM,94923
3/24/2014 12:00:00 AM,3/24/2014 4:00:00 AM,3/23/2014 5:45:00 AM,85858
3/24/2014 12:00:00 PM,3/24/2014 4:00:00 PM,3/23/2014 11:45:00 AM,104395
3/24/2014 1:00:00 AM,3/24/2014 5:00:00 AM,3/23/2014 5:45:00 AM,84656
3/24/2014 1:00:00 PM,3/24/2014 5:00:00 PM,3/23/2014 11:45:00 AM,102453
3/24/2014 2:00:00 AM,3/24/2014 6:00:00 AM,3/23/2014 5:45:00 AM,84694
3/24/2014 2:00:00 PM,3/24/2014 6:00:00 PM,3/23/2014 11:45:00 AM,100329
3/24/2014 3:00:00 AM,3/24/2014 7:00:00 AM,3/23/2014 5:45:00 AM,85698
3/24/2014 3:00:00 PM,3/24/2014 7:00:00 PM,3/23/2014 5:45:00 PM,99221
3/24/2014 4:00:00 AM,3/24/2014 8:00:00 AM,3/23/2014 5:45:00 AM,88387
3/24/2014 4:00:00 PM,3/24/2014 8:00:00 PM,3/23/2014 5:45:00 PM,98772
3/24/2014 5:00:00 AM,3/24/2014 9:00:00 AM,3/23/2014 5:45:00 AM,94428
3/24/2014 5:00:00 PM,3/24/2014 9:00:00 PM,3/23/2014 5:45:00 PM,99294
3/24/2014 6:00:00 AM,3/24/2014 10:00:00 AM,3/23/2014 5:45:00 AM,104217
3/24/2014 6:00:00 PM,3/24/2014 10:00:00 PM,3/23/2014 5:45:00 PM,101390
3/24/2014 7:00:00 AM,3/24/2014 11:00:00 AM,3/23/2014 5:45:00 AM,110260
3/24/2014 7:00:00 PM,3/24/2014 11:00:00 PM,3/23/2014 5:45:00 PM,105581
3/24/2014 8:00:00 AM,3/24/2014 12:00:00 PM,3/23/2014 9:45:00 AM,111021
3/24/2014 8:00:00 PM,3/25/2014 12:00:00 AM,3/23/2014 5:45:00 PM,108385
3/24/2014 9:00:00 AM,3/24/2014 1:00:00 PM,3/23/2014 9:45:00 AM,109895
3/24/2014 9:00:00 PM,3/25/2014 1:00:00 AM,3/23/2014 11:45:00 PM,105817
3/25/2014 10:00:00 AM,3/25/2014 2:00:00 PM,3/24/2014 9:45:00 AM,112183
3/25/2014 10:00:00 PM,3/26/2014 2:00:00 AM,3/24/2014 11:45:00 PM,103190
3/25/2014 11:00:00 AM,3/25/2014 3:00:00 PM,3/24/2014 11:45:00 AM,110512
3/25/2014 11:00:00 PM,3/26/2014 3:00:00 AM,3/24/2014 11:45:00 PM,97831
3/25/2014 12:00:00 AM,3/25/2014 4:00:00 AM,3/24/2014 5:45:00 AM,90382
3/25/2014 12:00:00 PM,3/25/2014 4:00:00 PM,3/24/2014 11:45:00 AM,108893
3/25/2014 1:00:00 AM,3/25/2014 5:00:00 AM,3/24/2014 5:45:00 AM,88369
3/25/2014 1:00:00 PM,3/25/2014 5:00:00 PM,3/24/2014 11:45:00 AM,107102
3/25/2014 2:00:00 AM,3/25/2014 6:00:00 AM,3/24/2014 5:45:00 AM,87795
3/25/2014 2:00:00 PM,3/25/2014 6:00:00 PM,3/24/2014 11:45:00 AM,105048
3/25/2014 3:00:00 AM,3/25/2014 7:00:00 AM,3/24/2014 5:45:00 AM,88071
3/25/2014 3:00:00 PM,3/25/2014 7:00:00 PM,3/24/2014 5:45:00 PM,103411
3/25/2014 4:00:00 AM,3/25/2014 8:00:00 AM,3/24/2014 5:45:00 AM,90036
3/25/2014 4:00:00 PM,3/25/2014 8:00:00 PM,3/24/2014 5:45:00 PM,102502
3/25/2014 5:00:00 AM,3/25/2014 9:00:00 AM,3/24/2014 5:45:00 AM,95438
3/25/2014 5:00:00 PM,3/25/2014 9:00:00 PM,3/24/2014 5:45:00 PM,101951
3/25/2014 6:00:00 AM,3/25/2014 10:00:00 AM,3/24/2014 5:45:00 AM,104541
3/25/2014 6:00:00 PM,3/25/2014 10:00:00 PM,3/24/2014 5:45:00 PM,103729
3/25/2014 7:00:00 AM,3/25/2014 11:00:00 AM,3/24/2014 5:45:00 AM,109968
3/25/2014 7:00:00 PM,3/25/2014 11:00:00 PM,3/24/2014 5:45:00 PM,108008
3/25/2014 8:00:00 AM,3/25/2014 12:00:00 PM,3/24/2014 9:45:00 AM,113473
3/25/2014 8:00:00 PM,3/26/2014 12:00:00 AM,3/24/2014 5:45:00 PM,110811
3/25/2014 9:00:00 AM,3/25/2014 1:00:00 PM,3/24/2014 9:45:00 AM,113059
3/25/2014 9:00:00 PM,3/26/2014 1:00:00 AM,3/24/2014 11:45:00 PM,108444
3/26/2014 10:00:00 AM,3/26/2014 2:00:00 PM,3/25/2014 9:45:00 AM,109734
3/26/2014 10:00:00 PM,3/27/2014 2:00:00 AM,3/25/2014 11:45:00 PM,103264
3/26/2014 11:00:00 AM,3/26/2014 3:00:00 PM,3/25/2014 11:45:00 AM,107708
3/26/2014 11:00:00 PM,3/27/2014 3:00:00 AM,3/25/2014 11:45:00 PM,97967
3/26/2014 12:00:00 AM,3/26/2014 4:00:00 AM,3/25/2014 5:45:00 AM,91801
3/26/2014 12:00:00 PM,3/26/2014 4:00:00 PM,3/25/2014 11:45:00 AM,105528
3/26/2014 1:00:00 AM,3/26/2014 5:00:00 AM,3/25/2014 5:45:00 AM,90094
3/26/2014 1:00:00 PM,3/26/2014 5:00:00 PM,3/25/2014 11:45:00 AM,103749
3/26/2014 2:00:00 AM,3/26/2014 6:00:00 AM,3/25/2014 5:45:00 AM,89694
3/26/2014 2:00:00 PM,3/26/2014 6:00:00 PM,3/25/2014 11:45:00 AM,101823
3/26/2014 3:00:00 AM,3/26/2014 7:00:00 AM,3/25/2014 5:45:00 AM,90246
3/26/2014 3:00:00 PM,3/26/2014 7:00:00 PM,3/25/2014 5:45:00 PM,100180
3/26/2014 4:00:00 AM,3/26/2014 8:00:00 AM,3/25/2014 5:45:00 AM,92445
3/26/2014 4:00:00 PM,3/26/2014 8:00:00 PM,3/25/2014 5:45:00 PM,99738
3/26/2014 5:00:00 AM,3/26/2014 9:00:00 AM,3/25/2014 5:45:00 AM,98179
3/26/2014 5:00:00 PM,3/26/2014 9:00:00 PM,3/25/2014 5:45:00 PM,100003
3/26/2014 6:00:00 AM,3/26/2014 10:00:00 AM,3/25/2014 5:45:00 AM,107668
3/26/2014 6:00:00 PM,3/26/2014 10:00:00 PM,3/25/2014 5:45:00 PM,102602
3/26/2014 7:00:00 AM,3/26/2014 11:00:00 AM,3/25/2014 5:45:00 AM,112962
3/26/2014 7:00:00 PM,3/26/2014 11:00:00 PM,3/25/2014 5:45:00 PM,107390
3/26/2014 8:00:00 AM,3/26/2014 12:00:00 PM,3/25/2014 9:45:00 AM,113092
3/26/2014 8:00:00 PM,3/27/2014 12:00:00 AM,3/25/2014 5:45:00 PM,110552
3/26/2014 9:00:00 AM,3/26/2014 1:00:00 PM,3/25/2014 9:45:00 AM,111426
3/26/2014 9:00:00 PM,3/27/2014 1:00:00 AM,3/25/2014 11:45:00 PM,108246
3/27/2014 10:00:00 AM,3/27/2014 2:00:00 PM,3/26/2014 9:45:00 AM,105416
3/27/2014 10:00:00 PM,3/28/2014 2:00:00 AM,3/26/2014 11:45:00 PM,93062
3/27/2014 11:00:00 AM,3/27/2014 3:00:00 PM,3/26/2014 11:45:00 AM,102441
3/27/2014 11:00:00 PM,3/28/2014 3:00:00 AM,3/26/2014 11:45:00 PM,87384
3/27/2014 12:00:00 AM,3/27/2014 4:00:00 AM,3/26/2014 5:45:00 AM,92969
3/27/2014 12:00:00 PM,3/27/2014 4:00:00 PM,3/26/2014 11:45:00 AM,99605
3/27/2014 1:00:00 AM,3/27/2014 5:00:00 AM,3/26/2014 5:45:00 AM,91180
3/27/2014 1:00:00 PM,3/27/2014 5:00:00 PM,3/26/2014 11:45:00 AM,97337
3/27/2014 2:00:00 AM,3/27/2014 6:00:00 AM,3/26/2014 5:45:00 AM,90775
3/27/2014 2:00:00 PM,3/27/2014 6:00:00 PM,3/26/2014 11:45:00 AM,95149
3/27/2014 3:00:00 AM,3/27/2014 7:00:00 AM,3/26/2014 5:45:00 AM,91261
3/27/2014 3:00:00 PM,3/27/2014 7:00:00 PM,3/26/2014 5:45:00 PM,93173
3/27/2014 4:00:00 AM,3/27/2014 8:00:00 AM,3/26/2014 5:45:00 AM,93462
3/27/2014 4:00:00 PM,3/27/2014 8:00:00 PM,3/26/2014 5:45:00 PM,92222
3/27/2014 5:00:00 AM,3/27/2014 9:00:00 AM,3/26/2014 5:45:00 AM,98970
3/27/2014 5:00:00 PM,3/27/2014 9:00:00 PM,3/26/2014 5:45:00 PM,91657
3/27/2014 6:00:00 AM,3/27/2014 10:00:00 AM,3/26/2014 5:45:00 AM,108444
3/27/2014 6:00:00 PM,3/27/2014 10:00:00 PM,3/26/2014 5:45:00 PM,93158
3/27/2014 7:00:00 AM,3/27/2014 11:00:00 AM,3/26/2014 5:45:00 AM,113127
3/27/2014 7:00:00 PM,3/27/2014 11:00:00 PM,3/26/2014 5:45:00 PM,97071
3/27/2014 8:00:00 AM,3/27/2014 12:00:00 PM,3/26/2014 9:45:00 AM,111151
3/27/2014 8:00:00 PM,3/28/2014 12:00:00 AM,3/26/2014 5:45:00 PM,100484
3/27/2014 9:00:00 AM,3/27/2014 1:00:00 PM,3/26/2014 9:45:00 AM,108171
3/27/2014 9:00:00 PM,3/28/2014 1:00:00 AM,3/26/2014 11:45:00 PM,98406
3/28/2014 10:00:00 AM,3/28/2014 2:00:00 PM,3/27/2014 9:45:00 AM,95680
3/28/2014 10:00:00 PM,3/29/2014 2:00:00 AM,3/27/2014 11:45:00 PM,83811
3/28/2014 11:00:00 AM,3/28/2014 3:00:00 PM,3/27/2014 11:45:00 AM,93315
3/28/2014 11:00:00 PM,3/29/2014 3:00:00 AM,3/27/2014 11:45:00 PM,79036
3/28/2014 12:00:00 AM,3/28/2014 4:00:00 AM,3/27/2014 5:45:00 AM,81069
3/28/2014 12:00:00 PM,3/28/2014 4:00:00 PM,3/27/2014 11:45:00 AM,91611
3/28/2014 1:00:00 AM,3/28/2014 5:00:00 AM,3/27/2014 5:45:00 AM,78767
3/28/2014 1:00:00 PM,3/28/2014 5:00:00 PM,3/27/2014 11:45:00 AM,90162
3/28/2014 2:00:00 AM,3/28/2014 6:00:00 AM,3/27/2014 5:45:00 AM,77562
3/28/2014 2:00:00 PM,3/28/2014 6:00:00 PM,3/27/2014 11:45:00 AM,88437
3/28/2014 3:00:00 AM,3/28/2014 7:00:00 AM,3/27/2014 5:45:00 AM,77445
3/28/2014 3:00:00 PM,3/28/2014 7:00:00 PM,3/27/2014 5:45:00 PM,87298
3/28/2014 4:00:00 AM,3/28/2014 8:00:00 AM,3/27/2014 5:45:00 AM,78935
3/28/2014 4:00:00 PM,3/28/2014 8:00:00 PM,3/27/2014 5:45:00 PM,86272
3/28/2014 5:00:00 AM,3/28/2014 9:00:00 AM,3/27/2014 5:45:00 AM,83590
3/28/2014 5:00:00 PM,3/28/2014 9:00:00 PM,3/27/2014 5:45:00 PM,85307
3/28/2014 6:00:00 AM,3/28/2014 10:00:00 AM,3/27/2014 5:45:00 AM,92320
3/28/2014 6:00:00 PM,3/28/2014 10:00:00 PM,3/27/2014 5:45:00 PM,85361
3/28/2014 7:00:00 AM,3/28/2014 11:00:00 AM,3/27/2014 5:45:00 AM,97653
3/28/2014 7:00:00 PM,3/28/2014 11:00:00 PM,3/27/2014 5:45:00 PM,87489
3/28/2014 8:00:00 AM,3/28/2014 12:00:00 PM,3/27/2014 9:45:00 AM,97860
3/28/2014 8:00:00 PM,3/29/2014 12:00:00 AM,3/27/2014 5:45:00 PM,89787
3/28/2014 9:00:00 AM,3/28/2014 1:00:00 PM,3/27/2014 9:45:00 AM,96809
3/28/2014 9:00:00 PM,3/29/2014 1:00:00 AM,3/27/2014 11:45:00 PM,87980
3/29/2014 10:00:00 AM,3/29/2014 2:00:00 PM,3/28/2014 9:45:00 AM,86560
3/29/2014 10:00:00 PM,3/30/2014 2:00:00 AM,3/28/2014 11:45:00 PM,83827
3/29/2014 11:00:00 AM,3/29/2014 3:00:00 PM,3/28/2014 11:45:00 AM,87980
3/29/2014 11:00:00 PM,3/30/2014 3:00:00 AM,3/28/2014 11:45:00 PM,79768
3/29/2014 12:00:00 AM,3/29/2014 4:00:00 AM,3/28/2014 5:45:00 AM,74749
3/29/2014 12:00:00 PM,3/29/2014 4:00:00 PM,3/28/2014 11:45:00 AM,87003
3/29/2014 1:00:00 AM,3/29/2014 5:00:00 AM,3/28/2014 5:45:00 AM,72092
3/29/2014 1:00:00 PM,3/29/2014 5:00:00 PM,3/28/2014 11:45:00 AM,85722
3/29/2014 2:00:00 AM,3/29/2014 6:00:00 AM,3/28/2014 5:45:00 AM,70589
3/29/2014 2:00:00 PM,3/29/2014 6:00:00 PM,3/28/2014 11:45:00 AM,84317
3/29/2014 3:00:00 AM,3/29/2014 7:00:00 AM,3/28/2014 5:45:00 AM,70029
3/29/2014 3:00:00 PM,3/29/2014 7:00:00 PM,3/28/2014 5:45:00 PM,83177
3/29/2014 4:00:00 AM,3/29/2014 8:00:00 AM,3/28/2014 5:45:00 AM,70378
3/29/2014 4:00:00 PM,3/29/2014 8:00:00 PM,3/28/2014 5:45:00 PM,83168
3/29/2014 5:00:00 AM,3/29/2014 9:00:00 AM,3/28/2014 5:45:00 AM,72282
3/29/2014 5:00:00 PM,3/29/2014 9:00:00 PM,3/28/2014 5:45:00 PM,83733
3/29/2014 6:00:00 AM,3/29/2014 10:00:00 AM,3/28/2014 5:45:00 AM,75879
3/29/2014 6:00:00 PM,3/29/2014 10:00:00 PM,3/28/2014 5:45:00 PM,84609
3/29/2014 7:00:00 AM,3/29/2014 11:00:00 AM,3/28/2014 5:45:00 AM,79916
3/29/2014 7:00:00 PM,3/29/2014 11:00:00 PM,3/28/2014 5:45:00 PM,87048
3/29/2014 8:00:00 AM,3/29/2014 12:00:00 PM,3/28/2014 9:45:00 AM,83279
3/29/2014 8:00:00 PM,3/30/2014 12:00:00 AM,3/28/2014 5:45:00 PM,88836
3/29/2014 9:00:00 AM,3/29/2014 1:00:00 PM,3/28/2014 9:45:00 AM,85718
3/29/2014 9:00:00 PM,3/30/2014 1:00:00 AM,3/28/2014 11:45:00 PM,87026
3/3/2014 10:00:00 AM,3/3/2014 3:00:00 PM,3/2/2014 9:45:00 AM,116300
3/3/2014 10:00:00 PM,3/4/2014 3:00:00 AM,3/2/2014 11:45:00 PM,115817
3/3/2014 11:00:00 AM,3/3/2014 4:00:00 PM,3/2/2014 11:45:00 AM,117318
3/3/2014 11:00:00 PM,3/4/2014 4:00:00 AM,3/2/2014 11:45:00 PM,110520
3/3/2014 12:00:00 AM,3/3/2014 5:00:00 AM,3/2/2014 5:45:00 AM,91176
3/3/2014 12:00:00 PM,3/3/2014 5:00:00 PM,3/2/2014 11:45:00 AM,116425
3/3/2014 1:00:00 AM,3/3/2014 6:00:00 AM,3/2/2014 5:45:00 AM,89993
3/3/2014 1:00:00 PM,3/3/2014 6:00:00 PM,3/2/2014 11:45:00 AM,115687
3/3/2014 2:00:00 AM,3/3/2014 7:00:00 AM,3/2/2014 5:45:00 AM,89912
3/3/2014 2:00:00 PM,3/3/2014 7:00:00 PM,3/2/2014 11:45:00 AM,114791
3/3/2014 3:00:00 AM,3/3/2014 8:00:00 AM,3/2/2014 5:45:00 AM,90995
3/3/2014 3:00:00 PM,3/3/2014 8:00:00 PM,3/2/2014 5:45:00 PM,114203
3/3/2014 4:00:00 AM,3/3/2014 9:00:00 AM,3/2/2014 5:45:00 AM,93530
3/3/2014 4:00:00 PM,3/3/2014 9:00:00 PM,3/2/2014 5:45:00 PM,114910
3/3/2014 5:00:00 AM,3/3/2014 10:00:00 AM,3/2/2014 5:45:00 AM,99304
3/3/2014 5:00:00 PM,3/3/2014 10:00:00 PM,3/2/2014 5:45:00 PM,118184
3/3/2014 6:00:00 AM,3/3/2014 11:00:00 AM,3/2/2014 5:45:00 AM,108633
3/3/2014 6:00:00 PM,3/3/2014 11:00:00 PM,3/2/2014 5:45:00 PM,125018
3/3/2014 7:00:00 AM,3/3/2014 12:00:00 PM,3/2/2014 5:45:00 AM,114071
3/3/2014 7:00:00 PM,3/4/2014 12:00:00 AM,3/2/2014 5:45:00 PM,126938
3/3/2014 8:00:00 AM,3/3/2014 1:00:00 PM,3/2/2014 9:45:00 AM,115369
3/3/2014 8:00:00 PM,3/4/2014 1:00:00 AM,3/2/2014 5:45:00 PM,125733
3/3/2014 9:00:00 AM,3/3/2014 2:00:00 PM,3/2/2014 9:45:00 AM,115980
3/3/2014 9:00:00 PM,3/4/2014 2:00:00 AM,3/2/2014 11:45:00 PM,121447
3/30/2014 10:00:00 AM,3/30/2014 2:00:00 PM,3/29/2014 9:45:00 AM,83496
3/30/2014 10:00:00 PM,3/31/2014 2:00:00 AM,3/29/2014 11:45:00 PM,84786
3/30/2014 11:00:00 AM,3/30/2014 3:00:00 PM,3/29/2014 11:45:00 AM,83277
3/30/2014 11:00:00 PM,3/31/2014 3:00:00 AM,3/29/2014 11:45:00 PM,80385
3/30/2014 12:00:00 AM,3/30/2014 4:00:00 AM,3/29/2014 5:45:00 AM,74577
3/30/2014 12:00:00 PM,3/30/2014 4:00:00 PM,3/29/2014 11:45:00 AM,82840
3/30/2014 1:00:00 AM,3/30/2014 5:00:00 AM,3/29/2014 5:45:00 AM,72151
3/30/2014 1:00:00 PM,3/30/2014 5:00:00 PM,3/29/2014 11:45:00 AM,81950
3/30/2014 2:00:00 AM,3/30/2014 6:00:00 AM,3/29/2014 5:45:00 AM,70862
3/30/2014 2:00:00 PM,3/30/2014 6:00:00 PM,3/29/2014 11:45:00 AM,80896
3/30/2014 3:00:00 AM,3/30/2014 7:00:00 AM,3/29/2014 5:45:00 AM,70429
3/30/2014 3:00:00 PM,3/30/2014 7:00:00 PM,3/29/2014 5:45:00 PM,80369
3/30/2014 4:00:00 AM,3/30/2014 8:00:00 AM,3/29/2014 5:45:00 AM,70669
3/30/2014 4:00:00 PM,3/30/2014 8:00:00 PM,3/29/2014 5:45:00 PM,81127
3/30/2014 5:00:00 AM,3/30/2014 9:00:00 AM,3/29/2014 5:45:00 AM,72015
3/30/2014 5:00:00 PM,3/30/2014 9:00:00 PM,3/29/2014 5:45:00 PM,82855
3/30/2014 6:00:00 AM,3/30/2014 10:00:00 AM,3/29/2014 5:45:00 AM,74649
3/30/2014 6:00:00 PM,3/30/2014 10:00:00 PM,3/29/2014 5:45:00 PM,84333
3/30/2014 7:00:00 AM,3/30/2014 11:00:00 AM,3/29/2014 5:45:00 AM,77821
3/30/2014 7:00:00 PM,3/30/2014 11:00:00 PM,3/29/2014 5:45:00 PM,87858
3/30/2014 8:00:00 AM,3/30/2014 12:00:00 PM,3/29/2014 9:45:00 AM,80805
3/30/2014 8:00:00 PM,3/31/2014 12:00:00 AM,3/29/2014 5:45:00 PM,90139
3/30/2014 9:00:00 AM,3/30/2014 1:00:00 PM,3/29/2014 9:45:00 AM,82901
3/30/2014 9:00:00 PM,3/31/2014 1:00:00 AM,3/29/2014 11:45:00 PM,88783
3/31/2014 10:00:00 AM,3/31/2014 2:00:00 PM,3/30/2014 9:45:00 AM,95637
3/31/2014 10:00:00 PM,4/1/2014 2:00:00 AM,3/30/2014 11:45:00 PM,85887
3/31/2014 11:00:00 AM,3/31/2014 3:00:00 PM,3/30/2014 11:45:00 AM,93683
3/31/2014 11:00:00 PM,4/1/2014 3:00:00 AM,3/30/2014 11:45:00 PM,79854
3/31/2014 12:00:00 AM,3/31/2014 4:00:00 AM,3/30/2014 5:45:00 AM,76645
3/31/2014 12:00:00 PM,3/31/2014 4:00:00 PM,3/30/2014 11:45:00 AM,91841
3/31/2014 1:00:00 AM,3/31/2014 5:00:00 AM,3/30/2014 5:45:00 AM,74912
3/31/2014 1:00:00 PM,3/31/2014 5:00:00 PM,3/30/2014 11:45:00 AM,90401
3/31/2014 2:00:00 AM,3/31/2014 6:00:00 AM,3/30/2014 5:45:00 AM,74489
3/31/2014 2:00:00 PM,3/31/2014 6:00:00 PM,3/30/2014 11:45:00 AM,88718
3/31/2014 3:00:00 AM,3/31/2014 7:00:00 AM,3/30/2014 5:45:00 AM,75052
3/31/2014 3:00:00 PM,3/31/2014 7:00:00 PM,3/30/2014 5:45:00 PM,87248
3/31/2014 4:00:00 AM,3/31/2014 8:00:00 AM,3/30/2014 5:45:00 AM,77319
3/31/2014 4:00:00 PM,3/31/2014 8:00:00 PM,3/30/2014 5:45:00 PM,86846
3/31/2014 5:00:00 AM,3/31/2014 9:00:00 AM,3/30/2014 5:45:00 AM,83106
3/31/2014 5:00:00 PM,3/31/2014 9:00:00 PM,3/30/2014 5:45:00 PM,87664
3/31/2014 6:00:00 AM,3/31/2014 10:00:00 AM,3/30/2014 5:45:00 AM,93105
3/31/2014 6:00:00 PM,3/31/2014 10:00:00 PM,3/30/2014 5:45:00 PM,88361
3/31/2014 7:00:00 AM,3/31/2014 11:00:00 AM,3/30/2014 5:45:00 AM,98958
3/31/2014 7:00:00 PM,3/31/2014 11:00:00 PM,3/30/2014 5:45:00 PM,91163
3/31/2014 8:00:00 AM,3/31/2014 12:00:00 PM,3/30/2014 9:45:00 AM,98872
3/31/2014 8:00:00 PM,4/1/2014 12:00:00 AM,3/30/2014 5:45:00 PM,93471
3/31/2014 9:00:00 AM,3/31/2014 1:00:00 PM,3/30/2014 9:45:00 AM,97213
3/31/2014 9:00:00 PM,4/1/2014 1:00:00 AM,3/30/2014 11:45:00 PM,91454
3/4/2014 10:00:00 AM,3/4/2014 3:00:00 PM,3/3/2014 9:45:00 AM,119794
3/4/2014 10:00:00 PM,3/5/2014 3:00:00 AM,3/3/2014 11:45:00 PM,111947
3/4/2014 11:00:00 AM,3/4/2014 4:00:00 PM,3/3/2014 11:45:00 AM,116084
3/4/2014 11:00:00 PM,3/5/2014 4:00:00 AM,3/3/2014 11:45:00 PM,106487
3/4/2014 12:00:00 AM,3/4/2014 5:00:00 AM,3/3/2014 5:45:00 AM,108542
3/4/2014 12:00:00 PM,3/4/2014 5:00:00 PM,3/3/2014 11:45:00 AM,112592
3/4/2014 1:00:00 AM,3/4/2014 6:00:00 AM,3/3/2014 5:45:00 AM,107544
3/4/2014 1:00:00 PM,3/4/2014 6:00:00 PM,3/3/2014 11:45:00 AM,110053
3/4/2014 2:00:00 AM,3/4/2014 7:00:00 AM,3/3/2014 5:45:00 AM,107752
3/4/2014 2:00:00 PM,3/4/2014 7:00:00 PM,3/3/2014 11:45:00 AM,107921
3/4/2014 3:00:00 AM,3/4/2014 8:00:00 AM,3/3/2014 5:45:00 AM,108647
3/4/2014 3:00:00 PM,3/4/2014 8:00:00 PM,3/3/2014 5:45:00 PM,106862
3/4/2014 4:00:00 AM,3/4/2014 9:00:00 AM,3/3/2014 5:45:00 AM,111435
3/4/2014 4:00:00 PM,3/4/2014 9:00:00 PM,3/3/2014 5:45:00 PM,107752
3/4/2014 5:00:00 AM,3/4/2014 10:00:00 AM,3/3/2014 5:45:00 AM,117422
3/4/2014 5:00:00 PM,3/4/2014 10:00:00 PM,3/3/2014 5:45:00 PM,112024
3/4/2014 6:00:00 AM,3/4/2014 11:00:00 AM,3/3/2014 5:45:00 AM,126373
3/4/2014 6:00:00 PM,3/4/2014 11:00:00 PM,3/3/2014 5:45:00 PM,118678
3/4/2014 7:00:00 AM,3/4/2014 12:00:00 PM,3/3/2014 5:45:00 AM,129919
3/4/2014 7:00:00 PM,3/5/2014 12:00:00 AM,3/3/2014 5:45:00 PM,120800
3/4/2014 8:00:00 AM,3/4/2014 1:00:00 PM,3/3/2014 9:45:00 AM,127551
3/4/2014 8:00:00 PM,3/5/2014 1:00:00 AM,3/3/2014 5:45:00 PM,119867
3/4/2014 9:00:00 AM,3/4/2014 2:00:00 PM,3/3/2014 9:45:00 AM,123441
3/4/2014 9:00:00 PM,3/5/2014 2:00:00 AM,3/3/2014 11:45:00 PM,117560
3/5/2014 10:00:00 AM,3/5/2014 3:00:00 PM,3/4/2014 9:45:00 AM,112249
3/5/2014 10:00:00 PM,3/6/2014 3:00:00 AM,3/4/2014 11:45:00 PM,103871
3/5/2014 11:00:00 AM,3/5/2014 4:00:00 PM,3/4/2014 11:45:00 AM,109943
3/5/2014 11:00:00 PM,3/6/2014 4:00:00 AM,3/4/2014 11:45:00 PM,98539
3/5/2014 12:00:00 AM,3/5/2014 5:00:00 AM,3/4/2014 5:45:00 AM,101310
3/5/2014 12:00:00 PM,3/5/2014 5:00:00 PM,3/4/2014 11:45:00 AM,107120
3/5/2014 1:00:00 AM,3/5/2014 6:00:00 AM,3/4/2014 5:45:00 AM,99722
3/5/2014 1:00:00 PM,3/5/2014 6:00:00 PM,3/4/2014 11:45:00 AM,104932
3/5/2014 2:00:00 AM,3/5/2014 7:00:00 AM,3/4/2014 5:45:00 AM,99267
3/5/2014 2:00:00 PM,3/5/2014 7:00:00 PM,3/4/2014 11:45:00 AM,102858
3/5/2014 3:00:00 AM,3/5/2014 8:00:00 AM,3/4/2014 5:45:00 AM,99765
3/5/2014 3:00:00 PM,3/5/2014 8:00:00 PM,3/4/2014 5:45:00 PM,101645
3/5/2014 4:00:00 AM,3/5/2014 9:00:00 AM,3/4/2014 5:45:00 AM,101890
3/5/2014 4:00:00 PM,3/5/2014 9:00:00 PM,3/4/2014 5:45:00 PM,102207
3/5/2014 5:00:00 AM,3/5/2014 10:00:00 AM,3/4/2014 5:45:00 AM,107294
3/5/2014 5:00:00 PM,3/5/2014 10:00:00 PM,3/4/2014 5:45:00 PM,105571
3/5/2014 6:00:00 AM,3/5/2014 11:00:00 AM,3/4/2014 5:45:00 AM,115826
3/5/2014 6:00:00 PM,3/5/2014 11:00:00 PM,3/4/2014 5:45:00 PM,112195
3/5/2014 7:00:00 AM,3/5/2014 12:00:00 PM,3/4/2014 5:45:00 AM,119588
3/5/2014 7:00:00 PM,3/6/2014 12:00:00 AM,3/4/2014 5:45:00 PM,114126
3/5/2014 8:00:00 AM,3/5/2014 1:00:00 PM,3/4/2014 9:45:00 AM,117521
3/5/2014 8:00:00 PM,3/6/2014 1:00:00 AM,3/4/2014 5:45:00 PM,113075
3/5/2014 9:00:00 AM,3/5/2014 2:00:00 PM,3/4/2014 9:45:00 AM,114770
3/5/2014 9:00:00 PM,3/6/2014 2:00:00 AM,3/4/2014 11:45:00 PM,109093
3/6/2014 10:00:00 AM,3/6/2014 3:00:00 PM,3/5/2014 9:45:00 AM,110307
3/6/2014 10:00:00 PM,3/7/2014 3:00:00 AM,3/5/2014 11:45:00 PM,102636
3/6/2014 11:00:00 AM,3/6/2014 4:00:00 PM,3/5/2014 11:45:00 AM,107456
3/6/2014 11:00:00 PM,3/7/2014 4:00:00 AM,3/5/2014 11:45:00 PM,97277
3/6/2014 12:00:00 AM,3/6/2014 5:00:00 AM,3/5/2014 5:45:00 AM,96577
3/6/2014 12:00:00 PM,3/6/2014 5:00:00 PM,3/5/2014 11:45:00 AM,104747
3/6/2014 1:00:00 AM,3/6/2014 6:00:00 AM,3/5/2014 5:45:00 AM,95017
3/6/2014 1:00:00 PM,3/6/2014 6:00:00 PM,3/5/2014 11:45:00 AM,102742
3/6/2014 2:00:00 AM,3/6/2014 7:00:00 AM,3/5/2014 5:45:00 AM,94700
3/6/2014 2:00:00 PM,3/6/2014 7:00:00 PM,3/5/2014 11:45:00 AM,100937
3/6/2014 3:00:00 AM,3/6/2014 8:00:00 AM,3/5/2014 5:45:00 AM,95369
3/6/2014 3:00:00 PM,3/6/2014 8:00:00 PM,3/5/2014 5:45:00 PM,99938
3/6/2014 4:00:00 AM,3/6/2014 9:00:00 AM,3/5/2014 5:45:00 AM,97724
3/6/2014 4:00:00 PM,3/6/2014 9:00:00 PM,3/5/2014 5:45:00 PM,100696
3/6/2014 5:00:00 AM,3/6/2014 10:00:00 AM,3/5/2014 5:45:00 AM,103461
3/6/2014 5:00:00 PM,3/6/2014 10:00:00 PM,3/5/2014 5:45:00 PM,103976
3/6/2014 6:00:00 AM,3/6/2014 11:00:00 AM,3/5/2014 5:45:00 AM,112650
3/6/2014 6:00:00 PM,3/6/2014 11:00:00 PM,3/5/2014 5:45:00 PM,110114
3/6/2014 7:00:00 AM,3/6/2014 12:00:00 PM,3/5/2014 5:45:00 AM,116848
3/6/2014 7:00:00 PM,3/7/2014 12:00:00 AM,3/5/2014 5:45:00 PM,111721
3/6/2014 8:00:00 AM,3/6/2014 1:00:00 PM,3/5/2014 9:45:00 AM,115522
3/6/2014 8:00:00 PM,3/7/2014 1:00:00 AM,3/5/2014 5:45:00 PM,110924
3/6/2014 9:00:00 AM,3/6/2014 2:00:00 PM,3/5/2014 9:45:00 AM,112863
3/6/2014 9:00:00 PM,3/7/2014 2:00:00 AM,3/5/2014 11:45:00 PM,107846
3/7/2014 10:00:00 AM,3/7/2014 3:00:00 PM,3/6/2014 9:45:00 AM,106352
3/7/2014 10:00:00 PM,3/8/2014 3:00:00 AM,3/6/2014 11:45:00 PM,96110
3/7/2014 11:00:00 AM,3/7/2014 4:00:00 PM,3/6/2014 11:45:00 AM,104516
3/7/2014 11:00:00 PM,3/8/2014 4:00:00 AM,3/6/2014 11:45:00 PM,91218
3/7/2014 12:00:00 AM,3/7/2014 5:00:00 AM,3/6/2014 5:45:00 AM,94375
3/7/2014 12:00:00 PM,3/7/2014 5:00:00 PM,3/6/2014 11:45:00 AM,101909
3/7/2014 1:00:00 AM,3/7/2014 6:00:00 AM,3/6/2014 5:45:00 AM,92384
3/7/2014 1:00:00 PM,3/7/2014 6:00:00 PM,3/6/2014 11:45:00 AM,99886
3/7/2014 2:00:00 AM,3/7/2014 7:00:00 AM,3/6/2014 5:45:00 AM,91671
3/7/2014 2:00:00 PM,3/7/2014 7:00:00 PM,3/6/2014 11:45:00 AM,97876
3/7/2014 3:00:00 AM,3/7/2014 8:00:00 AM,3/6/2014 5:45:00 AM,91791
3/7/2014 3:00:00 PM,3/7/2014 8:00:00 PM,3/6/2014 5:45:00 PM,96670
3/7/2014 4:00:00 AM,3/7/2014 9:00:00 AM,3/6/2014 5:45:00 AM,93679
3/7/2014 4:00:00 PM,3/7/2014 9:00:00 PM,3/6/2014 5:45:00 PM,97071
3/7/2014 5:00:00 AM,3/7/2014 10:00:00 AM,3/6/2014 5:45:00 AM,98888
3/7/2014 5:00:00 PM,3/7/2014 10:00:00 PM,3/6/2014 5:45:00 PM,99678
3/7/2014 6:00:00 AM,3/7/2014 11:00:00 AM,3/6/2014 5:45:00 AM,107598
3/7/2014 6:00:00 PM,3/7/2014 11:00:00 PM,3/6/2014 5:45:00 PM,103527
3/7/2014 7:00:00 AM,3/7/2014 12:00:00 PM,3/6/2014 5:45:00 AM,111681
3/7/2014 7:00:00 PM,3/8/2014 12:00:00 AM,3/6/2014 5:45:00 PM,103744
3/7/2014 8:00:00 AM,3/7/2014 1:00:00 PM,3/6/2014 9:45:00 AM,110684
3/7/2014 8:00:00 PM,3/8/2014 1:00:00 AM,3/6/2014 5:45:00 PM,102563
3/7/2014 9:00:00 AM,3/7/2014 2:00:00 PM,3/6/2014 9:45:00 AM,108507
3/7/2014 9:00:00 PM,3/8/2014 2:00:00 AM,3/6/2014 11:45:00 PM,100444
3/8/2014 10:00:00 AM,3/8/2014 3:00:00 PM,3/7/2014 9:45:00 AM,93817
3/8/2014 10:00:00 PM,3/9/2014 3:00:00 AM,3/7/2014 11:45:00 PM,89138
3/8/2014 11:00:00 AM,3/8/2014 4:00:00 PM,3/7/2014 11:45:00 AM,92397
3/8/2014 11:00:00 PM,3/9/2014 4:00:00 AM,3/7/2014 11:45:00 PM,85395
3/8/2014 12:00:00 AM,3/8/2014 5:00:00 AM,3/7/2014 5:45:00 AM,87599
3/8/2014 12:00:00 PM,3/8/2014 5:00:00 PM,3/7/2014 11:45:00 AM,89823
3/8/2014 1:00:00 AM,3/8/2014 6:00:00 AM,3/7/2014 5:45:00 AM,85307
3/8/2014 1:00:00 PM,3/8/2014 6:00:00 PM,3/7/2014 11:45:00 AM,87389
3/8/2014 2:00:00 AM,3/8/2014 7:00:00 AM,3/7/2014 5:45:00 AM,84252
3/8/2014 2:00:00 PM,3/8/2014 7:00:00 PM,3/7/2014 11:45:00 AM,85359
3/8/2014 3:00:00 AM,3/8/2014 8:00:00 AM,3/7/2014 5:45:00 AM,84035
3/8/2014 3:00:00 PM,3/8/2014 8:00:00 PM,3/7/2014 5:45:00 PM,84505
3/8/2014 4:00:00 AM,3/8/2014 9:00:00 AM,3/7/2014 5:45:00 AM,84690
3/8/2014 4:00:00 PM,3/8/2014 9:00:00 PM,3/7/2014 5:45:00 PM,85571
3/8/2014 5:00:00 AM,3/8/2014 10:00:00 AM,3/7/2014 5:45:00 AM,86927
3/8/2014 5:00:00 PM,3/8/2014 10:00:00 PM,3/7/2014 5:45:00 PM,89378
3/8/2014 6:00:00 AM,3/8/2014 11:00:00 AM,3/7/2014 5:45:00 AM,90503
3/8/2014 6:00:00 PM,3/8/2014 11:00:00 PM,3/7/2014 5:45:00 PM,93911
3/8/2014 7:00:00 AM,3/8/2014 12:00:00 PM,3/7/2014 5:45:00 AM,93076
3/8/2014 7:00:00 PM,3/9/2014 12:00:00 AM,3/7/2014 5:45:00 PM,94948
3/8/2014 8:00:00 AM,3/8/2014 1:00:00 PM,3/7/2014 9:45:00 AM,94775
3/8/2014 8:00:00 PM,3/9/2014 1:00:00 AM,3/7/2014 5:45:00 PM,94351
3/8/2014 9:00:00 AM,3/8/2014 2:00:00 PM,3/7/2014 9:45:00 AM,94933
3/8/2014 9:00:00 PM,3/9/2014 2:00:00 AM,3/7/2014 11:45:00 PM,92325
3/9/2014 10:00:00 AM,3/9/2014 2:00:00 PM,3/8/2014 9:45:00 AM,89662
3/9/2014 10:00:00 PM,3/10/2014 2:00:00 AM,3/8/2014 11:45:00 PM,90572
3/9/2014 11:00:00 AM,3/9/2014 3:00:00 PM,3/8/2014 11:45:00 AM,88961
3/9/2014 11:00:00 PM,3/10/2014 3:00:00 AM,3/8/2014 11:45:00 PM,86290
3/9/2014 12:00:00 AM,3/9/2014 5:00:00 AM,3/8/2014 5:45:00 AM,81157
3/9/2014 12:00:00 PM,3/9/2014 4:00:00 PM,3/8/2014 11:45:00 AM,88070
3/9/2014 1:00:00 AM,3/9/2014 6:00:00 AM,3/8/2014 5:45:00 AM,78187
3/9/2014 1:00:00 PM,3/9/2014 5:00:00 PM,3/8/2014 11:45:00 AM,86800
3/9/2014 2:00:00 PM,3/9/2014 6:00:00 PM,3/8/2014 11:45:00 AM,85564
3/9/2014 3:00:00 AM,3/9/2014 7:00:00 AM,3/8/2014 5:45:00 AM,78136
3/9/2014 3:00:00 PM,3/9/2014 7:00:00 PM,3/8/2014 5:45:00 PM,85498
3/9/2014 4:00:00 AM,3/9/2014 8:00:00 AM,3/8/2014 5:45:00 AM,78750
3/9/2014 4:00:00 PM,3/9/2014 8:00:00 PM,3/8/2014 5:45:00 PM,86685
3/9/2014 5:00:00 AM,3/9/2014 9:00:00 AM,3/8/2014 5:45:00 AM,80555
3/9/2014 5:00:00 PM,3/9/2014 9:00:00 PM,3/8/2014 5:45:00 PM,89753
3/9/2014 6:00:00 AM,3/9/2014 10:00:00 AM,3/8/2014 5:45:00 AM,83259
3/9/2014 6:00:00 PM,3/9/2014 10:00:00 PM,3/8/2014 5:45:00 PM,93654
3/9/2014 7:00:00 AM,3/9/2014 11:00:00 AM,3/8/2014 5:45:00 AM,86052
3/9/2014 7:00:00 PM,3/9/2014 11:00:00 PM,3/8/2014 5:45:00 PM,96381
3/9/2014 8:00:00 AM,3/9/2014 12:00:00 PM,3/8/2014 9:45:00 AM,88600
3/9/2014 8:00:00 PM,3/10/2014 12:00:00 AM,3/8/2014 5:45:00 PM,97033
3/9/2014 9:00:00 AM,3/9/2014 1:00:00 PM,3/8/2014 9:45:00 AM,89994
3/9/2014 9:00:00 PM,3/10/2014 1:00:00 AM,3/8/2014 11:45:00 PM,94648
4/1/2014 10:00:00 AM,4/1/2014 2:00:00 PM,3/31/2014 9:45:00 AM,92378
4/1/2014 10:00:00 PM,4/2/2014 2:00:00 AM,3/31/2014 11:45:00 PM,84030
4/1/2014 11:00:00 AM,4/1/2014 3:00:00 PM,3/31/2014 11:45:00 AM,90841
4/1/2014 11:00:00 PM,4/2/2014 3:00:00 AM,3/31/2014 11:45:00 PM,77972
4/1/2014 12:00:00 AM,4/1/2014 4:00:00 AM,3/31/2014 5:45:00 AM,75556
4/1/2014 12:00:00 PM,4/1/2014 4:00:00 PM,3/31/2014 11:45:00 AM,89563
4/1/2014 1:00:00 AM,4/1/2014 5:00:00 AM,3/31/2014 5:45:00 AM,73298
4/1/2014 1:00:00 PM,4/1/2014 5:00:00 PM,3/31/2014 11:45:00 AM,88754
4/1/2014 2:00:00 AM,4/1/2014 6:00:00 AM,3/31/2014 5:45:00 AM,72515
4/1/2014 2:00:00 PM,4/1/2014 6:00:00 PM,3/31/2014 11:45:00 AM,87744
4/1/2014 3:00:00 AM,4/1/2014 7:00:00 AM,3/31/2014 5:45:00 AM,72672
4/1/2014 3:00:00 PM,4/1/2014 7:00:00 PM,3/31/2014 5:45:00 PM,87057
4/1/2014 4:00:00 AM,4/1/2014 8:00:00 AM,3/31/2014 5:45:00 AM,74592
4/1/2014 4:00:00 PM,4/1/2014 8:00:00 PM,3/31/2014 5:45:00 PM,86922
4/1/2014 5:00:00 AM,4/1/2014 9:00:00 AM,3/31/2014 5:45:00 AM,80226
4/1/2014 5:00:00 PM,4/1/2014 9:00:00 PM,3/31/2014 5:45:00 PM,87589
4/1/2014 6:00:00 AM,4/1/2014 10:00:00 AM,3/31/2014 5:45:00 AM,90230
4/1/2014 6:00:00 PM,4/1/2014 10:00:00 PM,3/31/2014 5:45:00 PM,88090
4/1/2014 7:00:00 AM,4/1/2014 11:00:00 AM,3/31/2014 5:45:00 AM,95881
4/1/2014 7:00:00 PM,4/1/2014 11:00:00 PM,3/31/2014 5:45:00 PM,90771
4/1/2014 8:00:00 AM,4/1/2014 12:00:00 PM,3/31/2014 9:45:00 AM,95342
4/1/2014 8:00:00 PM,4/2/2014 12:00:00 AM,3/31/2014 5:45:00 PM,92750
4/1/2014 9:00:00 AM,4/1/2014 1:00:00 PM,3/31/2014 9:45:00 AM,93685
4/1/2014 9:00:00 PM,4/2/2014 1:00:00 AM,3/31/2014 11:45:00 PM,89804
4/10/2014 10:00:00 AM,4/10/2014 2:00:00 PM,4/9/2014 9:45:00 AM,89974
4/10/2014 10:00:00 PM,4/11/2014 2:00:00 AM,4/9/2014 11:45:00 PM,81682
4/10/2014 11:00:00 AM,4/10/2014 3:00:00 PM,4/9/2014 11:45:00 AM,88944
4/10/2014 11:00:00 PM,4/11/2014 3:00:00 AM,4/9/2014 11:45:00 PM,75576
4/10/2014 12:00:00 AM,4/10/2014 4:00:00 AM,4/9/2014 5:45:00 AM,73671
4/10/2014 12:00:00 PM,4/10/2014 4:00:00 PM,4/9/2014 11:45:00 AM,87895
4/10/2014 1:00:00 AM,4/10/2014 5:00:00 AM,4/9/2014 5:45:00 AM,71331
4/10/2014 1:00:00 PM,4/10/2014 5:00:00 PM,4/9/2014 11:45:00 AM,87239
4/10/2014 2:00:00 AM,4/10/2014 6:00:00 AM,4/9/2014 5:45:00 AM,70411
4/10/2014 2:00:00 PM,4/10/2014 6:00:00 PM,4/9/2014 11:45:00 AM,86394
4/10/2014 3:00:00 AM,4/10/2014 7:00:00 AM,4/9/2014 5:45:00 AM,70463
4/10/2014 3:00:00 PM,4/10/2014 7:00:00 PM,4/9/2014 5:45:00 PM,85341
4/10/2014 4:00:00 AM,4/10/2014 8:00:00 AM,4/9/2014 5:45:00 AM,72239
4/10/2014 4:00:00 PM,4/10/2014 8:00:00 PM,4/9/2014 5:45:00 PM,85232
4/10/2014 5:00:00 AM,4/10/2014 9:00:00 AM,4/9/2014 5:45:00 AM,77579
4/10/2014 5:00:00 PM,4/10/2014 9:00:00 PM,4/9/2014 5:45:00 PM,85639
4/10/2014 6:00:00 AM,4/10/2014 10:00:00 AM,4/9/2014 5:45:00 AM,87019
4/10/2014 6:00:00 PM,4/10/2014 10:00:00 PM,4/9/2014 5:45:00 PM,85378
4/10/2014 7:00:00 AM,4/10/2014 11:00:00 AM,4/9/2014 5:45:00 AM,92018
4/10/2014 7:00:00 PM,4/10/2014 11:00:00 PM,4/9/2014 5:45:00 PM,87151
4/10/2014 8:00:00 AM,4/10/2014 12:00:00 PM,4/9/2014 9:45:00 AM,91813
4/10/2014 8:00:00 PM,4/11/2014 12:00:00 AM,4/9/2014 5:45:00 PM,89695
4/10/2014 9:00:00 AM,4/10/2014 1:00:00 PM,4/9/2014 9:45:00 AM,90714
4/10/2014 9:00:00 PM,4/11/2014 1:00:00 AM,4/9/2014 11:45:00 PM,87315
4/11/2014 10:00:00 AM,4/11/2014 2:00:00 PM,4/10/2014 9:45:00 AM,89220
4/11/2014 10:00:00 PM,4/12/2014 2:00:00 AM,4/10/2014 11:45:00 PM,80941
4/11/2014 11:00:00 AM,4/11/2014 3:00:00 PM,4/10/2014 11:45:00 AM,88673
4/11/2014 11:00:00 PM,4/12/2014 3:00:00 AM,4/10/2014 11:45:00 PM,75557
4/11/2014 12:00:00 AM,4/11/2014 4:00:00 AM,4/10/2014 5:45:00 AM,71175
4/11/2014 12:00:00 PM,4/11/2014 4:00:00 PM,4/10/2014 11:45:00 AM,88137
4/11/2014 1:00:00 AM,4/11/2014 5:00:00 AM,4/10/2014 5:45:00 AM,68567
4/11/2014 1:00:00 PM,4/11/2014 5:00:00 PM,4/10/2014 11:45:00 AM,87590
4/11/2014 2:00:00 AM,4/11/2014 6:00:00 AM,4/10/2014 5:45:00 AM,67234
4/11/2014 2:00:00 PM,4/11/2014 6:00:00 PM,4/10/2014 11:45:00 AM,86872
4/11/2014 3:00:00 AM,4/11/2014 7:00:00 AM,4/10/2014 5:45:00 AM,66918
4/11/2014 3:00:00 PM,4/11/2014 7:00:00 PM,4/10/2014 5:45:00 PM,86006
4/11/2014 4:00:00 AM,4/11/2014 8:00:00 AM,4/10/2014 5:45:00 AM,68217
4/11/2014 4:00:00 PM,4/11/2014 8:00:00 PM,4/10/2014 5:45:00 PM,85383
4/11/2014 5:00:00 AM,4/11/2014 9:00:00 AM,4/10/2014 5:45:00 AM,72905
4/11/2014 5:00:00 PM,4/11/2014 9:00:00 PM,4/10/2014 5:45:00 PM,85011
4/11/2014 6:00:00 AM,4/11/2014 10:00:00 AM,4/10/2014 5:45:00 AM,81727
4/11/2014 6:00:00 PM,4/11/2014 10:00:00 PM,4/10/2014 5:45:00 PM,84645
4/11/2014 7:00:00 AM,4/11/2014 11:00:00 AM,4/10/2014 5:45:00 AM,87335
4/11/2014 7:00:00 PM,4/11/2014 11:00:00 PM,4/10/2014 5:45:00 PM,85876
4/11/2014 8:00:00 AM,4/11/2014 12:00:00 PM,4/10/2014 9:45:00 AM,89056
4/11/2014 8:00:00 PM,4/12/2014 12:00:00 AM,4/10/2014 5:45:00 PM,87457
4/11/2014 9:00:00 AM,4/11/2014 1:00:00 PM,4/10/2014 9:45:00 AM,89172
4/11/2014 9:00:00 PM,4/12/2014 1:00:00 AM,4/10/2014 11:45:00 PM,85358
4/12/2014 10:00:00 AM,4/12/2014 2:00:00 PM,4/11/2014 9:45:00 AM,78135
4/12/2014 10:00:00 PM,4/13/2014 2:00:00 AM,4/11/2014 11:45:00 PM,76289
4/12/2014 11:00:00 AM,4/12/2014 3:00:00 PM,4/11/2014 11:45:00 AM,77647
4/12/2014 11:00:00 PM,4/13/2014 3:00:00 AM,4/11/2014 11:45:00 PM,71520
4/12/2014 12:00:00 AM,4/12/2014 4:00:00 AM,4/11/2014 5:45:00 AM,69679
4/12/2014 12:00:00 PM,4/12/2014 4:00:00 PM,4/11/2014 11:45:00 AM,77281
4/12/2014 1:00:00 AM,4/12/2014 5:00:00 AM,4/11/2014 5:45:00 AM,66729
4/12/2014 1:00:00 PM,4/12/2014 5:00:00 PM,4/11/2014 11:45:00 AM,76532
4/12/2014 2:00:00 AM,4/12/2014 6:00:00 AM,4/11/2014 5:45:00 AM,65003
4/12/2014 2:00:00 PM,4/12/2014 6:00:00 PM,4/11/2014 11:45:00 AM,75928
4/12/2014 3:00:00 AM,4/12/2014 7:00:00 AM,4/11/2014 5:45:00 AM,64192
4/12/2014 3:00:00 PM,4/12/2014 7:00:00 PM,4/11/2014 5:45:00 PM,77279
4/12/2014 4:00:00 AM,4/12/2014 8:00:00 AM,4/11/2014 5:45:00 AM,64342
4/12/2014 4:00:00 PM,4/12/2014 8:00:00 PM,4/11/2014 5:45:00 PM,77810
4/12/2014 5:00:00 AM,4/12/2014 9:00:00 AM,4/11/2014 5:45:00 AM,65892
4/12/2014 5:00:00 PM,4/12/2014 9:00:00 PM,4/11/2014 5:45:00 PM,78608
4/12/2014 6:00:00 AM,4/12/2014 10:00:00 AM,4/11/2014 5:45:00 AM,68891
4/12/2014 6:00:00 PM,4/12/2014 10:00:00 PM,4/11/2014 5:45:00 PM,78851
4/12/2014 7:00:00 AM,4/12/2014 11:00:00 AM,4/11/2014 5:45:00 AM,72257
4/12/2014 7:00:00 PM,4/12/2014 11:00:00 PM,4/11/2014 5:45:00 PM,80073
4/12/2014 8:00:00 AM,4/12/2014 12:00:00 PM,4/11/2014 9:45:00 AM,74560
4/12/2014 8:00:00 PM,4/13/2014 12:00:00 AM,4/11/2014 5:45:00 PM,81721
4/12/2014 9:00:00 AM,4/12/2014 1:00:00 PM,4/11/2014 9:45:00 AM,76940
4/12/2014 9:00:00 PM,4/13/2014 1:00:00 AM,4/11/2014 11:45:00 PM,80138
4/13/2014 10:00:00 AM,4/13/2014 2:00:00 PM,4/12/2014 9:45:00 AM,75528
4/13/2014 10:00:00 PM,4/14/2014 2:00:00 AM,4/12/2014 11:45:00 PM,79748
4/13/2014 11:00:00 AM,4/13/2014 3:00:00 PM,4/12/2014 11:45:00 AM,77482
4/13/2014 11:00:00 PM,4/14/2014 3:00:00 AM,4/12/2014 11:45:00 PM,74029
4/13/2014 12:00:00 AM,4/13/2014 4:00:00 AM,4/12/2014 5:45:00 AM,67697
4/13/2014 12:00:00 PM,4/13/2014 4:00:00 PM,4/12/2014 11:45:00 AM,78572
4/13/2014 1:00:00 AM,4/13/2014 5:00:00 AM,4/12/2014 5:45:00 AM,64638
4/13/2014 1:00:00 PM,4/13/2014 5:00:00 PM,4/12/2014 11:45:00 AM,79280
4/13/2014 2:00:00 AM,4/13/2014 6:00:00 AM,4/12/2014 5:45:00 AM,62781
4/13/2014 2:00:00 PM,4/13/2014 6:00:00 PM,4/12/2014 11:45:00 AM,79835
4/13/2014 3:00:00 AM,4/13/2014 7:00:00 AM,4/12/2014 5:45:00 AM,61823
4/13/2014 3:00:00 PM,4/13/2014 7:00:00 PM,4/12/2014 5:45:00 PM,80596
4/13/2014 4:00:00 AM,4/13/2014 8:00:00 AM,4/12/2014 5:45:00 AM,61528
4/13/2014 4:00:00 PM,4/13/2014 8:00:00 PM,4/12/2014 5:45:00 PM,82037
4/13/2014 5:00:00 AM,4/13/2014 9:00:00 AM,4/12/2014 5:45:00 AM,62386
4/13/2014 5:00:00 PM,4/13/2014 9:00:00 PM,4/12/2014 5:45:00 PM,83796
4/13/2014 6:00:00 AM,4/13/2014 10:00:00 AM,4/12/2014 5:45:00 AM,64143
4/13/2014 6:00:00 PM,4/13/2014 10:00:00 PM,4/12/2014 5:45:00 PM,84446
4/13/2014 7:00:00 AM,4/13/2014 11:00:00 AM,4/12/2014 5:45:00 AM,66737
4/13/2014 7:00:00 PM,4/13/2014 11:00:00 PM,4/12/2014 5:45:00 PM,86098
4/13/2014 8:00:00 AM,4/13/2014 12:00:00 PM,4/12/2014 9:45:00 AM,70245
4/13/2014 8:00:00 PM,4/14/2014 12:00:00 AM,4/12/2014 5:45:00 PM,87578
4/13/2014 9:00:00 AM,4/13/2014 1:00:00 PM,4/12/2014 9:45:00 AM,73457
4/13/2014 9:00:00 PM,4/14/2014 1:00:00 AM,4/12/2014 11:45:00 PM,84720
4/14/2014 10:00:00 AM,4/14/2014 2:00:00 PM,4/13/2014 9:45:00 AM,91689
4/14/2014 10:00:00 PM,4/15/2014 2:00:00 AM,4/13/2014 11:45:00 PM,84299
4/14/2014 11:00:00 AM,4/14/2014 3:00:00 PM,4/13/2014 11:45:00 AM,92804
4/14/2014 11:00:00 PM,4/15/2014 3:00:00 AM,4/13/2014 11:45:00 PM,77556
4/14/2014 12:00:00 AM,4/14/2014 4:00:00 AM,4/13/2014 5:45:00 AM,69709
4/14/2014 12:00:00 PM,4/14/2014 4:00:00 PM,4/13/2014 11:45:00 AM,93368
4/14/2014 1:00:00 AM,4/14/2014 5:00:00 AM,4/13/2014 5:45:00 AM,66960
4/14/2014 1:00:00 PM,4/14/2014 5:00:00 PM,4/13/2014 11:45:00 AM,93778
4/14/2014 2:00:00 AM,4/14/2014 6:00:00 AM,4/13/2014 5:45:00 AM,65563
4/14/2014 2:00:00 PM,4/14/2014 6:00:00 PM,4/13/2014 11:45:00 AM,93723
4/14/2014 3:00:00 AM,4/14/2014 7:00:00 AM,4/13/2014 5:45:00 AM,65168
4/14/2014 3:00:00 PM,4/14/2014 7:00:00 PM,4/13/2014 5:45:00 PM,93189
4/14/2014 4:00:00 AM,4/14/2014 8:00:00 AM,4/13/2014 5:45:00 AM,66391
4/14/2014 4:00:00 PM,4/14/2014 8:00:00 PM,4/13/2014 5:45:00 PM,93186
4/14/2014 5:00:00 AM,4/14/2014 9:00:00 AM,4/13/2014 5:45:00 AM,70980
4/14/2014 5:00:00 PM,4/14/2014 9:00:00 PM,4/13/2014 5:45:00 PM,93209
4/14/2014 6:00:00 AM,4/14/2014 10:00:00 AM,4/13/2014 5:45:00 AM,79717
4/14/2014 6:00:00 PM,4/14/2014 10:00:00 PM,4/13/2014 5:45:00 PM,92509
4/14/2014 7:00:00 AM,4/14/2014 11:00:00 AM,4/13/2014 5:45:00 AM,85747
4/14/2014 7:00:00 PM,4/14/2014 11:00:00 PM,4/13/2014 5:45:00 PM,92976
4/14/2014 8:00:00 AM,4/14/2014 12:00:00 PM,4/13/2014 9:45:00 AM,87693
4/14/2014 8:00:00 PM,4/15/2014 12:00:00 AM,4/13/2014 5:45:00 PM,94106
4/14/2014 9:00:00 AM,4/14/2014 1:00:00 PM,4/13/2014 9:45:00 AM,89815
4/14/2014 9:00:00 PM,4/15/2014 1:00:00 AM,4/13/2014 11:45:00 PM,90641
4/15/2014 10:00:00 AM,4/15/2014 2:00:00 PM,4/14/2014 9:45:00 AM,92485
4/15/2014 10:00:00 PM,4/16/2014 2:00:00 AM,4/14/2014 11:45:00 PM,87042
4/15/2014 11:00:00 AM,4/15/2014 3:00:00 PM,4/14/2014 11:45:00 AM,93499
4/15/2014 11:00:00 PM,4/16/2014 3:00:00 AM,4/14/2014 11:45:00 PM,81291
4/15/2014 12:00:00 AM,4/15/2014 4:00:00 AM,4/14/2014 5:45:00 AM,73358
4/15/2014 12:00:00 PM,4/15/2014 4:00:00 PM,4/14/2014 11:45:00 AM,93379
4/15/2014 1:00:00 AM,4/15/2014 5:00:00 AM,4/14/2014 5:45:00 AM,70470
4/15/2014 1:00:00 PM,4/15/2014 5:00:00 PM,4/14/2014 11:45:00 AM,93193
4/15/2014 2:00:00 AM,4/15/2014 6:00:00 AM,4/14/2014 5:45:00 AM,68976
4/15/2014 2:00:00 PM,4/15/2014 6:00:00 PM,4/14/2014 11:45:00 AM,92664
4/15/2014 3:00:00 AM,4/15/2014 7:00:00 AM,4/14/2014 5:45:00 AM,68476
4/15/2014 3:00:00 PM,4/15/2014 7:00:00 PM,4/14/2014 5:45:00 PM,92342
4/15/2014 4:00:00 AM,4/15/2014 8:00:00 AM,4/14/2014 5:45:00 AM,69791
4/15/2014 4:00:00 PM,4/15/2014 8:00:00 PM,4/14/2014 5:45:00 PM,92021
4/15/2014 5:00:00 AM,4/15/2014 9:00:00 AM,4/14/2014 5:45:00 AM,74372
4/15/2014 5:00:00 PM,4/15/2014 9:00:00 PM,4/14/2014 5:45:00 PM,92094
4/15/2014 6:00:00 AM,4/15/2014 10:00:00 AM,4/14/2014 5:45:00 AM,83456
4/15/2014 6:00:00 PM,4/15/2014 10:00:00 PM,4/14/2014 5:45:00 PM,92211
4/15/2014 7:00:00 AM,4/15/2014 11:00:00 AM,4/14/2014 5:45:00 AM,89255
4/15/2014 7:00:00 PM,4/15/2014 11:00:00 PM,4/14/2014 5:45:00 PM,94034
4/15/2014 8:00:00 AM,4/15/2014 12:00:00 PM,4/14/2014 9:45:00 AM,91088
4/15/2014 8:00:00 PM,4/16/2014 12:00:00 AM,4/14/2014 5:45:00 PM,95590
4/15/2014 9:00:00 AM,4/15/2014 1:00:00 PM,4/14/2014 9:45:00 AM,91931
4/15/2014 9:00:00 PM,4/16/2014 1:00:00 AM,4/14/2014 11:45:00 PM,92588
4/16/2014 10:00:00 AM,4/16/2014 2:00:00 PM,4/15/2014 9:45:00 AM,95546
4/16/2014 10:00:00 PM,4/17/2014 2:00:00 AM,4/15/2014 11:45:00 PM,88468
4/16/2014 11:00:00 AM,4/16/2014 3:00:00 PM,4/15/2014 11:45:00 AM,94167
4/16/2014 11:00:00 PM,4/17/2014 3:00:00 AM,4/15/2014 11:45:00 PM,82751
4/16/2014 12:00:00 AM,4/16/2014 4:00:00 AM,4/15/2014 5:45:00 AM,79472
4/16/2014 12:00:00 PM,4/16/2014 4:00:00 PM,4/15/2014 11:45:00 AM,92158
4/16/2014 1:00:00 AM,4/16/2014 5:00:00 AM,4/15/2014 5:45:00 AM,77556
4/16/2014 1:00:00 PM,4/16/2014 5:00:00 PM,4/15/2014 11:45:00 AM,90564
4/16/2014 2:00:00 AM,4/16/2014 6:00:00 AM,4/15/2014 5:45:00 AM,77195
4/16/2014 2:00:00 PM,4/16/2014 6:00:00 PM,4/15/2014 11:45:00 AM,88802
4/16/2014 3:00:00 AM,4/16/2014 7:00:00 AM,4/15/2014 5:45:00 AM,77748
4/16/2014 3:00:00 PM,4/16/2014 7:00:00 PM,4/15/2014 5:45:00 PM,87363
4/16/2014 4:00:00 AM,4/16/2014 8:00:00 AM,4/15/2014 5:45:00 AM,80089
4/16/2014 4:00:00 PM,4/16/2014 8:00:00 PM,4/15/2014 5:45:00 PM,86875
4/16/2014 5:00:00 AM,4/16/2014 9:00:00 AM,4/15/2014 5:45:00 AM,85950
4/16/2014 5:00:00 PM,4/16/2014 9:00:00 PM,4/15/2014 5:45:00 PM,87207
4/16/2014 6:00:00 AM,4/16/2014 10:00:00 AM,4/15/2014 5:45:00 AM,95808
4/16/2014 6:00:00 PM,4/16/2014 10:00:00 PM,4/15/2014 5:45:00 PM,88099
4/16/2014 7:00:00 AM,4/16/2014 11:00:00 AM,4/15/2014 5:45:00 AM,100409
4/16/2014 7:00:00 PM,4/16/2014 11:00:00 PM,4/15/2014 5:45:00 PM,91314
4/16/2014 8:00:00 AM,4/16/2014 12:00:00 PM,4/15/2014 9:45:00 AM,99600
4/16/2014 8:00:00 PM,4/17/2014 12:00:00 AM,4/15/2014 5:45:00 PM,95355
4/16/2014 9:00:00 AM,4/16/2014 1:00:00 PM,4/15/2014 9:45:00 AM,97424
4/16/2014 9:00:00 PM,4/17/2014 1:00:00 AM,4/15/2014 11:45:00 PM,93436
4/17/2014 10:00:00 AM,4/17/2014 2:00:00 PM,4/16/2014 9:45:00 AM,93401
4/17/2014 10:00:00 PM,4/18/2014 2:00:00 AM,4/16/2014 11:45:00 PM,85410
4/17/2014 11:00:00 AM,4/17/2014 3:00:00 PM,4/16/2014 11:45:00 AM,91761
4/17/2014 11:00:00 PM,4/18/2014 3:00:00 AM,4/16/2014 11:45:00 PM,79655
4/17/2014 12:00:00 AM,4/17/2014 4:00:00 AM,4/16/2014 5:45:00 AM,79427
4/17/2014 12:00:00 PM,4/17/2014 4:00:00 PM,4/16/2014 11:45:00 AM,90114
4/17/2014 1:00:00 AM,4/17/2014 5:00:00 AM,4/16/2014 5:45:00 AM,77420
4/17/2014 1:00:00 PM,4/17/2014 5:00:00 PM,4/16/2014 11:45:00 AM,88864
4/17/2014 2:00:00 AM,4/17/2014 6:00:00 AM,4/16/2014 5:45:00 AM,76835
4/17/2014 2:00:00 PM,4/17/2014 6:00:00 PM,4/16/2014 11:45:00 AM,87380
4/17/2014 3:00:00 AM,4/17/2014 7:00:00 AM,4/16/2014 5:45:00 AM,77129
4/17/2014 3:00:00 PM,4/17/2014 7:00:00 PM,4/16/2014 5:45:00 PM,86113
4/17/2014 4:00:00 AM,4/17/2014 8:00:00 AM,4/16/2014 5:45:00 AM,79166
4/17/2014 4:00:00 PM,4/17/2014 8:00:00 PM,4/16/2014 5:45:00 PM,85524
4/17/2014 5:00:00 AM,4/17/2014 9:00:00 AM,4/16/2014 5:45:00 AM,84671
4/17/2014 5:00:00 PM,4/17/2014 9:00:00 PM,4/16/2014 5:45:00 PM,85319
4/17/2014 6:00:00 AM,4/17/2014 10:00:00 AM,4/16/2014 5:45:00 AM,93881
4/17/2014 6:00:00 PM,4/17/2014 10:00:00 PM,4/16/2014 5:45:00 PM,85504
4/17/2014 7:00:00 AM,4/17/2014 11:00:00 AM,4/16/2014 5:45:00 AM,98236
4/17/2014 7:00:00 PM,4/17/2014 11:00:00 PM,4/16/2014 5:45:00 PM,88040
4/17/2014 8:00:00 AM,4/17/2014 12:00:00 PM,4/16/2014 9:45:00 AM,97263
4/17/2014 8:00:00 PM,4/18/2014 12:00:00 AM,4/16/2014 5:45:00 PM,91895
4/17/2014 9:00:00 AM,4/17/2014 1:00:00 PM,4/16/2014 9:45:00 AM,95204
4/17/2014 9:00:00 PM,4/18/2014 1:00:00 AM,4/16/2014 11:45:00 PM,90532
4/18/2014 10:00:00 AM,4/18/2014 2:00:00 PM,4/17/2014 9:45:00 AM,90841
4/18/2014 10:00:00 PM,4/19/2014 2:00:00 AM,4/17/2014 11:45:00 PM,80957
4/18/2014 11:00:00 AM,4/18/2014 3:00:00 PM,4/17/2014 11:45:00 AM,88809
4/18/2014 11:00:00 PM,4/19/2014 3:00:00 AM,4/17/2014 11:45:00 PM,76037
4/18/2014 12:00:00 AM,4/18/2014 4:00:00 AM,4/17/2014 5:45:00 AM,75971
4/18/2014 12:00:00 PM,4/18/2014 4:00:00 PM,4/17/2014 11:45:00 AM,87252
4/18/2014 1:00:00 AM,4/18/2014 5:00:00 AM,4/17/2014 5:45:00 AM,73922
4/18/2014 1:00:00 PM,4/18/2014 5:00:00 PM,4/17/2014 11:45:00 AM,85955
4/18/2014 2:00:00 AM,4/18/2014 6:00:00 AM,4/17/2014 5:45:00 AM,73150
4/18/2014 2:00:00 PM,4/18/2014 6:00:00 PM,4/17/2014 11:45:00 AM,84603
4/18/2014 3:00:00 AM,4/18/2014 7:00:00 AM,4/17/2014 5:45:00 AM,73321
4/18/2014 3:00:00 PM,4/18/2014 7:00:00 PM,4/17/2014 5:45:00 PM,83243
4/18/2014 4:00:00 AM,4/18/2014 8:00:00 AM,4/17/2014 5:45:00 AM,75186
4/18/2014 4:00:00 PM,4/18/2014 8:00:00 PM,4/17/2014 5:45:00 PM,82433
4/18/2014 5:00:00 AM,4/18/2014 9:00:00 AM,4/17/2014 5:45:00 AM,80252
4/18/2014 5:00:00 PM,4/18/2014 9:00:00 PM,4/17/2014 5:45:00 PM,81879
4/18/2014 6:00:00 AM,4/18/2014 10:00:00 AM,4/17/2014 5:45:00 AM,89106
4/18/2014 6:00:00 PM,4/18/2014 10:00:00 PM,4/17/2014 5:45:00 PM,81420
4/18/2014 7:00:00 AM,4/18/2014 11:00:00 AM,4/17/2014 5:45:00 AM,93753
4/18/2014 7:00:00 PM,4/18/2014 11:00:00 PM,4/17/2014 5:45:00 PM,82946
4/18/2014 8:00:00 AM,4/18/2014 12:00:00 PM,4/17/2014 9:45:00 AM,93722
4/18/2014 8:00:00 PM,4/19/2014 12:00:00 AM,4/17/2014 5:45:00 PM,86199
4/18/2014 9:00:00 AM,4/18/2014 1:00:00 PM,4/17/2014 9:45:00 AM,92229
4/18/2014 9:00:00 PM,4/19/2014 1:00:00 AM,4/17/2014 11:45:00 PM,84986
4/19/2014 10:00:00 AM,4/19/2014 2:00:00 PM,4/18/2014 9:45:00 AM,79907
4/19/2014 10:00:00 PM,4/20/2014 2:00:00 AM,4/18/2014 11:45:00 PM,74592
4/19/2014 11:00:00 AM,4/19/2014 3:00:00 PM,4/18/2014 11:45:00 AM,78324
4/19/2014 11:00:00 PM,4/20/2014 3:00:00 AM,4/18/2014 11:45:00 PM,70622
4/19/2014 12:00:00 AM,4/19/2014 4:00:00 AM,4/18/2014 5:45:00 AM,71828
4/19/2014 12:00:00 PM,4/19/2014 4:00:00 PM,4/18/2014 11:45:00 AM,76829
4/19/2014 1:00:00 AM,4/19/2014 5:00:00 AM,4/18/2014 5:45:00 AM,69381
4/19/2014 1:00:00 PM,4/19/2014 5:00:00 PM,4/18/2014 11:45:00 AM,75176
4/19/2014 2:00:00 AM,4/19/2014 6:00:00 AM,4/18/2014 5:45:00 AM,68088
4/19/2014 2:00:00 PM,4/19/2014 6:00:00 PM,4/18/2014 11:45:00 AM,73824
4/19/2014 3:00:00 AM,4/19/2014 7:00:00 AM,4/18/2014 5:45:00 AM,67649
4/19/2014 3:00:00 PM,4/19/2014 7:00:00 PM,4/18/2014 5:45:00 PM,72981
4/19/2014 4:00:00 AM,4/19/2014 8:00:00 AM,4/18/2014 5:45:00 AM,68134
4/19/2014 4:00:00 PM,4/19/2014 8:00:00 PM,4/18/2014 5:45:00 PM,72651
4/19/2014 5:00:00 AM,4/19/2014 9:00:00 AM,4/18/2014 5:45:00 AM,70040
4/19/2014 5:00:00 PM,4/19/2014 9:00:00 PM,4/18/2014 5:45:00 PM,73020
4/19/2014 6:00:00 AM,4/19/2014 10:00:00 AM,4/18/2014 5:45:00 AM,73066
4/19/2014 6:00:00 PM,4/19/2014 10:00:00 PM,4/18/2014 5:45:00 PM,73528
4/19/2014 7:00:00 AM,4/19/2014 11:00:00 AM,4/18/2014 5:45:00 AM,76033
4/19/2014 7:00:00 PM,4/19/2014 11:00:00 PM,4/18/2014 5:45:00 PM,75234
4/19/2014 8:00:00 AM,4/19/2014 12:00:00 PM,4/18/2014 9:45:00 AM,78801
4/19/2014 8:00:00 PM,4/20/2014 12:00:00 AM,4/18/2014 5:45:00 PM,78510
4/19/2014 9:00:00 AM,4/19/2014 1:00:00 PM,4/18/2014 9:45:00 AM,80014
4/19/2014 9:00:00 PM,4/20/2014 1:00:00 AM,4/18/2014 11:45:00 PM,77736
4/2/2014 10:00:00 AM,4/2/2014 2:00:00 PM,4/1/2014 9:45:00 AM,90948
4/2/2014 10:00:00 PM,4/3/2014 2:00:00 AM,4/1/2014 11:45:00 PM,83482
4/2/2014 11:00:00 AM,4/2/2014 3:00:00 PM,4/1/2014 11:45:00 AM,90218
4/2/2014 11:00:00 PM,4/3/2014 3:00:00 AM,4/1/2014 11:45:00 PM,77477
4/2/2014 12:00:00 AM,4/2/2014 4:00:00 AM,4/1/2014 5:45:00 AM,73089
4/2/2014 12:00:00 PM,4/2/2014 4:00:00 PM,4/1/2014 11:45:00 AM,89406
4/2/2014 1:00:00 AM,4/2/2014 5:00:00 AM,4/1/2014 5:45:00 AM,70618
4/2/2014 1:00:00 PM,4/2/2014 5:00:00 PM,4/1/2014 11:45:00 AM,88994
4/2/2014 2:00:00 AM,4/2/2014 6:00:00 AM,4/1/2014 5:45:00 AM,69466
4/2/2014 2:00:00 PM,4/2/2014 6:00:00 PM,4/1/2014 11:45:00 AM,88173
4/2/2014 3:00:00 AM,4/2/2014 7:00:00 AM,4/1/2014 5:45:00 AM,69405
4/2/2014 3:00:00 PM,4/2/2014 7:00:00 PM,4/1/2014 5:45:00 PM,87686
4/2/2014 4:00:00 AM,4/2/2014 8:00:00 AM,4/1/2014 5:45:00 AM,71015
4/2/2014 4:00:00 PM,4/2/2014 8:00:00 PM,4/1/2014 5:45:00 PM,87736
4/2/2014 5:00:00 AM,4/2/2014 9:00:00 AM,4/1/2014 5:45:00 AM,76192
4/2/2014 5:00:00 PM,4/2/2014 9:00:00 PM,4/1/2014 5:45:00 PM,88314
4/2/2014 6:00:00 AM,4/2/2014 10:00:00 AM,4/1/2014 5:45:00 AM,85708
4/2/2014 6:00:00 PM,4/2/2014 10:00:00 PM,4/1/2014 5:45:00 PM,88292
4/2/2014 7:00:00 AM,4/2/2014 11:00:00 AM,4/1/2014 5:45:00 AM,91474
4/2/2014 7:00:00 PM,4/2/2014 11:00:00 PM,4/1/2014 5:45:00 PM,90305
4/2/2014 8:00:00 AM,4/2/2014 12:00:00 PM,4/1/2014 9:45:00 AM,91807
4/2/2014 8:00:00 PM,4/3/2014 12:00:00 AM,4/1/2014 5:45:00 PM,92163
4/2/2014 9:00:00 AM,4/2/2014 1:00:00 PM,4/1/2014 9:45:00 AM,91292
4/2/2014 9:00:00 PM,4/3/2014 1:00:00 AM,4/1/2014 11:45:00 PM,89220
4/20/2014 10:00:00 AM,4/20/2014 2:00:00 PM,4/19/2014 9:45:00 AM,72943
4/20/2014 10:00:00 PM,4/21/2014 2:00:00 AM,4/19/2014 11:45:00 PM,73624
4/20/2014 11:00:00 AM,4/20/2014 3:00:00 PM,4/19/2014 11:45:00 AM,71755
4/20/2014 11:00:00 PM,4/21/2014 3:00:00 AM,4/19/2014 11:45:00 PM,68962
4/20/2014 12:00:00 AM,4/20/2014 4:00:00 AM,4/19/2014 5:45:00 AM,66702
4/20/2014 12:00:00 PM,4/20/2014 4:00:00 PM,4/19/2014 11:45:00 AM,71350
4/20/2014 1:00:00 AM,4/20/2014 5:00:00 AM,4/19/2014 5:45:00 AM,64372
4/20/2014 1:00:00 PM,4/20/2014 5:00:00 PM,4/19/2014 11:45:00 AM,70690
4/20/2014 2:00:00 AM,4/20/2014 6:00:00 AM,4/19/2014 5:45:00 AM,63131
4/20/2014 2:00:00 PM,4/20/2014 6:00:00 PM,4/19/2014 11:45:00 AM,70038
4/20/2014 3:00:00 AM,4/20/2014 7:00:00 AM,4/19/2014 5:45:00 AM,62697
4/20/2014 3:00:00 PM,4/20/2014 7:00:00 PM,4/19/2014 5:45:00 PM,69835
4/20/2014 4:00:00 AM,4/20/2014 8:00:00 AM,4/19/2014 5:45:00 AM,62901
4/20/2014 4:00:00 PM,4/20/2014 8:00:00 PM,4/19/2014 5:45:00 PM,70463
4/20/2014 5:00:00 AM,4/20/2014 9:00:00 AM,4/19/2014 5:45:00 AM,64193
4/20/2014 5:00:00 PM,4/20/2014 9:00:00 PM,4/19/2014 5:45:00 PM,71647
4/20/2014 6:00:00 AM,4/20/2014 10:00:00 AM,4/19/2014 5:45:00 AM,65920
4/20/2014 6:00:00 PM,4/20/2014 10:00:00 PM,4/19/2014 5:45:00 PM,72490
4/20/2014 7:00:00 AM,4/20/2014 11:00:00 AM,4/19/2014 5:45:00 AM,68245
4/20/2014 7:00:00 PM,4/20/2014 11:00:00 PM,4/19/2014 5:45:00 PM,74676
4/20/2014 8:00:00 AM,4/20/2014 12:00:00 PM,4/19/2014 9:45:00 AM,71126
4/20/2014 8:00:00 PM,4/21/2014 12:00:00 AM,4/19/2014 5:45:00 PM,78363
4/20/2014 9:00:00 AM,4/20/2014 1:00:00 PM,4/19/2014 9:45:00 AM,72745
4/20/2014 9:00:00 PM,4/21/2014 1:00:00 AM,4/19/2014 11:45:00 PM,77586
4/21/2014 10:00:00 AM,4/21/2014 2:00:00 PM,4/20/2014 9:45:00 AM,86982
4/21/2014 10:00:00 PM,4/22/2014 2:00:00 AM,4/20/2014 11:45:00 PM,79681
4/21/2014 11:00:00 AM,4/21/2014 3:00:00 PM,4/20/2014 11:45:00 AM,86945
4/21/2014 11:00:00 PM,4/22/2014 3:00:00 AM,4/20/2014 11:45:00 PM,73262
4/21/2014 12:00:00 AM,4/21/2014 4:00:00 AM,4/20/2014 5:45:00 AM,66743
4/21/2014 12:00:00 PM,4/21/2014 4:00:00 PM,4/20/2014 11:45:00 AM,86530
4/21/2014 1:00:00 AM,4/21/2014 5:00:00 AM,4/20/2014 5:45:00 AM,64875
4/21/2014 1:00:00 PM,4/21/2014 5:00:00 PM,4/20/2014 11:45:00 AM,86251
4/21/2014 2:00:00 AM,4/21/2014 6:00:00 AM,4/20/2014 5:45:00 AM,64179
4/21/2014 2:00:00 PM,4/21/2014 6:00:00 PM,4/20/2014 11:45:00 AM,85542
4/21/2014 3:00:00 AM,4/21/2014 7:00:00 AM,4/20/2014 5:45:00 AM,64449
4/21/2014 3:00:00 PM,4/21/2014 7:00:00 PM,4/20/2014 5:45:00 PM,83770
4/21/2014 4:00:00 AM,4/21/2014 8:00:00 AM,4/20/2014 5:45:00 AM,66389
4/21/2014 4:00:00 PM,4/21/2014 8:00:00 PM,4/20/2014 5:45:00 PM,83709
4/21/2014 5:00:00 AM,4/21/2014 9:00:00 AM,4/20/2014 5:45:00 AM,71728
4/21/2014 5:00:00 PM,4/21/2014 9:00:00 PM,4/20/2014 5:45:00 PM,84076
4/21/2014 6:00:00 AM,4/21/2014 10:00:00 AM,4/20/2014 5:45:00 AM,80633
4/21/2014 6:00:00 PM,4/21/2014 10:00:00 PM,4/20/2014 5:45:00 PM,83762
4/21/2014 7:00:00 AM,4/21/2014 11:00:00 AM,4/20/2014 5:45:00 AM,85899
4/21/2014 7:00:00 PM,4/21/2014 11:00:00 PM,4/20/2014 5:45:00 PM,84739
4/21/2014 8:00:00 AM,4/21/2014 12:00:00 PM,4/20/2014 9:45:00 AM,87038
4/21/2014 8:00:00 PM,4/22/2014 12:00:00 AM,4/20/2014 5:45:00 PM,87826
4/21/2014 9:00:00 AM,4/21/2014 1:00:00 PM,4/20/2014 9:45:00 AM,86916
4/21/2014 9:00:00 PM,4/22/2014 1:00:00 AM,4/20/2014 11:45:00 PM,85497
4/22/2014 10:00:00 AM,4/22/2014 2:00:00 PM,4/21/2014 9:45:00 AM,85326
4/22/2014 10:00:00 PM,4/23/2014 2:00:00 AM,4/21/2014 11:45:00 PM,80243
4/22/2014 11:00:00 AM,4/22/2014 3:00:00 PM,4/21/2014 11:45:00 AM,86477
4/22/2014 11:00:00 PM,4/23/2014 3:00:00 AM,4/21/2014 11:45:00 PM,74181
4/22/2014 12:00:00 AM,4/22/2014 4:00:00 AM,4/21/2014 5:45:00 AM,68412
4/22/2014 12:00:00 PM,4/22/2014 4:00:00 PM,4/21/2014 11:45:00 AM,86307
4/22/2014 1:00:00 AM,4/22/2014 5:00:00 AM,4/21/2014 5:45:00 AM,65859
4/22/2014 1:00:00 PM,4/22/2014 5:00:00 PM,4/21/2014 11:45:00 AM,86306
4/22/2014 2:00:00 AM,4/22/2014 6:00:00 AM,4/21/2014 5:45:00 AM,64527
4/22/2014 2:00:00 PM,4/22/2014 6:00:00 PM,4/21/2014 11:45:00 AM,85837
4/22/2014 3:00:00 AM,4/22/2014 7:00:00 AM,4/21/2014 5:45:00 AM,64255
4/22/2014 3:00:00 PM,4/22/2014 7:00:00 PM,4/21/2014 5:45:00 PM,85231
4/22/2014 4:00:00 AM,4/22/2014 8:00:00 AM,4/21/2014 5:45:00 AM,65608
4/22/2014 4:00:00 PM,4/22/2014 8:00:00 PM,4/21/2014 5:45:00 PM,85192
4/22/2014 5:00:00 AM,4/22/2014 9:00:00 AM,4/21/2014 5:45:00 AM,70257
4/22/2014 5:00:00 PM,4/22/2014 9:00:00 PM,4/21/2014 5:45:00 PM,85374
4/22/2014 6:00:00 AM,4/22/2014 10:00:00 AM,4/21/2014 5:45:00 AM,78492
4/22/2014 6:00:00 PM,4/22/2014 10:00:00 PM,4/21/2014 5:45:00 PM,84729
4/22/2014 7:00:00 AM,4/22/2014 11:00:00 AM,4/21/2014 5:45:00 AM,83527
4/22/2014 7:00:00 PM,4/22/2014 11:00:00 PM,4/21/2014 5:45:00 PM,85627
4/22/2014 8:00:00 AM,4/22/2014 12:00:00 PM,4/21/2014 9:45:00 AM,83984
4/22/2014 8:00:00 PM,4/23/2014 12:00:00 AM,4/21/2014 5:45:00 PM,88213
4/22/2014 9:00:00 AM,4/22/2014 1:00:00 PM,4/21/2014 9:45:00 AM,84623
4/22/2014 9:00:00 PM,4/23/2014 1:00:00 AM,4/21/2014 11:45:00 PM,85961
4/23/2014 10:00:00 AM,4/23/2014 2:00:00 PM,4/22/2014 9:45:00 AM,87839
4/23/2014 10:00:00 PM,4/24/2014 2:00:00 AM,4/22/2014 11:45:00 PM,81762
4/23/2014 11:00:00 AM,4/23/2014 3:00:00 PM,4/22/2014 11:45:00 AM,87754
4/23/2014 11:00:00 PM,4/24/2014 3:00:00 AM,4/22/2014 11:45:00 PM,75914
4/23/2014 12:00:00 AM,4/23/2014 4:00:00 AM,4/22/2014 5:45:00 AM,69605
4/23/2014 12:00:00 PM,4/23/2014 4:00:00 PM,4/22/2014 11:45:00 AM,86984
4/23/2014 1:00:00 AM,4/23/2014 5:00:00 AM,4/22/2014 5:45:00 AM,67158
4/23/2014 1:00:00 PM,4/23/2014 5:00:00 PM,4/22/2014 11:45:00 AM,86444
4/23/2014 2:00:00 AM,4/23/2014 6:00:00 AM,4/22/2014 5:45:00 AM,66073
4/23/2014 2:00:00 PM,4/23/2014 6:00:00 PM,4/22/2014 11:45:00 AM,85591
4/23/2014 3:00:00 AM,4/23/2014 7:00:00 AM,4/22/2014 5:45:00 AM,65908
4/23/2014 3:00:00 PM,4/23/2014 7:00:00 PM,4/22/2014 5:45:00 PM,84874
4/23/2014 4:00:00 AM,4/23/2014 8:00:00 AM,4/22/2014 5:45:00 AM,67439
4/23/2014 4:00:00 PM,4/23/2014 8:00:00 PM,4/22/2014 5:45:00 PM,84699
4/23/2014 5:00:00 AM,4/23/2014 9:00:00 AM,4/22/2014 5:45:00 AM,72281
4/23/2014 5:00:00 PM,4/23/2014 9:00:00 PM,4/22/2014 5:45:00 PM,85035
4/23/2014 6:00:00 AM,4/23/2014 10:00:00 AM,4/22/2014 5:45:00 AM,81090
4/23/2014 6:00:00 PM,4/23/2014 10:00:00 PM,4/22/2014 5:45:00 PM,85437
4/23/2014 7:00:00 AM,4/23/2014 11:00:00 AM,4/22/2014 5:45:00 AM,86168
4/23/2014 7:00:00 PM,4/23/2014 11:00:00 PM,4/22/2014 5:45:00 PM,86602
4/23/2014 8:00:00 AM,4/23/2014 12:00:00 PM,4/22/2014 9:45:00 AM,87860
4/23/2014 8:00:00 PM,4/24/2014 12:00:00 AM,4/22/2014 5:45:00 PM,89632
4/23/2014 9:00:00 AM,4/23/2014 1:00:00 PM,4/22/2014 9:45:00 AM,87945
4/23/2014 9:00:00 PM,4/24/2014 1:00:00 AM,4/22/2014 11:45:00 PM,87094
4/24/2014 10:00:00 AM,4/24/2014 2:00:00 PM,4/23/2014 9:45:00 AM,87064
4/24/2014 10:00:00 PM,4/25/2014 2:00:00 AM,4/23/2014 11:45:00 PM,80241
4/24/2014 11:00:00 AM,4/24/2014 3:00:00 PM,4/23/2014 11:45:00 AM,86912
4/24/2014 11:00:00 PM,4/25/2014 3:00:00 AM,4/23/2014 11:45:00 PM,74282
4/24/2014 12:00:00 AM,4/24/2014 4:00:00 AM,4/23/2014 5:45:00 AM,71244
4/24/2014 12:00:00 PM,4/24/2014 4:00:00 PM,4/23/2014 11:45:00 AM,85839
4/24/2014 1:00:00 AM,4/24/2014 5:00:00 AM,4/23/2014 5:45:00 AM,69026
4/24/2014 1:00:00 PM,4/24/2014 5:00:00 PM,4/23/2014 11:45:00 AM,85126
4/24/2014 2:00:00 AM,4/24/2014 6:00:00 AM,4/23/2014 5:45:00 AM,68217
4/24/2014 2:00:00 PM,4/24/2014 6:00:00 PM,4/23/2014 11:45:00 AM,84334
4/24/2014 3:00:00 AM,4/24/2014 7:00:00 AM,4/23/2014 5:45:00 AM,68328
4/24/2014 3:00:00 PM,4/24/2014 7:00:00 PM,4/23/2014 5:45:00 PM,83432
4/24/2014 4:00:00 AM,4/24/2014 8:00:00 AM,4/23/2014 5:45:00 AM,70132
4/24/2014 4:00:00 PM,4/24/2014 8:00:00 PM,4/23/2014 5:45:00 PM,82909
4/24/2014 5:00:00 AM,4/24/2014 9:00:00 AM,4/23/2014 5:45:00 AM,75253
4/24/2014 5:00:00 PM,4/24/2014 9:00:00 PM,4/23/2014 5:45:00 PM,82602
4/24/2014 6:00:00 AM,4/24/2014 10:00:00 AM,4/23/2014 5:45:00 AM,83866
4/24/2014 6:00:00 PM,4/24/2014 10:00:00 PM,4/23/2014 5:45:00 PM,82399
4/24/2014 7:00:00 AM,4/24/2014 11:00:00 AM,4/23/2014 5:45:00 AM,88385
4/24/2014 7:00:00 PM,4/24/2014 11:00:00 PM,4/23/2014 5:45:00 PM,83455
4/24/2014 8:00:00 AM,4/24/2014 12:00:00 PM,4/23/2014 9:45:00 AM,88666
4/24/2014 8:00:00 PM,4/25/2014 12:00:00 AM,4/23/2014 5:45:00 PM,87169
4/24/2014 9:00:00 AM,4/24/2014 1:00:00 PM,4/23/2014 9:45:00 AM,87767
4/24/2014 9:00:00 PM,4/25/2014 1:00:00 AM,4/23/2014 11:45:00 PM,85546
4/25/2014 10:00:00 AM,4/25/2014 2:00:00 PM,4/24/2014 9:45:00 AM,86278
4/25/2014 10:00:00 PM,4/26/2014 2:00:00 AM,4/24/2014 11:45:00 PM,78122
4/25/2014 11:00:00 AM,4/25/2014 3:00:00 PM,4/24/2014 11:45:00 AM,85622
4/25/2014 11:00:00 PM,4/26/2014 3:00:00 AM,4/24/2014 11:45:00 PM,72886
4/25/2014 12:00:00 AM,4/25/2014 4:00:00 AM,4/24/2014 5:45:00 AM,69770
4/25/2014 12:00:00 PM,4/25/2014 4:00:00 PM,4/24/2014 11:45:00 AM,84838
4/25/2014 1:00:00 AM,4/25/2014 5:00:00 AM,4/24/2014 5:45:00 AM,67468
4/25/2014 1:00:00 PM,4/25/2014 5:00:00 PM,4/24/2014 11:45:00 AM,84245
4/25/2014 2:00:00 AM,4/25/2014 6:00:00 AM,4/24/2014 5:45:00 AM,66360
4/25/2014 2:00:00 PM,4/25/2014 6:00:00 PM,4/24/2014 11:45:00 AM,83306
4/25/2014 3:00:00 AM,4/25/2014 7:00:00 AM,4/24/2014 5:45:00 AM,66306
4/25/2014 3:00:00 PM,4/25/2014 7:00:00 PM,4/24/2014 5:45:00 PM,82307
4/25/2014 4:00:00 AM,4/25/2014 8:00:00 AM,4/24/2014 5:45:00 AM,67765
4/25/2014 4:00:00 PM,4/25/2014 8:00:00 PM,4/24/2014 5:45:00 PM,81909
4/25/2014 5:00:00 AM,4/25/2014 9:00:00 AM,4/24/2014 5:45:00 AM,72404
4/25/2014 5:00:00 PM,4/25/2014 9:00:00 PM,4/24/2014 5:45:00 PM,81767
4/25/2014 6:00:00 AM,4/25/2014 10:00:00 AM,4/24/2014 5:45:00 AM,80352
4/25/2014 6:00:00 PM,4/25/2014 10:00:00 PM,4/24/2014 5:45:00 PM,80726
4/25/2014 7:00:00 AM,4/25/2014 11:00:00 AM,4/24/2014 5:45:00 AM,85010
4/25/2014 7:00:00 PM,4/25/2014 11:00:00 PM,4/24/2014 5:45:00 PM,81210
4/25/2014 8:00:00 AM,4/25/2014 12:00:00 PM,4/24/2014 9:45:00 AM,86494
4/25/2014 8:00:00 PM,4/26/2014 12:00:00 AM,4/24/2014 5:45:00 PM,83678
4/25/2014 9:00:00 AM,4/25/2014 1:00:00 PM,4/24/2014 9:45:00 AM,86419
4/25/2014 9:00:00 PM,4/26/2014 1:00:00 AM,4/24/2014 11:45:00 PM,82360
4/26/2014 10:00:00 AM,4/26/2014 2:00:00 PM,4/25/2014 9:45:00 AM,77081
4/26/2014 10:00:00 PM,4/27/2014 2:00:00 AM,4/25/2014 11:45:00 PM,74146
4/26/2014 11:00:00 AM,4/26/2014 3:00:00 PM,4/25/2014 11:45:00 AM,76875
4/26/2014 11:00:00 PM,4/27/2014 3:00:00 AM,4/25/2014 11:45:00 PM,69745
4/26/2014 12:00:00 AM,4/26/2014 4:00:00 AM,4/25/2014 5:45:00 AM,67921
4/26/2014 12:00:00 PM,4/26/2014 4:00:00 PM,4/25/2014 11:45:00 AM,76227
4/26/2014 1:00:00 AM,4/26/2014 5:00:00 AM,4/25/2014 5:45:00 AM,65238
4/26/2014 1:00:00 PM,4/26/2014 5:00:00 PM,4/25/2014 11:45:00 AM,75361
4/26/2014 2:00:00 AM,4/26/2014 6:00:00 AM,4/25/2014 5:45:00 AM,63675
4/26/2014 2:00:00 PM,4/26/2014 6:00:00 PM,4/25/2014 11:45:00 AM,74610
4/26/2014 3:00:00 AM,4/26/2014 7:00:00 AM,4/25/2014 5:45:00 AM,63041
4/26/2014 3:00:00 PM,4/26/2014 7:00:00 PM,4/25/2014 5:45:00 PM,74305
4/26/2014 4:00:00 AM,4/26/2014 8:00:00 AM,4/25/2014 5:45:00 AM,63300
4/26/2014 4:00:00 PM,4/26/2014 8:00:00 PM,4/25/2014 5:45:00 PM,74505
4/26/2014 5:00:00 AM,4/26/2014 9:00:00 AM,4/25/2014 5:45:00 AM,64858
4/26/2014 5:00:00 PM,4/26/2014 9:00:00 PM,4/25/2014 5:45:00 PM,74989
4/26/2014 6:00:00 AM,4/26/2014 10:00:00 AM,4/25/2014 5:45:00 AM,67362
4/26/2014 6:00:00 PM,4/26/2014 10:00:00 PM,4/25/2014 5:45:00 PM,75053
4/26/2014 7:00:00 AM,4/26/2014 11:00:00 AM,4/25/2014 5:45:00 AM,70237
4/26/2014 7:00:00 PM,4/26/2014 11:00:00 PM,4/25/2014 5:45:00 PM,76047
4/26/2014 8:00:00 AM,4/26/2014 12:00:00 PM,4/25/2014 9:45:00 AM,74014
4/26/2014 8:00:00 PM,4/27/2014 12:00:00 AM,4/25/2014 5:45:00 PM,78613
4/26/2014 9:00:00 AM,4/26/2014 1:00:00 PM,4/25/2014 9:45:00 AM,76183
4/26/2014 9:00:00 PM,4/27/2014 1:00:00 AM,4/25/2014 11:45:00 PM,77679
4/27/2014 10:00:00 AM,4/27/2014 2:00:00 PM,4/26/2014 9:45:00 AM,72405
4/27/2014 10:00:00 PM,4/28/2014 2:00:00 AM,4/26/2014 11:45:00 PM,73865
4/27/2014 11:00:00 AM,4/27/2014 3:00:00 PM,4/26/2014 11:45:00 AM,72551
4/27/2014 11:00:00 PM,4/28/2014 3:00:00 AM,4/26/2014 11:45:00 PM,69097
4/27/2014 12:00:00 AM,4/27/2014 4:00:00 AM,4/26/2014 5:45:00 AM,65552
4/27/2014 12:00:00 PM,4/27/2014 4:00:00 PM,4/26/2014 11:45:00 AM,72252
4/27/2014 1:00:00 AM,4/27/2014 5:00:00 AM,4/26/2014 5:45:00 AM,63048
4/27/2014 1:00:00 PM,4/27/2014 5:00:00 PM,4/26/2014 11:45:00 AM,71719
4/27/2014 2:00:00 AM,4/27/2014 6:00:00 AM,4/26/2014 5:45:00 AM,61651
4/27/2014 2:00:00 PM,4/27/2014 6:00:00 PM,4/26/2014 11:45:00 AM,71155
4/27/2014 3:00:00 AM,4/27/2014 7:00:00 AM,4/26/2014 5:45:00 AM,61086
4/27/2014 3:00:00 PM,4/27/2014 7:00:00 PM,4/26/2014 5:45:00 PM,70955
4/27/2014 4:00:00 AM,4/27/2014 8:00:00 AM,4/26/2014 5:45:00 AM,61181
4/27/2014 4:00:00 PM,4/27/2014 8:00:00 PM,4/26/2014 5:45:00 PM,71393
4/27/2014 5:00:00 AM,4/27/2014 9:00:00 AM,4/26/2014 5:45:00 AM,62298
4/27/2014 5:00:00 PM,4/27/2014 9:00:00 PM,4/26/2014 5:45:00 PM,72252
4/27/2014 6:00:00 AM,4/27/2014 10:00:00 AM,4/26/2014 5:45:00 AM,63865
4/27/2014 6:00:00 PM,4/27/2014 10:00:00 PM,4/26/2014 5:45:00 PM,73184
4/27/2014 7:00:00 AM,4/27/2014 11:00:00 AM,4/26/2014 5:45:00 AM,66222
4/27/2014 7:00:00 PM,4/27/2014 11:00:00 PM,4/26/2014 5:45:00 PM,75290
4/27/2014 8:00:00 AM,4/27/2014 12:00:00 PM,4/26/2014 9:45:00 AM,69517
4/27/2014 8:00:00 PM,4/28/2014 12:00:00 AM,4/26/2014 5:45:00 PM,78978
4/27/2014 9:00:00 AM,4/27/2014 1:00:00 PM,4/26/2014 9:45:00 AM,71701
4/27/2014 9:00:00 PM,4/28/2014 1:00:00 AM,4/26/2014 11:45:00 PM,78000
4/28/2014 10:00:00 AM,4/28/2014 2:00:00 PM,4/27/2014 9:45:00 AM,86803
4/28/2014 10:00:00 PM,4/29/2014 2:00:00 AM,4/27/2014 11:45:00 PM,80355
4/28/2014 11:00:00 AM,4/28/2014 3:00:00 PM,4/27/2014 11:45:00 AM,86875
4/28/2014 11:00:00 PM,4/29/2014 3:00:00 AM,4/27/2014 11:45:00 PM,74030
4/28/2014 12:00:00 AM,4/28/2014 4:00:00 AM,4/27/2014 5:45:00 AM,65646
4/28/2014 12:00:00 PM,4/28/2014 4:00:00 PM,4/27/2014 11:45:00 AM,86658
4/28/2014 1:00:00 AM,4/28/2014 5:00:00 AM,4/27/2014 5:45:00 AM,63610
4/28/2014 1:00:00 PM,4/28/2014 5:00:00 PM,4/27/2014 11:45:00 AM,86344
4/28/2014 2:00:00 AM,4/28/2014 6:00:00 AM,4/27/2014 5:45:00 AM,62754
4/28/2014 2:00:00 PM,4/28/2014 6:00:00 PM,4/27/2014 11:45:00 AM,85885
4/28/2014 3:00:00 AM,4/28/2014 7:00:00 AM,4/27/2014 5:45:00 AM,62834
4/28/2014 3:00:00 PM,4/28/2014 7:00:00 PM,4/27/2014 5:45:00 PM,85400
4/28/2014 4:00:00 AM,4/28/2014 8:00:00 AM,4/27/2014 5:45:00 AM,64553
4/28/2014 4:00:00 PM,4/28/2014 8:00:00 PM,4/27/2014 5:45:00 PM,85334
4/28/2014 5:00:00 AM,4/28/2014 9:00:00 AM,4/27/2014 5:45:00 AM,69485
4/28/2014 5:00:00 PM,4/28/2014 9:00:00 PM,4/27/2014 5:45:00 PM,85555
4/28/2014 6:00:00 AM,4/28/2014 10:00:00 AM,4/27/2014 5:45:00 AM,77950
4/28/2014 6:00:00 PM,4/28/2014 10:00:00 PM,4/27/2014 5:45:00 PM,85257
4/28/2014 7:00:00 AM,4/28/2014 11:00:00 AM,4/27/2014 5:45:00 AM,83372
4/28/2014 7:00:00 PM,4/28/2014 11:00:00 PM,4/27/2014 5:45:00 PM,86071
4/28/2014 8:00:00 AM,4/28/2014 12:00:00 PM,4/27/2014 9:45:00 AM,85497
4/28/2014 8:00:00 PM,4/29/2014 12:00:00 AM,4/27/2014 5:45:00 PM,88627
4/28/2014 9:00:00 AM,4/28/2014 1:00:00 PM,4/27/2014 9:45:00 AM,86201
4/28/2014 9:00:00 PM,4/29/2014 1:00:00 AM,4/27/2014 11:45:00 PM,86377
4/29/2014 10:00:00 AM,4/29/2014 2:00:00 PM,4/28/2014 9:45:00 AM,87585
4/29/2014 10:00:00 PM,4/30/2014 2:00:00 AM,4/28/2014 11:45:00 PM,82415
4/29/2014 11:00:00 AM,4/29/2014 3:00:00 PM,4/28/2014 11:45:00 AM,88230
4/29/2014 11:00:00 PM,4/30/2014 3:00:00 AM,4/28/2014 11:45:00 PM,75925
4/29/2014 12:00:00 AM,4/29/2014 4:00:00 AM,4/28/2014 5:45:00 AM,68916
4/29/2014 12:00:00 PM,4/29/2014 4:00:00 PM,4/28/2014 11:45:00 AM,88299
4/29/2014 1:00:00 AM,4/29/2014 5:00:00 AM,4/28/2014 5:45:00 AM,66282
4/29/2014 1:00:00 PM,4/29/2014 5:00:00 PM,4/28/2014 11:45:00 AM,88261
4/29/2014 2:00:00 AM,4/29/2014 6:00:00 AM,4/28/2014 5:45:00 AM,64962
4/29/2014 2:00:00 PM,4/29/2014 6:00:00 PM,4/28/2014 11:45:00 AM,88081
4/29/2014 3:00:00 AM,4/29/2014 7:00:00 AM,4/28/2014 5:45:00 AM,64587
4/29/2014 3:00:00 PM,4/29/2014 7:00:00 PM,4/28/2014 5:45:00 PM,87720
4/29/2014 4:00:00 AM,4/29/2014 8:00:00 AM,4/28/2014 5:45:00 AM,65872
4/29/2014 4:00:00 PM,4/29/2014 8:00:00 PM,4/28/2014 5:45:00 PM,87969
4/29/2014 5:00:00 AM,4/29/2014 9:00:00 AM,4/28/2014 5:45:00 AM,70402
4/29/2014 5:00:00 PM,4/29/2014 9:00:00 PM,4/28/2014 5:45:00 PM,88163
4/29/2014 6:00:00 AM,4/29/2014 10:00:00 AM,4/28/2014 5:45:00 AM,78741
4/29/2014 6:00:00 PM,4/29/2014 10:00:00 PM,4/28/2014 5:45:00 PM,87635
4/29/2014 7:00:00 AM,4/29/2014 11:00:00 AM,4/28/2014 5:45:00 AM,83948
4/29/2014 7:00:00 PM,4/29/2014 11:00:00 PM,4/28/2014 5:45:00 PM,88439
4/29/2014 8:00:00 AM,4/29/2014 12:00:00 PM,4/28/2014 9:45:00 AM,85706
4/29/2014 8:00:00 PM,4/30/2014 12:00:00 AM,4/28/2014 5:45:00 PM,90481
4/29/2014 9:00:00 AM,4/29/2014 1:00:00 PM,4/28/2014 9:45:00 AM,86667
4/29/2014 9:00:00 PM,4/30/2014 1:00:00 AM,4/28/2014 11:45:00 PM,88268
4/3/2014 10:00:00 AM,4/3/2014 2:00:00 PM,4/2/2014 9:45:00 AM,91179
4/3/2014 10:00:00 PM,4/4/2014 2:00:00 AM,4/2/2014 11:45:00 PM,83879
4/3/2014 11:00:00 AM,4/3/2014 3:00:00 PM,4/2/2014 11:45:00 AM,90980
4/3/2014 11:00:00 PM,4/4/2014 3:00:00 AM,4/2/2014 11:45:00 PM,77841
4/3/2014 12:00:00 AM,4/3/2014 4:00:00 AM,4/2/2014 5:45:00 AM,72626
4/3/2014 12:00:00 PM,4/3/2014 4:00:00 PM,4/2/2014 11:45:00 AM,90396
4/3/2014 1:00:00 AM,4/3/2014 5:00:00 AM,4/2/2014 5:45:00 AM,69968
4/3/2014 1:00:00 PM,4/3/2014 5:00:00 PM,4/2/2014 11:45:00 AM,89976
4/3/2014 2:00:00 AM,4/3/2014 6:00:00 AM,4/2/2014 5:45:00 AM,68634
4/3/2014 2:00:00 PM,4/3/2014 6:00:00 PM,4/2/2014 11:45:00 AM,89250
4/3/2014 3:00:00 AM,4/3/2014 7:00:00 AM,4/2/2014 5:45:00 AM,68308
4/3/2014 3:00:00 PM,4/3/2014 7:00:00 PM,4/2/2014 5:45:00 PM,88385
4/3/2014 4:00:00 AM,4/3/2014 8:00:00 AM,4/2/2014 5:45:00 AM,69687
4/3/2014 4:00:00 PM,4/3/2014 8:00:00 PM,4/2/2014 5:45:00 PM,88113
4/3/2014 5:00:00 AM,4/3/2014 9:00:00 AM,4/2/2014 5:45:00 AM,74436
4/3/2014 5:00:00 PM,4/3/2014 9:00:00 PM,4/2/2014 5:45:00 PM,88172
4/3/2014 6:00:00 AM,4/3/2014 10:00:00 AM,4/2/2014 5:45:00 AM,83533
4/3/2014 6:00:00 PM,4/3/2014 10:00:00 PM,4/2/2014 5:45:00 PM,88541
4/3/2014 7:00:00 AM,4/3/2014 11:00:00 AM,4/2/2014 5:45:00 AM,89377
4/3/2014 7:00:00 PM,4/3/2014 11:00:00 PM,4/2/2014 5:45:00 PM,90881
4/3/2014 8:00:00 AM,4/3/2014 12:00:00 PM,4/2/2014 9:45:00 AM,90437
4/3/2014 8:00:00 PM,4/4/2014 12:00:00 AM,4/2/2014 5:45:00 PM,92184
4/3/2014 9:00:00 AM,4/3/2014 1:00:00 PM,4/2/2014 9:45:00 AM,90753
4/3/2014 9:00:00 PM,4/4/2014 1:00:00 AM,4/2/2014 11:45:00 PM,89448
4/30/2014 10:00:00 AM,4/30/2014 2:00:00 PM,4/29/2014 9:45:00 AM,87873
4/30/2014 10:00:00 PM,5/1/2014 2:00:00 AM,4/29/2014 11:45:00 PM,82010
4/30/2014 11:00:00 AM,4/30/2014 3:00:00 PM,4/29/2014 11:45:00 AM,89039
4/30/2014 11:00:00 PM,5/1/2014 3:00:00 AM,4/29/2014 11:45:00 PM,75636
4/30/2014 12:00:00 AM,4/30/2014 4:00:00 AM,4/29/2014 5:45:00 AM,70179
4/30/2014 12:00:00 PM,4/30/2014 4:00:00 PM,4/29/2014 11:45:00 AM,89019
4/30/2014 1:00:00 AM,4/30/2014 5:00:00 AM,4/29/2014 5:45:00 AM,67425
4/30/2014 1:00:00 PM,4/30/2014 5:00:00 PM,4/29/2014 11:45:00 AM,89236
4/30/2014 2:00:00 AM,4/30/2014 6:00:00 AM,4/29/2014 5:45:00 AM,65918
4/30/2014 2:00:00 PM,4/30/2014 6:00:00 PM,4/29/2014 11:45:00 AM,88734
4/30/2014 3:00:00 AM,4/30/2014 7:00:00 AM,4/29/2014 5:45:00 AM,65449
4/30/2014 3:00:00 PM,4/30/2014 7:00:00 PM,4/29/2014 5:45:00 PM,88521
4/30/2014 4:00:00 AM,4/30/2014 8:00:00 AM,4/29/2014 5:45:00 AM,66581
4/30/2014 4:00:00 PM,4/30/2014 8:00:00 PM,4/29/2014 5:45:00 PM,88317
4/30/2014 5:00:00 AM,4/30/2014 9:00:00 AM,4/29/2014 5:45:00 AM,70988
4/30/2014 5:00:00 PM,4/30/2014 9:00:00 PM,4/29/2014 5:45:00 PM,88449
4/30/2014 6:00:00 AM,4/30/2014 10:00:00 AM,4/29/2014 5:45:00 AM,79125
4/30/2014 6:00:00 PM,4/30/2014 10:00:00 PM,4/29/2014 5:45:00 PM,87897
4/30/2014 7:00:00 AM,4/30/2014 11:00:00 AM,4/29/2014 5:45:00 AM,84332
4/30/2014 7:00:00 PM,4/30/2014 11:00:00 PM,4/29/2014 5:45:00 PM,88276
4/30/2014 8:00:00 AM,4/30/2014 12:00:00 PM,4/29/2014 9:45:00 AM,85847
4/30/2014 8:00:00 PM,5/1/2014 12:00:00 AM,4/29/2014 5:45:00 PM,90531
4/30/2014 9:00:00 AM,4/30/2014 1:00:00 PM,4/29/2014 9:45:00 AM,86895
4/30/2014 9:00:00 PM,5/1/2014 1:00:00 AM,4/29/2014 11:45:00 PM,88409
4/4/2014 10:00:00 AM,4/4/2014 2:00:00 PM,4/3/2014 9:45:00 AM,91270
4/4/2014 10:00:00 PM,4/5/2014 2:00:00 AM,4/3/2014 11:45:00 PM,81950
4/4/2014 11:00:00 AM,4/4/2014 3:00:00 PM,4/3/2014 11:45:00 AM,89767
4/4/2014 11:00:00 PM,4/5/2014 3:00:00 AM,4/3/2014 11:45:00 PM,76763
4/4/2014 12:00:00 AM,4/4/2014 4:00:00 AM,4/3/2014 5:45:00 AM,73026
4/4/2014 12:00:00 PM,4/4/2014 4:00:00 PM,4/3/2014 11:45:00 AM,89343
4/4/2014 1:00:00 AM,4/4/2014 5:00:00 AM,4/3/2014 5:45:00 AM,70254
4/4/2014 1:00:00 PM,4/4/2014 5:00:00 PM,4/3/2014 11:45:00 AM,88835
4/4/2014 2:00:00 AM,4/4/2014 6:00:00 AM,4/3/2014 5:45:00 AM,68808
4/4/2014 2:00:00 PM,4/4/2014 6:00:00 PM,4/3/2014 11:45:00 AM,88053
4/4/2014 3:00:00 AM,4/4/2014 7:00:00 AM,4/3/2014 5:45:00 AM,68428
4/4/2014 3:00:00 PM,4/4/2014 7:00:00 PM,4/3/2014 5:45:00 PM,87710
4/4/2014 4:00:00 AM,4/4/2014 8:00:00 AM,4/3/2014 5:45:00 AM,69727
4/4/2014 4:00:00 PM,4/4/2014 8:00:00 PM,4/3/2014 5:45:00 PM,87332
4/4/2014 5:00:00 AM,4/4/2014 9:00:00 AM,4/3/2014 5:45:00 AM,74257
4/4/2014 5:00:00 PM,4/4/2014 9:00:00 PM,4/3/2014 5:45:00 PM,87122
4/4/2014 6:00:00 AM,4/4/2014 10:00:00 AM,4/3/2014 5:45:00 AM,83150
4/4/2014 6:00:00 PM,4/4/2014 10:00:00 PM,4/3/2014 5:45:00 PM,87138
4/4/2014 7:00:00 AM,4/4/2014 11:00:00 AM,4/3/2014 5:45:00 AM,89182
4/4/2014 7:00:00 PM,4/4/2014 11:00:00 PM,4/3/2014 5:45:00 PM,88567
4/4/2014 8:00:00 AM,4/4/2014 12:00:00 PM,4/3/2014 9:45:00 AM,90405
4/4/2014 8:00:00 PM,4/5/2014 12:00:00 AM,4/3/2014 5:45:00 PM,88766
4/4/2014 9:00:00 AM,4/4/2014 1:00:00 PM,4/3/2014 9:45:00 AM,90839
4/4/2014 9:00:00 PM,4/5/2014 1:00:00 AM,4/3/2014 11:45:00 PM,86308
4/5/2014 10:00:00 AM,4/5/2014 2:00:00 PM,4/4/2014 9:45:00 AM,82974
4/5/2014 10:00:00 PM,4/6/2014 2:00:00 AM,4/4/2014 11:45:00 PM,79122
4/5/2014 11:00:00 AM,4/5/2014 3:00:00 PM,4/4/2014 11:45:00 AM,82075
4/5/2014 11:00:00 PM,4/6/2014 3:00:00 AM,4/4/2014 11:45:00 PM,74974
4/5/2014 12:00:00 AM,4/5/2014 4:00:00 AM,4/4/2014 5:45:00 AM,72611
4/5/2014 12:00:00 PM,4/5/2014 4:00:00 PM,4/4/2014 11:45:00 AM,80616
4/5/2014 1:00:00 AM,4/5/2014 5:00:00 AM,4/4/2014 5:45:00 AM,69831
4/5/2014 1:00:00 PM,4/5/2014 5:00:00 PM,4/4/2014 11:45:00 AM,79018
4/5/2014 2:00:00 AM,4/5/2014 6:00:00 AM,4/4/2014 5:45:00 AM,68242
4/5/2014 2:00:00 PM,4/5/2014 6:00:00 PM,4/4/2014 11:45:00 AM,77581
4/5/2014 3:00:00 AM,4/5/2014 7:00:00 AM,4/4/2014 5:45:00 AM,67597
4/5/2014 3:00:00 PM,4/5/2014 7:00:00 PM,4/4/2014 5:45:00 PM,77026
4/5/2014 4:00:00 AM,4/5/2014 8:00:00 AM,4/4/2014 5:45:00 AM,67927
4/5/2014 4:00:00 PM,4/5/2014 8:00:00 PM,4/4/2014 5:45:00 PM,77295
4/5/2014 5:00:00 AM,4/5/2014 9:00:00 AM,4/4/2014 5:45:00 AM,69762
4/5/2014 5:00:00 PM,4/5/2014 9:00:00 PM,4/4/2014 5:45:00 PM,78175
4/5/2014 6:00:00 AM,4/5/2014 10:00:00 AM,4/4/2014 5:45:00 AM,73269
4/5/2014 6:00:00 PM,4/5/2014 10:00:00 PM,4/4/2014 5:45:00 PM,79073
4/5/2014 7:00:00 AM,4/5/2014 11:00:00 AM,4/4/2014 5:45:00 AM,77109
4/5/2014 7:00:00 PM,4/5/2014 11:00:00 PM,4/4/2014 5:45:00 PM,81358
4/5/2014 8:00:00 AM,4/5/2014 12:00:00 PM,4/4/2014 9:45:00 AM,80125
4/5/2014 8:00:00 PM,4/6/2014 12:00:00 AM,4/4/2014 5:45:00 PM,83602
4/5/2014 9:00:00 AM,4/5/2014 1:00:00 PM,4/4/2014 9:45:00 AM,82294
4/5/2014 9:00:00 PM,4/6/2014 1:00:00 AM,4/4/2014 11:45:00 PM,82120
4/6/2014 10:00:00 AM,4/6/2014 2:00:00 PM,4/5/2014 9:45:00 AM,79749
4/6/2014 10:00:00 PM,4/7/2014 2:00:00 AM,4/5/2014 11:45:00 PM,78838
4/6/2014 11:00:00 AM,4/6/2014 3:00:00 PM,4/5/2014 11:45:00 AM,78277
4/6/2014 11:00:00 PM,4/7/2014 3:00:00 AM,4/5/2014 11:45:00 PM,74150
4/6/2014 12:00:00 AM,4/6/2014 4:00:00 AM,4/5/2014 5:45:00 AM,73068
4/6/2014 12:00:00 PM,4/6/2014 4:00:00 PM,4/5/2014 11:45:00 AM,77213
4/6/2014 1:00:00 AM,4/6/2014 5:00:00 AM,4/5/2014 5:45:00 AM,70877
4/6/2014 1:00:00 PM,4/6/2014 5:00:00 PM,4/5/2014 11:45:00 AM,75996
4/6/2014 2:00:00 AM,4/6/2014 6:00:00 AM,4/5/2014 5:45:00 AM,69851
4/6/2014 2:00:00 PM,4/6/2014 6:00:00 PM,4/5/2014 11:45:00 AM,74793
4/6/2014 3:00:00 AM,4/6/2014 7:00:00 AM,4/5/2014 5:45:00 AM,69664
4/6/2014 3:00:00 PM,4/6/2014 7:00:00 PM,4/5/2014 5:45:00 PM,74091
4/6/2014 4:00:00 AM,4/6/2014 8:00:00 AM,4/5/2014 5:45:00 AM,70137
4/6/2014 4:00:00 PM,4/6/2014 8:00:00 PM,4/5/2014 5:45:00 PM,74782
4/6/2014 5:00:00 AM,4/6/2014 9:00:00 AM,4/5/2014 5:45:00 AM,71797
4/6/2014 5:00:00 PM,4/6/2014 9:00:00 PM,4/5/2014 5:45:00 PM,76488
4/6/2014 6:00:00 AM,4/6/2014 10:00:00 AM,4/5/2014 5:45:00 AM,74452
4/6/2014 6:00:00 PM,4/6/2014 10:00:00 PM,4/5/2014 5:45:00 PM,77616
4/6/2014 7:00:00 AM,4/6/2014 11:00:00 AM,4/5/2014 5:45:00 AM,77250
4/6/2014 7:00:00 PM,4/6/2014 11:00:00 PM,4/5/2014 5:45:00 PM,80723
4/6/2014 8:00:00 AM,4/6/2014 12:00:00 PM,4/5/2014 9:45:00 AM,79610
4/6/2014 8:00:00 PM,4/7/2014 12:00:00 AM,4/5/2014 5:45:00 PM,84117
4/6/2014 9:00:00 AM,4/6/2014 1:00:00 PM,4/5/2014 9:45:00 AM,80463
4/6/2014 9:00:00 PM,4/7/2014 1:00:00 AM,4/5/2014 11:45:00 PM,83261
4/7/2014 10:00:00 AM,4/7/2014 2:00:00 PM,4/6/2014 9:45:00 AM,93105
4/7/2014 10:00:00 PM,4/8/2014 2:00:00 AM,4/6/2014 11:45:00 PM,84393
4/7/2014 11:00:00 AM,4/7/2014 3:00:00 PM,4/6/2014 11:45:00 AM,92635
4/7/2014 11:00:00 PM,4/8/2014 3:00:00 AM,4/6/2014 11:45:00 PM,78275
4/7/2014 12:00:00 AM,4/7/2014 4:00:00 AM,4/6/2014 5:45:00 AM,71737
4/7/2014 12:00:00 PM,4/7/2014 4:00:00 PM,4/6/2014 11:45:00 AM,91758
4/7/2014 1:00:00 AM,4/7/2014 5:00:00 AM,4/6/2014 5:45:00 AM,69950
4/7/2014 1:00:00 PM,4/7/2014 5:00:00 PM,4/6/2014 11:45:00 AM,90982
4/7/2014 2:00:00 AM,4/7/2014 6:00:00 AM,4/6/2014 5:45:00 AM,69307
4/7/2014 2:00:00 PM,4/7/2014 6:00:00 PM,4/6/2014 11:45:00 AM,89864
4/7/2014 3:00:00 AM,4/7/2014 7:00:00 AM,4/6/2014 5:45:00 AM,69668
4/7/2014 3:00:00 PM,4/7/2014 7:00:00 PM,4/6/2014 5:45:00 PM,89023
4/7/2014 4:00:00 AM,4/7/2014 8:00:00 AM,4/6/2014 5:45:00 AM,71657
4/7/2014 4:00:00 PM,4/7/2014 8:00:00 PM,4/6/2014 5:45:00 PM,89396
4/7/2014 5:00:00 AM,4/7/2014 9:00:00 AM,4/6/2014 5:45:00 AM,77118
4/7/2014 5:00:00 PM,4/7/2014 9:00:00 PM,4/6/2014 5:45:00 PM,90304
4/7/2014 6:00:00 AM,4/7/2014 10:00:00 AM,4/6/2014 5:45:00 AM,86598
4/7/2014 6:00:00 PM,4/7/2014 10:00:00 PM,4/6/2014 5:45:00 PM,89920
4/7/2014 7:00:00 AM,4/7/2014 11:00:00 AM,4/6/2014 5:45:00 AM,92428
4/7/2014 7:00:00 PM,4/7/2014 11:00:00 PM,4/6/2014 5:45:00 PM,91364
4/7/2014 8:00:00 AM,4/7/2014 12:00:00 PM,4/6/2014 9:45:00 AM,93276
4/7/2014 8:00:00 PM,4/8/2014 12:00:00 AM,4/6/2014 5:45:00 PM,92916
4/7/2014 9:00:00 AM,4/7/2014 1:00:00 PM,4/6/2014 9:45:00 AM,93159
4/7/2014 9:00:00 PM,4/8/2014 1:00:00 AM,4/6/2014 11:45:00 PM,90119
4/8/2014 10:00:00 AM,4/8/2014 2:00:00 PM,4/7/2014 9:45:00 AM,90513
4/8/2014 10:00:00 PM,4/9/2014 2:00:00 AM,4/7/2014 11:45:00 PM,83163
4/8/2014 11:00:00 AM,4/8/2014 3:00:00 PM,4/7/2014 11:45:00 AM,88922
4/8/2014 11:00:00 PM,4/9/2014 3:00:00 AM,4/7/2014 11:45:00 PM,77284
4/8/2014 12:00:00 AM,4/8/2014 4:00:00 AM,4/7/2014 5:45:00 AM,73236
4/8/2014 12:00:00 PM,4/8/2014 4:00:00 PM,4/7/2014 11:45:00 AM,88284
4/8/2014 1:00:00 AM,4/8/2014 5:00:00 AM,4/7/2014 5:45:00 AM,70748
4/8/2014 1:00:00 PM,4/8/2014 5:00:00 PM,4/7/2014 11:45:00 AM,87851
4/8/2014 2:00:00 AM,4/8/2014 6:00:00 AM,4/7/2014 5:45:00 AM,69531
4/8/2014 2:00:00 PM,4/8/2014 6:00:00 PM,4/7/2014 11:45:00 AM,87031
4/8/2014 3:00:00 AM,4/8/2014 7:00:00 AM,4/7/2014 5:45:00 AM,69271
4/8/2014 3:00:00 PM,4/8/2014 7:00:00 PM,4/7/2014 5:45:00 PM,86262
4/8/2014 4:00:00 AM,4/8/2014 8:00:00 AM,4/7/2014 5:45:00 AM,70786
4/8/2014 4:00:00 PM,4/8/2014 8:00:00 PM,4/7/2014 5:45:00 PM,86481
4/8/2014 5:00:00 AM,4/8/2014 9:00:00 AM,4/7/2014 5:45:00 AM,75688
4/8/2014 5:00:00 PM,4/8/2014 9:00:00 PM,4/7/2014 5:45:00 PM,87412
4/8/2014 6:00:00 AM,4/8/2014 10:00:00 AM,4/7/2014 5:45:00 AM,84948
4/8/2014 6:00:00 PM,4/8/2014 10:00:00 PM,4/7/2014 5:45:00 PM,87539
4/8/2014 7:00:00 AM,4/8/2014 11:00:00 AM,4/7/2014 5:45:00 AM,90399
4/8/2014 7:00:00 PM,4/8/2014 11:00:00 PM,4/7/2014 5:45:00 PM,89477
4/8/2014 8:00:00 AM,4/8/2014 12:00:00 PM,4/7/2014 9:45:00 AM,90813
4/8/2014 8:00:00 PM,4/9/2014 12:00:00 AM,4/7/2014 5:45:00 PM,91223
4/8/2014 9:00:00 AM,4/8/2014 1:00:00 PM,4/7/2014 9:45:00 AM,90611
4/8/2014 9:00:00 PM,4/9/2014 1:00:00 AM,4/7/2014 11:45:00 PM,88736
4/9/2014 10:00:00 AM,4/9/2014 2:00:00 PM,4/8/2014 9:45:00 AM,90760
4/9/2014 10:00:00 PM,4/10/2014 2:00:00 AM,4/8/2014 11:45:00 PM,84356
4/9/2014 11:00:00 AM,4/9/2014 3:00:00 PM,4/8/2014 11:45:00 AM,89795
4/9/2014 11:00:00 PM,4/10/2014 3:00:00 AM,4/8/2014 11:45:00 PM,78499
4/9/2014 12:00:00 AM,4/9/2014 4:00:00 AM,4/8/2014 5:45:00 AM,73847
4/9/2014 12:00:00 PM,4/9/2014 4:00:00 PM,4/8/2014 11:45:00 AM,88660
4/9/2014 1:00:00 AM,4/9/2014 5:00:00 AM,4/8/2014 5:45:00 AM,71454
4/9/2014 1:00:00 PM,4/9/2014 5:00:00 PM,4/8/2014 11:45:00 AM,87903
4/9/2014 2:00:00 AM,4/9/2014 6:00:00 AM,4/8/2014 5:45:00 AM,70490
4/9/2014 2:00:00 PM,4/9/2014 6:00:00 PM,4/8/2014 11:45:00 AM,86862
4/9/2014 3:00:00 AM,4/9/2014 7:00:00 AM,4/8/2014 5:45:00 AM,70526
4/9/2014 3:00:00 PM,4/9/2014 7:00:00 PM,4/8/2014 5:45:00 PM,86165
4/9/2014 4:00:00 AM,4/9/2014 8:00:00 AM,4/8/2014 5:45:00 AM,72257
4/9/2014 4:00:00 PM,4/9/2014 8:00:00 PM,4/8/2014 5:45:00 PM,86328
4/9/2014 5:00:00 AM,4/9/2014 9:00:00 AM,4/8/2014 5:45:00 AM,77561
4/9/2014 5:00:00 PM,4/9/2014 9:00:00 PM,4/8/2014 5:45:00 PM,87374
4/9/2014 6:00:00 AM,4/9/2014 10:00:00 AM,4/8/2014 5:45:00 AM,87132
4/9/2014 6:00:00 PM,4/9/2014 10:00:00 PM,4/8/2014 5:45:00 PM,87477
4/9/2014 7:00:00 AM,4/9/2014 11:00:00 AM,4/8/2014 5:45:00 AM,92494
4/9/2014 7:00:00 PM,4/9/2014 11:00:00 PM,4/8/2014 5:45:00 PM,89478
4/9/2014 8:00:00 AM,4/9/2014 12:00:00 PM,4/8/2014 9:45:00 AM,92431
4/9/2014 8:00:00 PM,4/10/2014 12:00:00 AM,4/8/2014 5:45:00 PM,91910
4/9/2014 9:00:00 AM,4/9/2014 1:00:00 PM,4/8/2014 9:45:00 AM,91539
4/9/2014 9:00:00 PM,4/10/2014 1:00:00 AM,4/8/2014 11:45:00 PM,89566
5/1/2014 10:00:00 AM,5/1/2014 2:00:00 PM,4/30/2014 9:45:00 AM,88631
5/1/2014 10:00:00 PM,5/2/2014 2:00:00 AM,4/30/2014 11:45:00 PM,81760
5/1/2014 11:00:00 AM,5/1/2014 3:00:00 PM,4/30/2014 11:45:00 AM,89050
5/1/2014 11:00:00 PM,5/2/2014 3:00:00 AM,4/30/2014 11:45:00 PM,75405
5/1/2014 12:00:00 AM,5/1/2014 4:00:00 AM,4/30/2014 5:45:00 AM,69881
5/1/2014 12:00:00 PM,5/1/2014 4:00:00 PM,4/30/2014 11:45:00 AM,88862
5/1/2014 1:00:00 AM,5/1/2014 5:00:00 AM,4/30/2014 5:45:00 AM,67083
5/1/2014 1:00:00 PM,5/1/2014 5:00:00 PM,4/30/2014 11:45:00 AM,88969
5/1/2014 2:00:00 AM,5/1/2014 6:00:00 AM,4/30/2014 5:45:00 AM,65605
5/1/2014 2:00:00 PM,5/1/2014 6:00:00 PM,4/30/2014 11:45:00 AM,88575
5/1/2014 3:00:00 AM,5/1/2014 7:00:00 AM,4/30/2014 5:45:00 AM,65177
5/1/2014 3:00:00 PM,5/1/2014 7:00:00 PM,4/30/2014 5:45:00 PM,87975
5/1/2014 4:00:00 AM,5/1/2014 8:00:00 AM,4/30/2014 5:45:00 AM,66369
5/1/2014 4:00:00 PM,5/1/2014 8:00:00 PM,4/30/2014 5:45:00 PM,87771
5/1/2014 5:00:00 AM,5/1/2014 9:00:00 AM,4/30/2014 5:45:00 AM,70878
5/1/2014 5:00:00 PM,5/1/2014 9:00:00 PM,4/30/2014 5:45:00 PM,87676
5/1/2014 6:00:00 AM,5/1/2014 10:00:00 AM,4/30/2014 5:45:00 AM,79415
5/1/2014 6:00:00 PM,5/1/2014 10:00:00 PM,4/30/2014 5:45:00 PM,87057
5/1/2014 7:00:00 AM,5/1/2014 11:00:00 AM,4/30/2014 5:45:00 AM,84778
5/1/2014 7:00:00 PM,5/1/2014 11:00:00 PM,4/30/2014 5:45:00 PM,87749
5/1/2014 8:00:00 AM,5/1/2014 12:00:00 PM,4/30/2014 9:45:00 AM,86711
5/1/2014 8:00:00 PM,5/2/2014 12:00:00 AM,4/30/2014 5:45:00 PM,89683
5/1/2014 9:00:00 AM,5/1/2014 1:00:00 PM,4/30/2014 9:45:00 AM,87805
5/1/2014 9:00:00 PM,5/2/2014 1:00:00 AM,4/30/2014 11:45:00 PM,87658
5/10/2014 10:00:00 AM,5/10/2014 2:00:00 PM,5/9/2014 9:45:00 AM,82574
5/10/2014 10:00:00 PM,5/11/2014 2:00:00 AM,5/9/2014 11:45:00 PM,80202
5/10/2014 11:00:00 AM,5/10/2014 3:00:00 PM,5/9/2014 11:45:00 AM,84719
5/10/2014 11:00:00 PM,5/11/2014 3:00:00 AM,5/9/2014 11:45:00 PM,74926
5/10/2014 12:00:00 AM,5/10/2014 4:00:00 AM,5/9/2014 5:45:00 AM,73521
5/10/2014 12:00:00 PM,5/10/2014 4:00:00 PM,5/9/2014 11:45:00 AM,85514
5/10/2014 1:00:00 AM,5/10/2014 5:00:00 AM,5/9/2014 5:45:00 AM,69698
5/10/2014 1:00:00 PM,5/10/2014 5:00:00 PM,5/9/2014 11:45:00 AM,85842
5/10/2014 2:00:00 AM,5/10/2014 6:00:00 AM,5/9/2014 5:45:00 AM,67250
5/10/2014 2:00:00 PM,5/10/2014 6:00:00 PM,5/9/2014 11:45:00 AM,85864
5/10/2014 3:00:00 AM,5/10/2014 7:00:00 AM,5/9/2014 5:45:00 AM,65838
5/10/2014 3:00:00 PM,5/10/2014 7:00:00 PM,5/9/2014 5:45:00 PM,86051
5/10/2014 4:00:00 AM,5/10/2014 8:00:00 AM,5/9/2014 5:45:00 AM,65399
5/10/2014 4:00:00 PM,5/10/2014 8:00:00 PM,5/9/2014 5:45:00 PM,86168
5/10/2014 5:00:00 AM,5/10/2014 9:00:00 AM,5/9/2014 5:45:00 AM,66363
5/10/2014 5:00:00 PM,5/10/2014 9:00:00 PM,5/9/2014 5:45:00 PM,86035
5/10/2014 6:00:00 AM,5/10/2014 10:00:00 AM,5/9/2014 5:45:00 AM,68389
5/10/2014 6:00:00 PM,5/10/2014 10:00:00 PM,5/9/2014 5:45:00 PM,85668
5/10/2014 7:00:00 AM,5/10/2014 11:00:00 AM,5/9/2014 5:45:00 AM,71249
5/10/2014 7:00:00 PM,5/10/2014 11:00:00 PM,5/9/2014 5:45:00 PM,85621
5/10/2014 8:00:00 AM,5/10/2014 12:00:00 PM,5/9/2014 9:45:00 AM,75575
5/10/2014 8:00:00 PM,5/11/2014 12:00:00 AM,5/9/2014 5:45:00 PM,86106
5/10/2014 9:00:00 AM,5/10/2014 1:00:00 PM,5/9/2014 9:45:00 AM,79712
5/10/2014 9:00:00 PM,5/11/2014 1:00:00 AM,5/9/2014 11:45:00 PM,84501
5/11/2014 10:00:00 AM,5/11/2014 2:00:00 PM,5/10/2014 9:45:00 AM,76505
5/11/2014 10:00:00 PM,5/12/2014 2:00:00 AM,5/10/2014 11:45:00 PM,82487
5/11/2014 11:00:00 AM,5/11/2014 3:00:00 PM,5/10/2014 11:45:00 AM,78890
5/11/2014 11:00:00 PM,5/12/2014 3:00:00 AM,5/10/2014 11:45:00 PM,76369
5/11/2014 12:00:00 AM,5/11/2014 4:00:00 AM,5/10/2014 5:45:00 AM,69279
5/11/2014 12:00:00 PM,5/11/2014 4:00:00 PM,5/10/2014 11:45:00 AM,80903
5/11/2014 1:00:00 AM,5/11/2014 5:00:00 AM,5/10/2014 5:45:00 AM,65831
5/11/2014 1:00:00 PM,5/11/2014 5:00:00 PM,5/10/2014 11:45:00 AM,82374
5/11/2014 2:00:00 AM,5/11/2014 6:00:00 AM,5/10/2014 5:45:00 AM,63617
5/11/2014 2:00:00 PM,5/11/2014 6:00:00 PM,5/10/2014 11:45:00 AM,83669
5/11/2014 3:00:00 AM,5/11/2014 7:00:00 AM,5/10/2014 5:45:00 AM,62302
5/11/2014 3:00:00 PM,5/11/2014 7:00:00 PM,5/10/2014 5:45:00 PM,84884
5/11/2014 4:00:00 AM,5/11/2014 8:00:00 AM,5/10/2014 5:45:00 AM,61765
5/11/2014 4:00:00 PM,5/11/2014 8:00:00 PM,5/10/2014 5:45:00 PM,86188
5/11/2014 5:00:00 AM,5/11/2014 9:00:00 AM,5/10/2014 5:45:00 AM,62126
5/11/2014 5:00:00 PM,5/11/2014 9:00:00 PM,5/10/2014 5:45:00 PM,87059
5/11/2014 6:00:00 AM,5/11/2014 10:00:00 AM,5/10/2014 5:45:00 AM,63078
5/11/2014 6:00:00 PM,5/11/2014 10:00:00 PM,5/10/2014 5:45:00 PM,87262
5/11/2014 7:00:00 AM,5/11/2014 11:00:00 AM,5/10/2014 5:45:00 AM,65271
5/11/2014 7:00:00 PM,5/11/2014 11:00:00 PM,5/10/2014 5:45:00 PM,87523
5/11/2014 8:00:00 AM,5/11/2014 12:00:00 PM,5/10/2014 9:45:00 AM,69308
5/11/2014 8:00:00 PM,5/12/2014 12:00:00 AM,5/10/2014 5:45:00 PM,88695
5/11/2014 9:00:00 AM,5/11/2014 1:00:00 PM,5/10/2014 9:45:00 AM,73482
5/11/2014 9:00:00 PM,5/12/2014 1:00:00 AM,5/10/2014 11:45:00 PM,87712
5/12/2014 10:00:00 AM,5/12/2014 2:00:00 PM,5/11/2014 9:45:00 AM,98881
5/12/2014 10:00:00 PM,5/13/2014 2:00:00 AM,5/11/2014 11:45:00 PM,97742
5/12/2014 11:00:00 AM,5/12/2014 3:00:00 PM,5/11/2014 11:45:00 AM,102396
5/12/2014 11:00:00 PM,5/13/2014 3:00:00 AM,5/11/2014 11:45:00 PM,88968
5/12/2014 12:00:00 AM,5/12/2014 4:00:00 AM,5/11/2014 5:45:00 AM,72695
5/12/2014 12:00:00 PM,5/12/2014 4:00:00 PM,5/11/2014 11:45:00 AM,105458
5/12/2014 1:00:00 AM,5/12/2014 5:00:00 AM,5/11/2014 5:45:00 AM,69248
5/12/2014 1:00:00 PM,5/12/2014 5:00:00 PM,5/11/2014 11:45:00 AM,108455
5/12/2014 2:00:00 AM,5/12/2014 6:00:00 AM,5/11/2014 5:45:00 AM,67390
5/12/2014 2:00:00 PM,5/12/2014 6:00:00 PM,5/11/2014 11:45:00 AM,110433
5/12/2014 3:00:00 AM,5/12/2014 7:00:00 AM,5/11/2014 5:45:00 AM,66655
5/12/2014 3:00:00 PM,5/12/2014 7:00:00 PM,5/11/2014 5:45:00 PM,111973
5/12/2014 4:00:00 AM,5/12/2014 8:00:00 AM,5/11/2014 5:45:00 AM,67563
5/12/2014 4:00:00 PM,5/12/2014 8:00:00 PM,5/11/2014 5:45:00 PM,112927
5/12/2014 5:00:00 AM,5/12/2014 9:00:00 AM,5/11/2014 5:45:00 AM,71470
5/12/2014 5:00:00 PM,5/12/2014 9:00:00 PM,5/11/2014 5:45:00 PM,112800
5/12/2014 6:00:00 AM,5/12/2014 10:00:00 AM,5/11/2014 5:45:00 AM,78951
5/12/2014 6:00:00 PM,5/12/2014 10:00:00 PM,5/11/2014 5:45:00 PM,111667
5/12/2014 7:00:00 AM,5/12/2014 11:00:00 AM,5/11/2014 5:45:00 AM,84958
5/12/2014 7:00:00 PM,5/12/2014 11:00:00 PM,5/11/2014 5:45:00 PM,110131
5/12/2014 8:00:00 AM,5/12/2014 12:00:00 PM,5/11/2014 9:45:00 AM,89755
5/12/2014 8:00:00 PM,5/13/2014 12:00:00 AM,5/11/2014 5:45:00 PM,109367
5/12/2014 9:00:00 AM,5/12/2014 1:00:00 PM,5/11/2014 9:45:00 AM,94252
5/12/2014 9:00:00 PM,5/13/2014 1:00:00 AM,5/11/2014 11:45:00 PM,105563
5/13/2014 10:00:00 AM,5/13/2014 2:00:00 PM,5/12/2014 9:45:00 AM,99359
5/13/2014 10:00:00 PM,5/14/2014 2:00:00 AM,5/12/2014 11:45:00 PM,90437
5/13/2014 11:00:00 AM,5/13/2014 3:00:00 PM,5/12/2014 11:45:00 AM,101549
5/13/2014 11:00:00 PM,5/14/2014 3:00:00 AM,5/12/2014 11:45:00 PM,82319
5/13/2014 12:00:00 AM,5/13/2014 4:00:00 AM,5/12/2014 5:45:00 AM,80131
5/13/2014 12:00:00 PM,5/13/2014 4:00:00 PM,5/12/2014 11:45:00 AM,103892
5/13/2014 1:00:00 AM,5/13/2014 5:00:00 AM,5/12/2014 5:45:00 AM,75801
5/13/2014 1:00:00 PM,5/13/2014 5:00:00 PM,5/12/2014 11:45:00 AM,105913
5/13/2014 2:00:00 AM,5/13/2014 6:00:00 AM,5/12/2014 5:45:00 AM,73095
5/13/2014 2:00:00 PM,5/13/2014 6:00:00 PM,5/12/2014 11:45:00 AM,106941
5/13/2014 3:00:00 AM,5/13/2014 7:00:00 AM,5/12/2014 5:45:00 AM,71792
5/13/2014 3:00:00 PM,5/13/2014 7:00:00 PM,5/12/2014 5:45:00 PM,107140
5/13/2014 4:00:00 AM,5/13/2014 8:00:00 AM,5/12/2014 5:45:00 AM,72247
5/13/2014 4:00:00 PM,5/13/2014 8:00:00 PM,5/12/2014 5:45:00 PM,106984
5/13/2014 5:00:00 AM,5/13/2014 9:00:00 AM,5/12/2014 5:45:00 AM,76132
5/13/2014 5:00:00 PM,5/13/2014 9:00:00 PM,5/12/2014 5:45:00 PM,105946
5/13/2014 6:00:00 AM,5/13/2014 10:00:00 AM,5/12/2014 5:45:00 AM,83996
5/13/2014 6:00:00 PM,5/13/2014 10:00:00 PM,5/12/2014 5:45:00 PM,103969
5/13/2014 7:00:00 AM,5/13/2014 11:00:00 AM,5/12/2014 5:45:00 AM,89839
5/13/2014 7:00:00 PM,5/13/2014 11:00:00 PM,5/12/2014 5:45:00 PM,102265
5/13/2014 8:00:00 AM,5/13/2014 12:00:00 PM,5/12/2014 9:45:00 AM,92449
5/13/2014 8:00:00 PM,5/14/2014 12:00:00 AM,5/12/2014 5:45:00 PM,101695
5/13/2014 9:00:00 AM,5/13/2014 1:00:00 PM,5/12/2014 9:45:00 AM,95817
5/13/2014 9:00:00 PM,5/14/2014 1:00:00 AM,5/12/2014 11:45:00 PM,97886
5/14/2014 10:00:00 AM,5/14/2014 2:00:00 PM,5/13/2014 9:45:00 AM,93485
5/14/2014 10:00:00 PM,5/15/2014 2:00:00 AM,5/13/2014 11:45:00 PM,87530
5/14/2014 11:00:00 AM,5/14/2014 3:00:00 PM,5/13/2014 11:45:00 AM,95214
5/14/2014 11:00:00 PM,5/15/2014 3:00:00 AM,5/13/2014 11:45:00 PM,80053
5/14/2014 12:00:00 AM,5/14/2014 4:00:00 AM,5/13/2014 5:45:00 AM,76137
5/14/2014 12:00:00 PM,5/14/2014 4:00:00 PM,5/13/2014 11:45:00 AM,96602
5/14/2014 1:00:00 AM,5/14/2014 5:00:00 AM,5/13/2014 5:45:00 AM,72194
5/14/2014 1:00:00 PM,5/14/2014 5:00:00 PM,5/13/2014 11:45:00 AM,98091
5/14/2014 2:00:00 AM,5/14/2014 6:00:00 AM,5/13/2014 5:45:00 AM,69824
5/14/2014 2:00:00 PM,5/14/2014 6:00:00 PM,5/13/2014 11:45:00 AM,98922
5/14/2014 3:00:00 AM,5/14/2014 7:00:00 AM,5/13/2014 5:45:00 AM,68695
5/14/2014 3:00:00 PM,5/14/2014 7:00:00 PM,5/13/2014 5:45:00 PM,99482
5/14/2014 4:00:00 AM,5/14/2014 8:00:00 AM,5/13/2014 5:45:00 AM,69244
5/14/2014 4:00:00 PM,5/14/2014 8:00:00 PM,5/13/2014 5:45:00 PM,100005
5/14/2014 5:00:00 AM,5/14/2014 9:00:00 AM,5/13/2014 5:45:00 AM,73171
5/14/2014 5:00:00 PM,5/14/2014 9:00:00 PM,5/13/2014 5:45:00 PM,99422
5/14/2014 6:00:00 AM,5/14/2014 10:00:00 AM,5/13/2014 5:45:00 AM,80626
5/14/2014 6:00:00 PM,5/14/2014 10:00:00 PM,5/13/2014 5:45:00 PM,98140
5/14/2014 7:00:00 AM,5/14/2014 11:00:00 AM,5/13/2014 5:45:00 AM,85855
5/14/2014 7:00:00 PM,5/14/2014 11:00:00 PM,5/13/2014 5:45:00 PM,97092
5/14/2014 8:00:00 AM,5/14/2014 12:00:00 PM,5/13/2014 9:45:00 AM,88723
5/14/2014 8:00:00 PM,5/15/2014 12:00:00 AM,5/13/2014 5:45:00 PM,97082
5/14/2014 9:00:00 AM,5/14/2014 1:00:00 PM,5/13/2014 9:45:00 AM,91119
5/14/2014 9:00:00 PM,5/15/2014 1:00:00 AM,5/13/2014 11:45:00 PM,94287
5/15/2014 10:00:00 AM,5/15/2014 2:00:00 PM,5/14/2014 9:45:00 AM,93985
5/15/2014 10:00:00 PM,5/16/2014 2:00:00 AM,5/14/2014 11:45:00 PM,86455
5/15/2014 11:00:00 AM,5/15/2014 3:00:00 PM,5/14/2014 11:45:00 AM,95584
5/15/2014 11:00:00 PM,5/16/2014 3:00:00 AM,5/14/2014 11:45:00 PM,79218
5/15/2014 12:00:00 AM,5/15/2014 4:00:00 AM,5/14/2014 5:45:00 AM,74015
5/15/2014 12:00:00 PM,5/15/2014 4:00:00 PM,5/14/2014 11:45:00 AM,96597
5/15/2014 1:00:00 AM,5/15/2014 5:00:00 AM,5/14/2014 5:45:00 AM,70529
5/15/2014 1:00:00 PM,5/15/2014 5:00:00 PM,5/14/2014 11:45:00 AM,97493
5/15/2014 2:00:00 AM,5/15/2014 6:00:00 AM,5/14/2014 5:45:00 AM,68533
5/15/2014 2:00:00 PM,5/15/2014 6:00:00 PM,5/14/2014 11:45:00 AM,97675
5/15/2014 3:00:00 AM,5/15/2014 7:00:00 AM,5/14/2014 5:45:00 AM,67667
5/15/2014 3:00:00 PM,5/15/2014 7:00:00 PM,5/14/2014 5:45:00 PM,97452
5/15/2014 4:00:00 AM,5/15/2014 8:00:00 AM,5/14/2014 5:45:00 AM,68494
5/15/2014 4:00:00 PM,5/15/2014 8:00:00 PM,5/14/2014 5:45:00 PM,97482
5/15/2014 5:00:00 AM,5/15/2014 9:00:00 AM,5/14/2014 5:45:00 AM,72716
5/15/2014 5:00:00 PM,5/15/2014 9:00:00 PM,5/14/2014 5:45:00 PM,96908
5/15/2014 6:00:00 AM,5/15/2014 10:00:00 AM,5/14/2014 5:45:00 AM,80718
5/15/2014 6:00:00 PM,5/15/2014 10:00:00 PM,5/14/2014 5:45:00 PM,95568
5/15/2014 7:00:00 AM,5/15/2014 11:00:00 AM,5/14/2014 5:45:00 AM,86344
5/15/2014 7:00:00 PM,5/15/2014 11:00:00 PM,5/14/2014 5:45:00 PM,94631
5/15/2014 8:00:00 AM,5/15/2014 12:00:00 PM,5/14/2014 9:45:00 AM,89115
5/15/2014 8:00:00 PM,5/16/2014 12:00:00 AM,5/14/2014 5:45:00 PM,95799
5/15/2014 9:00:00 AM,5/15/2014 1:00:00 PM,5/14/2014 9:45:00 AM,91689
5/15/2014 9:00:00 PM,5/16/2014 1:00:00 AM,5/14/2014 11:45:00 PM,92883
5/16/2014 10:00:00 AM,5/16/2014 2:00:00 PM,5/15/2014 9:45:00 AM,88511
5/16/2014 10:00:00 PM,5/17/2014 2:00:00 AM,5/15/2014 11:45:00 PM,79732
5/16/2014 11:00:00 AM,5/16/2014 3:00:00 PM,5/15/2014 11:45:00 AM,88900
5/16/2014 11:00:00 PM,5/17/2014 3:00:00 AM,5/15/2014 11:45:00 PM,74052
5/16/2014 12:00:00 AM,5/16/2014 4:00:00 AM,5/15/2014 5:45:00 AM,72440
5/16/2014 12:00:00 PM,5/16/2014 4:00:00 PM,5/15/2014 11:45:00 AM,88946
5/16/2014 1:00:00 AM,5/16/2014 5:00:00 AM,5/15/2014 5:45:00 AM,69197
5/16/2014 1:00:00 PM,5/16/2014 5:00:00 PM,5/15/2014 11:45:00 AM,88842
5/16/2014 2:00:00 AM,5/16/2014 6:00:00 AM,5/15/2014 5:45:00 AM,67548
5/16/2014 2:00:00 PM,5/16/2014 6:00:00 PM,5/15/2014 11:45:00 AM,88556
5/16/2014 3:00:00 AM,5/16/2014 7:00:00 AM,5/15/2014 5:45:00 AM,66871
5/16/2014 3:00:00 PM,5/16/2014 7:00:00 PM,5/15/2014 5:45:00 PM,88145
5/16/2014 4:00:00 AM,5/16/2014 8:00:00 AM,5/15/2014 5:45:00 AM,67820
5/16/2014 4:00:00 PM,5/16/2014 8:00:00 PM,5/15/2014 5:45:00 PM,87671
5/16/2014 5:00:00 AM,5/16/2014 9:00:00 AM,5/15/2014 5:45:00 AM,72050
5/16/2014 5:00:00 PM,5/16/2014 9:00:00 PM,5/15/2014 5:45:00 PM,86763
5/16/2014 6:00:00 AM,5/16/2014 10:00:00 AM,5/15/2014 5:45:00 AM,79537
5/16/2014 6:00:00 PM,5/16/2014 10:00:00 PM,5/15/2014 5:45:00 PM,85514
5/16/2014 7:00:00 AM,5/16/2014 11:00:00 AM,5/15/2014 5:45:00 AM,84571
5/16/2014 7:00:00 PM,5/16/2014 11:00:00 PM,5/15/2014 5:45:00 PM,84769
5/16/2014 8:00:00 AM,5/16/2014 12:00:00 PM,5/15/2014 9:45:00 AM,86694
5/16/2014 8:00:00 PM,5/17/2014 12:00:00 AM,5/15/2014 5:45:00 PM,85934
5/16/2014 9:00:00 AM,5/16/2014 1:00:00 PM,5/15/2014 9:45:00 AM,87786
5/16/2014 9:00:00 PM,5/17/2014 1:00:00 AM,5/15/2014 11:45:00 PM,84788
5/17/2014 10:00:00 AM,5/17/2014 2:00:00 PM,5/16/2014 9:45:00 AM,77230
5/17/2014 10:00:00 PM,5/18/2014 2:00:00 AM,5/16/2014 11:45:00 PM,73907
5/17/2014 11:00:00 AM,5/17/2014 3:00:00 PM,5/16/2014 11:45:00 AM,77345
5/17/2014 11:00:00 PM,5/18/2014 3:00:00 AM,5/16/2014 11:45:00 PM,69438
5/17/2014 12:00:00 AM,5/17/2014 4:00:00 AM,5/16/2014 5:45:00 AM,68589
5/17/2014 12:00:00 PM,5/17/2014 4:00:00 PM,5/16/2014 11:45:00 AM,76648
5/17/2014 1:00:00 AM,5/17/2014 5:00:00 AM,5/16/2014 5:45:00 AM,65652
5/17/2014 1:00:00 PM,5/17/2014 5:00:00 PM,5/16/2014 11:45:00 AM,75737
5/17/2014 2:00:00 AM,5/17/2014 6:00:00 AM,5/16/2014 5:45:00 AM,64040
5/17/2014 2:00:00 PM,5/17/2014 6:00:00 PM,5/16/2014 11:45:00 AM,74809
5/17/2014 3:00:00 AM,5/17/2014 7:00:00 AM,5/16/2014 5:45:00 AM,63311
5/17/2014 3:00:00 PM,5/17/2014 7:00:00 PM,5/16/2014 5:45:00 PM,74224
5/17/2014 4:00:00 AM,5/17/2014 8:00:00 AM,5/16/2014 5:45:00 AM,63474
5/17/2014 4:00:00 PM,5/17/2014 8:00:00 PM,5/16/2014 5:45:00 PM,74048
5/17/2014 5:00:00 AM,5/17/2014 9:00:00 AM,5/16/2014 5:45:00 AM,65021
5/17/2014 5:00:00 PM,5/17/2014 9:00:00 PM,5/16/2014 5:45:00 PM,74076
5/17/2014 6:00:00 AM,5/17/2014 10:00:00 AM,5/16/2014 5:45:00 AM,67275
5/17/2014 6:00:00 PM,5/17/2014 10:00:00 PM,5/16/2014 5:45:00 PM,74282
5/17/2014 7:00:00 AM,5/17/2014 11:00:00 AM,5/16/2014 5:45:00 AM,70223
5/17/2014 7:00:00 PM,5/17/2014 11:00:00 PM,5/16/2014 5:45:00 PM,74830
5/17/2014 8:00:00 AM,5/17/2014 12:00:00 PM,5/16/2014 9:45:00 AM,73935
5/17/2014 8:00:00 PM,5/18/2014 12:00:00 AM,5/16/2014 5:45:00 PM,77268
5/17/2014 9:00:00 AM,5/17/2014 1:00:00 PM,5/16/2014 9:45:00 AM,76331
5/17/2014 9:00:00 PM,5/18/2014 1:00:00 AM,5/16/2014 11:45:00 PM,77207
5/18/2014 10:00:00 AM,5/18/2014 2:00:00 PM,5/17/2014 9:45:00 AM,72157
5/18/2014 10:00:00 PM,5/19/2014 2:00:00 AM,5/17/2014 11:45:00 PM,73975
5/18/2014 11:00:00 AM,5/18/2014 3:00:00 PM,5/17/2014 11:45:00 AM,72959
5/18/2014 11:00:00 PM,5/19/2014 3:00:00 AM,5/17/2014 11:45:00 PM,69043
5/18/2014 12:00:00 AM,5/18/2014 4:00:00 AM,5/17/2014 5:45:00 AM,65529
5/18/2014 12:00:00 PM,5/18/2014 4:00:00 PM,5/17/2014 11:45:00 AM,72945
5/18/2014 1:00:00 AM,5/18/2014 5:00:00 AM,5/17/2014 5:45:00 AM,62973
5/18/2014 1:00:00 PM,5/18/2014 5:00:00 PM,5/17/2014 11:45:00 AM,72587
5/18/2014 2:00:00 AM,5/18/2014 6:00:00 AM,5/17/2014 5:45:00 AM,61562
5/18/2014 2:00:00 PM,5/18/2014 6:00:00 PM,5/17/2014 11:45:00 AM,71977
5/18/2014 3:00:00 AM,5/18/2014 7:00:00 AM,5/17/2014 5:45:00 AM,60961
5/18/2014 3:00:00 PM,5/18/2014 7:00:00 PM,5/17/2014 5:45:00 PM,71795
5/18/2014 4:00:00 AM,5/18/2014 8:00:00 AM,5/17/2014 5:45:00 AM,61027
5/18/2014 4:00:00 PM,5/18/2014 8:00:00 PM,5/17/2014 5:45:00 PM,72311
5/18/2014 5:00:00 AM,5/18/2014 9:00:00 AM,5/17/2014 5:45:00 AM,62153
5/18/2014 5:00:00 PM,5/18/2014 9:00:00 PM,5/17/2014 5:45:00 PM,73217
5/18/2014 6:00:00 AM,5/18/2014 10:00:00 AM,5/17/2014 5:45:00 AM,63398
5/18/2014 6:00:00 PM,5/18/2014 10:00:00 PM,5/17/2014 5:45:00 PM,73772
5/18/2014 7:00:00 AM,5/18/2014 11:00:00 AM,5/17/2014 5:45:00 AM,65744
5/18/2014 7:00:00 PM,5/18/2014 11:00:00 PM,5/17/2014 5:45:00 PM,74909
5/18/2014 8:00:00 AM,5/18/2014 12:00:00 PM,5/17/2014 9:45:00 AM,69182
5/18/2014 8:00:00 PM,5/19/2014 12:00:00 AM,5/17/2014 5:45:00 PM,78404
5/18/2014 9:00:00 AM,5/18/2014 1:00:00 PM,5/17/2014 9:45:00 AM,71405
5/18/2014 9:00:00 PM,5/19/2014 1:00:00 AM,5/17/2014 11:45:00 PM,78230
5/19/2014 10:00:00 AM,5/19/2014 2:00:00 PM,5/18/2014 9:45:00 AM,85277
5/19/2014 10:00:00 PM,5/20/2014 2:00:00 AM,5/18/2014 11:45:00 PM,79037
5/19/2014 11:00:00 AM,5/19/2014 3:00:00 PM,5/18/2014 11:45:00 AM,85449
5/19/2014 11:00:00 PM,5/20/2014 3:00:00 AM,5/18/2014 11:45:00 PM,72502
5/19/2014 12:00:00 AM,5/19/2014 4:00:00 AM,5/18/2014 5:45:00 AM,65405
5/19/2014 12:00:00 PM,5/19/2014 4:00:00 PM,5/18/2014 11:45:00 AM,85302
5/19/2014 1:00:00 AM,5/19/2014 5:00:00 AM,5/18/2014 5:45:00 AM,63316
5/19/2014 1:00:00 PM,5/19/2014 5:00:00 PM,5/18/2014 11:45:00 AM,85313
5/19/2014 2:00:00 AM,5/19/2014 6:00:00 AM,5/18/2014 5:45:00 AM,62438
5/19/2014 2:00:00 PM,5/19/2014 6:00:00 PM,5/18/2014 11:45:00 AM,84867
5/19/2014 3:00:00 AM,5/19/2014 7:00:00 AM,5/18/2014 5:45:00 AM,62521
5/19/2014 3:00:00 PM,5/19/2014 7:00:00 PM,5/18/2014 5:45:00 PM,84441
5/19/2014 4:00:00 AM,5/19/2014 8:00:00 AM,5/18/2014 5:45:00 AM,64199
5/19/2014 4:00:00 PM,5/19/2014 8:00:00 PM,5/18/2014 5:45:00 PM,84512
5/19/2014 5:00:00 AM,5/19/2014 9:00:00 AM,5/18/2014 5:45:00 AM,69090
5/19/2014 5:00:00 PM,5/19/2014 9:00:00 PM,5/18/2014 5:45:00 PM,84846
5/19/2014 6:00:00 AM,5/19/2014 10:00:00 AM,5/18/2014 5:45:00 AM,77091
5/19/2014 6:00:00 PM,5/19/2014 10:00:00 PM,5/18/2014 5:45:00 PM,84230
5/19/2014 7:00:00 AM,5/19/2014 11:00:00 AM,5/18/2014 5:45:00 AM,82371
5/19/2014 7:00:00 PM,5/19/2014 11:00:00 PM,5/18/2014 5:45:00 PM,84015
5/19/2014 8:00:00 AM,5/19/2014 12:00:00 PM,5/18/2014 9:45:00 AM,83690
5/19/2014 8:00:00 PM,5/20/2014 12:00:00 AM,5/18/2014 5:45:00 PM,86340
5/19/2014 9:00:00 AM,5/19/2014 1:00:00 PM,5/18/2014 9:45:00 AM,84528
5/19/2014 9:00:00 PM,5/20/2014 1:00:00 AM,5/18/2014 11:45:00 PM,85085
5/2/2014 10:00:00 AM,5/2/2014 2:00:00 PM,5/1/2014 9:45:00 AM,86742
5/2/2014 10:00:00 PM,5/3/2014 2:00:00 AM,5/1/2014 11:45:00 PM,78210
5/2/2014 11:00:00 AM,5/2/2014 3:00:00 PM,5/1/2014 11:45:00 AM,86601
5/2/2014 11:00:00 PM,5/3/2014 3:00:00 AM,5/1/2014 11:45:00 PM,72914
5/2/2014 12:00:00 AM,5/2/2014 4:00:00 AM,5/1/2014 5:45:00 AM,70032
5/2/2014 12:00:00 PM,5/2/2014 4:00:00 PM,5/1/2014 11:45:00 AM,86041
5/2/2014 1:00:00 AM,5/2/2014 5:00:00 AM,5/1/2014 5:45:00 AM,67168
5/2/2014 1:00:00 PM,5/2/2014 5:00:00 PM,5/1/2014 11:45:00 AM,85648
5/2/2014 2:00:00 AM,5/2/2014 6:00:00 AM,5/1/2014 5:45:00 AM,65751
5/2/2014 2:00:00 PM,5/2/2014 6:00:00 PM,5/1/2014 11:45:00 AM,84899
5/2/2014 3:00:00 AM,5/2/2014 7:00:00 AM,5/1/2014 5:45:00 AM,65297
5/2/2014 3:00:00 PM,5/2/2014 7:00:00 PM,5/1/2014 5:45:00 PM,83933
5/2/2014 4:00:00 AM,5/2/2014 8:00:00 AM,5/1/2014 5:45:00 AM,66451
5/2/2014 4:00:00 PM,5/2/2014 8:00:00 PM,5/1/2014 5:45:00 PM,83451
5/2/2014 5:00:00 AM,5/2/2014 9:00:00 AM,5/1/2014 5:45:00 AM,70776
5/2/2014 5:00:00 PM,5/2/2014 9:00:00 PM,5/1/2014 5:45:00 PM,82992
5/2/2014 6:00:00 AM,5/2/2014 10:00:00 AM,5/1/2014 5:45:00 AM,78515
5/2/2014 6:00:00 PM,5/2/2014 10:00:00 PM,5/1/2014 5:45:00 PM,81907
5/2/2014 7:00:00 AM,5/2/2014 11:00:00 AM,5/1/2014 5:45:00 AM,83578
5/2/2014 7:00:00 PM,5/2/2014 11:00:00 PM,5/1/2014 5:45:00 PM,81907
5/2/2014 8:00:00 AM,5/2/2014 12:00:00 PM,5/1/2014 9:45:00 AM,85385
5/2/2014 8:00:00 PM,5/3/2014 12:00:00 AM,5/1/2014 5:45:00 PM,83707
5/2/2014 9:00:00 AM,5/2/2014 1:00:00 PM,5/1/2014 9:45:00 AM,86170
5/2/2014 9:00:00 PM,5/3/2014 1:00:00 AM,5/1/2014 11:45:00 PM,82517
5/20/2014 10:00:00 AM,5/20/2014 2:00:00 PM,5/19/2014 9:45:00 AM,86407
5/20/2014 10:00:00 PM,5/21/2014 2:00:00 AM,5/19/2014 11:45:00 PM,82693
5/20/2014 11:00:00 AM,5/20/2014 3:00:00 PM,5/19/2014 11:45:00 AM,87555
5/20/2014 11:00:00 PM,5/21/2014 3:00:00 AM,5/19/2014 11:45:00 PM,75575
5/20/2014 12:00:00 AM,5/20/2014 4:00:00 AM,5/19/2014 5:45:00 AM,67912
5/20/2014 12:00:00 PM,5/20/2014 4:00:00 PM,5/19/2014 11:45:00 AM,88421
5/20/2014 1:00:00 AM,5/20/2014 5:00:00 AM,5/19/2014 5:45:00 AM,65099
5/20/2014 1:00:00 PM,5/20/2014 5:00:00 PM,5/19/2014 11:45:00 AM,89426
5/20/2014 2:00:00 AM,5/20/2014 6:00:00 AM,5/19/2014 5:45:00 AM,63571
5/20/2014 2:00:00 PM,5/20/2014 6:00:00 PM,5/19/2014 11:45:00 AM,89901
5/20/2014 3:00:00 AM,5/20/2014 7:00:00 AM,5/19/2014 5:45:00 AM,63116
5/20/2014 3:00:00 PM,5/20/2014 7:00:00 PM,5/19/2014 5:45:00 PM,90194
5/20/2014 4:00:00 AM,5/20/2014 8:00:00 AM,5/19/2014 5:45:00 AM,64268
5/20/2014 4:00:00 PM,5/20/2014 8:00:00 PM,5/19/2014 5:45:00 PM,90646
5/20/2014 5:00:00 AM,5/20/2014 9:00:00 AM,5/19/2014 5:45:00 AM,68702
5/20/2014 5:00:00 PM,5/20/2014 9:00:00 PM,5/19/2014 5:45:00 PM,90720
5/20/2014 6:00:00 AM,5/20/2014 10:00:00 AM,5/19/2014 5:45:00 AM,76140
5/20/2014 6:00:00 PM,5/20/2014 10:00:00 PM,5/19/2014 5:45:00 PM,89588
5/20/2014 7:00:00 AM,5/20/2014 11:00:00 AM,5/19/2014 5:45:00 AM,81372
5/20/2014 7:00:00 PM,5/20/2014 11:00:00 PM,5/19/2014 5:45:00 PM,88818
5/20/2014 8:00:00 AM,5/20/2014 12:00:00 PM,5/19/2014 9:45:00 AM,83449
5/20/2014 8:00:00 PM,5/21/2014 12:00:00 AM,5/19/2014 5:45:00 PM,90631
5/20/2014 9:00:00 AM,5/20/2014 1:00:00 PM,5/19/2014 9:45:00 AM,84882
5/20/2014 9:00:00 PM,5/21/2014 1:00:00 AM,5/19/2014 11:45:00 PM,89294
5/21/2014 10:00:00 AM,5/21/2014 2:00:00 PM,5/20/2014 9:45:00 AM,90844
5/21/2014 10:00:00 PM,5/22/2014 2:00:00 AM,5/20/2014 11:45:00 PM,86387
5/21/2014 11:00:00 AM,5/21/2014 3:00:00 PM,5/20/2014 11:45:00 AM,91032
5/21/2014 11:00:00 PM,5/22/2014 3:00:00 AM,5/20/2014 11:45:00 PM,78855
5/21/2014 12:00:00 AM,5/21/2014 4:00:00 AM,5/20/2014 5:45:00 AM,71109
5/21/2014 12:00:00 PM,5/21/2014 4:00:00 PM,5/20/2014 11:45:00 AM,92230
5/21/2014 1:00:00 AM,5/21/2014 5:00:00 AM,5/20/2014 5:45:00 AM,67694
5/21/2014 1:00:00 PM,5/21/2014 5:00:00 PM,5/20/2014 11:45:00 AM,93684
5/21/2014 2:00:00 AM,5/21/2014 6:00:00 AM,5/20/2014 5:45:00 AM,65752
5/21/2014 2:00:00 PM,5/21/2014 6:00:00 PM,5/20/2014 11:45:00 AM,94575
5/21/2014 3:00:00 AM,5/21/2014 7:00:00 AM,5/20/2014 5:45:00 AM,64925
5/21/2014 3:00:00 PM,5/21/2014 7:00:00 PM,5/20/2014 5:45:00 PM,96105
5/21/2014 4:00:00 AM,5/21/2014 8:00:00 AM,5/20/2014 5:45:00 AM,65760
5/21/2014 4:00:00 PM,5/21/2014 8:00:00 PM,5/20/2014 5:45:00 PM,96736
5/21/2014 5:00:00 AM,5/21/2014 9:00:00 AM,5/20/2014 5:45:00 AM,69870
5/21/2014 5:00:00 PM,5/21/2014 9:00:00 PM,5/20/2014 5:45:00 PM,96696
5/21/2014 6:00:00 AM,5/21/2014 10:00:00 AM,5/20/2014 5:45:00 AM,77306
5/21/2014 6:00:00 PM,5/21/2014 10:00:00 PM,5/20/2014 5:45:00 PM,95449
5/21/2014 7:00:00 AM,5/21/2014 11:00:00 AM,5/20/2014 5:45:00 AM,82844
5/21/2014 7:00:00 PM,5/21/2014 11:00:00 PM,5/20/2014 5:45:00 PM,94633
5/21/2014 8:00:00 AM,5/21/2014 12:00:00 PM,5/20/2014 9:45:00 AM,85964
5/21/2014 8:00:00 PM,5/22/2014 12:00:00 AM,5/20/2014 5:45:00 PM,95036
5/21/2014 9:00:00 AM,5/21/2014 1:00:00 PM,5/20/2014 9:45:00 AM,88382
5/21/2014 9:00:00 PM,5/22/2014 1:00:00 AM,5/20/2014 11:45:00 PM,93037
5/22/2014 10:00:00 AM,5/22/2014 2:00:00 PM,5/21/2014 9:45:00 AM,92924
5/22/2014 10:00:00 PM,5/23/2014 2:00:00 AM,5/21/2014 11:45:00 PM,87929
5/22/2014 11:00:00 AM,5/22/2014 3:00:00 PM,5/21/2014 11:45:00 AM,95263
5/22/2014 11:00:00 PM,5/23/2014 3:00:00 AM,5/21/2014 11:45:00 PM,80392
5/22/2014 12:00:00 AM,5/22/2014 4:00:00 AM,5/21/2014 5:45:00 AM,74028
5/22/2014 12:00:00 PM,5/22/2014 4:00:00 PM,5/21/2014 11:45:00 AM,96710
5/22/2014 1:00:00 AM,5/22/2014 5:00:00 AM,5/21/2014 5:45:00 AM,70201
5/22/2014 1:00:00 PM,5/22/2014 5:00:00 PM,5/21/2014 11:45:00 AM,98104
5/22/2014 2:00:00 AM,5/22/2014 6:00:00 AM,5/21/2014 5:45:00 AM,67981
5/22/2014 2:00:00 PM,5/22/2014 6:00:00 PM,5/21/2014 11:45:00 AM,98834
5/22/2014 3:00:00 AM,5/22/2014 7:00:00 AM,5/21/2014 5:45:00 AM,66896
5/22/2014 3:00:00 PM,5/22/2014 7:00:00 PM,5/21/2014 5:45:00 PM,99517
5/22/2014 4:00:00 AM,5/22/2014 8:00:00 AM,5/21/2014 5:45:00 AM,67521
5/22/2014 4:00:00 PM,5/22/2014 8:00:00 PM,5/21/2014 5:45:00 PM,99874
5/22/2014 5:00:00 AM,5/22/2014 9:00:00 AM,5/21/2014 5:45:00 AM,71436
5/22/2014 5:00:00 PM,5/22/2014 9:00:00 PM,5/21/2014 5:45:00 PM,99671
5/22/2014 6:00:00 AM,5/22/2014 10:00:00 AM,5/21/2014 5:45:00 AM,78660
5/22/2014 6:00:00 PM,5/22/2014 10:00:00 PM,5/21/2014 5:45:00 PM,98703
5/22/2014 7:00:00 AM,5/22/2014 11:00:00 AM,5/21/2014 5:45:00 AM,84320
5/22/2014 7:00:00 PM,5/22/2014 11:00:00 PM,5/21/2014 5:45:00 PM,98099
5/22/2014 8:00:00 AM,5/22/2014 12:00:00 PM,5/21/2014 9:45:00 AM,87743
5/22/2014 8:00:00 PM,5/23/2014 12:00:00 AM,5/21/2014 5:45:00 PM,98515
5/22/2014 9:00:00 AM,5/22/2014 1:00:00 PM,5/21/2014 9:45:00 AM,90361
5/22/2014 9:00:00 PM,5/23/2014 1:00:00 AM,5/21/2014 11:45:00 PM,95185
5/23/2014 10:00:00 AM,5/23/2014 2:00:00 PM,5/22/2014 9:45:00 AM,89225
5/23/2014 10:00:00 PM,5/24/2014 2:00:00 AM,5/22/2014 11:45:00 PM,82524
5/23/2014 11:00:00 AM,5/23/2014 3:00:00 PM,5/22/2014 11:45:00 AM,92511
5/23/2014 11:00:00 PM,5/24/2014 3:00:00 AM,5/22/2014 11:45:00 PM,76331
5/23/2014 12:00:00 AM,5/23/2014 4:00:00 AM,5/22/2014 5:45:00 AM,72670
5/23/2014 12:00:00 PM,5/23/2014 4:00:00 PM,5/22/2014 11:45:00 AM,93129
5/23/2014 1:00:00 AM,5/23/2014 5:00:00 AM,5/22/2014 5:45:00 AM,69011
5/23/2014 1:00:00 PM,5/23/2014 5:00:00 PM,5/22/2014 11:45:00 AM,93754
5/23/2014 2:00:00 AM,5/23/2014 6:00:00 AM,5/22/2014 5:45:00 AM,66909
5/23/2014 2:00:00 PM,5/23/2014 6:00:00 PM,5/22/2014 11:45:00 AM,93846
5/23/2014 3:00:00 AM,5/23/2014 7:00:00 AM,5/22/2014 5:45:00 AM,65971
5/23/2014 3:00:00 PM,5/23/2014 7:00:00 PM,5/22/2014 5:45:00 PM,93627
5/23/2014 4:00:00 AM,5/23/2014 8:00:00 AM,5/22/2014 5:45:00 AM,66608
5/23/2014 4:00:00 PM,5/23/2014 8:00:00 PM,5/22/2014 5:45:00 PM,93398
5/23/2014 5:00:00 AM,5/23/2014 9:00:00 AM,5/22/2014 5:45:00 AM,70342
5/23/2014 5:00:00 PM,5/23/2014 9:00:00 PM,5/22/2014 5:45:00 PM,92503
5/23/2014 6:00:00 AM,5/23/2014 10:00:00 AM,5/22/2014 5:45:00 AM,77055
5/23/2014 6:00:00 PM,5/23/2014 10:00:00 PM,5/22/2014 5:45:00 PM,90492
5/23/2014 7:00:00 AM,5/23/2014 11:00:00 AM,5/22/2014 5:45:00 AM,82354
5/23/2014 7:00:00 PM,5/23/2014 11:00:00 PM,5/22/2014 5:45:00 PM,88850
5/23/2014 8:00:00 AM,5/23/2014 12:00:00 PM,5/22/2014 9:45:00 AM,85195
5/23/2014 8:00:00 PM,5/24/2014 12:00:00 AM,5/22/2014 5:45:00 PM,88947
5/23/2014 9:00:00 AM,5/23/2014 1:00:00 PM,5/22/2014 9:45:00 AM,87314
5/23/2014 9:00:00 PM,5/24/2014 1:00:00 AM,5/22/2014 11:45:00 PM,87311
5/24/2014 10:00:00 AM,5/24/2014 2:00:00 PM,5/23/2014 9:45:00 AM,77781
5/24/2014 10:00:00 PM,5/25/2014 2:00:00 AM,5/23/2014 11:45:00 PM,76547
5/24/2014 11:00:00 AM,5/24/2014 3:00:00 PM,5/23/2014 11:45:00 AM,78689
5/24/2014 11:00:00 PM,5/25/2014 3:00:00 AM,5/23/2014 11:45:00 PM,71435
5/24/2014 12:00:00 AM,5/24/2014 4:00:00 AM,5/23/2014 5:45:00 AM,68630
5/24/2014 12:00:00 PM,5/24/2014 4:00:00 PM,5/23/2014 11:45:00 AM,79185
5/24/2014 1:00:00 AM,5/24/2014 5:00:00 AM,5/23/2014 5:45:00 AM,65238
5/24/2014 1:00:00 PM,5/24/2014 5:00:00 PM,5/23/2014 11:45:00 AM,79297
5/24/2014 2:00:00 AM,5/24/2014 6:00:00 AM,5/23/2014 5:45:00 AM,63192
5/24/2014 2:00:00 PM,5/24/2014 6:00:00 PM,5/23/2014 11:45:00 AM,79354
5/24/2014 3:00:00 AM,5/24/2014 7:00:00 AM,5/23/2014 5:45:00 AM,62100
5/24/2014 3:00:00 PM,5/24/2014 7:00:00 PM,5/23/2014 5:45:00 PM,79699
5/24/2014 4:00:00 AM,5/24/2014 8:00:00 AM,5/23/2014 5:45:00 AM,61958
5/24/2014 4:00:00 PM,5/24/2014 8:00:00 PM,5/23/2014 5:45:00 PM,80204
5/24/2014 5:00:00 AM,5/24/2014 9:00:00 AM,5/23/2014 5:45:00 AM,63097
5/24/2014 5:00:00 PM,5/24/2014 9:00:00 PM,5/23/2014 5:45:00 PM,80392
5/24/2014 6:00:00 AM,5/24/2014 10:00:00 AM,5/23/2014 5:45:00 AM,64824
5/24/2014 6:00:00 PM,5/24/2014 10:00:00 PM,5/23/2014 5:45:00 PM,80024
5/24/2014 7:00:00 AM,5/24/2014 11:00:00 AM,5/23/2014 5:45:00 AM,67845
5/24/2014 7:00:00 PM,5/24/2014 11:00:00 PM,5/23/2014 5:45:00 PM,79610
5/24/2014 8:00:00 AM,5/24/2014 12:00:00 PM,5/23/2014 9:45:00 AM,72146
5/24/2014 8:00:00 PM,5/25/2014 12:00:00 AM,5/23/2014 5:45:00 PM,80748
5/24/2014 9:00:00 AM,5/24/2014 1:00:00 PM,5/23/2014 9:45:00 AM,75552
5/24/2014 9:00:00 PM,5/25/2014 1:00:00 AM,5/23/2014 11:45:00 PM,80572
5/25/2014 10:00:00 AM,5/25/2014 2:00:00 PM,5/24/2014 9:45:00 AM,73862
5/25/2014 10:00:00 PM,5/26/2014 2:00:00 AM,5/24/2014 11:45:00 PM,78160
5/25/2014 11:00:00 AM,5/25/2014 3:00:00 PM,5/24/2014 11:45:00 AM,73034
5/25/2014 11:00:00 PM,5/26/2014 3:00:00 AM,5/24/2014 11:45:00 PM,73322
5/25/2014 12:00:00 AM,5/25/2014 4:00:00 AM,5/24/2014 5:45:00 AM,66229
5/25/2014 12:00:00 PM,5/25/2014 4:00:00 PM,5/24/2014 11:45:00 AM,73839
5/25/2014 1:00:00 AM,5/25/2014 5:00:00 AM,5/24/2014 5:45:00 AM,62937
5/25/2014 1:00:00 PM,5/25/2014 5:00:00 PM,5/24/2014 11:45:00 AM,74444
5/25/2014 2:00:00 AM,5/25/2014 6:00:00 AM,5/24/2014 5:45:00 AM,60917
5/25/2014 2:00:00 PM,5/25/2014 6:00:00 PM,5/24/2014 11:45:00 AM,74959
5/25/2014 3:00:00 AM,5/25/2014 7:00:00 AM,5/24/2014 5:45:00 AM,59771
5/25/2014 3:00:00 PM,5/25/2014 7:00:00 PM,5/24/2014 5:45:00 PM,77018
5/25/2014 4:00:00 AM,5/25/2014 8:00:00 AM,5/24/2014 5:45:00 AM,59314
5/25/2014 4:00:00 PM,5/25/2014 8:00:00 PM,5/24/2014 5:45:00 PM,77658
5/25/2014 5:00:00 AM,5/25/2014 9:00:00 AM,5/24/2014 5:45:00 AM,59762
5/25/2014 5:00:00 PM,5/25/2014 9:00:00 PM,5/24/2014 5:45:00 PM,78168
5/25/2014 6:00:00 AM,5/25/2014 10:00:00 AM,5/24/2014 5:45:00 AM,60296
5/25/2014 6:00:00 PM,5/25/2014 10:00:00 PM,5/24/2014 5:45:00 PM,78810
5/25/2014 7:00:00 AM,5/25/2014 11:00:00 AM,5/24/2014 5:45:00 AM,62736
5/25/2014 7:00:00 PM,5/25/2014 11:00:00 PM,5/24/2014 5:45:00 PM,80286
5/25/2014 8:00:00 AM,5/25/2014 12:00:00 PM,5/24/2014 9:45:00 AM,67214
5/25/2014 8:00:00 PM,5/26/2014 12:00:00 AM,5/24/2014 5:45:00 PM,82129
5/25/2014 9:00:00 AM,5/25/2014 1:00:00 PM,5/24/2014 9:45:00 AM,71098
5/25/2014 9:00:00 PM,5/26/2014 1:00:00 AM,5/24/2014 11:45:00 PM,81833
5/26/2014 10:00:00 AM,5/26/2014 2:00:00 PM,5/25/2014 9:45:00 AM,78246
5/26/2014 10:00:00 PM,5/27/2014 2:00:00 AM,5/25/2014 11:45:00 PM,89950
5/26/2014 11:00:00 AM,5/26/2014 3:00:00 PM,5/25/2014 11:45:00 AM,82547
5/26/2014 11:00:00 PM,5/27/2014 3:00:00 AM,5/25/2014 11:45:00 PM,83091
5/26/2014 12:00:00 AM,5/26/2014 4:00:00 AM,5/25/2014 5:45:00 AM,69436
5/26/2014 12:00:00 PM,5/26/2014 4:00:00 PM,5/25/2014 11:45:00 AM,85061
5/26/2014 1:00:00 AM,5/26/2014 5:00:00 AM,5/25/2014 5:45:00 AM,65640
5/26/2014 1:00:00 PM,5/26/2014 5:00:00 PM,5/25/2014 11:45:00 AM,86376
5/26/2014 2:00:00 AM,5/26/2014 6:00:00 AM,5/25/2014 5:45:00 AM,63207
5/26/2014 2:00:00 PM,5/26/2014 6:00:00 PM,5/25/2014 11:45:00 AM,87215
5/26/2014 3:00:00 AM,5/26/2014 7:00:00 AM,5/25/2014 5:45:00 AM,61602
5/26/2014 3:00:00 PM,5/26/2014 7:00:00 PM,5/25/2014 5:45:00 PM,89636
5/26/2014 4:00:00 AM,5/26/2014 8:00:00 AM,5/25/2014 5:45:00 AM,60939
5/26/2014 4:00:00 PM,5/26/2014 8:00:00 PM,5/25/2014 5:45:00 PM,90450
5/26/2014 5:00:00 AM,5/26/2014 9:00:00 AM,5/25/2014 5:45:00 AM,61186
5/26/2014 5:00:00 PM,5/26/2014 9:00:00 PM,5/25/2014 5:45:00 PM,91144
5/26/2014 6:00:00 AM,5/26/2014 10:00:00 AM,5/25/2014 5:45:00 AM,61677
5/26/2014 6:00:00 PM,5/26/2014 10:00:00 PM,5/25/2014 5:45:00 PM,92263
5/26/2014 7:00:00 AM,5/26/2014 11:00:00 AM,5/25/2014 5:45:00 AM,64281
5/26/2014 7:00:00 PM,5/26/2014 11:00:00 PM,5/25/2014 5:45:00 PM,94929
5/26/2014 8:00:00 AM,5/26/2014 12:00:00 PM,5/25/2014 9:45:00 AM,69162
5/26/2014 8:00:00 PM,5/27/2014 12:00:00 AM,5/25/2014 5:45:00 PM,96782
5/26/2014 9:00:00 AM,5/26/2014 1:00:00 PM,5/25/2014 9:45:00 AM,74155
5/26/2014 9:00:00 PM,5/27/2014 1:00:00 AM,5/25/2014 11:45:00 PM,95341
5/27/2014 10:00:00 AM,5/27/2014 2:00:00 PM,5/26/2014 9:45:00 AM,98008
5/27/2014 10:00:00 PM,5/28/2014 2:00:00 AM,5/26/2014 11:45:00 PM,97213
5/27/2014 11:00:00 AM,5/27/2014 3:00:00 PM,5/26/2014 11:45:00 AM,106776
5/27/2014 11:00:00 PM,5/28/2014 3:00:00 AM,5/26/2014 11:45:00 PM,88311
5/27/2014 12:00:00 AM,5/27/2014 4:00:00 AM,5/26/2014 5:45:00 AM,76190
5/27/2014 12:00:00 PM,5/27/2014 4:00:00 PM,5/26/2014 11:45:00 AM,109554
5/27/2014 1:00:00 AM,5/27/2014 5:00:00 AM,5/26/2014 5:45:00 AM,72216
5/27/2014 1:00:00 PM,5/27/2014 5:00:00 PM,5/26/2014 11:45:00 AM,111475
5/27/2014 2:00:00 AM,5/27/2014 6:00:00 AM,5/26/2014 5:45:00 AM,69723
5/27/2014 2:00:00 PM,5/27/2014 6:00:00 PM,5/26/2014 11:45:00 AM,112723
5/27/2014 3:00:00 AM,5/27/2014 7:00:00 AM,5/26/2014 5:45:00 AM,68590
5/27/2014 3:00:00 PM,5/27/2014 7:00:00 PM,5/26/2014 5:45:00 PM,114284
5/27/2014 4:00:00 AM,5/27/2014 8:00:00 AM,5/26/2014 5:45:00 AM,69093
5/27/2014 4:00:00 PM,5/27/2014 8:00:00 PM,5/26/2014 5:45:00 PM,114840
5/27/2014 5:00:00 AM,5/27/2014 9:00:00 AM,5/26/2014 5:45:00 AM,72990
5/27/2014 5:00:00 PM,5/27/2014 9:00:00 PM,5/26/2014 5:45:00 PM,114198
5/27/2014 6:00:00 AM,5/27/2014 10:00:00 AM,5/26/2014 5:45:00 AM,80329
5/27/2014 6:00:00 PM,5/27/2014 10:00:00 PM,5/26/2014 5:45:00 PM,111655
5/27/2014 7:00:00 AM,5/27/2014 11:00:00 AM,5/26/2014 5:45:00 AM,86230
5/27/2014 7:00:00 PM,5/27/2014 11:00:00 PM,5/26/2014 5:45:00 PM,109218
5/27/2014 8:00:00 AM,5/27/2014 12:00:00 PM,5/26/2014 9:45:00 AM,90416
5/27/2014 8:00:00 PM,5/28/2014 12:00:00 AM,5/26/2014 5:45:00 PM,108273
5/27/2014 9:00:00 AM,5/27/2014 1:00:00 PM,5/26/2014 9:45:00 AM,94195
5/27/2014 9:00:00 PM,5/28/2014 1:00:00 AM,5/26/2014 11:45:00 PM,105128
5/28/2014 10:00:00 AM,5/28/2014 2:00:00 PM,5/27/2014 9:45:00 AM,98173
5/28/2014 10:00:00 PM,5/29/2014 2:00:00 AM,5/27/2014 11:45:00 PM,91659
5/28/2014 11:00:00 AM,5/28/2014 3:00:00 PM,5/27/2014 11:45:00 AM,103963
5/28/2014 11:00:00 PM,5/29/2014 3:00:00 AM,5/27/2014 11:45:00 PM,83724
5/28/2014 12:00:00 AM,5/28/2014 4:00:00 AM,5/27/2014 5:45:00 AM,80202
5/28/2014 12:00:00 PM,5/28/2014 4:00:00 PM,5/27/2014 11:45:00 AM,106225
5/28/2014 1:00:00 AM,5/28/2014 5:00:00 AM,5/27/2014 5:45:00 AM,75738
5/28/2014 1:00:00 PM,5/28/2014 5:00:00 PM,5/27/2014 11:45:00 AM,107726
5/28/2014 2:00:00 AM,5/28/2014 6:00:00 AM,5/27/2014 5:45:00 AM,73021
5/28/2014 2:00:00 PM,5/28/2014 6:00:00 PM,5/27/2014 11:45:00 AM,108732
5/28/2014 3:00:00 AM,5/28/2014 7:00:00 AM,5/27/2014 5:45:00 AM,71554
5/28/2014 3:00:00 PM,5/28/2014 7:00:00 PM,5/27/2014 5:45:00 PM,110187
5/28/2014 4:00:00 AM,5/28/2014 8:00:00 AM,5/27/2014 5:45:00 AM,71913
5/28/2014 4:00:00 PM,5/28/2014 8:00:00 PM,5/27/2014 5:45:00 PM,109540
5/28/2014 5:00:00 AM,5/28/2014 9:00:00 AM,5/27/2014 5:45:00 AM,75690
5/28/2014 5:00:00 PM,5/28/2014 9:00:00 PM,5/27/2014 5:45:00 PM,107893
5/28/2014 6:00:00 AM,5/28/2014 10:00:00 AM,5/27/2014 5:45:00 AM,83012
5/28/2014 6:00:00 PM,5/28/2014 10:00:00 PM,5/27/2014 5:45:00 PM,105215
5/28/2014 7:00:00 AM,5/28/2014 11:00:00 AM,5/27/2014 5:45:00 AM,88608
5/28/2014 7:00:00 PM,5/28/2014 11:00:00 PM,5/27/2014 5:45:00 PM,102733
5/28/2014 8:00:00 AM,5/28/2014 12:00:00 PM,5/27/2014 9:45:00 AM,92070
5/28/2014 8:00:00 PM,5/29/2014 12:00:00 AM,5/27/2014 5:45:00 PM,101566
5/28/2014 9:00:00 AM,5/28/2014 1:00:00 PM,5/27/2014 9:45:00 AM,95145
5/28/2014 9:00:00 PM,5/29/2014 1:00:00 AM,5/27/2014 11:45:00 PM,98831
5/29/2014 10:00:00 AM,5/29/2014 2:00:00 PM,5/28/2014 9:45:00 AM,91074
5/29/2014 10:00:00 PM,5/30/2014 2:00:00 AM,5/28/2014 11:45:00 PM,85266
5/29/2014 11:00:00 AM,5/29/2014 3:00:00 PM,5/28/2014 11:45:00 AM,93626
5/29/2014 11:00:00 PM,5/30/2014 3:00:00 AM,5/28/2014 11:45:00 PM,78223
5/29/2014 12:00:00 AM,5/29/2014 4:00:00 AM,5/28/2014 5:45:00 AM,74728
5/29/2014 12:00:00 PM,5/29/2014 4:00:00 PM,5/28/2014 11:45:00 AM,94513
5/29/2014 1:00:00 AM,5/29/2014 5:00:00 AM,5/28/2014 5:45:00 AM,70890
5/29/2014 1:00:00 PM,5/29/2014 5:00:00 PM,5/28/2014 11:45:00 AM,95409
5/29/2014 2:00:00 AM,5/29/2014 6:00:00 AM,5/28/2014 5:45:00 AM,68629
5/29/2014 2:00:00 PM,5/29/2014 6:00:00 PM,5/28/2014 11:45:00 AM,95675
5/29/2014 3:00:00 AM,5/29/2014 7:00:00 AM,5/28/2014 5:45:00 AM,67581
5/29/2014 3:00:00 PM,5/29/2014 7:00:00 PM,5/28/2014 5:45:00 PM,95718
5/29/2014 4:00:00 AM,5/29/2014 8:00:00 AM,5/28/2014 5:45:00 AM,68110
5/29/2014 4:00:00 PM,5/29/2014 8:00:00 PM,5/28/2014 5:45:00 PM,95801
5/29/2014 5:00:00 AM,5/29/2014 9:00:00 AM,5/28/2014 5:45:00 AM,71923
5/29/2014 5:00:00 PM,5/29/2014 9:00:00 PM,5/28/2014 5:45:00 PM,95269
5/29/2014 6:00:00 AM,5/29/2014 10:00:00 AM,5/28/2014 5:45:00 AM,78777
5/29/2014 6:00:00 PM,5/29/2014 10:00:00 PM,5/28/2014 5:45:00 PM,94005
5/29/2014 7:00:00 AM,5/29/2014 11:00:00 AM,5/28/2014 5:45:00 AM,84120
5/29/2014 7:00:00 PM,5/29/2014 11:00:00 PM,5/28/2014 5:45:00 PM,92788
5/29/2014 8:00:00 AM,5/29/2014 12:00:00 PM,5/28/2014 9:45:00 AM,87168
5/29/2014 8:00:00 PM,5/30/2014 12:00:00 AM,5/28/2014 5:45:00 PM,93107
5/29/2014 9:00:00 AM,5/29/2014 1:00:00 PM,5/28/2014 9:45:00 AM,89265
5/29/2014 9:00:00 PM,5/30/2014 1:00:00 AM,5/28/2014 11:45:00 PM,91346
5/3/2014 10:00:00 AM,5/3/2014 2:00:00 PM,5/2/2014 9:45:00 AM,76905
5/3/2014 10:00:00 PM,5/4/2014 2:00:00 AM,5/2/2014 11:45:00 PM,73556
5/3/2014 11:00:00 AM,5/3/2014 3:00:00 PM,5/2/2014 11:45:00 AM,76770
5/3/2014 11:00:00 PM,5/4/2014 3:00:00 AM,5/2/2014 11:45:00 PM,69203
5/3/2014 12:00:00 AM,5/3/2014 4:00:00 AM,5/2/2014 5:45:00 AM,68095
5/3/2014 12:00:00 PM,5/3/2014 4:00:00 PM,5/2/2014 11:45:00 AM,76139
5/3/2014 1:00:00 AM,5/3/2014 5:00:00 AM,5/2/2014 5:45:00 AM,65293
5/3/2014 1:00:00 PM,5/3/2014 5:00:00 PM,5/2/2014 11:45:00 AM,75196
5/3/2014 2:00:00 AM,5/3/2014 6:00:00 AM,5/2/2014 5:45:00 AM,63660
5/3/2014 2:00:00 PM,5/3/2014 6:00:00 PM,5/2/2014 11:45:00 AM,74328
5/3/2014 3:00:00 AM,5/3/2014 7:00:00 AM,5/2/2014 5:45:00 AM,62966
5/3/2014 3:00:00 PM,5/3/2014 7:00:00 PM,5/2/2014 5:45:00 PM,73891
5/3/2014 4:00:00 AM,5/3/2014 8:00:00 AM,5/2/2014 5:45:00 AM,63142
5/3/2014 4:00:00 PM,5/3/2014 8:00:00 PM,5/2/2014 5:45:00 PM,73978
5/3/2014 5:00:00 AM,5/3/2014 9:00:00 AM,5/2/2014 5:45:00 AM,64680
5/3/2014 5:00:00 PM,5/3/2014 9:00:00 PM,5/2/2014 5:45:00 PM,74343
5/3/2014 6:00:00 AM,5/3/2014 10:00:00 AM,5/2/2014 5:45:00 AM,67177
5/3/2014 6:00:00 PM,5/3/2014 10:00:00 PM,5/2/2014 5:45:00 PM,74449
5/3/2014 7:00:00 AM,5/3/2014 11:00:00 AM,5/2/2014 5:45:00 AM,70108
5/3/2014 7:00:00 PM,5/3/2014 11:00:00 PM,5/2/2014 5:45:00 PM,75365
5/3/2014 8:00:00 AM,5/3/2014 12:00:00 PM,5/2/2014 9:45:00 AM,73548
5/3/2014 8:00:00 PM,5/4/2014 12:00:00 AM,5/2/2014 5:45:00 PM,77888
5/3/2014 9:00:00 AM,5/3/2014 1:00:00 PM,5/2/2014 9:45:00 AM,75863
5/3/2014 9:00:00 PM,5/4/2014 1:00:00 AM,5/2/2014 11:45:00 PM,77093
5/30/2014 10:00:00 AM,5/30/2014 2:00:00 PM,5/29/2014 9:45:00 AM,88707
5/30/2014 10:00:00 PM,5/31/2014 2:00:00 AM,5/29/2014 11:45:00 PM,83294
5/30/2014 11:00:00 AM,5/30/2014 3:00:00 PM,5/29/2014 11:45:00 AM,90688
5/30/2014 11:00:00 PM,5/31/2014 3:00:00 AM,5/29/2014 11:45:00 PM,76775
5/30/2014 12:00:00 AM,5/30/2014 4:00:00 AM,5/29/2014 5:45:00 AM,71353
5/30/2014 12:00:00 PM,5/30/2014 4:00:00 PM,5/29/2014 11:45:00 AM,91765
5/30/2014 1:00:00 AM,5/30/2014 5:00:00 AM,5/29/2014 5:45:00 AM,67844
5/30/2014 1:00:00 PM,5/30/2014 5:00:00 PM,5/29/2014 11:45:00 AM,92959
5/30/2014 2:00:00 AM,5/30/2014 6:00:00 AM,5/29/2014 5:45:00 AM,65872
5/30/2014 2:00:00 PM,5/30/2014 6:00:00 PM,5/29/2014 11:45:00 AM,93628
5/30/2014 3:00:00 AM,5/30/2014 7:00:00 AM,5/29/2014 5:45:00 AM,64967
5/30/2014 3:00:00 PM,5/30/2014 7:00:00 PM,5/29/2014 5:45:00 PM,93979
5/30/2014 4:00:00 AM,5/30/2014 8:00:00 AM,5/29/2014 5:45:00 AM,65667
5/30/2014 4:00:00 PM,5/30/2014 8:00:00 PM,5/29/2014 5:45:00 PM,94146
5/30/2014 5:00:00 AM,5/30/2014 9:00:00 AM,5/29/2014 5:45:00 AM,69440
5/30/2014 5:00:00 PM,5/30/2014 9:00:00 PM,5/29/2014 5:45:00 PM,93558
5/30/2014 6:00:00 AM,5/30/2014 10:00:00 AM,5/29/2014 5:45:00 AM,76003
5/30/2014 6:00:00 PM,5/30/2014 10:00:00 PM,5/29/2014 5:45:00 PM,91953
5/30/2014 7:00:00 AM,5/30/2014 11:00:00 AM,5/29/2014 5:45:00 AM,81356
5/30/2014 7:00:00 PM,5/30/2014 11:00:00 PM,5/29/2014 5:45:00 PM,90137
5/30/2014 8:00:00 AM,5/30/2014 12:00:00 PM,5/29/2014 9:45:00 AM,84308
5/30/2014 8:00:00 PM,5/31/2014 12:00:00 AM,5/29/2014 5:45:00 PM,89894
5/30/2014 9:00:00 AM,5/30/2014 1:00:00 PM,5/29/2014 9:45:00 AM,86579
5/30/2014 9:00:00 PM,5/31/2014 1:00:00 AM,5/29/2014 11:45:00 PM,88456
5/31/2014 10:00:00 AM,5/31/2014 2:00:00 PM,5/30/2014 9:45:00 AM,80047
5/31/2014 10:00:00 PM,6/1/2014 2:00:00 AM,5/30/2014 11:45:00 PM,80688
5/31/2014 11:00:00 AM,5/31/2014 3:00:00 PM,5/30/2014 11:45:00 AM,82984
5/31/2014 11:00:00 PM,6/1/2014 3:00:00 AM,5/30/2014 11:45:00 PM,74986
5/31/2014 12:00:00 AM,5/31/2014 4:00:00 AM,5/30/2014 5:45:00 AM,70189
5/31/2014 12:00:00 PM,5/31/2014 4:00:00 PM,5/30/2014 11:45:00 AM,84427
5/31/2014 1:00:00 AM,5/31/2014 5:00:00 AM,5/30/2014 5:45:00 AM,66430
5/31/2014 1:00:00 PM,5/31/2014 5:00:00 PM,5/30/2014 11:45:00 AM,85177
5/31/2014 2:00:00 AM,5/31/2014 6:00:00 AM,5/30/2014 5:45:00 AM,64094
5/31/2014 2:00:00 PM,5/31/2014 6:00:00 PM,5/30/2014 11:45:00 AM,85877
5/31/2014 3:00:00 AM,5/31/2014 7:00:00 AM,5/30/2014 5:45:00 AM,62760
5/31/2014 3:00:00 PM,5/31/2014 7:00:00 PM,5/30/2014 5:45:00 PM,86677
5/31/2014 4:00:00 AM,5/31/2014 8:00:00 AM,5/30/2014 5:45:00 AM,62353
5/31/2014 4:00:00 PM,5/31/2014 8:00:00 PM,5/30/2014 5:45:00 PM,87317
5/31/2014 5:00:00 AM,5/31/2014 9:00:00 AM,5/30/2014 5:45:00 AM,63279
5/31/2014 5:00:00 PM,5/31/2014 9:00:00 PM,5/30/2014 5:45:00 PM,87357
5/31/2014 6:00:00 AM,5/31/2014 10:00:00 AM,5/30/2014 5:45:00 AM,64755
5/31/2014 6:00:00 PM,5/31/2014 10:00:00 PM,5/30/2014 5:45:00 PM,86613
5/31/2014 7:00:00 AM,5/31/2014 11:00:00 AM,5/30/2014 5:45:00 AM,68008
5/31/2014 7:00:00 PM,5/31/2014 11:00:00 PM,5/30/2014 5:45:00 PM,85575
5/31/2014 8:00:00 AM,5/31/2014 12:00:00 PM,5/30/2014 9:45:00 AM,72709
5/31/2014 8:00:00 PM,6/1/2014 12:00:00 AM,5/30/2014 5:45:00 PM,86078
5/31/2014 9:00:00 AM,5/31/2014 1:00:00 PM,5/30/2014 9:45:00 AM,76878
5/31/2014 9:00:00 PM,6/1/2014 1:00:00 AM,5/30/2014 11:45:00 PM,85158
5/4/2014 10:00:00 AM,5/4/2014 2:00:00 PM,5/3/2014 9:45:00 AM,72909
5/4/2014 10:00:00 PM,5/5/2014 2:00:00 AM,5/3/2014 11:45:00 PM,74843
5/4/2014 11:00:00 AM,5/4/2014 3:00:00 PM,5/3/2014 11:45:00 AM,73506
5/4/2014 11:00:00 PM,5/5/2014 3:00:00 AM,5/3/2014 11:45:00 PM,70001
5/4/2014 12:00:00 AM,5/4/2014 4:00:00 AM,5/3/2014 5:45:00 AM,65072
5/4/2014 12:00:00 PM,5/4/2014 4:00:00 PM,5/3/2014 11:45:00 AM,73840
5/4/2014 1:00:00 AM,5/4/2014 5:00:00 AM,5/3/2014 5:45:00 AM,62449
5/4/2014 1:00:00 PM,5/4/2014 5:00:00 PM,5/3/2014 11:45:00 AM,73626
5/4/2014 2:00:00 AM,5/4/2014 6:00:00 AM,5/3/2014 5:45:00 AM,60935
5/4/2014 2:00:00 PM,5/4/2014 6:00:00 PM,5/3/2014 11:45:00 AM,73297
5/4/2014 3:00:00 AM,5/4/2014 7:00:00 AM,5/3/2014 5:45:00 AM,60188
5/4/2014 3:00:00 PM,5/4/2014 7:00:00 PM,5/3/2014 5:45:00 PM,73217
5/4/2014 4:00:00 AM,5/4/2014 8:00:00 AM,5/3/2014 5:45:00 AM,60133
5/4/2014 4:00:00 PM,5/4/2014 8:00:00 PM,5/3/2014 5:45:00 PM,73739
5/4/2014 5:00:00 AM,5/4/2014 9:00:00 AM,5/3/2014 5:45:00 AM,61132
5/4/2014 5:00:00 PM,5/4/2014 9:00:00 PM,5/3/2014 5:45:00 PM,74598
5/4/2014 6:00:00 AM,5/4/2014 10:00:00 AM,5/3/2014 5:45:00 AM,62652
5/4/2014 6:00:00 PM,5/4/2014 10:00:00 PM,5/3/2014 5:45:00 PM,75143
5/4/2014 7:00:00 AM,5/4/2014 11:00:00 AM,5/3/2014 5:45:00 AM,64832
5/4/2014 7:00:00 PM,5/4/2014 11:00:00 PM,5/3/2014 5:45:00 PM,76713
5/4/2014 8:00:00 AM,5/4/2014 12:00:00 PM,5/3/2014 9:45:00 AM,68944
5/4/2014 8:00:00 PM,5/5/2014 12:00:00 AM,5/3/2014 5:45:00 PM,79966
5/4/2014 9:00:00 AM,5/4/2014 1:00:00 PM,5/3/2014 9:45:00 AM,71629
5/4/2014 9:00:00 PM,5/5/2014 1:00:00 AM,5/3/2014 11:45:00 PM,79101
5/5/2014 10:00:00 AM,5/5/2014 2:00:00 PM,5/4/2014 9:45:00 AM,87071
5/5/2014 10:00:00 PM,5/6/2014 2:00:00 AM,5/4/2014 11:45:00 PM,80666
5/5/2014 11:00:00 AM,5/5/2014 3:00:00 PM,5/4/2014 11:45:00 AM,86944
5/5/2014 11:00:00 PM,5/6/2014 3:00:00 AM,5/4/2014 11:45:00 PM,74569
5/5/2014 12:00:00 AM,5/5/2014 4:00:00 AM,5/4/2014 5:45:00 AM,66036
5/5/2014 12:00:00 PM,5/5/2014 4:00:00 PM,5/4/2014 11:45:00 AM,86497
5/5/2014 1:00:00 AM,5/5/2014 5:00:00 AM,5/4/2014 5:45:00 AM,64035
5/5/2014 1:00:00 PM,5/5/2014 5:00:00 PM,5/4/2014 11:45:00 AM,86157
5/5/2014 2:00:00 AM,5/5/2014 6:00:00 AM,5/4/2014 5:45:00 AM,63189
5/5/2014 2:00:00 PM,5/5/2014 6:00:00 PM,5/4/2014 11:45:00 AM,85425
5/5/2014 3:00:00 AM,5/5/2014 7:00:00 AM,5/4/2014 5:45:00 AM,63329
5/5/2014 3:00:00 PM,5/5/2014 7:00:00 PM,5/4/2014 5:45:00 PM,84707
5/5/2014 4:00:00 AM,5/5/2014 8:00:00 AM,5/4/2014 5:45:00 AM,64979
5/5/2014 4:00:00 PM,5/5/2014 8:00:00 PM,5/4/2014 5:45:00 PM,84677
5/5/2014 5:00:00 AM,5/5/2014 9:00:00 AM,5/4/2014 5:45:00 AM,69895
5/5/2014 5:00:00 PM,5/5/2014 9:00:00 PM,5/4/2014 5:45:00 PM,85112
5/5/2014 6:00:00 AM,5/5/2014 10:00:00 AM,5/4/2014 5:45:00 AM,78367
5/5/2014 6:00:00 PM,5/5/2014 10:00:00 PM,5/4/2014 5:45:00 PM,85004
5/5/2014 7:00:00 AM,5/5/2014 11:00:00 AM,5/4/2014 5:45:00 AM,83650
5/5/2014 7:00:00 PM,5/5/2014 11:00:00 PM,5/4/2014 5:45:00 PM,85951
5/5/2014 8:00:00 AM,5/5/2014 12:00:00 PM,5/4/2014 9:45:00 AM,85835
5/5/2014 8:00:00 PM,5/6/2014 12:00:00 AM,5/4/2014 5:45:00 PM,88477
5/5/2014 9:00:00 AM,5/5/2014 1:00:00 PM,5/4/2014 9:45:00 AM,86547
5/5/2014 9:00:00 PM,5/6/2014 1:00:00 AM,5/4/2014 11:45:00 PM,86343
5/6/2014 10:00:00 AM,5/6/2014 2:00:00 PM,5/5/2014 9:45:00 AM,86337
5/6/2014 10:00:00 PM,5/7/2014 2:00:00 AM,5/5/2014 11:45:00 PM,80495
5/6/2014 11:00:00 AM,5/6/2014 3:00:00 PM,5/5/2014 11:45:00 AM,86158
5/6/2014 11:00:00 PM,5/7/2014 3:00:00 AM,5/5/2014 11:45:00 PM,74225
5/6/2014 12:00:00 AM,5/6/2014 4:00:00 AM,5/5/2014 5:45:00 AM,69064
5/6/2014 12:00:00 PM,5/6/2014 4:00:00 PM,5/5/2014 11:45:00 AM,85971
5/6/2014 1:00:00 AM,5/6/2014 5:00:00 AM,5/5/2014 5:45:00 AM,66579
5/6/2014 1:00:00 PM,5/6/2014 5:00:00 PM,5/5/2014 11:45:00 AM,86058
5/6/2014 2:00:00 AM,5/6/2014 6:00:00 AM,5/5/2014 5:45:00 AM,65379
5/6/2014 2:00:00 PM,5/6/2014 6:00:00 PM,5/5/2014 11:45:00 AM,85734
5/6/2014 3:00:00 AM,5/6/2014 7:00:00 AM,5/5/2014 5:45:00 AM,65155
5/6/2014 3:00:00 PM,5/6/2014 7:00:00 PM,5/5/2014 5:45:00 PM,85317
5/6/2014 4:00:00 AM,5/6/2014 8:00:00 AM,5/5/2014 5:45:00 AM,66593
5/6/2014 4:00:00 PM,5/6/2014 8:00:00 PM,5/5/2014 5:45:00 PM,85388
5/6/2014 5:00:00 AM,5/6/2014 9:00:00 AM,5/5/2014 5:45:00 AM,71346
5/6/2014 5:00:00 PM,5/6/2014 9:00:00 PM,5/5/2014 5:45:00 PM,85514
5/6/2014 6:00:00 AM,5/6/2014 10:00:00 AM,5/5/2014 5:45:00 AM,79462
5/6/2014 6:00:00 PM,5/6/2014 10:00:00 PM,5/5/2014 5:45:00 PM,84948
5/6/2014 7:00:00 AM,5/6/2014 11:00:00 AM,5/5/2014 5:45:00 AM,84207
5/6/2014 7:00:00 PM,5/6/2014 11:00:00 PM,5/5/2014 5:45:00 PM,85535
5/6/2014 8:00:00 AM,5/6/2014 12:00:00 PM,5/5/2014 9:45:00 AM,85710
5/6/2014 8:00:00 PM,5/7/2014 12:00:00 AM,5/5/2014 5:45:00 PM,88174
5/6/2014 9:00:00 AM,5/6/2014 1:00:00 PM,5/5/2014 9:45:00 AM,86004
5/6/2014 9:00:00 PM,5/7/2014 1:00:00 AM,5/5/2014 11:45:00 PM,86392
5/7/2014 10:00:00 AM,5/7/2014 2:00:00 PM,5/6/2014 9:45:00 AM,86551
5/7/2014 10:00:00 PM,5/8/2014 2:00:00 AM,5/6/2014 11:45:00 PM,82752
5/7/2014 11:00:00 AM,5/7/2014 3:00:00 PM,5/6/2014 11:45:00 AM,86974
5/7/2014 11:00:00 PM,5/8/2014 3:00:00 AM,5/6/2014 11:45:00 PM,76237
5/7/2014 12:00:00 AM,5/7/2014 4:00:00 AM,5/6/2014 5:45:00 AM,68893
5/7/2014 12:00:00 PM,5/7/2014 4:00:00 PM,5/6/2014 11:45:00 AM,87411
5/7/2014 1:00:00 AM,5/7/2014 5:00:00 AM,5/6/2014 5:45:00 AM,66150
5/7/2014 1:00:00 PM,5/7/2014 5:00:00 PM,5/6/2014 11:45:00 AM,88067
5/7/2014 2:00:00 AM,5/7/2014 6:00:00 AM,5/6/2014 5:45:00 AM,64789
5/7/2014 2:00:00 PM,5/7/2014 6:00:00 PM,5/6/2014 11:45:00 AM,88366
5/7/2014 3:00:00 AM,5/7/2014 7:00:00 AM,5/6/2014 5:45:00 AM,64432
5/7/2014 3:00:00 PM,5/7/2014 7:00:00 PM,5/6/2014 5:45:00 PM,88520
5/7/2014 4:00:00 AM,5/7/2014 8:00:00 AM,5/6/2014 5:45:00 AM,65634
5/7/2014 4:00:00 PM,5/7/2014 8:00:00 PM,5/6/2014 5:45:00 PM,88833
5/7/2014 5:00:00 AM,5/7/2014 9:00:00 AM,5/6/2014 5:45:00 AM,70226
5/7/2014 5:00:00 PM,5/7/2014 9:00:00 PM,5/6/2014 5:45:00 PM,89140
5/7/2014 6:00:00 AM,5/7/2014 10:00:00 AM,5/6/2014 5:45:00 AM,78118
5/7/2014 6:00:00 PM,5/7/2014 10:00:00 PM,5/6/2014 5:45:00 PM,88577
5/7/2014 7:00:00 AM,5/7/2014 11:00:00 AM,5/6/2014 5:45:00 AM,82991
5/7/2014 7:00:00 PM,5/7/2014 11:00:00 PM,5/6/2014 5:45:00 PM,89010
5/7/2014 8:00:00 AM,5/7/2014 12:00:00 PM,5/6/2014 9:45:00 AM,84758
5/7/2014 8:00:00 PM,5/8/2014 12:00:00 AM,5/6/2014 5:45:00 PM,90996
5/7/2014 9:00:00 AM,5/7/2014 1:00:00 PM,5/6/2014 9:45:00 AM,85601
5/7/2014 9:00:00 PM,5/8/2014 1:00:00 AM,5/6/2014 11:45:00 PM,88826
5/8/2014 10:00:00 AM,5/8/2014 2:00:00 PM,5/7/2014 9:45:00 AM,90428
5/8/2014 10:00:00 PM,5/9/2014 2:00:00 AM,5/7/2014 11:45:00 PM,88239
5/8/2014 11:00:00 AM,5/8/2014 3:00:00 PM,5/7/2014 11:45:00 AM,92202
5/8/2014 11:00:00 PM,5/9/2014 3:00:00 AM,5/7/2014 11:45:00 PM,80858
5/8/2014 12:00:00 AM,5/8/2014 4:00:00 AM,5/7/2014 5:45:00 AM,70991
5/8/2014 12:00:00 PM,5/8/2014 4:00:00 PM,5/7/2014 11:45:00 AM,93951
5/8/2014 1:00:00 AM,5/8/2014 5:00:00 AM,5/7/2014 5:45:00 AM,67750
5/8/2014 1:00:00 PM,5/8/2014 5:00:00 PM,5/7/2014 11:45:00 AM,95684
5/8/2014 2:00:00 AM,5/8/2014 6:00:00 AM,5/7/2014 5:45:00 AM,65952
5/8/2014 2:00:00 PM,5/8/2014 6:00:00 PM,5/7/2014 11:45:00 AM,96772
5/8/2014 3:00:00 AM,5/8/2014 7:00:00 AM,5/7/2014 5:45:00 AM,65191
5/8/2014 3:00:00 PM,5/8/2014 7:00:00 PM,5/7/2014 5:45:00 PM,97504
5/8/2014 4:00:00 AM,5/8/2014 8:00:00 AM,5/7/2014 5:45:00 AM,66138
5/8/2014 4:00:00 PM,5/8/2014 8:00:00 PM,5/7/2014 5:45:00 PM,98204
5/8/2014 5:00:00 AM,5/8/2014 9:00:00 AM,5/7/2014 5:45:00 AM,70323
5/8/2014 5:00:00 PM,5/8/2014 9:00:00 PM,5/7/2014 5:45:00 PM,98069
5/8/2014 6:00:00 AM,5/8/2014 10:00:00 AM,5/7/2014 5:45:00 AM,78118
5/8/2014 6:00:00 PM,5/8/2014 10:00:00 PM,5/7/2014 5:45:00 PM,96867
5/8/2014 7:00:00 AM,5/8/2014 11:00:00 AM,5/7/2014 5:45:00 AM,83283
5/8/2014 7:00:00 PM,5/8/2014 11:00:00 PM,5/7/2014 5:45:00 PM,96744
5/8/2014 8:00:00 AM,5/8/2014 12:00:00 PM,5/7/2014 9:45:00 AM,86043
5/8/2014 8:00:00 PM,5/9/2014 12:00:00 AM,5/7/2014 5:45:00 PM,98241
5/8/2014 9:00:00 AM,5/8/2014 1:00:00 PM,5/7/2014 9:45:00 AM,88147
5/8/2014 9:00:00 PM,5/9/2014 1:00:00 AM,5/7/2014 11:45:00 PM,95169
5/9/2014 10:00:00 AM,5/9/2014 2:00:00 PM,5/8/2014 9:45:00 AM,93192
5/9/2014 10:00:00 PM,5/10/2014 2:00:00 AM,5/8/2014 11:45:00 PM,85920
5/9/2014 11:00:00 AM,5/9/2014 3:00:00 PM,5/8/2014 11:45:00 AM,95178
5/9/2014 11:00:00 PM,5/10/2014 3:00:00 AM,5/8/2014 11:45:00 PM,79303
5/9/2014 12:00:00 AM,5/9/2014 4:00:00 AM,5/8/2014 5:45:00 AM,75226
5/9/2014 12:00:00 PM,5/9/2014 4:00:00 PM,5/8/2014 11:45:00 AM,96585
5/9/2014 1:00:00 AM,5/9/2014 5:00:00 AM,5/8/2014 5:45:00 AM,71415
5/9/2014 1:00:00 PM,5/9/2014 5:00:00 PM,5/8/2014 11:45:00 AM,98047
5/9/2014 2:00:00 AM,5/9/2014 6:00:00 AM,5/8/2014 5:45:00 AM,69023
5/9/2014 2:00:00 PM,5/9/2014 6:00:00 PM,5/8/2014 11:45:00 AM,98812
5/9/2014 3:00:00 AM,5/9/2014 7:00:00 AM,5/8/2014 5:45:00 AM,67921
5/9/2014 3:00:00 PM,5/9/2014 7:00:00 PM,5/8/2014 5:45:00 PM,98921
5/9/2014 4:00:00 AM,5/9/2014 8:00:00 AM,5/8/2014 5:45:00 AM,68390
5/9/2014 4:00:00 PM,5/9/2014 8:00:00 PM,5/8/2014 5:45:00 PM,98817
5/9/2014 5:00:00 AM,5/9/2014 9:00:00 AM,5/8/2014 5:45:00 AM,72168
5/9/2014 5:00:00 PM,5/9/2014 9:00:00 PM,5/8/2014 5:45:00 PM,97677
5/9/2014 6:00:00 AM,5/9/2014 10:00:00 AM,5/8/2014 5:45:00 AM,79473
5/9/2014 6:00:00 PM,5/9/2014 10:00:00 PM,5/8/2014 5:45:00 PM,95458
5/9/2014 7:00:00 AM,5/9/2014 11:00:00 AM,5/8/2014 5:45:00 AM,84673
5/9/2014 7:00:00 PM,5/9/2014 11:00:00 PM,5/8/2014 5:45:00 PM,93975
5/9/2014 8:00:00 AM,5/9/2014 12:00:00 PM,5/8/2014 9:45:00 AM,88154
5/9/2014 8:00:00 PM,5/10/2014 12:00:00 AM,5/8/2014 5:45:00 PM,93866
5/9/2014 9:00:00 AM,5/9/2014 1:00:00 PM,5/8/2014 9:45:00 AM,90639
5/9/2014 9:00:00 PM,5/10/2014 1:00:00 AM,5/8/2014 11:45:00 PM,91602
6/1/2014 10:00:00 AM,6/1/2014 2:00:00 PM,5/31/2014 9:45:00 AM,76572
6/1/2014 10:00:00 PM,6/2/2014 2:00:00 AM,5/31/2014 11:45:00 PM,86926
6/1/2014 11:00:00 AM,6/1/2014 3:00:00 PM,5/31/2014 11:45:00 AM,80899
6/1/2014 11:00:00 PM,6/2/2014 3:00:00 AM,5/31/2014 11:45:00 PM,80396
6/1/2014 12:00:00 AM,6/1/2014 4:00:00 AM,5/31/2014 5:45:00 AM,68911
6/1/2014 12:00:00 PM,6/1/2014 4:00:00 PM,5/31/2014 11:45:00 AM,83685
6/1/2014 1:00:00 AM,6/1/2014 5:00:00 AM,5/31/2014 5:45:00 AM,65157
6/1/2014 1:00:00 PM,6/1/2014 5:00:00 PM,5/31/2014 11:45:00 AM,85736
6/1/2014 2:00:00 AM,6/1/2014 6:00:00 AM,5/31/2014 5:45:00 AM,62782
6/1/2014 2:00:00 PM,6/1/2014 6:00:00 PM,5/31/2014 11:45:00 AM,87447
6/1/2014 3:00:00 AM,6/1/2014 7:00:00 AM,5/31/2014 5:45:00 AM,61341
6/1/2014 3:00:00 PM,6/1/2014 7:00:00 PM,5/31/2014 5:45:00 PM,91543
6/1/2014 4:00:00 AM,6/1/2014 8:00:00 AM,5/31/2014 5:45:00 AM,60709
6/1/2014 4:00:00 PM,6/1/2014 8:00:00 PM,5/31/2014 5:45:00 PM,93433
6/1/2014 5:00:00 AM,6/1/2014 9:00:00 AM,5/31/2014 5:45:00 AM,60948
6/1/2014 5:00:00 PM,6/1/2014 9:00:00 PM,5/31/2014 5:45:00 PM,94547
6/1/2014 6:00:00 AM,6/1/2014 10:00:00 AM,5/31/2014 5:45:00 AM,61372
6/1/2014 6:00:00 PM,6/1/2014 10:00:00 PM,5/31/2014 5:45:00 PM,94280
6/1/2014 7:00:00 AM,6/1/2014 11:00:00 AM,5/31/2014 5:45:00 AM,63944
6/1/2014 7:00:00 PM,6/1/2014 11:00:00 PM,5/31/2014 5:45:00 PM,93334
6/1/2014 8:00:00 AM,6/1/2014 12:00:00 PM,5/31/2014 9:45:00 AM,68523
6/1/2014 8:00:00 PM,6/2/2014 12:00:00 AM,5/31/2014 5:45:00 PM,93533
6/1/2014 9:00:00 AM,6/1/2014 1:00:00 PM,5/31/2014 9:45:00 AM,73030
6/1/2014 9:00:00 PM,6/2/2014 1:00:00 AM,5/31/2014 11:45:00 PM,93924
6/10/2014 10:00:00 AM,6/10/2014 2:00:00 PM,6/9/2014 9:45:00 AM,97923
6/10/2014 10:00:00 PM,6/11/2014 2:00:00 AM,6/9/2014 11:45:00 PM,95509
6/10/2014 11:00:00 AM,6/10/2014 3:00:00 PM,6/9/2014 11:45:00 AM,102182
6/10/2014 11:00:00 PM,6/11/2014 3:00:00 AM,6/9/2014 11:45:00 PM,86912
6/10/2014 12:00:00 AM,6/10/2014 4:00:00 AM,6/9/2014 5:45:00 AM,76584
6/10/2014 12:00:00 PM,6/10/2014 4:00:00 PM,6/9/2014 11:45:00 AM,104950
6/10/2014 1:00:00 AM,6/10/2014 5:00:00 AM,6/9/2014 5:45:00 AM,72467
6/10/2014 1:00:00 PM,6/10/2014 5:00:00 PM,6/9/2014 11:45:00 AM,107604
6/10/2014 2:00:00 AM,6/10/2014 6:00:00 AM,6/9/2014 5:45:00 AM,69971
6/10/2014 2:00:00 PM,6/10/2014 6:00:00 PM,6/9/2014 11:45:00 AM,109427
6/10/2014 3:00:00 AM,6/10/2014 7:00:00 AM,6/9/2014 5:45:00 AM,68774
6/10/2014 3:00:00 PM,6/10/2014 7:00:00 PM,6/9/2014 5:45:00 PM,110950
6/10/2014 4:00:00 AM,6/10/2014 8:00:00 AM,6/9/2014 5:45:00 AM,69320
6/10/2014 4:00:00 PM,6/10/2014 8:00:00 PM,6/9/2014 5:45:00 PM,112122
6/10/2014 5:00:00 AM,6/10/2014 9:00:00 AM,6/9/2014 5:45:00 AM,73074
6/10/2014 5:00:00 PM,6/10/2014 9:00:00 PM,6/9/2014 5:45:00 PM,112004
6/10/2014 6:00:00 AM,6/10/2014 10:00:00 AM,6/9/2014 5:45:00 AM,79784
6/10/2014 6:00:00 PM,6/10/2014 10:00:00 PM,6/9/2014 5:45:00 PM,109988
6/10/2014 7:00:00 AM,6/10/2014 11:00:00 AM,6/9/2014 5:45:00 AM,85903
6/10/2014 7:00:00 PM,6/10/2014 11:00:00 PM,6/9/2014 5:45:00 PM,107128
6/10/2014 8:00:00 AM,6/10/2014 12:00:00 PM,6/9/2014 9:45:00 AM,90152
6/10/2014 8:00:00 PM,6/11/2014 12:00:00 AM,6/9/2014 5:45:00 PM,104959
6/10/2014 9:00:00 AM,6/10/2014 1:00:00 PM,6/9/2014 9:45:00 AM,94005
6/10/2014 9:00:00 PM,6/11/2014 1:00:00 AM,6/9/2014 11:45:00 PM,102854
6/11/2014 10:00:00 AM,6/11/2014 2:00:00 PM,6/10/2014 9:45:00 AM,101161
6/11/2014 10:00:00 PM,6/12/2014 2:00:00 AM,6/10/2014 11:45:00 PM,95214
6/11/2014 11:00:00 AM,6/11/2014 3:00:00 PM,6/10/2014 11:45:00 AM,104752
6/11/2014 11:00:00 PM,6/12/2014 3:00:00 AM,6/10/2014 11:45:00 PM,86814
6/11/2014 12:00:00 AM,6/11/2014 4:00:00 AM,6/10/2014 5:45:00 AM,80067
6/11/2014 12:00:00 PM,6/11/2014 4:00:00 PM,6/10/2014 11:45:00 AM,107343
6/11/2014 1:00:00 AM,6/11/2014 5:00:00 AM,6/10/2014 5:45:00 AM,75559
6/11/2014 1:00:00 PM,6/11/2014 5:00:00 PM,6/10/2014 11:45:00 AM,109460
6/11/2014 2:00:00 AM,6/11/2014 6:00:00 AM,6/10/2014 5:45:00 AM,72842
6/11/2014 2:00:00 PM,6/11/2014 6:00:00 PM,6/10/2014 11:45:00 AM,110897
6/11/2014 3:00:00 AM,6/11/2014 7:00:00 AM,6/10/2014 5:45:00 AM,71441
6/11/2014 3:00:00 PM,6/11/2014 7:00:00 PM,6/10/2014 5:45:00 PM,112230
6/11/2014 4:00:00 AM,6/11/2014 8:00:00 AM,6/10/2014 5:45:00 AM,71930
6/11/2014 4:00:00 PM,6/11/2014 8:00:00 PM,6/10/2014 5:45:00 PM,112441
6/11/2014 5:00:00 AM,6/11/2014 9:00:00 AM,6/10/2014 5:45:00 AM,75550
6/11/2014 5:00:00 PM,6/11/2014 9:00:00 PM,6/10/2014 5:45:00 PM,111738
6/11/2014 6:00:00 AM,6/11/2014 10:00:00 AM,6/10/2014 5:45:00 AM,82150
6/11/2014 6:00:00 PM,6/11/2014 10:00:00 PM,6/10/2014 5:45:00 PM,109477
6/11/2014 7:00:00 AM,6/11/2014 11:00:00 AM,6/10/2014 5:45:00 AM,88414
6/11/2014 7:00:00 PM,6/11/2014 11:00:00 PM,6/10/2014 5:45:00 PM,106524
6/11/2014 8:00:00 AM,6/11/2014 12:00:00 PM,6/10/2014 9:45:00 AM,93004
6/11/2014 8:00:00 PM,6/12/2014 12:00:00 AM,6/10/2014 5:45:00 PM,104509
6/11/2014 9:00:00 AM,6/11/2014 1:00:00 PM,6/10/2014 9:45:00 AM,97057
6/11/2014 9:00:00 PM,6/12/2014 1:00:00 AM,6/10/2014 11:45:00 PM,101922
6/12/2014 10:00:00 AM,6/12/2014 2:00:00 PM,6/11/2014 9:45:00 AM,99795
6/12/2014 10:00:00 PM,6/13/2014 2:00:00 AM,6/11/2014 11:45:00 PM,94344
6/12/2014 11:00:00 AM,6/12/2014 3:00:00 PM,6/11/2014 11:45:00 AM,101813
6/12/2014 11:00:00 PM,6/13/2014 3:00:00 AM,6/11/2014 11:45:00 PM,85916
6/12/2014 12:00:00 AM,6/12/2014 4:00:00 AM,6/11/2014 5:45:00 AM,79832
6/12/2014 12:00:00 PM,6/12/2014 4:00:00 PM,6/11/2014 11:45:00 AM,104091
6/12/2014 1:00:00 AM,6/12/2014 5:00:00 AM,6/11/2014 5:45:00 AM,75336
6/12/2014 1:00:00 PM,6/12/2014 5:00:00 PM,6/11/2014 11:45:00 AM,106415
6/12/2014 2:00:00 AM,6/12/2014 6:00:00 AM,6/11/2014 5:45:00 AM,72639
6/12/2014 2:00:00 PM,6/12/2014 6:00:00 PM,6/11/2014 11:45:00 AM,108091
6/12/2014 3:00:00 AM,6/12/2014 7:00:00 AM,6/11/2014 5:45:00 AM,71292
6/12/2014 3:00:00 PM,6/12/2014 7:00:00 PM,6/11/2014 5:45:00 PM,110451
6/12/2014 4:00:00 AM,6/12/2014 8:00:00 AM,6/11/2014 5:45:00 AM,71698
6/12/2014 4:00:00 PM,6/12/2014 8:00:00 PM,6/11/2014 5:45:00 PM,111337
6/12/2014 5:00:00 AM,6/12/2014 9:00:00 AM,6/11/2014 5:45:00 AM,75260
6/12/2014 5:00:00 PM,6/12/2014 9:00:00 PM,6/11/2014 5:45:00 PM,111368
6/12/2014 6:00:00 AM,6/12/2014 10:00:00 AM,6/11/2014 5:45:00 AM,81807
6/12/2014 6:00:00 PM,6/12/2014 10:00:00 PM,6/11/2014 5:45:00 PM,109549
6/12/2014 7:00:00 AM,6/12/2014 11:00:00 AM,6/11/2014 5:45:00 AM,87857
6/12/2014 7:00:00 PM,6/12/2014 11:00:00 PM,6/11/2014 5:45:00 PM,106700
6/12/2014 8:00:00 AM,6/12/2014 12:00:00 PM,6/11/2014 9:45:00 AM,92150
6/12/2014 8:00:00 PM,6/13/2014 12:00:00 AM,6/11/2014 5:45:00 PM,104922
6/12/2014 9:00:00 AM,6/12/2014 1:00:00 PM,6/11/2014 9:45:00 AM,96002
6/12/2014 9:00:00 PM,6/13/2014 1:00:00 AM,6/11/2014 11:45:00 PM,101296
6/13/2014 10:00:00 AM,6/13/2014 2:00:00 PM,6/12/2014 9:45:00 AM,97936
6/13/2014 10:00:00 PM,6/14/2014 2:00:00 AM,6/12/2014 11:45:00 PM,89777
6/13/2014 11:00:00 AM,6/13/2014 3:00:00 PM,6/12/2014 11:45:00 AM,100667
6/13/2014 11:00:00 PM,6/14/2014 3:00:00 AM,6/12/2014 11:45:00 PM,82531
6/13/2014 12:00:00 AM,6/13/2014 4:00:00 AM,6/12/2014 5:45:00 AM,78569
6/13/2014 12:00:00 PM,6/13/2014 4:00:00 PM,6/12/2014 11:45:00 AM,102652
6/13/2014 1:00:00 AM,6/13/2014 5:00:00 AM,6/12/2014 5:45:00 AM,74125
6/13/2014 1:00:00 PM,6/13/2014 5:00:00 PM,6/12/2014 11:45:00 AM,104486
6/13/2014 2:00:00 AM,6/13/2014 6:00:00 AM,6/12/2014 5:45:00 AM,71420
6/13/2014 2:00:00 PM,6/13/2014 6:00:00 PM,6/12/2014 11:45:00 AM,105644
6/13/2014 3:00:00 AM,6/13/2014 7:00:00 AM,6/12/2014 5:45:00 AM,70077
6/13/2014 3:00:00 PM,6/13/2014 7:00:00 PM,6/12/2014 5:45:00 PM,104965
6/13/2014 4:00:00 AM,6/13/2014 8:00:00 AM,6/12/2014 5:45:00 AM,70431
6/13/2014 4:00:00 PM,6/13/2014 8:00:00 PM,6/12/2014 5:45:00 PM,105067
6/13/2014 5:00:00 AM,6/13/2014 9:00:00 AM,6/12/2014 5:45:00 AM,73847
6/13/2014 5:00:00 PM,6/13/2014 9:00:00 PM,6/12/2014 5:45:00 PM,104234
6/13/2014 6:00:00 AM,6/13/2014 10:00:00 AM,6/12/2014 5:45:00 AM,80090
6/13/2014 6:00:00 PM,6/13/2014 10:00:00 PM,6/12/2014 5:45:00 PM,101728
6/13/2014 7:00:00 AM,6/13/2014 11:00:00 AM,6/12/2014 5:45:00 AM,86056
6/13/2014 7:00:00 PM,6/13/2014 11:00:00 PM,6/12/2014 5:45:00 PM,98508
6/13/2014 8:00:00 AM,6/13/2014 12:00:00 PM,6/12/2014 9:45:00 AM,90437
6/13/2014 8:00:00 PM,6/14/2014 12:00:00 AM,6/12/2014 5:45:00 PM,96376
6/13/2014 9:00:00 AM,6/13/2014 1:00:00 PM,6/12/2014 9:45:00 AM,94277
6/13/2014 9:00:00 PM,6/14/2014 1:00:00 AM,6/12/2014 11:45:00 PM,95095
6/14/2014 10:00:00 AM,6/14/2014 2:00:00 PM,6/13/2014 9:45:00 AM,83494
6/14/2014 10:00:00 PM,6/15/2014 2:00:00 AM,6/13/2014 11:45:00 PM,81752
6/14/2014 11:00:00 AM,6/14/2014 3:00:00 PM,6/13/2014 11:45:00 AM,85588
6/14/2014 11:00:00 PM,6/15/2014 3:00:00 AM,6/13/2014 11:45:00 PM,75833
6/14/2014 12:00:00 AM,6/14/2014 4:00:00 AM,6/13/2014 5:45:00 AM,74733
6/14/2014 12:00:00 PM,6/14/2014 4:00:00 PM,6/13/2014 11:45:00 AM,86964
6/14/2014 1:00:00 AM,6/14/2014 5:00:00 AM,6/13/2014 5:45:00 AM,70476
6/14/2014 1:00:00 PM,6/14/2014 5:00:00 PM,6/13/2014 11:45:00 AM,87846
6/14/2014 2:00:00 AM,6/14/2014 6:00:00 AM,6/13/2014 5:45:00 AM,67653
6/14/2014 2:00:00 PM,6/14/2014 6:00:00 PM,6/13/2014 11:45:00 AM,88539
6/14/2014 3:00:00 AM,6/14/2014 7:00:00 AM,6/13/2014 5:45:00 AM,66010
6/14/2014 3:00:00 PM,6/14/2014 7:00:00 PM,6/13/2014 5:45:00 PM,89446
6/14/2014 4:00:00 AM,6/14/2014 8:00:00 AM,6/13/2014 5:45:00 AM,65422
6/14/2014 4:00:00 PM,6/14/2014 8:00:00 PM,6/13/2014 5:45:00 PM,90224
6/14/2014 5:00:00 AM,6/14/2014 9:00:00 AM,6/13/2014 5:45:00 AM,66049
6/14/2014 5:00:00 PM,6/14/2014 9:00:00 PM,6/13/2014 5:45:00 PM,90398
6/14/2014 6:00:00 AM,6/14/2014 10:00:00 AM,6/13/2014 5:45:00 AM,67369
6/14/2014 6:00:00 PM,6/14/2014 10:00:00 PM,6/13/2014 5:45:00 PM,89467
6/14/2014 7:00:00 AM,6/14/2014 11:00:00 AM,6/13/2014 5:45:00 AM,70773
6/14/2014 7:00:00 PM,6/14/2014 11:00:00 PM,6/13/2014 5:45:00 PM,87770
6/14/2014 8:00:00 AM,6/14/2014 12:00:00 PM,6/13/2014 9:45:00 AM,75561
6/14/2014 8:00:00 PM,6/15/2014 12:00:00 AM,6/13/2014 5:45:00 PM,86707
6/14/2014 9:00:00 AM,6/14/2014 1:00:00 PM,6/13/2014 9:45:00 AM,80058
6/14/2014 9:00:00 PM,6/15/2014 1:00:00 AM,6/13/2014 11:45:00 PM,86125
6/15/2014 10:00:00 AM,6/15/2014 2:00:00 PM,6/14/2014 9:45:00 AM,78623
6/15/2014 10:00:00 PM,6/16/2014 2:00:00 AM,6/14/2014 11:45:00 PM,87737
6/15/2014 11:00:00 AM,6/15/2014 3:00:00 PM,6/14/2014 11:45:00 AM,82616
6/15/2014 11:00:00 PM,6/16/2014 3:00:00 AM,6/14/2014 11:45:00 PM,80883
6/15/2014 12:00:00 AM,6/15/2014 4:00:00 AM,6/14/2014 5:45:00 AM,69126
6/15/2014 12:00:00 PM,6/15/2014 4:00:00 PM,6/14/2014 11:45:00 AM,85631
6/15/2014 1:00:00 AM,6/15/2014 5:00:00 AM,6/14/2014 5:45:00 AM,65302
6/15/2014 1:00:00 PM,6/15/2014 5:00:00 PM,6/14/2014 11:45:00 AM,88051
6/15/2014 2:00:00 AM,6/15/2014 6:00:00 AM,6/14/2014 5:45:00 AM,62866
6/15/2014 2:00:00 PM,6/15/2014 6:00:00 PM,6/14/2014 11:45:00 AM,90403
6/15/2014 3:00:00 AM,6/15/2014 7:00:00 AM,6/14/2014 5:45:00 AM,61404
6/15/2014 3:00:00 PM,6/15/2014 7:00:00 PM,6/14/2014 5:45:00 PM,92736
6/15/2014 4:00:00 AM,6/15/2014 8:00:00 AM,6/14/2014 5:45:00 AM,60763
6/15/2014 4:00:00 PM,6/15/2014 8:00:00 PM,6/14/2014 5:45:00 PM,94997
6/15/2014 5:00:00 AM,6/15/2014 9:00:00 AM,6/14/2014 5:45:00 AM,60990
6/15/2014 5:00:00 PM,6/15/2014 9:00:00 PM,6/14/2014 5:45:00 PM,96374
6/15/2014 6:00:00 AM,6/15/2014 10:00:00 AM,6/14/2014 5:45:00 AM,61202
6/15/2014 6:00:00 PM,6/15/2014 10:00:00 PM,6/14/2014 5:45:00 PM,96095
6/15/2014 7:00:00 AM,6/15/2014 11:00:00 AM,6/14/2014 5:45:00 AM,63902
6/15/2014 7:00:00 PM,6/15/2014 11:00:00 PM,6/14/2014 5:45:00 PM,94595
6/15/2014 8:00:00 AM,6/15/2014 12:00:00 PM,6/14/2014 9:45:00 AM,69466
6/15/2014 8:00:00 PM,6/16/2014 12:00:00 AM,6/14/2014 5:45:00 PM,94074
6/15/2014 9:00:00 AM,6/15/2014 1:00:00 PM,6/14/2014 9:45:00 AM,74500
6/15/2014 9:00:00 PM,6/16/2014 1:00:00 AM,6/14/2014 11:45:00 PM,93134
6/16/2014 10:00:00 AM,6/16/2014 2:00:00 PM,6/15/2014 9:45:00 AM,101240
6/16/2014 10:00:00 PM,6/17/2014 2:00:00 AM,6/15/2014 11:45:00 PM,103018
6/16/2014 11:00:00 AM,6/16/2014 3:00:00 PM,6/15/2014 11:45:00 AM,106243
6/16/2014 11:00:00 PM,6/17/2014 3:00:00 AM,6/15/2014 11:45:00 PM,93509
6/16/2014 12:00:00 AM,6/16/2014 4:00:00 AM,6/15/2014 5:45:00 AM,75052
6/16/2014 12:00:00 PM,6/16/2014 4:00:00 PM,6/15/2014 11:45:00 AM,110589
6/16/2014 1:00:00 AM,6/16/2014 5:00:00 AM,6/15/2014 5:45:00 AM,71055
6/16/2014 1:00:00 PM,6/16/2014 5:00:00 PM,6/15/2014 11:45:00 AM,114476
6/16/2014 2:00:00 AM,6/16/2014 6:00:00 AM,6/15/2014 5:45:00 AM,68891
6/16/2014 2:00:00 PM,6/16/2014 6:00:00 PM,6/15/2014 11:45:00 AM,117201
6/16/2014 3:00:00 AM,6/16/2014 7:00:00 AM,6/15/2014 5:45:00 AM,67802
6/16/2014 3:00:00 PM,6/16/2014 7:00:00 PM,6/15/2014 5:45:00 PM,119664
6/16/2014 4:00:00 AM,6/16/2014 8:00:00 AM,6/15/2014 5:45:00 AM,68448
6/16/2014 4:00:00 PM,6/16/2014 8:00:00 PM,6/15/2014 5:45:00 PM,121521
6/16/2014 5:00:00 AM,6/16/2014 9:00:00 AM,6/15/2014 5:45:00 AM,71952
6/16/2014 5:00:00 PM,6/16/2014 9:00:00 PM,6/15/2014 5:45:00 PM,121914
6/16/2014 6:00:00 AM,6/16/2014 10:00:00 AM,6/15/2014 5:45:00 AM,77945
6/16/2014 6:00:00 PM,6/16/2014 10:00:00 PM,6/15/2014 5:45:00 PM,119991
6/16/2014 7:00:00 AM,6/16/2014 11:00:00 AM,6/15/2014 5:45:00 AM,84468
6/16/2014 7:00:00 PM,6/16/2014 11:00:00 PM,6/15/2014 5:45:00 PM,116612
6/16/2014 8:00:00 AM,6/16/2014 12:00:00 PM,6/15/2014 9:45:00 AM,90115
6/16/2014 8:00:00 PM,6/17/2014 12:00:00 AM,6/15/2014 5:45:00 PM,114165
6/16/2014 9:00:00 AM,6/16/2014 1:00:00 PM,6/15/2014 9:45:00 AM,95540
6/16/2014 9:00:00 PM,6/17/2014 1:00:00 AM,6/15/2014 11:45:00 PM,111366
6/17/2014 10:00:00 AM,6/17/2014 2:00:00 PM,6/16/2014 9:45:00 AM,117283
6/17/2014 10:00:00 PM,6/18/2014 2:00:00 AM,6/16/2014 11:45:00 PM,119987
6/17/2014 11:00:00 AM,6/17/2014 3:00:00 PM,6/16/2014 11:45:00 AM,124826
6/17/2014 11:00:00 PM,6/18/2014 3:00:00 AM,6/16/2014 11:45:00 PM,109361
6/17/2014 12:00:00 AM,6/17/2014 4:00:00 AM,6/16/2014 5:45:00 AM,89163
6/17/2014 12:00:00 PM,6/17/2014 4:00:00 PM,6/16/2014 11:45:00 AM,130489
6/17/2014 1:00:00 AM,6/17/2014 5:00:00 AM,6/16/2014 5:45:00 AM,83665
6/17/2014 1:00:00 PM,6/17/2014 5:00:00 PM,6/16/2014 11:45:00 AM,135565
6/17/2014 2:00:00 AM,6/17/2014 6:00:00 AM,6/16/2014 5:45:00 AM,80091
6/17/2014 2:00:00 PM,6/17/2014 6:00:00 PM,6/16/2014 11:45:00 AM,139207
6/17/2014 3:00:00 AM,6/17/2014 7:00:00 AM,6/16/2014 5:45:00 AM,77992
6/17/2014 3:00:00 PM,6/17/2014 7:00:00 PM,6/16/2014 5:45:00 PM,141838
6/17/2014 4:00:00 AM,6/17/2014 8:00:00 AM,6/16/2014 5:45:00 AM,78065
6/17/2014 4:00:00 PM,6/17/2014 8:00:00 PM,6/16/2014 5:45:00 PM,143478
6/17/2014 5:00:00 AM,6/17/2014 9:00:00 AM,6/16/2014 5:45:00 AM,81360
6/17/2014 5:00:00 PM,6/17/2014 9:00:00 PM,6/16/2014 5:45:00 PM,143113
6/17/2014 6:00:00 AM,6/17/2014 10:00:00 AM,6/16/2014 5:45:00 AM,87759
6/17/2014 6:00:00 PM,6/17/2014 10:00:00 PM,6/16/2014 5:45:00 PM,140404
6/17/2014 7:00:00 AM,6/17/2014 11:00:00 AM,6/16/2014 5:45:00 AM,94867
6/17/2014 7:00:00 PM,6/17/2014 11:00:00 PM,6/16/2014 5:45:00 PM,136177
6/17/2014 8:00:00 AM,6/17/2014 12:00:00 PM,6/16/2014 9:45:00 AM,102466
6/17/2014 8:00:00 PM,6/18/2014 12:00:00 AM,6/16/2014 5:45:00 PM,132464
6/17/2014 9:00:00 AM,6/17/2014 1:00:00 PM,6/16/2014 9:45:00 AM,109715
6/17/2014 9:00:00 PM,6/18/2014 1:00:00 AM,6/16/2014 11:45:00 PM,129063
6/18/2014 10:00:00 AM,6/18/2014 2:00:00 PM,6/17/2014 9:45:00 AM,125452
6/18/2014 10:00:00 PM,6/19/2014 2:00:00 AM,6/17/2014 11:45:00 PM,120066
6/18/2014 11:00:00 AM,6/18/2014 3:00:00 PM,6/17/2014 11:45:00 AM,132468
6/18/2014 11:00:00 PM,6/19/2014 3:00:00 AM,6/17/2014 11:45:00 PM,109608
6/18/2014 12:00:00 AM,6/18/2014 4:00:00 AM,6/17/2014 5:45:00 AM,98586
6/18/2014 12:00:00 PM,6/18/2014 4:00:00 PM,6/17/2014 11:45:00 AM,138341
6/18/2014 1:00:00 AM,6/18/2014 5:00:00 AM,6/17/2014 5:45:00 AM,92311
6/18/2014 1:00:00 PM,6/18/2014 5:00:00 PM,6/17/2014 11:45:00 AM,143101
6/18/2014 2:00:00 AM,6/18/2014 6:00:00 AM,6/17/2014 5:45:00 AM,87992
6/18/2014 2:00:00 PM,6/18/2014 6:00:00 PM,6/17/2014 11:45:00 AM,145733
6/18/2014 3:00:00 AM,6/18/2014 7:00:00 AM,6/17/2014 5:45:00 AM,85408
6/18/2014 3:00:00 PM,6/18/2014 7:00:00 PM,6/17/2014 5:45:00 PM,147132
6/18/2014 4:00:00 AM,6/18/2014 8:00:00 AM,6/17/2014 5:45:00 AM,84978
6/18/2014 4:00:00 PM,6/18/2014 8:00:00 PM,6/17/2014 5:45:00 PM,147280
6/18/2014 5:00:00 AM,6/18/2014 9:00:00 AM,6/17/2014 5:45:00 AM,88094
6/18/2014 5:00:00 PM,6/18/2014 9:00:00 PM,6/17/2014 5:45:00 PM,145641
6/18/2014 6:00:00 AM,6/18/2014 10:00:00 AM,6/17/2014 5:45:00 AM,94003
6/18/2014 6:00:00 PM,6/18/2014 10:00:00 PM,6/17/2014 5:45:00 PM,142116
6/18/2014 7:00:00 AM,6/18/2014 11:00:00 AM,6/17/2014 5:45:00 AM,100915
6/18/2014 7:00:00 PM,6/18/2014 11:00:00 PM,6/17/2014 5:45:00 PM,137533
6/18/2014 8:00:00 AM,6/18/2014 12:00:00 PM,6/17/2014 9:45:00 AM,109451
6/18/2014 8:00:00 PM,6/19/2014 12:00:00 AM,6/17/2014 5:45:00 PM,133693
6/18/2014 9:00:00 AM,6/18/2014 1:00:00 PM,6/17/2014 9:45:00 AM,117225
6/18/2014 9:00:00 PM,6/19/2014 1:00:00 AM,6/17/2014 11:45:00 PM,129454
6/19/2014 10:00:00 AM,6/19/2014 2:00:00 PM,6/18/2014 9:45:00 AM,117229
6/19/2014 10:00:00 PM,6/20/2014 2:00:00 AM,6/18/2014 11:45:00 PM,104492
6/19/2014 11:00:00 AM,6/19/2014 3:00:00 PM,6/18/2014 11:45:00 AM,122059
6/19/2014 11:00:00 PM,6/20/2014 3:00:00 AM,6/18/2014 11:45:00 PM,95331
6/19/2014 12:00:00 AM,6/19/2014 4:00:00 AM,6/18/2014 5:45:00 AM,97992
6/19/2014 12:00:00 PM,6/19/2014 4:00:00 PM,6/18/2014 11:45:00 AM,125991
6/19/2014 1:00:00 AM,6/19/2014 5:00:00 AM,6/18/2014 5:45:00 AM,91807
6/19/2014 1:00:00 PM,6/19/2014 5:00:00 PM,6/18/2014 11:45:00 AM,129448
6/19/2014 2:00:00 AM,6/19/2014 6:00:00 AM,6/18/2014 5:45:00 AM,87565
6/19/2014 2:00:00 PM,6/19/2014 6:00:00 PM,6/18/2014 11:45:00 AM,131844
6/19/2014 3:00:00 AM,6/19/2014 7:00:00 AM,6/18/2014 5:45:00 AM,85002
6/19/2014 3:00:00 PM,6/19/2014 7:00:00 PM,6/18/2014 5:45:00 PM,133157
6/19/2014 4:00:00 AM,6/19/2014 8:00:00 AM,6/18/2014 5:45:00 AM,84537
6/19/2014 4:00:00 PM,6/19/2014 8:00:00 PM,6/18/2014 5:45:00 PM,133792
6/19/2014 5:00:00 AM,6/19/2014 9:00:00 AM,6/18/2014 5:45:00 AM,87380
6/19/2014 5:00:00 PM,6/19/2014 9:00:00 PM,6/18/2014 5:45:00 PM,132574
6/19/2014 6:00:00 AM,6/19/2014 10:00:00 AM,6/18/2014 5:45:00 AM,93173
6/19/2014 6:00:00 PM,6/19/2014 10:00:00 PM,6/18/2014 5:45:00 PM,129081
6/19/2014 7:00:00 AM,6/19/2014 11:00:00 AM,6/18/2014 5:45:00 AM,99320
6/19/2014 7:00:00 PM,6/19/2014 11:00:00 PM,6/18/2014 5:45:00 PM,124306
6/19/2014 8:00:00 AM,6/19/2014 12:00:00 PM,6/18/2014 9:45:00 AM,106445
6/19/2014 8:00:00 PM,6/20/2014 12:00:00 AM,6/18/2014 5:45:00 PM,121074
6/19/2014 9:00:00 AM,6/19/2014 1:00:00 PM,6/18/2014 9:45:00 AM,111859
6/19/2014 9:00:00 PM,6/20/2014 1:00:00 AM,6/18/2014 11:45:00 PM,112212
6/2/2014 10:00:00 AM,6/2/2014 2:00:00 PM,6/1/2014 9:45:00 AM,95160
6/2/2014 10:00:00 PM,6/3/2014 2:00:00 AM,6/1/2014 11:45:00 PM,94315
6/2/2014 11:00:00 AM,6/2/2014 3:00:00 PM,6/1/2014 11:45:00 AM,99541
6/2/2014 11:00:00 PM,6/3/2014 3:00:00 AM,6/1/2014 11:45:00 PM,86083
6/2/2014 12:00:00 AM,6/2/2014 4:00:00 AM,6/1/2014 5:45:00 AM,72977
6/2/2014 12:00:00 PM,6/2/2014 4:00:00 PM,6/1/2014 11:45:00 AM,101946
6/2/2014 1:00:00 AM,6/2/2014 5:00:00 AM,6/1/2014 5:45:00 AM,69406
6/2/2014 1:00:00 PM,6/2/2014 5:00:00 PM,6/1/2014 11:45:00 AM,104265
6/2/2014 2:00:00 AM,6/2/2014 6:00:00 AM,6/1/2014 5:45:00 AM,67317
6/2/2014 2:00:00 PM,6/2/2014 6:00:00 PM,6/1/2014 11:45:00 AM,105797
6/2/2014 3:00:00 AM,6/2/2014 7:00:00 AM,6/1/2014 5:45:00 AM,66396
6/2/2014 3:00:00 PM,6/2/2014 7:00:00 PM,6/1/2014 5:45:00 PM,108238
6/2/2014 4:00:00 AM,6/2/2014 8:00:00 AM,6/1/2014 5:45:00 AM,67216
6/2/2014 4:00:00 PM,6/2/2014 8:00:00 PM,6/1/2014 5:45:00 PM,109003
6/2/2014 5:00:00 AM,6/2/2014 9:00:00 AM,6/1/2014 5:45:00 AM,71030
6/2/2014 5:00:00 PM,6/2/2014 9:00:00 PM,6/1/2014 5:45:00 PM,108816
6/2/2014 6:00:00 AM,6/2/2014 10:00:00 AM,6/1/2014 5:45:00 AM,77704
6/2/2014 6:00:00 PM,6/2/2014 10:00:00 PM,6/1/2014 5:45:00 PM,107099
6/2/2014 7:00:00 AM,6/2/2014 11:00:00 AM,6/1/2014 5:45:00 AM,83690
6/2/2014 7:00:00 PM,6/2/2014 11:00:00 PM,6/1/2014 5:45:00 PM,104928
6/2/2014 8:00:00 AM,6/2/2014 12:00:00 PM,6/1/2014 9:45:00 AM,87951
6/2/2014 8:00:00 PM,6/3/2014 12:00:00 AM,6/1/2014 5:45:00 PM,104372
6/2/2014 9:00:00 AM,6/2/2014 1:00:00 PM,6/1/2014 9:45:00 AM,91498
6/2/2014 9:00:00 PM,6/3/2014 1:00:00 AM,6/1/2014 11:45:00 PM,101653
6/20/2014 10:00:00 AM,6/20/2014 2:00:00 PM,6/19/2014 9:45:00 AM,105649
6/20/2014 10:00:00 PM,6/21/2014 2:00:00 AM,6/19/2014 11:45:00 PM,97964
6/20/2014 11:00:00 AM,6/20/2014 3:00:00 PM,6/19/2014 11:45:00 AM,108676
6/20/2014 11:00:00 PM,6/21/2014 3:00:00 AM,6/19/2014 11:45:00 PM,89757
6/20/2014 12:00:00 AM,6/20/2014 4:00:00 AM,6/19/2014 5:45:00 AM,85959
6/20/2014 12:00:00 PM,6/20/2014 4:00:00 PM,6/19/2014 11:45:00 AM,111866
6/20/2014 1:00:00 AM,6/20/2014 5:00:00 AM,6/19/2014 5:45:00 AM,80717
6/20/2014 1:00:00 PM,6/20/2014 5:00:00 PM,6/19/2014 11:45:00 AM,114869
6/20/2014 2:00:00 AM,6/20/2014 6:00:00 AM,6/19/2014 5:45:00 AM,77311
6/20/2014 2:00:00 PM,6/20/2014 6:00:00 PM,6/19/2014 11:45:00 AM,116971
6/20/2014 3:00:00 AM,6/20/2014 7:00:00 AM,6/19/2014 5:45:00 AM,75334
6/20/2014 3:00:00 PM,6/20/2014 7:00:00 PM,6/19/2014 5:45:00 PM,118258
6/20/2014 4:00:00 AM,6/20/2014 8:00:00 AM,6/19/2014 5:45:00 AM,75318
6/20/2014 4:00:00 PM,6/20/2014 8:00:00 PM,6/19/2014 5:45:00 PM,119087
6/20/2014 5:00:00 AM,6/20/2014 9:00:00 AM,6/19/2014 5:45:00 AM,78205
6/20/2014 5:00:00 PM,6/20/2014 9:00:00 PM,6/19/2014 5:45:00 PM,118143
6/20/2014 6:00:00 AM,6/20/2014 10:00:00 AM,6/19/2014 5:45:00 AM,83716
6/20/2014 6:00:00 PM,6/20/2014 10:00:00 PM,6/19/2014 5:45:00 PM,115021
6/20/2014 7:00:00 AM,6/20/2014 11:00:00 AM,6/19/2014 5:45:00 AM,89713
6/20/2014 7:00:00 PM,6/20/2014 11:00:00 PM,6/19/2014 5:45:00 PM,110545
6/20/2014 8:00:00 AM,6/20/2014 12:00:00 PM,6/19/2014 9:45:00 AM,95254
6/20/2014 8:00:00 PM,6/21/2014 12:00:00 AM,6/19/2014 5:45:00 PM,107228
6/20/2014 9:00:00 AM,6/20/2014 1:00:00 PM,6/19/2014 9:45:00 AM,100509
6/20/2014 9:00:00 PM,6/21/2014 1:00:00 AM,6/19/2014 11:45:00 PM,104364
6/21/2014 10:00:00 AM,6/21/2014 2:00:00 PM,6/20/2014 9:45:00 AM,89582
6/21/2014 10:00:00 PM,6/22/2014 2:00:00 AM,6/20/2014 11:45:00 PM,89277
6/21/2014 11:00:00 AM,6/21/2014 3:00:00 PM,6/20/2014 11:45:00 AM,93790
6/21/2014 11:00:00 PM,6/22/2014 3:00:00 AM,6/20/2014 11:45:00 PM,82723
6/21/2014 12:00:00 AM,6/21/2014 4:00:00 AM,6/20/2014 5:45:00 AM,81066
6/21/2014 12:00:00 PM,6/21/2014 4:00:00 PM,6/20/2014 11:45:00 AM,95939
6/21/2014 1:00:00 AM,6/21/2014 5:00:00 AM,6/20/2014 5:45:00 AM,76040
6/21/2014 1:00:00 PM,6/21/2014 5:00:00 PM,6/20/2014 11:45:00 AM,97485
6/21/2014 2:00:00 AM,6/21/2014 6:00:00 AM,6/20/2014 5:45:00 AM,72826
6/21/2014 2:00:00 PM,6/21/2014 6:00:00 PM,6/20/2014 11:45:00 AM,98724
6/21/2014 3:00:00 AM,6/21/2014 7:00:00 AM,6/20/2014 5:45:00 AM,70598
6/21/2014 3:00:00 PM,6/21/2014 7:00:00 PM,6/20/2014 5:45:00 PM,99961
6/21/2014 4:00:00 AM,6/21/2014 8:00:00 AM,6/20/2014 5:45:00 AM,69687
6/21/2014 4:00:00 PM,6/21/2014 8:00:00 PM,6/20/2014 5:45:00 PM,101053
6/21/2014 5:00:00 AM,6/21/2014 9:00:00 AM,6/20/2014 5:45:00 AM,70031
6/21/2014 5:00:00 PM,6/21/2014 9:00:00 PM,6/20/2014 5:45:00 PM,101326
6/21/2014 6:00:00 AM,6/21/2014 10:00:00 AM,6/20/2014 5:45:00 AM,71209
6/21/2014 6:00:00 PM,6/21/2014 10:00:00 PM,6/20/2014 5:45:00 PM,99985
6/21/2014 7:00:00 AM,6/21/2014 11:00:00 AM,6/20/2014 5:45:00 AM,74662
6/21/2014 7:00:00 PM,6/21/2014 11:00:00 PM,6/20/2014 5:45:00 PM,97429
6/21/2014 8:00:00 AM,6/21/2014 12:00:00 PM,6/20/2014 9:45:00 AM,80169
6/21/2014 8:00:00 PM,6/22/2014 12:00:00 AM,6/20/2014 5:45:00 PM,95626
6/21/2014 9:00:00 AM,6/21/2014 1:00:00 PM,6/20/2014 9:45:00 AM,85239
6/21/2014 9:00:00 PM,6/22/2014 1:00:00 AM,6/20/2014 11:45:00 PM,93957
6/22/2014 10:00:00 AM,6/22/2014 2:00:00 PM,6/21/2014 9:45:00 AM,85313
6/22/2014 10:00:00 PM,6/23/2014 2:00:00 AM,6/21/2014 11:45:00 PM,93164
6/22/2014 11:00:00 AM,6/22/2014 3:00:00 PM,6/21/2014 11:45:00 AM,89866
6/22/2014 11:00:00 PM,6/23/2014 3:00:00 AM,6/21/2014 11:45:00 PM,85857
6/22/2014 12:00:00 AM,6/22/2014 4:00:00 AM,6/21/2014 5:45:00 AM,76202
6/22/2014 12:00:00 PM,6/22/2014 4:00:00 PM,6/21/2014 11:45:00 AM,93812
6/22/2014 1:00:00 AM,6/22/2014 5:00:00 AM,6/21/2014 5:45:00 AM,71671
6/22/2014 1:00:00 PM,6/22/2014 5:00:00 PM,6/21/2014 11:45:00 AM,97048
6/22/2014 2:00:00 AM,6/22/2014 6:00:00 AM,6/21/2014 5:45:00 AM,68690
6/22/2014 2:00:00 PM,6/22/2014 6:00:00 PM,6/21/2014 11:45:00 AM,99834
6/22/2014 3:00:00 AM,6/22/2014 7:00:00 AM,6/21/2014 5:45:00 AM,66731
6/22/2014 3:00:00 PM,6/22/2014 7:00:00 PM,6/21/2014 5:45:00 PM,102566
6/22/2014 4:00:00 AM,6/22/2014 8:00:00 AM,6/21/2014 5:45:00 AM,65716
6/22/2014 4:00:00 PM,6/22/2014 8:00:00 PM,6/21/2014 5:45:00 PM,105148
6/22/2014 5:00:00 AM,6/22/2014 9:00:00 AM,6/21/2014 5:45:00 AM,65567
6/22/2014 5:00:00 PM,6/22/2014 9:00:00 PM,6/21/2014 5:45:00 PM,106503
6/22/2014 6:00:00 AM,6/22/2014 10:00:00 AM,6/21/2014 5:45:00 AM,65826
6/22/2014 6:00:00 PM,6/22/2014 10:00:00 PM,6/21/2014 5:45:00 PM,105742
6/22/2014 7:00:00 AM,6/22/2014 11:00:00 AM,6/21/2014 5:45:00 AM,68610
6/22/2014 7:00:00 PM,6/22/2014 11:00:00 PM,6/21/2014 5:45:00 PM,103300
6/22/2014 8:00:00 AM,6/22/2014 12:00:00 PM,6/21/2014 9:45:00 AM,74168
6/22/2014 8:00:00 PM,6/23/2014 12:00:00 AM,6/21/2014 5:45:00 PM,101500
6/22/2014 9:00:00 AM,6/22/2014 1:00:00 PM,6/21/2014 9:45:00 AM,80145
6/22/2014 9:00:00 PM,6/23/2014 1:00:00 AM,6/21/2014 11:45:00 PM,98754
6/23/2014 10:00:00 AM,6/23/2014 2:00:00 PM,6/22/2014 9:45:00 AM,104866
6/23/2014 10:00:00 PM,6/24/2014 2:00:00 AM,6/22/2014 11:45:00 PM,104466
6/23/2014 11:00:00 AM,6/23/2014 3:00:00 PM,6/22/2014 11:45:00 AM,110047
6/23/2014 11:00:00 PM,6/24/2014 3:00:00 AM,6/22/2014 11:45:00 PM,94949
6/23/2014 12:00:00 AM,6/23/2014 4:00:00 AM,6/22/2014 5:45:00 AM,78438
6/23/2014 12:00:00 PM,6/23/2014 4:00:00 PM,6/22/2014 11:45:00 AM,114260
6/23/2014 1:00:00 AM,6/23/2014 5:00:00 AM,6/22/2014 5:45:00 AM,74014
6/23/2014 1:00:00 PM,6/23/2014 5:00:00 PM,6/22/2014 11:45:00 AM,118123
6/23/2014 2:00:00 AM,6/23/2014 6:00:00 AM,6/22/2014 5:45:00 AM,71501
6/23/2014 2:00:00 PM,6/23/2014 6:00:00 PM,6/22/2014 11:45:00 AM,120640
6/23/2014 3:00:00 AM,6/23/2014 7:00:00 AM,6/22/2014 5:45:00 AM,70169
6/23/2014 3:00:00 PM,6/23/2014 7:00:00 PM,6/22/2014 5:45:00 PM,122558
6/23/2014 4:00:00 AM,6/23/2014 8:00:00 AM,6/22/2014 5:45:00 AM,70717
6/23/2014 4:00:00 PM,6/23/2014 8:00:00 PM,6/22/2014 5:45:00 PM,123738
6/23/2014 5:00:00 AM,6/23/2014 9:00:00 AM,6/22/2014 5:45:00 AM,74091
6/23/2014 5:00:00 PM,6/23/2014 9:00:00 PM,6/22/2014 5:45:00 PM,123586
6/23/2014 6:00:00 AM,6/23/2014 10:00:00 AM,6/22/2014 5:45:00 AM,79901
6/23/2014 6:00:00 PM,6/23/2014 10:00:00 PM,6/22/2014 5:45:00 PM,121256
6/23/2014 7:00:00 AM,6/23/2014 11:00:00 AM,6/22/2014 5:45:00 AM,86534
6/23/2014 7:00:00 PM,6/23/2014 11:00:00 PM,6/22/2014 5:45:00 PM,117734
6/23/2014 8:00:00 AM,6/23/2014 12:00:00 PM,6/22/2014 9:45:00 AM,92867
6/23/2014 8:00:00 PM,6/24/2014 12:00:00 AM,6/22/2014 5:45:00 PM,114834
6/23/2014 9:00:00 AM,6/23/2014 1:00:00 PM,6/22/2014 9:45:00 AM,98844
6/23/2014 9:00:00 PM,6/24/2014 1:00:00 AM,6/22/2014 11:45:00 PM,112349
6/24/2014 10:00:00 AM,6/24/2014 2:00:00 PM,6/23/2014 9:45:00 AM,108175
6/24/2014 10:00:00 PM,6/25/2014 2:00:00 AM,6/23/2014 11:45:00 PM,104902
6/24/2014 11:00:00 AM,6/24/2014 3:00:00 PM,6/23/2014 11:45:00 AM,112995
6/24/2014 11:00:00 PM,6/25/2014 3:00:00 AM,6/23/2014 11:45:00 PM,95439
6/24/2014 12:00:00 AM,6/24/2014 4:00:00 AM,6/23/2014 5:45:00 AM,85871
6/24/2014 12:00:00 PM,6/24/2014 4:00:00 PM,6/23/2014 11:45:00 AM,116965
6/24/2014 1:00:00 AM,6/24/2014 5:00:00 AM,6/23/2014 5:45:00 AM,80634
6/24/2014 1:00:00 PM,6/24/2014 5:00:00 PM,6/23/2014 11:45:00 AM,120657
6/24/2014 2:00:00 AM,6/24/2014 6:00:00 AM,6/23/2014 5:45:00 AM,77290
6/24/2014 2:00:00 PM,6/24/2014 6:00:00 PM,6/23/2014 11:45:00 AM,123160
6/24/2014 3:00:00 AM,6/24/2014 7:00:00 AM,6/23/2014 5:45:00 AM,75392
6/24/2014 3:00:00 PM,6/24/2014 7:00:00 PM,6/23/2014 5:45:00 PM,125040
6/24/2014 4:00:00 AM,6/24/2014 8:00:00 AM,6/23/2014 5:45:00 AM,75485
6/24/2014 4:00:00 PM,6/24/2014 8:00:00 PM,6/23/2014 5:45:00 PM,126264
6/24/2014 5:00:00 AM,6/24/2014 9:00:00 AM,6/23/2014 5:45:00 AM,78761
6/24/2014 5:00:00 PM,6/24/2014 9:00:00 PM,6/23/2014 5:45:00 PM,125758
6/24/2014 6:00:00 AM,6/24/2014 10:00:00 AM,6/23/2014 5:45:00 AM,85073
6/24/2014 6:00:00 PM,6/24/2014 10:00:00 PM,6/23/2014 5:45:00 PM,122728
6/24/2014 7:00:00 AM,6/24/2014 11:00:00 AM,6/23/2014 5:45:00 AM,91761
6/24/2014 7:00:00 PM,6/24/2014 11:00:00 PM,6/23/2014 5:45:00 PM,118532
6/24/2014 8:00:00 AM,6/24/2014 12:00:00 PM,6/23/2014 9:45:00 AM,97367
6/24/2014 8:00:00 PM,6/25/2014 12:00:00 AM,6/23/2014 5:45:00 PM,115581
6/24/2014 9:00:00 AM,6/24/2014 1:00:00 PM,6/23/2014 9:45:00 AM,102734
6/24/2014 9:00:00 PM,6/25/2014 1:00:00 AM,6/23/2014 11:45:00 PM,112945
6/25/2014 10:00:00 AM,6/25/2014 2:00:00 PM,6/24/2014 9:45:00 AM,110783
6/25/2014 10:00:00 PM,6/26/2014 2:00:00 AM,6/24/2014 11:45:00 PM,104230
6/25/2014 11:00:00 AM,6/25/2014 3:00:00 PM,6/24/2014 11:45:00 AM,115253
6/25/2014 11:00:00 PM,6/26/2014 3:00:00 AM,6/24/2014 11:45:00 PM,94933
6/25/2014 12:00:00 AM,6/25/2014 4:00:00 AM,6/24/2014 5:45:00 AM,86838
6/25/2014 12:00:00 PM,6/25/2014 4:00:00 PM,6/24/2014 11:45:00 AM,118959
6/25/2014 1:00:00 AM,6/25/2014 5:00:00 AM,6/24/2014 5:45:00 AM,81541
6/25/2014 1:00:00 PM,6/25/2014 5:00:00 PM,6/24/2014 11:45:00 AM,122274
6/25/2014 2:00:00 AM,6/25/2014 6:00:00 AM,6/24/2014 5:45:00 AM,78205
6/25/2014 2:00:00 PM,6/25/2014 6:00:00 PM,6/24/2014 11:45:00 AM,124733
6/25/2014 3:00:00 AM,6/25/2014 7:00:00 AM,6/24/2014 5:45:00 AM,76348
6/25/2014 3:00:00 PM,6/25/2014 7:00:00 PM,6/24/2014 5:45:00 PM,126817
6/25/2014 4:00:00 AM,6/25/2014 8:00:00 AM,6/24/2014 5:45:00 AM,76497
6/25/2014 4:00:00 PM,6/25/2014 8:00:00 PM,6/24/2014 5:45:00 PM,127876
6/25/2014 5:00:00 AM,6/25/2014 9:00:00 AM,6/24/2014 5:45:00 AM,79764
6/25/2014 5:00:00 PM,6/25/2014 9:00:00 PM,6/24/2014 5:45:00 PM,127359
6/25/2014 6:00:00 AM,6/25/2014 10:00:00 AM,6/24/2014 5:45:00 AM,86026
6/25/2014 6:00:00 PM,6/25/2014 10:00:00 PM,6/24/2014 5:45:00 PM,124297
6/25/2014 7:00:00 AM,6/25/2014 11:00:00 AM,6/24/2014 5:45:00 AM,92634
6/25/2014 7:00:00 PM,6/25/2014 11:00:00 PM,6/24/2014 5:45:00 PM,119830
6/25/2014 8:00:00 AM,6/25/2014 12:00:00 PM,6/24/2014 9:45:00 AM,100096
6/25/2014 8:00:00 PM,6/26/2014 12:00:00 AM,6/24/2014 5:45:00 PM,116374
6/25/2014 9:00:00 AM,6/25/2014 1:00:00 PM,6/24/2014 9:45:00 AM,105428
6/25/2014 9:00:00 PM,6/26/2014 1:00:00 AM,6/24/2014 11:45:00 PM,111892
6/26/2014 10:00:00 AM,6/26/2014 2:00:00 PM,6/25/2014 9:45:00 AM,108984
6/26/2014 10:00:00 PM,6/27/2014 2:00:00 AM,6/25/2014 11:45:00 PM,105263
6/26/2014 11:00:00 AM,6/26/2014 3:00:00 PM,6/25/2014 11:45:00 AM,113699
6/26/2014 11:00:00 PM,6/27/2014 3:00:00 AM,6/25/2014 11:45:00 PM,96171
6/26/2014 12:00:00 AM,6/26/2014 4:00:00 AM,6/25/2014 5:45:00 AM,85886
6/26/2014 12:00:00 PM,6/26/2014 4:00:00 PM,6/25/2014 11:45:00 AM,117507
6/26/2014 1:00:00 AM,6/26/2014 5:00:00 AM,6/25/2014 5:45:00 AM,80712
6/26/2014 1:00:00 PM,6/26/2014 5:00:00 PM,6/25/2014 11:45:00 AM,121140
6/26/2014 2:00:00 AM,6/26/2014 6:00:00 AM,6/25/2014 5:45:00 AM,77476
6/26/2014 2:00:00 PM,6/26/2014 6:00:00 PM,6/25/2014 11:45:00 AM,123746
6/26/2014 3:00:00 AM,6/26/2014 7:00:00 AM,6/25/2014 5:45:00 AM,75749
6/26/2014 3:00:00 PM,6/26/2014 7:00:00 PM,6/25/2014 5:45:00 PM,125382
6/26/2014 4:00:00 AM,6/26/2014 8:00:00 AM,6/25/2014 5:45:00 AM,75894
6/26/2014 4:00:00 PM,6/26/2014 8:00:00 PM,6/25/2014 5:45:00 PM,126321
6/26/2014 5:00:00 AM,6/26/2014 9:00:00 AM,6/25/2014 5:45:00 AM,79220
6/26/2014 5:00:00 PM,6/26/2014 9:00:00 PM,6/25/2014 5:45:00 PM,125529
6/26/2014 6:00:00 AM,6/26/2014 10:00:00 AM,6/25/2014 5:45:00 AM,85106
6/26/2014 6:00:00 PM,6/26/2014 10:00:00 PM,6/25/2014 5:45:00 PM,122202
6/26/2014 7:00:00 AM,6/26/2014 11:00:00 AM,6/25/2014 5:45:00 AM,91498
6/26/2014 7:00:00 PM,6/26/2014 11:00:00 PM,6/25/2014 5:45:00 PM,117685
6/26/2014 8:00:00 AM,6/26/2014 12:00:00 PM,6/25/2014 9:45:00 AM,98055
6/26/2014 8:00:00 PM,6/27/2014 12:00:00 AM,6/25/2014 5:45:00 PM,114509
6/26/2014 9:00:00 AM,6/26/2014 1:00:00 PM,6/25/2014 9:45:00 AM,103465
6/26/2014 9:00:00 PM,6/27/2014 1:00:00 AM,6/25/2014 11:45:00 PM,112943
6/27/2014 10:00:00 AM,6/27/2014 2:00:00 PM,6/26/2014 9:45:00 AM,108169
6/27/2014 10:00:00 PM,6/28/2014 2:00:00 AM,6/26/2014 11:45:00 PM,103452
6/27/2014 11:00:00 AM,6/27/2014 3:00:00 PM,6/26/2014 11:45:00 AM,113062
6/27/2014 11:00:00 PM,6/28/2014 3:00:00 AM,6/26/2014 11:45:00 PM,94761
6/27/2014 12:00:00 AM,6/27/2014 4:00:00 AM,6/26/2014 5:45:00 AM,86690
6/27/2014 12:00:00 PM,6/27/2014 4:00:00 PM,6/26/2014 11:45:00 AM,117238
6/27/2014 1:00:00 AM,6/27/2014 5:00:00 AM,6/26/2014 5:45:00 AM,81241
6/27/2014 1:00:00 PM,6/27/2014 5:00:00 PM,6/26/2014 11:45:00 AM,120752
6/27/2014 2:00:00 AM,6/27/2014 6:00:00 AM,6/26/2014 5:45:00 AM,77755
6/27/2014 2:00:00 PM,6/27/2014 6:00:00 PM,6/26/2014 11:45:00 AM,123366
6/27/2014 3:00:00 AM,6/27/2014 7:00:00 AM,6/26/2014 5:45:00 AM,75744
6/27/2014 3:00:00 PM,6/27/2014 7:00:00 PM,6/26/2014 5:45:00 PM,125072
6/27/2014 4:00:00 AM,6/27/2014 8:00:00 AM,6/26/2014 5:45:00 AM,75682
6/27/2014 4:00:00 PM,6/27/2014 8:00:00 PM,6/26/2014 5:45:00 PM,125485
6/27/2014 5:00:00 AM,6/27/2014 9:00:00 AM,6/26/2014 5:45:00 AM,78560
6/27/2014 5:00:00 PM,6/27/2014 9:00:00 PM,6/26/2014 5:45:00 PM,124247
6/27/2014 6:00:00 AM,6/27/2014 10:00:00 AM,6/26/2014 5:45:00 AM,83987
6/27/2014 6:00:00 PM,6/27/2014 10:00:00 PM,6/26/2014 5:45:00 PM,119962
6/27/2014 7:00:00 AM,6/27/2014 11:00:00 AM,6/26/2014 5:45:00 AM,90220
6/27/2014 7:00:00 PM,6/27/2014 11:00:00 PM,6/26/2014 5:45:00 PM,115509
6/27/2014 8:00:00 AM,6/27/2014 12:00:00 PM,6/26/2014 9:45:00 AM,97260
6/27/2014 8:00:00 PM,6/28/2014 12:00:00 AM,6/26/2014 5:45:00 PM,111463
6/27/2014 9:00:00 AM,6/27/2014 1:00:00 PM,6/26/2014 9:45:00 AM,102652
6/27/2014 9:00:00 PM,6/28/2014 1:00:00 AM,6/26/2014 11:45:00 PM,110068
6/28/2014 10:00:00 AM,6/28/2014 2:00:00 PM,6/27/2014 9:45:00 AM,97543
6/28/2014 10:00:00 PM,6/29/2014 2:00:00 AM,6/27/2014 11:45:00 PM,96451
6/28/2014 11:00:00 AM,6/28/2014 3:00:00 PM,6/27/2014 11:45:00 AM,102509
6/28/2014 11:00:00 PM,6/29/2014 3:00:00 AM,6/27/2014 11:45:00 PM,89224
6/28/2014 12:00:00 AM,6/28/2014 4:00:00 AM,6/27/2014 5:45:00 AM,85569
6/28/2014 12:00:00 PM,6/28/2014 4:00:00 PM,6/27/2014 11:45:00 AM,106472
6/28/2014 1:00:00 AM,6/28/2014 5:00:00 AM,6/27/2014 5:45:00 AM,80014
6/28/2014 1:00:00 PM,6/28/2014 5:00:00 PM,6/27/2014 11:45:00 AM,109594
6/28/2014 2:00:00 AM,6/28/2014 6:00:00 AM,6/27/2014 5:45:00 AM,76292
6/28/2014 2:00:00 PM,6/28/2014 6:00:00 PM,6/27/2014 11:45:00 AM,111813
6/28/2014 3:00:00 AM,6/28/2014 7:00:00 AM,6/27/2014 5:45:00 AM,73794
6/28/2014 3:00:00 PM,6/28/2014 7:00:00 PM,6/27/2014 5:45:00 PM,113518
6/28/2014 4:00:00 AM,6/28/2014 8:00:00 AM,6/27/2014 5:45:00 AM,72549
6/28/2014 4:00:00 PM,6/28/2014 8:00:00 PM,6/27/2014 5:45:00 PM,114318
6/28/2014 5:00:00 AM,6/28/2014 9:00:00 AM,6/27/2014 5:45:00 AM,72703
6/28/2014 5:00:00 PM,6/28/2014 9:00:00 PM,6/27/2014 5:45:00 PM,113659
6/28/2014 6:00:00 AM,6/28/2014 10:00:00 AM,6/27/2014 5:45:00 AM,73574
6/28/2014 6:00:00 PM,6/28/2014 10:00:00 PM,6/27/2014 5:45:00 PM,110953
6/28/2014 7:00:00 AM,6/28/2014 11:00:00 AM,6/27/2014 5:45:00 AM,77428
6/28/2014 7:00:00 PM,6/28/2014 11:00:00 PM,6/27/2014 5:45:00 PM,106854
6/28/2014 8:00:00 AM,6/28/2014 12:00:00 PM,6/27/2014 9:45:00 AM,84921
6/28/2014 8:00:00 PM,6/29/2014 12:00:00 AM,6/27/2014 5:45:00 PM,103832
6/28/2014 9:00:00 AM,6/28/2014 1:00:00 PM,6/27/2014 9:45:00 AM,91576
6/28/2014 9:00:00 PM,6/29/2014 1:00:00 AM,6/27/2014 11:45:00 PM,101894
6/29/2014 10:00:00 AM,6/29/2014 2:00:00 PM,6/28/2014 9:45:00 AM,93098
6/29/2014 10:00:00 PM,6/30/2014 2:00:00 AM,6/28/2014 11:45:00 PM,99367
6/29/2014 11:00:00 AM,6/29/2014 3:00:00 PM,6/28/2014 11:45:00 AM,98882
6/29/2014 11:00:00 PM,6/30/2014 3:00:00 AM,6/28/2014 11:45:00 PM,91597
6/29/2014 12:00:00 AM,6/29/2014 4:00:00 AM,6/28/2014 5:45:00 AM,83314
6/29/2014 12:00:00 PM,6/29/2014 4:00:00 PM,6/28/2014 11:45:00 AM,103330
6/29/2014 1:00:00 AM,6/29/2014 5:00:00 AM,6/28/2014 5:45:00 AM,78104
6/29/2014 1:00:00 PM,6/29/2014 5:00:00 PM,6/28/2014 11:45:00 AM,106895
6/29/2014 2:00:00 AM,6/29/2014 6:00:00 AM,6/28/2014 5:45:00 AM,74497
6/29/2014 2:00:00 PM,6/29/2014 6:00:00 PM,6/28/2014 11:45:00 AM,109671
6/29/2014 3:00:00 AM,6/29/2014 7:00:00 AM,6/28/2014 5:45:00 AM,72117
6/29/2014 3:00:00 PM,6/29/2014 7:00:00 PM,6/28/2014 5:45:00 PM,112167
6/29/2014 4:00:00 AM,6/29/2014 8:00:00 AM,6/28/2014 5:45:00 AM,70805
6/29/2014 4:00:00 PM,6/29/2014 8:00:00 PM,6/28/2014 5:45:00 PM,114107
6/29/2014 5:00:00 AM,6/29/2014 9:00:00 AM,6/28/2014 5:45:00 AM,70424
6/29/2014 5:00:00 PM,6/29/2014 9:00:00 PM,6/28/2014 5:45:00 PM,114666
6/29/2014 6:00:00 AM,6/29/2014 10:00:00 AM,6/28/2014 5:45:00 AM,70517
6/29/2014 6:00:00 PM,6/29/2014 10:00:00 PM,6/28/2014 5:45:00 PM,113007
6/29/2014 7:00:00 AM,6/29/2014 11:00:00 AM,6/28/2014 5:45:00 AM,73478
6/29/2014 7:00:00 PM,6/29/2014 11:00:00 PM,6/28/2014 5:45:00 PM,109829
6/29/2014 8:00:00 AM,6/29/2014 12:00:00 PM,6/28/2014 9:45:00 AM,80135
6/29/2014 8:00:00 PM,6/30/2014 12:00:00 AM,6/28/2014 5:45:00 PM,107132
6/29/2014 9:00:00 AM,6/29/2014 1:00:00 PM,6/28/2014 9:45:00 AM,86936
6/29/2014 9:00:00 PM,6/30/2014 1:00:00 AM,6/28/2014 11:45:00 PM,105289
6/3/2014 10:00:00 AM,6/3/2014 2:00:00 PM,6/2/2014 9:45:00 AM,103016
6/3/2014 10:00:00 PM,6/4/2014 2:00:00 AM,6/2/2014 11:45:00 PM,96170
6/3/2014 11:00:00 AM,6/3/2014 3:00:00 PM,6/2/2014 11:45:00 AM,107250
6/3/2014 11:00:00 PM,6/4/2014 3:00:00 AM,6/2/2014 11:45:00 PM,87601
6/3/2014 12:00:00 AM,6/3/2014 4:00:00 AM,6/2/2014 5:45:00 AM,78344
6/3/2014 12:00:00 PM,6/3/2014 4:00:00 PM,6/2/2014 11:45:00 AM,110394
6/3/2014 1:00:00 AM,6/3/2014 5:00:00 AM,6/2/2014 5:45:00 AM,74033
6/3/2014 1:00:00 PM,6/3/2014 5:00:00 PM,6/2/2014 11:45:00 AM,113435
6/3/2014 2:00:00 AM,6/3/2014 6:00:00 AM,6/2/2014 5:45:00 AM,71376
6/3/2014 2:00:00 PM,6/3/2014 6:00:00 PM,6/2/2014 11:45:00 AM,115794
6/3/2014 3:00:00 AM,6/3/2014 7:00:00 AM,6/2/2014 5:45:00 AM,70074
6/3/2014 3:00:00 PM,6/3/2014 7:00:00 PM,6/2/2014 5:45:00 PM,117375
6/3/2014 4:00:00 AM,6/3/2014 8:00:00 AM,6/2/2014 5:45:00 AM,70539
6/3/2014 4:00:00 PM,6/3/2014 8:00:00 PM,6/2/2014 5:45:00 PM,118522
6/3/2014 5:00:00 AM,6/3/2014 9:00:00 AM,6/2/2014 5:45:00 AM,74301
6/3/2014 5:00:00 PM,6/3/2014 9:00:00 PM,6/2/2014 5:45:00 PM,118346
6/3/2014 6:00:00 AM,6/3/2014 10:00:00 AM,6/2/2014 5:45:00 AM,81375
6/3/2014 6:00:00 PM,6/3/2014 10:00:00 PM,6/2/2014 5:45:00 PM,116154
6/3/2014 7:00:00 AM,6/3/2014 11:00:00 AM,6/2/2014 5:45:00 AM,87449
6/3/2014 7:00:00 PM,6/3/2014 11:00:00 PM,6/2/2014 5:45:00 PM,113376
6/3/2014 8:00:00 AM,6/3/2014 12:00:00 PM,6/2/2014 9:45:00 AM,94687
6/3/2014 8:00:00 PM,6/4/2014 12:00:00 AM,6/2/2014 5:45:00 PM,111864
6/3/2014 9:00:00 AM,6/3/2014 1:00:00 PM,6/2/2014 9:45:00 AM,98725
6/3/2014 9:00:00 PM,6/4/2014 1:00:00 AM,6/2/2014 11:45:00 PM,103816
6/30/2014 10:00:00 AM,6/30/2014 2:00:00 PM,6/29/2014 9:45:00 AM,111562
6/30/2014 10:00:00 PM,7/1/2014 2:00:00 AM,6/29/2014 11:45:00 PM,111973
6/30/2014 11:00:00 AM,6/30/2014 3:00:00 PM,6/29/2014 11:45:00 AM,118527
6/30/2014 11:00:00 PM,7/1/2014 3:00:00 AM,6/29/2014 11:45:00 PM,102188
6/30/2014 12:00:00 AM,6/30/2014 4:00:00 AM,6/29/2014 5:45:00 AM,85040
6/30/2014 12:00:00 PM,6/30/2014 4:00:00 PM,6/29/2014 11:45:00 AM,123134
6/30/2014 1:00:00 AM,6/30/2014 5:00:00 AM,6/29/2014 5:45:00 AM,80200
6/30/2014 1:00:00 PM,6/30/2014 5:00:00 PM,6/29/2014 11:45:00 AM,127108
6/30/2014 2:00:00 AM,6/30/2014 6:00:00 AM,6/29/2014 5:45:00 AM,77309
6/30/2014 2:00:00 PM,6/30/2014 6:00:00 PM,6/29/2014 11:45:00 AM,129890
6/30/2014 3:00:00 AM,6/30/2014 7:00:00 AM,6/29/2014 5:45:00 AM,75654
6/30/2014 3:00:00 PM,6/30/2014 7:00:00 PM,6/29/2014 5:45:00 PM,131925
6/30/2014 4:00:00 AM,6/30/2014 8:00:00 AM,6/29/2014 5:45:00 AM,76019
6/30/2014 4:00:00 PM,6/30/2014 8:00:00 PM,6/29/2014 5:45:00 PM,133318
6/30/2014 5:00:00 AM,6/30/2014 9:00:00 AM,6/29/2014 5:45:00 AM,79314
6/30/2014 5:00:00 PM,6/30/2014 9:00:00 PM,6/29/2014 5:45:00 PM,133282
6/30/2014 6:00:00 AM,6/30/2014 10:00:00 AM,6/29/2014 5:45:00 AM,85144
6/30/2014 6:00:00 PM,6/30/2014 10:00:00 PM,6/29/2014 5:45:00 PM,130926
6/30/2014 7:00:00 AM,6/30/2014 11:00:00 AM,6/29/2014 5:45:00 AM,91979
6/30/2014 7:00:00 PM,6/30/2014 11:00:00 PM,6/29/2014 5:45:00 PM,126866
6/30/2014 8:00:00 AM,6/30/2014 12:00:00 PM,6/29/2014 9:45:00 AM,98649
6/30/2014 8:00:00 PM,7/1/2014 12:00:00 AM,6/29/2014 5:45:00 PM,123353
6/30/2014 9:00:00 AM,6/30/2014 1:00:00 PM,6/29/2014 9:45:00 AM,104995
6/30/2014 9:00:00 PM,7/1/2014 1:00:00 AM,6/29/2014 11:45:00 PM,120091
6/4/2014 10:00:00 AM,6/4/2014 2:00:00 PM,6/3/2014 9:45:00 AM,99755
6/4/2014 10:00:00 PM,6/5/2014 2:00:00 AM,6/3/2014 11:45:00 PM,95634
6/4/2014 11:00:00 AM,6/4/2014 3:00:00 PM,6/3/2014 11:45:00 AM,104497
6/4/2014 11:00:00 PM,6/5/2014 3:00:00 AM,6/3/2014 11:45:00 PM,87227
6/4/2014 12:00:00 AM,6/4/2014 4:00:00 AM,6/3/2014 5:45:00 AM,79617
6/4/2014 12:00:00 PM,6/4/2014 4:00:00 PM,6/3/2014 11:45:00 AM,106857
6/4/2014 1:00:00 AM,6/4/2014 5:00:00 AM,6/3/2014 5:45:00 AM,75039
6/4/2014 1:00:00 PM,6/4/2014 5:00:00 PM,6/3/2014 11:45:00 AM,109171
6/4/2014 2:00:00 AM,6/4/2014 6:00:00 AM,6/3/2014 5:45:00 AM,72193
6/4/2014 2:00:00 PM,6/4/2014 6:00:00 PM,6/3/2014 11:45:00 AM,110712
6/4/2014 3:00:00 AM,6/4/2014 7:00:00 AM,6/3/2014 5:45:00 AM,70697
6/4/2014 3:00:00 PM,6/4/2014 7:00:00 PM,6/3/2014 5:45:00 PM,111757
6/4/2014 4:00:00 AM,6/4/2014 8:00:00 AM,6/3/2014 5:45:00 AM,70992
6/4/2014 4:00:00 PM,6/4/2014 8:00:00 PM,6/3/2014 5:45:00 PM,112397
6/4/2014 5:00:00 AM,6/4/2014 9:00:00 AM,6/3/2014 5:45:00 AM,74561
6/4/2014 5:00:00 PM,6/4/2014 9:00:00 PM,6/3/2014 5:45:00 PM,111783
6/4/2014 6:00:00 AM,6/4/2014 10:00:00 AM,6/3/2014 5:45:00 AM,81191
6/4/2014 6:00:00 PM,6/4/2014 10:00:00 PM,6/3/2014 5:45:00 PM,109522
6/4/2014 7:00:00 AM,6/4/2014 11:00:00 AM,6/3/2014 5:45:00 AM,87128
6/4/2014 7:00:00 PM,6/4/2014 11:00:00 PM,6/3/2014 5:45:00 PM,106885
6/4/2014 8:00:00 AM,6/4/2014 12:00:00 PM,6/3/2014 9:45:00 AM,92453
6/4/2014 8:00:00 PM,6/5/2014 12:00:00 AM,6/3/2014 5:45:00 PM,105443
6/4/2014 9:00:00 AM,6/4/2014 1:00:00 PM,6/3/2014 9:45:00 AM,96077
6/4/2014 9:00:00 PM,6/5/2014 1:00:00 AM,6/3/2014 11:45:00 PM,102947
6/5/2014 10:00:00 AM,6/5/2014 2:00:00 PM,6/4/2014 9:45:00 AM,94345
6/5/2014 10:00:00 PM,6/6/2014 2:00:00 AM,6/4/2014 11:45:00 PM,88660
6/5/2014 11:00:00 AM,6/5/2014 3:00:00 PM,6/4/2014 11:45:00 AM,96229
6/5/2014 11:00:00 PM,6/6/2014 3:00:00 AM,6/4/2014 11:45:00 PM,81230
6/5/2014 12:00:00 AM,6/5/2014 4:00:00 AM,6/4/2014 5:45:00 AM,77644
6/5/2014 12:00:00 PM,6/5/2014 4:00:00 PM,6/4/2014 11:45:00 AM,97508
6/5/2014 1:00:00 AM,6/5/2014 5:00:00 AM,6/4/2014 5:45:00 AM,73442
6/5/2014 1:00:00 PM,6/5/2014 5:00:00 PM,6/4/2014 11:45:00 AM,98901
6/5/2014 2:00:00 AM,6/5/2014 6:00:00 AM,6/4/2014 5:45:00 AM,70960
6/5/2014 2:00:00 PM,6/5/2014 6:00:00 PM,6/4/2014 11:45:00 AM,99756
6/5/2014 3:00:00 AM,6/5/2014 7:00:00 AM,6/4/2014 5:45:00 AM,69751
6/5/2014 3:00:00 PM,6/5/2014 7:00:00 PM,6/4/2014 5:45:00 PM,101375
6/5/2014 4:00:00 AM,6/5/2014 8:00:00 AM,6/4/2014 5:45:00 AM,70178
6/5/2014 4:00:00 PM,6/5/2014 8:00:00 PM,6/4/2014 5:45:00 PM,101826
6/5/2014 5:00:00 AM,6/5/2014 9:00:00 AM,6/4/2014 5:45:00 AM,73912
6/5/2014 5:00:00 PM,6/5/2014 9:00:00 PM,6/4/2014 5:45:00 PM,101277
6/5/2014 6:00:00 AM,6/5/2014 10:00:00 AM,6/4/2014 5:45:00 AM,80676
6/5/2014 6:00:00 PM,6/5/2014 10:00:00 PM,6/4/2014 5:45:00 PM,99649
6/5/2014 7:00:00 AM,6/5/2014 11:00:00 AM,6/4/2014 5:45:00 AM,86212
6/5/2014 7:00:00 PM,6/5/2014 11:00:00 PM,6/4/2014 5:45:00 PM,97912
6/5/2014 8:00:00 AM,6/5/2014 12:00:00 PM,6/4/2014 9:45:00 AM,89349
6/5/2014 8:00:00 PM,6/6/2014 12:00:00 AM,6/4/2014 5:45:00 PM,97040
6/5/2014 9:00:00 AM,6/5/2014 1:00:00 PM,6/4/2014 9:45:00 AM,91964
6/5/2014 9:00:00 PM,6/6/2014 1:00:00 AM,6/4/2014 11:45:00 PM,95032
6/6/2014 10:00:00 AM,6/6/2014 2:00:00 PM,6/5/2014 9:45:00 AM,90713
6/6/2014 10:00:00 PM,6/7/2014 2:00:00 AM,6/5/2014 11:45:00 PM,85402
6/6/2014 11:00:00 AM,6/6/2014 3:00:00 PM,6/5/2014 11:45:00 AM,92792
6/6/2014 11:00:00 PM,6/7/2014 3:00:00 AM,6/5/2014 11:45:00 PM,78438
6/6/2014 12:00:00 AM,6/6/2014 4:00:00 AM,6/5/2014 5:45:00 AM,72852
6/6/2014 12:00:00 PM,6/6/2014 4:00:00 PM,6/5/2014 11:45:00 AM,94433
6/6/2014 1:00:00 AM,6/6/2014 5:00:00 AM,6/5/2014 5:45:00 AM,68885
6/6/2014 1:00:00 PM,6/6/2014 5:00:00 PM,6/5/2014 11:45:00 AM,96197
6/6/2014 2:00:00 AM,6/6/2014 6:00:00 AM,6/5/2014 5:45:00 AM,66541
6/6/2014 2:00:00 PM,6/6/2014 6:00:00 PM,6/5/2014 11:45:00 AM,97443
6/6/2014 3:00:00 AM,6/6/2014 7:00:00 AM,6/5/2014 5:45:00 AM,65441
6/6/2014 3:00:00 PM,6/6/2014 7:00:00 PM,6/5/2014 5:45:00 PM,98559
6/6/2014 4:00:00 AM,6/6/2014 8:00:00 AM,6/5/2014 5:45:00 AM,65932
6/6/2014 4:00:00 PM,6/6/2014 8:00:00 PM,6/5/2014 5:45:00 PM,99479
6/6/2014 5:00:00 AM,6/6/2014 9:00:00 AM,6/5/2014 5:45:00 AM,69242
6/6/2014 5:00:00 PM,6/6/2014 9:00:00 PM,6/5/2014 5:45:00 PM,99076
6/6/2014 6:00:00 AM,6/6/2014 10:00:00 AM,6/5/2014 5:45:00 AM,75168
6/6/2014 6:00:00 PM,6/6/2014 10:00:00 PM,6/5/2014 5:45:00 PM,96982
6/6/2014 7:00:00 AM,6/6/2014 11:00:00 AM,6/5/2014 5:45:00 AM,80740
6/6/2014 7:00:00 PM,6/6/2014 11:00:00 PM,6/5/2014 5:45:00 PM,94242
6/6/2014 8:00:00 AM,6/6/2014 12:00:00 PM,6/5/2014 9:45:00 AM,84903
6/6/2014 8:00:00 PM,6/7/2014 12:00:00 AM,6/5/2014 5:45:00 PM,92483
6/6/2014 9:00:00 AM,6/6/2014 1:00:00 PM,6/5/2014 9:45:00 AM,87885
6/6/2014 9:00:00 PM,6/7/2014 1:00:00 AM,6/5/2014 11:45:00 PM,90824
6/7/2014 10:00:00 AM,6/7/2014 2:00:00 PM,6/6/2014 9:45:00 AM,84373
6/7/2014 10:00:00 PM,6/8/2014 2:00:00 AM,6/6/2014 11:45:00 PM,86358
6/7/2014 11:00:00 AM,6/7/2014 3:00:00 PM,6/6/2014 11:45:00 AM,87724
6/7/2014 11:00:00 PM,6/8/2014 3:00:00 AM,6/6/2014 11:45:00 PM,79776
6/7/2014 12:00:00 AM,6/7/2014 4:00:00 AM,6/6/2014 5:45:00 AM,72301
6/7/2014 12:00:00 PM,6/7/2014 4:00:00 PM,6/6/2014 11:45:00 AM,90269
6/7/2014 1:00:00 AM,6/7/2014 5:00:00 AM,6/6/2014 5:45:00 AM,68092
6/7/2014 1:00:00 PM,6/7/2014 5:00:00 PM,6/6/2014 11:45:00 AM,92210
6/7/2014 2:00:00 AM,6/7/2014 6:00:00 AM,6/6/2014 5:45:00 AM,65527
6/7/2014 2:00:00 PM,6/7/2014 6:00:00 PM,6/6/2014 11:45:00 AM,93883
6/7/2014 3:00:00 AM,6/7/2014 7:00:00 AM,6/6/2014 5:45:00 AM,63957
6/7/2014 3:00:00 PM,6/7/2014 7:00:00 PM,6/6/2014 5:45:00 PM,95741
6/7/2014 4:00:00 AM,6/7/2014 8:00:00 AM,6/6/2014 5:45:00 AM,63436
6/7/2014 4:00:00 PM,6/7/2014 8:00:00 PM,6/6/2014 5:45:00 PM,97404
6/7/2014 5:00:00 AM,6/7/2014 9:00:00 AM,6/6/2014 5:45:00 AM,64120
6/7/2014 5:00:00 PM,6/7/2014 9:00:00 PM,6/6/2014 5:45:00 PM,98080
6/7/2014 6:00:00 AM,6/7/2014 10:00:00 AM,6/6/2014 5:45:00 AM,65258
6/7/2014 6:00:00 PM,6/7/2014 10:00:00 PM,6/6/2014 5:45:00 PM,96813
6/7/2014 7:00:00 AM,6/7/2014 11:00:00 AM,6/6/2014 5:45:00 AM,68703
6/7/2014 7:00:00 PM,6/7/2014 11:00:00 PM,6/6/2014 5:45:00 PM,94233
6/7/2014 8:00:00 AM,6/7/2014 12:00:00 PM,6/6/2014 9:45:00 AM,74670
6/7/2014 8:00:00 PM,6/8/2014 12:00:00 AM,6/6/2014 5:45:00 PM,92357
6/7/2014 9:00:00 AM,6/7/2014 1:00:00 PM,6/6/2014 9:45:00 AM,79979
6/7/2014 9:00:00 PM,6/8/2014 1:00:00 AM,6/6/2014 11:45:00 PM,91434
6/8/2014 10:00:00 AM,6/8/2014 2:00:00 PM,6/7/2014 9:45:00 AM,81045
6/8/2014 10:00:00 PM,6/9/2014 2:00:00 AM,6/7/2014 11:45:00 PM,86659
6/8/2014 11:00:00 AM,6/8/2014 3:00:00 PM,6/7/2014 11:45:00 AM,85108
6/8/2014 11:00:00 PM,6/9/2014 3:00:00 AM,6/7/2014 11:45:00 PM,79926
6/8/2014 12:00:00 AM,6/8/2014 4:00:00 AM,6/7/2014 5:45:00 AM,73091
6/8/2014 12:00:00 PM,6/8/2014 4:00:00 PM,6/7/2014 11:45:00 AM,88430
6/8/2014 1:00:00 AM,6/8/2014 5:00:00 AM,6/7/2014 5:45:00 AM,68813
6/8/2014 1:00:00 PM,6/8/2014 5:00:00 PM,6/7/2014 11:45:00 AM,90915
6/8/2014 2:00:00 AM,6/8/2014 6:00:00 AM,6/7/2014 5:45:00 AM,65996
6/8/2014 2:00:00 PM,6/8/2014 6:00:00 PM,6/7/2014 11:45:00 AM,92929
6/8/2014 3:00:00 AM,6/8/2014 7:00:00 AM,6/7/2014 5:45:00 AM,64197
6/8/2014 3:00:00 PM,6/8/2014 7:00:00 PM,6/7/2014 5:45:00 PM,94655
6/8/2014 4:00:00 AM,6/8/2014 8:00:00 AM,6/7/2014 5:45:00 AM,63307
6/8/2014 4:00:00 PM,6/8/2014 8:00:00 PM,6/7/2014 5:45:00 PM,96170
6/8/2014 5:00:00 AM,6/8/2014 9:00:00 AM,6/7/2014 5:45:00 AM,63317
6/8/2014 5:00:00 PM,6/8/2014 9:00:00 PM,6/7/2014 5:45:00 PM,96861
6/8/2014 6:00:00 AM,6/8/2014 10:00:00 AM,6/7/2014 5:45:00 AM,63730
6/8/2014 6:00:00 PM,6/8/2014 10:00:00 PM,6/7/2014 5:45:00 PM,96194
6/8/2014 7:00:00 AM,6/8/2014 11:00:00 AM,6/7/2014 5:45:00 AM,66378
6/8/2014 7:00:00 PM,6/8/2014 11:00:00 PM,6/7/2014 5:45:00 PM,94736
6/8/2014 8:00:00 AM,6/8/2014 12:00:00 PM,6/7/2014 9:45:00 AM,71459
6/8/2014 8:00:00 PM,6/9/2014 12:00:00 AM,6/7/2014 5:45:00 PM,93637
6/8/2014 9:00:00 AM,6/8/2014 1:00:00 PM,6/7/2014 9:45:00 AM,76681
6/8/2014 9:00:00 PM,6/9/2014 1:00:00 AM,6/7/2014 11:45:00 PM,92349
6/9/2014 10:00:00 AM,6/9/2014 2:00:00 PM,6/8/2014 9:45:00 AM,95254
6/9/2014 10:00:00 PM,6/10/2014 2:00:00 AM,6/8/2014 11:45:00 PM,90548
6/9/2014 11:00:00 AM,6/9/2014 3:00:00 PM,6/8/2014 11:45:00 AM,98382
6/9/2014 11:00:00 PM,6/10/2014 3:00:00 AM,6/8/2014 11:45:00 PM,82530
6/9/2014 12:00:00 AM,6/9/2014 4:00:00 AM,6/8/2014 5:45:00 AM,73089
6/9/2014 12:00:00 PM,6/9/2014 4:00:00 PM,6/8/2014 11:45:00 AM,100757
6/9/2014 1:00:00 AM,6/9/2014 5:00:00 AM,6/8/2014 5:45:00 AM,69522
6/9/2014 1:00:00 PM,6/9/2014 5:00:00 PM,6/8/2014 11:45:00 AM,102989
6/9/2014 2:00:00 AM,6/9/2014 6:00:00 AM,6/8/2014 5:45:00 AM,67513
6/9/2014 2:00:00 PM,6/9/2014 6:00:00 PM,6/8/2014 11:45:00 AM,104414
6/9/2014 3:00:00 AM,6/9/2014 7:00:00 AM,6/8/2014 5:45:00 AM,66654
6/9/2014 3:00:00 PM,6/9/2014 7:00:00 PM,6/8/2014 5:45:00 PM,104403
6/9/2014 4:00:00 AM,6/9/2014 8:00:00 AM,6/8/2014 5:45:00 AM,67463
6/9/2014 4:00:00 PM,6/9/2014 8:00:00 PM,6/8/2014 5:45:00 PM,105403
6/9/2014 5:00:00 AM,6/9/2014 9:00:00 AM,6/8/2014 5:45:00 AM,71159
6/9/2014 5:00:00 PM,6/9/2014 9:00:00 PM,6/8/2014 5:45:00 PM,105544
6/9/2014 6:00:00 AM,6/9/2014 10:00:00 AM,6/8/2014 5:45:00 AM,77601
6/9/2014 6:00:00 PM,6/9/2014 10:00:00 PM,6/8/2014 5:45:00 PM,104128
6/9/2014 7:00:00 AM,6/9/2014 11:00:00 AM,6/8/2014 5:45:00 AM,83608
6/9/2014 7:00:00 PM,6/9/2014 11:00:00 PM,6/8/2014 5:45:00 PM,101993
6/9/2014 8:00:00 AM,6/9/2014 12:00:00 PM,6/8/2014 9:45:00 AM,87980
6/9/2014 8:00:00 PM,6/10/2014 12:00:00 AM,6/8/2014 5:45:00 PM,100065
6/9/2014 9:00:00 AM,6/9/2014 1:00:00 PM,6/8/2014 9:45:00 AM,91676
6/9/2014 9:00:00 PM,6/10/2014 1:00:00 AM,6/8/2014 11:45:00 PM,97524
7/1/2014 10:00:00 AM,7/1/2014 2:00:00 PM,6/30/2014 9:45:00 AM,119088
7/1/2014 10:00:00 PM,7/2/2014 2:00:00 AM,6/30/2014 11:45:00 PM,117589
7/1/2014 11:00:00 AM,7/1/2014 3:00:00 PM,6/30/2014 11:45:00 AM,126581
7/1/2014 11:00:00 PM,7/2/2014 3:00:00 AM,6/30/2014 11:45:00 PM,107252
7/1/2014 12:00:00 AM,7/1/2014 4:00:00 AM,6/30/2014 5:45:00 AM,94673
7/1/2014 12:00:00 PM,7/1/2014 4:00:00 PM,6/30/2014 11:45:00 AM,131904
7/1/2014 1:00:00 AM,7/1/2014 5:00:00 AM,6/30/2014 5:45:00 AM,88690
7/1/2014 1:00:00 PM,7/1/2014 5:00:00 PM,6/30/2014 11:45:00 AM,136556
7/1/2014 2:00:00 AM,7/1/2014 6:00:00 AM,6/30/2014 5:45:00 AM,84756
7/1/2014 2:00:00 PM,7/1/2014 6:00:00 PM,6/30/2014 11:45:00 AM,139766
7/1/2014 3:00:00 AM,7/1/2014 7:00:00 AM,6/30/2014 5:45:00 AM,82385
7/1/2014 3:00:00 PM,7/1/2014 7:00:00 PM,6/30/2014 5:45:00 PM,141830
7/1/2014 4:00:00 AM,7/1/2014 8:00:00 AM,6/30/2014 5:45:00 AM,82146
7/1/2014 4:00:00 PM,7/1/2014 8:00:00 PM,6/30/2014 5:45:00 PM,143127
7/1/2014 5:00:00 AM,7/1/2014 9:00:00 AM,6/30/2014 5:45:00 AM,85180
7/1/2014 5:00:00 PM,7/1/2014 9:00:00 PM,6/30/2014 5:45:00 PM,142425
7/1/2014 6:00:00 AM,7/1/2014 10:00:00 AM,6/30/2014 5:45:00 AM,90994
7/1/2014 6:00:00 PM,7/1/2014 10:00:00 PM,6/30/2014 5:45:00 PM,139245
7/1/2014 7:00:00 AM,7/1/2014 11:00:00 AM,6/30/2014 5:45:00 AM,98129
7/1/2014 7:00:00 PM,7/1/2014 11:00:00 PM,6/30/2014 5:45:00 PM,134230
7/1/2014 8:00:00 AM,7/1/2014 12:00:00 PM,6/30/2014 9:45:00 AM,104773
7/1/2014 8:00:00 PM,7/2/2014 12:00:00 AM,6/30/2014 5:45:00 PM,129863
7/1/2014 9:00:00 AM,7/1/2014 1:00:00 PM,6/30/2014 9:45:00 AM,111912
7/1/2014 9:00:00 PM,7/2/2014 1:00:00 AM,6/30/2014 11:45:00 PM,126231
7/10/2014 10:00:00 AM,7/10/2014 2:00:00 PM,7/9/2014 9:45:00 AM,107704
7/10/2014 10:00:00 PM,7/11/2014 2:00:00 AM,7/9/2014 11:45:00 PM,100961
7/10/2014 11:00:00 AM,7/10/2014 3:00:00 PM,7/9/2014 11:45:00 AM,112044
7/10/2014 11:00:00 PM,7/11/2014 3:00:00 AM,7/9/2014 11:45:00 PM,92116
7/10/2014 12:00:00 AM,7/10/2014 4:00:00 AM,7/9/2014 5:45:00 AM,86862
7/10/2014 12:00:00 PM,7/10/2014 4:00:00 PM,7/9/2014 11:45:00 AM,115889
7/10/2014 1:00:00 AM,7/10/2014 5:00:00 AM,7/9/2014 5:45:00 AM,81607
7/10/2014 1:00:00 PM,7/10/2014 5:00:00 PM,7/9/2014 11:45:00 AM,118914
7/10/2014 2:00:00 AM,7/10/2014 6:00:00 AM,7/9/2014 5:45:00 AM,78239
7/10/2014 2:00:00 PM,7/10/2014 6:00:00 PM,7/9/2014 11:45:00 AM,121076
7/10/2014 3:00:00 AM,7/10/2014 7:00:00 AM,7/9/2014 5:45:00 AM,76370
7/10/2014 3:00:00 PM,7/10/2014 7:00:00 PM,7/9/2014 5:45:00 PM,122320
7/10/2014 4:00:00 AM,7/10/2014 8:00:00 AM,7/9/2014 5:45:00 AM,76392
7/10/2014 4:00:00 PM,7/10/2014 8:00:00 PM,7/9/2014 5:45:00 PM,122928
7/10/2014 5:00:00 AM,7/10/2014 9:00:00 AM,7/9/2014 5:45:00 AM,79434
7/10/2014 5:00:00 PM,7/10/2014 9:00:00 PM,7/9/2014 5:45:00 PM,122114
7/10/2014 6:00:00 AM,7/10/2014 10:00:00 AM,7/9/2014 5:45:00 AM,84944
7/10/2014 6:00:00 PM,7/10/2014 10:00:00 PM,7/9/2014 5:45:00 PM,119050
7/10/2014 7:00:00 AM,7/10/2014 11:00:00 AM,7/9/2014 5:45:00 AM,91201
7/10/2014 7:00:00 PM,7/10/2014 11:00:00 PM,7/9/2014 5:45:00 PM,114981
7/10/2014 8:00:00 AM,7/10/2014 12:00:00 PM,7/9/2014 9:45:00 AM,97231
7/10/2014 8:00:00 PM,7/11/2014 12:00:00 AM,7/9/2014 5:45:00 PM,111659
7/10/2014 9:00:00 AM,7/10/2014 1:00:00 PM,7/9/2014 9:45:00 AM,102493
7/10/2014 9:00:00 PM,7/11/2014 1:00:00 AM,7/9/2014 11:45:00 PM,108245
7/11/2014 10:00:00 AM,7/11/2014 2:00:00 PM,7/10/2014 9:45:00 AM,104935
7/11/2014 10:00:00 PM,7/12/2014 2:00:00 AM,7/10/2014 11:45:00 PM,99715
7/11/2014 11:00:00 AM,7/11/2014 3:00:00 PM,7/10/2014 11:45:00 AM,109500
7/11/2014 11:00:00 PM,7/12/2014 3:00:00 AM,7/10/2014 11:45:00 PM,91559
7/11/2014 12:00:00 AM,7/11/2014 4:00:00 AM,7/10/2014 5:45:00 AM,83317
7/11/2014 12:00:00 PM,7/11/2014 4:00:00 PM,7/10/2014 11:45:00 AM,113152
7/11/2014 1:00:00 AM,7/11/2014 5:00:00 AM,7/10/2014 5:45:00 AM,78182
7/11/2014 1:00:00 PM,7/11/2014 5:00:00 PM,7/10/2014 11:45:00 AM,116358
7/11/2014 2:00:00 AM,7/11/2014 6:00:00 AM,7/10/2014 5:45:00 AM,74958
7/11/2014 2:00:00 PM,7/11/2014 6:00:00 PM,7/10/2014 11:45:00 AM,118701
7/11/2014 3:00:00 AM,7/11/2014 7:00:00 AM,7/10/2014 5:45:00 AM,73227
7/11/2014 3:00:00 PM,7/11/2014 7:00:00 PM,7/10/2014 5:45:00 PM,120262
7/11/2014 4:00:00 AM,7/11/2014 8:00:00 AM,7/10/2014 5:45:00 AM,73308
7/11/2014 4:00:00 PM,7/11/2014 8:00:00 PM,7/10/2014 5:45:00 PM,121039
7/11/2014 5:00:00 AM,7/11/2014 9:00:00 AM,7/10/2014 5:45:00 AM,76203
7/11/2014 5:00:00 PM,7/11/2014 9:00:00 PM,7/10/2014 5:45:00 PM,120127
7/11/2014 6:00:00 AM,7/11/2014 10:00:00 AM,7/10/2014 5:45:00 AM,81362
7/11/2014 6:00:00 PM,7/11/2014 10:00:00 PM,7/10/2014 5:45:00 PM,116732
7/11/2014 7:00:00 AM,7/11/2014 11:00:00 AM,7/10/2014 5:45:00 AM,87604
7/11/2014 7:00:00 PM,7/11/2014 11:00:00 PM,7/10/2014 5:45:00 PM,111863
7/11/2014 8:00:00 AM,7/11/2014 12:00:00 PM,7/10/2014 9:45:00 AM,93922
7/11/2014 8:00:00 PM,7/12/2014 12:00:00 AM,7/10/2014 5:45:00 PM,107814
7/11/2014 9:00:00 AM,7/11/2014 1:00:00 PM,7/10/2014 9:45:00 AM,99551
7/11/2014 9:00:00 PM,7/12/2014 1:00:00 AM,7/10/2014 11:45:00 PM,105713
7/12/2014 10:00:00 AM,7/12/2014 2:00:00 PM,7/11/2014 9:45:00 AM,97987
7/12/2014 10:00:00 PM,7/13/2014 2:00:00 AM,7/11/2014 11:45:00 PM,100970
7/12/2014 11:00:00 AM,7/12/2014 3:00:00 PM,7/11/2014 11:45:00 AM,103477
7/12/2014 11:00:00 PM,7/13/2014 3:00:00 AM,7/11/2014 11:45:00 PM,93508
7/12/2014 12:00:00 AM,7/12/2014 4:00:00 AM,7/11/2014 5:45:00 AM,84960
7/12/2014 12:00:00 PM,7/12/2014 4:00:00 PM,7/11/2014 11:45:00 AM,107856
7/12/2014 1:00:00 AM,7/12/2014 5:00:00 AM,7/11/2014 5:45:00 AM,79463
7/12/2014 1:00:00 PM,7/12/2014 5:00:00 PM,7/11/2014 11:45:00 AM,111231
7/12/2014 2:00:00 AM,7/12/2014 6:00:00 AM,7/11/2014 5:45:00 AM,75695
7/12/2014 2:00:00 PM,7/12/2014 6:00:00 PM,7/11/2014 11:45:00 AM,113701
7/12/2014 3:00:00 AM,7/12/2014 7:00:00 AM,7/11/2014 5:45:00 AM,73243
7/12/2014 3:00:00 PM,7/12/2014 7:00:00 PM,7/11/2014 5:45:00 PM,115915
7/12/2014 4:00:00 AM,7/12/2014 8:00:00 AM,7/11/2014 5:45:00 AM,72064
7/12/2014 4:00:00 PM,7/12/2014 8:00:00 PM,7/11/2014 5:45:00 PM,117453
7/12/2014 5:00:00 AM,7/12/2014 9:00:00 AM,7/11/2014 5:45:00 AM,72135
7/12/2014 5:00:00 PM,7/12/2014 9:00:00 PM,7/11/2014 5:45:00 PM,117569
7/12/2014 6:00:00 AM,7/12/2014 10:00:00 AM,7/11/2014 5:45:00 AM,72733
7/12/2014 6:00:00 PM,7/12/2014 10:00:00 PM,7/11/2014 5:45:00 PM,115643
7/12/2014 7:00:00 AM,7/12/2014 11:00:00 AM,7/11/2014 5:45:00 AM,76725
7/12/2014 7:00:00 PM,7/12/2014 11:00:00 PM,7/11/2014 5:45:00 PM,111903
7/12/2014 8:00:00 AM,7/12/2014 12:00:00 PM,7/11/2014 9:45:00 AM,84145
7/12/2014 8:00:00 PM,7/13/2014 12:00:00 AM,7/11/2014 5:45:00 PM,108099
7/12/2014 9:00:00 AM,7/12/2014 1:00:00 PM,7/11/2014 9:45:00 AM,91376
7/12/2014 9:00:00 PM,7/13/2014 1:00:00 AM,7/11/2014 11:45:00 PM,106189
7/13/2014 10:00:00 AM,7/13/2014 2:00:00 PM,7/12/2014 9:45:00 AM,97170
7/13/2014 10:00:00 PM,7/14/2014 2:00:00 AM,7/12/2014 11:45:00 PM,105359
7/13/2014 11:00:00 AM,7/13/2014 3:00:00 PM,7/12/2014 11:45:00 AM,104948
7/13/2014 11:00:00 PM,7/14/2014 3:00:00 AM,7/12/2014 11:45:00 PM,97185
7/13/2014 12:00:00 AM,7/13/2014 4:00:00 AM,7/12/2014 5:45:00 AM,85766
7/13/2014 12:00:00 PM,7/13/2014 4:00:00 PM,7/12/2014 11:45:00 AM,110277
7/13/2014 1:00:00 AM,7/13/2014 5:00:00 AM,7/12/2014 5:45:00 AM,80368
7/13/2014 1:00:00 PM,7/13/2014 5:00:00 PM,7/12/2014 11:45:00 AM,114239
7/13/2014 2:00:00 AM,7/13/2014 6:00:00 AM,7/12/2014 5:45:00 AM,76591
7/13/2014 2:00:00 PM,7/13/2014 6:00:00 PM,7/12/2014 11:45:00 AM,117228
7/13/2014 3:00:00 AM,7/13/2014 7:00:00 AM,7/12/2014 5:45:00 AM,74053
7/13/2014 3:00:00 PM,7/13/2014 7:00:00 PM,7/12/2014 5:45:00 PM,119614
7/13/2014 4:00:00 AM,7/13/2014 8:00:00 AM,7/12/2014 5:45:00 AM,72605
7/13/2014 4:00:00 PM,7/13/2014 8:00:00 PM,7/12/2014 5:45:00 PM,121579
7/13/2014 5:00:00 AM,7/13/2014 9:00:00 AM,7/12/2014 5:45:00 AM,71975
7/13/2014 5:00:00 PM,7/13/2014 9:00:00 PM,7/12/2014 5:45:00 PM,122049
7/13/2014 6:00:00 AM,7/13/2014 10:00:00 AM,7/12/2014 5:45:00 AM,71621
7/13/2014 6:00:00 PM,7/13/2014 10:00:00 PM,7/12/2014 5:45:00 PM,120460
7/13/2014 7:00:00 AM,7/13/2014 11:00:00 AM,7/12/2014 5:45:00 AM,74951
7/13/2014 7:00:00 PM,7/13/2014 11:00:00 PM,7/12/2014 5:45:00 PM,116966
7/13/2014 8:00:00 AM,7/13/2014 12:00:00 PM,7/12/2014 9:45:00 AM,82094
7/13/2014 8:00:00 PM,7/14/2014 12:00:00 AM,7/12/2014 5:45:00 PM,113415
7/13/2014 9:00:00 AM,7/13/2014 1:00:00 PM,7/12/2014 9:45:00 AM,89935
7/13/2014 9:00:00 PM,7/14/2014 1:00:00 AM,7/12/2014 11:45:00 PM,111335
7/14/2014 10:00:00 AM,7/14/2014 2:00:00 PM,7/13/2014 9:45:00 AM,116514
7/14/2014 10:00:00 PM,7/15/2014 2:00:00 AM,7/13/2014 11:45:00 PM,110959
7/14/2014 11:00:00 AM,7/14/2014 3:00:00 PM,7/13/2014 11:45:00 AM,122578
7/14/2014 11:00:00 PM,7/15/2014 3:00:00 AM,7/13/2014 11:45:00 PM,101358
7/14/2014 12:00:00 AM,7/14/2014 4:00:00 AM,7/13/2014 5:45:00 AM,89838
7/14/2014 12:00:00 PM,7/14/2014 4:00:00 PM,7/13/2014 11:45:00 AM,126832
7/14/2014 1:00:00 AM,7/14/2014 5:00:00 AM,7/13/2014 5:45:00 AM,84553
7/14/2014 1:00:00 PM,7/14/2014 5:00:00 PM,7/13/2014 11:45:00 AM,130216
7/14/2014 2:00:00 AM,7/14/2014 6:00:00 AM,7/13/2014 5:45:00 AM,81169
7/14/2014 2:00:00 PM,7/14/2014 6:00:00 PM,7/13/2014 11:45:00 AM,132027
7/14/2014 3:00:00 AM,7/14/2014 7:00:00 AM,7/13/2014 5:45:00 AM,79301
7/14/2014 3:00:00 PM,7/14/2014 7:00:00 PM,7/13/2014 5:45:00 PM,134642
7/14/2014 4:00:00 AM,7/14/2014 8:00:00 AM,7/13/2014 5:45:00 AM,79403
7/14/2014 4:00:00 PM,7/14/2014 8:00:00 PM,7/13/2014 5:45:00 PM,134695
7/14/2014 5:00:00 AM,7/14/2014 9:00:00 AM,7/13/2014 5:45:00 AM,82369
7/14/2014 5:00:00 PM,7/14/2014 9:00:00 PM,7/13/2014 5:45:00 PM,133595
7/14/2014 6:00:00 AM,7/14/2014 10:00:00 AM,7/13/2014 5:45:00 AM,87658
7/14/2014 6:00:00 PM,7/14/2014 10:00:00 PM,7/13/2014 5:45:00 PM,130519
7/14/2014 7:00:00 AM,7/14/2014 11:00:00 AM,7/13/2014 5:45:00 AM,94816
7/14/2014 7:00:00 PM,7/14/2014 11:00:00 PM,7/13/2014 5:45:00 PM,125961
7/14/2014 8:00:00 AM,7/14/2014 12:00:00 PM,7/13/2014 9:45:00 AM,103013
7/14/2014 8:00:00 PM,7/15/2014 12:00:00 AM,7/13/2014 5:45:00 PM,122157
7/14/2014 9:00:00 AM,7/14/2014 1:00:00 PM,7/13/2014 9:45:00 AM,109818
7/14/2014 9:00:00 PM,7/15/2014 1:00:00 AM,7/13/2014 11:45:00 PM,118926
7/15/2014 10:00:00 AM,7/15/2014 2:00:00 PM,7/14/2014 9:45:00 AM,108923
7/15/2014 10:00:00 PM,7/16/2014 2:00:00 AM,7/14/2014 11:45:00 PM,97501
7/15/2014 11:00:00 AM,7/15/2014 3:00:00 PM,7/14/2014 11:45:00 AM,111499
7/15/2014 11:00:00 PM,7/16/2014 3:00:00 AM,7/14/2014 11:45:00 PM,89222
7/15/2014 12:00:00 AM,7/15/2014 4:00:00 AM,7/14/2014 5:45:00 AM,89779
7/15/2014 12:00:00 PM,7/15/2014 4:00:00 PM,7/14/2014 11:45:00 AM,114139
7/15/2014 1:00:00 AM,7/15/2014 5:00:00 AM,7/14/2014 5:45:00 AM,84392
7/15/2014 1:00:00 PM,7/15/2014 5:00:00 PM,7/14/2014 11:45:00 AM,116172
7/15/2014 2:00:00 AM,7/15/2014 6:00:00 AM,7/14/2014 5:45:00 AM,80952
7/15/2014 2:00:00 PM,7/15/2014 6:00:00 PM,7/14/2014 11:45:00 AM,117254
7/15/2014 3:00:00 AM,7/15/2014 7:00:00 AM,7/14/2014 5:45:00 AM,78989
7/15/2014 3:00:00 PM,7/15/2014 7:00:00 PM,7/14/2014 5:45:00 PM,117233
7/15/2014 4:00:00 AM,7/15/2014 8:00:00 AM,7/14/2014 5:45:00 AM,78973
7/15/2014 4:00:00 PM,7/15/2014 8:00:00 PM,7/14/2014 5:45:00 PM,116879
7/15/2014 5:00:00 AM,7/15/2014 9:00:00 AM,7/14/2014 5:45:00 AM,82060
7/15/2014 5:00:00 PM,7/15/2014 9:00:00 PM,7/14/2014 5:45:00 PM,115580
7/15/2014 6:00:00 AM,7/15/2014 10:00:00 AM,7/14/2014 5:45:00 AM,87361
7/15/2014 6:00:00 PM,7/15/2014 10:00:00 PM,7/14/2014 5:45:00 PM,112792
7/15/2014 7:00:00 AM,7/15/2014 11:00:00 AM,7/14/2014 5:45:00 AM,93956
7/15/2014 7:00:00 PM,7/15/2014 11:00:00 PM,7/14/2014 5:45:00 PM,109038
7/15/2014 8:00:00 AM,7/15/2014 12:00:00 PM,7/14/2014 9:45:00 AM,99498
7/15/2014 8:00:00 PM,7/16/2014 12:00:00 AM,7/14/2014 5:45:00 PM,106318
7/15/2014 9:00:00 AM,7/15/2014 1:00:00 PM,7/14/2014 9:45:00 AM,104377
7/15/2014 9:00:00 PM,7/16/2014 1:00:00 AM,7/14/2014 11:45:00 PM,103972
7/16/2014 10:00:00 AM,7/16/2014 2:00:00 PM,7/15/2014 9:45:00 AM,100022
7/16/2014 10:00:00 PM,7/17/2014 2:00:00 AM,7/15/2014 11:45:00 PM,94057
7/16/2014 11:00:00 AM,7/16/2014 3:00:00 PM,7/15/2014 11:45:00 AM,103391
7/16/2014 11:00:00 PM,7/17/2014 3:00:00 AM,7/15/2014 11:45:00 PM,85963
7/16/2014 12:00:00 AM,7/16/2014 4:00:00 AM,7/15/2014 5:45:00 AM,82541
7/16/2014 12:00:00 PM,7/16/2014 4:00:00 PM,7/15/2014 11:45:00 AM,105596
7/16/2014 1:00:00 AM,7/16/2014 5:00:00 AM,7/15/2014 5:45:00 AM,77784
7/16/2014 1:00:00 PM,7/16/2014 5:00:00 PM,7/15/2014 11:45:00 AM,107688
7/16/2014 2:00:00 AM,7/16/2014 6:00:00 AM,7/15/2014 5:45:00 AM,74706
7/16/2014 2:00:00 PM,7/16/2014 6:00:00 PM,7/15/2014 11:45:00 AM,109147
7/16/2014 3:00:00 AM,7/16/2014 7:00:00 AM,7/15/2014 5:45:00 AM,73102
7/16/2014 3:00:00 PM,7/16/2014 7:00:00 PM,7/15/2014 5:45:00 PM,109827
7/16/2014 4:00:00 AM,7/16/2014 8:00:00 AM,7/15/2014 5:45:00 AM,73262
7/16/2014 4:00:00 PM,7/16/2014 8:00:00 PM,7/15/2014 5:45:00 PM,110545
7/16/2014 5:00:00 AM,7/16/2014 9:00:00 AM,7/15/2014 5:45:00 AM,76490
7/16/2014 5:00:00 PM,7/16/2014 9:00:00 PM,7/15/2014 5:45:00 PM,110232
7/16/2014 6:00:00 AM,7/16/2014 10:00:00 AM,7/15/2014 5:45:00 AM,81968
7/16/2014 6:00:00 PM,7/16/2014 10:00:00 PM,7/15/2014 5:45:00 PM,107928
7/16/2014 7:00:00 AM,7/16/2014 11:00:00 AM,7/15/2014 5:45:00 AM,87859
7/16/2014 7:00:00 PM,7/16/2014 11:00:00 PM,7/15/2014 5:45:00 PM,104608
7/16/2014 8:00:00 AM,7/16/2014 12:00:00 PM,7/15/2014 9:45:00 AM,92464
7/16/2014 8:00:00 PM,7/17/2014 12:00:00 AM,7/15/2014 5:45:00 PM,102220
7/16/2014 9:00:00 AM,7/16/2014 1:00:00 PM,7/15/2014 9:45:00 AM,96381
7/16/2014 9:00:00 PM,7/17/2014 1:00:00 AM,7/15/2014 11:45:00 PM,100582
7/17/2014 10:00:00 AM,7/17/2014 2:00:00 PM,7/16/2014 9:45:00 AM,96911
7/17/2014 10:00:00 PM,7/18/2014 2:00:00 AM,7/16/2014 11:45:00 PM,92849
7/17/2014 11:00:00 AM,7/17/2014 3:00:00 PM,7/16/2014 11:45:00 AM,99698
7/17/2014 11:00:00 PM,7/18/2014 3:00:00 AM,7/16/2014 11:45:00 PM,84669
7/17/2014 12:00:00 AM,7/17/2014 4:00:00 AM,7/16/2014 5:45:00 AM,77405
7/17/2014 12:00:00 PM,7/17/2014 4:00:00 PM,7/16/2014 11:45:00 AM,102228
7/17/2014 1:00:00 AM,7/17/2014 5:00:00 AM,7/16/2014 5:45:00 AM,72896
7/17/2014 1:00:00 PM,7/17/2014 5:00:00 PM,7/16/2014 11:45:00 AM,104650
7/17/2014 2:00:00 AM,7/17/2014 6:00:00 AM,7/16/2014 5:45:00 AM,70110
7/17/2014 2:00:00 PM,7/17/2014 6:00:00 PM,7/16/2014 11:45:00 AM,106410
7/17/2014 3:00:00 AM,7/17/2014 7:00:00 AM,7/16/2014 5:45:00 AM,68744
7/17/2014 3:00:00 PM,7/17/2014 7:00:00 PM,7/16/2014 5:45:00 PM,107823
7/17/2014 4:00:00 AM,7/17/2014 8:00:00 AM,7/16/2014 5:45:00 AM,69104
7/17/2014 4:00:00 PM,7/17/2014 8:00:00 PM,7/16/2014 5:45:00 PM,108881
7/17/2014 5:00:00 AM,7/17/2014 9:00:00 AM,7/16/2014 5:45:00 AM,72289
7/17/2014 5:00:00 PM,7/17/2014 9:00:00 PM,7/16/2014 5:45:00 PM,108739
7/17/2014 6:00:00 AM,7/17/2014 10:00:00 AM,7/16/2014 5:45:00 AM,77394
7/17/2014 6:00:00 PM,7/17/2014 10:00:00 PM,7/16/2014 5:45:00 PM,106672
7/17/2014 7:00:00 AM,7/17/2014 11:00:00 AM,7/16/2014 5:45:00 AM,83649
7/17/2014 7:00:00 PM,7/17/2014 11:00:00 PM,7/16/2014 5:45:00 PM,103301
7/17/2014 8:00:00 AM,7/17/2014 12:00:00 PM,7/16/2014 9:45:00 AM,88897
7/17/2014 8:00:00 PM,7/18/2014 12:00:00 AM,7/16/2014 5:45:00 PM,100768
7/17/2014 9:00:00 AM,7/17/2014 1:00:00 PM,7/16/2014 9:45:00 AM,93091
7/17/2014 9:00:00 PM,7/18/2014 1:00:00 AM,7/16/2014 11:45:00 PM,99270
7/18/2014 10:00:00 AM,7/18/2014 2:00:00 PM,7/17/2014 9:45:00 AM,96275
7/18/2014 10:00:00 PM,7/19/2014 2:00:00 AM,7/17/2014 11:45:00 PM,92579
7/18/2014 11:00:00 AM,7/18/2014 3:00:00 PM,7/17/2014 11:45:00 AM,100175
7/18/2014 11:00:00 PM,7/19/2014 3:00:00 AM,7/17/2014 11:45:00 PM,85038
7/18/2014 12:00:00 AM,7/18/2014 4:00:00 AM,7/17/2014 5:45:00 AM,77257
7/18/2014 12:00:00 PM,7/18/2014 4:00:00 PM,7/17/2014 11:45:00 AM,103033
7/18/2014 1:00:00 AM,7/18/2014 5:00:00 AM,7/17/2014 5:45:00 AM,72628
7/18/2014 1:00:00 PM,7/18/2014 5:00:00 PM,7/17/2014 11:45:00 AM,105719
7/18/2014 2:00:00 AM,7/18/2014 6:00:00 AM,7/17/2014 5:45:00 AM,69733
7/18/2014 2:00:00 PM,7/18/2014 6:00:00 PM,7/17/2014 11:45:00 AM,107613
7/18/2014 3:00:00 AM,7/18/2014 7:00:00 AM,7/17/2014 5:45:00 AM,68337
7/18/2014 3:00:00 PM,7/18/2014 7:00:00 PM,7/17/2014 5:45:00 PM,109157
7/18/2014 4:00:00 AM,7/18/2014 8:00:00 AM,7/17/2014 5:45:00 AM,68627
7/18/2014 4:00:00 PM,7/18/2014 8:00:00 PM,7/17/2014 5:45:00 PM,110148
7/18/2014 5:00:00 AM,7/18/2014 9:00:00 AM,7/17/2014 5:45:00 AM,71510
7/18/2014 5:00:00 PM,7/18/2014 9:00:00 PM,7/17/2014 5:45:00 PM,109767
7/18/2014 6:00:00 AM,7/18/2014 10:00:00 AM,7/17/2014 5:45:00 AM,76377
7/18/2014 6:00:00 PM,7/18/2014 10:00:00 PM,7/17/2014 5:45:00 PM,107114
7/18/2014 7:00:00 AM,7/18/2014 11:00:00 AM,7/17/2014 5:45:00 AM,82655
7/18/2014 7:00:00 PM,7/18/2014 11:00:00 PM,7/17/2014 5:45:00 PM,102942
7/18/2014 8:00:00 AM,7/18/2014 12:00:00 PM,7/17/2014 9:45:00 AM,86787
7/18/2014 8:00:00 PM,7/19/2014 12:00:00 AM,7/17/2014 5:45:00 PM,99314
7/18/2014 9:00:00 AM,7/18/2014 1:00:00 PM,7/17/2014 9:45:00 AM,91691
7/18/2014 9:00:00 PM,7/19/2014 1:00:00 AM,7/17/2014 11:45:00 PM,97972
7/19/2014 10:00:00 AM,7/19/2014 2:00:00 PM,7/18/2014 9:45:00 AM,89176
7/19/2014 10:00:00 PM,7/20/2014 2:00:00 AM,7/18/2014 11:45:00 PM,88860
7/19/2014 11:00:00 AM,7/19/2014 3:00:00 PM,7/18/2014 11:45:00 AM,92604
7/19/2014 11:00:00 PM,7/20/2014 3:00:00 AM,7/18/2014 11:45:00 PM,82514
7/19/2014 12:00:00 AM,7/19/2014 4:00:00 AM,7/18/2014 5:45:00 AM,78792
7/19/2014 12:00:00 PM,7/19/2014 4:00:00 PM,7/18/2014 11:45:00 AM,95002
7/19/2014 1:00:00 AM,7/19/2014 5:00:00 AM,7/18/2014 5:45:00 AM,73938
7/19/2014 1:00:00 PM,7/19/2014 5:00:00 PM,7/18/2014 11:45:00 AM,96650
7/19/2014 2:00:00 AM,7/19/2014 6:00:00 AM,7/18/2014 5:45:00 AM,70749
7/19/2014 2:00:00 PM,7/19/2014 6:00:00 PM,7/18/2014 11:45:00 AM,97827
7/19/2014 3:00:00 AM,7/19/2014 7:00:00 AM,7/18/2014 5:45:00 AM,68790
7/19/2014 3:00:00 PM,7/19/2014 7:00:00 PM,7/18/2014 5:45:00 PM,98901
7/19/2014 4:00:00 AM,7/19/2014 8:00:00 AM,7/18/2014 5:45:00 AM,67966
7/19/2014 4:00:00 PM,7/19/2014 8:00:00 PM,7/18/2014 5:45:00 PM,99804
7/19/2014 5:00:00 AM,7/19/2014 9:00:00 AM,7/18/2014 5:45:00 AM,68275
7/19/2014 5:00:00 PM,7/19/2014 9:00:00 PM,7/18/2014 5:45:00 PM,100002
7/19/2014 6:00:00 AM,7/19/2014 10:00:00 AM,7/18/2014 5:45:00 AM,68873
7/19/2014 6:00:00 PM,7/19/2014 10:00:00 PM,7/18/2014 5:45:00 PM,98544
7/19/2014 7:00:00 AM,7/19/2014 11:00:00 AM,7/18/2014 5:45:00 AM,72665
7/19/2014 7:00:00 PM,7/19/2014 11:00:00 PM,7/18/2014 5:45:00 PM,95830
7/19/2014 8:00:00 AM,7/19/2014 12:00:00 PM,7/18/2014 9:45:00 AM,78612
7/19/2014 8:00:00 PM,7/20/2014 12:00:00 AM,7/18/2014 5:45:00 PM,93515
7/19/2014 9:00:00 AM,7/19/2014 1:00:00 PM,7/18/2014 9:45:00 AM,84433
7/19/2014 9:00:00 PM,7/20/2014 1:00:00 AM,7/18/2014 11:45:00 PM,92944
7/2/2014 10:00:00 AM,7/2/2014 2:00:00 PM,7/1/2014 9:45:00 AM,119704
7/2/2014 10:00:00 PM,7/3/2014 2:00:00 AM,7/1/2014 11:45:00 PM,113295
7/2/2014 11:00:00 AM,7/2/2014 3:00:00 PM,7/1/2014 11:45:00 AM,125527
7/2/2014 11:00:00 PM,7/3/2014 3:00:00 AM,7/1/2014 11:45:00 PM,103252
7/2/2014 12:00:00 AM,7/2/2014 4:00:00 AM,7/1/2014 5:45:00 AM,96292
7/2/2014 12:00:00 PM,7/2/2014 4:00:00 PM,7/1/2014 11:45:00 AM,130221
7/2/2014 1:00:00 AM,7/2/2014 5:00:00 AM,7/1/2014 5:45:00 AM,90082
7/2/2014 1:00:00 PM,7/2/2014 5:00:00 PM,7/1/2014 11:45:00 AM,134161
7/2/2014 2:00:00 AM,7/2/2014 6:00:00 AM,7/1/2014 5:45:00 AM,85950
7/2/2014 2:00:00 PM,7/2/2014 6:00:00 PM,7/1/2014 11:45:00 AM,136887
7/2/2014 3:00:00 AM,7/2/2014 7:00:00 AM,7/1/2014 5:45:00 AM,83463
7/2/2014 3:00:00 PM,7/2/2014 7:00:00 PM,7/1/2014 5:45:00 PM,137398
7/2/2014 4:00:00 AM,7/2/2014 8:00:00 AM,7/1/2014 5:45:00 AM,83062
7/2/2014 4:00:00 PM,7/2/2014 8:00:00 PM,7/1/2014 5:45:00 PM,137605
7/2/2014 5:00:00 AM,7/2/2014 9:00:00 AM,7/1/2014 5:45:00 AM,85937
7/2/2014 5:00:00 PM,7/2/2014 9:00:00 PM,7/1/2014 5:45:00 PM,136320
7/2/2014 6:00:00 AM,7/2/2014 10:00:00 AM,7/1/2014 5:45:00 AM,91404
7/2/2014 6:00:00 PM,7/2/2014 10:00:00 PM,7/1/2014 5:45:00 PM,133182
7/2/2014 7:00:00 AM,7/2/2014 11:00:00 AM,7/1/2014 5:45:00 AM,98451
7/2/2014 7:00:00 PM,7/2/2014 11:00:00 PM,7/1/2014 5:45:00 PM,128507
7/2/2014 8:00:00 AM,7/2/2014 12:00:00 PM,7/1/2014 9:45:00 AM,105963
7/2/2014 8:00:00 PM,7/3/2014 12:00:00 AM,7/1/2014 5:45:00 PM,124733
7/2/2014 9:00:00 AM,7/2/2014 1:00:00 PM,7/1/2014 9:45:00 AM,112933
7/2/2014 9:00:00 PM,7/3/2014 1:00:00 AM,7/1/2014 11:45:00 PM,121600
7/20/2014 10:00:00 AM,7/20/2014 2:00:00 PM,7/19/2014 9:45:00 AM,84893
7/20/2014 10:00:00 PM,7/21/2014 2:00:00 AM,7/19/2014 11:45:00 PM,92735
7/20/2014 11:00:00 AM,7/20/2014 3:00:00 PM,7/19/2014 11:45:00 AM,89204
7/20/2014 11:00:00 PM,7/21/2014 3:00:00 AM,7/19/2014 11:45:00 PM,85692
7/20/2014 12:00:00 AM,7/20/2014 4:00:00 AM,7/19/2014 5:45:00 AM,75931
7/20/2014 12:00:00 PM,7/20/2014 4:00:00 PM,7/19/2014 11:45:00 AM,92828
7/20/2014 1:00:00 AM,7/20/2014 5:00:00 AM,7/19/2014 5:45:00 AM,71420
7/20/2014 1:00:00 PM,7/20/2014 5:00:00 PM,7/19/2014 11:45:00 AM,95723
7/20/2014 2:00:00 AM,7/20/2014 6:00:00 AM,7/19/2014 5:45:00 AM,68373
7/20/2014 2:00:00 PM,7/20/2014 6:00:00 PM,7/19/2014 11:45:00 AM,97969
7/20/2014 3:00:00 AM,7/20/2014 7:00:00 AM,7/19/2014 5:45:00 AM,66466
7/20/2014 3:00:00 PM,7/20/2014 7:00:00 PM,7/19/2014 5:45:00 PM,100106
7/20/2014 4:00:00 AM,7/20/2014 8:00:00 AM,7/19/2014 5:45:00 AM,65524
7/20/2014 4:00:00 PM,7/20/2014 8:00:00 PM,7/19/2014 5:45:00 PM,102119
7/20/2014 5:00:00 AM,7/20/2014 9:00:00 AM,7/19/2014 5:45:00 AM,65258
7/20/2014 5:00:00 PM,7/20/2014 9:00:00 PM,7/19/2014 5:45:00 PM,103332
7/20/2014 6:00:00 AM,7/20/2014 10:00:00 AM,7/19/2014 5:45:00 AM,64960
7/20/2014 6:00:00 PM,7/20/2014 10:00:00 PM,7/19/2014 5:45:00 PM,102670
7/20/2014 7:00:00 AM,7/20/2014 11:00:00 AM,7/19/2014 5:45:00 AM,67895
7/20/2014 7:00:00 PM,7/20/2014 11:00:00 PM,7/19/2014 5:45:00 PM,100386
7/20/2014 8:00:00 AM,7/20/2014 12:00:00 PM,7/19/2014 9:45:00 AM,74134
7/20/2014 8:00:00 PM,7/21/2014 12:00:00 AM,7/19/2014 5:45:00 PM,98407
7/20/2014 9:00:00 AM,7/20/2014 1:00:00 PM,7/19/2014 9:45:00 AM,79940
7/20/2014 9:00:00 PM,7/21/2014 1:00:00 AM,7/19/2014 11:45:00 PM,97707
7/21/2014 10:00:00 AM,7/21/2014 2:00:00 PM,7/20/2014 9:45:00 AM,106115
7/21/2014 10:00:00 PM,7/22/2014 2:00:00 AM,7/20/2014 11:45:00 PM,106862
7/21/2014 11:00:00 AM,7/21/2014 3:00:00 PM,7/20/2014 11:45:00 AM,111161
7/21/2014 11:00:00 PM,7/22/2014 3:00:00 AM,7/20/2014 11:45:00 PM,97469
7/21/2014 12:00:00 AM,7/21/2014 4:00:00 AM,7/20/2014 5:45:00 AM,80100
7/21/2014 12:00:00 PM,7/21/2014 4:00:00 PM,7/20/2014 11:45:00 AM,115340
7/21/2014 1:00:00 AM,7/21/2014 5:00:00 AM,7/20/2014 5:45:00 AM,75603
7/21/2014 1:00:00 PM,7/21/2014 5:00:00 PM,7/20/2014 11:45:00 AM,119269
7/21/2014 2:00:00 AM,7/21/2014 6:00:00 AM,7/20/2014 5:45:00 AM,73023
7/21/2014 2:00:00 PM,7/21/2014 6:00:00 PM,7/20/2014 11:45:00 AM,121886
7/21/2014 3:00:00 AM,7/21/2014 7:00:00 AM,7/20/2014 5:45:00 AM,71685
7/21/2014 3:00:00 PM,7/21/2014 7:00:00 PM,7/20/2014 5:45:00 PM,122828
7/21/2014 4:00:00 AM,7/21/2014 8:00:00 AM,7/20/2014 5:45:00 AM,72269
7/21/2014 4:00:00 PM,7/21/2014 8:00:00 PM,7/20/2014 5:45:00 PM,123614
7/21/2014 5:00:00 AM,7/21/2014 9:00:00 AM,7/20/2014 5:45:00 AM,75578
7/21/2014 5:00:00 PM,7/21/2014 9:00:00 PM,7/20/2014 5:45:00 PM,123314
7/21/2014 6:00:00 AM,7/21/2014 10:00:00 AM,7/20/2014 5:45:00 AM,81078
7/21/2014 6:00:00 PM,7/21/2014 10:00:00 PM,7/20/2014 5:45:00 PM,121113
7/21/2014 7:00:00 AM,7/21/2014 11:00:00 AM,7/20/2014 5:45:00 AM,88014
7/21/2014 7:00:00 PM,7/21/2014 11:00:00 PM,7/20/2014 5:45:00 PM,117336
7/21/2014 8:00:00 AM,7/21/2014 12:00:00 PM,7/20/2014 9:45:00 AM,94404
7/21/2014 8:00:00 PM,7/22/2014 12:00:00 AM,7/20/2014 5:45:00 PM,114193
7/21/2014 9:00:00 AM,7/21/2014 1:00:00 PM,7/20/2014 9:45:00 AM,100212
7/21/2014 9:00:00 PM,7/22/2014 1:00:00 AM,7/20/2014 11:45:00 PM,114295
7/22/2014 10:00:00 AM,7/22/2014 2:00:00 PM,7/21/2014 9:45:00 AM,114011
7/22/2014 10:00:00 PM,7/23/2014 2:00:00 AM,7/21/2014 11:45:00 PM,114546
7/22/2014 11:00:00 AM,7/22/2014 3:00:00 PM,7/21/2014 11:45:00 AM,120554
7/22/2014 11:00:00 PM,7/23/2014 3:00:00 AM,7/21/2014 11:45:00 PM,104413
7/22/2014 12:00:00 AM,7/22/2014 4:00:00 AM,7/21/2014 5:45:00 AM,88979
7/22/2014 12:00:00 PM,7/22/2014 4:00:00 PM,7/21/2014 11:45:00 AM,125917
7/22/2014 1:00:00 AM,7/22/2014 5:00:00 AM,7/21/2014 5:45:00 AM,83340
7/22/2014 1:00:00 PM,7/22/2014 5:00:00 PM,7/21/2014 11:45:00 AM,130635
7/22/2014 2:00:00 AM,7/22/2014 6:00:00 AM,7/21/2014 5:45:00 AM,79658
7/22/2014 2:00:00 PM,7/22/2014 6:00:00 PM,7/21/2014 11:45:00 AM,134076
7/22/2014 3:00:00 AM,7/22/2014 7:00:00 AM,7/21/2014 5:45:00 AM,77590
7/22/2014 3:00:00 PM,7/22/2014 7:00:00 PM,7/21/2014 5:45:00 PM,136595
7/22/2014 4:00:00 AM,7/22/2014 8:00:00 AM,7/21/2014 5:45:00 AM,77571
7/22/2014 4:00:00 PM,7/22/2014 8:00:00 PM,7/21/2014 5:45:00 PM,138333
7/22/2014 5:00:00 AM,7/22/2014 9:00:00 AM,7/21/2014 5:45:00 AM,80577
7/22/2014 5:00:00 PM,7/22/2014 9:00:00 PM,7/21/2014 5:45:00 PM,138183
7/22/2014 6:00:00 AM,7/22/2014 10:00:00 AM,7/21/2014 5:45:00 AM,85998
7/22/2014 6:00:00 PM,7/22/2014 10:00:00 PM,7/21/2014 5:45:00 PM,134977
7/22/2014 7:00:00 AM,7/22/2014 11:00:00 AM,7/21/2014 5:45:00 AM,93031
7/22/2014 7:00:00 PM,7/22/2014 11:00:00 PM,7/21/2014 5:45:00 PM,130297
7/22/2014 8:00:00 AM,7/22/2014 12:00:00 PM,7/21/2014 9:45:00 AM,99850
7/22/2014 8:00:00 PM,7/23/2014 12:00:00 AM,7/21/2014 5:45:00 PM,126517
7/22/2014 9:00:00 AM,7/22/2014 1:00:00 PM,7/21/2014 9:45:00 AM,106714
7/22/2014 9:00:00 PM,7/23/2014 1:00:00 AM,7/21/2014 11:45:00 PM,122961
7/23/2014 10:00:00 AM,7/23/2014 2:00:00 PM,7/22/2014 9:45:00 AM,116344
7/23/2014 10:00:00 PM,7/24/2014 2:00:00 AM,7/22/2014 11:45:00 PM,110173
7/23/2014 11:00:00 AM,7/23/2014 3:00:00 PM,7/22/2014 11:45:00 AM,121916
7/23/2014 11:00:00 PM,7/24/2014 3:00:00 AM,7/22/2014 11:45:00 PM,100676
7/23/2014 12:00:00 AM,7/23/2014 4:00:00 AM,7/22/2014 5:45:00 AM,94903
7/23/2014 12:00:00 PM,7/23/2014 4:00:00 PM,7/22/2014 11:45:00 AM,126318
7/23/2014 1:00:00 AM,7/23/2014 5:00:00 AM,7/22/2014 5:45:00 AM,88780
7/23/2014 1:00:00 PM,7/23/2014 5:00:00 PM,7/22/2014 11:45:00 AM,130029
7/23/2014 2:00:00 AM,7/23/2014 6:00:00 AM,7/22/2014 5:45:00 AM,84557
7/23/2014 2:00:00 PM,7/23/2014 6:00:00 PM,7/22/2014 11:45:00 AM,132154
7/23/2014 3:00:00 AM,7/23/2014 7:00:00 AM,7/22/2014 5:45:00 AM,82132
7/23/2014 3:00:00 PM,7/23/2014 7:00:00 PM,7/22/2014 5:45:00 PM,133248
7/23/2014 4:00:00 AM,7/23/2014 8:00:00 AM,7/22/2014 5:45:00 AM,81837
7/23/2014 4:00:00 PM,7/23/2014 8:00:00 PM,7/22/2014 5:45:00 PM,133913
7/23/2014 5:00:00 AM,7/23/2014 9:00:00 AM,7/22/2014 5:45:00 AM,84553
7/23/2014 5:00:00 PM,7/23/2014 9:00:00 PM,7/22/2014 5:45:00 PM,132993
7/23/2014 6:00:00 AM,7/23/2014 10:00:00 AM,7/22/2014 5:45:00 AM,89647
7/23/2014 6:00:00 PM,7/23/2014 10:00:00 PM,7/22/2014 5:45:00 PM,129654
7/23/2014 7:00:00 AM,7/23/2014 11:00:00 AM,7/22/2014 5:45:00 AM,96454
7/23/2014 7:00:00 PM,7/23/2014 11:00:00 PM,7/22/2014 5:45:00 PM,124886
7/23/2014 8:00:00 AM,7/23/2014 12:00:00 PM,7/22/2014 9:45:00 AM,103505
7/23/2014 8:00:00 PM,7/24/2014 12:00:00 AM,7/22/2014 5:45:00 PM,120875
7/23/2014 9:00:00 AM,7/23/2014 1:00:00 PM,7/22/2014 9:45:00 AM,109985
7/23/2014 9:00:00 PM,7/24/2014 1:00:00 AM,7/22/2014 11:45:00 PM,117926
7/24/2014 10:00:00 AM,7/24/2014 2:00:00 PM,7/23/2014 9:45:00 AM,106354
7/24/2014 10:00:00 PM,7/25/2014 2:00:00 AM,7/23/2014 11:45:00 PM,97805
7/24/2014 11:00:00 AM,7/24/2014 3:00:00 PM,7/23/2014 11:45:00 AM,109645
7/24/2014 11:00:00 PM,7/25/2014 3:00:00 AM,7/23/2014 11:45:00 PM,89439
7/24/2014 12:00:00 AM,7/24/2014 4:00:00 AM,7/23/2014 5:45:00 AM,90538
7/24/2014 12:00:00 PM,7/24/2014 4:00:00 PM,7/23/2014 11:45:00 AM,112009
7/24/2014 1:00:00 AM,7/24/2014 5:00:00 AM,7/23/2014 5:45:00 AM,84972
7/24/2014 1:00:00 PM,7/24/2014 5:00:00 PM,7/23/2014 11:45:00 AM,114174
7/24/2014 2:00:00 AM,7/24/2014 6:00:00 AM,7/23/2014 5:45:00 AM,81232
7/24/2014 2:00:00 PM,7/24/2014 6:00:00 PM,7/23/2014 11:45:00 AM,115544
7/24/2014 3:00:00 AM,7/24/2014 7:00:00 AM,7/23/2014 5:45:00 AM,79161
7/24/2014 3:00:00 PM,7/24/2014 7:00:00 PM,7/23/2014 5:45:00 PM,116016
7/24/2014 4:00:00 AM,7/24/2014 8:00:00 AM,7/23/2014 5:45:00 AM,79026
7/24/2014 4:00:00 PM,7/24/2014 8:00:00 PM,7/23/2014 5:45:00 PM,116237
7/24/2014 5:00:00 AM,7/24/2014 9:00:00 AM,7/23/2014 5:45:00 AM,81943
7/24/2014 5:00:00 PM,7/24/2014 9:00:00 PM,7/23/2014 5:45:00 PM,115281
7/24/2014 6:00:00 AM,7/24/2014 10:00:00 AM,7/23/2014 5:45:00 AM,87146
7/24/2014 6:00:00 PM,7/24/2014 10:00:00 PM,7/23/2014 5:45:00 PM,112745
7/24/2014 7:00:00 AM,7/24/2014 11:00:00 AM,7/23/2014 5:45:00 AM,93073
7/24/2014 7:00:00 PM,7/24/2014 11:00:00 PM,7/23/2014 5:45:00 PM,109082
7/24/2014 8:00:00 AM,7/24/2014 12:00:00 PM,7/23/2014 9:45:00 AM,98235
7/24/2014 8:00:00 PM,7/25/2014 12:00:00 AM,7/23/2014 5:45:00 PM,106650
7/24/2014 9:00:00 AM,7/24/2014 1:00:00 PM,7/23/2014 9:45:00 AM,102456
7/24/2014 9:00:00 PM,7/25/2014 1:00:00 AM,7/23/2014 11:45:00 PM,104629
7/25/2014 10:00:00 AM,7/25/2014 2:00:00 PM,7/24/2014 9:45:00 AM,98710
7/25/2014 10:00:00 PM,7/26/2014 2:00:00 AM,7/24/2014 11:45:00 PM,95174
7/25/2014 11:00:00 AM,7/25/2014 3:00:00 PM,7/24/2014 11:45:00 AM,102411
7/25/2014 11:00:00 PM,7/26/2014 3:00:00 AM,7/24/2014 11:45:00 PM,87630
7/25/2014 12:00:00 AM,7/25/2014 4:00:00 AM,7/24/2014 5:45:00 AM,80023
7/25/2014 12:00:00 PM,7/25/2014 4:00:00 PM,7/24/2014 11:45:00 AM,105536
7/25/2014 1:00:00 AM,7/25/2014 5:00:00 AM,7/24/2014 5:45:00 AM,75242
7/25/2014 1:00:00 PM,7/25/2014 5:00:00 PM,7/24/2014 11:45:00 AM,108403
7/25/2014 2:00:00 AM,7/25/2014 6:00:00 AM,7/24/2014 5:45:00 AM,72191
7/25/2014 2:00:00 PM,7/25/2014 6:00:00 PM,7/24/2014 11:45:00 AM,110705
7/25/2014 3:00:00 AM,7/25/2014 7:00:00 AM,7/24/2014 5:45:00 AM,70637
7/25/2014 3:00:00 PM,7/25/2014 7:00:00 PM,7/24/2014 5:45:00 PM,112475
7/25/2014 4:00:00 AM,7/25/2014 8:00:00 AM,7/24/2014 5:45:00 AM,70807
7/25/2014 4:00:00 PM,7/25/2014 8:00:00 PM,7/24/2014 5:45:00 PM,113706
7/25/2014 5:00:00 AM,7/25/2014 9:00:00 AM,7/24/2014 5:45:00 AM,73724
7/25/2014 5:00:00 PM,7/25/2014 9:00:00 PM,7/24/2014 5:45:00 PM,113317
7/25/2014 6:00:00 AM,7/25/2014 10:00:00 AM,7/24/2014 5:45:00 AM,78561
7/25/2014 6:00:00 PM,7/25/2014 10:00:00 PM,7/24/2014 5:45:00 PM,110541
7/25/2014 7:00:00 AM,7/25/2014 11:00:00 AM,7/24/2014 5:45:00 AM,84241
7/25/2014 7:00:00 PM,7/25/2014 11:00:00 PM,7/24/2014 5:45:00 PM,106195
7/25/2014 8:00:00 AM,7/25/2014 12:00:00 PM,7/24/2014 9:45:00 AM,89236
7/25/2014 8:00:00 PM,7/26/2014 12:00:00 AM,7/24/2014 5:45:00 PM,102901
7/25/2014 9:00:00 AM,7/25/2014 1:00:00 PM,7/24/2014 9:45:00 AM,94035
7/25/2014 9:00:00 PM,7/26/2014 1:00:00 AM,7/24/2014 11:45:00 PM,100896
7/26/2014 10:00:00 AM,7/26/2014 2:00:00 PM,7/25/2014 9:45:00 AM,94613
7/26/2014 10:00:00 PM,7/27/2014 2:00:00 AM,7/25/2014 11:45:00 PM,101143
7/26/2014 11:00:00 AM,7/26/2014 3:00:00 PM,7/25/2014 11:45:00 AM,99921
7/26/2014 11:00:00 PM,7/27/2014 3:00:00 AM,7/25/2014 11:45:00 PM,93692
7/26/2014 12:00:00 AM,7/26/2014 4:00:00 AM,7/25/2014 5:45:00 AM,80692
7/26/2014 12:00:00 PM,7/26/2014 4:00:00 PM,7/25/2014 11:45:00 AM,104260
7/26/2014 1:00:00 AM,7/26/2014 5:00:00 AM,7/25/2014 5:45:00 AM,75546
7/26/2014 1:00:00 PM,7/26/2014 5:00:00 PM,7/25/2014 11:45:00 AM,107770
7/26/2014 2:00:00 AM,7/26/2014 6:00:00 AM,7/25/2014 5:45:00 AM,72245
7/26/2014 2:00:00 PM,7/26/2014 6:00:00 PM,7/25/2014 11:45:00 AM,110658
7/26/2014 3:00:00 AM,7/26/2014 7:00:00 AM,7/25/2014 5:45:00 AM,70173
7/26/2014 3:00:00 PM,7/26/2014 7:00:00 PM,7/25/2014 5:45:00 PM,113372
7/26/2014 4:00:00 AM,7/26/2014 8:00:00 AM,7/25/2014 5:45:00 AM,69359
7/26/2014 4:00:00 PM,7/26/2014 8:00:00 PM,7/25/2014 5:45:00 PM,115653
7/26/2014 5:00:00 AM,7/26/2014 9:00:00 AM,7/25/2014 5:45:00 AM,69625
7/26/2014 5:00:00 PM,7/26/2014 9:00:00 PM,7/25/2014 5:45:00 PM,116795
7/26/2014 6:00:00 AM,7/26/2014 10:00:00 AM,7/25/2014 5:45:00 AM,70242
7/26/2014 6:00:00 PM,7/26/2014 10:00:00 PM,7/25/2014 5:45:00 PM,115093
7/26/2014 7:00:00 AM,7/26/2014 11:00:00 AM,7/25/2014 5:45:00 AM,74205
7/26/2014 7:00:00 PM,7/26/2014 11:00:00 PM,7/25/2014 5:45:00 PM,111426
7/26/2014 8:00:00 AM,7/26/2014 12:00:00 PM,7/25/2014 9:45:00 AM,80975
7/26/2014 8:00:00 PM,7/27/2014 12:00:00 AM,7/25/2014 5:45:00 PM,108052
7/26/2014 9:00:00 AM,7/26/2014 1:00:00 PM,7/25/2014 9:45:00 AM,88060
7/26/2014 9:00:00 PM,7/27/2014 1:00:00 AM,7/25/2014 11:45:00 PM,106535
7/27/2014 10:00:00 AM,7/27/2014 2:00:00 PM,7/26/2014 9:45:00 AM,95959
7/27/2014 10:00:00 PM,7/28/2014 2:00:00 AM,7/26/2014 11:45:00 PM,100200
7/27/2014 11:00:00 AM,7/27/2014 3:00:00 PM,7/26/2014 11:45:00 AM,101745
7/27/2014 11:00:00 PM,7/28/2014 3:00:00 AM,7/26/2014 11:45:00 PM,92840
7/27/2014 12:00:00 AM,7/27/2014 4:00:00 AM,7/26/2014 5:45:00 AM,85588
7/27/2014 12:00:00 PM,7/27/2014 4:00:00 PM,7/26/2014 11:45:00 AM,106444
7/27/2014 1:00:00 AM,7/27/2014 5:00:00 AM,7/26/2014 5:45:00 AM,80243
7/27/2014 1:00:00 PM,7/27/2014 5:00:00 PM,7/26/2014 11:45:00 AM,109786
7/27/2014 2:00:00 AM,7/27/2014 6:00:00 AM,7/26/2014 5:45:00 AM,76558
7/27/2014 2:00:00 PM,7/27/2014 6:00:00 PM,7/26/2014 11:45:00 AM,111952
7/27/2014 3:00:00 AM,7/27/2014 7:00:00 AM,7/26/2014 5:45:00 AM,74054
7/27/2014 3:00:00 PM,7/27/2014 7:00:00 PM,7/26/2014 5:45:00 PM,113440
7/27/2014 4:00:00 AM,7/27/2014 8:00:00 AM,7/26/2014 5:45:00 AM,72696
7/27/2014 4:00:00 PM,7/27/2014 8:00:00 PM,7/26/2014 5:45:00 PM,114737
7/27/2014 5:00:00 AM,7/27/2014 9:00:00 AM,7/26/2014 5:45:00 AM,72246
7/27/2014 5:00:00 PM,7/27/2014 9:00:00 PM,7/26/2014 5:45:00 PM,114976
7/27/2014 6:00:00 AM,7/27/2014 10:00:00 AM,7/26/2014 5:45:00 AM,71906
7/27/2014 6:00:00 PM,7/27/2014 10:00:00 PM,7/26/2014 5:45:00 PM,113153
7/27/2014 7:00:00 AM,7/27/2014 11:00:00 AM,7/26/2014 5:45:00 AM,74863
7/27/2014 7:00:00 PM,7/27/2014 11:00:00 PM,7/26/2014 5:45:00 PM,109847
7/27/2014 8:00:00 AM,7/27/2014 12:00:00 PM,7/26/2014 9:45:00 AM,81794
7/27/2014 8:00:00 PM,7/28/2014 12:00:00 AM,7/26/2014 5:45:00 PM,107524
7/27/2014 9:00:00 AM,7/27/2014 1:00:00 PM,7/26/2014 9:45:00 AM,89149
7/27/2014 9:00:00 PM,7/28/2014 1:00:00 AM,7/26/2014 11:45:00 PM,105603
7/28/2014 10:00:00 AM,7/28/2014 2:00:00 PM,7/27/2014 9:45:00 AM,105639
7/28/2014 10:00:00 PM,7/29/2014 2:00:00 AM,7/27/2014 11:45:00 PM,96135
7/28/2014 11:00:00 AM,7/28/2014 3:00:00 PM,7/27/2014 11:45:00 AM,109069
7/28/2014 11:00:00 PM,7/29/2014 3:00:00 AM,7/27/2014 11:45:00 PM,87978
7/28/2014 12:00:00 AM,7/28/2014 4:00:00 AM,7/27/2014 5:45:00 AM,85019
7/28/2014 12:00:00 PM,7/28/2014 4:00:00 PM,7/27/2014 11:45:00 AM,111853
7/28/2014 1:00:00 AM,7/28/2014 5:00:00 AM,7/27/2014 5:45:00 AM,80221
7/28/2014 1:00:00 PM,7/28/2014 5:00:00 PM,7/27/2014 11:45:00 AM,113974
7/28/2014 2:00:00 AM,7/28/2014 6:00:00 AM,7/27/2014 5:45:00 AM,77178
7/28/2014 2:00:00 PM,7/28/2014 6:00:00 PM,7/27/2014 11:45:00 AM,114918
7/28/2014 3:00:00 AM,7/28/2014 7:00:00 AM,7/27/2014 5:45:00 AM,75542
7/28/2014 3:00:00 PM,7/28/2014 7:00:00 PM,7/27/2014 5:45:00 PM,115088
7/28/2014 4:00:00 AM,7/28/2014 8:00:00 AM,7/27/2014 5:45:00 AM,75875
7/28/2014 4:00:00 PM,7/28/2014 8:00:00 PM,7/27/2014 5:45:00 PM,114990
7/28/2014 5:00:00 AM,7/28/2014 9:00:00 AM,7/27/2014 5:45:00 AM,79091
7/28/2014 5:00:00 PM,7/28/2014 9:00:00 PM,7/27/2014 5:45:00 PM,113927
7/28/2014 6:00:00 AM,7/28/2014 10:00:00 AM,7/27/2014 5:45:00 AM,84680
7/28/2014 6:00:00 PM,7/28/2014 10:00:00 PM,7/27/2014 5:45:00 PM,110969
7/28/2014 7:00:00 AM,7/28/2014 11:00:00 AM,7/27/2014 5:45:00 AM,91022
7/28/2014 7:00:00 PM,7/28/2014 11:00:00 PM,7/27/2014 5:45:00 PM,107370
7/28/2014 8:00:00 AM,7/28/2014 12:00:00 PM,7/27/2014 9:45:00 AM,96143
7/28/2014 8:00:00 PM,7/29/2014 12:00:00 AM,7/27/2014 5:45:00 PM,104906
7/28/2014 9:00:00 AM,7/28/2014 1:00:00 PM,7/27/2014 9:45:00 AM,101028
7/28/2014 9:00:00 PM,7/29/2014 1:00:00 AM,7/27/2014 11:45:00 PM,102743
7/29/2014 10:00:00 AM,7/29/2014 2:00:00 PM,7/28/2014 9:45:00 AM,94954
7/29/2014 10:00:00 PM,7/30/2014 2:00:00 AM,7/28/2014 11:45:00 PM,91138
7/29/2014 11:00:00 AM,7/29/2014 3:00:00 PM,7/28/2014 11:45:00 AM,97827
7/29/2014 11:00:00 PM,7/30/2014 3:00:00 AM,7/28/2014 11:45:00 PM,83325
7/29/2014 12:00:00 AM,7/29/2014 4:00:00 AM,7/28/2014 5:45:00 AM,78284
7/29/2014 12:00:00 PM,7/29/2014 4:00:00 PM,7/28/2014 11:45:00 AM,100022
7/29/2014 1:00:00 AM,7/29/2014 5:00:00 AM,7/28/2014 5:45:00 AM,73816
7/29/2014 1:00:00 PM,7/29/2014 5:00:00 PM,7/28/2014 11:45:00 AM,102021
7/29/2014 2:00:00 AM,7/29/2014 6:00:00 AM,7/28/2014 5:45:00 AM,70980
7/29/2014 2:00:00 PM,7/29/2014 6:00:00 PM,7/28/2014 11:45:00 AM,103438
7/29/2014 3:00:00 AM,7/29/2014 7:00:00 AM,7/28/2014 5:45:00 AM,69480
7/29/2014 3:00:00 PM,7/29/2014 7:00:00 PM,7/28/2014 5:45:00 PM,104121
7/29/2014 4:00:00 AM,7/29/2014 8:00:00 AM,7/28/2014 5:45:00 AM,69793
7/29/2014 4:00:00 PM,7/29/2014 8:00:00 PM,7/28/2014 5:45:00 PM,104996
7/29/2014 5:00:00 AM,7/29/2014 9:00:00 AM,7/28/2014 5:45:00 AM,73105
7/29/2014 5:00:00 PM,7/29/2014 9:00:00 PM,7/28/2014 5:45:00 PM,104915
7/29/2014 6:00:00 AM,7/29/2014 10:00:00 AM,7/28/2014 5:45:00 AM,78460
7/29/2014 6:00:00 PM,7/29/2014 10:00:00 PM,7/28/2014 5:45:00 PM,103042
7/29/2014 7:00:00 AM,7/29/2014 11:00:00 AM,7/28/2014 5:45:00 AM,83963
7/29/2014 7:00:00 PM,7/29/2014 11:00:00 PM,7/28/2014 5:45:00 PM,100551
7/29/2014 8:00:00 AM,7/29/2014 12:00:00 PM,7/28/2014 9:45:00 AM,87991
7/29/2014 8:00:00 PM,7/30/2014 12:00:00 AM,7/28/2014 5:45:00 PM,98895
7/29/2014 9:00:00 AM,7/29/2014 1:00:00 PM,7/28/2014 9:45:00 AM,91696
7/29/2014 9:00:00 PM,7/30/2014 1:00:00 AM,7/28/2014 11:45:00 PM,97329
7/3/2014 10:00:00 AM,7/3/2014 2:00:00 PM,7/2/2014 9:45:00 AM,113840
7/3/2014 10:00:00 PM,7/4/2014 2:00:00 AM,7/2/2014 11:45:00 PM,102604
7/3/2014 11:00:00 AM,7/3/2014 3:00:00 PM,7/2/2014 11:45:00 AM,122544
7/3/2014 11:00:00 PM,7/4/2014 3:00:00 AM,7/2/2014 11:45:00 PM,93196
7/3/2014 12:00:00 AM,7/3/2014 4:00:00 AM,7/2/2014 5:45:00 AM,93188
7/3/2014 12:00:00 PM,7/3/2014 4:00:00 PM,7/2/2014 11:45:00 AM,125049
7/3/2014 1:00:00 AM,7/3/2014 5:00:00 AM,7/2/2014 5:45:00 AM,87484
7/3/2014 1:00:00 PM,7/3/2014 5:00:00 PM,7/2/2014 11:45:00 AM,126818
7/3/2014 2:00:00 AM,7/3/2014 6:00:00 AM,7/2/2014 5:45:00 AM,83786
7/3/2014 2:00:00 PM,7/3/2014 6:00:00 PM,7/2/2014 11:45:00 AM,127838
7/3/2014 3:00:00 AM,7/3/2014 7:00:00 AM,7/2/2014 5:45:00 AM,81606
7/3/2014 3:00:00 PM,7/3/2014 7:00:00 PM,7/2/2014 5:45:00 PM,125139
7/3/2014 4:00:00 AM,7/3/2014 8:00:00 AM,7/2/2014 5:45:00 AM,81405
7/3/2014 4:00:00 PM,7/3/2014 8:00:00 PM,7/2/2014 5:45:00 PM,124874
7/3/2014 5:00:00 AM,7/3/2014 9:00:00 AM,7/2/2014 5:45:00 AM,84276
7/3/2014 5:00:00 PM,7/3/2014 9:00:00 PM,7/2/2014 5:45:00 PM,123384
7/3/2014 6:00:00 AM,7/3/2014 10:00:00 AM,7/2/2014 5:45:00 AM,89550
7/3/2014 6:00:00 PM,7/3/2014 10:00:00 PM,7/2/2014 5:45:00 PM,120274
7/3/2014 7:00:00 AM,7/3/2014 11:00:00 AM,7/2/2014 5:45:00 AM,96032
7/3/2014 7:00:00 PM,7/3/2014 11:00:00 PM,7/2/2014 5:45:00 PM,116057
7/3/2014 8:00:00 AM,7/3/2014 12:00:00 PM,7/2/2014 9:45:00 AM,104274
7/3/2014 8:00:00 PM,7/4/2014 12:00:00 AM,7/2/2014 5:45:00 PM,112939
7/3/2014 9:00:00 AM,7/3/2014 1:00:00 PM,7/2/2014 9:45:00 AM,109255
7/3/2014 9:00:00 PM,7/4/2014 1:00:00 AM,7/2/2014 11:45:00 PM,110247
7/30/2014 10:00:00 AM,7/30/2014 2:00:00 PM,7/29/2014 9:45:00 AM,95888
7/30/2014 10:00:00 PM,7/31/2014 2:00:00 AM,7/29/2014 11:45:00 PM,92394
7/30/2014 11:00:00 AM,7/30/2014 3:00:00 PM,7/29/2014 11:45:00 AM,98908
7/30/2014 11:00:00 PM,7/31/2014 3:00:00 AM,7/29/2014 11:45:00 PM,84392
7/30/2014 12:00:00 AM,7/30/2014 4:00:00 AM,7/29/2014 5:45:00 AM,76226
7/30/2014 12:00:00 PM,7/30/2014 4:00:00 PM,7/29/2014 11:45:00 AM,101406
7/30/2014 1:00:00 AM,7/30/2014 5:00:00 AM,7/29/2014 5:45:00 AM,71976
7/30/2014 1:00:00 PM,7/30/2014 5:00:00 PM,7/29/2014 11:45:00 AM,103877
7/30/2014 2:00:00 AM,7/30/2014 6:00:00 AM,7/29/2014 5:45:00 AM,69327
7/30/2014 2:00:00 PM,7/30/2014 6:00:00 PM,7/29/2014 11:45:00 AM,105597
7/30/2014 3:00:00 AM,7/30/2014 7:00:00 AM,7/29/2014 5:45:00 AM,68021
7/30/2014 3:00:00 PM,7/30/2014 7:00:00 PM,7/29/2014 5:45:00 PM,106418
7/30/2014 4:00:00 AM,7/30/2014 8:00:00 AM,7/29/2014 5:45:00 AM,68468
7/30/2014 4:00:00 PM,7/30/2014 8:00:00 PM,7/29/2014 5:45:00 PM,107391
7/30/2014 5:00:00 AM,7/30/2014 9:00:00 AM,7/29/2014 5:45:00 AM,71790
7/30/2014 5:00:00 PM,7/30/2014 9:00:00 PM,7/29/2014 5:45:00 PM,107266
7/30/2014 6:00:00 AM,7/30/2014 10:00:00 AM,7/29/2014 5:45:00 AM,77224
7/30/2014 6:00:00 PM,7/30/2014 10:00:00 PM,7/29/2014 5:45:00 PM,105231
7/30/2014 7:00:00 AM,7/30/2014 11:00:00 AM,7/29/2014 5:45:00 AM,83051
7/30/2014 7:00:00 PM,7/30/2014 11:00:00 PM,7/29/2014 5:45:00 PM,102477
7/30/2014 8:00:00 AM,7/30/2014 12:00:00 PM,7/29/2014 9:45:00 AM,87979
7/30/2014 8:00:00 PM,7/31/2014 12:00:00 AM,7/29/2014 5:45:00 PM,100374
7/30/2014 9:00:00 AM,7/30/2014 1:00:00 PM,7/29/2014 9:45:00 AM,91996
7/30/2014 9:00:00 PM,7/31/2014 1:00:00 AM,7/29/2014 11:45:00 PM,98639
7/31/2014 10:00:00 AM,7/31/2014 2:00:00 PM,7/30/2014 9:45:00 AM,98052
7/31/2014 10:00:00 PM,8/1/2014 2:00:00 AM,7/30/2014 11:45:00 PM,97063
7/31/2014 11:00:00 AM,7/31/2014 3:00:00 PM,7/30/2014 11:45:00 AM,101861
7/31/2014 11:00:00 PM,8/1/2014 3:00:00 AM,7/30/2014 11:45:00 PM,88307
7/31/2014 12:00:00 AM,7/31/2014 4:00:00 AM,7/30/2014 5:45:00 AM,77418
7/31/2014 12:00:00 PM,7/31/2014 4:00:00 PM,7/30/2014 11:45:00 AM,104990
7/31/2014 1:00:00 AM,7/31/2014 5:00:00 AM,7/30/2014 5:45:00 AM,72929
7/31/2014 1:00:00 PM,7/31/2014 5:00:00 PM,7/30/2014 11:45:00 AM,108044
7/31/2014 2:00:00 AM,7/31/2014 6:00:00 AM,7/30/2014 5:45:00 AM,70202
7/31/2014 2:00:00 PM,7/31/2014 6:00:00 PM,7/30/2014 11:45:00 AM,110249
7/31/2014 3:00:00 AM,7/31/2014 7:00:00 AM,7/30/2014 5:45:00 AM,68813
7/31/2014 3:00:00 PM,7/31/2014 7:00:00 PM,7/30/2014 5:45:00 PM,111791
7/31/2014 4:00:00 AM,7/31/2014 8:00:00 AM,7/30/2014 5:45:00 AM,69201
7/31/2014 4:00:00 PM,7/31/2014 8:00:00 PM,7/30/2014 5:45:00 PM,113070
7/31/2014 5:00:00 AM,7/31/2014 9:00:00 AM,7/30/2014 5:45:00 AM,72590
7/31/2014 5:00:00 PM,7/31/2014 9:00:00 PM,7/30/2014 5:45:00 PM,113168
7/31/2014 6:00:00 AM,7/31/2014 10:00:00 AM,7/30/2014 5:45:00 AM,77990
7/31/2014 6:00:00 PM,7/31/2014 10:00:00 PM,7/30/2014 5:45:00 PM,110843
7/31/2014 7:00:00 AM,7/31/2014 11:00:00 AM,7/30/2014 5:45:00 AM,83965
7/31/2014 7:00:00 PM,7/31/2014 11:00:00 PM,7/30/2014 5:45:00 PM,107645
7/31/2014 8:00:00 AM,7/31/2014 12:00:00 PM,7/30/2014 9:45:00 AM,88847
7/31/2014 8:00:00 PM,8/1/2014 12:00:00 AM,7/30/2014 5:45:00 PM,105138
7/31/2014 9:00:00 AM,7/31/2014 1:00:00 PM,7/30/2014 9:45:00 AM,93486
7/31/2014 9:00:00 PM,8/1/2014 1:00:00 AM,7/30/2014 11:45:00 PM,104267
7/4/2014 10:00:00 AM,7/4/2014 2:00:00 PM,7/3/2014 9:45:00 AM,85280
7/4/2014 10:00:00 PM,7/5/2014 2:00:00 AM,7/3/2014 11:45:00 PM,89404
7/4/2014 11:00:00 AM,7/4/2014 3:00:00 PM,7/3/2014 11:45:00 AM,92545
7/4/2014 11:00:00 PM,7/5/2014 3:00:00 AM,7/3/2014 11:45:00 PM,82900
7/4/2014 12:00:00 AM,7/4/2014 4:00:00 AM,7/3/2014 5:45:00 AM,79431
7/4/2014 12:00:00 PM,7/4/2014 4:00:00 PM,7/3/2014 11:45:00 AM,95160
7/4/2014 1:00:00 AM,7/4/2014 5:00:00 AM,7/3/2014 5:45:00 AM,74713
7/4/2014 1:00:00 PM,7/4/2014 5:00:00 PM,7/3/2014 11:45:00 AM,97062
7/4/2014 2:00:00 AM,7/4/2014 6:00:00 AM,7/3/2014 5:45:00 AM,71296
7/4/2014 2:00:00 PM,7/4/2014 6:00:00 PM,7/3/2014 11:45:00 AM,98459
7/4/2014 3:00:00 AM,7/4/2014 7:00:00 AM,7/3/2014 5:45:00 AM,69267
7/4/2014 3:00:00 PM,7/4/2014 7:00:00 PM,7/3/2014 5:45:00 PM,99714
7/4/2014 4:00:00 AM,7/4/2014 8:00:00 AM,7/3/2014 5:45:00 AM,68185
7/4/2014 4:00:00 PM,7/4/2014 8:00:00 PM,7/3/2014 5:45:00 PM,100821
7/4/2014 5:00:00 AM,7/4/2014 9:00:00 AM,7/3/2014 5:45:00 AM,67917
7/4/2014 5:00:00 PM,7/4/2014 9:00:00 PM,7/3/2014 5:45:00 PM,101052
7/4/2014 6:00:00 AM,7/4/2014 10:00:00 AM,7/3/2014 5:45:00 AM,67794
7/4/2014 6:00:00 PM,7/4/2014 10:00:00 PM,7/3/2014 5:45:00 PM,99710
7/4/2014 7:00:00 AM,7/4/2014 11:00:00 AM,7/3/2014 5:45:00 AM,70311
7/4/2014 7:00:00 PM,7/4/2014 11:00:00 PM,7/3/2014 5:45:00 PM,97221
7/4/2014 8:00:00 AM,7/4/2014 12:00:00 PM,7/3/2014 9:45:00 AM,76779
7/4/2014 8:00:00 PM,7/5/2014 12:00:00 AM,7/3/2014 5:45:00 PM,95881
7/4/2014 9:00:00 AM,7/4/2014 1:00:00 PM,7/3/2014 9:45:00 AM,81536
7/4/2014 9:00:00 PM,7/5/2014 1:00:00 AM,7/3/2014 11:45:00 PM,94290
7/5/2014 10:00:00 AM,7/5/2014 2:00:00 PM,7/4/2014 9:45:00 AM,85081
7/5/2014 10:00:00 PM,7/6/2014 2:00:00 AM,7/4/2014 11:45:00 PM,84725
7/5/2014 11:00:00 AM,7/5/2014 3:00:00 PM,7/4/2014 11:45:00 AM,87225
7/5/2014 11:00:00 PM,7/6/2014 3:00:00 AM,7/4/2014 11:45:00 PM,78457
7/5/2014 12:00:00 AM,7/5/2014 4:00:00 AM,7/4/2014 5:45:00 AM,74483
7/5/2014 12:00:00 PM,7/5/2014 4:00:00 PM,7/4/2014 11:45:00 AM,89644
7/5/2014 1:00:00 AM,7/5/2014 5:00:00 AM,7/4/2014 5:45:00 AM,70047
7/5/2014 1:00:00 PM,7/5/2014 5:00:00 PM,7/4/2014 11:45:00 AM,91525
7/5/2014 2:00:00 AM,7/5/2014 6:00:00 AM,7/4/2014 5:45:00 AM,67186
7/5/2014 2:00:00 PM,7/5/2014 6:00:00 PM,7/4/2014 11:45:00 AM,93287
7/5/2014 3:00:00 AM,7/5/2014 7:00:00 AM,7/4/2014 5:45:00 AM,65416
7/5/2014 3:00:00 PM,7/5/2014 7:00:00 PM,7/4/2014 5:45:00 PM,94429
7/5/2014 4:00:00 AM,7/5/2014 8:00:00 AM,7/4/2014 5:45:00 AM,64747
7/5/2014 4:00:00 PM,7/5/2014 8:00:00 PM,7/4/2014 5:45:00 PM,96346
7/5/2014 5:00:00 AM,7/5/2014 9:00:00 AM,7/4/2014 5:45:00 AM,65020
7/5/2014 5:00:00 PM,7/5/2014 9:00:00 PM,7/4/2014 5:45:00 PM,97611
7/5/2014 6:00:00 AM,7/5/2014 10:00:00 AM,7/4/2014 5:45:00 AM,65557
7/5/2014 6:00:00 PM,7/5/2014 10:00:00 PM,7/4/2014 5:45:00 PM,96223
7/5/2014 7:00:00 AM,7/5/2014 11:00:00 AM,7/4/2014 5:45:00 AM,69095
7/5/2014 7:00:00 PM,7/5/2014 11:00:00 PM,7/4/2014 5:45:00 PM,93662
7/5/2014 8:00:00 AM,7/5/2014 12:00:00 PM,7/4/2014 9:45:00 AM,75098
7/5/2014 8:00:00 PM,7/6/2014 12:00:00 AM,7/4/2014 5:45:00 PM,91252
7/5/2014 9:00:00 AM,7/5/2014 1:00:00 PM,7/4/2014 9:45:00 AM,80636
7/5/2014 9:00:00 PM,7/6/2014 1:00:00 AM,7/4/2014 11:45:00 PM,88916
7/6/2014 10:00:00 AM,7/6/2014 2:00:00 PM,7/5/2014 9:45:00 AM,84225
7/6/2014 10:00:00 PM,7/7/2014 2:00:00 AM,7/5/2014 11:45:00 PM,93037
7/6/2014 11:00:00 AM,7/6/2014 3:00:00 PM,7/5/2014 11:45:00 AM,89268
7/6/2014 11:00:00 PM,7/7/2014 3:00:00 AM,7/5/2014 11:45:00 PM,85894
7/6/2014 12:00:00 AM,7/6/2014 4:00:00 AM,7/5/2014 5:45:00 AM,73557
7/6/2014 12:00:00 PM,7/6/2014 4:00:00 PM,7/5/2014 11:45:00 AM,93629
7/6/2014 1:00:00 AM,7/6/2014 5:00:00 AM,7/5/2014 5:45:00 AM,69035
7/6/2014 1:00:00 PM,7/6/2014 5:00:00 PM,7/5/2014 11:45:00 AM,97276
7/6/2014 2:00:00 AM,7/6/2014 6:00:00 AM,7/5/2014 5:45:00 AM,66164
7/6/2014 2:00:00 PM,7/6/2014 6:00:00 PM,7/5/2014 11:45:00 AM,100289
7/6/2014 3:00:00 AM,7/6/2014 7:00:00 AM,7/5/2014 5:45:00 AM,64302
7/6/2014 3:00:00 PM,7/6/2014 7:00:00 PM,7/5/2014 5:45:00 PM,96423
7/6/2014 4:00:00 AM,7/6/2014 8:00:00 AM,7/5/2014 5:45:00 AM,63358
7/6/2014 4:00:00 PM,7/6/2014 8:00:00 PM,7/5/2014 5:45:00 PM,98272
7/6/2014 5:00:00 AM,7/6/2014 9:00:00 AM,7/5/2014 5:45:00 AM,63103
7/6/2014 5:00:00 PM,7/6/2014 9:00:00 PM,7/5/2014 5:45:00 PM,99328
7/6/2014 6:00:00 AM,7/6/2014 10:00:00 AM,7/5/2014 5:45:00 AM,62737
7/6/2014 6:00:00 PM,7/6/2014 10:00:00 PM,7/5/2014 5:45:00 PM,98786
7/6/2014 7:00:00 AM,7/6/2014 11:00:00 AM,7/5/2014 5:45:00 AM,65955
7/6/2014 7:00:00 PM,7/6/2014 11:00:00 PM,7/5/2014 5:45:00 PM,96840
7/6/2014 8:00:00 AM,7/6/2014 12:00:00 PM,7/5/2014 9:45:00 AM,72248
7/6/2014 8:00:00 PM,7/7/2014 12:00:00 AM,7/5/2014 5:45:00 PM,95216
7/6/2014 9:00:00 AM,7/6/2014 1:00:00 PM,7/5/2014 9:45:00 AM,78685
7/6/2014 9:00:00 PM,7/7/2014 1:00:00 AM,7/5/2014 11:45:00 PM,97980
7/7/2014 10:00:00 AM,7/7/2014 2:00:00 PM,7/6/2014 9:45:00 AM,111886
7/7/2014 10:00:00 PM,7/8/2014 2:00:00 AM,7/6/2014 11:45:00 PM,112066
7/7/2014 11:00:00 AM,7/7/2014 3:00:00 PM,7/6/2014 11:45:00 AM,118794
7/7/2014 11:00:00 PM,7/8/2014 3:00:00 AM,7/6/2014 11:45:00 PM,101922
7/7/2014 12:00:00 AM,7/7/2014 4:00:00 AM,7/6/2014 5:45:00 AM,82566
7/7/2014 12:00:00 PM,7/7/2014 4:00:00 PM,7/6/2014 11:45:00 AM,125156
7/7/2014 1:00:00 AM,7/7/2014 5:00:00 AM,7/6/2014 5:45:00 AM,77795
7/7/2014 1:00:00 PM,7/7/2014 5:00:00 PM,7/6/2014 11:45:00 AM,130007
7/7/2014 2:00:00 AM,7/7/2014 6:00:00 AM,7/6/2014 5:45:00 AM,75065
7/7/2014 2:00:00 PM,7/7/2014 6:00:00 PM,7/6/2014 11:45:00 AM,133593
7/7/2014 3:00:00 AM,7/7/2014 7:00:00 AM,7/6/2014 5:45:00 AM,73529
7/7/2014 3:00:00 PM,7/7/2014 7:00:00 PM,7/6/2014 5:45:00 PM,135927
7/7/2014 4:00:00 AM,7/7/2014 8:00:00 AM,7/6/2014 5:45:00 AM,73968
7/7/2014 4:00:00 PM,7/7/2014 8:00:00 PM,7/6/2014 5:45:00 PM,137311
7/7/2014 5:00:00 AM,7/7/2014 9:00:00 AM,7/6/2014 5:45:00 AM,77199
7/7/2014 5:00:00 PM,7/7/2014 9:00:00 PM,7/6/2014 5:45:00 PM,137114
7/7/2014 6:00:00 AM,7/7/2014 10:00:00 AM,7/6/2014 5:45:00 AM,82669
7/7/2014 6:00:00 PM,7/7/2014 10:00:00 PM,7/6/2014 5:45:00 PM,134623
7/7/2014 7:00:00 AM,7/7/2014 11:00:00 AM,7/6/2014 5:45:00 AM,89947
7/7/2014 7:00:00 PM,7/7/2014 11:00:00 PM,7/6/2014 5:45:00 PM,130090
7/7/2014 8:00:00 AM,7/7/2014 12:00:00 PM,7/6/2014 9:45:00 AM,97843
7/7/2014 8:00:00 PM,7/8/2014 12:00:00 AM,7/6/2014 5:45:00 PM,122623
7/7/2014 9:00:00 AM,7/7/2014 1:00:00 PM,7/6/2014 9:45:00 AM,104833
7/7/2014 9:00:00 PM,7/8/2014 1:00:00 AM,7/6/2014 11:45:00 PM,120145
7/8/2014 10:00:00 AM,7/8/2014 2:00:00 PM,7/7/2014 9:45:00 AM,118868
7/8/2014 10:00:00 PM,7/9/2014 2:00:00 AM,7/7/2014 11:45:00 PM,112064
7/8/2014 11:00:00 AM,7/8/2014 3:00:00 PM,7/7/2014 11:45:00 AM,126003
7/8/2014 11:00:00 PM,7/9/2014 3:00:00 AM,7/7/2014 11:45:00 PM,101952
7/8/2014 12:00:00 AM,7/8/2014 4:00:00 AM,7/7/2014 5:45:00 AM,94489
7/8/2014 12:00:00 PM,7/8/2014 4:00:00 PM,7/7/2014 11:45:00 AM,131470
7/8/2014 1:00:00 AM,7/8/2014 5:00:00 AM,7/7/2014 5:45:00 AM,88546
7/8/2014 1:00:00 PM,7/8/2014 5:00:00 PM,7/7/2014 11:45:00 AM,135263
7/8/2014 2:00:00 AM,7/8/2014 6:00:00 AM,7/7/2014 5:45:00 AM,84643
7/8/2014 2:00:00 PM,7/8/2014 6:00:00 PM,7/7/2014 11:45:00 AM,137607
7/8/2014 3:00:00 AM,7/8/2014 7:00:00 AM,7/7/2014 5:45:00 AM,82293
7/8/2014 3:00:00 PM,7/8/2014 7:00:00 PM,7/7/2014 5:45:00 PM,138687
7/8/2014 4:00:00 AM,7/8/2014 8:00:00 AM,7/7/2014 5:45:00 AM,82073
7/8/2014 4:00:00 PM,7/8/2014 8:00:00 PM,7/7/2014 5:45:00 PM,139031
7/8/2014 5:00:00 AM,7/8/2014 9:00:00 AM,7/7/2014 5:45:00 AM,85051
7/8/2014 5:00:00 PM,7/8/2014 9:00:00 PM,7/7/2014 5:45:00 PM,137811
7/8/2014 6:00:00 AM,7/8/2014 10:00:00 AM,7/7/2014 5:45:00 AM,90677
7/8/2014 6:00:00 PM,7/8/2014 10:00:00 PM,7/7/2014 5:45:00 PM,134482
7/8/2014 7:00:00 AM,7/8/2014 11:00:00 AM,7/7/2014 5:45:00 AM,97960
7/8/2014 7:00:00 PM,7/8/2014 11:00:00 PM,7/7/2014 5:45:00 PM,129442
7/8/2014 8:00:00 AM,7/8/2014 12:00:00 PM,7/7/2014 9:45:00 AM,105553
7/8/2014 8:00:00 PM,7/9/2014 12:00:00 AM,7/7/2014 5:45:00 PM,124574
7/8/2014 9:00:00 AM,7/8/2014 1:00:00 PM,7/7/2014 9:45:00 AM,112228
7/8/2014 9:00:00 PM,7/9/2014 1:00:00 AM,7/7/2014 11:45:00 PM,120431
7/9/2014 10:00:00 AM,7/9/2014 2:00:00 PM,7/8/2014 9:45:00 AM,114823
7/9/2014 10:00:00 PM,7/10/2014 2:00:00 AM,7/8/2014 11:45:00 PM,105575
7/9/2014 11:00:00 AM,7/9/2014 3:00:00 PM,7/8/2014 11:45:00 AM,120561
7/9/2014 11:00:00 PM,7/10/2014 3:00:00 AM,7/8/2014 11:45:00 PM,96528
7/9/2014 12:00:00 AM,7/9/2014 4:00:00 AM,7/8/2014 5:45:00 AM,93771
7/9/2014 12:00:00 PM,7/9/2014 4:00:00 PM,7/8/2014 11:45:00 AM,125429
7/9/2014 1:00:00 AM,7/9/2014 5:00:00 AM,7/8/2014 5:45:00 AM,87778
7/9/2014 1:00:00 PM,7/9/2014 5:00:00 PM,7/8/2014 11:45:00 AM,129076
7/9/2014 2:00:00 AM,7/9/2014 6:00:00 AM,7/8/2014 5:45:00 AM,83747
7/9/2014 2:00:00 PM,7/9/2014 6:00:00 PM,7/8/2014 11:45:00 AM,131662
7/9/2014 3:00:00 AM,7/9/2014 7:00:00 AM,7/8/2014 5:45:00 AM,81325
7/9/2014 3:00:00 PM,7/9/2014 7:00:00 PM,7/8/2014 5:45:00 PM,132699
7/9/2014 4:00:00 AM,7/9/2014 8:00:00 AM,7/8/2014 5:45:00 AM,81029
7/9/2014 4:00:00 PM,7/9/2014 8:00:00 PM,7/8/2014 5:45:00 PM,132523
7/9/2014 5:00:00 AM,7/9/2014 9:00:00 AM,7/8/2014 5:45:00 AM,83855
7/9/2014 5:00:00 PM,7/9/2014 9:00:00 PM,7/8/2014 5:45:00 PM,130764
7/9/2014 6:00:00 AM,7/9/2014 10:00:00 AM,7/8/2014 5:45:00 AM,89079
7/9/2014 6:00:00 PM,7/9/2014 10:00:00 PM,7/8/2014 5:45:00 PM,127091
7/9/2014 7:00:00 AM,7/9/2014 11:00:00 AM,7/8/2014 5:45:00 AM,95632
7/9/2014 7:00:00 PM,7/9/2014 11:00:00 PM,7/8/2014 5:45:00 PM,122792
7/9/2014 8:00:00 AM,7/9/2014 12:00:00 PM,7/8/2014 9:45:00 AM,103845
7/9/2014 8:00:00 PM,7/10/2014 12:00:00 AM,7/8/2014 5:45:00 PM,118342
7/9/2014 9:00:00 AM,7/9/2014 1:00:00 PM,7/8/2014 9:45:00 AM,109415
7/9/2014 9:00:00 PM,7/10/2014 1:00:00 AM,7/8/2014 11:45:00 PM,113365
8/1/2014 10:00:00 AM,8/1/2014 2:00:00 PM,7/31/2014 9:45:00 AM,101127
8/1/2014 10:00:00 PM,8/2/2014 2:00:00 AM,7/31/2014 11:45:00 PM,96029
8/1/2014 11:00:00 AM,8/1/2014 3:00:00 PM,7/31/2014 11:45:00 AM,104616
8/1/2014 11:00:00 PM,8/2/2014 3:00:00 AM,7/31/2014 11:45:00 PM,88407
8/1/2014 12:00:00 AM,8/1/2014 4:00:00 AM,7/31/2014 5:45:00 AM,81713
8/1/2014 12:00:00 PM,8/1/2014 4:00:00 PM,7/31/2014 11:45:00 AM,107326
8/1/2014 1:00:00 AM,8/1/2014 5:00:00 AM,7/31/2014 5:45:00 AM,76713
8/1/2014 1:00:00 PM,8/1/2014 5:00:00 PM,7/31/2014 11:45:00 AM,109634
8/1/2014 2:00:00 AM,8/1/2014 6:00:00 AM,7/31/2014 5:45:00 AM,73583
8/1/2014 2:00:00 PM,8/1/2014 6:00:00 PM,7/31/2014 11:45:00 AM,110807
8/1/2014 3:00:00 AM,8/1/2014 7:00:00 AM,7/31/2014 5:45:00 AM,71892
8/1/2014 3:00:00 PM,8/1/2014 7:00:00 PM,7/31/2014 5:45:00 PM,111114
8/1/2014 4:00:00 AM,8/1/2014 8:00:00 AM,7/31/2014 5:45:00 AM,72002
8/1/2014 4:00:00 PM,8/1/2014 8:00:00 PM,7/31/2014 5:45:00 PM,111340
8/1/2014 5:00:00 AM,8/1/2014 9:00:00 AM,7/31/2014 5:45:00 AM,74955
8/1/2014 5:00:00 PM,8/1/2014 9:00:00 PM,7/31/2014 5:45:00 PM,110519
8/1/2014 6:00:00 AM,8/1/2014 10:00:00 AM,7/31/2014 5:45:00 AM,80020
8/1/2014 6:00:00 PM,8/1/2014 10:00:00 PM,7/31/2014 5:45:00 PM,107965
8/1/2014 7:00:00 AM,8/1/2014 11:00:00 AM,7/31/2014 5:45:00 AM,86040
8/1/2014 7:00:00 PM,8/1/2014 11:00:00 PM,7/31/2014 5:45:00 PM,104272
8/1/2014 8:00:00 AM,8/1/2014 12:00:00 PM,7/31/2014 9:45:00 AM,91717
8/1/2014 8:00:00 PM,8/2/2014 12:00:00 AM,7/31/2014 5:45:00 PM,101295
8/1/2014 9:00:00 AM,8/1/2014 1:00:00 PM,7/31/2014 9:45:00 AM,96530
8/1/2014 9:00:00 PM,8/2/2014 1:00:00 AM,7/31/2014 11:45:00 PM,101559
8/10/2014 10:00:00 AM,8/10/2014 2:00:00 PM,8/9/2014 9:45:00 AM,88444
8/10/2014 10:00:00 PM,8/11/2014 2:00:00 AM,8/9/2014 11:45:00 PM,95997
8/10/2014 11:00:00 AM,8/10/2014 3:00:00 PM,8/9/2014 11:45:00 AM,92534
8/10/2014 11:00:00 PM,8/11/2014 3:00:00 AM,8/9/2014 11:45:00 PM,88907
8/10/2014 12:00:00 AM,8/10/2014 4:00:00 AM,8/9/2014 5:45:00 AM,79750
8/10/2014 12:00:00 PM,8/10/2014 4:00:00 PM,8/9/2014 11:45:00 AM,97059
8/10/2014 1:00:00 AM,8/10/2014 5:00:00 AM,8/9/2014 5:45:00 AM,74744
8/10/2014 1:00:00 PM,8/10/2014 5:00:00 PM,8/9/2014 11:45:00 AM,100616
8/10/2014 2:00:00 AM,8/10/2014 6:00:00 AM,8/9/2014 5:45:00 AM,71367
8/10/2014 2:00:00 PM,8/10/2014 6:00:00 PM,8/9/2014 11:45:00 AM,103204
8/10/2014 3:00:00 AM,8/10/2014 7:00:00 AM,8/9/2014 5:45:00 AM,69102
8/10/2014 3:00:00 PM,8/10/2014 7:00:00 PM,8/9/2014 5:45:00 PM,105512
8/10/2014 4:00:00 AM,8/10/2014 8:00:00 AM,8/9/2014 5:45:00 AM,67886
8/10/2014 4:00:00 PM,8/10/2014 8:00:00 PM,8/9/2014 5:45:00 PM,107476
8/10/2014 5:00:00 AM,8/10/2014 9:00:00 AM,8/9/2014 5:45:00 AM,67569
8/10/2014 5:00:00 PM,8/10/2014 9:00:00 PM,8/9/2014 5:45:00 PM,108380
8/10/2014 6:00:00 AM,8/10/2014 10:00:00 AM,8/9/2014 5:45:00 AM,67446
8/10/2014 6:00:00 PM,8/10/2014 10:00:00 PM,8/9/2014 5:45:00 PM,107294
8/10/2014 7:00:00 AM,8/10/2014 11:00:00 AM,8/9/2014 5:45:00 AM,69930
8/10/2014 7:00:00 PM,8/10/2014 11:00:00 PM,8/9/2014 5:45:00 PM,104226
8/10/2014 8:00:00 AM,8/10/2014 12:00:00 PM,8/9/2014 9:45:00 AM,75908
8/10/2014 8:00:00 PM,8/11/2014 12:00:00 AM,8/9/2014 5:45:00 PM,102435
8/10/2014 9:00:00 AM,8/10/2014 1:00:00 PM,8/9/2014 9:45:00 AM,82472
8/10/2014 9:00:00 PM,8/11/2014 1:00:00 AM,8/9/2014 11:45:00 PM,101868
8/11/2014 10:00:00 AM,8/11/2014 2:00:00 PM,8/10/2014 9:45:00 AM,103872
8/11/2014 10:00:00 PM,8/12/2014 2:00:00 AM,8/10/2014 11:45:00 PM,98581
8/11/2014 11:00:00 AM,8/11/2014 3:00:00 PM,8/10/2014 11:45:00 AM,108000
8/11/2014 11:00:00 PM,8/12/2014 3:00:00 AM,8/10/2014 11:45:00 PM,89921
8/11/2014 12:00:00 AM,8/11/2014 4:00:00 AM,8/10/2014 5:45:00 AM,81379
8/11/2014 12:00:00 PM,8/11/2014 4:00:00 PM,8/10/2014 11:45:00 AM,111278
8/11/2014 1:00:00 AM,8/11/2014 5:00:00 AM,8/10/2014 5:45:00 AM,76699
8/11/2014 1:00:00 PM,8/11/2014 5:00:00 PM,8/10/2014 11:45:00 AM,114508
8/11/2014 2:00:00 AM,8/11/2014 6:00:00 AM,8/10/2014 5:45:00 AM,73866
8/11/2014 2:00:00 PM,8/11/2014 6:00:00 PM,8/10/2014 11:45:00 AM,116489
8/11/2014 3:00:00 AM,8/11/2014 7:00:00 AM,8/10/2014 5:45:00 AM,72366
8/11/2014 3:00:00 PM,8/11/2014 7:00:00 PM,8/10/2014 5:45:00 PM,117441
8/11/2014 4:00:00 AM,8/11/2014 8:00:00 AM,8/10/2014 5:45:00 AM,72804
8/11/2014 4:00:00 PM,8/11/2014 8:00:00 PM,8/10/2014 5:45:00 PM,117985
8/11/2014 5:00:00 AM,8/11/2014 9:00:00 AM,8/10/2014 5:45:00 AM,76018
8/11/2014 5:00:00 PM,8/11/2014 9:00:00 PM,8/10/2014 5:45:00 PM,117548
8/11/2014 6:00:00 AM,8/11/2014 10:00:00 AM,8/10/2014 5:45:00 AM,81597
8/11/2014 6:00:00 PM,8/11/2014 10:00:00 PM,8/10/2014 5:45:00 PM,114818
8/11/2014 7:00:00 AM,8/11/2014 11:00:00 AM,8/10/2014 5:45:00 AM,87646
8/11/2014 7:00:00 PM,8/11/2014 11:00:00 PM,8/10/2014 5:45:00 PM,111055
8/11/2014 8:00:00 AM,8/11/2014 12:00:00 PM,8/10/2014 9:45:00 AM,93377
8/11/2014 8:00:00 PM,8/12/2014 12:00:00 AM,8/10/2014 5:45:00 PM,108524
8/11/2014 9:00:00 AM,8/11/2014 1:00:00 PM,8/10/2014 9:45:00 AM,98598
8/11/2014 9:00:00 PM,8/12/2014 1:00:00 AM,8/10/2014 11:45:00 PM,106036
8/12/2014 10:00:00 AM,8/12/2014 2:00:00 PM,8/11/2014 9:45:00 AM,100435
8/12/2014 10:00:00 PM,8/13/2014 2:00:00 AM,8/11/2014 11:45:00 PM,94365
8/12/2014 11:00:00 AM,8/12/2014 3:00:00 PM,8/11/2014 11:45:00 AM,103394
8/12/2014 11:00:00 PM,8/13/2014 3:00:00 AM,8/11/2014 11:45:00 PM,86452
8/12/2014 12:00:00 AM,8/12/2014 4:00:00 AM,8/11/2014 5:45:00 AM,83095
8/12/2014 12:00:00 PM,8/12/2014 4:00:00 PM,8/11/2014 11:45:00 AM,105246
8/12/2014 1:00:00 AM,8/12/2014 5:00:00 AM,8/11/2014 5:45:00 AM,78387
8/12/2014 1:00:00 PM,8/12/2014 5:00:00 PM,8/11/2014 11:45:00 AM,106782
8/12/2014 2:00:00 AM,8/12/2014 6:00:00 AM,8/11/2014 5:45:00 AM,75418
8/12/2014 2:00:00 PM,8/12/2014 6:00:00 PM,8/11/2014 11:45:00 AM,107775
8/12/2014 3:00:00 AM,8/12/2014 7:00:00 AM,8/11/2014 5:45:00 AM,73862
8/12/2014 3:00:00 PM,8/12/2014 7:00:00 PM,8/11/2014 5:45:00 PM,108212
8/12/2014 4:00:00 AM,8/12/2014 8:00:00 AM,8/11/2014 5:45:00 AM,74155
8/12/2014 4:00:00 PM,8/12/2014 8:00:00 PM,8/11/2014 5:45:00 PM,108612
8/12/2014 5:00:00 AM,8/12/2014 9:00:00 AM,8/11/2014 5:45:00 AM,77677
8/12/2014 5:00:00 PM,8/12/2014 9:00:00 PM,8/11/2014 5:45:00 PM,108270
8/12/2014 6:00:00 AM,8/12/2014 10:00:00 AM,8/11/2014 5:45:00 AM,83769
8/12/2014 6:00:00 PM,8/12/2014 10:00:00 PM,8/11/2014 5:45:00 PM,106516
8/12/2014 7:00:00 AM,8/12/2014 11:00:00 AM,8/11/2014 5:45:00 AM,89316
8/12/2014 7:00:00 PM,8/12/2014 11:00:00 PM,8/11/2014 5:45:00 PM,103800
8/12/2014 8:00:00 AM,8/12/2014 12:00:00 PM,8/11/2014 9:45:00 AM,93537
8/12/2014 8:00:00 PM,8/13/2014 12:00:00 AM,8/11/2014 5:45:00 PM,102301
8/12/2014 9:00:00 AM,8/12/2014 1:00:00 PM,8/11/2014 9:45:00 AM,97135
8/12/2014 9:00:00 PM,8/13/2014 1:00:00 AM,8/11/2014 11:45:00 PM,101021
8/13/2014 10:00:00 AM,8/13/2014 2:00:00 PM,8/12/2014 9:45:00 AM,98965
8/13/2014 10:00:00 PM,8/14/2014 2:00:00 AM,8/12/2014 11:45:00 PM,95879
8/13/2014 11:00:00 AM,8/13/2014 3:00:00 PM,8/12/2014 11:45:00 AM,103314
8/13/2014 11:00:00 PM,8/14/2014 3:00:00 AM,8/12/2014 11:45:00 PM,87548
8/13/2014 12:00:00 AM,8/13/2014 4:00:00 AM,8/12/2014 5:45:00 AM,80318
8/13/2014 12:00:00 PM,8/13/2014 4:00:00 PM,8/12/2014 11:45:00 AM,106153
8/13/2014 1:00:00 AM,8/13/2014 5:00:00 AM,8/12/2014 5:45:00 AM,75880
8/13/2014 1:00:00 PM,8/13/2014 5:00:00 PM,8/12/2014 11:45:00 AM,108935
8/13/2014 2:00:00 AM,8/13/2014 6:00:00 AM,8/12/2014 5:45:00 AM,73100
8/13/2014 2:00:00 PM,8/13/2014 6:00:00 PM,8/12/2014 11:45:00 AM,110905
8/13/2014 3:00:00 AM,8/13/2014 7:00:00 AM,8/12/2014 5:45:00 AM,71695
8/13/2014 3:00:00 PM,8/13/2014 7:00:00 PM,8/12/2014 5:45:00 PM,112028
8/13/2014 4:00:00 AM,8/13/2014 8:00:00 AM,8/12/2014 5:45:00 AM,72069
8/13/2014 4:00:00 PM,8/13/2014 8:00:00 PM,8/12/2014 5:45:00 PM,113108
8/13/2014 5:00:00 AM,8/13/2014 9:00:00 AM,8/12/2014 5:45:00 AM,75581
8/13/2014 5:00:00 PM,8/13/2014 9:00:00 PM,8/12/2014 5:45:00 PM,113033
8/13/2014 6:00:00 AM,8/13/2014 10:00:00 AM,8/12/2014 5:45:00 AM,81609
8/13/2014 6:00:00 PM,8/13/2014 10:00:00 PM,8/12/2014 5:45:00 PM,110671
8/13/2014 7:00:00 AM,8/13/2014 11:00:00 AM,8/12/2014 5:45:00 AM,87149
8/13/2014 7:00:00 PM,8/13/2014 11:00:00 PM,8/12/2014 5:45:00 PM,107163
8/13/2014 8:00:00 AM,8/13/2014 12:00:00 PM,8/12/2014 9:45:00 AM,91515
8/13/2014 8:00:00 PM,8/14/2014 12:00:00 AM,8/12/2014 5:45:00 PM,105405
8/13/2014 9:00:00 AM,8/13/2014 1:00:00 PM,8/12/2014 9:45:00 AM,95333
8/13/2014 9:00:00 PM,8/14/2014 1:00:00 AM,8/12/2014 11:45:00 PM,102962
8/14/2014 10:00:00 AM,8/14/2014 2:00:00 PM,8/13/2014 9:45:00 AM,95917
8/14/2014 10:00:00 PM,8/15/2014 2:00:00 AM,8/13/2014 11:45:00 PM,90152
8/14/2014 11:00:00 AM,8/14/2014 3:00:00 PM,8/13/2014 11:45:00 AM,98833
8/14/2014 11:00:00 PM,8/15/2014 3:00:00 AM,8/13/2014 11:45:00 PM,82481
8/14/2014 12:00:00 AM,8/14/2014 4:00:00 AM,8/13/2014 5:45:00 AM,78827
8/14/2014 12:00:00 PM,8/14/2014 4:00:00 PM,8/13/2014 11:45:00 AM,101221
8/14/2014 1:00:00 AM,8/14/2014 5:00:00 AM,8/13/2014 5:45:00 AM,74198
8/14/2014 1:00:00 PM,8/14/2014 5:00:00 PM,8/13/2014 11:45:00 AM,103460
8/14/2014 2:00:00 AM,8/14/2014 6:00:00 AM,8/13/2014 5:45:00 AM,71304
8/14/2014 2:00:00 PM,8/14/2014 6:00:00 PM,8/13/2014 11:45:00 AM,105178
8/14/2014 3:00:00 AM,8/14/2014 7:00:00 AM,8/13/2014 5:45:00 AM,69766
8/14/2014 3:00:00 PM,8/14/2014 7:00:00 PM,8/13/2014 5:45:00 PM,106464
8/14/2014 4:00:00 AM,8/14/2014 8:00:00 AM,8/13/2014 5:45:00 AM,70047
8/14/2014 4:00:00 PM,8/14/2014 8:00:00 PM,8/13/2014 5:45:00 PM,107369
8/14/2014 5:00:00 AM,8/14/2014 9:00:00 AM,8/13/2014 5:45:00 AM,73374
8/14/2014 5:00:00 PM,8/14/2014 9:00:00 PM,8/13/2014 5:45:00 PM,106888
8/14/2014 6:00:00 AM,8/14/2014 10:00:00 AM,8/13/2014 5:45:00 AM,79025
8/14/2014 6:00:00 PM,8/14/2014 10:00:00 PM,8/13/2014 5:45:00 PM,104372
8/14/2014 7:00:00 AM,8/14/2014 11:00:00 AM,8/13/2014 5:45:00 AM,84427
8/14/2014 7:00:00 PM,8/14/2014 11:00:00 PM,8/13/2014 5:45:00 PM,101514
8/14/2014 8:00:00 AM,8/14/2014 12:00:00 PM,8/13/2014 9:45:00 AM,88711
8/14/2014 8:00:00 PM,8/15/2014 12:00:00 AM,8/13/2014 5:45:00 PM,100063
8/14/2014 9:00:00 AM,8/14/2014 1:00:00 PM,8/13/2014 9:45:00 AM,92451
8/14/2014 9:00:00 PM,8/15/2014 1:00:00 AM,8/13/2014 11:45:00 PM,96953
8/15/2014 10:00:00 AM,8/15/2014 2:00:00 PM,8/14/2014 9:45:00 AM,92349
8/15/2014 10:00:00 PM,8/16/2014 2:00:00 AM,8/14/2014 11:45:00 PM,86798
8/15/2014 11:00:00 AM,8/15/2014 3:00:00 PM,8/14/2014 11:45:00 AM,95755
8/15/2014 11:00:00 PM,8/16/2014 3:00:00 AM,8/14/2014 11:45:00 PM,79966
8/15/2014 12:00:00 AM,8/15/2014 4:00:00 AM,8/14/2014 5:45:00 AM,74750
8/15/2014 12:00:00 PM,8/15/2014 4:00:00 PM,8/14/2014 11:45:00 AM,98213
8/15/2014 1:00:00 AM,8/15/2014 5:00:00 AM,8/14/2014 5:45:00 AM,70548
8/15/2014 1:00:00 PM,8/15/2014 5:00:00 PM,8/14/2014 11:45:00 AM,100501
8/15/2014 2:00:00 AM,8/15/2014 6:00:00 AM,8/14/2014 5:45:00 AM,67968
8/15/2014 2:00:00 PM,8/15/2014 6:00:00 PM,8/14/2014 11:45:00 AM,102286
8/15/2014 3:00:00 AM,8/15/2014 7:00:00 AM,8/14/2014 5:45:00 AM,66683
8/15/2014 3:00:00 PM,8/15/2014 7:00:00 PM,8/14/2014 5:45:00 PM,102825
8/15/2014 4:00:00 AM,8/15/2014 8:00:00 AM,8/14/2014 5:45:00 AM,67079
8/15/2014 4:00:00 PM,8/15/2014 8:00:00 PM,8/14/2014 5:45:00 PM,103497
8/15/2014 5:00:00 AM,8/15/2014 9:00:00 AM,8/14/2014 5:45:00 AM,70199
8/15/2014 5:00:00 PM,8/15/2014 9:00:00 PM,8/14/2014 5:45:00 PM,103021
8/15/2014 6:00:00 AM,8/15/2014 10:00:00 AM,8/14/2014 5:45:00 AM,75451
8/15/2014 6:00:00 PM,8/15/2014 10:00:00 PM,8/14/2014 5:45:00 PM,100518
8/15/2014 7:00:00 AM,8/15/2014 11:00:00 AM,8/14/2014 5:45:00 AM,80598
8/15/2014 7:00:00 PM,8/15/2014 11:00:00 PM,8/14/2014 5:45:00 PM,96217
8/15/2014 8:00:00 AM,8/15/2014 12:00:00 PM,8/14/2014 9:45:00 AM,85086
8/15/2014 8:00:00 PM,8/16/2014 12:00:00 AM,8/14/2014 5:45:00 PM,93816
8/15/2014 9:00:00 AM,8/15/2014 1:00:00 PM,8/14/2014 9:45:00 AM,88827
8/15/2014 9:00:00 PM,8/16/2014 1:00:00 AM,8/14/2014 11:45:00 PM,92514
8/16/2014 10:00:00 AM,8/16/2014 2:00:00 PM,8/15/2014 9:45:00 AM,85299
8/16/2014 10:00:00 PM,8/17/2014 2:00:00 AM,8/15/2014 11:45:00 PM,87019
8/16/2014 11:00:00 AM,8/16/2014 3:00:00 PM,8/15/2014 11:45:00 AM,88819
8/16/2014 11:00:00 PM,8/17/2014 3:00:00 AM,8/15/2014 11:45:00 PM,80784
8/16/2014 12:00:00 AM,8/16/2014 4:00:00 AM,8/15/2014 5:45:00 AM,73682
8/16/2014 12:00:00 PM,8/16/2014 4:00:00 PM,8/15/2014 11:45:00 AM,91792
8/16/2014 1:00:00 AM,8/16/2014 5:00:00 AM,8/15/2014 5:45:00 AM,69430
8/16/2014 1:00:00 PM,8/16/2014 5:00:00 PM,8/15/2014 11:45:00 AM,94114
8/16/2014 2:00:00 AM,8/16/2014 6:00:00 AM,8/15/2014 5:45:00 AM,66699
8/16/2014 2:00:00 PM,8/16/2014 6:00:00 PM,8/15/2014 11:45:00 AM,96044
8/16/2014 3:00:00 AM,8/16/2014 7:00:00 AM,8/15/2014 5:45:00 AM,65053
8/16/2014 3:00:00 PM,8/16/2014 7:00:00 PM,8/15/2014 5:45:00 PM,95735
8/16/2014 4:00:00 AM,8/16/2014 8:00:00 AM,8/15/2014 5:45:00 AM,64493
8/16/2014 4:00:00 PM,8/16/2014 8:00:00 PM,8/15/2014 5:45:00 PM,97413
8/16/2014 5:00:00 AM,8/16/2014 9:00:00 AM,8/15/2014 5:45:00 AM,65141
8/16/2014 5:00:00 PM,8/16/2014 9:00:00 PM,8/15/2014 5:45:00 PM,98288
8/16/2014 6:00:00 AM,8/16/2014 10:00:00 AM,8/15/2014 5:45:00 AM,65980
8/16/2014 6:00:00 PM,8/16/2014 10:00:00 PM,8/15/2014 5:45:00 PM,96987
8/16/2014 7:00:00 AM,8/16/2014 11:00:00 AM,8/15/2014 5:45:00 AM,68905
8/16/2014 7:00:00 PM,8/16/2014 11:00:00 PM,8/15/2014 5:45:00 PM,94261
8/16/2014 8:00:00 AM,8/16/2014 12:00:00 PM,8/15/2014 9:45:00 AM,75123
8/16/2014 8:00:00 PM,8/17/2014 12:00:00 AM,8/15/2014 5:45:00 PM,92969
8/16/2014 9:00:00 AM,8/16/2014 1:00:00 PM,8/15/2014 9:45:00 AM,80666
8/16/2014 9:00:00 PM,8/17/2014 1:00:00 AM,8/15/2014 11:45:00 PM,91888
8/17/2014 10:00:00 AM,8/17/2014 2:00:00 PM,8/16/2014 9:45:00 AM,84734
8/17/2014 10:00:00 PM,8/18/2014 2:00:00 AM,8/16/2014 11:45:00 PM,92556
8/17/2014 11:00:00 AM,8/17/2014 3:00:00 PM,8/16/2014 11:45:00 AM,88503
8/17/2014 11:00:00 PM,8/18/2014 3:00:00 AM,8/16/2014 11:45:00 PM,85530
8/17/2014 12:00:00 AM,8/17/2014 4:00:00 AM,8/16/2014 5:45:00 AM,75361
8/17/2014 12:00:00 PM,8/17/2014 4:00:00 PM,8/16/2014 11:45:00 AM,92645
8/17/2014 1:00:00 AM,8/17/2014 5:00:00 AM,8/16/2014 5:45:00 AM,70943
8/17/2014 1:00:00 PM,8/17/2014 5:00:00 PM,8/16/2014 11:45:00 AM,96353
8/17/2014 2:00:00 AM,8/17/2014 6:00:00 AM,8/16/2014 5:45:00 AM,67995
8/17/2014 2:00:00 PM,8/17/2014 6:00:00 PM,8/16/2014 11:45:00 AM,99084
8/17/2014 3:00:00 AM,8/17/2014 7:00:00 AM,8/16/2014 5:45:00 AM,66076
8/17/2014 3:00:00 PM,8/17/2014 7:00:00 PM,8/16/2014 5:45:00 PM,101206
8/17/2014 4:00:00 AM,8/17/2014 8:00:00 AM,8/16/2014 5:45:00 AM,65163
8/17/2014 4:00:00 PM,8/17/2014 8:00:00 PM,8/16/2014 5:45:00 PM,103192
8/17/2014 5:00:00 AM,8/17/2014 9:00:00 AM,8/16/2014 5:45:00 AM,65042
8/17/2014 5:00:00 PM,8/17/2014 9:00:00 PM,8/16/2014 5:45:00 PM,104380
8/17/2014 6:00:00 AM,8/17/2014 10:00:00 AM,8/16/2014 5:45:00 AM,64975
8/17/2014 6:00:00 PM,8/17/2014 10:00:00 PM,8/16/2014 5:45:00 PM,103423
8/17/2014 7:00:00 AM,8/17/2014 11:00:00 AM,8/16/2014 5:45:00 AM,67191
8/17/2014 7:00:00 PM,8/17/2014 11:00:00 PM,8/16/2014 5:45:00 PM,100862
8/17/2014 8:00:00 AM,8/17/2014 12:00:00 PM,8/16/2014 9:45:00 AM,72999
8/17/2014 8:00:00 PM,8/18/2014 12:00:00 AM,8/16/2014 5:45:00 PM,99724
8/17/2014 9:00:00 AM,8/17/2014 1:00:00 PM,8/16/2014 9:45:00 AM,79295
8/17/2014 9:00:00 PM,8/18/2014 1:00:00 AM,8/16/2014 11:45:00 PM,98509
8/18/2014 10:00:00 AM,8/18/2014 2:00:00 PM,8/17/2014 9:45:00 AM,103979
8/18/2014 10:00:00 PM,8/19/2014 2:00:00 AM,8/17/2014 11:45:00 PM,100467
8/18/2014 11:00:00 AM,8/18/2014 3:00:00 PM,8/17/2014 11:45:00 AM,109441
8/18/2014 11:00:00 PM,8/19/2014 3:00:00 AM,8/17/2014 11:45:00 PM,91574
8/18/2014 12:00:00 AM,8/18/2014 4:00:00 AM,8/17/2014 5:45:00 AM,79292
8/18/2014 12:00:00 PM,8/18/2014 4:00:00 PM,8/17/2014 11:45:00 AM,114061
8/18/2014 1:00:00 AM,8/18/2014 5:00:00 AM,8/17/2014 5:45:00 AM,74905
8/18/2014 1:00:00 PM,8/18/2014 5:00:00 PM,8/17/2014 11:45:00 AM,117926
8/18/2014 2:00:00 AM,8/18/2014 6:00:00 AM,8/17/2014 5:45:00 AM,72281
8/18/2014 2:00:00 PM,8/18/2014 6:00:00 PM,8/17/2014 11:45:00 AM,120992
8/18/2014 3:00:00 AM,8/18/2014 7:00:00 AM,8/17/2014 5:45:00 AM,70881
8/18/2014 3:00:00 PM,8/18/2014 7:00:00 PM,8/17/2014 5:45:00 PM,123077
8/18/2014 4:00:00 AM,8/18/2014 8:00:00 AM,8/17/2014 5:45:00 AM,71394
8/18/2014 4:00:00 PM,8/18/2014 8:00:00 PM,8/17/2014 5:45:00 PM,123978
8/18/2014 5:00:00 AM,8/18/2014 9:00:00 AM,8/17/2014 5:45:00 AM,74740
8/18/2014 5:00:00 PM,8/18/2014 9:00:00 PM,8/17/2014 5:45:00 PM,123238
8/18/2014 6:00:00 AM,8/18/2014 10:00:00 AM,8/17/2014 5:45:00 AM,80521
8/18/2014 6:00:00 PM,8/18/2014 10:00:00 PM,8/17/2014 5:45:00 PM,120244
8/18/2014 7:00:00 AM,8/18/2014 11:00:00 AM,8/17/2014 5:45:00 AM,86384
8/18/2014 7:00:00 PM,8/18/2014 11:00:00 PM,8/17/2014 5:45:00 PM,115309
8/18/2014 8:00:00 AM,8/18/2014 12:00:00 PM,8/17/2014 9:45:00 AM,92064
8/18/2014 8:00:00 PM,8/19/2014 12:00:00 AM,8/17/2014 5:45:00 PM,112989
8/18/2014 9:00:00 AM,8/18/2014 1:00:00 PM,8/17/2014 9:45:00 AM,97823
8/18/2014 9:00:00 PM,8/19/2014 1:00:00 AM,8/17/2014 11:45:00 PM,108535
8/19/2014 10:00:00 AM,8/19/2014 2:00:00 PM,8/18/2014 9:45:00 AM,105283
8/19/2014 10:00:00 PM,8/20/2014 2:00:00 AM,8/18/2014 11:45:00 PM,103353
8/19/2014 11:00:00 AM,8/19/2014 3:00:00 PM,8/18/2014 11:45:00 AM,110108
8/19/2014 11:00:00 PM,8/20/2014 3:00:00 AM,8/18/2014 11:45:00 PM,94124
8/19/2014 12:00:00 AM,8/19/2014 4:00:00 AM,8/18/2014 5:45:00 AM,83800
8/19/2014 12:00:00 PM,8/19/2014 4:00:00 PM,8/18/2014 11:45:00 AM,114214
8/19/2014 1:00:00 AM,8/19/2014 5:00:00 AM,8/18/2014 5:45:00 AM,78821
8/19/2014 1:00:00 PM,8/19/2014 5:00:00 PM,8/18/2014 11:45:00 AM,117776
8/19/2014 2:00:00 AM,8/19/2014 6:00:00 AM,8/18/2014 5:45:00 AM,75588
8/19/2014 2:00:00 PM,8/19/2014 6:00:00 PM,8/18/2014 11:45:00 AM,120685
8/19/2014 3:00:00 AM,8/19/2014 7:00:00 AM,8/18/2014 5:45:00 AM,73793
8/19/2014 3:00:00 PM,8/19/2014 7:00:00 PM,8/18/2014 5:45:00 PM,122401
8/19/2014 4:00:00 AM,8/19/2014 8:00:00 AM,8/18/2014 5:45:00 AM,73998
8/19/2014 4:00:00 PM,8/19/2014 8:00:00 PM,8/18/2014 5:45:00 PM,123496
8/19/2014 5:00:00 AM,8/19/2014 9:00:00 AM,8/18/2014 5:45:00 AM,77286
8/19/2014 5:00:00 PM,8/19/2014 9:00:00 PM,8/18/2014 5:45:00 PM,123027
8/19/2014 6:00:00 AM,8/19/2014 10:00:00 AM,8/18/2014 5:45:00 AM,83149
8/19/2014 6:00:00 PM,8/19/2014 10:00:00 PM,8/18/2014 5:45:00 PM,120845
8/19/2014 7:00:00 AM,8/19/2014 11:00:00 AM,8/18/2014 5:45:00 AM,88924
8/19/2014 7:00:00 PM,8/19/2014 11:00:00 PM,8/18/2014 5:45:00 PM,116857
8/19/2014 8:00:00 AM,8/19/2014 12:00:00 PM,8/18/2014 9:45:00 AM,94330
8/19/2014 8:00:00 PM,8/20/2014 12:00:00 AM,8/18/2014 5:45:00 PM,114513
8/19/2014 9:00:00 AM,8/19/2014 1:00:00 PM,8/18/2014 9:45:00 AM,99708
8/19/2014 9:00:00 PM,8/20/2014 1:00:00 AM,8/18/2014 11:45:00 PM,111692
8/2/2014 10:00:00 AM,8/2/2014 2:00:00 PM,8/1/2014 9:45:00 AM,88727
8/2/2014 10:00:00 PM,8/3/2014 2:00:00 AM,8/1/2014 11:45:00 PM,88601
8/2/2014 11:00:00 AM,8/2/2014 3:00:00 PM,8/1/2014 11:45:00 AM,91846
8/2/2014 11:00:00 PM,8/3/2014 3:00:00 AM,8/1/2014 11:45:00 PM,82315
8/2/2014 12:00:00 AM,8/2/2014 4:00:00 AM,8/1/2014 5:45:00 AM,80477
8/2/2014 12:00:00 PM,8/2/2014 4:00:00 PM,8/1/2014 11:45:00 AM,93985
8/2/2014 1:00:00 AM,8/2/2014 5:00:00 AM,8/1/2014 5:45:00 AM,75522
8/2/2014 1:00:00 PM,8/2/2014 5:00:00 PM,8/1/2014 11:45:00 AM,95472
8/2/2014 2:00:00 AM,8/2/2014 6:00:00 AM,8/1/2014 5:45:00 AM,72240
8/2/2014 2:00:00 PM,8/2/2014 6:00:00 PM,8/1/2014 11:45:00 AM,96583
8/2/2014 3:00:00 AM,8/2/2014 7:00:00 AM,8/1/2014 5:45:00 AM,70150
8/2/2014 3:00:00 PM,8/2/2014 7:00:00 PM,8/1/2014 5:45:00 PM,96720
8/2/2014 4:00:00 AM,8/2/2014 8:00:00 AM,8/1/2014 5:45:00 AM,69211
8/2/2014 4:00:00 PM,8/2/2014 8:00:00 PM,8/1/2014 5:45:00 PM,97769
8/2/2014 5:00:00 AM,8/2/2014 9:00:00 AM,8/1/2014 5:45:00 AM,69548
8/2/2014 5:00:00 PM,8/2/2014 9:00:00 PM,8/1/2014 5:45:00 PM,97791
8/2/2014 6:00:00 AM,8/2/2014 10:00:00 AM,8/1/2014 5:45:00 AM,70162
8/2/2014 6:00:00 PM,8/2/2014 10:00:00 PM,8/1/2014 5:45:00 PM,96532
8/2/2014 7:00:00 AM,8/2/2014 11:00:00 AM,8/1/2014 5:45:00 AM,73414
8/2/2014 7:00:00 PM,8/2/2014 11:00:00 PM,8/1/2014 5:45:00 PM,94156
8/2/2014 8:00:00 AM,8/2/2014 12:00:00 PM,8/1/2014 9:45:00 AM,78971
8/2/2014 8:00:00 PM,8/3/2014 12:00:00 AM,8/1/2014 5:45:00 PM,92569
8/2/2014 9:00:00 AM,8/2/2014 1:00:00 PM,8/1/2014 9:45:00 AM,84318
8/2/2014 9:00:00 PM,8/3/2014 1:00:00 AM,8/1/2014 11:45:00 PM,92696
8/20/2014 10:00:00 AM,8/20/2014 2:00:00 PM,8/19/2014 9:45:00 AM,106838
8/20/2014 10:00:00 PM,8/21/2014 2:00:00 AM,8/19/2014 11:45:00 PM,104599
8/20/2014 11:00:00 AM,8/20/2014 3:00:00 PM,8/19/2014 11:45:00 AM,111637
8/20/2014 11:00:00 PM,8/21/2014 3:00:00 AM,8/19/2014 11:45:00 PM,95321
8/20/2014 12:00:00 AM,8/20/2014 4:00:00 AM,8/19/2014 5:45:00 AM,86146
8/20/2014 12:00:00 PM,8/20/2014 4:00:00 PM,8/19/2014 11:45:00 AM,116000
8/20/2014 1:00:00 AM,8/20/2014 5:00:00 AM,8/19/2014 5:45:00 AM,80779
8/20/2014 1:00:00 PM,8/20/2014 5:00:00 PM,8/19/2014 11:45:00 AM,119767
8/20/2014 2:00:00 AM,8/20/2014 6:00:00 AM,8/19/2014 5:45:00 AM,77276
8/20/2014 2:00:00 PM,8/20/2014 6:00:00 PM,8/19/2014 11:45:00 AM,122640
8/20/2014 3:00:00 AM,8/20/2014 7:00:00 AM,8/19/2014 5:45:00 AM,75265
8/20/2014 3:00:00 PM,8/20/2014 7:00:00 PM,8/19/2014 5:45:00 PM,125207
8/20/2014 4:00:00 AM,8/20/2014 8:00:00 AM,8/19/2014 5:45:00 AM,75253
8/20/2014 4:00:00 PM,8/20/2014 8:00:00 PM,8/19/2014 5:45:00 PM,126838
8/20/2014 5:00:00 AM,8/20/2014 9:00:00 AM,8/19/2014 5:45:00 AM,78514
8/20/2014 5:00:00 PM,8/20/2014 9:00:00 PM,8/19/2014 5:45:00 PM,126712
8/20/2014 6:00:00 AM,8/20/2014 10:00:00 AM,8/19/2014 5:45:00 AM,84367
8/20/2014 6:00:00 PM,8/20/2014 10:00:00 PM,8/19/2014 5:45:00 PM,123694
8/20/2014 7:00:00 AM,8/20/2014 11:00:00 AM,8/19/2014 5:45:00 AM,89954
8/20/2014 7:00:00 PM,8/20/2014 11:00:00 PM,8/19/2014 5:45:00 PM,119227
8/20/2014 8:00:00 AM,8/20/2014 12:00:00 PM,8/19/2014 9:45:00 AM,95834
8/20/2014 8:00:00 PM,8/21/2014 12:00:00 AM,8/19/2014 5:45:00 PM,116573
8/20/2014 9:00:00 AM,8/20/2014 1:00:00 PM,8/19/2014 9:45:00 AM,101238
8/20/2014 9:00:00 PM,8/21/2014 1:00:00 AM,8/19/2014 11:45:00 PM,112890
8/21/2014 10:00:00 AM,8/21/2014 2:00:00 PM,8/20/2014 9:45:00 AM,109057
8/21/2014 10:00:00 PM,8/22/2014 2:00:00 AM,8/20/2014 11:45:00 PM,106755
8/21/2014 11:00:00 AM,8/21/2014 3:00:00 PM,8/20/2014 11:45:00 AM,114322
8/21/2014 11:00:00 PM,8/22/2014 3:00:00 AM,8/20/2014 11:45:00 PM,97449
8/21/2014 12:00:00 AM,8/21/2014 4:00:00 AM,8/20/2014 5:45:00 AM,88770
8/21/2014 12:00:00 PM,8/21/2014 4:00:00 PM,8/20/2014 11:45:00 AM,118471
8/21/2014 1:00:00 AM,8/21/2014 5:00:00 AM,8/20/2014 5:45:00 AM,83285
8/21/2014 1:00:00 PM,8/21/2014 5:00:00 PM,8/20/2014 11:45:00 AM,122268
8/21/2014 2:00:00 AM,8/21/2014 6:00:00 AM,8/20/2014 5:45:00 AM,79691
8/21/2014 2:00:00 PM,8/21/2014 6:00:00 PM,8/20/2014 11:45:00 AM,125015
8/21/2014 3:00:00 AM,8/21/2014 7:00:00 AM,8/20/2014 5:45:00 AM,77665
8/21/2014 3:00:00 PM,8/21/2014 7:00:00 PM,8/20/2014 5:45:00 PM,126910
8/21/2014 4:00:00 AM,8/21/2014 8:00:00 AM,8/20/2014 5:45:00 AM,77629
8/21/2014 4:00:00 PM,8/21/2014 8:00:00 PM,8/20/2014 5:45:00 PM,128204
8/21/2014 5:00:00 AM,8/21/2014 9:00:00 AM,8/20/2014 5:45:00 AM,80890
8/21/2014 5:00:00 PM,8/21/2014 9:00:00 PM,8/20/2014 5:45:00 PM,127989
8/21/2014 6:00:00 AM,8/21/2014 10:00:00 AM,8/20/2014 5:45:00 AM,86748
8/21/2014 6:00:00 PM,8/21/2014 10:00:00 PM,8/20/2014 5:45:00 PM,125307
8/21/2014 7:00:00 AM,8/21/2014 11:00:00 AM,8/20/2014 5:45:00 AM,92278
8/21/2014 7:00:00 PM,8/21/2014 11:00:00 PM,8/20/2014 5:45:00 PM,120912
8/21/2014 8:00:00 AM,8/21/2014 12:00:00 PM,8/20/2014 9:45:00 AM,98374
8/21/2014 8:00:00 PM,8/22/2014 12:00:00 AM,8/20/2014 5:45:00 PM,118572
8/21/2014 9:00:00 AM,8/21/2014 1:00:00 PM,8/20/2014 9:45:00 AM,103717
8/21/2014 9:00:00 PM,8/22/2014 1:00:00 AM,8/20/2014 11:45:00 PM,114990
8/22/2014 10:00:00 AM,8/22/2014 2:00:00 PM,8/21/2014 9:45:00 AM,110513
8/22/2014 10:00:00 PM,8/23/2014 2:00:00 AM,8/21/2014 11:45:00 PM,102390
8/22/2014 11:00:00 AM,8/22/2014 3:00:00 PM,8/21/2014 11:45:00 AM,115589
8/22/2014 11:00:00 PM,8/23/2014 3:00:00 AM,8/21/2014 11:45:00 PM,94026
8/22/2014 12:00:00 AM,8/22/2014 4:00:00 AM,8/21/2014 5:45:00 AM,90301
8/22/2014 12:00:00 PM,8/22/2014 4:00:00 PM,8/21/2014 11:45:00 AM,119521
8/22/2014 1:00:00 AM,8/22/2014 5:00:00 AM,8/21/2014 5:45:00 AM,84818
8/22/2014 1:00:00 PM,8/22/2014 5:00:00 PM,8/21/2014 11:45:00 AM,123018
8/22/2014 2:00:00 AM,8/22/2014 6:00:00 AM,8/21/2014 5:45:00 AM,81187
8/22/2014 2:00:00 PM,8/22/2014 6:00:00 PM,8/21/2014 11:45:00 AM,125260
8/22/2014 3:00:00 AM,8/22/2014 7:00:00 AM,8/21/2014 5:45:00 AM,79089
8/22/2014 3:00:00 PM,8/22/2014 7:00:00 PM,8/21/2014 5:45:00 PM,125437
8/22/2014 4:00:00 AM,8/22/2014 8:00:00 AM,8/21/2014 5:45:00 AM,78986
8/22/2014 4:00:00 PM,8/22/2014 8:00:00 PM,8/21/2014 5:45:00 PM,125817
8/22/2014 5:00:00 AM,8/22/2014 9:00:00 AM,8/21/2014 5:45:00 AM,82020
8/22/2014 5:00:00 PM,8/22/2014 9:00:00 PM,8/21/2014 5:45:00 PM,124367
8/22/2014 6:00:00 AM,8/22/2014 10:00:00 AM,8/21/2014 5:45:00 AM,87777
8/22/2014 6:00:00 PM,8/22/2014 10:00:00 PM,8/21/2014 5:45:00 PM,120771
8/22/2014 7:00:00 AM,8/22/2014 11:00:00 AM,8/21/2014 5:45:00 AM,93057
8/22/2014 7:00:00 PM,8/22/2014 11:00:00 PM,8/21/2014 5:45:00 PM,115797
8/22/2014 8:00:00 AM,8/22/2014 12:00:00 PM,8/21/2014 9:45:00 AM,99410
8/22/2014 8:00:00 PM,8/23/2014 12:00:00 AM,8/21/2014 5:45:00 PM,112770
8/22/2014 9:00:00 AM,8/22/2014 1:00:00 PM,8/21/2014 9:45:00 AM,104977
8/22/2014 9:00:00 PM,8/23/2014 1:00:00 AM,8/21/2014 11:45:00 PM,109371
8/23/2014 10:00:00 AM,8/23/2014 2:00:00 PM,8/22/2014 9:45:00 AM,95475
8/23/2014 10:00:00 PM,8/24/2014 2:00:00 AM,8/22/2014 11:45:00 PM,94086
8/23/2014 11:00:00 AM,8/23/2014 3:00:00 PM,8/22/2014 11:45:00 AM,99742
8/23/2014 11:00:00 PM,8/24/2014 3:00:00 AM,8/22/2014 11:45:00 PM,87317
8/23/2014 12:00:00 AM,8/23/2014 4:00:00 AM,8/22/2014 5:45:00 AM,86920
8/23/2014 12:00:00 PM,8/23/2014 4:00:00 PM,8/22/2014 11:45:00 AM,102873
8/23/2014 1:00:00 AM,8/23/2014 5:00:00 AM,8/22/2014 5:45:00 AM,81552
8/23/2014 1:00:00 PM,8/23/2014 5:00:00 PM,8/22/2014 11:45:00 AM,105224
8/23/2014 2:00:00 AM,8/23/2014 6:00:00 AM,8/22/2014 5:45:00 AM,77782
8/23/2014 2:00:00 PM,8/23/2014 6:00:00 PM,8/22/2014 11:45:00 AM,106678
8/23/2014 3:00:00 AM,8/23/2014 7:00:00 AM,8/22/2014 5:45:00 AM,75308
8/23/2014 3:00:00 PM,8/23/2014 7:00:00 PM,8/22/2014 5:45:00 PM,107388
8/23/2014 4:00:00 AM,8/23/2014 8:00:00 AM,8/22/2014 5:45:00 AM,74065
8/23/2014 4:00:00 PM,8/23/2014 8:00:00 PM,8/22/2014 5:45:00 PM,108150
8/23/2014 5:00:00 AM,8/23/2014 9:00:00 AM,8/22/2014 5:45:00 AM,74377
8/23/2014 5:00:00 PM,8/23/2014 9:00:00 PM,8/22/2014 5:45:00 PM,107907
8/23/2014 6:00:00 AM,8/23/2014 10:00:00 AM,8/22/2014 5:45:00 AM,75379
8/23/2014 6:00:00 PM,8/23/2014 10:00:00 PM,8/22/2014 5:45:00 PM,106259
8/23/2014 7:00:00 AM,8/23/2014 11:00:00 AM,8/22/2014 5:45:00 AM,78131
8/23/2014 7:00:00 PM,8/23/2014 11:00:00 PM,8/22/2014 5:45:00 PM,103112
8/23/2014 8:00:00 AM,8/23/2014 12:00:00 PM,8/22/2014 9:45:00 AM,84182
8/23/2014 8:00:00 PM,8/24/2014 12:00:00 AM,8/22/2014 5:45:00 PM,101651
8/23/2014 9:00:00 AM,8/23/2014 1:00:00 PM,8/22/2014 9:45:00 AM,90263
8/23/2014 9:00:00 PM,8/24/2014 1:00:00 AM,8/22/2014 11:45:00 PM,99612
8/24/2014 10:00:00 AM,8/24/2014 2:00:00 PM,8/23/2014 9:45:00 AM,87776
8/24/2014 10:00:00 PM,8/25/2014 2:00:00 AM,8/23/2014 11:45:00 PM,95009
8/24/2014 11:00:00 AM,8/24/2014 3:00:00 PM,8/23/2014 11:45:00 AM,92654
8/24/2014 11:00:00 PM,8/25/2014 3:00:00 AM,8/23/2014 11:45:00 PM,87751
8/24/2014 12:00:00 AM,8/24/2014 4:00:00 AM,8/23/2014 5:45:00 AM,80515
8/24/2014 12:00:00 PM,8/24/2014 4:00:00 PM,8/23/2014 11:45:00 AM,96920
8/24/2014 1:00:00 AM,8/24/2014 5:00:00 AM,8/23/2014 5:45:00 AM,75724
8/24/2014 1:00:00 PM,8/24/2014 5:00:00 PM,8/23/2014 11:45:00 AM,100225
8/24/2014 2:00:00 AM,8/24/2014 6:00:00 AM,8/23/2014 5:45:00 AM,72405
8/24/2014 2:00:00 PM,8/24/2014 6:00:00 PM,8/23/2014 11:45:00 AM,102915
8/24/2014 3:00:00 AM,8/24/2014 7:00:00 AM,8/23/2014 5:45:00 AM,70134
8/24/2014 3:00:00 PM,8/24/2014 7:00:00 PM,8/23/2014 5:45:00 PM,105144
8/24/2014 4:00:00 AM,8/24/2014 8:00:00 AM,8/23/2014 5:45:00 AM,68896
8/24/2014 4:00:00 PM,8/24/2014 8:00:00 PM,8/23/2014 5:45:00 PM,107195
8/24/2014 5:00:00 AM,8/24/2014 9:00:00 AM,8/23/2014 5:45:00 AM,68714
8/24/2014 5:00:00 PM,8/24/2014 9:00:00 PM,8/23/2014 5:45:00 PM,108207
8/24/2014 6:00:00 AM,8/24/2014 10:00:00 AM,8/23/2014 5:45:00 AM,68799
8/24/2014 6:00:00 PM,8/24/2014 10:00:00 PM,8/23/2014 5:45:00 PM,107056
8/24/2014 7:00:00 AM,8/24/2014 11:00:00 AM,8/23/2014 5:45:00 AM,70805
8/24/2014 7:00:00 PM,8/24/2014 11:00:00 PM,8/23/2014 5:45:00 PM,104310
8/24/2014 8:00:00 AM,8/24/2014 12:00:00 PM,8/23/2014 9:45:00 AM,76141
8/24/2014 8:00:00 PM,8/25/2014 12:00:00 AM,8/23/2014 5:45:00 PM,103528
8/24/2014 9:00:00 AM,8/24/2014 1:00:00 PM,8/23/2014 9:45:00 AM,82274
8/24/2014 9:00:00 PM,8/25/2014 1:00:00 AM,8/23/2014 11:45:00 PM,101268
8/25/2014 10:00:00 AM,8/25/2014 2:00:00 PM,8/24/2014 9:45:00 AM,105053
8/25/2014 10:00:00 PM,8/26/2014 2:00:00 AM,8/24/2014 11:45:00 PM,105770
8/25/2014 11:00:00 AM,8/25/2014 3:00:00 PM,8/24/2014 11:45:00 AM,111829
8/25/2014 11:00:00 PM,8/26/2014 3:00:00 AM,8/24/2014 11:45:00 PM,96378
8/25/2014 12:00:00 AM,8/25/2014 4:00:00 AM,8/24/2014 5:45:00 AM,80901
8/25/2014 12:00:00 PM,8/25/2014 4:00:00 PM,8/24/2014 11:45:00 AM,116621
8/25/2014 1:00:00 AM,8/25/2014 5:00:00 AM,8/24/2014 5:45:00 AM,76325
8/25/2014 1:00:00 PM,8/25/2014 5:00:00 PM,8/24/2014 11:45:00 AM,120988
8/25/2014 2:00:00 AM,8/25/2014 6:00:00 AM,8/24/2014 5:45:00 AM,73568
8/25/2014 2:00:00 PM,8/25/2014 6:00:00 PM,8/24/2014 11:45:00 AM,124066
8/25/2014 3:00:00 AM,8/25/2014 7:00:00 AM,8/24/2014 5:45:00 AM,72102
8/25/2014 3:00:00 PM,8/25/2014 7:00:00 PM,8/24/2014 5:45:00 PM,126181
8/25/2014 4:00:00 AM,8/25/2014 8:00:00 AM,8/24/2014 5:45:00 AM,72515
8/25/2014 4:00:00 PM,8/25/2014 8:00:00 PM,8/24/2014 5:45:00 PM,127506
8/25/2014 5:00:00 AM,8/25/2014 9:00:00 AM,8/24/2014 5:45:00 AM,75956
8/25/2014 5:00:00 PM,8/25/2014 9:00:00 PM,8/24/2014 5:45:00 PM,127328
8/25/2014 6:00:00 AM,8/25/2014 10:00:00 AM,8/24/2014 5:45:00 AM,81890
8/25/2014 6:00:00 PM,8/25/2014 10:00:00 PM,8/24/2014 5:45:00 PM,124436
8/25/2014 7:00:00 AM,8/25/2014 11:00:00 AM,8/24/2014 5:45:00 AM,87542
8/25/2014 7:00:00 PM,8/25/2014 11:00:00 PM,8/24/2014 5:45:00 PM,120291
8/25/2014 8:00:00 AM,8/25/2014 12:00:00 PM,8/24/2014 9:45:00 AM,93326
8/25/2014 8:00:00 PM,8/26/2014 12:00:00 AM,8/24/2014 5:45:00 PM,118242
8/25/2014 9:00:00 AM,8/25/2014 1:00:00 PM,8/24/2014 9:45:00 AM,99073
8/25/2014 9:00:00 PM,8/26/2014 1:00:00 AM,8/24/2014 11:45:00 PM,114391
8/26/2014 10:00:00 AM,8/26/2014 2:00:00 PM,8/25/2014 9:45:00 AM,108945
8/26/2014 10:00:00 PM,8/27/2014 2:00:00 AM,8/25/2014 11:45:00 PM,105658
8/26/2014 11:00:00 AM,8/26/2014 3:00:00 PM,8/25/2014 11:45:00 AM,115502
8/26/2014 11:00:00 PM,8/27/2014 3:00:00 AM,8/25/2014 11:45:00 PM,95989
8/26/2014 12:00:00 AM,8/26/2014 4:00:00 AM,8/25/2014 5:45:00 AM,86543
8/26/2014 12:00:00 PM,8/26/2014 4:00:00 PM,8/25/2014 11:45:00 AM,120315
8/26/2014 1:00:00 AM,8/26/2014 5:00:00 AM,8/25/2014 5:45:00 AM,81276
8/26/2014 1:00:00 PM,8/26/2014 5:00:00 PM,8/25/2014 11:45:00 AM,124695
8/26/2014 2:00:00 AM,8/26/2014 6:00:00 AM,8/25/2014 5:45:00 AM,77773
8/26/2014 2:00:00 PM,8/26/2014 6:00:00 PM,8/25/2014 11:45:00 AM,127955
8/26/2014 3:00:00 AM,8/26/2014 7:00:00 AM,8/25/2014 5:45:00 AM,75734
8/26/2014 3:00:00 PM,8/26/2014 7:00:00 PM,8/25/2014 5:45:00 PM,128409
8/26/2014 4:00:00 AM,8/26/2014 8:00:00 AM,8/25/2014 5:45:00 AM,75683
8/26/2014 4:00:00 PM,8/26/2014 8:00:00 PM,8/25/2014 5:45:00 PM,129881
8/26/2014 5:00:00 AM,8/26/2014 9:00:00 AM,8/25/2014 5:45:00 AM,78886
8/26/2014 5:00:00 PM,8/26/2014 9:00:00 PM,8/25/2014 5:45:00 PM,129490
8/26/2014 6:00:00 AM,8/26/2014 10:00:00 AM,8/25/2014 5:45:00 AM,84996
8/26/2014 6:00:00 PM,8/26/2014 10:00:00 PM,8/25/2014 5:45:00 PM,126156
8/26/2014 7:00:00 AM,8/26/2014 11:00:00 AM,8/25/2014 5:45:00 AM,90369
8/26/2014 7:00:00 PM,8/26/2014 11:00:00 PM,8/25/2014 5:45:00 PM,121498
8/26/2014 8:00:00 AM,8/26/2014 12:00:00 PM,8/25/2014 9:45:00 AM,97461
8/26/2014 8:00:00 PM,8/27/2014 12:00:00 AM,8/25/2014 5:45:00 PM,119074
8/26/2014 9:00:00 AM,8/26/2014 1:00:00 PM,8/25/2014 9:45:00 AM,103095
8/26/2014 9:00:00 PM,8/27/2014 1:00:00 AM,8/25/2014 11:45:00 PM,114524
8/27/2014 10:00:00 AM,8/27/2014 2:00:00 PM,8/26/2014 9:45:00 AM,108068
8/27/2014 10:00:00 PM,8/28/2014 2:00:00 AM,8/26/2014 11:45:00 PM,104169
8/27/2014 11:00:00 AM,8/27/2014 3:00:00 PM,8/26/2014 11:45:00 AM,113956
8/27/2014 11:00:00 PM,8/28/2014 3:00:00 AM,8/26/2014 11:45:00 PM,94769
8/27/2014 12:00:00 AM,8/27/2014 4:00:00 AM,8/26/2014 5:45:00 AM,86630
8/27/2014 12:00:00 PM,8/27/2014 4:00:00 PM,8/26/2014 11:45:00 AM,118784
8/27/2014 1:00:00 AM,8/27/2014 5:00:00 AM,8/26/2014 5:45:00 AM,81135
8/27/2014 1:00:00 PM,8/27/2014 5:00:00 PM,8/26/2014 11:45:00 AM,123313
8/27/2014 2:00:00 AM,8/27/2014 6:00:00 AM,8/26/2014 5:45:00 AM,77517
8/27/2014 2:00:00 PM,8/27/2014 6:00:00 PM,8/26/2014 11:45:00 AM,126720
8/27/2014 3:00:00 AM,8/27/2014 7:00:00 AM,8/26/2014 5:45:00 AM,75468
8/27/2014 3:00:00 PM,8/27/2014 7:00:00 PM,8/26/2014 5:45:00 PM,126935
8/27/2014 4:00:00 AM,8/27/2014 8:00:00 AM,8/26/2014 5:45:00 AM,75390
8/27/2014 4:00:00 PM,8/27/2014 8:00:00 PM,8/26/2014 5:45:00 PM,128283
8/27/2014 5:00:00 AM,8/27/2014 9:00:00 AM,8/26/2014 5:45:00 AM,78560
8/27/2014 5:00:00 PM,8/27/2014 9:00:00 PM,8/26/2014 5:45:00 PM,127687
8/27/2014 6:00:00 AM,8/27/2014 10:00:00 AM,8/26/2014 5:45:00 AM,84502
8/27/2014 6:00:00 PM,8/27/2014 10:00:00 PM,8/26/2014 5:45:00 PM,124195
8/27/2014 7:00:00 AM,8/27/2014 11:00:00 AM,8/26/2014 5:45:00 AM,89948
8/27/2014 7:00:00 PM,8/27/2014 11:00:00 PM,8/26/2014 5:45:00 PM,119551
8/27/2014 8:00:00 AM,8/27/2014 12:00:00 PM,8/26/2014 9:45:00 AM,96073
8/27/2014 8:00:00 PM,8/28/2014 12:00:00 AM,8/26/2014 5:45:00 PM,117190
8/27/2014 9:00:00 AM,8/27/2014 1:00:00 PM,8/26/2014 9:45:00 AM,101978
8/27/2014 9:00:00 PM,8/28/2014 1:00:00 AM,8/26/2014 11:45:00 PM,112943
8/28/2014 10:00:00 AM,8/28/2014 2:00:00 PM,8/27/2014 9:45:00 AM,104178
8/28/2014 10:00:00 PM,8/29/2014 2:00:00 AM,8/27/2014 11:45:00 PM,97547
8/28/2014 11:00:00 AM,8/28/2014 3:00:00 PM,8/27/2014 11:45:00 AM,108222
8/28/2014 11:00:00 PM,8/29/2014 3:00:00 AM,8/27/2014 11:45:00 PM,88831
8/28/2014 12:00:00 AM,8/28/2014 4:00:00 AM,8/27/2014 5:45:00 AM,85668
8/28/2014 12:00:00 PM,8/28/2014 4:00:00 PM,8/27/2014 11:45:00 AM,111573
8/28/2014 1:00:00 AM,8/28/2014 5:00:00 AM,8/27/2014 5:45:00 AM,80373
8/28/2014 1:00:00 PM,8/28/2014 5:00:00 PM,8/27/2014 11:45:00 AM,114753
8/28/2014 2:00:00 AM,8/28/2014 6:00:00 AM,8/27/2014 5:45:00 AM,76907
8/28/2014 2:00:00 PM,8/28/2014 6:00:00 PM,8/27/2014 11:45:00 AM,116989
8/28/2014 3:00:00 AM,8/28/2014 7:00:00 AM,8/27/2014 5:45:00 AM,74987
8/28/2014 3:00:00 PM,8/28/2014 7:00:00 PM,8/27/2014 5:45:00 PM,118763
8/28/2014 4:00:00 AM,8/28/2014 8:00:00 AM,8/27/2014 5:45:00 AM,75006
8/28/2014 4:00:00 PM,8/28/2014 8:00:00 PM,8/27/2014 5:45:00 PM,119574
8/28/2014 5:00:00 AM,8/28/2014 9:00:00 AM,8/27/2014 5:45:00 AM,78303
8/28/2014 5:00:00 PM,8/28/2014 9:00:00 PM,8/27/2014 5:45:00 PM,118767
8/28/2014 6:00:00 AM,8/28/2014 10:00:00 AM,8/27/2014 5:45:00 AM,84405
8/28/2014 6:00:00 PM,8/28/2014 10:00:00 PM,8/27/2014 5:45:00 PM,115198
8/28/2014 7:00:00 AM,8/28/2014 11:00:00 AM,8/27/2014 5:45:00 AM,89617
8/28/2014 7:00:00 PM,8/28/2014 11:00:00 PM,8/27/2014 5:45:00 PM,110509
8/28/2014 8:00:00 AM,8/28/2014 12:00:00 PM,8/27/2014 9:45:00 AM,95084
8/28/2014 8:00:00 PM,8/29/2014 12:00:00 AM,8/27/2014 5:45:00 PM,108720
8/28/2014 9:00:00 AM,8/28/2014 1:00:00 PM,8/27/2014 9:45:00 AM,99690
8/28/2014 9:00:00 PM,8/29/2014 1:00:00 AM,8/27/2014 11:45:00 PM,105362
8/29/2014 10:00:00 AM,8/29/2014 2:00:00 PM,8/28/2014 9:45:00 AM,101169
8/29/2014 10:00:00 PM,8/30/2014 2:00:00 AM,8/28/2014 11:45:00 PM,98350
8/29/2014 11:00:00 AM,8/29/2014 3:00:00 PM,8/28/2014 11:45:00 AM,104896
8/29/2014 11:00:00 PM,8/30/2014 3:00:00 AM,8/28/2014 11:45:00 PM,90330
8/29/2014 12:00:00 AM,8/29/2014 4:00:00 AM,8/28/2014 5:45:00 AM,81204
8/29/2014 12:00:00 PM,8/29/2014 4:00:00 PM,8/28/2014 11:45:00 AM,108870
8/29/2014 1:00:00 AM,8/29/2014 5:00:00 AM,8/28/2014 5:45:00 AM,76352
8/29/2014 1:00:00 PM,8/29/2014 5:00:00 PM,8/28/2014 11:45:00 AM,112400
8/29/2014 2:00:00 AM,8/29/2014 6:00:00 AM,8/28/2014 5:45:00 AM,73240
8/29/2014 2:00:00 PM,8/29/2014 6:00:00 PM,8/28/2014 11:45:00 AM,114917
8/29/2014 3:00:00 AM,8/29/2014 7:00:00 AM,8/28/2014 5:45:00 AM,71515
8/29/2014 3:00:00 PM,8/29/2014 7:00:00 PM,8/28/2014 5:45:00 PM,117814
8/29/2014 4:00:00 AM,8/29/2014 8:00:00 AM,8/28/2014 5:45:00 AM,71668
8/29/2014 4:00:00 PM,8/29/2014 8:00:00 PM,8/28/2014 5:45:00 PM,118965
8/29/2014 5:00:00 AM,8/29/2014 9:00:00 AM,8/28/2014 5:45:00 AM,74803
8/29/2014 5:00:00 PM,8/29/2014 9:00:00 PM,8/28/2014 5:45:00 PM,118423
8/29/2014 6:00:00 AM,8/29/2014 10:00:00 AM,8/28/2014 5:45:00 AM,80409
8/29/2014 6:00:00 PM,8/29/2014 10:00:00 PM,8/28/2014 5:45:00 PM,115183
8/29/2014 7:00:00 AM,8/29/2014 11:00:00 AM,8/28/2014 5:45:00 AM,85537
8/29/2014 7:00:00 PM,8/29/2014 11:00:00 PM,8/28/2014 5:45:00 PM,110660
8/29/2014 8:00:00 AM,8/29/2014 12:00:00 PM,8/28/2014 9:45:00 AM,90977
8/29/2014 8:00:00 PM,8/30/2014 12:00:00 AM,8/28/2014 5:45:00 PM,108520
8/29/2014 9:00:00 AM,8/29/2014 1:00:00 PM,8/28/2014 9:45:00 AM,96081
8/29/2014 9:00:00 PM,8/30/2014 1:00:00 AM,8/28/2014 11:45:00 PM,105248
8/3/2014 10:00:00 AM,8/3/2014 2:00:00 PM,8/2/2014 9:45:00 AM,85112
8/3/2014 10:00:00 PM,8/4/2014 2:00:00 AM,8/2/2014 11:45:00 PM,92713
8/3/2014 11:00:00 AM,8/3/2014 3:00:00 PM,8/2/2014 11:45:00 AM,89881
8/3/2014 11:00:00 PM,8/4/2014 3:00:00 AM,8/2/2014 11:45:00 PM,85721
8/3/2014 12:00:00 AM,8/3/2014 4:00:00 AM,8/2/2014 5:45:00 AM,76480
8/3/2014 12:00:00 PM,8/3/2014 4:00:00 PM,8/2/2014 11:45:00 AM,93905
8/3/2014 1:00:00 AM,8/3/2014 5:00:00 AM,8/2/2014 5:45:00 AM,71974
8/3/2014 1:00:00 PM,8/3/2014 5:00:00 PM,8/2/2014 11:45:00 AM,97060
8/3/2014 2:00:00 AM,8/3/2014 6:00:00 AM,8/2/2014 5:45:00 AM,69002
8/3/2014 2:00:00 PM,8/3/2014 6:00:00 PM,8/2/2014 11:45:00 AM,99481
8/3/2014 3:00:00 AM,8/3/2014 7:00:00 AM,8/2/2014 5:45:00 AM,67054
8/3/2014 3:00:00 PM,8/3/2014 7:00:00 PM,8/2/2014 5:45:00 PM,99332
8/3/2014 4:00:00 AM,8/3/2014 8:00:00 AM,8/2/2014 5:45:00 AM,66104
8/3/2014 4:00:00 PM,8/3/2014 8:00:00 PM,8/2/2014 5:45:00 PM,101128
8/3/2014 5:00:00 AM,8/3/2014 9:00:00 AM,8/2/2014 5:45:00 AM,65930
8/3/2014 5:00:00 PM,8/3/2014 9:00:00 PM,8/2/2014 5:45:00 PM,102317
8/3/2014 6:00:00 AM,8/3/2014 10:00:00 AM,8/2/2014 5:45:00 AM,65736
8/3/2014 6:00:00 PM,8/3/2014 10:00:00 PM,8/2/2014 5:45:00 PM,101903
8/3/2014 7:00:00 AM,8/3/2014 11:00:00 AM,8/2/2014 5:45:00 AM,68130
8/3/2014 7:00:00 PM,8/3/2014 11:00:00 PM,8/2/2014 5:45:00 PM,99530
8/3/2014 8:00:00 AM,8/3/2014 12:00:00 PM,8/2/2014 9:45:00 AM,73877
8/3/2014 8:00:00 PM,8/4/2014 12:00:00 AM,8/2/2014 5:45:00 PM,98757
8/3/2014 9:00:00 AM,8/3/2014 1:00:00 PM,8/2/2014 9:45:00 AM,79839
8/3/2014 9:00:00 PM,8/4/2014 1:00:00 AM,8/2/2014 11:45:00 PM,97568
8/30/2014 10:00:00 AM,8/30/2014 2:00:00 PM,8/29/2014 9:45:00 AM,93718
8/30/2014 10:00:00 PM,8/31/2014 2:00:00 AM,8/29/2014 11:45:00 PM,98233
8/30/2014 11:00:00 AM,8/30/2014 3:00:00 PM,8/29/2014 11:45:00 AM,98942
8/30/2014 11:00:00 PM,8/31/2014 3:00:00 AM,8/29/2014 11:45:00 PM,90891
8/30/2014 12:00:00 AM,8/30/2014 4:00:00 AM,8/29/2014 5:45:00 AM,81234
8/30/2014 12:00:00 PM,8/30/2014 4:00:00 PM,8/29/2014 11:45:00 AM,103164
8/30/2014 1:00:00 AM,8/30/2014 5:00:00 AM,8/29/2014 5:45:00 AM,76244
8/30/2014 1:00:00 PM,8/30/2014 5:00:00 PM,8/29/2014 11:45:00 AM,106599
8/30/2014 2:00:00 AM,8/30/2014 6:00:00 AM,8/29/2014 5:45:00 AM,72982
8/30/2014 2:00:00 PM,8/30/2014 6:00:00 PM,8/29/2014 11:45:00 AM,109256
8/30/2014 3:00:00 AM,8/30/2014 7:00:00 AM,8/29/2014 5:45:00 AM,70842
8/30/2014 3:00:00 PM,8/30/2014 7:00:00 PM,8/29/2014 5:45:00 PM,111583
8/30/2014 4:00:00 AM,8/30/2014 8:00:00 AM,8/29/2014 5:45:00 AM,69976
8/30/2014 4:00:00 PM,8/30/2014 8:00:00 PM,8/29/2014 5:45:00 PM,113499
8/30/2014 5:00:00 AM,8/30/2014 9:00:00 AM,8/29/2014 5:45:00 AM,70590
8/30/2014 5:00:00 PM,8/30/2014 9:00:00 PM,8/29/2014 5:45:00 PM,114076
8/30/2014 6:00:00 AM,8/30/2014 10:00:00 AM,8/29/2014 5:45:00 AM,71956
8/30/2014 6:00:00 PM,8/30/2014 10:00:00 PM,8/29/2014 5:45:00 PM,112253
8/30/2014 7:00:00 AM,8/30/2014 11:00:00 AM,8/29/2014 5:45:00 AM,74802
8/30/2014 7:00:00 PM,8/30/2014 11:00:00 PM,8/29/2014 5:45:00 PM,108612
8/30/2014 8:00:00 AM,8/30/2014 12:00:00 PM,8/29/2014 9:45:00 AM,81055
8/30/2014 8:00:00 PM,8/31/2014 12:00:00 AM,8/29/2014 5:45:00 PM,106944
8/30/2014 9:00:00 AM,8/30/2014 1:00:00 PM,8/29/2014 9:45:00 AM,87666
8/30/2014 9:00:00 PM,8/31/2014 1:00:00 AM,8/29/2014 11:45:00 PM,104352
8/31/2014 10:00:00 AM,8/31/2014 2:00:00 PM,8/30/2014 9:45:00 AM,93571
8/31/2014 10:00:00 PM,9/1/2014 2:00:00 AM,8/30/2014 11:45:00 PM,101733
8/31/2014 11:00:00 AM,8/31/2014 3:00:00 PM,8/30/2014 11:45:00 AM,99380
8/31/2014 11:00:00 PM,9/1/2014 3:00:00 AM,8/30/2014 11:45:00 PM,93881
8/31/2014 12:00:00 AM,8/31/2014 4:00:00 AM,8/30/2014 5:45:00 AM,83341
8/31/2014 12:00:00 PM,8/31/2014 4:00:00 PM,8/30/2014 11:45:00 AM,104621
8/31/2014 1:00:00 AM,8/31/2014 5:00:00 AM,8/30/2014 5:45:00 AM,78382
8/31/2014 1:00:00 PM,8/31/2014 5:00:00 PM,8/30/2014 11:45:00 AM,108677
8/31/2014 2:00:00 AM,8/31/2014 6:00:00 AM,8/30/2014 5:45:00 AM,74987
8/31/2014 2:00:00 PM,8/31/2014 6:00:00 PM,8/30/2014 11:45:00 AM,111774
8/31/2014 3:00:00 AM,8/31/2014 7:00:00 AM,8/30/2014 5:45:00 AM,72719
8/31/2014 3:00:00 PM,8/31/2014 7:00:00 PM,8/30/2014 5:45:00 PM,112981
8/31/2014 4:00:00 AM,8/31/2014 8:00:00 AM,8/30/2014 5:45:00 AM,71474
8/31/2014 4:00:00 PM,8/31/2014 8:00:00 PM,8/30/2014 5:45:00 PM,114919
8/31/2014 5:00:00 AM,8/31/2014 9:00:00 AM,8/30/2014 5:45:00 AM,71497
8/31/2014 5:00:00 PM,8/31/2014 9:00:00 PM,8/30/2014 5:45:00 PM,115344
8/31/2014 6:00:00 AM,8/31/2014 10:00:00 AM,8/30/2014 5:45:00 AM,71963
8/31/2014 6:00:00 PM,8/31/2014 10:00:00 PM,8/30/2014 5:45:00 PM,114283
8/31/2014 7:00:00 AM,8/31/2014 11:00:00 AM,8/30/2014 5:45:00 AM,74091
8/31/2014 7:00:00 PM,8/31/2014 11:00:00 PM,8/30/2014 5:45:00 PM,111265
8/31/2014 8:00:00 AM,8/31/2014 12:00:00 PM,8/30/2014 9:45:00 AM,80080
8/31/2014 8:00:00 PM,9/1/2014 12:00:00 AM,8/30/2014 5:45:00 PM,110442
8/31/2014 9:00:00 AM,8/31/2014 1:00:00 PM,8/30/2014 9:45:00 AM,87101
8/31/2014 9:00:00 PM,9/1/2014 1:00:00 AM,8/30/2014 11:45:00 PM,108513
8/4/2014 10:00:00 AM,8/4/2014 2:00:00 PM,8/3/2014 9:45:00 AM,104432
8/4/2014 10:00:00 PM,8/5/2014 2:00:00 AM,8/3/2014 11:45:00 PM,103830
8/4/2014 11:00:00 AM,8/4/2014 3:00:00 PM,8/3/2014 11:45:00 AM,110102
8/4/2014 11:00:00 PM,8/5/2014 3:00:00 AM,8/3/2014 11:45:00 PM,94618
8/4/2014 12:00:00 AM,8/4/2014 4:00:00 AM,8/3/2014 5:45:00 AM,79489
8/4/2014 12:00:00 PM,8/4/2014 4:00:00 PM,8/3/2014 11:45:00 AM,114319
8/4/2014 1:00:00 AM,8/4/2014 5:00:00 AM,8/3/2014 5:45:00 AM,75035
8/4/2014 1:00:00 PM,8/4/2014 5:00:00 PM,8/3/2014 11:45:00 AM,118115
8/4/2014 2:00:00 AM,8/4/2014 6:00:00 AM,8/3/2014 5:45:00 AM,72377
8/4/2014 2:00:00 PM,8/4/2014 6:00:00 PM,8/3/2014 11:45:00 AM,120769
8/4/2014 3:00:00 AM,8/4/2014 7:00:00 AM,8/3/2014 5:45:00 AM,71091
8/4/2014 3:00:00 PM,8/4/2014 7:00:00 PM,8/3/2014 5:45:00 PM,122526
8/4/2014 4:00:00 AM,8/4/2014 8:00:00 AM,8/3/2014 5:45:00 AM,71585
8/4/2014 4:00:00 PM,8/4/2014 8:00:00 PM,8/3/2014 5:45:00 PM,124220
8/4/2014 5:00:00 AM,8/4/2014 9:00:00 AM,8/3/2014 5:45:00 AM,74991
8/4/2014 5:00:00 PM,8/4/2014 9:00:00 PM,8/3/2014 5:45:00 PM,124274
8/4/2014 6:00:00 AM,8/4/2014 10:00:00 AM,8/3/2014 5:45:00 AM,80541
8/4/2014 6:00:00 PM,8/4/2014 10:00:00 PM,8/3/2014 5:45:00 PM,121518
8/4/2014 7:00:00 AM,8/4/2014 11:00:00 AM,8/3/2014 5:45:00 AM,86820
8/4/2014 7:00:00 PM,8/4/2014 11:00:00 PM,8/3/2014 5:45:00 PM,117393
8/4/2014 8:00:00 AM,8/4/2014 12:00:00 PM,8/3/2014 9:45:00 AM,93611
8/4/2014 8:00:00 PM,8/5/2014 12:00:00 AM,8/3/2014 5:45:00 PM,115615
8/4/2014 9:00:00 AM,8/4/2014 1:00:00 PM,8/3/2014 9:45:00 AM,98837
8/4/2014 9:00:00 PM,8/5/2014 1:00:00 AM,8/3/2014 11:45:00 PM,111636
8/5/2014 10:00:00 AM,8/5/2014 2:00:00 PM,8/4/2014 9:45:00 AM,107727
8/5/2014 10:00:00 PM,8/6/2014 2:00:00 AM,8/4/2014 11:45:00 PM,105418
8/5/2014 11:00:00 AM,8/5/2014 3:00:00 PM,8/4/2014 11:45:00 AM,113427
8/5/2014 11:00:00 PM,8/6/2014 3:00:00 AM,8/4/2014 11:45:00 PM,95968
8/5/2014 12:00:00 AM,8/5/2014 4:00:00 AM,8/4/2014 5:45:00 AM,85649
8/5/2014 12:00:00 PM,8/5/2014 4:00:00 PM,8/4/2014 11:45:00 AM,118112
8/5/2014 1:00:00 AM,8/5/2014 5:00:00 AM,8/4/2014 5:45:00 AM,80322
8/5/2014 1:00:00 PM,8/5/2014 5:00:00 PM,8/4/2014 11:45:00 AM,122279
8/5/2014 2:00:00 AM,8/5/2014 6:00:00 AM,8/4/2014 5:45:00 AM,76856
8/5/2014 2:00:00 PM,8/5/2014 6:00:00 PM,8/4/2014 11:45:00 AM,125237
8/5/2014 3:00:00 AM,8/5/2014 7:00:00 AM,8/4/2014 5:45:00 AM,74858
8/5/2014 3:00:00 PM,8/5/2014 7:00:00 PM,8/4/2014 5:45:00 PM,127117
8/5/2014 4:00:00 AM,8/5/2014 8:00:00 AM,8/4/2014 5:45:00 AM,74895
8/5/2014 4:00:00 PM,8/5/2014 8:00:00 PM,8/4/2014 5:45:00 PM,128308
8/5/2014 5:00:00 AM,8/5/2014 9:00:00 AM,8/4/2014 5:45:00 AM,77994
8/5/2014 5:00:00 PM,8/5/2014 9:00:00 PM,8/4/2014 5:45:00 PM,127934
8/5/2014 6:00:00 AM,8/5/2014 10:00:00 AM,8/4/2014 5:45:00 AM,83559
8/5/2014 6:00:00 PM,8/5/2014 10:00:00 PM,8/4/2014 5:45:00 PM,124732
8/5/2014 7:00:00 AM,8/5/2014 11:00:00 AM,8/4/2014 5:45:00 AM,89589
8/5/2014 7:00:00 PM,8/5/2014 11:00:00 PM,8/4/2014 5:45:00 PM,119870
8/5/2014 8:00:00 AM,8/5/2014 12:00:00 PM,8/4/2014 9:45:00 AM,95461
8/5/2014 8:00:00 PM,8/6/2014 12:00:00 AM,8/4/2014 5:45:00 PM,116937
8/5/2014 9:00:00 AM,8/5/2014 1:00:00 PM,8/4/2014 9:45:00 AM,101600
8/5/2014 9:00:00 PM,8/6/2014 1:00:00 AM,8/4/2014 11:45:00 PM,113647
8/6/2014 10:00:00 AM,8/6/2014 2:00:00 PM,8/5/2014 9:45:00 AM,106879
8/6/2014 10:00:00 PM,8/7/2014 2:00:00 AM,8/5/2014 11:45:00 PM,100619
8/6/2014 11:00:00 AM,8/6/2014 3:00:00 PM,8/5/2014 11:45:00 AM,111017
8/6/2014 11:00:00 PM,8/7/2014 3:00:00 AM,8/5/2014 11:45:00 PM,91732
8/6/2014 12:00:00 AM,8/6/2014 4:00:00 AM,8/5/2014 5:45:00 AM,86990
8/6/2014 12:00:00 PM,8/6/2014 4:00:00 PM,8/5/2014 11:45:00 AM,114628
8/6/2014 1:00:00 AM,8/6/2014 5:00:00 AM,8/5/2014 5:45:00 AM,81558
8/6/2014 1:00:00 PM,8/6/2014 5:00:00 PM,8/5/2014 11:45:00 AM,117998
8/6/2014 2:00:00 AM,8/6/2014 6:00:00 AM,8/5/2014 5:45:00 AM,77953
8/6/2014 2:00:00 PM,8/6/2014 6:00:00 PM,8/5/2014 11:45:00 AM,120093
8/6/2014 3:00:00 AM,8/6/2014 7:00:00 AM,8/5/2014 5:45:00 AM,75859
8/6/2014 3:00:00 PM,8/6/2014 7:00:00 PM,8/5/2014 5:45:00 PM,121209
8/6/2014 4:00:00 AM,8/6/2014 8:00:00 AM,8/5/2014 5:45:00 AM,75796
8/6/2014 4:00:00 PM,8/6/2014 8:00:00 PM,8/5/2014 5:45:00 PM,121901
8/6/2014 5:00:00 AM,8/6/2014 9:00:00 AM,8/5/2014 5:45:00 AM,78893
8/6/2014 5:00:00 PM,8/6/2014 9:00:00 PM,8/5/2014 5:45:00 PM,121021
8/6/2014 6:00:00 AM,8/6/2014 10:00:00 AM,8/5/2014 5:45:00 AM,84247
8/6/2014 6:00:00 PM,8/6/2014 10:00:00 PM,8/5/2014 5:45:00 PM,117817
8/6/2014 7:00:00 AM,8/6/2014 11:00:00 AM,8/5/2014 5:45:00 AM,90051
8/6/2014 7:00:00 PM,8/6/2014 11:00:00 PM,8/5/2014 5:45:00 PM,113545
8/6/2014 8:00:00 AM,8/6/2014 12:00:00 PM,8/5/2014 9:45:00 AM,95899
8/6/2014 8:00:00 PM,8/7/2014 12:00:00 AM,8/5/2014 5:45:00 PM,111225
8/6/2014 9:00:00 AM,8/6/2014 1:00:00 PM,8/5/2014 9:45:00 AM,101505
8/6/2014 9:00:00 PM,8/7/2014 1:00:00 AM,8/5/2014 11:45:00 PM,108053
8/7/2014 10:00:00 AM,8/7/2014 2:00:00 PM,8/6/2014 9:45:00 AM,101123
8/7/2014 10:00:00 PM,8/8/2014 2:00:00 AM,8/6/2014 11:45:00 PM,97759
8/7/2014 11:00:00 AM,8/7/2014 3:00:00 PM,8/6/2014 11:45:00 AM,102800
8/7/2014 11:00:00 PM,8/8/2014 3:00:00 AM,8/6/2014 11:45:00 PM,89081
8/7/2014 12:00:00 AM,8/7/2014 4:00:00 AM,8/6/2014 5:45:00 AM,83177
8/7/2014 12:00:00 PM,8/7/2014 4:00:00 PM,8/6/2014 11:45:00 AM,106201
8/7/2014 1:00:00 AM,8/7/2014 5:00:00 AM,8/6/2014 5:45:00 AM,78031
8/7/2014 1:00:00 PM,8/7/2014 5:00:00 PM,8/6/2014 11:45:00 AM,109154
8/7/2014 2:00:00 AM,8/7/2014 6:00:00 AM,8/6/2014 5:45:00 AM,74772
8/7/2014 2:00:00 PM,8/7/2014 6:00:00 PM,8/6/2014 11:45:00 AM,111682
8/7/2014 3:00:00 AM,8/7/2014 7:00:00 AM,8/6/2014 5:45:00 AM,72954
8/7/2014 3:00:00 PM,8/7/2014 7:00:00 PM,8/6/2014 5:45:00 PM,113389
8/7/2014 4:00:00 AM,8/7/2014 8:00:00 AM,8/6/2014 5:45:00 AM,72988
8/7/2014 4:00:00 PM,8/7/2014 8:00:00 PM,8/6/2014 5:45:00 PM,114456
8/7/2014 5:00:00 AM,8/7/2014 9:00:00 AM,8/6/2014 5:45:00 AM,76050
8/7/2014 5:00:00 PM,8/7/2014 9:00:00 PM,8/6/2014 5:45:00 PM,114234
8/7/2014 6:00:00 AM,8/7/2014 10:00:00 AM,8/6/2014 5:45:00 AM,81252
8/7/2014 6:00:00 PM,8/7/2014 10:00:00 PM,8/6/2014 5:45:00 PM,111646
8/7/2014 7:00:00 AM,8/7/2014 11:00:00 AM,8/6/2014 5:45:00 AM,86983
8/7/2014 7:00:00 PM,8/7/2014 11:00:00 PM,8/6/2014 5:45:00 PM,107561
8/7/2014 8:00:00 AM,8/7/2014 12:00:00 PM,8/6/2014 9:45:00 AM,91462
8/7/2014 8:00:00 PM,8/8/2014 12:00:00 AM,8/6/2014 5:45:00 PM,104916
8/7/2014 9:00:00 AM,8/7/2014 1:00:00 PM,8/6/2014 9:45:00 AM,96418
8/7/2014 9:00:00 PM,8/8/2014 1:00:00 AM,8/6/2014 11:45:00 PM,105141
8/8/2014 10:00:00 AM,8/8/2014 2:00:00 PM,8/7/2014 9:45:00 AM,100909
8/8/2014 10:00:00 PM,8/9/2014 2:00:00 AM,8/7/2014 11:45:00 PM,96189
8/8/2014 11:00:00 AM,8/8/2014 3:00:00 PM,8/7/2014 11:45:00 AM,104881
8/8/2014 11:00:00 PM,8/9/2014 3:00:00 AM,8/7/2014 11:45:00 PM,88330
8/8/2014 12:00:00 AM,8/8/2014 4:00:00 AM,8/7/2014 5:45:00 AM,81830
8/8/2014 12:00:00 PM,8/8/2014 4:00:00 PM,8/7/2014 11:45:00 AM,108639
8/8/2014 1:00:00 AM,8/8/2014 5:00:00 AM,8/7/2014 5:45:00 AM,76801
8/8/2014 1:00:00 PM,8/8/2014 5:00:00 PM,8/7/2014 11:45:00 AM,111841
8/8/2014 2:00:00 AM,8/8/2014 6:00:00 AM,8/7/2014 5:45:00 AM,73575
8/8/2014 2:00:00 PM,8/8/2014 6:00:00 PM,8/7/2014 11:45:00 AM,114215
8/8/2014 3:00:00 AM,8/8/2014 7:00:00 AM,8/7/2014 5:45:00 AM,71780
8/8/2014 3:00:00 PM,8/8/2014 7:00:00 PM,8/7/2014 5:45:00 PM,115684
8/8/2014 4:00:00 AM,8/8/2014 8:00:00 AM,8/7/2014 5:45:00 AM,71842
8/8/2014 4:00:00 PM,8/8/2014 8:00:00 PM,8/7/2014 5:45:00 PM,116084
8/8/2014 5:00:00 AM,8/8/2014 9:00:00 AM,8/7/2014 5:45:00 AM,74664
8/8/2014 5:00:00 PM,8/8/2014 9:00:00 PM,8/7/2014 5:45:00 PM,115255
8/8/2014 6:00:00 AM,8/8/2014 10:00:00 AM,8/7/2014 5:45:00 AM,79552
8/8/2014 6:00:00 PM,8/8/2014 10:00:00 PM,8/7/2014 5:45:00 PM,111999
8/8/2014 7:00:00 AM,8/8/2014 11:00:00 AM,8/7/2014 5:45:00 AM,85235
8/8/2014 7:00:00 PM,8/8/2014 11:00:00 PM,8/7/2014 5:45:00 PM,106981
8/8/2014 8:00:00 AM,8/8/2014 12:00:00 PM,8/7/2014 9:45:00 AM,91177
8/8/2014 8:00:00 PM,8/9/2014 12:00:00 AM,8/7/2014 5:45:00 PM,103712
8/8/2014 9:00:00 AM,8/8/2014 1:00:00 PM,8/7/2014 9:45:00 AM,96114
8/8/2014 9:00:00 PM,8/9/2014 1:00:00 AM,8/7/2014 11:45:00 PM,102205
8/9/2014 10:00:00 AM,8/9/2014 2:00:00 PM,8/8/2014 9:45:00 AM,91379
8/9/2014 10:00:00 PM,8/10/2014 2:00:00 AM,8/8/2014 11:45:00 PM,91786
8/9/2014 11:00:00 AM,8/9/2014 3:00:00 PM,8/8/2014 11:45:00 AM,94920
8/9/2014 11:00:00 PM,8/10/2014 3:00:00 AM,8/8/2014 11:45:00 PM,85147
8/9/2014 12:00:00 AM,8/9/2014 4:00:00 AM,8/8/2014 5:45:00 AM,80875
8/9/2014 12:00:00 PM,8/9/2014 4:00:00 PM,8/8/2014 11:45:00 AM,98078
8/9/2014 1:00:00 AM,8/9/2014 5:00:00 AM,8/8/2014 5:45:00 AM,75752
8/9/2014 1:00:00 PM,8/9/2014 5:00:00 PM,8/8/2014 11:45:00 AM,100498
8/9/2014 2:00:00 AM,8/9/2014 6:00:00 AM,8/8/2014 5:45:00 AM,72397
8/9/2014 2:00:00 PM,8/9/2014 6:00:00 PM,8/8/2014 11:45:00 AM,102368
8/9/2014 3:00:00 AM,8/9/2014 7:00:00 AM,8/8/2014 5:45:00 AM,70217
8/9/2014 3:00:00 PM,8/9/2014 7:00:00 PM,8/8/2014 5:45:00 PM,103947
8/9/2014 4:00:00 AM,8/9/2014 8:00:00 AM,8/8/2014 5:45:00 AM,69281
8/9/2014 4:00:00 PM,8/9/2014 8:00:00 PM,8/8/2014 5:45:00 PM,105199
8/9/2014 5:00:00 AM,8/9/2014 9:00:00 AM,8/8/2014 5:45:00 AM,69588
8/9/2014 5:00:00 PM,8/9/2014 9:00:00 PM,8/8/2014 5:45:00 PM,105350
8/9/2014 6:00:00 AM,8/9/2014 10:00:00 AM,8/8/2014 5:45:00 AM,70217
8/9/2014 6:00:00 PM,8/9/2014 10:00:00 PM,8/8/2014 5:45:00 PM,103526
8/9/2014 7:00:00 AM,8/9/2014 11:00:00 AM,8/8/2014 5:45:00 AM,73469
8/9/2014 7:00:00 PM,8/9/2014 11:00:00 PM,8/8/2014 5:45:00 PM,100381
8/9/2014 8:00:00 AM,8/9/2014 12:00:00 PM,8/8/2014 9:45:00 AM,79804
8/9/2014 8:00:00 PM,8/10/2014 12:00:00 AM,8/8/2014 5:45:00 PM,98076
8/9/2014 9:00:00 AM,8/9/2014 1:00:00 PM,8/8/2014 9:45:00 AM,85962
8/9/2014 9:00:00 PM,8/10/2014 1:00:00 AM,8/8/2014 11:45:00 PM,96707
9/1/2014 10:00:00 AM,9/1/2014 2:00:00 PM,8/31/2014 9:45:00 AM,98775
9/1/2014 10:00:00 PM,9/2/2014 2:00:00 AM,8/31/2014 11:45:00 PM,105630
9/1/2014 11:00:00 AM,9/1/2014 3:00:00 PM,8/31/2014 11:45:00 AM,105176
9/1/2014 11:00:00 PM,9/2/2014 3:00:00 AM,8/31/2014 11:45:00 PM,97466
9/1/2014 12:00:00 AM,9/1/2014 4:00:00 AM,8/31/2014 5:45:00 AM,87162
9/1/2014 12:00:00 PM,9/1/2014 4:00:00 PM,8/31/2014 11:45:00 AM,110757
9/1/2014 1:00:00 AM,9/1/2014 5:00:00 AM,8/31/2014 5:45:00 AM,82032
9/1/2014 1:00:00 PM,9/1/2014 5:00:00 PM,8/31/2014 11:45:00 AM,115166
9/1/2014 2:00:00 AM,9/1/2014 6:00:00 AM,8/31/2014 5:45:00 AM,78431
9/1/2014 2:00:00 PM,9/1/2014 6:00:00 PM,8/31/2014 11:45:00 AM,118242
9/1/2014 3:00:00 AM,9/1/2014 7:00:00 AM,8/31/2014 5:45:00 AM,75991
9/1/2014 3:00:00 PM,9/1/2014 7:00:00 PM,8/31/2014 5:45:00 PM,120430
9/1/2014 4:00:00 AM,9/1/2014 8:00:00 AM,8/31/2014 5:45:00 AM,74779
9/1/2014 4:00:00 PM,9/1/2014 8:00:00 PM,8/31/2014 5:45:00 PM,122143
9/1/2014 5:00:00 AM,9/1/2014 9:00:00 AM,8/31/2014 5:45:00 AM,74768
9/1/2014 5:00:00 PM,9/1/2014 9:00:00 PM,8/31/2014 5:45:00 PM,122710
9/1/2014 6:00:00 AM,9/1/2014 10:00:00 AM,8/31/2014 5:45:00 AM,75114
9/1/2014 6:00:00 PM,9/1/2014 10:00:00 PM,8/31/2014 5:45:00 PM,120677
9/1/2014 7:00:00 AM,9/1/2014 11:00:00 AM,8/31/2014 5:45:00 AM,77150
9/1/2014 7:00:00 PM,9/1/2014 11:00:00 PM,8/31/2014 5:45:00 PM,117219
9/1/2014 8:00:00 AM,9/1/2014 12:00:00 PM,8/31/2014 9:45:00 AM,84434
9/1/2014 8:00:00 PM,9/2/2014 12:00:00 AM,8/31/2014 5:45:00 PM,116183
9/1/2014 9:00:00 AM,9/1/2014 1:00:00 PM,8/31/2014 9:45:00 AM,91776
9/1/2014 9:00:00 PM,9/2/2014 1:00:00 AM,8/31/2014 11:45:00 PM,112820
9/10/2014 10:00:00 AM,9/10/2014 2:00:00 PM,9/9/2014 9:45:00 AM,99667
9/10/2014 10:00:00 PM,9/11/2014 2:00:00 AM,9/9/2014 11:45:00 PM,98783
9/10/2014 11:00:00 AM,9/10/2014 3:00:00 PM,9/9/2014 11:45:00 AM,104921
9/10/2014 11:00:00 PM,9/11/2014 3:00:00 AM,9/9/2014 11:45:00 PM,90068
9/10/2014 12:00:00 AM,9/10/2014 4:00:00 AM,9/9/2014 5:45:00 AM,78723
9/10/2014 12:00:00 PM,9/10/2014 4:00:00 PM,9/9/2014 11:45:00 AM,108424
9/10/2014 1:00:00 AM,9/10/2014 5:00:00 AM,9/9/2014 5:45:00 AM,74436
9/10/2014 1:00:00 PM,9/10/2014 5:00:00 PM,9/9/2014 11:45:00 AM,111722
9/10/2014 2:00:00 AM,9/10/2014 6:00:00 AM,9/9/2014 5:45:00 AM,71819
9/10/2014 2:00:00 PM,9/10/2014 6:00:00 PM,9/9/2014 11:45:00 AM,114099
9/10/2014 3:00:00 AM,9/10/2014 7:00:00 AM,9/9/2014 5:45:00 AM,70504
9/10/2014 3:00:00 PM,9/10/2014 7:00:00 PM,9/9/2014 5:45:00 PM,114987
9/10/2014 4:00:00 AM,9/10/2014 8:00:00 AM,9/9/2014 5:45:00 AM,70992
9/10/2014 4:00:00 PM,9/10/2014 8:00:00 PM,9/9/2014 5:45:00 PM,116263
9/10/2014 5:00:00 AM,9/10/2014 9:00:00 AM,9/9/2014 5:45:00 AM,74921
9/10/2014 5:00:00 PM,9/10/2014 9:00:00 PM,9/9/2014 5:45:00 PM,116253
9/10/2014 6:00:00 AM,9/10/2014 10:00:00 AM,9/9/2014 5:45:00 AM,82014
9/10/2014 6:00:00 PM,9/10/2014 10:00:00 PM,9/9/2014 5:45:00 PM,113946
9/10/2014 7:00:00 AM,9/10/2014 11:00:00 AM,9/9/2014 5:45:00 AM,87284
9/10/2014 7:00:00 PM,9/10/2014 11:00:00 PM,9/9/2014 5:45:00 PM,111066
9/10/2014 8:00:00 AM,9/10/2014 12:00:00 PM,9/9/2014 9:45:00 AM,91428
9/10/2014 8:00:00 PM,9/11/2014 12:00:00 AM,9/9/2014 5:45:00 PM,110511
9/10/2014 9:00:00 AM,9/10/2014 1:00:00 PM,9/9/2014 9:45:00 AM,95471
9/10/2014 9:00:00 PM,9/11/2014 1:00:00 AM,9/9/2014 11:45:00 PM,107960
9/11/2014 10:00:00 AM,9/11/2014 2:00:00 PM,9/10/2014 9:45:00 AM,102609
9/11/2014 10:00:00 PM,9/12/2014 2:00:00 AM,9/10/2014 11:45:00 PM,98140
9/11/2014 11:00:00 AM,9/11/2014 3:00:00 PM,9/10/2014 11:45:00 AM,107081
9/11/2014 11:00:00 PM,9/12/2014 3:00:00 AM,9/10/2014 11:45:00 PM,89694
9/11/2014 12:00:00 AM,9/11/2014 4:00:00 AM,9/10/2014 5:45:00 AM,82609
9/11/2014 12:00:00 PM,9/11/2014 4:00:00 PM,9/10/2014 11:45:00 AM,110263
9/11/2014 1:00:00 AM,9/11/2014 5:00:00 AM,9/10/2014 5:45:00 AM,77875
9/11/2014 1:00:00 PM,9/11/2014 5:00:00 PM,9/10/2014 11:45:00 AM,113169
9/11/2014 2:00:00 AM,9/11/2014 6:00:00 AM,9/10/2014 5:45:00 AM,74908
9/11/2014 2:00:00 PM,9/11/2014 6:00:00 PM,9/10/2014 11:45:00 AM,115051
9/11/2014 3:00:00 AM,9/11/2014 7:00:00 AM,9/10/2014 5:45:00 AM,73316
9/11/2014 3:00:00 PM,9/11/2014 7:00:00 PM,9/10/2014 5:45:00 PM,115296
9/11/2014 4:00:00 AM,9/11/2014 8:00:00 AM,9/10/2014 5:45:00 AM,73577
9/11/2014 4:00:00 PM,9/11/2014 8:00:00 PM,9/10/2014 5:45:00 PM,115844
9/11/2014 5:00:00 AM,9/11/2014 9:00:00 AM,9/10/2014 5:45:00 AM,77297
9/11/2014 5:00:00 PM,9/11/2014 9:00:00 PM,9/10/2014 5:45:00 PM,115283
9/11/2014 6:00:00 AM,9/11/2014 10:00:00 AM,9/10/2014 5:45:00 AM,84249
9/11/2014 6:00:00 PM,9/11/2014 10:00:00 PM,9/10/2014 5:45:00 PM,113277
9/11/2014 7:00:00 AM,9/11/2014 11:00:00 AM,9/10/2014 5:45:00 AM,89472
9/11/2014 7:00:00 PM,9/11/2014 11:00:00 PM,9/10/2014 5:45:00 PM,110903
9/11/2014 8:00:00 AM,9/11/2014 12:00:00 PM,9/10/2014 9:45:00 AM,93974
9/11/2014 8:00:00 PM,9/12/2014 12:00:00 AM,9/10/2014 5:45:00 PM,111186
9/11/2014 9:00:00 AM,9/11/2014 1:00:00 PM,9/10/2014 9:45:00 AM,98326
9/11/2014 9:00:00 PM,9/12/2014 1:00:00 AM,9/10/2014 11:45:00 PM,106083
9/12/2014 10:00:00 AM,9/12/2014 2:00:00 PM,9/11/2014 9:45:00 AM,94482
9/12/2014 10:00:00 PM,9/13/2014 2:00:00 AM,9/11/2014 11:45:00 PM,83831
9/12/2014 11:00:00 AM,9/12/2014 3:00:00 PM,9/11/2014 11:45:00 AM,94900
9/12/2014 11:00:00 PM,9/13/2014 3:00:00 AM,9/11/2014 11:45:00 PM,77396
9/12/2014 12:00:00 AM,9/12/2014 4:00:00 AM,9/11/2014 5:45:00 AM,78695
9/12/2014 12:00:00 PM,9/12/2014 4:00:00 PM,9/11/2014 11:45:00 AM,96078
9/12/2014 1:00:00 AM,9/12/2014 5:00:00 AM,9/11/2014 5:45:00 AM,74404
9/12/2014 1:00:00 PM,9/12/2014 5:00:00 PM,9/11/2014 11:45:00 AM,97166
9/12/2014 2:00:00 AM,9/12/2014 6:00:00 AM,9/11/2014 5:45:00 AM,71691
9/12/2014 2:00:00 PM,9/12/2014 6:00:00 PM,9/11/2014 11:45:00 AM,97709
9/12/2014 3:00:00 AM,9/12/2014 7:00:00 AM,9/11/2014 5:45:00 AM,70226
9/12/2014 3:00:00 PM,9/12/2014 7:00:00 PM,9/11/2014 5:45:00 PM,96998
9/12/2014 4:00:00 AM,9/12/2014 8:00:00 AM,9/11/2014 5:45:00 AM,70610
9/12/2014 4:00:00 PM,9/12/2014 8:00:00 PM,9/11/2014 5:45:00 PM,96905
9/12/2014 5:00:00 AM,9/12/2014 9:00:00 AM,9/11/2014 5:45:00 AM,74128
9/12/2014 5:00:00 PM,9/12/2014 9:00:00 PM,9/11/2014 5:45:00 PM,95817
9/12/2014 6:00:00 AM,9/12/2014 10:00:00 AM,9/11/2014 5:45:00 AM,80715
9/12/2014 6:00:00 PM,9/12/2014 10:00:00 PM,9/11/2014 5:45:00 PM,94034
9/12/2014 7:00:00 AM,9/12/2014 11:00:00 AM,9/11/2014 5:45:00 AM,85425
9/12/2014 7:00:00 PM,9/12/2014 11:00:00 PM,9/11/2014 5:45:00 PM,92194
9/12/2014 8:00:00 AM,9/12/2014 12:00:00 PM,9/11/2014 9:45:00 AM,88935
9/12/2014 8:00:00 PM,9/13/2014 12:00:00 AM,9/11/2014 5:45:00 PM,93250
9/12/2014 9:00:00 AM,9/12/2014 1:00:00 PM,9/11/2014 9:45:00 AM,91878
9/12/2014 9:00:00 PM,9/13/2014 1:00:00 AM,9/11/2014 11:45:00 PM,89442
9/13/2014 10:00:00 AM,9/13/2014 2:00:00 PM,9/12/2014 9:45:00 AM,81677
9/13/2014 10:00:00 PM,9/14/2014 2:00:00 AM,9/12/2014 11:45:00 PM,78763
9/13/2014 11:00:00 AM,9/13/2014 3:00:00 PM,9/12/2014 11:45:00 AM,83114
9/13/2014 11:00:00 PM,9/14/2014 3:00:00 AM,9/12/2014 11:45:00 PM,73581
9/13/2014 12:00:00 AM,9/13/2014 4:00:00 AM,9/12/2014 5:45:00 AM,72504
9/13/2014 12:00:00 PM,9/13/2014 4:00:00 PM,9/12/2014 11:45:00 AM,83780
9/13/2014 1:00:00 AM,9/13/2014 5:00:00 AM,9/12/2014 5:45:00 AM,68793
9/13/2014 1:00:00 PM,9/13/2014 5:00:00 PM,9/12/2014 11:45:00 AM,83967
9/13/2014 2:00:00 AM,9/13/2014 6:00:00 AM,9/12/2014 5:45:00 AM,66477
9/13/2014 2:00:00 PM,9/13/2014 6:00:00 PM,9/12/2014 11:45:00 AM,83968
9/13/2014 3:00:00 AM,9/13/2014 7:00:00 AM,9/12/2014 5:45:00 AM,65165
9/13/2014 3:00:00 PM,9/13/2014 7:00:00 PM,9/12/2014 5:45:00 PM,83898
9/13/2014 4:00:00 AM,9/13/2014 8:00:00 AM,9/12/2014 5:45:00 AM,64842
9/13/2014 4:00:00 PM,9/13/2014 8:00:00 PM,9/12/2014 5:45:00 PM,84163
9/13/2014 5:00:00 AM,9/13/2014 9:00:00 AM,9/12/2014 5:45:00 AM,65919
9/13/2014 5:00:00 PM,9/13/2014 9:00:00 PM,9/12/2014 5:45:00 PM,84255
9/13/2014 6:00:00 AM,9/13/2014 10:00:00 AM,9/12/2014 5:45:00 AM,67833
9/13/2014 6:00:00 PM,9/13/2014 10:00:00 PM,9/12/2014 5:45:00 PM,83551
9/13/2014 7:00:00 AM,9/13/2014 11:00:00 AM,9/12/2014 5:45:00 AM,70488
9/13/2014 7:00:00 PM,9/13/2014 11:00:00 PM,9/12/2014 5:45:00 PM,83271
9/13/2014 8:00:00 AM,9/13/2014 12:00:00 PM,9/12/2014 9:45:00 AM,74942
9/13/2014 8:00:00 PM,9/14/2014 12:00:00 AM,9/12/2014 5:45:00 PM,84132
9/13/2014 9:00:00 AM,9/13/2014 1:00:00 PM,9/12/2014 9:45:00 AM,78968
9/13/2014 9:00:00 PM,9/14/2014 1:00:00 AM,9/12/2014 11:45:00 PM,82934
9/14/2014 10:00:00 AM,9/14/2014 2:00:00 PM,9/13/2014 9:45:00 AM,73217
9/14/2014 10:00:00 PM,9/15/2014 2:00:00 AM,9/13/2014 11:45:00 PM,76541
9/14/2014 11:00:00 AM,9/14/2014 3:00:00 PM,9/13/2014 11:45:00 AM,74941
9/14/2014 11:00:00 PM,9/15/2014 3:00:00 AM,9/13/2014 11:45:00 PM,71050
9/14/2014 12:00:00 AM,9/14/2014 4:00:00 AM,9/13/2014 5:45:00 AM,67514
9/14/2014 12:00:00 PM,9/14/2014 4:00:00 PM,9/13/2014 11:45:00 AM,76092
9/14/2014 1:00:00 AM,9/14/2014 5:00:00 AM,9/13/2014 5:45:00 AM,64301
9/14/2014 1:00:00 PM,9/14/2014 5:00:00 PM,9/13/2014 11:45:00 AM,76745
9/14/2014 2:00:00 AM,9/14/2014 6:00:00 AM,9/13/2014 5:45:00 AM,62283
9/14/2014 2:00:00 PM,9/14/2014 6:00:00 PM,9/13/2014 11:45:00 AM,77282
9/14/2014 3:00:00 AM,9/14/2014 7:00:00 AM,9/13/2014 5:45:00 AM,61128
9/14/2014 3:00:00 PM,9/14/2014 7:00:00 PM,9/13/2014 5:45:00 PM,77178
9/14/2014 4:00:00 AM,9/14/2014 8:00:00 AM,9/13/2014 5:45:00 AM,60802
9/14/2014 4:00:00 PM,9/14/2014 8:00:00 PM,9/13/2014 5:45:00 PM,78053
9/14/2014 5:00:00 AM,9/14/2014 9:00:00 AM,9/13/2014 5:45:00 AM,61399
9/14/2014 5:00:00 PM,9/14/2014 9:00:00 PM,9/13/2014 5:45:00 PM,79210
9/14/2014 6:00:00 AM,9/14/2014 10:00:00 AM,9/13/2014 5:45:00 AM,62467
9/14/2014 6:00:00 PM,9/14/2014 10:00:00 PM,9/13/2014 5:45:00 PM,79296
9/14/2014 7:00:00 AM,9/14/2014 11:00:00 AM,9/13/2014 5:45:00 AM,64318
9/14/2014 7:00:00 PM,9/14/2014 11:00:00 PM,9/13/2014 5:45:00 PM,81103
9/14/2014 8:00:00 AM,9/14/2014 12:00:00 PM,9/13/2014 9:45:00 AM,67434
9/14/2014 8:00:00 PM,9/15/2014 12:00:00 AM,9/13/2014 5:45:00 PM,83651
9/14/2014 9:00:00 AM,9/14/2014 1:00:00 PM,9/13/2014 9:45:00 AM,70924
9/14/2014 9:00:00 PM,9/15/2014 1:00:00 AM,9/13/2014 11:45:00 PM,81487
9/15/2014 10:00:00 AM,9/15/2014 2:00:00 PM,9/14/2014 9:45:00 AM,88062
9/15/2014 10:00:00 PM,9/16/2014 2:00:00 AM,9/14/2014 11:45:00 PM,83111
9/15/2014 11:00:00 AM,9/15/2014 3:00:00 PM,9/14/2014 11:45:00 AM,89500
9/15/2014 11:00:00 PM,9/16/2014 3:00:00 AM,9/14/2014 11:45:00 PM,75986
9/15/2014 12:00:00 AM,9/15/2014 4:00:00 AM,9/14/2014 5:45:00 AM,66812
9/15/2014 12:00:00 PM,9/15/2014 4:00:00 PM,9/14/2014 11:45:00 AM,90728
9/15/2014 1:00:00 AM,9/15/2014 5:00:00 AM,9/14/2014 5:45:00 AM,64189
9/15/2014 1:00:00 PM,9/15/2014 5:00:00 PM,9/14/2014 11:45:00 AM,91950
9/15/2014 2:00:00 AM,9/15/2014 6:00:00 AM,9/14/2014 5:45:00 AM,62884
9/15/2014 2:00:00 PM,9/15/2014 6:00:00 PM,9/14/2014 11:45:00 AM,92636
9/15/2014 3:00:00 AM,9/15/2014 7:00:00 AM,9/14/2014 5:45:00 AM,62552
9/15/2014 3:00:00 PM,9/15/2014 7:00:00 PM,9/14/2014 5:45:00 PM,92968
9/15/2014 4:00:00 AM,9/15/2014 8:00:00 AM,9/14/2014 5:45:00 AM,63822
9/15/2014 4:00:00 PM,9/15/2014 8:00:00 PM,9/14/2014 5:45:00 PM,93348
9/15/2014 5:00:00 AM,9/15/2014 9:00:00 AM,9/14/2014 5:45:00 AM,68228
9/15/2014 5:00:00 PM,9/15/2014 9:00:00 PM,9/14/2014 5:45:00 PM,93446
9/15/2014 6:00:00 AM,9/15/2014 10:00:00 AM,9/14/2014 5:45:00 AM,75839
9/15/2014 6:00:00 PM,9/15/2014 10:00:00 PM,9/14/2014 5:45:00 PM,91884
9/15/2014 7:00:00 AM,9/15/2014 11:00:00 AM,9/14/2014 5:45:00 AM,81061
9/15/2014 7:00:00 PM,9/15/2014 11:00:00 PM,9/14/2014 5:45:00 PM,92632
9/15/2014 8:00:00 AM,9/15/2014 12:00:00 PM,9/14/2014 9:45:00 AM,83845
9/15/2014 8:00:00 PM,9/16/2014 12:00:00 AM,9/14/2014 5:45:00 PM,93433
9/15/2014 9:00:00 AM,9/15/2014 1:00:00 PM,9/14/2014 9:45:00 AM,85960
9/15/2014 9:00:00 PM,9/16/2014 1:00:00 AM,9/14/2014 11:45:00 PM,89879
9/16/2014 10:00:00 AM,9/16/2014 2:00:00 PM,9/15/2014 9:45:00 AM,89471
9/16/2014 10:00:00 PM,9/17/2014 2:00:00 AM,9/15/2014 11:45:00 PM,83590
9/16/2014 11:00:00 AM,9/16/2014 3:00:00 PM,9/15/2014 11:45:00 AM,90101
9/16/2014 11:00:00 PM,9/17/2014 3:00:00 AM,9/15/2014 11:45:00 PM,76509
9/16/2014 12:00:00 AM,9/16/2014 4:00:00 AM,9/15/2014 5:45:00 AM,70655
9/16/2014 12:00:00 PM,9/16/2014 4:00:00 PM,9/15/2014 11:45:00 AM,91050
9/16/2014 1:00:00 AM,9/16/2014 5:00:00 AM,9/15/2014 5:45:00 AM,67469
9/16/2014 1:00:00 PM,9/16/2014 5:00:00 PM,9/15/2014 11:45:00 AM,92047
9/16/2014 2:00:00 AM,9/16/2014 6:00:00 AM,9/15/2014 5:45:00 AM,65647
9/16/2014 2:00:00 PM,9/16/2014 6:00:00 PM,9/15/2014 11:45:00 AM,92734
9/16/2014 3:00:00 AM,9/16/2014 7:00:00 AM,9/15/2014 5:45:00 AM,64912
9/16/2014 3:00:00 PM,9/16/2014 7:00:00 PM,9/15/2014 5:45:00 PM,93037
9/16/2014 4:00:00 AM,9/16/2014 8:00:00 AM,9/15/2014 5:45:00 AM,65883
9/16/2014 4:00:00 PM,9/16/2014 8:00:00 PM,9/15/2014 5:45:00 PM,93317
9/16/2014 5:00:00 AM,9/16/2014 9:00:00 AM,9/15/2014 5:45:00 AM,70114
9/16/2014 5:00:00 PM,9/16/2014 9:00:00 PM,9/15/2014 5:45:00 PM,93461
9/16/2014 6:00:00 AM,9/16/2014 10:00:00 AM,9/15/2014 5:45:00 AM,78039
9/16/2014 6:00:00 PM,9/16/2014 10:00:00 PM,9/15/2014 5:45:00 PM,91727
9/16/2014 7:00:00 AM,9/16/2014 11:00:00 AM,9/15/2014 5:45:00 AM,83553
9/16/2014 7:00:00 PM,9/16/2014 11:00:00 PM,9/15/2014 5:45:00 PM,93481
9/16/2014 8:00:00 AM,9/16/2014 12:00:00 PM,9/15/2014 9:45:00 AM,85568
9/16/2014 8:00:00 PM,9/17/2014 12:00:00 AM,9/15/2014 5:45:00 PM,93856
9/16/2014 9:00:00 AM,9/16/2014 1:00:00 PM,9/15/2014 9:45:00 AM,87452
9/16/2014 9:00:00 PM,9/17/2014 1:00:00 AM,9/15/2014 11:45:00 PM,90276
9/17/2014 10:00:00 AM,9/17/2014 2:00:00 PM,9/16/2014 9:45:00 AM,88578
9/17/2014 10:00:00 PM,9/18/2014 2:00:00 AM,9/16/2014 11:45:00 PM,83187
9/17/2014 11:00:00 AM,9/17/2014 3:00:00 PM,9/16/2014 11:45:00 AM,90333
9/17/2014 11:00:00 PM,9/18/2014 3:00:00 AM,9/16/2014 11:45:00 PM,76198
9/17/2014 12:00:00 AM,9/17/2014 4:00:00 AM,9/16/2014 5:45:00 AM,70458
9/17/2014 12:00:00 PM,9/17/2014 4:00:00 PM,9/16/2014 11:45:00 AM,91303
9/17/2014 1:00:00 AM,9/17/2014 5:00:00 AM,9/16/2014 5:45:00 AM,67189
9/17/2014 1:00:00 PM,9/17/2014 5:00:00 PM,9/16/2014 11:45:00 AM,92345
9/17/2014 2:00:00 AM,9/17/2014 6:00:00 AM,9/16/2014 5:45:00 AM,65363
9/17/2014 2:00:00 PM,9/17/2014 6:00:00 PM,9/16/2014 11:45:00 AM,92852
9/17/2014 3:00:00 AM,9/17/2014 7:00:00 AM,9/16/2014 5:45:00 AM,64584
9/17/2014 3:00:00 PM,9/17/2014 7:00:00 PM,9/16/2014 5:45:00 PM,92921
9/17/2014 4:00:00 AM,9/17/2014 8:00:00 AM,9/16/2014 5:45:00 AM,65489
9/17/2014 4:00:00 PM,9/17/2014 8:00:00 PM,9/16/2014 5:45:00 PM,93359
9/17/2014 5:00:00 AM,9/17/2014 9:00:00 AM,9/16/2014 5:45:00 AM,69740
9/17/2014 5:00:00 PM,9/17/2014 9:00:00 PM,9/16/2014 5:45:00 PM,93225
9/17/2014 6:00:00 AM,9/17/2014 10:00:00 AM,9/16/2014 5:45:00 AM,77486
9/17/2014 6:00:00 PM,9/17/2014 10:00:00 PM,9/16/2014 5:45:00 PM,91709
9/17/2014 7:00:00 AM,9/17/2014 11:00:00 AM,9/16/2014 5:45:00 AM,82620
9/17/2014 7:00:00 PM,9/17/2014 11:00:00 PM,9/16/2014 5:45:00 PM,92848
9/17/2014 8:00:00 AM,9/17/2014 12:00:00 PM,9/16/2014 9:45:00 AM,84972
9/17/2014 8:00:00 PM,9/18/2014 12:00:00 AM,9/16/2014 5:45:00 PM,93461
9/17/2014 9:00:00 AM,9/17/2014 1:00:00 PM,9/16/2014 9:45:00 AM,86685
9/17/2014 9:00:00 PM,9/18/2014 1:00:00 AM,9/16/2014 11:45:00 PM,89768
9/18/2014 10:00:00 AM,9/18/2014 2:00:00 PM,9/17/2014 9:45:00 AM,89117
9/18/2014 10:00:00 PM,9/19/2014 2:00:00 AM,9/17/2014 11:45:00 PM,81863
9/18/2014 11:00:00 AM,9/18/2014 3:00:00 PM,9/17/2014 11:45:00 AM,89395
9/18/2014 11:00:00 PM,9/19/2014 3:00:00 AM,9/17/2014 11:45:00 PM,74794
9/18/2014 12:00:00 AM,9/18/2014 4:00:00 AM,9/17/2014 5:45:00 AM,70534
9/18/2014 12:00:00 PM,9/18/2014 4:00:00 PM,9/17/2014 11:45:00 AM,90264
9/18/2014 1:00:00 AM,9/18/2014 5:00:00 AM,9/17/2014 5:45:00 AM,67274
9/18/2014 1:00:00 PM,9/18/2014 5:00:00 PM,9/17/2014 11:45:00 AM,91316
9/18/2014 2:00:00 AM,9/18/2014 6:00:00 AM,9/17/2014 5:45:00 AM,65420
9/18/2014 2:00:00 PM,9/18/2014 6:00:00 PM,9/17/2014 11:45:00 AM,91831
9/18/2014 3:00:00 AM,9/18/2014 7:00:00 AM,9/17/2014 5:45:00 AM,64685
9/18/2014 3:00:00 PM,9/18/2014 7:00:00 PM,9/17/2014 5:45:00 PM,92034
9/18/2014 4:00:00 AM,9/18/2014 8:00:00 AM,9/17/2014 5:45:00 AM,65618
9/18/2014 4:00:00 PM,9/18/2014 8:00:00 PM,9/17/2014 5:45:00 PM,92294
9/18/2014 5:00:00 AM,9/18/2014 9:00:00 AM,9/17/2014 5:45:00 AM,69824
9/18/2014 5:00:00 PM,9/18/2014 9:00:00 PM,9/17/2014 5:45:00 PM,91965
9/18/2014 6:00:00 AM,9/18/2014 10:00:00 AM,9/17/2014 5:45:00 AM,77436
9/18/2014 6:00:00 PM,9/18/2014 10:00:00 PM,9/17/2014 5:45:00 PM,90403
9/18/2014 7:00:00 AM,9/18/2014 11:00:00 AM,9/17/2014 5:45:00 AM,82637
9/18/2014 7:00:00 PM,9/18/2014 11:00:00 PM,9/17/2014 5:45:00 PM,91760
9/18/2014 8:00:00 AM,9/18/2014 12:00:00 PM,9/17/2014 9:45:00 AM,85163
9/18/2014 8:00:00 PM,9/19/2014 12:00:00 AM,9/17/2014 5:45:00 PM,92643
9/18/2014 9:00:00 AM,9/18/2014 1:00:00 PM,9/17/2014 9:45:00 AM,87212
9/18/2014 9:00:00 PM,9/19/2014 1:00:00 AM,9/17/2014 11:45:00 PM,88415
9/19/2014 10:00:00 AM,9/19/2014 2:00:00 PM,9/18/2014 9:45:00 AM,87581
9/19/2014 10:00:00 PM,9/20/2014 2:00:00 AM,9/18/2014 11:45:00 PM,81121
9/19/2014 11:00:00 AM,9/19/2014 3:00:00 PM,9/18/2014 11:45:00 AM,88809
9/19/2014 11:00:00 PM,9/20/2014 3:00:00 AM,9/18/2014 11:45:00 PM,74902
9/19/2014 12:00:00 AM,9/19/2014 4:00:00 AM,9/18/2014 5:45:00 AM,70339
9/19/2014 12:00:00 PM,9/19/2014 4:00:00 PM,9/18/2014 11:45:00 AM,89742
9/19/2014 1:00:00 AM,9/19/2014 5:00:00 AM,9/18/2014 5:45:00 AM,67018
9/19/2014 1:00:00 PM,9/19/2014 5:00:00 PM,9/18/2014 11:45:00 AM,90766
9/19/2014 2:00:00 AM,9/19/2014 6:00:00 AM,9/18/2014 5:45:00 AM,65087
9/19/2014 2:00:00 PM,9/19/2014 6:00:00 PM,9/18/2014 11:45:00 AM,91203
9/19/2014 3:00:00 AM,9/19/2014 7:00:00 AM,9/18/2014 5:45:00 AM,64266
9/19/2014 3:00:00 PM,9/19/2014 7:00:00 PM,9/18/2014 5:45:00 PM,91450
9/19/2014 4:00:00 AM,9/19/2014 8:00:00 AM,9/18/2014 5:45:00 AM,65135
9/19/2014 4:00:00 PM,9/19/2014 8:00:00 PM,9/18/2014 5:45:00 PM,91711
9/19/2014 5:00:00 AM,9/19/2014 9:00:00 AM,9/18/2014 5:45:00 AM,68981
9/19/2014 5:00:00 PM,9/19/2014 9:00:00 PM,9/18/2014 5:45:00 PM,91339
9/19/2014 6:00:00 AM,9/19/2014 10:00:00 AM,9/18/2014 5:45:00 AM,76252
9/19/2014 6:00:00 PM,9/19/2014 10:00:00 PM,9/18/2014 5:45:00 PM,89940
9/19/2014 7:00:00 AM,9/19/2014 11:00:00 AM,9/18/2014 5:45:00 AM,81251
9/19/2014 7:00:00 PM,9/19/2014 11:00:00 PM,9/18/2014 5:45:00 PM,88689
9/19/2014 8:00:00 AM,9/19/2014 12:00:00 PM,9/18/2014 9:45:00 AM,83481
9/19/2014 8:00:00 PM,9/20/2014 12:00:00 AM,9/18/2014 5:45:00 PM,89751
9/19/2014 9:00:00 AM,9/19/2014 1:00:00 PM,9/18/2014 9:45:00 AM,86026
9/19/2014 9:00:00 PM,9/20/2014 1:00:00 AM,9/18/2014 11:45:00 PM,86558
9/2/2014 10:00:00 AM,9/2/2014 2:00:00 PM,9/1/2014 9:45:00 AM,117054
9/2/2014 10:00:00 PM,9/3/2014 2:00:00 AM,9/1/2014 11:45:00 PM,112202
9/2/2014 11:00:00 AM,9/2/2014 3:00:00 PM,9/1/2014 11:45:00 AM,123044
9/2/2014 11:00:00 PM,9/3/2014 3:00:00 AM,9/1/2014 11:45:00 PM,102444
9/2/2014 12:00:00 AM,9/2/2014 4:00:00 AM,9/1/2014 5:45:00 AM,91385
9/2/2014 12:00:00 PM,9/2/2014 4:00:00 PM,9/1/2014 11:45:00 AM,128290
9/2/2014 1:00:00 AM,9/2/2014 5:00:00 AM,9/1/2014 5:45:00 AM,85980
9/2/2014 1:00:00 PM,9/2/2014 5:00:00 PM,9/1/2014 11:45:00 AM,132784
9/2/2014 2:00:00 AM,9/2/2014 6:00:00 AM,9/1/2014 5:45:00 AM,82363
9/2/2014 2:00:00 PM,9/2/2014 6:00:00 PM,9/1/2014 11:45:00 AM,135853
9/2/2014 3:00:00 AM,9/2/2014 7:00:00 AM,9/1/2014 5:45:00 AM,80296
9/2/2014 3:00:00 PM,9/2/2014 7:00:00 PM,9/1/2014 5:45:00 PM,137482
9/2/2014 4:00:00 AM,9/2/2014 8:00:00 AM,9/1/2014 5:45:00 AM,80336
9/2/2014 4:00:00 PM,9/2/2014 8:00:00 PM,9/1/2014 5:45:00 PM,138391
9/2/2014 5:00:00 AM,9/2/2014 9:00:00 AM,9/1/2014 5:45:00 AM,83814
9/2/2014 5:00:00 PM,9/2/2014 9:00:00 PM,9/1/2014 5:45:00 PM,137514
9/2/2014 6:00:00 AM,9/2/2014 10:00:00 AM,9/1/2014 5:45:00 AM,90208
9/2/2014 6:00:00 PM,9/2/2014 10:00:00 PM,9/1/2014 5:45:00 PM,133755
9/2/2014 7:00:00 AM,9/2/2014 11:00:00 AM,9/1/2014 5:45:00 AM,96163
9/2/2014 7:00:00 PM,9/2/2014 11:00:00 PM,9/1/2014 5:45:00 PM,128755
9/2/2014 8:00:00 AM,9/2/2014 12:00:00 PM,9/1/2014 9:45:00 AM,103813
9/2/2014 8:00:00 PM,9/3/2014 12:00:00 AM,9/1/2014 5:45:00 PM,126455
9/2/2014 9:00:00 AM,9/2/2014 1:00:00 PM,9/1/2014 9:45:00 AM,110304
9/2/2014 9:00:00 PM,9/3/2014 1:00:00 AM,9/1/2014 11:45:00 PM,121548
9/20/2014 10:00:00 AM,9/20/2014 2:00:00 PM,9/19/2014 9:45:00 AM,81035
9/20/2014 10:00:00 PM,9/21/2014 2:00:00 AM,9/19/2014 11:45:00 PM,81906
9/20/2014 11:00:00 AM,9/20/2014 3:00:00 PM,9/19/2014 11:45:00 AM,83639
9/20/2014 11:00:00 PM,9/21/2014 3:00:00 AM,9/19/2014 11:45:00 PM,76015
9/20/2014 12:00:00 AM,9/20/2014 4:00:00 AM,9/19/2014 5:45:00 AM,70139
9/20/2014 12:00:00 PM,9/20/2014 4:00:00 PM,9/19/2014 11:45:00 AM,85466
9/20/2014 1:00:00 AM,9/20/2014 5:00:00 AM,9/19/2014 5:45:00 AM,66524
9/20/2014 1:00:00 PM,9/20/2014 5:00:00 PM,9/19/2014 11:45:00 AM,86976
9/20/2014 2:00:00 AM,9/20/2014 6:00:00 AM,9/19/2014 5:45:00 AM,64336
9/20/2014 2:00:00 PM,9/20/2014 6:00:00 PM,9/19/2014 11:45:00 AM,88119
9/20/2014 3:00:00 AM,9/20/2014 7:00:00 AM,9/19/2014 5:45:00 AM,63040
9/20/2014 3:00:00 PM,9/20/2014 7:00:00 PM,9/19/2014 5:45:00 PM,89300
9/20/2014 4:00:00 AM,9/20/2014 8:00:00 AM,9/19/2014 5:45:00 AM,62780
9/20/2014 4:00:00 PM,9/20/2014 8:00:00 PM,9/19/2014 5:45:00 PM,90375
9/20/2014 5:00:00 AM,9/20/2014 9:00:00 AM,9/19/2014 5:45:00 AM,63908
9/20/2014 5:00:00 PM,9/20/2014 9:00:00 PM,9/19/2014 5:45:00 PM,90708
9/20/2014 6:00:00 AM,9/20/2014 10:00:00 AM,9/19/2014 5:45:00 AM,65955
9/20/2014 6:00:00 PM,9/20/2014 10:00:00 PM,9/19/2014 5:45:00 PM,89823
9/20/2014 7:00:00 AM,9/20/2014 11:00:00 AM,9/19/2014 5:45:00 AM,68617
9/20/2014 7:00:00 PM,9/20/2014 11:00:00 PM,9/19/2014 5:45:00 PM,89052
9/20/2014 8:00:00 AM,9/20/2014 12:00:00 PM,9/19/2014 9:45:00 AM,73075
9/20/2014 8:00:00 PM,9/21/2014 12:00:00 AM,9/19/2014 5:45:00 PM,89330
9/20/2014 9:00:00 AM,9/20/2014 1:00:00 PM,9/19/2014 9:45:00 AM,77607
9/20/2014 9:00:00 PM,9/21/2014 1:00:00 AM,9/19/2014 11:45:00 PM,86849
9/21/2014 10:00:00 AM,9/21/2014 2:00:00 PM,9/20/2014 9:45:00 AM,79746
9/21/2014 10:00:00 PM,9/22/2014 2:00:00 AM,9/20/2014 11:45:00 PM,84563
9/21/2014 11:00:00 AM,9/21/2014 3:00:00 PM,9/20/2014 11:45:00 AM,83534
9/21/2014 11:00:00 PM,9/22/2014 3:00:00 AM,9/20/2014 11:45:00 PM,78181
9/21/2014 12:00:00 AM,9/21/2014 4:00:00 AM,9/20/2014 5:45:00 AM,71865
9/21/2014 12:00:00 PM,9/21/2014 4:00:00 PM,9/20/2014 11:45:00 AM,86555
9/21/2014 1:00:00 AM,9/21/2014 5:00:00 AM,9/20/2014 5:45:00 AM,68030
9/21/2014 1:00:00 PM,9/21/2014 5:00:00 PM,9/20/2014 11:45:00 AM,88833
9/21/2014 2:00:00 AM,9/21/2014 6:00:00 AM,9/20/2014 5:45:00 AM,65476
9/21/2014 2:00:00 PM,9/21/2014 6:00:00 PM,9/20/2014 11:45:00 AM,90524
9/21/2014 3:00:00 AM,9/21/2014 7:00:00 AM,9/20/2014 5:45:00 AM,63839
9/21/2014 3:00:00 PM,9/21/2014 7:00:00 PM,9/20/2014 5:45:00 PM,91946
9/21/2014 4:00:00 AM,9/21/2014 8:00:00 AM,9/20/2014 5:45:00 AM,63085
9/21/2014 4:00:00 PM,9/21/2014 8:00:00 PM,9/20/2014 5:45:00 PM,93393
9/21/2014 5:00:00 AM,9/21/2014 9:00:00 AM,9/20/2014 5:45:00 AM,63452
9/21/2014 5:00:00 PM,9/21/2014 9:00:00 PM,9/20/2014 5:45:00 PM,94356
9/21/2014 6:00:00 AM,9/21/2014 10:00:00 AM,9/20/2014 5:45:00 AM,64601
9/21/2014 6:00:00 PM,9/21/2014 10:00:00 PM,9/20/2014 5:45:00 PM,93656
9/21/2014 7:00:00 AM,9/21/2014 11:00:00 AM,9/20/2014 5:45:00 AM,66492
9/21/2014 7:00:00 PM,9/21/2014 11:00:00 PM,9/20/2014 5:45:00 PM,93366
9/21/2014 8:00:00 AM,9/21/2014 12:00:00 PM,9/20/2014 9:45:00 AM,70835
9/21/2014 8:00:00 PM,9/22/2014 12:00:00 AM,9/20/2014 5:45:00 PM,94138
9/21/2014 9:00:00 AM,9/21/2014 1:00:00 PM,9/20/2014 9:45:00 AM,75702
9/21/2014 9:00:00 PM,9/22/2014 1:00:00 AM,9/20/2014 11:45:00 PM,90951
9/22/2014 10:00:00 AM,9/22/2014 2:00:00 PM,9/21/2014 9:45:00 AM,91260
9/22/2014 10:00:00 PM,9/23/2014 2:00:00 AM,9/21/2014 11:45:00 PM,82338
9/22/2014 11:00:00 AM,9/22/2014 3:00:00 PM,9/21/2014 11:45:00 AM,92097
9/22/2014 11:00:00 PM,9/23/2014 3:00:00 AM,9/21/2014 11:45:00 PM,75581
9/22/2014 12:00:00 AM,9/22/2014 4:00:00 AM,9/21/2014 5:45:00 AM,70975
9/22/2014 12:00:00 PM,9/22/2014 4:00:00 PM,9/21/2014 11:45:00 AM,92920
9/22/2014 1:00:00 AM,9/22/2014 5:00:00 AM,9/21/2014 5:45:00 AM,67890
9/22/2014 1:00:00 PM,9/22/2014 5:00:00 PM,9/21/2014 11:45:00 AM,93617
9/22/2014 2:00:00 AM,9/22/2014 6:00:00 AM,9/21/2014 5:45:00 AM,66160
9/22/2014 2:00:00 PM,9/22/2014 6:00:00 PM,9/21/2014 11:45:00 AM,93774
9/22/2014 3:00:00 AM,9/22/2014 7:00:00 AM,9/21/2014 5:45:00 AM,65497
9/22/2014 3:00:00 PM,9/22/2014 7:00:00 PM,9/21/2014 5:45:00 PM,93662
9/22/2014 4:00:00 AM,9/22/2014 8:00:00 AM,9/21/2014 5:45:00 AM,66562
9/22/2014 4:00:00 PM,9/22/2014 8:00:00 PM,9/21/2014 5:45:00 PM,93728
9/22/2014 5:00:00 AM,9/22/2014 9:00:00 AM,9/21/2014 5:45:00 AM,70815
9/22/2014 5:00:00 PM,9/22/2014 9:00:00 PM,9/21/2014 5:45:00 PM,93414
9/22/2014 6:00:00 AM,9/22/2014 10:00:00 AM,9/21/2014 5:45:00 AM,79016
9/22/2014 6:00:00 PM,9/22/2014 10:00:00 PM,9/21/2014 5:45:00 PM,92273
9/22/2014 7:00:00 AM,9/22/2014 11:00:00 AM,9/21/2014 5:45:00 AM,84411
9/22/2014 7:00:00 PM,9/22/2014 11:00:00 PM,9/21/2014 5:45:00 PM,92616
9/22/2014 8:00:00 AM,9/22/2014 12:00:00 PM,9/21/2014 9:45:00 AM,87047
9/22/2014 8:00:00 PM,9/23/2014 12:00:00 AM,9/21/2014 5:45:00 PM,92842
9/22/2014 9:00:00 AM,9/22/2014 1:00:00 PM,9/21/2014 9:45:00 AM,89282
9/22/2014 9:00:00 PM,9/23/2014 1:00:00 AM,9/21/2014 11:45:00 PM,88869
9/23/2014 10:00:00 AM,9/23/2014 2:00:00 PM,9/22/2014 9:45:00 AM,87240
9/23/2014 10:00:00 PM,9/24/2014 2:00:00 AM,9/22/2014 11:45:00 PM,79942
9/23/2014 11:00:00 AM,9/23/2014 3:00:00 PM,9/22/2014 11:45:00 AM,87957
9/23/2014 11:00:00 PM,9/24/2014 3:00:00 AM,9/22/2014 11:45:00 PM,73320
9/23/2014 12:00:00 AM,9/23/2014 4:00:00 AM,9/22/2014 5:45:00 AM,69753
9/23/2014 12:00:00 PM,9/23/2014 4:00:00 PM,9/22/2014 11:45:00 AM,88667
9/23/2014 1:00:00 AM,9/23/2014 5:00:00 AM,9/22/2014 5:45:00 AM,66805
9/23/2014 1:00:00 PM,9/23/2014 5:00:00 PM,9/22/2014 11:45:00 AM,89508
9/23/2014 2:00:00 AM,9/23/2014 6:00:00 AM,9/22/2014 5:45:00 AM,65154
9/23/2014 2:00:00 PM,9/23/2014 6:00:00 PM,9/22/2014 11:45:00 AM,89873
9/23/2014 3:00:00 AM,9/23/2014 7:00:00 AM,9/22/2014 5:45:00 AM,64578
9/23/2014 3:00:00 PM,9/23/2014 7:00:00 PM,9/22/2014 5:45:00 PM,89601
9/23/2014 4:00:00 AM,9/23/2014 8:00:00 AM,9/22/2014 5:45:00 AM,65640
9/23/2014 4:00:00 PM,9/23/2014 8:00:00 PM,9/22/2014 5:45:00 PM,89923
9/23/2014 5:00:00 AM,9/23/2014 9:00:00 AM,9/22/2014 5:45:00 AM,69986
9/23/2014 5:00:00 PM,9/23/2014 9:00:00 PM,9/22/2014 5:45:00 PM,89906
9/23/2014 6:00:00 AM,9/23/2014 10:00:00 AM,9/22/2014 5:45:00 AM,77881
9/23/2014 6:00:00 PM,9/23/2014 10:00:00 PM,9/22/2014 5:45:00 PM,88932
9/23/2014 7:00:00 AM,9/23/2014 11:00:00 AM,9/22/2014 5:45:00 AM,82650
9/23/2014 7:00:00 PM,9/23/2014 11:00:00 PM,9/22/2014 5:45:00 PM,89321
9/23/2014 8:00:00 AM,9/23/2014 12:00:00 PM,9/22/2014 9:45:00 AM,84452
9/23/2014 8:00:00 PM,9/24/2014 12:00:00 AM,9/22/2014 5:45:00 PM,90444
9/23/2014 9:00:00 AM,9/23/2014 1:00:00 PM,9/22/2014 9:45:00 AM,85842
9/23/2014 9:00:00 PM,9/24/2014 1:00:00 AM,9/22/2014 11:45:00 PM,86299
9/24/2014 10:00:00 AM,9/24/2014 2:00:00 PM,9/23/2014 9:45:00 AM,87115
9/24/2014 10:00:00 PM,9/25/2014 2:00:00 AM,9/23/2014 11:45:00 PM,81901
9/24/2014 11:00:00 AM,9/24/2014 3:00:00 PM,9/23/2014 11:45:00 AM,87882
9/24/2014 11:00:00 PM,9/25/2014 3:00:00 AM,9/23/2014 11:45:00 PM,74793
9/24/2014 12:00:00 AM,9/24/2014 4:00:00 AM,9/23/2014 5:45:00 AM,69089
9/24/2014 12:00:00 PM,9/24/2014 4:00:00 PM,9/23/2014 11:45:00 AM,88826
9/24/2014 1:00:00 AM,9/24/2014 5:00:00 AM,9/23/2014 5:45:00 AM,66093
9/24/2014 1:00:00 PM,9/24/2014 5:00:00 PM,9/23/2014 11:45:00 AM,89938
9/24/2014 2:00:00 AM,9/24/2014 6:00:00 AM,9/23/2014 5:45:00 AM,64442
9/24/2014 2:00:00 PM,9/24/2014 6:00:00 PM,9/23/2014 11:45:00 AM,90657
9/24/2014 3:00:00 AM,9/24/2014 7:00:00 AM,9/23/2014 5:45:00 AM,63869
9/24/2014 3:00:00 PM,9/24/2014 7:00:00 PM,9/23/2014 5:45:00 PM,91076
9/24/2014 4:00:00 AM,9/24/2014 8:00:00 AM,9/23/2014 5:45:00 AM,64895
9/24/2014 4:00:00 PM,9/24/2014 8:00:00 PM,9/23/2014 5:45:00 PM,91634
9/24/2014 5:00:00 AM,9/24/2014 9:00:00 AM,9/23/2014 5:45:00 AM,69181
9/24/2014 5:00:00 PM,9/24/2014 9:00:00 PM,9/23/2014 5:45:00 PM,91597
9/24/2014 6:00:00 AM,9/24/2014 10:00:00 AM,9/23/2014 5:45:00 AM,77128
9/24/2014 6:00:00 PM,9/24/2014 10:00:00 PM,9/23/2014 5:45:00 PM,90244
9/24/2014 7:00:00 AM,9/24/2014 11:00:00 AM,9/23/2014 5:45:00 AM,82078
9/24/2014 7:00:00 PM,9/24/2014 11:00:00 PM,9/23/2014 5:45:00 PM,91029
9/24/2014 8:00:00 AM,9/24/2014 12:00:00 PM,9/23/2014 9:45:00 AM,84007
9/24/2014 8:00:00 PM,9/25/2014 12:00:00 AM,9/23/2014 5:45:00 PM,92424
9/24/2014 9:00:00 AM,9/24/2014 1:00:00 PM,9/23/2014 9:45:00 AM,85531
9/24/2014 9:00:00 PM,9/25/2014 1:00:00 AM,9/23/2014 11:45:00 PM,88705
9/25/2014 10:00:00 AM,9/25/2014 2:00:00 PM,9/24/2014 9:45:00 AM,85984
9/25/2014 10:00:00 PM,9/26/2014 2:00:00 AM,9/24/2014 11:45:00 PM,81689
9/25/2014 11:00:00 AM,9/25/2014 3:00:00 PM,9/24/2014 11:45:00 AM,87238
9/25/2014 11:00:00 PM,9/26/2014 3:00:00 AM,9/24/2014 11:45:00 PM,74854
9/25/2014 12:00:00 AM,9/25/2014 4:00:00 AM,9/24/2014 5:45:00 AM,69800
9/25/2014 12:00:00 PM,9/25/2014 4:00:00 PM,9/24/2014 11:45:00 AM,88095
9/25/2014 1:00:00 AM,9/25/2014 5:00:00 AM,9/24/2014 5:45:00 AM,66610
9/25/2014 1:00:00 PM,9/25/2014 5:00:00 PM,9/24/2014 11:45:00 AM,89044
9/25/2014 2:00:00 AM,9/25/2014 6:00:00 AM,9/24/2014 5:45:00 AM,64785
9/25/2014 2:00:00 PM,9/25/2014 6:00:00 PM,9/24/2014 11:45:00 AM,89543
9/25/2014 3:00:00 AM,9/25/2014 7:00:00 AM,9/24/2014 5:45:00 AM,64096
9/25/2014 3:00:00 PM,9/25/2014 7:00:00 PM,9/24/2014 5:45:00 PM,90749
9/25/2014 4:00:00 AM,9/25/2014 8:00:00 AM,9/24/2014 5:45:00 AM,65053
9/25/2014 4:00:00 PM,9/25/2014 8:00:00 PM,9/24/2014 5:45:00 PM,91101
9/25/2014 5:00:00 AM,9/25/2014 9:00:00 AM,9/24/2014 5:45:00 AM,69269
9/25/2014 5:00:00 PM,9/25/2014 9:00:00 PM,9/24/2014 5:45:00 PM,90727
9/25/2014 6:00:00 AM,9/25/2014 10:00:00 AM,9/24/2014 5:45:00 AM,77342
9/25/2014 6:00:00 PM,9/25/2014 10:00:00 PM,9/24/2014 5:45:00 PM,89957
9/25/2014 7:00:00 AM,9/25/2014 11:00:00 AM,9/24/2014 5:45:00 AM,82589
9/25/2014 7:00:00 PM,9/25/2014 11:00:00 PM,9/24/2014 5:45:00 PM,91708
9/25/2014 8:00:00 AM,9/25/2014 12:00:00 PM,9/24/2014 9:45:00 AM,82372
9/25/2014 8:00:00 PM,9/26/2014 12:00:00 AM,9/24/2014 5:45:00 PM,92066
9/25/2014 9:00:00 AM,9/25/2014 1:00:00 PM,9/24/2014 9:45:00 AM,84224
9/25/2014 9:00:00 PM,9/26/2014 1:00:00 AM,9/24/2014 11:45:00 PM,88204
9/26/2014 10:00:00 AM,9/26/2014 2:00:00 PM,9/25/2014 9:45:00 AM,88479
9/26/2014 10:00:00 PM,9/27/2014 2:00:00 AM,9/25/2014 11:45:00 PM,81176
9/26/2014 11:00:00 AM,9/26/2014 3:00:00 PM,9/25/2014 11:45:00 AM,90306
9/26/2014 11:00:00 PM,9/27/2014 3:00:00 AM,9/25/2014 11:45:00 PM,74802
9/26/2014 12:00:00 AM,9/26/2014 4:00:00 AM,9/25/2014 5:45:00 AM,70006
9/26/2014 12:00:00 PM,9/26/2014 4:00:00 PM,9/25/2014 11:45:00 AM,91617
9/26/2014 1:00:00 AM,9/26/2014 5:00:00 AM,9/25/2014 5:45:00 AM,66685
9/26/2014 1:00:00 PM,9/26/2014 5:00:00 PM,9/25/2014 11:45:00 AM,93078
9/26/2014 2:00:00 AM,9/26/2014 6:00:00 AM,9/25/2014 5:45:00 AM,64748
9/26/2014 2:00:00 PM,9/26/2014 6:00:00 PM,9/25/2014 11:45:00 AM,93977
9/26/2014 3:00:00 AM,9/26/2014 7:00:00 AM,9/25/2014 5:45:00 AM,63891
9/26/2014 3:00:00 PM,9/26/2014 7:00:00 PM,9/25/2014 5:45:00 PM,94221
9/26/2014 4:00:00 AM,9/26/2014 8:00:00 AM,9/25/2014 5:45:00 AM,64688
9/26/2014 4:00:00 PM,9/26/2014 8:00:00 PM,9/25/2014 5:45:00 PM,94466
9/26/2014 5:00:00 AM,9/26/2014 9:00:00 AM,9/25/2014 5:45:00 AM,68590
9/26/2014 5:00:00 PM,9/26/2014 9:00:00 PM,9/25/2014 5:45:00 PM,93689
9/26/2014 6:00:00 AM,9/26/2014 10:00:00 AM,9/25/2014 5:45:00 AM,76016
9/26/2014 6:00:00 PM,9/26/2014 10:00:00 PM,9/25/2014 5:45:00 PM,92389
9/26/2014 7:00:00 AM,9/26/2014 11:00:00 AM,9/25/2014 5:45:00 AM,80847
9/26/2014 7:00:00 PM,9/26/2014 11:00:00 PM,9/25/2014 5:45:00 PM,91853
9/26/2014 8:00:00 AM,9/26/2014 12:00:00 PM,9/25/2014 9:45:00 AM,83650
9/26/2014 8:00:00 PM,9/27/2014 12:00:00 AM,9/25/2014 5:45:00 PM,91444
9/26/2014 9:00:00 AM,9/26/2014 1:00:00 PM,9/25/2014 9:45:00 AM,86059
9/26/2014 9:00:00 PM,9/27/2014 1:00:00 AM,9/25/2014 11:45:00 PM,87740
9/27/2014 10:00:00 AM,9/27/2014 2:00:00 PM,9/26/2014 9:45:00 AM,79064
9/27/2014 10:00:00 PM,9/28/2014 2:00:00 AM,9/26/2014 11:45:00 PM,78399
9/27/2014 11:00:00 AM,9/27/2014 3:00:00 PM,9/26/2014 11:45:00 AM,81583
9/27/2014 11:00:00 PM,9/28/2014 3:00:00 AM,9/26/2014 11:45:00 PM,72877
9/27/2014 12:00:00 AM,9/27/2014 4:00:00 AM,9/26/2014 5:45:00 AM,69202
9/27/2014 12:00:00 PM,9/27/2014 4:00:00 PM,9/26/2014 11:45:00 AM,83118
9/27/2014 1:00:00 AM,9/27/2014 5:00:00 AM,9/26/2014 5:45:00 AM,65647
9/27/2014 1:00:00 PM,9/27/2014 5:00:00 PM,9/26/2014 11:45:00 AM,84239
9/27/2014 2:00:00 AM,9/27/2014 6:00:00 AM,9/26/2014 5:45:00 AM,63460
9/27/2014 2:00:00 PM,9/27/2014 6:00:00 PM,9/26/2014 11:45:00 AM,85256
9/27/2014 3:00:00 AM,9/27/2014 7:00:00 AM,9/26/2014 5:45:00 AM,62154
9/27/2014 3:00:00 PM,9/27/2014 7:00:00 PM,9/26/2014 5:45:00 PM,85661
9/27/2014 4:00:00 AM,9/27/2014 8:00:00 AM,9/26/2014 5:45:00 AM,61841
9/27/2014 4:00:00 PM,9/27/2014 8:00:00 PM,9/26/2014 5:45:00 PM,86586
9/27/2014 5:00:00 AM,9/27/2014 9:00:00 AM,9/26/2014 5:45:00 AM,62920
9/27/2014 5:00:00 PM,9/27/2014 9:00:00 PM,9/26/2014 5:45:00 PM,86816
9/27/2014 6:00:00 AM,9/27/2014 10:00:00 AM,9/26/2014 5:45:00 AM,65105
9/27/2014 6:00:00 PM,9/27/2014 10:00:00 PM,9/26/2014 5:45:00 PM,85668
9/27/2014 7:00:00 AM,9/27/2014 11:00:00 AM,9/26/2014 5:45:00 AM,67748
9/27/2014 7:00:00 PM,9/27/2014 11:00:00 PM,9/26/2014 5:45:00 PM,85753
9/27/2014 8:00:00 AM,9/27/2014 12:00:00 PM,9/26/2014 9:45:00 AM,71876
9/27/2014 8:00:00 PM,9/28/2014 12:00:00 AM,9/26/2014 5:45:00 PM,86256
9/27/2014 9:00:00 AM,9/27/2014 1:00:00 PM,9/26/2014 9:45:00 AM,75971
9/27/2014 9:00:00 PM,9/28/2014 1:00:00 AM,9/26/2014 11:45:00 PM,83264
9/28/2014 10:00:00 AM,9/28/2014 2:00:00 PM,9/27/2014 9:45:00 AM,75711
9/28/2014 10:00:00 PM,9/29/2014 2:00:00 AM,9/27/2014 11:45:00 PM,81398
9/28/2014 11:00:00 AM,9/28/2014 3:00:00 PM,9/27/2014 11:45:00 AM,78600
9/28/2014 11:00:00 PM,9/29/2014 3:00:00 AM,9/27/2014 11:45:00 PM,75183
9/28/2014 12:00:00 AM,9/28/2014 4:00:00 AM,9/27/2014 5:45:00 AM,67848
9/28/2014 12:00:00 PM,9/28/2014 4:00:00 PM,9/27/2014 11:45:00 AM,81325
9/28/2014 1:00:00 AM,9/28/2014 5:00:00 AM,9/27/2014 5:45:00 AM,64288
9/28/2014 1:00:00 PM,9/28/2014 5:00:00 PM,9/27/2014 11:45:00 AM,83364
9/28/2014 2:00:00 AM,9/28/2014 6:00:00 AM,9/27/2014 5:45:00 AM,62010
9/28/2014 2:00:00 PM,9/28/2014 6:00:00 PM,9/27/2014 11:45:00 AM,85126
9/28/2014 3:00:00 AM,9/28/2014 7:00:00 AM,9/27/2014 5:45:00 AM,60557
9/28/2014 3:00:00 PM,9/28/2014 7:00:00 PM,9/27/2014 5:45:00 PM,87577
9/28/2014 4:00:00 AM,9/28/2014 8:00:00 AM,9/27/2014 5:45:00 AM,59943
9/28/2014 4:00:00 PM,9/28/2014 8:00:00 PM,9/27/2014 5:45:00 PM,89260
9/28/2014 5:00:00 AM,9/28/2014 9:00:00 AM,9/27/2014 5:45:00 AM,60421
9/28/2014 5:00:00 PM,9/28/2014 9:00:00 PM,9/27/2014 5:45:00 PM,90220
9/28/2014 6:00:00 AM,9/28/2014 10:00:00 AM,9/27/2014 5:45:00 AM,61693
9/28/2014 6:00:00 PM,9/28/2014 10:00:00 PM,9/27/2014 5:45:00 PM,89740
9/28/2014 7:00:00 AM,9/28/2014 11:00:00 AM,9/27/2014 5:45:00 AM,63500
9/28/2014 7:00:00 PM,9/28/2014 11:00:00 PM,9/27/2014 5:45:00 PM,90520
9/28/2014 8:00:00 AM,9/28/2014 12:00:00 PM,9/27/2014 9:45:00 AM,67906
9/28/2014 8:00:00 PM,9/29/2014 12:00:00 AM,9/27/2014 5:45:00 PM,91087
9/28/2014 9:00:00 AM,9/28/2014 1:00:00 PM,9/27/2014 9:45:00 AM,72300
9/28/2014 9:00:00 PM,9/29/2014 1:00:00 AM,9/27/2014 11:45:00 PM,87224
9/29/2014 10:00:00 AM,9/29/2014 2:00:00 PM,9/28/2014 9:45:00 AM,93057
9/29/2014 10:00:00 PM,9/30/2014 2:00:00 AM,9/28/2014 11:45:00 PM,86597
9/29/2014 11:00:00 AM,9/29/2014 3:00:00 PM,9/28/2014 11:45:00 AM,94673
9/29/2014 11:00:00 PM,9/30/2014 3:00:00 AM,9/28/2014 11:45:00 PM,79031
9/29/2014 12:00:00 AM,9/29/2014 4:00:00 AM,9/28/2014 5:45:00 AM,69789
9/29/2014 12:00:00 PM,9/29/2014 4:00:00 PM,9/28/2014 11:45:00 AM,96714
9/29/2014 1:00:00 AM,9/29/2014 5:00:00 AM,9/28/2014 5:45:00 AM,66579
9/29/2014 1:00:00 PM,9/29/2014 5:00:00 PM,9/28/2014 11:45:00 AM,98642
9/29/2014 2:00:00 AM,9/29/2014 6:00:00 AM,9/28/2014 5:45:00 AM,64849
9/29/2014 2:00:00 PM,9/29/2014 6:00:00 PM,9/28/2014 11:45:00 AM,99931
9/29/2014 3:00:00 AM,9/29/2014 7:00:00 AM,9/28/2014 5:45:00 AM,64078
9/29/2014 3:00:00 PM,9/29/2014 7:00:00 PM,9/28/2014 5:45:00 PM,101013
9/29/2014 4:00:00 AM,9/29/2014 8:00:00 AM,9/28/2014 5:45:00 AM,64979
9/29/2014 4:00:00 PM,9/29/2014 8:00:00 PM,9/28/2014 5:45:00 PM,101471
9/29/2014 5:00:00 AM,9/29/2014 9:00:00 AM,9/28/2014 5:45:00 AM,69048
9/29/2014 5:00:00 PM,9/29/2014 9:00:00 PM,9/28/2014 5:45:00 PM,101108
9/29/2014 6:00:00 AM,9/29/2014 10:00:00 AM,9/28/2014 5:45:00 AM,76899
9/29/2014 6:00:00 PM,9/29/2014 10:00:00 PM,9/28/2014 5:45:00 PM,99328
9/29/2014 7:00:00 AM,9/29/2014 11:00:00 AM,9/28/2014 5:45:00 AM,82098
9/29/2014 7:00:00 PM,9/29/2014 11:00:00 PM,9/28/2014 5:45:00 PM,99201
9/29/2014 8:00:00 AM,9/29/2014 12:00:00 PM,9/28/2014 9:45:00 AM,86368
9/29/2014 8:00:00 PM,9/30/2014 12:00:00 AM,9/28/2014 5:45:00 PM,98908
9/29/2014 9:00:00 AM,9/29/2014 1:00:00 PM,9/28/2014 9:45:00 AM,89731
9/29/2014 9:00:00 PM,9/30/2014 1:00:00 AM,9/28/2014 11:45:00 PM,93220
9/3/2014 10:00:00 AM,9/3/2014 2:00:00 PM,9/2/2014 9:45:00 AM,111275
9/3/2014 10:00:00 PM,9/4/2014 2:00:00 AM,9/2/2014 11:45:00 PM,108326
9/3/2014 11:00:00 AM,9/3/2014 3:00:00 PM,9/2/2014 11:45:00 AM,118833
9/3/2014 11:00:00 PM,9/4/2014 3:00:00 AM,9/2/2014 11:45:00 PM,98608
9/3/2014 12:00:00 AM,9/3/2014 4:00:00 AM,9/2/2014 5:45:00 AM,91385
9/3/2014 12:00:00 PM,9/3/2014 4:00:00 PM,9/2/2014 11:45:00 AM,123231
9/3/2014 1:00:00 AM,9/3/2014 5:00:00 AM,9/2/2014 5:45:00 AM,85637
9/3/2014 1:00:00 PM,9/3/2014 5:00:00 PM,9/2/2014 11:45:00 AM,127024
9/3/2014 2:00:00 AM,9/3/2014 6:00:00 AM,9/2/2014 5:45:00 AM,81722
9/3/2014 2:00:00 PM,9/3/2014 6:00:00 PM,9/2/2014 11:45:00 AM,129778
9/3/2014 3:00:00 AM,9/3/2014 7:00:00 AM,9/2/2014 5:45:00 AM,79392
9/3/2014 3:00:00 PM,9/3/2014 7:00:00 PM,9/2/2014 5:45:00 PM,131574
9/3/2014 4:00:00 AM,9/3/2014 8:00:00 AM,9/2/2014 5:45:00 AM,79158
9/3/2014 4:00:00 PM,9/3/2014 8:00:00 PM,9/2/2014 5:45:00 PM,133286
9/3/2014 5:00:00 AM,9/3/2014 9:00:00 AM,9/2/2014 5:45:00 AM,82371
9/3/2014 5:00:00 PM,9/3/2014 9:00:00 PM,9/2/2014 5:45:00 PM,132635
9/3/2014 6:00:00 AM,9/3/2014 10:00:00 AM,9/2/2014 5:45:00 AM,88432
9/3/2014 6:00:00 PM,9/3/2014 10:00:00 PM,9/2/2014 5:45:00 PM,129047
9/3/2014 7:00:00 AM,9/3/2014 11:00:00 AM,9/2/2014 5:45:00 AM,93787
9/3/2014 7:00:00 PM,9/3/2014 11:00:00 PM,9/2/2014 5:45:00 PM,124079
9/3/2014 8:00:00 AM,9/3/2014 12:00:00 PM,9/2/2014 9:45:00 AM,99828
9/3/2014 8:00:00 PM,9/4/2014 12:00:00 AM,9/2/2014 5:45:00 PM,121899
9/3/2014 9:00:00 AM,9/3/2014 1:00:00 PM,9/2/2014 9:45:00 AM,105412
9/3/2014 9:00:00 PM,9/4/2014 1:00:00 AM,9/2/2014 11:45:00 PM,117473
9/30/2014 10:00:00 AM,9/30/2014 2:00:00 PM,9/29/2014 9:45:00 AM,90708
9/30/2014 10:00:00 PM,10/1/2014 2:00:00 AM,9/29/2014 11:45:00 PM,83964
9/30/2014 11:00:00 AM,9/30/2014 3:00:00 PM,9/29/2014 11:45:00 AM,90975
9/30/2014 11:00:00 PM,10/1/2014 3:00:00 AM,9/29/2014 11:45:00 PM,76921
9/30/2014 12:00:00 AM,9/30/2014 4:00:00 AM,9/29/2014 5:45:00 AM,71944
9/30/2014 12:00:00 PM,9/30/2014 4:00:00 PM,9/29/2014 11:45:00 AM,92522
9/30/2014 1:00:00 AM,9/30/2014 5:00:00 AM,9/29/2014 5:45:00 AM,68443
9/30/2014 1:00:00 PM,9/30/2014 5:00:00 PM,9/29/2014 11:45:00 AM,93781
9/30/2014 2:00:00 AM,9/30/2014 6:00:00 AM,9/29/2014 5:45:00 AM,66323
9/30/2014 2:00:00 PM,9/30/2014 6:00:00 PM,9/29/2014 11:45:00 AM,94584
9/30/2014 3:00:00 AM,9/30/2014 7:00:00 AM,9/29/2014 5:45:00 AM,65299
9/30/2014 3:00:00 PM,9/30/2014 7:00:00 PM,9/29/2014 5:45:00 PM,95043
9/30/2014 4:00:00 AM,9/30/2014 8:00:00 AM,9/29/2014 5:45:00 AM,66024
9/30/2014 4:00:00 PM,9/30/2014 8:00:00 PM,9/29/2014 5:45:00 PM,95254
9/30/2014 5:00:00 AM,9/30/2014 9:00:00 AM,9/29/2014 5:45:00 AM,70113
9/30/2014 5:00:00 PM,9/30/2014 9:00:00 PM,9/29/2014 5:45:00 PM,95233
9/30/2014 6:00:00 AM,9/30/2014 10:00:00 AM,9/29/2014 5:45:00 AM,78208
9/30/2014 6:00:00 PM,9/30/2014 10:00:00 PM,9/29/2014 5:45:00 PM,94558
9/30/2014 7:00:00 AM,9/30/2014 11:00:00 AM,9/29/2014 5:45:00 AM,83252
9/30/2014 7:00:00 PM,9/30/2014 11:00:00 PM,9/29/2014 5:45:00 PM,95393
9/30/2014 8:00:00 AM,9/30/2014 12:00:00 PM,9/29/2014 9:45:00 AM,86043
9/30/2014 8:00:00 PM,10/1/2014 12:00:00 AM,9/29/2014 5:45:00 PM,95250
9/30/2014 9:00:00 AM,9/30/2014 1:00:00 PM,9/29/2014 9:45:00 AM,88333
9/30/2014 9:00:00 PM,10/1/2014 1:00:00 AM,9/29/2014 11:45:00 PM,90346
9/4/2014 10:00:00 AM,9/4/2014 2:00:00 PM,9/3/2014 9:45:00 AM,109409
9/4/2014 10:00:00 PM,9/5/2014 2:00:00 AM,9/3/2014 11:45:00 PM,108374
9/4/2014 11:00:00 AM,9/4/2014 3:00:00 PM,9/3/2014 11:45:00 AM,115297
9/4/2014 11:00:00 PM,9/5/2014 3:00:00 AM,9/3/2014 11:45:00 PM,98475
9/4/2014 12:00:00 AM,9/4/2014 4:00:00 AM,9/3/2014 5:45:00 AM,87643
9/4/2014 12:00:00 PM,9/4/2014 4:00:00 PM,9/3/2014 11:45:00 AM,120507
9/4/2014 1:00:00 AM,9/4/2014 5:00:00 AM,9/3/2014 5:45:00 AM,82178
9/4/2014 1:00:00 PM,9/4/2014 5:00:00 PM,9/3/2014 11:45:00 AM,125417
9/4/2014 2:00:00 AM,9/4/2014 6:00:00 AM,9/3/2014 5:45:00 AM,78660
9/4/2014 2:00:00 PM,9/4/2014 6:00:00 PM,9/3/2014 11:45:00 AM,129089
9/4/2014 3:00:00 AM,9/4/2014 7:00:00 AM,9/3/2014 5:45:00 AM,76662
9/4/2014 3:00:00 PM,9/4/2014 7:00:00 PM,9/3/2014 5:45:00 PM,128742
9/4/2014 4:00:00 AM,9/4/2014 8:00:00 AM,9/3/2014 5:45:00 AM,76638
9/4/2014 4:00:00 PM,9/4/2014 8:00:00 PM,9/3/2014 5:45:00 PM,130000
9/4/2014 5:00:00 AM,9/4/2014 9:00:00 AM,9/3/2014 5:45:00 AM,79947
9/4/2014 5:00:00 PM,9/4/2014 9:00:00 PM,9/3/2014 5:45:00 PM,129460
9/4/2014 6:00:00 AM,9/4/2014 10:00:00 AM,9/3/2014 5:45:00 AM,86159
9/4/2014 6:00:00 PM,9/4/2014 10:00:00 PM,9/3/2014 5:45:00 PM,126561
9/4/2014 7:00:00 AM,9/4/2014 11:00:00 AM,9/3/2014 5:45:00 AM,91684
9/4/2014 7:00:00 PM,9/4/2014 11:00:00 PM,9/3/2014 5:45:00 PM,122269
9/4/2014 8:00:00 AM,9/4/2014 12:00:00 PM,9/3/2014 9:45:00 AM,97481
9/4/2014 8:00:00 PM,9/5/2014 12:00:00 AM,9/3/2014 5:45:00 PM,120099
9/4/2014 9:00:00 AM,9/4/2014 1:00:00 PM,9/3/2014 9:45:00 AM,103011
9/4/2014 9:00:00 PM,9/5/2014 1:00:00 AM,9/3/2014 11:45:00 PM,115542
9/5/2014 10:00:00 AM,9/5/2014 2:00:00 PM,9/4/2014 9:45:00 AM,112049
9/5/2014 10:00:00 PM,9/6/2014 2:00:00 AM,9/4/2014 11:45:00 PM,106289
9/5/2014 11:00:00 AM,9/5/2014 3:00:00 PM,9/4/2014 11:45:00 AM,118654
9/5/2014 11:00:00 PM,9/6/2014 3:00:00 AM,9/4/2014 11:45:00 PM,97532
9/5/2014 12:00:00 AM,9/5/2014 4:00:00 AM,9/4/2014 5:45:00 AM,90822
9/5/2014 12:00:00 PM,9/5/2014 4:00:00 PM,9/4/2014 11:45:00 AM,123620
9/5/2014 1:00:00 AM,9/5/2014 5:00:00 AM,9/4/2014 5:45:00 AM,85072
9/5/2014 1:00:00 PM,9/5/2014 5:00:00 PM,9/4/2014 11:45:00 AM,128084
9/5/2014 2:00:00 AM,9/5/2014 6:00:00 AM,9/4/2014 5:45:00 AM,81365
9/5/2014 2:00:00 PM,9/5/2014 6:00:00 PM,9/4/2014 11:45:00 AM,130487
9/5/2014 3:00:00 AM,9/5/2014 7:00:00 AM,9/4/2014 5:45:00 AM,79114
9/5/2014 3:00:00 PM,9/5/2014 7:00:00 PM,9/4/2014 5:45:00 PM,131826
9/5/2014 4:00:00 AM,9/5/2014 8:00:00 AM,9/4/2014 5:45:00 AM,78976
9/5/2014 4:00:00 PM,9/5/2014 8:00:00 PM,9/4/2014 5:45:00 PM,132187
9/5/2014 5:00:00 AM,9/5/2014 9:00:00 AM,9/4/2014 5:45:00 AM,82131
9/5/2014 5:00:00 PM,9/5/2014 9:00:00 PM,9/4/2014 5:45:00 PM,130223
9/5/2014 6:00:00 AM,9/5/2014 10:00:00 AM,9/4/2014 5:45:00 AM,88206
9/5/2014 6:00:00 PM,9/5/2014 10:00:00 PM,9/4/2014 5:45:00 PM,125821
9/5/2014 7:00:00 AM,9/5/2014 11:00:00 AM,9/4/2014 5:45:00 AM,93482
9/5/2014 7:00:00 PM,9/5/2014 11:00:00 PM,9/4/2014 5:45:00 PM,120525
9/5/2014 8:00:00 AM,9/5/2014 12:00:00 PM,9/4/2014 9:45:00 AM,99375
9/5/2014 8:00:00 PM,9/6/2014 12:00:00 AM,9/4/2014 5:45:00 PM,118131
9/5/2014 9:00:00 AM,9/5/2014 1:00:00 PM,9/4/2014 9:45:00 AM,105600
9/5/2014 9:00:00 PM,9/6/2014 1:00:00 AM,9/4/2014 11:45:00 PM,114257
9/6/2014 10:00:00 AM,9/6/2014 2:00:00 PM,9/5/2014 9:45:00 AM,99026
9/6/2014 10:00:00 PM,9/7/2014 2:00:00 AM,9/5/2014 11:45:00 PM,95860
9/6/2014 11:00:00 AM,9/6/2014 3:00:00 PM,9/5/2014 11:45:00 AM,104217
9/6/2014 11:00:00 PM,9/7/2014 3:00:00 AM,9/5/2014 11:45:00 PM,89019
9/6/2014 12:00:00 AM,9/6/2014 4:00:00 AM,9/5/2014 5:45:00 AM,89646
9/6/2014 12:00:00 PM,9/6/2014 4:00:00 PM,9/5/2014 11:45:00 AM,107814
9/6/2014 1:00:00 AM,9/6/2014 5:00:00 AM,9/5/2014 5:45:00 AM,83962
9/6/2014 1:00:00 PM,9/6/2014 5:00:00 PM,9/5/2014 11:45:00 AM,110256
9/6/2014 2:00:00 AM,9/6/2014 6:00:00 AM,9/5/2014 5:45:00 AM,80075
9/6/2014 2:00:00 PM,9/6/2014 6:00:00 PM,9/5/2014 11:45:00 AM,111735
9/6/2014 3:00:00 AM,9/6/2014 7:00:00 AM,9/5/2014 5:45:00 AM,77394
9/6/2014 3:00:00 PM,9/6/2014 7:00:00 PM,9/5/2014 5:45:00 PM,113132
9/6/2014 4:00:00 AM,9/6/2014 8:00:00 AM,9/5/2014 5:45:00 AM,75999
9/6/2014 4:00:00 PM,9/6/2014 8:00:00 PM,9/5/2014 5:45:00 PM,113098
9/6/2014 5:00:00 AM,9/6/2014 9:00:00 AM,9/5/2014 5:45:00 AM,76399
9/6/2014 5:00:00 PM,9/6/2014 9:00:00 PM,9/5/2014 5:45:00 PM,111623
9/6/2014 6:00:00 AM,9/6/2014 10:00:00 AM,9/5/2014 5:45:00 AM,77824
9/6/2014 6:00:00 PM,9/6/2014 10:00:00 PM,9/5/2014 5:45:00 PM,108628
9/6/2014 7:00:00 AM,9/6/2014 11:00:00 AM,9/5/2014 5:45:00 AM,80675
9/6/2014 7:00:00 PM,9/6/2014 11:00:00 PM,9/5/2014 5:45:00 PM,105382
9/6/2014 8:00:00 AM,9/6/2014 12:00:00 PM,9/5/2014 9:45:00 AM,86356
9/6/2014 8:00:00 PM,9/7/2014 12:00:00 AM,9/5/2014 5:45:00 PM,105167
9/6/2014 9:00:00 AM,9/6/2014 1:00:00 PM,9/5/2014 9:45:00 AM,93006
9/6/2014 9:00:00 PM,9/7/2014 1:00:00 AM,9/5/2014 11:45:00 PM,101633
9/7/2014 10:00:00 AM,9/7/2014 2:00:00 PM,9/6/2014 9:45:00 AM,84182
9/7/2014 10:00:00 PM,9/8/2014 2:00:00 AM,9/6/2014 11:45:00 PM,86660
9/7/2014 11:00:00 AM,9/7/2014 3:00:00 PM,9/6/2014 11:45:00 AM,87570
9/7/2014 11:00:00 PM,9/8/2014 3:00:00 AM,9/6/2014 11:45:00 PM,80319
9/7/2014 12:00:00 AM,9/7/2014 4:00:00 AM,9/6/2014 5:45:00 AM,79197
9/7/2014 12:00:00 PM,9/7/2014 4:00:00 PM,9/6/2014 11:45:00 AM,90630
9/7/2014 1:00:00 AM,9/7/2014 5:00:00 AM,9/6/2014 5:45:00 AM,74630
9/7/2014 1:00:00 PM,9/7/2014 5:00:00 PM,9/6/2014 11:45:00 AM,92984
9/7/2014 2:00:00 AM,9/7/2014 6:00:00 AM,9/6/2014 5:45:00 AM,71297
9/7/2014 2:00:00 PM,9/7/2014 6:00:00 PM,9/6/2014 11:45:00 AM,94875
9/7/2014 3:00:00 AM,9/7/2014 7:00:00 AM,9/6/2014 5:45:00 AM,69208
9/7/2014 3:00:00 PM,9/7/2014 7:00:00 PM,9/6/2014 5:45:00 PM,96897
9/7/2014 4:00:00 AM,9/7/2014 8:00:00 AM,9/6/2014 5:45:00 AM,68118
9/7/2014 4:00:00 PM,9/7/2014 8:00:00 PM,9/6/2014 5:45:00 PM,97877
9/7/2014 5:00:00 AM,9/7/2014 9:00:00 AM,9/6/2014 5:45:00 AM,68039
9/7/2014 5:00:00 PM,9/7/2014 9:00:00 PM,9/6/2014 5:45:00 PM,98035
9/7/2014 6:00:00 AM,9/7/2014 10:00:00 AM,9/6/2014 5:45:00 AM,68436
9/7/2014 6:00:00 PM,9/7/2014 10:00:00 PM,9/6/2014 5:45:00 PM,96481
9/7/2014 7:00:00 AM,9/7/2014 11:00:00 AM,9/6/2014 5:45:00 AM,69932
9/7/2014 7:00:00 PM,9/7/2014 11:00:00 PM,9/6/2014 5:45:00 PM,94583
9/7/2014 8:00:00 AM,9/7/2014 12:00:00 PM,9/6/2014 9:45:00 AM,75090
9/7/2014 8:00:00 PM,9/8/2014 12:00:00 AM,9/6/2014 5:45:00 PM,95006
9/7/2014 9:00:00 AM,9/7/2014 1:00:00 PM,9/6/2014 9:45:00 AM,80031
9/7/2014 9:00:00 PM,9/8/2014 1:00:00 AM,9/6/2014 11:45:00 PM,92392
9/8/2014 10:00:00 AM,9/8/2014 2:00:00 PM,9/7/2014 9:45:00 AM,96363
9/8/2014 10:00:00 PM,9/9/2014 2:00:00 AM,9/7/2014 11:45:00 PM,91730
9/8/2014 11:00:00 AM,9/8/2014 3:00:00 PM,9/7/2014 11:45:00 AM,99729
9/8/2014 11:00:00 PM,9/9/2014 3:00:00 AM,9/7/2014 11:45:00 PM,83641
9/8/2014 12:00:00 AM,9/8/2014 4:00:00 AM,9/7/2014 5:45:00 AM,73576
9/8/2014 12:00:00 PM,9/8/2014 4:00:00 PM,9/7/2014 11:45:00 AM,102310
9/8/2014 1:00:00 AM,9/8/2014 5:00:00 AM,9/7/2014 5:45:00 AM,69976
9/8/2014 1:00:00 PM,9/8/2014 5:00:00 PM,9/7/2014 11:45:00 AM,104833
9/8/2014 2:00:00 AM,9/8/2014 6:00:00 AM,9/7/2014 5:45:00 AM,67883
9/8/2014 2:00:00 PM,9/8/2014 6:00:00 PM,9/7/2014 11:45:00 AM,106230
9/8/2014 3:00:00 AM,9/8/2014 7:00:00 AM,9/7/2014 5:45:00 AM,67014
9/8/2014 3:00:00 PM,9/8/2014 7:00:00 PM,9/7/2014 5:45:00 PM,108241
9/8/2014 4:00:00 AM,9/8/2014 8:00:00 AM,9/7/2014 5:45:00 AM,67822
9/8/2014 4:00:00 PM,9/8/2014 8:00:00 PM,9/7/2014 5:45:00 PM,109039
9/8/2014 5:00:00 AM,9/8/2014 9:00:00 AM,9/7/2014 5:45:00 AM,71677
9/8/2014 5:00:00 PM,9/8/2014 9:00:00 PM,9/7/2014 5:45:00 PM,109015
9/8/2014 6:00:00 AM,9/8/2014 10:00:00 AM,9/7/2014 5:45:00 AM,78247
9/8/2014 6:00:00 PM,9/8/2014 10:00:00 PM,9/7/2014 5:45:00 PM,106832
9/8/2014 7:00:00 AM,9/8/2014 11:00:00 AM,9/7/2014 5:45:00 AM,83382
9/8/2014 7:00:00 PM,9/8/2014 11:00:00 PM,9/7/2014 5:45:00 PM,104381
9/8/2014 8:00:00 AM,9/8/2014 12:00:00 PM,9/7/2014 9:45:00 AM,88562
9/8/2014 8:00:00 PM,9/9/2014 12:00:00 AM,9/7/2014 5:45:00 PM,103729
9/8/2014 9:00:00 AM,9/8/2014 1:00:00 PM,9/7/2014 9:45:00 AM,92496
9/8/2014 9:00:00 PM,9/9/2014 1:00:00 AM,9/7/2014 11:45:00 PM,99317
9/9/2014 10:00:00 AM,9/9/2014 2:00:00 PM,9/8/2014 9:45:00 AM,96367
9/9/2014 10:00:00 PM,9/10/2014 2:00:00 AM,9/8/2014 11:45:00 PM,92191
9/9/2014 11:00:00 AM,9/9/2014 3:00:00 PM,9/8/2014 11:45:00 AM,99494
9/9/2014 11:00:00 PM,9/10/2014 3:00:00 AM,9/8/2014 11:45:00 PM,84119
9/9/2014 12:00:00 AM,9/9/2014 4:00:00 AM,9/8/2014 5:45:00 AM,76693
9/9/2014 12:00:00 PM,9/9/2014 4:00:00 PM,9/8/2014 11:45:00 AM,101938
9/9/2014 1:00:00 AM,9/9/2014 5:00:00 AM,9/8/2014 5:45:00 AM,72643
9/9/2014 1:00:00 PM,9/9/2014 5:00:00 PM,9/8/2014 11:45:00 AM,104355
9/9/2014 2:00:00 AM,9/9/2014 6:00:00 AM,9/8/2014 5:45:00 AM,70117
9/9/2014 2:00:00 PM,9/9/2014 6:00:00 PM,9/8/2014 11:45:00 AM,105945
9/9/2014 3:00:00 AM,9/9/2014 7:00:00 AM,9/8/2014 5:45:00 AM,68911
9/9/2014 3:00:00 PM,9/9/2014 7:00:00 PM,9/8/2014 5:45:00 PM,105770
9/9/2014 4:00:00 AM,9/9/2014 8:00:00 AM,9/8/2014 5:45:00 AM,69479
9/9/2014 4:00:00 PM,9/9/2014 8:00:00 PM,9/8/2014 5:45:00 PM,106855
9/9/2014 5:00:00 AM,9/9/2014 9:00:00 AM,9/8/2014 5:45:00 AM,73420
9/9/2014 5:00:00 PM,9/9/2014 9:00:00 PM,9/8/2014 5:45:00 PM,106983
9/9/2014 6:00:00 AM,9/9/2014 10:00:00 AM,9/8/2014 5:45:00 AM,80346
9/9/2014 6:00:00 PM,9/9/2014 10:00:00 PM,9/8/2014 5:45:00 PM,105036
9/9/2014 7:00:00 AM,9/9/2014 11:00:00 AM,9/8/2014 5:45:00 AM,85482
9/9/2014 7:00:00 PM,9/9/2014 11:00:00 PM,9/8/2014 5:45:00 PM,102919
9/9/2014 8:00:00 AM,9/9/2014 12:00:00 PM,9/8/2014 9:45:00 AM,89273
9/9/2014 8:00:00 PM,9/10/2014 12:00:00 AM,9/8/2014 5:45:00 PM,102615
9/9/2014 9:00:00 AM,9/9/2014 1:00:00 PM,9/8/2014 9:45:00 AM,92861
9/9/2014 9:00:00 PM,9/10/2014 1:00:00 AM,9/8/2014 11:45:00 PM,99509
