station_id,init_date,forecast_hour,relative_horizon_hour,wind_u_10m_mps,wind_v_10m_mps,relative_humidity_2m_percent,temperature_2m_kelvin,surface_pressure_pa,surface_pressure_hpa,temperature_2m_celsius,wind_speed_10m_mps,initialization_utc,valid_time_utc,valid_time_pjm,wind_chill_celsius,heating_degree_celsius,temp_ramp_3h_celsius,temp_ramp_6h_celsius,temp_1h_ago_celsius,temp_2h_ago_celsius,cold_duration_hours
Baltimore_Washington_MD,2014-03-08,18,0,-2.7272368000000005,-5.012072399999999,100.0,250.37,101097.9,1010.979,-22.779999999999973,5.706022284053576,2014-03-08 06:00:00,2014-03-09 00:00:00+00:00,2014-03-08 19:00:00-05:00,-34.12803497965168,40.77999999999997,4.670000000000016,4.180000000000007,-27.44999999999999,-26.95999999999998,1
Baltimore_Washington_MD,2014-03-08,19,1,-2.6872368000000004,-5.0551754666666655,100.0,250.17666666666668,101095.96666666666,1010.9596666666666,-22.9733333333333,5.725036298405695,2014-03-08 06:00:00,2014-03-09 01:00:00+00:00,2014-03-08 20:00:00-05:00,-34.390204502116816,40.9733333333333,-0.19333333333332803,4.476666666666688,-22.779999999999973,-27.44999999999999,2
Baltimore_Washington_MD,2014-03-08,20,2,-2.6472368000000004,-5.098278533333333,100.0,249.98333333333332,101094.03333333334,1010.9403333333336,-23.166666666666657,5.744589339432517,2014-03-08 06:00:00,2014-03-09 02:00:00+00:00,2014-03-08 21:00:00-05:00,-34.652958044602535,41.16666666666666,-0.19333333333335645,-0.3866666666666845,-22.9733333333333,-22.779999999999973,3
Baltimore_Washington_MD,2014-03-08,21,3,-2.6072368000000004,-5.141381599999999,100.0,249.79,101092.1,1010.921,-23.359999999999985,5.764675922208706,2014-03-08 06:00:00,2014-03-09 03:00:00+00:00,2014-03-08 22:00:00-05:00,-34.91629155835156,41.359999999999985,-0.19333333333332803,-0.3866666666666845,-23.166666666666657,-22.9733333333333,4
Baltimore_Washington_MD,2014-03-08,22,4,-2.6772368,-5.158048266666666,99.96666666666668,249.68666666666667,101082.10350933332,1010.8210350933332,-23.46333333333331,5.811459266357912,2014-03-08 06:00:00,2014-03-09 04:00:00+00:00,2014-03-08 23:00:00-05:00,-35.090534788097315,41.46333333333331,-0.10333333333332462,-0.29666666666665265,-23.359999999999985,-23.166666666666657,5
Baltimore_Washington_MD,2014-03-08,23,5,-2.7472368000000005,-5.174714933333333,99.93333333333334,249.58333333333331,101072.10701866668,1010.7210701866668,-23.566666666666663,5.85875282603194,2014-03-08 06:00:00,2014-03-09 05:00:00+00:00,2014-03-09 00:00:00-05:00,-35.2651269227519,41.56666666666666,-0.10333333333335304,-0.20666666666667766,-23.46333333333331,-23.359999999999985,6
Baltimore_Washington_MD,2014-03-08,24,6,-2.8172368000000003,-5.1913816,99.9,249.48,101062.110528,1010.62110528,-23.669999999999987,5.906544345392896,2014-03-08 06:00:00,2014-03-09 06:00:00+00:00,2014-03-09 01:00:00-05:00,-35.44005256742788,41.66999999999999,-0.10333333333332462,-0.20666666666667766,-23.566666666666663,-23.46333333333331,7
Baltimore_Washington_MD,2014-03-08,25,7,-2.883903466666667,-5.088278533333333,99.93333333333334,249.37,101067.40701866666,1010.6740701866668,-23.779999999999973,5.8487158964881205,2014-03-08 06:00:00,2014-03-09 07:00:00+00:00,2014-03-09 03:00:00-04:00,-35.52619270996591,41.77999999999997,-0.10999999999998522,-0.21333333333330984,-23.669999999999987,-23.566666666666663,8
Baltimore_Washington_MD,2014-03-08,26,8,-2.9505701333333336,-4.985175466666667,99.96666666666668,249.26,101072.70350933334,1010.7270350933334,-23.889999999999983,5.792912785911239,2014-03-08 06:00:00,2014-03-09 08:00:00+00:00,2014-03-09 04:00:00-04:00,-35.61355899921769,41.889999999999986,-0.11000000000001009,-0.2199999999999953,-23.779999999999973,-23.669999999999987,9
Baltimore_Washington_MD,2014-03-08,27,9,-3.0172368000000005,-4.8820724,100.0,249.15,101078.0,1010.78,-23.99999999999997,5.7391940920407984,2014-03-08 06:00:00,2014-03-09 09:00:00+00:00,2014-03-09 05:00:00-04:00,-35.70225467563707,41.99999999999997,-0.10999999999998877,-0.21999999999999886,-23.889999999999983,-23.779999999999973,10
Baltimore_Washington_MD,2014-03-08,28,10,-3.0039034666666673,-4.8485088,100.0,249.06666666666663,101077.06770833331,1010.7706770833332,-24.08333333333331,5.703636876654182,2014-03-08 06:00:00,2014-03-09 10:00:00+00:00,2014-03-09 06:00:00-04:00,-35.77393432921165,42.083333333333314,-0.08333333333333925,-0.19333333333332803,-23.99999999999997,-23.889999999999983,11
Baltimore_Washington_MD,2014-03-08,29,11,-2.9905701333333337,-4.8149452,100.0,248.98333333333335,101076.13541666669,1010.7613541666668,-24.16666666666663,5.668086714349773,2014-03-08 06:00:00,2014-03-09 11:00:00+00:00,2014-03-09 07:00:00-04:00,-35.84533662760701,42.16666666666663,-0.08333333333331794,-0.1666666666666572,-24.08333333333331,-23.99999999999997,12
Baltimore_Washington_MD,2014-03-08,30,12,-2.9772368000000005,-4.7813816000000005,100.0,248.9,101075.203125,1010.75203125,-24.24999999999997,5.632543738675521,2014-03-08 06:00:00,2014-03-09 12:00:00+00:00,2014-03-09 08:00:00-04:00,-35.9164589421195,42.24999999999997,-0.08333333333334281,-0.16666666666666075,-24.16666666666663,-24.08333333333331,13
Baltimore_Washington_MD,2014-03-08,31,13,-3.040570133333334,-4.701611866666667,100.0,248.83333333333337,101081.07225933332,1010.8107225933334,-24.31666666666663,5.599126796251315,2014-03-08 06:00:00,2014-03-09 13:00:00+00:00,2014-03-09 09:00:00-04:00,-35.968312641166136,42.316666666666634,-0.06666666666665932,-0.15000000000000213,-24.24999999999997,-24.16666666666663,14
Baltimore_Washington_MD,2014-03-08,32,14,-3.1039034666666674,-4.621842133333333,100.0,248.76666666666665,101086.94139366668,1010.8694139366668,-24.38333333333333,5.567372938454955,2014-03-08 06:00:00,2014-03-09 14:00:00+00:00,2014-03-09 10:00:00-04:00,-36.021546687199766,42.383333333333326,-0.0666666666666984,-0.13333333333335773,-24.31666666666663,-24.24999999999997,15
Baltimore_Washington_MD,2014-03-08,33,15,-3.167236800000001,-4.5420723999999995,100.0,248.7,101092.81052800002,1010.9281052800002,-24.44999999999999,5.537310776371144,2014-03-08 06:00:00,2014-03-09 15:00:00+00:00,2014-03-09 11:00:00-04:00,-36.076216400225206,42.44999999999999,-0.06666666666665932,-0.13333333333335773,-24.38333333333333,-24.31666666666663,16
Baltimore_Washington_MD,2014-03-08,34,16,-3.1208004000000007,-4.395175466666666,99.96666666666668,248.6,101097.040352,1010.97040352,-24.549999999999983,5.390451049720117,2014-03-08 06:00:00,2014-03-09 16:00:00+00:00,2014-03-09 12:00:00-04:00,-36.05617667749247,42.54999999999998,-0.09999999999999432,-0.16666666666665364,-24.44999999999999,-24.38333333333333,17
Baltimore_Washington_MD,2014-03-08,35,17,-3.074364000000001,-4.248278533333333,99.93333333333334,248.5,101101.270176,1011.01270176,-24.649999999999977,5.244004624452272,2014-03-08 06:00:00,2014-03-09 17:00:00+00:00,2014-03-09 13:00:00-04:00,-36.03262315657024,42.64999999999998,-0.09999999999999432,-0.19999999999998863,-24.549999999999983,-24.44999999999999,18
Baltimore_Washington_MD,2014-03-08,36,18,-3.027927600000001,-4.1013816,99.9,248.4,101105.5,1011.055,-24.74999999999997,5.098007118439551,2014-03-08 06:00:00,2014-03-09 18:00:00+00:00,2014-03-09 14:00:00-04:00,-36.005430549611475,42.74999999999997,-0.09999999999999432,-0.19999999999998863,-24.649999999999977,-24.549999999999983,19
Baltimore_Washington_MD,2014-03-08,37,19,-3.001260933333334,-3.948278533333333,99.23333333333332,248.26666666666668,101138.770176,1011.38770176,-24.883333333333297,4.959482893078037,2014-03-08 06:00:00,2014-03-09 19:00:00+00:00,2014-03-09 15:00:00-04:00,-36.023735337951194,42.8833333333333,-0.13333333333332575,-0.23333333333332007,-24.74999999999997,-24.649999999999977,20
Baltimore_Washington_MD,2014-03-08,38,20,-2.9745942666666676,-3.7951754666666666,98.56666666666668,248.13333333333333,101172.040352,1011.72040352,-25.01666666666665,4.821987958723534,2014-03-08 06:00:00,2014-03-09 20:00:00+00:00,2014-03-09 16:00:00-04:00,-36.03890613583067,43.01666666666665,-0.13333333333335418,-0.26666666666667993,-24.883333333333297,-24.74999999999997,21
Baltimore_Washington_MD,2014-03-08,39,21,-2.9479276000000008,-3.6420724,97.9,248.0,101205.31052800002,1012.0531052800002,-25.149999999999977,4.685612927001496,2014-03-08 06:00:00,2014-03-09 21:00:00+00:00,2014-03-09 17:00:00-04:00,-36.05092379955967,43.14999999999998,-0.13333333333332575,-0.26666666666667993,-25.01666666666665,-24.883333333333297,22
Baltimore_Washington_MD,2014-03-08,40,22,-2.861491200000001,-3.4182785333333334,95.8,247.86,101202.940352,1012.02940352,-25.289999999999964,4.457887394172819,2014-03-08 06:00:00,2014-03-09 22:00:00+00:00,2014-03-09 18:00:00-04:00,-35.958176208939676,43.289999999999964,-0.13999999999998636,-0.2733333333333121,-25.149999999999977,-25.01666666666665,23
Baltimore_Washington_MD,2014-03-08,41,23,-2.7750548000000004,-3.1944846666666664,93.7,247.72,101200.570176,1012.00570176,-25.42999999999998,4.231508174229548,2014-03-08 06:00:00,2014-03-09 23:00:00+00:00,2014-03-09 19:00:00-04:00,-35.85398808525641,43.42999999999998,-0.14000000000001478,-0.28000000000000114,-25.289999999999964,-25.149999999999977,24
Baltimore_Washington_MD,2014-03-08,42,24,-2.6886184,-2.9706908,91.6,247.58,101198.2,1011.982,-25.569999999999965,4.006703474182136,2014-03-08 06:00:00,2014-03-10 00:00:00+00:00,2014-03-09 20:00:00-04:00,-35.737627704884595,43.569999999999965,-0.13999999999998636,-0.28000000000000114,-25.42999999999998,-25.289999999999964,25
Baltimore_Washington_MD,2014-03-08,43,25,-2.525285066666667,-2.864024133333333,91.66666666666666,247.44333333333333,101216.53333333333,1012.1653333333333,-25.70666666666665,3.818337191009382,2014-03-08 06:00:00,2014-03-10 01:00:00+00:00,2014-03-09 21:00:00-04:00,-35.6519693854128,43.70666666666665,-0.13666666666668448,-0.27666666666667084,-25.569999999999965,-25.42999999999998,26
Baltimore_Washington_MD,2014-03-08,44,26,-2.3619517333333335,-2.7573574666666665,91.73333333333332,247.30666666666667,101234.86666666668,1012.3486666666666,-25.843333333333305,3.630679852256153,2014-03-08 06:00:00,2014-03-10 02:00:00+00:00,2014-03-09 22:00:00-04:00,-35.55529007487274,43.843333333333305,-0.13666666666665606,-0.27333333333334053,-25.70666666666665,-25.569999999999965,27
Baltimore_Washington_MD,2014-03-08,45,27,-2.1986184000000004,-2.6506907999999996,91.8,247.17,101253.2,1012.532,-25.97999999999999,3.4438473523115394,2014-03-08 06:00:00,2014-03-10 03:00:00+00:00,2014-03-09 23:00:00-04:00,-35.44677659261835,43.97999999999999,-0.13666666666668448,-0.27333333333334053,-25.843333333333305,-25.70666666666665,28
Baltimore_Washington_MD,2014-03-08,46,28,-2.031951733333334,-2.457357466666666,94.46206133333334,246.68,101265.73333333334,1012.6573333333332,-26.47,3.1886413353619365,2014-03-08 06:00:00,2014-03-10 04:00:00+00:00,2014-03-10 00:00:00-04:00,-35.64146823579909,44.47,-0.4900000000000091,-0.6266666666666936,-25.97999999999999,-25.843333333333305,29
Baltimore_Washington_MD,2014-03-08,47,29,-1.865285066666667,-2.264024133333333,97.12412266666666,246.19,101278.26666666666,1012.7826666666666,-26.95999999999998,2.933443992348485,2014-03-08 06:00:00,2014-03-10 05:00:00+00:00,2014-03-10 01:00:00-04:00,-35.80091501374358,44.95999999999998,-0.4899999999999807,-0.9799999999999898,-26.47,-25.97999999999999,30
Baltimore_Washington_MD,2014-03-08,48,30,-1.6986184000000002,-2.0706907999999995,99.786184,245.7,101290.8,1012.908,-27.44999999999999,2.678257802755963,2014-03-08 06:00:00,2014-03-10 06:00:00+00:00,2014-03-10 02:00:00-04:00,-35.91965523145708,45.44999999999999,-0.4900000000000091,-0.9799999999999898,-26.95999999999998,-26.47,31
Baltimore_Washington_MD,20140106,18,0,-3.610690799999999,0.7879276000000005,99.0,241.0093092,102571.903125,1025.71903125,-32.14069079999999,3.695662045702555,2014-01-06 06:00:00,2014-01-07 00:00:00+00:00,2014-01-06 19:00:00-05:00,-43.33961387144513,50.14069079999999,-4.99069080000001,-4.624024133333336,-27.149999999999977,-27.51666666666665,1
Baltimore_Washington_MD,20140106,19,1,-3.796896933333333,0.5845942666666671,98.76666666666668,241.0728728,102586.80208333331,1025.8680208333333,-32.07712719999998,3.841637252393257,2014-01-06 06:00:00,2014-01-07 01:00:00+00:00,2014-01-06 20:00:00-05:00,-43.48857944580064,50.07712719999998,0.06356360000000905,-4.927127200000001,-32.14069079999999,-27.149999999999977,2
Baltimore_Washington_MD,20140106,20,2,-3.9831030666666662,0.3812609333333338,98.53333333333332,241.1364364,102601.70104166667,1026.0170104166668,-32.0135636,4.0013085283411485,2014-01-06 06:00:00,2014-01-07 02:00:00+00:00,2014-01-06 21:00:00-05:00,-43.65018081673489,50.0135636,0.06356359999998062,0.12712719999998967,-32.07712719999998,-32.14069079999999,3
Baltimore_Washington_MD,20140106,21,3,-4.169309200000001,0.1779276000000004,98.3,241.2,102616.6,1026.1660000000002,-31.94999999999999,4.173104052865972,2014-01-06 06:00:00,2014-01-07 03:00:00+00:00,2014-01-06 22:00:00-05:00,-43.82065128203146,49.94999999999999,0.06356360000000905,0.12712719999998967,-32.0135636,-32.07712719999998,4
Baltimore_Washington_MD,20140106,22,4,-4.205975866666667,-0.2020723999999996,98.1,241.36666666666665,102638.6,1026.386,-31.78333333333333,4.210827263831203,2014-01-06 06:00:00,2014-01-07 04:00:00+00:00,2014-01-06 23:00:00-05:00,-43.668407248342476,49.78333333333333,0.1666666666666572,0.23023026666666624,-31.94999999999999,-32.0135636,5
Baltimore_Washington_MD,20140106,23,5,-4.242642533333334,-0.5820723999999997,97.9,241.53333333333333,102660.6,1026.606,-31.61666666666665,4.282385310138597,2014-01-06 06:00:00,2014-01-07 05:00:00+00:00,2014-01-07 00:00:00-05:00,-43.562441978391774,49.616666666666646,0.16666666666668206,0.33333333333333925,-31.78333333333333,-31.94999999999999,6
Baltimore_Washington_MD,20140106,24,6,-4.2793092,-0.9620723999999996,97.7,241.7,102682.6,1026.826,-31.44999999999999,4.386122493962794,2014-01-06 06:00:00,2014-01-07 06:00:00+00:00,2014-01-07 01:00:00-05:00,-43.498191173919636,49.44999999999999,0.16666666666666075,0.3333333333333428,-31.61666666666665,-31.78333333333333,7
Baltimore_Washington_MD,20140106,25,7,-4.505975866666667,-1.2256359999999995,97.79539466666668,241.76666666666665,102705.70104166667,1027.0570104166668,-31.38333333333333,4.6696897236838355,2014-01-06 06:00:00,2014-01-07 07:00:00+00:00,2014-01-07 02:00:00-05:00,-43.78869985570408,49.383333333333326,0.06666666666665932,0.23333333333332007,-31.44999999999999,-31.61666666666665,8
Baltimore_Washington_MD,20140106,26,8,-4.732642533333333,-1.4891995999999996,97.89078933333332,241.83333333333337,102728.80208333331,1027.2880208333331,-31.31666666666663,4.961413185470034,2014-01-06 06:00:00,2014-01-07 08:00:00+00:00,2014-01-07 03:00:00-05:00,-44.069763586234835,49.316666666666634,0.0666666666666984,0.13333333333335773,-31.38333333333333,-31.44999999999999,9
Baltimore_Washington_MD,20140106,27,9,-4.9593092,-1.7527631999999995,97.986184,241.9,102751.903125,1027.51903125,-31.24999999999997,5.2599359859677834,2014-01-06 06:00:00,2014-01-07 09:00:00+00:00,2014-01-07 04:00:00-05:00,-44.34035318440708,49.24999999999997,0.06666666666665932,0.13333333333335773,-31.31666666666663,-31.38333333333333,10
Baltimore_Washington_MD,20140106,28,10,-5.0257456,-1.8094298666666664,97.95975866666666,241.99310306666663,102758.36875,1027.5836875,-31.15689693333331,5.341549894768812,2014-01-06 06:00:00,2014-01-07 10:00:00+00:00,2014-01-07 05:00:00-05:00,-44.317069957692254,49.156896933333314,0.0931030666666608,0.15976973333332012,-31.24999999999997,-31.31666666666663,11
Baltimore_Washington_MD,20140106,29,11,-5.092182,-1.866096533333333,97.93333333333334,242.08620613333335,102764.834375,1027.64834375,-31.06379386666663,5.423341570733185,2014-01-06 06:00:00,2014-01-07 11:00:00+00:00,2014-01-07 06:00:00-05:00,-44.29250221556396,49.06379386666663,0.09310306666668211,0.1862061333333429,-31.15689693333331,-31.24999999999997,12
Baltimore_Washington_MD,20140106,30,12,-5.1586184,-1.9227631999999997,97.906908,242.1793092,102771.3,1027.713,-30.97069079999997,5.505303090665653,2014-01-06 06:00:00,2014-01-07 12:00:00+00:00,2014-01-07 07:00:00-05:00,-44.26667111191088,48.97069079999997,0.09310306666665724,0.18620613333333935,-31.06379386666663,-31.15689693333331,13
Baltimore_Washington_MD,20140106,31,13,-5.2586184000000005,-2.0496601333333326,97.964364,242.28264253333333,102780.56770833331,1027.8056770833332,-30.867357466666647,5.64395022470916,2014-01-06 06:00:00,2014-01-07 13:00:00+00:00,2014-01-07 08:00:00-05:00,-44.28819129400303,48.86735746666665,0.10333333333332462,0.19643639999998186,-30.97069079999997,-31.06379386666663,14
Baltimore_Washington_MD,20140106,32,14,-5.3586184,-2.176557066666666,98.02182000000002,242.38597586666668,102789.83541666668,1027.8983541666666,-30.764024133333297,5.783786979244236,2014-01-06 06:00:00,2014-01-07 14:00:00+00:00,2014-01-07 09:00:00-05:00,-44.30734967393749,48.764024133333294,0.10333333333334949,0.2066666666666741,-30.867357466666647,-30.97069079999997,15
Baltimore_Washington_MD,20140106,33,15,-5.458618400000001,-2.303453999999999,98.07927600000002,242.4893092,102799.103125,1027.99103125,-30.66069079999997,5.924729121819373,2014-01-06 06:00:00,2014-01-07 15:00:00+00:00,2014-01-07 10:00:00-05:00,-44.32412847194427,48.66069079999997,0.10333333333332817,0.20666666666667766,-30.764024133333297,-30.867357466666647,16
Baltimore_Washington_MD,20140106,34,16,-5.5052850666666675,-2.4067873333333325,98.08618400000002,242.5993092,102778.06875,1027.7806875,-30.550690799999984,6.008393207269044,2014-01-06 06:00:00,2014-01-07 16:00:00+00:00,2014-01-07 11:00:00-05:00,-44.27066232475529,48.550690799999984,0.10999999999998522,0.2133333333333134,-30.66069079999997,-30.764024133333297,17
Baltimore_Washington_MD,20140106,35,17,-5.551951733333334,-2.5101206666666656,98.093092,242.7093092,102757.034375,1027.57034375,-30.44069079999997,6.093018448231559,2014-01-06 06:00:00,2014-01-07 17:00:00+00:00,2014-01-07 12:00:00-05:00,-44.21684721473126,48.44069079999997,0.11000000000001364,0.21999999999999886,-30.550690799999984,-30.66069079999997,18
Baltimore_Washington_MD,20140106,36,18,-5.598618400000001,-2.613453999999999,98.1,242.8193092,102736.0,1027.36,-30.330690799999985,6.178565351190725,2014-01-06 06:00:00,2014-01-07 18:00:00+00:00,2014-01-07 13:00:00-05:00,-44.16263560128435,48.330690799999985,0.10999999999998522,0.21999999999999886,-30.44069079999997,-30.550690799999984,19
Baltimore_Washington_MD,20140106,37,19,-5.685285066666668,-2.736787333333333,98.06896933333331,242.99597586666667,102721.66666666669,1027.2166666666667,-30.15402413333331,6.309712449641172,2014-01-06 06:00:00,2014-01-07 19:00:00+00:00,2014-01-07 14:00:00-05:00,-44.066757383423685,48.15402413333331,0.17666666666667652,0.28666666666666174,-30.330690799999985,-30.44069079999997,20
Baltimore_Washington_MD,20140106,38,20,-5.771951733333334,-2.8601206666666656,98.03793866666666,243.17264253333332,102707.33333333331,1027.0733333333333,-29.97735746666666,6.441716932606046,2014-01-06 06:00:00,2014-01-07 20:00:00+00:00,2014-01-07 15:00:00-05:00,-43.96869750916859,47.97735746666666,0.1766666666666481,0.3533333333333246,-30.15402413333331,-30.330690799999985,21
Baltimore_Washington_MD,20140106,39,21,-5.858618400000001,-2.983453999999999,98.006908,243.3493092,102693.0,1026.93,-29.800690799999984,6.5745271561485366,2014-01-06 06:00:00,2014-01-07 21:00:00+00:00,2014-01-07 16:00:00-05:00,-43.868461406457584,47.800690799999984,0.17666666666667652,0.3533333333333246,-29.97735746666666,-30.15402413333331,22
Baltimore_Washington_MD,20140106,40,22,-5.8883881333333346,-3.2101206666666657,97.94024133333332,243.54620613333333,102666.73333333334,1026.667333333333,-29.60379386666665,6.706563166282807,2014-01-06 06:00:00,2014-01-07 22:00:00+00:00,2014-01-07 17:00:00-05:00,-43.73872981460754,47.60379386666665,0.1968969333333348,0.3735636000000113,-29.800690799999984,-29.97735746666666,23
Baltimore_Washington_MD,20140106,41,23,-5.918157866666667,-3.4367873333333328,97.87357466666668,243.74310306666663,102640.46666666666,1026.4046666666666,-29.40689693333331,6.8436905036207625,2014-01-06 06:00:00,2014-01-07 23:00:00+00:00,2014-01-07 18:00:00-05:00,-43.61075438232353,47.406896933333314,0.19689693333333835,0.39379386666667315,-29.60379386666665,-29.800690799999984,24
Baltimore_Washington_MD,20140106,42,24,-5.947927600000001,-3.6634539999999993,97.806908,243.94,102614.2,1026.142,-29.20999999999998,6.985609346718278,2014-01-06 06:00:00,2014-01-08 00:00:00+00:00,2014-01-07 19:00:00-05:00,-43.48408864139675,47.20999999999998,0.19689693333333125,0.3937938666666696,-29.40689693333331,-29.60379386666665,25
Baltimore_Washington_MD,20140106,43,25,-6.057697333333334,-3.876787333333332,97.7,244.26,102546.83333333331,1025.4683333333332,-28.889999999999983,7.192021760963154,2014-01-06 06:00:00,2014-01-08 01:00:00+00:00,2014-01-07 20:00:00-05:00,-43.25122472410857,46.889999999999986,0.31999999999999673,0.516896933333328,-29.20999999999998,-29.40689693333331,26
Baltimore_Washington_MD,20140106,44,26,-6.167467066666667,-4.090120666666666,97.593092,244.58,102479.46666666667,1024.794666666667,-28.569999999999965,7.400455194534436,2014-01-06 06:00:00,2014-01-08 02:00:00+00:00,2014-01-07 21:00:00-05:00,-43.01382184776354,46.569999999999965,0.32000000000001805,0.6400000000000148,-28.889999999999983,-29.20999999999998,27
Baltimore_Washington_MD,20140106,45,27,-6.277236800000001,-4.303453999999999,97.486184,244.9,102412.1,1024.121,-28.24999999999997,7.610743601869021,2014-01-06 06:00:00,2014-01-08 03:00:00+00:00,2014-01-07 22:00:00-05:00,-42.77188714108565,46.24999999999997,0.3199999999999932,0.6400000000000112,-28.569999999999965,-28.889999999999983,28
Baltimore_Washington_MD,20140106,46,28,-6.493673200000001,-4.500350933333332,97.35975866666666,245.26666666666668,102340.73333333334,1023.4073333333332,-27.883333333333297,7.900693017169597,2014-01-06 06:00:00,2014-01-08 04:00:00+00:00,2014-01-07 23:00:00-05:00,-42.525622288013736,45.8833333333333,0.36666666666667425,0.6866666666666674,-28.24999999999997,-28.569999999999965,29
Baltimore_Washington_MD,20140106,47,29,-6.7101096,-4.6972478666666655,97.23333333333332,245.63333333333333,102269.36666666668,1022.6936666666668,-27.51666666666665,8.190830749375591,2014-01-06 06:00:00,2014-01-08 05:00:00+00:00,2014-01-08 00:00:00-05:00,-42.26964028823387,45.51666666666665,0.3666666666666458,0.7333333333333201,-27.883333333333297,-28.24999999999997,30
Baltimore_Washington_MD,20140106,48,30,-6.926546,-4.8941447999999985,97.106908,246.0,102198.0,1021.98,-27.149999999999977,8.48113747167696,2014-01-06 06:00:00,2014-01-08 06:00:00+00:00,2014-01-08 01:00:00-05:00,-42.00448710100994,45.14999999999998,0.36666666666667425,0.7333333333333201,-27.51666666666665,-27.883333333333297,31
Baltimore_Washington_MD,20140714,18,0,0.2293092000000001,-0.2293092000000001,87.2,271.6,101936.4,1019.364,-1.5499999999999543,0.3242921806169246,2014-07-14 06:00:00,2014-07-15 00:00:00+00:00,2014-07-14 20:00:00-04:00,-1.5499999999999543,19.549999999999955,-1.4999999999999998,-1.6666666666666854,-0.0499999999999545,0.116666666666731,1
Baltimore_Washington_MD,20140714,19,1,-0.0104605333333332,-0.2562061333333334,86.83333333333334,271.53333333333336,101908.0,1019.08,-1.6166666666666174,0.2564195887900056,2014-07-14 06:00:00,2014-07-15 01:00:00+00:00,2014-07-14 21:00:00-04:00,-1.6166666666666174,19.616666666666617,-0.0666666666666631,-1.5666666666666629,-1.5499999999999543,-0.0499999999999545,2
Baltimore_Washington_MD,20140714,20,2,-0.2502302666666666,-0.2831030666666667,86.46666666666667,271.4666666666667,101879.6,1018.796,-1.6833333333332805,0.3778392948227357,2014-07-14 06:00:00,2014-07-15 02:00:00+00:00,2014-07-14 22:00:00-04:00,-1.6833333333332805,19.68333333333328,-0.0666666666666631,-0.1333333333333262,-1.6166666666666174,-1.5499999999999543,3
Baltimore_Washington_MD,20140714,21,3,-0.49,-0.31,86.10000000000001,271.40000000000003,101851.2,1018.512,-1.7499999999999432,0.5798275605729689,2014-07-14 06:00:00,2014-07-15 03:00:00+00:00,2014-07-14 23:00:00-04:00,-1.7499999999999432,19.749999999999943,-0.06666666666666266,-0.13333333333332575,-1.6833333333332805,-1.6166666666666174,4
Baltimore_Washington_MD,20140714,22,4,-0.6797697333333333,-0.2535635999999999,85.16666666666667,271.6,101838.26770833333,1018.3826770833332,-1.5499999999999543,0.7255214604689727,2014-07-14 06:00:00,2014-07-15 04:00:00+00:00,2014-07-15 00:00:00-04:00,-1.5499999999999543,19.549999999999955,0.19999999999998885,0.1333333333333262,-1.7499999999999432,-1.6833333333332805,5
Baltimore_Washington_MD,20140714,23,5,-0.8695394666666667,-0.1971271999999999,84.23333333333335,271.8,101825.33541666668,1018.2533541666668,-1.349999999999966,0.8916041818378776,2014-07-14 06:00:00,2014-07-15 05:00:00+00:00,2014-07-15 01:00:00-04:00,-1.349999999999966,19.349999999999966,0.1999999999999884,0.39999999999997726,-1.5499999999999543,-1.7499999999999432,6
Baltimore_Washington_MD,20140714,24,6,-1.0593092000000002,-0.1406907999999998,83.30000000000001,272.0,101812.403125,1018.12403125,-1.1499999999999773,1.0686111932827955,2014-07-14 06:00:00,2014-07-15 06:00:00+00:00,2014-07-15 02:00:00-04:00,-1.1499999999999773,19.149999999999977,0.19999999999998863,0.39999999999997704,-1.349999999999966,-1.5499999999999543,7
Baltimore_Washington_MD,20140714,25,7,-1.3128728,-0.1875877333333331,81.63103066666667,272.43333333333334,101808.56875,1018.0856875,-0.7166666666666401,1.326206675702161,2014-07-14 06:00:00,2014-07-15 07:00:00+00:00,2014-07-15 03:00:00-04:00,-0.7166666666666401,18.71666666666664,0.4333333333333371,0.6333333333333258,-1.1499999999999773,-1.349999999999966,8
Baltimore_Washington_MD,20140714,26,8,-1.5664364000000002,-0.2344846666666664,79.96206133333334,272.8666666666667,101804.734375,1018.04734375,-0.283333333333303,1.5838895334418803,2014-07-14 06:00:00,2014-07-15 08:00:00+00:00,2014-07-15 04:00:00-04:00,-2.226415371408258,18.283333333333303,0.4333333333333371,0.8666666666666742,-0.7166666666666401,-1.1499999999999773,9
Baltimore_Washington_MD,20140714,27,9,-1.82,-0.2813815999999997,78.293092,273.3,101800.9,1018.009,0.1500000000000341,1.8416230897820975,2014-07-14 06:00:00,2014-07-15 09:00:00+00:00,2014-07-15 05:00:00-04:00,-2.09494527714518,17.849999999999966,0.4333333333333371,0.8666666666666742,-0.283333333333303,-0.7166666666666401,0
Baltimore_Washington_MD,20140714,28,10,-1.96,-0.264714933333333,79.32642533333333,273.33333333333337,101751.00104166666,1017.5100104166668,0.1833333333333939,1.9777952360974256,2014-07-14 06:00:00,2014-07-15 10:00:00+00:00,2014-07-15 06:00:00-04:00,-2.2318584982410403,17.816666666666606,0.033333333333359805,0.4666666666666969,0.1500000000000341,-0.283333333333303,0
Baltimore_Washington_MD,20140714,29,11,-2.1,-0.2480482666666663,80.35975866666668,273.3666666666667,101701.10208333332,1017.0110208333332,0.2166666666666969,2.114598766337562,2014-07-14 06:00:00,2014-07-15 11:00:00+00:00,2014-07-15 07:00:00-04:00,-2.3592448293391723,17.783333333333303,0.03333333333330299,0.0666666666666628,0.1833333333333939,0.1500000000000341,0
Baltimore_Washington_MD,20140714,30,12,-2.24,-0.2313815999999997,81.39309200000001,273.40000000000003,101651.203125,1016.51203125,0.2500000000000568,2.2519186141640555,2014-07-14 06:00:00,2014-07-15 12:00:00+00:00,2014-07-15 08:00:00-04:00,-2.4780309282507753,17.749999999999943,0.03333333333335989,0.06666666666666288,0.2166666666666969,0.1833333333333939,0
Baltimore_Washington_MD,20140714,31,13,-2.396666666666667,-0.234714933333333,81.96206133333334,273.43333333333334,101648.76875,1016.4876875,0.2833333333333598,2.4081325152575768,2014-07-14 06:00:00,2014-07-15 13:00:00+00:00,2014-07-15 09:00:00-04:00,-2.6086025946923717,17.71666666666664,0.03333333333330302,0.0666666666666629,0.2500000000000568,0.2166666666666969,0
Baltimore_Washington_MD,20140714,32,14,-2.5533333333333332,-0.2380482666666663,82.53103066666668,273.4666666666667,101646.334375,1016.46334375,0.3166666666667197,2.5644059913309585,2014-07-14 06:00:00,2014-07-15 14:00:00+00:00,2014-07-15 10:00:00-04:00,-2.729834314457683,17.68333333333328,0.033333333333359916,0.06666666666666293,0.2833333333333598,0.2500000000000568,0
Baltimore_Washington_MD,20140714,33,15,-2.71,-0.2413815999999997,83.10000000000001,273.5,101643.9,1016.439,0.3500000000000227,2.7207287767836323,2014-07-14 06:00:00,2014-07-15 15:00:00+00:00,2014-07-15 11:00:00-04:00,-2.8427227757599645,17.649999999999977,0.03333333333330296,0.06666666666666288,0.3166666666667197,0.2833333333333598,0
Baltimore_Washington_MD,20140714,34,16,-2.7533333333333334,-0.1513815999999997,83.46666666666667,273.5,101594.5,1015.945,0.3500000000000227,2.7574917648586013,2014-07-14 06:00:00,2014-07-15 16:00:00+00:00,2014-07-15 12:00:00-04:00,-2.8775067626223945,17.649999999999977,0.0,0.03333333333330296,0.3500000000000227,0.3166666666667197,0
Baltimore_Washington_MD,20140714,35,17,-2.7966666666666664,-0.0613815999999997,83.83333333333334,273.5,101545.1,1015.451,0.3500000000000227,2.7973401911928772,2014-07-14 06:00:00,2014-07-15 17:00:00+00:00,2014-07-15 13:00:00-04:00,-2.9147728726770112,17.649999999999977,0.0,0.0,0.3500000000000227,0.3500000000000227,0
Baltimore_Washington_MD,20140714,36,18,-2.84,0.0286184000000002,84.2,273.5,101495.7,1014.957,0.3500000000000227,2.8401441887373537,2014-07-14 06:00:00,2014-07-15 18:00:00+00:00,2014-07-15 14:00:00-04:00,-2.9543095157228407,17.649999999999977,0.0,0.0,0.3500000000000227,0.3500000000000227,0
Baltimore_Washington_MD,20140714,37,19,-2.829769733333334,-0.0980482666666664,83.8,273.53333333333336,101478.69649066668,1014.7869649066666,0.3833333333333826,2.831467853655722,2014-07-14 06:00:00,2014-07-15 19:00:00+00:00,2014-07-15 15:00:00-04:00,-2.906456942927614,17.616666666666617,0.033333333333359916,0.033333333333359916,0.3500000000000227,0.3500000000000227,0
Baltimore_Washington_MD,20140714,38,20,-2.8195394666666664,-0.224714933333333,83.4,273.56666666666666,101461.69298133333,1014.6169298133332,0.4166666666666856,2.8284800874946874,2014-07-14 06:00:00,2014-07-15 20:00:00+00:00,2014-07-15 16:00:00-04:00,-2.8638337910323823,17.583333333333314,0.03333333333330302,0.06666666666666293,0.3833333333333826,0.3500000000000227,0
Baltimore_Washington_MD,20140714,39,21,-2.8093092,-0.3513815999999997,83.0,273.6,101444.689472,1014.44689472,0.4500000000000455,2.8311988997637023,2014-07-14 06:00:00,2014-07-15 21:00:00+00:00,2014-07-15 17:00:00-04:00,-2.8264519887543553,17.549999999999955,0.03333333333335986,0.06666666666666288,0.4166666666666856,0.3833333333333826,0
Baltimore_Washington_MD,20140714,40,22,-2.7559758666666667,-0.7644846666666665,82.50230266666667,273.6333333333333,101433.62631466666,1014.3362631466666,0.4833333333333485,2.8600419198357088,2014-07-14 06:00:00,2014-07-15 22:00:00+00:00,2014-07-15 18:00:00-04:00,-2.8128782971405526,17.51666666666665,0.03333333333330302,0.06666666666666288,0.4500000000000455,0.4166666666666856,0
Baltimore_Washington_MD,20140714,41,23,-2.702642533333333,-1.177587733333333,82.00460533333333,273.6666666666667,101422.56315733334,1014.2256315733334,0.5166666666667084,2.9480484278043253,2014-07-14 06:00:00,2014-07-15 23:00:00+00:00,2014-07-15 19:00:00-04:00,-2.8517835706470036,17.48333333333329,0.03333333333335986,0.06666666666666288,0.4833333333333485,0.4500000000000455,0
Baltimore_Washington_MD,20140714,42,24,-2.6493092,-1.5906908,81.506908,273.7,101411.5,1014.115,0.5500000000000114,3.090167707165629,2014-07-14 06:00:00,2014-07-16 00:00:00+00:00,2014-07-15 20:00:00-04:00,-2.9348341251092576,17.44999999999999,0.03333333333330302,0.06666666666666288,0.5166666666667084,0.4833333333333485,0
Baltimore_Washington_MD,20140714,43,25,-2.5457456,-1.8440241333333336,81.50460533333333,273.6666666666667,101385.23333333334,1013.8523333333334,0.5166666666667084,3.1434448721482475,2014-07-14 06:00:00,2014-07-16 01:00:00+00:00,2014-07-15 21:00:00-04:00,-3.019943170856458,17.48333333333329,-0.03333333333330302,0.0,0.5500000000000114,0.5166666666667084,0
Baltimore_Washington_MD,20140714,44,26,-2.442182,-2.097357466666667,81.50230266666667,273.6333333333333,101358.96666666666,1013.5896666666666,0.4833333333333485,3.219186428914364,2014-07-14 06:00:00,2014-07-16 02:00:00+00:00,2014-07-15 22:00:00-04:00,-3.1230478457899866,17.51666666666665,-0.03333333333335986,-0.06666666666666288,0.5166666666667084,0.5500000000000114,0
Baltimore_Washington_MD,20140714,45,27,-2.3386184,-2.3506908,81.5,273.6,101332.7,1013.327,0.4500000000000455,3.3158533227546725,2014-07-14 06:00:00,2014-07-16 03:00:00+00:00,2014-07-15 23:00:00-04:00,-3.241916583416323,17.549999999999955,-0.03333333333330302,-0.06666666666666288,0.4833333333333485,0.5166666666667084,0
Baltimore_Washington_MD,20140714,46,28,-2.2688486666666665,-2.5242544,81.76666666666667,273.43333333333334,101328.5,1013.285,0.2833333333333598,3.3940439814702565,2014-07-14 06:00:00,2014-07-16 04:00:00+00:00,2014-07-16 00:00:00-04:00,-3.506305977114395,17.71666666666664,-0.16666666666668567,-0.1999999999999887,0.4500000000000455,0.4833333333333485,0
Baltimore_Washington_MD,20140714,47,29,-2.199078933333334,-2.697818,82.03333333333335,273.2666666666667,101324.3,1013.243,0.116666666666731,3.480541641203919,2014-07-14 06:00:00,2014-07-16 05:00:00+00:00,2014-07-16 01:00:00-04:00,-3.7767103557206028,17.88333333333327,-0.1666666666666288,-0.3333333333333145,0.2833333333333598,0.4500000000000455,0
Baltimore_Washington_MD,20140714,48,30,-2.1293092,-2.8713816,82.30000000000001,273.1,101320.1,1013.201,-0.0499999999999545,3.5747433421188712,2014-07-14 06:00:00,2014-07-16 06:00:00+00:00,2014-07-16 02:00:00-04:00,-4.052409505080821,18.049999999999955,-0.1666666666666855,-0.3333333333333143,0.116666666666731,0.2833333333333598,1
Baltimore_Washington_MD,20141101,18,0,0.7393092000000001,1.34,99.906908,247.45,101172.6,1011.726,-25.69999999999999,1.5304176205221374,2014-11-01 06:00:00,2014-11-02 00:00:00+00:00,2014-11-01 20:00:00-04:00,-31.181322516557238,43.69999999999999,3.00930919999999,3.575975866666653,-28.70930919999998,-29.27597586666664,1
Baltimore_Washington_MD,20141101,19,1,0.6159758666666668,1.1202302666666666,99.93793866666668,246.19,101155.03333333334,1011.5503333333334,-26.95999999999998,1.278413907414896,2014-11-01 06:00:00,2014-11-02 01:00:00+00:00,2014-11-01 21:00:00-04:00,-26.95999999999998,44.95999999999998,-1.259999999999991,1.749309199999999,-25.69999999999999,-28.70930919999998,2
Baltimore_Washington_MD,20141101,20,2,0.4926425333333334,0.9004605333333333,99.96896933333332,244.93,101137.46666666666,1011.3746666666666,-28.22,1.026414067391925,2014-11-01 06:00:00,2014-11-02 02:00:00+00:00,2014-11-01 22:00:00-04:00,-28.22,46.22,-1.2600000000000193,-2.5200000000000102,-26.95999999999998,-25.69999999999999,3
Baltimore_Washington_MD,20141101,21,3,0.3693092000000001,0.6806907999999998,100.0,243.67,101119.9,1011.199,-29.47999999999999,0.7744218814117275,2014-11-01 06:00:00,2014-11-02 03:00:00+00:00,2014-11-01 23:00:00-04:00,-29.47999999999999,47.47999999999999,-1.259999999999991,-2.5200000000000102,-28.22,-26.95999999999998,4
Baltimore_Washington_MD,20141101,22,4,0.1193092000000001,0.7371271999999999,99.96896933333332,243.35023026666667,101099.0,1010.99,-29.799769733333303,0.7467202917990643,2014-11-01 06:00:00,2014-11-02 04:00:00+00:00,2014-11-02 00:00:00-04:00,-29.799769733333303,47.79976973333331,-0.31976973333331316,-1.579769733333304,-29.47999999999999,-28.22,5
Baltimore_Washington_MD,20141101,23,5,-0.1306907999999998,0.7935635999999999,99.93793866666668,243.03046053333333,101078.1,1010.781,-30.11953946666665,0.8042532390047303,2014-11-01 06:00:00,2014-11-02 05:00:00+00:00,2014-11-02 01:00:00-04:00,-30.11953946666665,48.11953946666665,-0.3197697333333487,-0.6395394666666618,-29.799769733333303,-29.47999999999999,6
Baltimore_Washington_MD,20141101,24,6,-0.3806907999999998,0.85,99.906908,242.7106908,101057.2,1010.572,-30.43930919999997,0.9313567980127916,2014-11-01 06:00:00,2014-11-02 06:00:00+00:00,2014-11-02 01:00:00-05:00,-30.43930919999997,48.43930919999997,-0.3197697333333167,-0.6395394666666654,-30.11953946666665,-29.799769733333303,7
Baltimore_Washington_MD,20141101,25,7,-0.5137938666666665,0.8133333333333334,99.9,242.65735746666667,101060.3,1010.603,-30.49264253333331,0.9620266360841552,2014-11-01 06:00:00,2014-11-02 07:00:00+00:00,2014-11-02 02:00:00-05:00,-30.49264253333331,48.49264253333331,-0.05333333333334167,-0.3731030666666584,-30.43930919999997,-30.11953946666665,8
Baltimore_Washington_MD,20141101,26,8,-0.6468969333333332,0.7766666666666666,99.893092,242.60402413333335,101063.4,1010.634,-30.545975866666623,1.0107852162883972,2014-11-01 06:00:00,2014-11-02 08:00:00+00:00,2014-11-02 03:00:00-05:00,-30.545975866666623,48.54597586666662,-0.05333333333331325,-0.10666666666665492,-30.49264253333331,-30.43930919999997,9
Baltimore_Washington_MD,20141101,27,9,-0.78,0.74,99.886184,242.5506908,101066.5,1010.665,-30.599309199999965,1.075174404457249,2014-11-01 06:00:00,2014-11-02 09:00:00+00:00,2014-11-02 04:00:00-05:00,-30.599309199999965,48.599309199999965,-0.05333333333334167,-0.10666666666665492,-30.545975866666623,-30.49264253333331,10
Baltimore_Washington_MD,20141101,28,10,-0.8002302666666666,0.7166666666666667,99.92182,242.6071272,101038.66666666669,1010.3866666666668,-30.54287279999997,1.074234420785573,2014-11-01 06:00:00,2014-11-02 10:00:00+00:00,2014-11-02 05:00:00-05:00,-30.54287279999997,48.54287279999997,0.0564363999999955,0.003103066666653831,-30.599309199999965,-30.545975866666623,11
Baltimore_Washington_MD,20141101,29,11,-0.8204605333333332,0.6933333333333334,99.957456,242.6635636,101010.83333333331,1010.1083333333332,-30.486436399999977,1.0741818271916206,2014-11-01 06:00:00,2014-11-02 11:00:00+00:00,2014-11-02 06:00:00-05:00,-30.486436399999977,48.486436399999974,0.05643639999999195,0.11287279999998745,-30.54287279999997,-30.599309199999965,12
Baltimore_Washington_MD,20141101,30,12,-0.8406907999999998,0.67,99.993092,242.72,100983.0,1009.83,-30.42999999999998,1.0750167539181144,2014-11-01 06:00:00,2014-11-02 12:00:00+00:00,2014-11-02 07:00:00-05:00,-30.42999999999998,48.42999999999998,0.056436399999999054,0.112872799999991,-30.486436399999977,-30.54287279999997,13
Baltimore_Washington_MD,20141101,31,13,-0.9504605333333332,0.6264364000000001,99.96206133333334,242.7335636,100974.46666666666,1009.7446666666666,-30.41643639999998,1.1383311419219122,2014-11-01 06:00:00,2014-11-02 13:00:00+00:00,2014-11-02 08:00:00-05:00,-30.41643639999998,48.41643639999998,0.013563599999997678,0.06999999999999673,-30.42999999999998,-30.486436399999977,14
Baltimore_Washington_MD,20141101,32,14,-1.0602302666666663,0.5828728000000001,99.93103066666669,242.7471272,100965.93333333332,1009.6593333333334,-30.402872799999983,1.2098879780111509,2014-11-01 06:00:00,2014-11-02 14:00:00+00:00,2014-11-02 09:00:00-05:00,-30.402872799999983,48.40287279999998,0.013563599999997678,0.027127199999995355,-30.41643639999998,-30.42999999999998,15
Baltimore_Washington_MD,20141101,33,15,-1.17,0.5393092000000002,99.9,242.7606908,100957.4,1009.574,-30.389309199999985,1.2883145629870991,2014-11-01 06:00:00,2014-11-02 15:00:00+00:00,2014-11-02 10:00:00-05:00,-30.389309199999985,48.389309199999985,0.013563599999997678,0.027127199999995355,-30.402872799999983,-30.41643639999998,16
Baltimore_Washington_MD,20141101,34,16,-1.1733333333333331,0.4893092000000001,99.90230266666669,242.7704605333333,100945.934375,1009.45934375,-30.379539466666643,1.27127282843446,2014-11-01 06:00:00,2014-11-02 16:00:00+00:00,2014-11-02 11:00:00-05:00,-30.379539466666643,48.37953946666664,0.009769733333342856,0.023333333333340533,-30.389309199999985,-30.402872799999983,17
Baltimore_Washington_MD,20141101,35,17,-1.1766666666666663,0.4393092000000002,99.90460533333334,242.78023026666665,100934.46875,1009.3446875,-30.369769733333328,1.256000405115016,2014-11-01 06:00:00,2014-11-02 17:00:00+00:00,2014-11-02 12:00:00-05:00,-30.369769733333328,48.36976973333333,0.009769733333314434,0.01953946666665729,-30.379539466666643,-30.389309199999985,18
Baltimore_Washington_MD,20141101,36,18,-1.18,0.3893092000000002,99.906908,242.79,100923.003125,1009.23003125,-30.359999999999985,1.2425625349271725,2014-11-01 06:00:00,2014-11-02 18:00:00+00:00,2014-11-02 13:00:00-05:00,-30.359999999999985,48.359999999999985,0.009769733333342856,0.01953946666665729,-30.369769733333328,-30.379539466666643,19
Baltimore_Washington_MD,20141101,37,19,-1.1835635999999998,0.3959758666666668,99.90460533333334,242.88333333333333,100934.13541666669,1009.3413541666667,-30.26666666666665,1.2480463461856606,2014-11-01 06:00:00,2014-11-02 19:00:00+00:00,2014-11-02 14:00:00-05:00,-30.26666666666665,48.26666666666665,0.09333333333333371,0.10310306666667657,-30.359999999999985,-30.369769733333328,20
Baltimore_Washington_MD,20141101,38,20,-1.1871272,0.4026425333333335,99.90230266666669,242.97666666666663,100945.26770833333,1009.4526770833332,-30.17333333333332,1.2535517534704836,2014-11-01 06:00:00,2014-11-02 20:00:00+00:00,2014-11-02 15:00:00-05:00,-30.17333333333332,48.17333333333332,0.09333333333333016,0.18666666666666387,-30.26666666666665,-30.359999999999985,21
Baltimore_Washington_MD,20141101,39,21,-1.1906907999999998,0.4093092000000002,99.9,243.07,100956.4,1009.564,-30.079999999999984,1.2590784734913387,2014-11-01 06:00:00,2014-11-02 21:00:00+00:00,2014-11-02 16:00:00-05:00,-30.079999999999984,48.079999999999984,0.09333333333333727,0.18666666666666742,-30.17333333333332,-30.26666666666665,22
Baltimore_Washington_MD,20141101,40,22,-1.0537938666666666,0.4693092000000001,99.93333333333334,242.91,100949.90104166666,1009.4990104166666,-30.23999999999998,1.1535738548653591,2014-11-01 06:00:00,2014-11-02 22:00:00+00:00,2014-11-02 17:00:00-05:00,-30.23999999999998,48.23999999999998,-0.1599999999999966,-0.06666666666665932,-30.079999999999984,-30.17333333333332,23
Baltimore_Washington_MD,20141101,41,23,-0.9168969333333332,0.5293092000000001,99.96666666666668,242.75,100943.40208333332,1009.4340208333332,-30.399999999999977,1.0587106382580234,2014-11-01 06:00:00,2014-11-02 23:00:00+00:00,2014-11-02 18:00:00-05:00,-30.399999999999977,48.39999999999998,-0.1599999999999966,-0.3199999999999932,-30.23999999999998,-30.079999999999984,24
Baltimore_Washington_MD,20141101,42,24,-0.78,0.5893092000000001,100.0,242.59,100936.903125,1009.36903125,-30.559999999999977,0.9775915983705262,2014-11-01 06:00:00,2014-11-03 00:00:00+00:00,2014-11-02 19:00:00-05:00,-30.559999999999977,48.559999999999974,-0.16000000000000014,-0.31999999999999673,-30.399999999999977,-30.23999999999998,25
Baltimore_Washington_MD,20141101,43,25,-0.7466666666666667,0.5659758666666668,99.93793866666668,242.64023026666663,100937.43541666666,1009.3743541666666,-30.50976973333331,0.9369310501633488,2014-11-01 06:00:00,2014-11-03 01:00:00+00:00,2014-11-02 20:00:00-05:00,-30.50976973333331,48.509769733333314,0.05023026666666652,-0.10976973333333362,-30.559999999999977,-30.399999999999977,26
Baltimore_Washington_MD,20141101,44,26,-0.7133333333333334,0.5426425333333335,99.87587733333334,242.69046053333335,100937.96770833334,1009.3796770833334,-30.459539466666627,0.896273040667219,2014-11-01 06:00:00,2014-11-03 02:00:00+00:00,2014-11-02 21:00:00-05:00,-30.459539466666627,48.45953946666663,0.05023026666668429,0.10046053333335081,-30.50976973333331,-30.559999999999977,27
Baltimore_Washington_MD,20141101,45,27,-0.68,0.5193092000000001,99.813816,242.7406908,100938.5,1009.385,-30.409309199999967,0.8556179317923627,2014-11-01 06:00:00,2014-11-03 03:00:00+00:00,2014-11-02 22:00:00-05:00,-30.409309199999967,48.40930919999997,0.05023026666665942,0.1004605333333437,-30.459539466666627,-30.50976973333331,28
Baltimore_Washington_MD,20141101,46,28,-0.54,0.5095394666666667,99.87357466666668,243.30735746666667,100938.16666666669,1009.3816666666668,-29.842642533333304,0.7424489666576088,2014-11-01 06:00:00,2014-11-03 04:00:00+00:00,2014-11-02 23:00:00-05:00,-29.842642533333304,47.842642533333304,0.5666666666666629,0.6168969333333223,-30.409309199999967,-30.459539466666627,29
Baltimore_Washington_MD,20141101,47,29,-0.4,0.4997697333333333,99.93333333333334,243.87402413333336,100937.83333333331,1009.3783333333332,-29.27597586666664,0.6401326318475502,2014-11-01 06:00:00,2014-11-03 05:00:00+00:00,2014-11-03 00:00:00-05:00,-29.27597586666664,47.27597586666664,0.5666666666666629,1.1333333333333258,-29.842642533333304,-30.409309199999967,30
Baltimore_Washington_MD,20141101,48,30,-0.26,0.49,99.993092,244.4406908,100937.5,1009.375,-28.70930919999998,0.5547071299343465,2014-11-01 06:00:00,2014-11-03 06:00:00+00:00,2014-11-03 01:00:00-05:00,-28.70930919999998,46.70930919999998,0.5666666666666629,1.1333333333333258,-29.27597586666664,-29.842642533333304,31
Chicago_OHare_IL,2014-03-08,18,0,-1.8354703999999993,-5.3386324,99.9,250.38,101110.7,1011.107,-22.769999999999985,5.645347419920754,2014-03-08 06:00:00,2014-03-09 00:00:00+00:00,2014-03-08 19:00:00-05:00,-34.05884874833872,40.76999999999998,4.979999999999986,4.436666666666664,-27.74999999999997,-27.20666666666665,1
Chicago_OHare_IL,2014-03-08,19,1,-1.7921370666666658,-5.371965733333333,99.93333333333334,250.17333333333332,101109.76039466666,1011.0976039466666,-22.97666666666666,5.663017844385459,2014-03-08 06:00:00,2014-03-09 01:00:00+00:00,2014-03-08 20:00:00-05:00,-34.33655331229565,40.97666666666666,-0.2066666666666741,4.773333333333312,-22.769999999999985,-27.74999999999997,2
Chicago_OHare_IL,2014-03-08,20,2,-1.7488037333333326,-5.405299066666667,99.96666666666668,249.96666666666667,101108.82078933332,1011.0882078933332,-23.18333333333331,5.681159432530313,2014-03-08 06:00:00,2014-03-09 02:00:00+00:00,2014-03-08 21:00:00-05:00,-34.614789245734165,41.18333333333331,-0.20666666666664923,-0.41333333333332334,-22.97666666666666,-22.769999999999985,3
Chicago_OHare_IL,2014-03-08,21,3,-1.7054703999999992,-5.4386324,100.0,249.76,101107.881184,1011.07881184,-23.389999999999983,5.699767685406654,2014-03-08 06:00:00,2014-03-09 03:00:00+00:00,2014-03-08 22:00:00-05:00,-34.893553774438956,41.389999999999986,-0.2066666666666741,-0.41333333333332334,-23.18333333333331,-22.97666666666666,4
Chicago_OHare_IL,2014-03-08,22,4,-1.7592595999999991,-5.468176533333334,99.96666666666668,249.65666666666667,101096.781184,1010.96781184,-23.49333333333331,5.744210036192053,2014-03-08 06:00:00,2014-03-09 04:00:00+00:00,2014-03-08 23:00:00-05:00,-35.06592587015423,41.49333333333331,-0.10333333333332817,-0.3100000000000023,-23.389999999999983,-23.18333333333331,5
Chicago_OHare_IL,2014-03-08,23,5,-1.8130487999999991,-5.497720666666668,99.93333333333334,249.5533333333333,101085.681184,1010.85681184,-23.596666666666664,5.788961779099533,2014-03-08 06:00:00,2014-03-09 05:00:00+00:00,2014-03-09 00:00:00-05:00,-35.238480588655676,41.596666666666664,-0.10333333333335304,-0.2066666666666812,-23.49333333333331,-23.389999999999983,6
Chicago_OHare_IL,2014-03-08,24,6,-1.866837999999999,-5.527264800000001,99.9,249.45,101074.581184,1010.74581184,-23.69999999999999,5.834015794250393,2014-03-08 06:00:00,2014-03-09 06:00:00+00:00,2014-03-09 01:00:00-05:00,-35.41120966819507,41.69999999999999,-0.10333333333332462,-0.20666666666667766,-23.596666666666664,-23.49333333333331,7
Chicago_OHare_IL,2014-03-08,25,7,-1.959715466666666,-5.430598133333334,99.93333333333334,249.34333333333333,101079.987456,1010.79987456,-23.806666666666644,5.773376897107624,2014-03-08 06:00:00,2014-03-09 07:00:00+00:00,2014-03-09 03:00:00-04:00,-35.489766492627616,41.80666666666664,-0.10666666666665492,-0.20999999999997954,-23.69999999999999,-23.596666666666664,8
Chicago_OHare_IL,2014-03-08,26,8,-2.0525929333333326,-5.333931466666668,99.96666666666668,249.23666666666665,101085.393728,1010.85393728,-23.913333333333327,5.715239508635379,2014-03-08 06:00:00,2014-03-09 08:00:00+00:00,2014-03-09 04:00:00-04:00,-35.569960373953705,41.91333333333333,-0.10666666666668334,-0.21333333333333826,-23.806666666666644,-23.69999999999999,9
Chicago_OHare_IL,2014-03-08,27,9,-2.1454703999999993,-5.237264800000001,100.0,249.13,101090.8,1010.908,-24.019999999999985,5.659680717372244,2014-03-08 06:00:00,2014-03-09 09:00:00+00:00,2014-03-09 05:00:00-04:00,-35.651928003110044,42.01999999999998,-0.10666666666665847,-0.2133333333333418,-23.913333333333327,-23.806666666666644,10
Chicago_OHare_IL,2014-03-08,28,10,-2.132137066666666,-5.207720666666668,100.0,249.02,101089.86770833332,1010.8986770833332,-24.129999999999967,5.627287358317599,2014-03-08 06:00:00,2014-03-09 10:00:00+00:00,2014-03-09 06:00:00-04:00,-35.759807249965704,42.12999999999997,-0.10999999999998167,-0.21666666666664014,-24.019999999999985,-23.913333333333327,11
Chicago_OHare_IL,2014-03-08,29,11,-2.1188037333333325,-5.1781765333333345,100.0,248.91,101088.93541666667,1010.8893541666667,-24.23999999999998,5.594894232311394,2014-03-08 06:00:00,2014-03-09 11:00:00+00:00,2014-03-09 07:00:00-04:00,-35.86740580092918,42.23999999999998,-0.11000000000001364,-0.2199999999999953,-24.129999999999967,-24.019999999999985,12
Chicago_OHare_IL,2014-03-08,30,12,-2.1054703999999993,-5.148632400000001,100.0,248.8,101088.003125,1010.88003125,-24.34999999999997,5.56250134342509,2014-03-08 06:00:00,2014-03-09 12:00:00+00:00,2014-03-09 08:00:00-04:00,-35.97472110339778,42.349999999999966,-0.10999999999998877,-0.22000000000000242,-24.23999999999998,-24.129999999999967,13
Chicago_OHare_IL,2014-03-08,31,13,-2.181681199999999,-5.068176533333334,100.0,248.76666666666668,101093.83541666668,1010.9383541666668,-24.383333333333297,5.517802663331132,2014-03-08 06:00:00,2014-03-09 13:00:00+00:00,2014-03-09 09:00:00-04:00,-35.97294653162756,42.3833333333333,-0.033333333333327886,-0.14333333333331666,-24.34999999999997,-24.23999999999998,14
Chicago_OHare_IL,2014-03-08,32,14,-2.2578919999999996,-4.987720666666668,100.0,248.73333333333332,101099.66770833332,1010.9966770833332,-24.416666666666657,5.474982532607551,2014-03-08 06:00:00,2014-03-09 14:00:00+00:00,2014-03-09 10:00:00-04:00,-35.97267964693675,42.41666666666666,-0.03333333333335986,-0.06666666666668775,-24.383333333333297,-24.34999999999997,15
Chicago_OHare_IL,2014-03-08,33,15,-2.3341027999999997,-4.907264800000001,100.0,248.7,101105.5,1011.055,-24.44999999999999,5.434085359863874,2014-03-08 06:00:00,2014-03-09 15:00:00+00:00,2014-03-09 11:00:00-04:00,-35.97400019762984,42.44999999999999,-0.03333333333333144,-0.0666666666666913,-24.416666666666657,-24.383333333333297,16
Chicago_OHare_IL,2014-03-08,34,16,-2.317436133333333,-4.753931466666668,100.0,248.6,101109.23333333334,1011.0923333333334,-24.549999999999983,5.288702546167864,2014-03-08 06:00:00,2014-03-09 16:00:00+00:00,2014-03-09 12:00:00-04:00,-35.95291785985119,42.54999999999998,-0.09999999999999432,-0.13333333333332575,-24.44999999999999,-24.416666666666657,17
Chicago_OHare_IL,2014-03-08,35,17,-2.3007694666666665,-4.600598133333334,100.0,248.5,101112.96666666666,1011.1296666666666,-24.649999999999977,5.1438354681284055,2014-03-08 06:00:00,2014-03-09 17:00:00+00:00,2014-03-09 13:00:00-04:00,-35.92838222469872,42.64999999999998,-0.09999999999999432,-0.19999999999998863,-24.549999999999983,-24.44999999999999,18
Chicago_OHare_IL,2014-03-08,36,18,-2.2841028,-4.447264800000001,100.0,248.4,101116.7,1011.167,-24.74999999999997,4.999528958040636,2014-03-08 06:00:00,2014-03-09 18:00:00+00:00,2014-03-09 14:00:00-04:00,-35.900283194031445,42.74999999999997,-0.09999999999999432,-0.19999999999998863,-24.649999999999977,-24.549999999999983,19
Chicago_OHare_IL,2014-03-08,37,19,-2.2874361333333333,-4.290598133333334,99.3,248.26666666666668,101149.4,1011.494,-24.883333333333297,4.862262478090055,2014-03-08 06:00:00,2014-03-09 19:00:00+00:00,2014-03-09 15:00:00-04:00,-35.91722268867247,42.8833333333333,-0.13333333333332575,-0.23333333333332007,-24.74999999999997,-24.649999999999977,20
Chicago_OHare_IL,2014-03-08,38,20,-2.2907694666666663,-4.133931466666667,98.6,248.13333333333333,101182.1,1011.821,-25.01666666666665,4.72620504427274,2014-03-08 06:00:00,2014-03-09 20:00:00+00:00,2014-03-09 16:00:00-04:00,-35.93118112205441,43.01666666666665,-0.13333333333335418,-0.26666666666667993,-24.883333333333297,-24.74999999999997,21
Chicago_OHare_IL,2014-03-08,39,21,-2.2941027999999997,-3.9772648,97.9,248.0,101214.8,1012.148,-25.149999999999977,4.59146413971479,2014-03-08 06:00:00,2014-03-09 21:00:00+00:00,2014-03-09 17:00:00-04:00,-35.94217385081207,43.14999999999998,-0.13333333333332575,-0.26666666666667993,-25.01666666666665,-24.883333333333297,22
Chicago_OHare_IL,2014-03-08,40,22,-2.2503135999999997,-3.7377206666666662,95.86666666666667,247.85333333333332,101211.93333333332,1012.1193333333332,-25.296666666666653,4.362850797399799,2014-03-08 06:00:00,2014-03-09 22:00:00+00:00,2014-03-09 18:00:00-04:00,-35.85160164380362,43.29666666666665,-0.14666666666667538,-0.28000000000000114,-25.149999999999977,-25.01666666666665,23
Chicago_OHare_IL,2014-03-08,41,23,-2.2065243999999997,-3.4981765333333334,93.83333333333331,247.70666666666668,101209.06666666668,1012.0906666666666,-25.4433333333333,4.135938706770131,2014-03-08 06:00:00,2014-03-09 23:00:00+00:00,2014-03-09 19:00:00-04:00,-35.74940439852566,43.4433333333333,-0.14666666666664696,-0.29333333333332234,-25.296666666666653,-25.149999999999977,24
Chicago_OHare_IL,2014-03-08,42,24,-2.1627351999999997,-3.2586324,91.8,247.56,101206.2,1012.062,-25.589999999999975,3.9110239916994622,2014-03-08 06:00:00,2014-03-10 00:00:00+00:00,2014-03-09 20:00:00-04:00,-35.63492771042293,43.589999999999975,-0.14666666666667538,-0.29333333333332234,-25.4433333333333,-25.296666666666653,25
Chicago_OHare_IL,2014-03-08,43,25,-2.0227351999999996,-3.1119657333333333,91.83333333333331,247.38333333333333,101224.0,1012.24,-25.76666666666665,3.711574923770219,2014-03-08 06:00:00,2014-03-10 01:00:00+00:00,2014-03-09 21:00:00-04:00,-35.576810261802336,43.76666666666665,-0.17666666666667652,-0.3233333333333519,-25.589999999999975,-25.4433333333333,26
Chicago_OHare_IL,2014-03-08,44,26,-1.8827351999999995,-2.9652990666666668,91.86666666666667,247.20666666666668,101241.8,1012.418,-25.9433333333333,3.512504859511691,2014-03-08 06:00:00,2014-03-10 02:00:00+00:00,2014-03-09 22:00:00-04:00,-35.50472858098711,43.9433333333333,-0.1766666666666481,-0.3533333333333246,-25.76666666666665,-25.589999999999975,27
Chicago_OHare_IL,2014-03-08,45,27,-1.7427351999999996,-2.8186324,91.9,247.03,101259.6,1012.596,-26.119999999999976,3.3138821016518976,2014-03-08 06:00:00,2014-03-10 03:00:00+00:00,2014-03-09 23:00:00-04:00,-35.41738631508353,44.119999999999976,-0.17666666666667652,-0.3533333333333246,-25.9433333333333,-25.76666666666665,28
Chicago_OHare_IL,2014-03-08,46,28,-1.6094018666666663,-2.5990882666666666,94.537892,246.48666666666668,101271.6,1012.716,-26.6633333333333,3.0570302887532024,2014-03-08 06:00:00,2014-03-10 04:00:00+00:00,2014-03-10 00:00:00-04:00,-35.6569659176043,44.6633333333333,-0.5433333333333223,-0.7199999999999989,-26.119999999999976,-25.9433333333333,29
Chicago_OHare_IL,2014-03-08,47,29,-1.4760685333333332,-2.379544133333334,97.175784,245.94333333333333,101283.6,1012.836,-27.20666666666665,2.800180100918136,2014-03-08 06:00:00,2014-03-10 05:00:00+00:00,2014-03-10 01:00:00-04:00,-35.85738097379455,45.20666666666665,-0.5433333333333508,-1.086666666666673,-26.6633333333333,-26.119999999999976,30
Chicago_OHare_IL,2014-03-08,48,30,-1.3427352,-2.16,99.81367600000002,245.4,101295.6,1012.956,-27.74999999999997,2.5433320304905216,2014-03-08 06:00:00,2014-03-10 06:00:00+00:00,2014-03-10 02:00:00-04:00,-36.01223178337102,45.74999999999997,-0.5433333333333223,-1.086666666666673,-27.20666666666665,-26.6633333333333,31
Chicago_OHare_IL,20140106,18,0,-3.6800000000000006,0.1041027999999994,98.7,240.93,102567.10312500002,1025.6710312500002,-32.21999999999997,3.681472177399667,2014-01-06 06:00:00,2014-01-07 00:00:00+00:00,2014-01-06 19:00:00-05:00,-43.41400345569339,50.21999999999997,-4.870000000000001,-4.469999999999999,-27.34999999999997,-27.74999999999997,1
Chicago_OHare_IL,20140106,19,1,-3.817122533333334,-0.1058972000000006,98.562108,240.98666666666668,102582.53541666668,1025.8253541666668,-32.1633333333333,3.818591186740069,2014-01-06 06:00:00,2014-01-07 01:00:00+00:00,2014-01-06 20:00:00-05:00,-43.558854482046904,50.1633333333333,0.05666666666667197,-4.813333333333329,-32.21999999999997,-27.34999999999997,2
Chicago_OHare_IL,20140106,20,2,-3.954245066666666,-0.3158972000000006,98.424216,241.04333333333332,102597.96770833334,1025.9796770833334,-32.106666666666655,3.966843214474894,2014-01-06 06:00:00,2014-01-07 02:00:00+00:00,2014-01-06 21:00:00-05:00,-43.713530937394154,50.106666666666655,0.05666666666664355,0.11333333333331552,-32.1633333333333,-32.21999999999997,3
Chicago_OHare_IL,20140106,21,3,-4.0913676,-0.5258972000000006,98.286324,241.1,102613.4,1026.134,-32.04999999999998,4.125028085152585,2014-01-06 06:00:00,2014-01-07 03:00:00+00:00,2014-01-06 22:00:00-05:00,-43.87516769852829,50.04999999999998,0.05666666666667197,0.11333333333331552,-32.106666666666655,-32.1633333333333,4
Chicago_OHare_IL,20140106,22,4,-4.061823466666667,-0.9025638666666672,98.124216,241.237892,102636.46666666666,1026.3646666666666,-31.91210799999999,4.160893102180865,2014-01-06 06:00:00,2014-01-07 04:00:00+00:00,2014-01-06 23:00:00-05:00,-43.75655131829237,49.91210799999999,0.1378919999999937,0.19455866666666566,-32.04999999999998,-32.106666666666655,5
Chicago_OHare_IL,20140106,23,5,-4.032279333333333,-1.279230533333334,97.962108,241.375784,102659.53333333334,1026.5953333333334,-31.774215999999967,4.230331828525913,2014-01-06 06:00:00,2014-01-07 05:00:00+00:00,2014-01-07 00:00:00-05:00,-43.68454595807384,49.77421599999997,0.1378920000000221,0.2757840000000158,-31.91210799999999,-32.04999999999998,6
Chicago_OHare_IL,20140106,24,6,-4.0027352,-1.6558972000000007,97.8,241.513676,102682.6,1026.826,-31.636323999999973,4.331729979844876,2014-01-06 06:00:00,2014-01-07 06:00:00+00:00,2014-01-07 01:00:00-05:00,-43.65470159605702,49.63632399999997,0.1378919999999937,0.2757840000000158,-31.774215999999967,-31.91210799999999,7
Chicago_OHare_IL,20140106,25,7,-4.1727352,-1.971652133333334,97.762108,241.64245066666663,102705.70104166667,1027.0570104166668,-31.507549333333316,4.615098177091895,2014-01-06 06:00:00,2014-01-07 07:00:00+00:00,2014-01-07 02:00:00-05:00,-43.872804403205365,49.507549333333316,0.12877466666665782,0.2666666666666515,-31.636323999999973,-31.774215999999967,8
Chicago_OHare_IL,20140106,26,8,-4.3427352,-2.2874070666666673,97.724216,241.77122533333335,102728.80208333331,1027.2880208333331,-31.37877466666663,4.908317441441175,2014-01-06 06:00:00,2014-01-07 08:00:00+00:00,2014-01-07 03:00:00-05:00,-44.082462816306325,49.37877466666663,0.12877466666668624,0.25754933333334407,-31.507549333333316,-31.636323999999973,9
Chicago_OHare_IL,20140106,27,9,-4.5127352,-2.6031620000000006,97.686324,241.9,102751.903125,1027.51903125,-31.24999999999997,5.209724693643901,2014-01-06 06:00:00,2014-01-07 09:00:00+00:00,2014-01-07 04:00:00-05:00,-44.282020491988085,49.24999999999997,0.12877466666665782,0.25754933333334407,-31.37877466666663,-31.507549333333316,10
Chicago_OHare_IL,20140106,28,10,-4.569857733333333,-2.680284533333334,97.75299066666668,241.9537892,102759.362478,1027.59362478,-31.19621079999996,5.297879281611874,2014-01-06 06:00:00,2014-01-07 10:00:00+00:00,2014-01-07 05:00:00-05:00,-44.31651168585992,49.19621079999996,0.053789200000011306,0.18256386666666913,-31.24999999999997,-31.37877466666663,11
Chicago_OHare_IL,20140106,29,11,-4.626980266666666,-2.7574070666666675,97.81965733333334,242.0075784,102766.821831,1027.6682183100002,-31.142421599999977,5.386301153799888,2014-01-06 06:00:00,2014-01-07 11:00:00+00:00,2014-01-07 06:00:00-05:00,-44.349707459187144,49.14242159999998,0.053789199999982884,0.10757839999999419,-31.19621079999996,-31.24999999999997,12
Chicago_OHare_IL,20140106,30,12,-4.684102799999999,-2.8345296000000006,97.88632400000002,242.0613676,102774.281184,1027.74281184,-31.08863239999997,5.474977360158122,2014-01-06 06:00:00,2014-01-07 12:00:00+00:00,2014-01-07 07:00:00-05:00,-44.38162632110328,49.088632399999966,0.05378920000000775,0.10757839999999064,-31.142421599999977,-31.19621079999996,13
Chicago_OHare_IL,20140106,31,13,-4.757436133333333,-2.9807404000000006,97.88632400000002,242.1675784,102783.54889233332,1027.8354889233333,-30.98242159999998,5.614090477979294,2014-01-06 06:00:00,2014-01-07 13:00:00+00:00,2014-01-07 08:00:00-05:00,-44.401078479797526,48.98242159999998,0.10621079999998884,0.1599999999999966,-31.08863239999997,-31.142421599999977,14
Chicago_OHare_IL,20140106,32,14,-4.830769466666666,-3.126951200000001,97.88632400000002,242.2737892,102792.81660066669,1027.9281660066667,-30.876210799999967,5.754490198728329,2014-01-06 06:00:00,2014-01-07 14:00:00+00:00,2014-01-07 09:00:00-05:00,-44.41820370806167,48.87621079999997,0.1062108000000137,0.21242160000000254,-30.98242159999998,-31.08863239999997,15
Chicago_OHare_IL,20140106,33,15,-4.9041028,-3.273162000000001,97.88632400000002,242.38,102802.084309,1028.02084309,-30.769999999999985,5.896084611944765,2014-01-06 06:00:00,2014-01-07 15:00:00+00:00,2014-01-07 10:00:00-05:00,-44.432971968406164,48.76999999999998,0.10621079999998173,0.21242159999999544,-30.876210799999967,-30.98242159999998,16
Chicago_OHare_IL,20140106,34,16,-4.934558666666667,-3.383162000000001,97.92421600000002,242.4837892,102780.58953933332,1027.8058953933332,-30.666210799999988,5.982946962243533,2014-01-06 06:00:00,2014-01-07 16:00:00+00:00,2014-01-07 11:00:00-05:00,-44.391242762756846,48.66621079999999,0.1037891999999978,0.20999999999997954,-30.769999999999985,-30.876210799999967,17
Chicago_OHare_IL,20140106,35,17,-4.965014533333333,-3.4931620000000008,97.962108,242.5875784,102759.09476966668,1027.5909476966667,-30.562421599999965,6.070712484911077,2014-01-06 06:00:00,2014-01-07 17:00:00+00:00,2014-01-07 12:00:00-05:00,-44.34902758459164,48.562421599999965,0.10378920000002267,0.20757840000002048,-30.666210799999988,-30.769999999999985,18
Chicago_OHare_IL,20140106,36,18,-4.995470399999999,-3.6031620000000006,98.0,242.6913676,102737.6,1027.376,-30.45863239999997,6.159342571697093,2014-01-06 06:00:00,2014-01-07 18:00:00+00:00,2014-01-07 13:00:00-05:00,-44.30628426840643,48.45863239999997,0.10378919999999425,0.20757840000001693,-30.562421599999965,-30.666210799999988,19
Chicago_OHare_IL,20140106,37,19,-5.058347866666666,-3.7431620000000008,97.937892,242.85470093333333,102723.8,1027.238,-30.295299066666644,6.292705689801107,2014-01-06 06:00:00,2014-01-07 19:00:00+00:00,2014-01-07 14:00:00-05:00,-44.230245902411255,48.295299066666644,0.1633333333333269,0.26712253333332114,-30.45863239999997,-30.562421599999965,20
Chicago_OHare_IL,20140106,38,20,-5.121225333333332,-3.883162000000001,97.875784,243.01803426666663,102710.0,1027.1,-30.131965733333317,6.426966316468378,2014-01-06 06:00:00,2014-01-07 20:00:00+00:00,2014-01-07 15:00:00-05:00,-44.15201927680516,48.13196573333332,0.1633333333333269,0.3266666666666538,-30.295299066666644,-30.45863239999997,21
Chicago_OHare_IL,20140106,39,21,-5.184102799999999,-4.023162000000001,97.81367600000002,243.1813676,102696.2,1026.962,-29.96863239999999,6.562069362572438,2014-01-06 06:00:00,2014-01-07 21:00:00+00:00,2014-01-07 16:00:00-05:00,-44.07160794499505,47.96863239999999,0.1633333333333269,0.3266666666666538,-30.131965733333317,-30.295299066666644,22
Chicago_OHare_IL,20140106,40,22,-5.174102799999999,-4.243617866666668,97.77122533333336,243.3813676,102670.46666666666,1026.7046666666663,-29.768632399999973,6.691758541912611,2014-01-06 06:00:00,2014-01-07 22:00:00+00:00,2014-01-07 17:00:00-05:00,-43.936322258625,47.76863239999997,0.20000000000001705,0.36333333333334394,-29.96863239999999,-30.131965733333317,23
Chicago_OHare_IL,20140106,41,23,-5.1641028,-4.4640737333333345,97.72877466666668,243.5813676,102644.73333333334,1026.4473333333333,-29.568632399999984,6.826119836745064,2014-01-06 06:00:00,2014-01-07 23:00:00+00:00,2014-01-07 18:00:00-05:00,-43.80249403844405,47.568632399999984,0.19999999999998863,0.4000000000000057,-29.768632399999973,-29.96863239999999,24
Chicago_OHare_IL,20140106,42,24,-5.1541028,-4.684529600000001,97.686324,243.7813676,102619.0,1026.19,-29.368632399999967,6.964882859477538,2014-01-06 06:00:00,2014-01-08 00:00:00+00:00,2014-01-07 19:00:00-05:00,-43.669722429372264,47.36863239999997,0.20000000000001705,0.4000000000000057,-29.568632399999984,-29.768632399999973,25
Chicago_OHare_IL,20140106,43,25,-5.214558666666667,-4.9202845333333345,97.586324,244.05424506666668,102552.62706133332,1025.5262706133333,-29.095754933333296,7.169436656883697,2014-01-06 06:00:00,2014-01-08 01:00:00+00:00,2014-01-07 20:00:00-05:00,-43.497013425400844,47.095754933333296,0.2728774666666709,0.47287746666668795,-29.368632399999967,-29.568632399999984,26
Chicago_OHare_IL,20140106,44,26,-5.275014533333333,-5.156039466666669,97.486324,244.32712253333332,102486.25412266668,1024.8625412266667,-28.822877466666657,7.376348778948985,2014-01-06 06:00:00,2014-01-08 02:00:00+00:00,2014-01-07 21:00:00-05:00,-43.32039601707159,46.822877466666654,0.2728774666666389,0.5457549333333098,-29.095754933333296,-29.368632399999967,27
Chicago_OHare_IL,20140106,45,27,-5.335470399999999,-5.391794400000002,97.38632400000002,244.6,102419.881184,1024.19881184,-28.549999999999983,7.585426239912134,2014-01-06 06:00:00,2014-01-08 03:00:00+00:00,2014-01-07 22:00:00-05:00,-43.13982072919927,46.54999999999998,0.27287746666667445,0.5457549333333134,-28.822877466666657,-29.095754933333296,28
Chicago_OHare_IL,20140106,46,28,-5.4925929333333325,-5.628916933333335,97.29544133333334,245.0,102348.51451733331,1023.4851451733332,-28.149999999999977,7.8646858153183725,2014-01-06 06:00:00,2014-01-08 04:00:00+00:00,2014-01-07 23:00:00-05:00,-42.84388369906395,46.14999999999998,0.4000000000000057,0.6728774666666801,-28.549999999999983,-28.822877466666657,29
Chicago_OHare_IL,20140106,47,29,-5.649715466666666,-5.866039466666669,97.20455866666668,245.4,102277.14785066668,1022.7714785066668,-27.74999999999997,8.144304996669975,2014-01-06 06:00:00,2014-01-08 05:00:00+00:00,2014-01-08 00:00:00-05:00,-42.5386179942314,45.74999999999997,0.4000000000000057,0.8000000000000114,-28.149999999999977,-28.549999999999983,30
Chicago_OHare_IL,20140106,48,30,-5.806837999999999,-6.103162000000002,97.113676,245.8,102205.781184,1022.05781184,-27.34999999999997,8.424247975723887,2014-01-06 06:00:00,2014-01-08 06:00:00+00:00,2014-01-08 01:00:00-05:00,-42.22450699002826,45.349999999999966,0.40000000000000213,0.8000000000000078,-27.74999999999997,-28.149999999999977,31
Chicago_OHare_IL,20140714,18,0,0.23,-0.15,86.9,271.6,101934.8,1019.348,-1.5499999999999543,0.2745906043549196,2014-07-14 06:00:00,2014-07-15 00:00:00+00:00,2014-07-14 20:00:00-04:00,-1.5499999999999543,19.549999999999955,-1.4999999999999998,-1.6666666666666854,-0.0499999999999545,0.116666666666731,1
Chicago_OHare_IL,20140714,19,1,0.0066666666666666,-0.2199999999999999,86.56666666666668,271.53333333333336,101906.93333333332,1019.0693333333334,-1.6166666666666174,0.2201009869229223,2014-07-14 06:00:00,2014-07-15 01:00:00+00:00,2014-07-14 21:00:00-04:00,-1.6166666666666174,19.616666666666617,-0.0666666666666631,-1.5666666666666629,-1.5499999999999543,-0.0499999999999545,2
Chicago_OHare_IL,20140714,20,2,-0.2166666666666667,-0.29,86.23333333333333,271.4666666666667,101879.06666666668,1018.7906666666668,-1.6833333333332805,0.3620006138730215,2014-07-14 06:00:00,2014-07-15 02:00:00+00:00,2014-07-14 22:00:00-04:00,-1.6833333333332805,19.68333333333328,-0.0666666666666631,-0.1333333333333262,-1.6166666666666174,-1.5499999999999543,3
Chicago_OHare_IL,20140714,21,3,-0.44,-0.36,85.9,271.40000000000003,101851.2,1018.512,-1.7499999999999432,0.5685068161420758,2014-07-14 06:00:00,2014-07-15 03:00:00+00:00,2014-07-14 23:00:00-04:00,-1.7499999999999432,19.749999999999943,-0.06666666666666266,-0.13333333333332575,-1.6833333333332805,-1.6166666666666174,4
Chicago_OHare_IL,20140714,22,4,-0.6304558666666666,-0.3462108,84.937892,271.53333333333336,101837.734375,1018.37734375,-1.6166666666666174,0.7192610915731906,2014-07-14 06:00:00,2014-07-15 04:00:00+00:00,2014-07-15 00:00:00-04:00,-1.6166666666666174,19.616666666666617,0.13333333333332575,0.0666666666666631,-1.7499999999999432,-1.6833333333332805,5
Chicago_OHare_IL,20140714,23,5,-0.8209117333333332,-0.3324216000000001,83.975784,271.6666666666667,101824.26875,1018.2426875,-1.4833333333332916,0.8856637025817969,2014-07-14 06:00:00,2014-07-15 05:00:00+00:00,2014-07-15 01:00:00-04:00,-1.4833333333332916,19.48333333333329,0.13333333333332575,0.2666666666666515,-1.6166666666666174,-1.7499999999999432,6
Chicago_OHare_IL,20140714,24,6,-1.0113675999999998,-0.3186324000000002,83.013676,271.8,101810.803125,1018.10803125,-1.349999999999966,1.0603730610778077,2014-07-14 06:00:00,2014-07-15 06:00:00+00:00,2014-07-15 02:00:00-04:00,-1.349999999999966,19.349999999999966,0.13333333333332575,0.2666666666666515,-1.4833333333332916,-1.6166666666666174,7
Chicago_OHare_IL,20140714,25,7,-1.2609117333333333,-0.4215098666666669,81.075784,272.3,101806.96875,1018.0696875,-0.8499999999999659,1.3294995174707744,2014-07-14 06:00:00,2014-07-15 07:00:00+00:00,2014-07-15 03:00:00-04:00,-0.8499999999999659,18.849999999999966,0.5,0.6333333333333258,-1.349999999999966,-1.4833333333332916,8
Chicago_OHare_IL,20140714,26,8,-1.5104558666666663,-0.5243873333333336,79.13789200000001,272.8,101803.134375,1018.03134375,-0.3499999999999659,1.5988930547438736,2014-07-14 06:00:00,2014-07-15 08:00:00+00:00,2014-07-15 04:00:00-04:00,-2.3257262009139175,18.349999999999966,0.5,1.0,-0.8499999999999659,-1.349999999999966,9
Chicago_OHare_IL,20140714,27,9,-1.76,-0.6272648000000004,77.2,273.3,101799.3,1017.993,0.1500000000000341,1.8684381523933409,2014-07-14 06:00:00,2014-07-15 09:00:00+00:00,2014-07-15 05:00:00-04:00,-2.1303923923561694,17.849999999999966,0.5,1.0,-0.3499999999999659,-0.8499999999999659,0
Chicago_OHare_IL,20140714,28,10,-1.8771225333333332,-0.6410540000000003,78.43333333333334,273.33333333333337,101749.934375,1017.49934375,0.1833333333333939,1.9835673006136572,2014-07-14 06:00:00,2014-07-15 10:00:00+00:00,2014-07-15 06:00:00-04:00,-2.239071408347347,17.816666666666606,0.033333333333359805,0.5333333333333599,0.1500000000000341,-0.3499999999999659,0
Chicago_OHare_IL,20140714,29,11,-1.994245066666667,-0.6548432000000003,79.66666666666667,273.3666666666667,101700.56875,1017.0056875,0.2166666666666969,2.0990076232616635,2014-07-14 06:00:00,2014-07-15 11:00:00+00:00,2014-07-15 07:00:00-04:00,-2.3407678767839895,17.783333333333303,0.03333333333330299,0.0666666666666628,0.1833333333333939,0.1500000000000341,0
Chicago_OHare_IL,20140714,30,12,-2.1113676,-0.6686324000000002,80.9,273.40000000000003,101651.203125,1016.51203125,0.2500000000000568,2.2147104615862365,2014-07-14 06:00:00,2014-07-15 12:00:00+00:00,2014-07-15 08:00:00-04:00,-2.4360923236012897,17.749999999999943,0.03333333333335989,0.06666666666666288,0.2166666666666969,0.1833333333333939,0
Chicago_OHare_IL,20140714,31,13,-2.2547009333333334,-0.7081765333333336,81.56666666666668,273.43333333333334,101648.23541666666,1016.4823541666666,0.2833333333333598,2.363300721689524,2014-07-14 06:00:00,2014-07-15 13:00:00+00:00,2014-07-15 09:00:00-04:00,-2.5608526801691758,17.71666666666664,0.03333333333330302,0.0666666666666629,0.2500000000000568,0.2166666666666969,0
Chicago_OHare_IL,20140714,32,14,-2.3980342666666665,-0.747720666666667,82.23333333333333,273.4666666666667,101645.26770833334,1016.4526770833334,0.3166666666667197,2.5119025736417373,2014-07-14 06:00:00,2014-07-15 14:00:00+00:00,2014-07-15 10:00:00-04:00,-2.6768105342175454,17.68333333333328,0.033333333333359916,0.06666666666666293,0.2833333333333598,0.2500000000000568,0
Chicago_OHare_IL,20140714,33,15,-2.5413676,-0.7872648000000004,82.9,273.5,101642.3,1016.423,0.3500000000000227,2.6605140750706058,2014-07-14 06:00:00,2014-07-15 15:00:00+00:00,2014-07-15 11:00:00-04:00,-2.7848870915797503,17.649999999999977,0.03333333333330296,0.06666666666666288,0.3166666666667197,0.2833333333333598,0
Chicago_OHare_IL,20140714,34,16,-2.6009117333333336,-0.7034756000000005,83.36666666666667,273.5,101593.43333333332,1015.9343333333334,0.3500000000000227,2.694368156801584,2014-07-14 06:00:00,2014-07-15 16:00:00+00:00,2014-07-15 12:00:00-04:00,-2.8175373242638053,17.649999999999977,0.0,0.03333333333330296,0.3500000000000227,0.3166666666667197,0
Chicago_OHare_IL,20140714,35,17,-2.6604558666666667,-0.6196864000000005,83.83333333333334,273.5,101544.56666666668,1015.4456666666666,0.3500000000000227,2.731672867095554,2014-07-14 06:00:00,2014-07-15 17:00:00+00:00,2014-07-15 13:00:00-04:00,-2.8531187941767686,17.649999999999977,0.0,0.0,0.3500000000000227,0.3500000000000227,0
Chicago_OHare_IL,20140714,36,18,-2.72,-0.5358972000000006,84.30000000000001,273.5,101495.7,1014.957,0.3500000000000227,2.7722889115256084,2014-07-14 06:00:00,2014-07-15 18:00:00+00:00,2014-07-15 14:00:00-04:00,-2.8913974854293865,17.649999999999977,0.0,0.0,0.3500000000000227,0.3500000000000227,0
Chicago_OHare_IL,20140714,37,19,-2.6971225333333333,-0.5934756000000004,84.00000000000001,273.53333333333336,101478.2,1014.782,0.3833333333333826,2.761645025634138,2014-07-14 06:00:00,2014-07-15 19:00:00+00:00,2014-07-15 15:00:00-04:00,-2.841609150301471,17.616666666666617,0.033333333333359916,0.033333333333359916,0.3500000000000227,0.3500000000000227,0
Chicago_OHare_IL,20140714,38,20,-2.6742450666666664,-0.6510540000000004,83.7,273.56666666666666,101460.7,1014.607,0.4166666666666856,2.7523549893694677,2014-07-14 06:00:00,2014-07-15 20:00:00+00:00,2014-07-15 16:00:00-04:00,-2.7930850478325726,17.583333333333314,0.03333333333330302,0.06666666666666293,0.3833333333333826,0.3500000000000227,0
Chicago_OHare_IL,20140714,39,21,-2.6513675999999995,-0.7086324000000002,83.4,273.6,101443.2,1014.432,0.4500000000000455,2.744432551304462,2014-07-14 06:00:00,2014-07-15 21:00:00+00:00,2014-07-15 17:00:00-04:00,-2.745844350932446,17.549999999999955,0.03333333333335986,0.06666666666666288,0.4166666666666856,0.3833333333333826,0
Chicago_OHare_IL,20140714,40,22,-2.5318234666666664,-1.0752990666666669,82.9,273.6333333333333,101433.16666666669,1014.3316666666668,0.4833333333333485,2.750708663079066,2014-07-14 06:00:00,2014-07-15 22:00:00+00:00,2014-07-15 18:00:00-04:00,-2.711955618323608,17.51666666666665,0.03333333333330302,0.06666666666666288,0.4500000000000455,0.4166666666666856,0
Chicago_OHare_IL,20140714,41,23,-2.4122793333333328,-1.4419657333333338,82.4,273.6666666666667,101423.13333333332,1014.2313333333332,0.5166666666667084,2.81040152969903,2014-07-14 06:00:00,2014-07-15 23:00:00+00:00,2014-07-15 19:00:00-04:00,-2.727609338856736,17.48333333333329,0.03333333333335986,0.06666666666666288,0.4833333333333485,0.4500000000000455,0
Chicago_OHare_IL,20140714,42,24,-2.2927351999999996,-1.8086324000000005,81.9,273.7,101413.1,1014.131,0.5500000000000114,2.920237294407562,2014-07-14 06:00:00,2014-07-16 00:00:00+00:00,2014-07-15 20:00:00-04:00,-2.787119040288671,17.44999999999999,0.03333333333330302,0.06666666666666288,0.5166666666667084,0.4833333333333485,0
Chicago_OHare_IL,20140714,43,25,-2.1594018666666663,-2.055299066666667,81.80000000000001,273.6666666666667,101387.9,1013.879,0.5166666666667084,2.9811525749623007,2014-07-14 06:00:00,2014-07-16 01:00:00+00:00,2014-07-15 21:00:00-04:00,-2.8809193690003374,17.48333333333329,-0.03333333333330302,0.0,0.5500000000000114,0.5166666666667084,0
Chicago_OHare_IL,20140714,44,26,-2.026068533333333,-2.301965733333333,81.7,273.6333333333333,101362.7,1013.627,0.4833333333333485,3.0665941921298216,2014-07-14 06:00:00,2014-07-16 02:00:00+00:00,2014-07-15 22:00:00-04:00,-2.9950070849194876,17.51666666666665,-0.03333333333335986,-0.06666666666666288,0.5166666666667084,0.5500000000000114,0
Chicago_OHare_IL,20140714,45,27,-1.8927351999999995,-2.5486324,81.60000000000001,273.6,101337.5,1013.375,0.4500000000000455,3.1745824367385387,2014-07-14 06:00:00,2014-07-16 03:00:00+00:00,2014-07-15 23:00:00-04:00,-3.1263903987635695,17.549999999999955,-0.03333333333330302,-0.06666666666666288,0.4833333333333485,0.5166666666667084,0
Chicago_OHare_IL,20140714,46,28,-1.789857733333333,-2.741965733333333,81.7,273.43333333333334,101333.83333333331,1013.3383333333333,0.2833333333333598,3.274441446773379,2014-07-14 06:00:00,2014-07-16 04:00:00+00:00,2014-07-16 00:00:00-04:00,-3.4101369625658156,17.71666666666664,-0.16666666666668567,-0.1999999999999887,0.4500000000000455,0.4833333333333485,0
Chicago_OHare_IL,20140714,47,29,-1.6869802666666662,-2.9352990666666665,81.80000000000001,273.2666666666667,101330.16666666669,1013.3016666666668,0.116666666666731,3.385540286408794,2014-07-14 06:00:00,2014-07-16 05:00:00+00:00,2014-07-16 01:00:00-04:00,-3.701738336811096,17.88333333333327,-0.1666666666666288,-0.3333333333333145,0.2833333333333598,0.4500000000000455,0
Chicago_OHare_IL,20140714,48,30,-1.5841027999999997,-3.1286324,81.9,273.1,101326.5,1013.265,-0.0499999999999545,3.50681085536383,2014-07-14 06:00:00,2014-07-16 06:00:00+00:00,2014-07-16 02:00:00-04:00,-3.9998694614917643,18.049999999999955,-0.1666666666666855,-0.3333333333333143,0.116666666666731,0.2833333333333598,1
Chicago_OHare_IL,20141101,18,0,0.4113675999999998,1.44,99.9,247.46,101167.8,1011.678,-25.68999999999997,1.4976058568027035,2014-11-01 06:00:00,2014-11-02 00:00:00+00:00,2014-11-01 20:00:00-04:00,-31.07185114184489,43.68999999999997,2.851367600000003,3.473789199999999,-28.541367599999973,-29.163789199999968,1
Chicago_OHare_IL,20141101,19,1,0.3313675999999997,1.2128774666666666,99.93333333333334,246.18,101150.23333333334,1011.5023333333334,-26.96999999999997,1.257329008445089,2014-11-01 06:00:00,2014-11-02 01:00:00+00:00,2014-11-01 21:00:00-04:00,-26.96999999999997,44.96999999999997,-1.2800000000000011,1.571367600000002,-25.68999999999997,-28.541367599999973,2
Chicago_OHare_IL,20141101,20,2,0.2513675999999998,0.9857549333333336,99.96666666666668,244.9,101132.66666666669,1011.3266666666668,-28.24999999999997,1.017299591526884,2014-11-01 06:00:00,2014-11-02 02:00:00+00:00,2014-11-01 22:00:00-04:00,-28.24999999999997,46.24999999999997,-1.2800000000000011,-2.5600000000000023,-26.96999999999997,-25.68999999999997,3
Chicago_OHare_IL,20141101,21,3,0.1713675999999998,0.7586324000000002,100.0,243.62,101115.1,1011.151,-29.529999999999973,0.7777467278359455,2014-11-01 06:00:00,2014-11-02 03:00:00+00:00,2014-11-01 23:00:00-04:00,-29.529999999999973,47.52999999999997,-1.2800000000000011,-2.5600000000000023,-28.24999999999997,-26.96999999999997,4
Chicago_OHare_IL,20141101,22,4,-0.0819657333333335,0.7657549333333334,100.0,243.36287746666667,101094.2,1010.942,-29.787122533333303,0.7701292095260438,2014-11-01 06:00:00,2014-11-02 04:00:00+00:00,2014-11-02 00:00:00-04:00,-29.787122533333303,47.7871225333333,-0.25712253333333024,-1.5371225333333314,-29.529999999999973,-28.24999999999997,5
Chicago_OHare_IL,20141101,23,5,-0.3352990666666669,0.7728774666666668,100.0,243.10575493333337,101073.3,1010.733,-30.044245066666633,0.8424755442080337,2014-11-01 06:00:00,2014-11-02 05:00:00+00:00,2014-11-02 01:00:00-04:00,-30.044245066666633,48.04424506666663,-0.25712253333333024,-0.5142450666666605,-29.787122533333303,-29.529999999999973,6
Chicago_OHare_IL,20141101,24,6,-0.5886324000000002,0.78,100.0,242.8486324,101052.4,1010.524,-30.301367599999963,0.97718376077878,2014-11-01 06:00:00,2014-11-02 06:00:00+00:00,2014-11-02 01:00:00-05:00,-30.301367599999963,48.30136759999996,-0.25712253333333024,-0.5142450666666605,-30.044245066666633,-29.787122533333303,7
Chicago_OHare_IL,20141101,25,7,-0.7086324000000002,0.7237891999999999,99.97122533333334,242.80196573333336,101056.03333333333,1010.5603333333332,-30.348034266666616,1.0129317273964715,2014-11-01 06:00:00,2014-11-02 07:00:00+00:00,2014-11-02 02:00:00-05:00,-30.348034266666616,48.348034266666616,-0.046666666666652645,-0.3037891999999829,-30.301367599999963,-30.044245066666633,8
Chicago_OHare_IL,20141101,26,8,-0.8286324000000002,0.6675783999999999,99.94245066666666,242.75529906666668,101059.66666666669,1010.5966666666668,-30.394700933333297,1.0640923712142287,2014-11-01 06:00:00,2014-11-02 08:00:00+00:00,2014-11-02 03:00:00-05:00,-30.394700933333297,48.3947009333333,-0.04666666666668107,-0.09333333333333371,-30.348034266666616,-30.301367599999963,9
Chicago_OHare_IL,20141101,27,9,-0.9486324000000002,0.6113675999999998,99.913676,242.70863240000003,101063.3,1010.633,-30.44136759999995,1.128571562932329,2014-11-01 06:00:00,2014-11-02 09:00:00+00:00,2014-11-02 04:00:00-05:00,-30.44136759999995,48.44136759999995,-0.046666666666652645,-0.09333333333333371,-30.394700933333297,-30.348034266666616,10
Chicago_OHare_IL,20141101,28,10,-0.9619657333333336,0.5880342666666665,99.937892,242.7490882666667,101035.46666666667,1010.3546666666668,-30.400911733333288,1.1274583676933452,2014-11-01 06:00:00,2014-11-02 10:00:00+00:00,2014-11-02 05:00:00-05:00,-30.400911733333288,48.40091173333329,0.04045586666666168,-0.006210799999990968,-30.44136759999995,-30.394700933333297,11
Chicago_OHare_IL,20141101,29,11,-0.9752990666666668,0.5647009333333332,99.962108,242.78954413333335,101007.63333333332,1010.0763333333332,-30.360455866666623,1.126985099080023,2014-11-01 06:00:00,2014-11-02 11:00:00+00:00,2014-11-02 06:00:00-05:00,-30.360455866666623,48.360455866666626,0.04045586666666523,0.08091173333332691,-30.400911733333288,-30.44136759999995,12
Chicago_OHare_IL,20141101,30,12,-0.9886324000000002,0.5413675999999998,99.986324,242.83,100979.8,1009.798,-30.319999999999965,1.1271525631694763,2014-11-01 06:00:00,2014-11-02 12:00:00+00:00,2014-11-02 07:00:00-05:00,-30.319999999999965,48.319999999999965,0.040455866666658125,0.08091173333332335,-30.360455866666623,-30.400911733333288,13
Chicago_OHare_IL,20141101,31,13,-1.0790882666666668,0.4713675999999998,99.92877466666668,242.83666666666667,100971.26666666666,1009.7126666666668,-30.313333333333304,1.1775478340973802,2014-11-01 06:00:00,2014-11-02 13:00:00+00:00,2014-11-02 08:00:00-05:00,-30.313333333333304,48.313333333333304,0.006666666666660603,0.04712253333331873,-30.319999999999965,-30.360455866666623,14
Chicago_OHare_IL,20141101,32,14,-1.1695441333333334,0.4013675999999998,99.87122533333334,242.84333333333333,100962.73333333334,1009.6273333333334,-30.306666666666644,1.2364988597423685,2014-11-01 06:00:00,2014-11-02 14:00:00+00:00,2014-11-02 09:00:00-05:00,-30.306666666666644,48.30666666666664,0.006666666666660603,0.013333333333321207,-30.313333333333304,-30.319999999999965,15
Chicago_OHare_IL,20141101,33,15,-1.26,0.3313675999999999,99.81367600000002,242.85,100954.2,1009.542,-30.299999999999983,1.3028447667814305,2014-11-01 06:00:00,2014-11-02 15:00:00+00:00,2014-11-02 10:00:00-05:00,-30.299999999999983,48.29999999999998,0.006666666666660603,0.013333333333321207,-30.306666666666644,-30.313333333333304,16
Chicago_OHare_IL,20141101,34,16,-1.2466666666666666,0.2913675999999998,99.84245066666668,242.85333333333332,100943.26770833333,1009.4326770833331,-30.296666666666653,1.2802628074374174,2014-11-01 06:00:00,2014-11-02 16:00:00+00:00,2014-11-02 11:00:00-05:00,-30.296666666666653,48.29666666666665,0.0033333333333303017,0.009999999999990905,-30.299999999999983,-30.306666666666644,17
Chicago_OHare_IL,20141101,35,17,-1.2333333333333334,0.2513675999999998,99.87122533333334,242.85666666666668,100932.33541666668,1009.3233541666668,-30.293333333333297,1.258688516449114,2014-11-01 06:00:00,2014-11-02 17:00:00+00:00,2014-11-02 12:00:00-05:00,-30.293333333333297,48.293333333333294,0.0033333333333551707,0.006666666666685472,-30.296666666666653,-30.299999999999983,18
Chicago_OHare_IL,20141101,36,18,-1.22,0.2113675999999998,99.9,242.86,100921.403125,1009.21403125,-30.289999999999964,1.238174568600793,2014-11-01 06:00:00,2014-11-02 18:00:00+00:00,2014-11-02 13:00:00-05:00,-30.289999999999964,48.289999999999964,0.0033333333333338544,0.006666666666689025,-30.293333333333297,-30.296666666666653,19
Chicago_OHare_IL,20141101,37,19,-1.2233333333333334,0.2080342666666664,99.92877466666668,242.93,100932.53541666668,1009.3253541666668,-30.21999999999997,1.240895926559509,2014-11-01 06:00:00,2014-11-02 19:00:00+00:00,2014-11-02 14:00:00-05:00,-30.21999999999997,48.21999999999997,0.06999999999999318,0.07333333333332703,-30.289999999999964,-30.293333333333297,20
Chicago_OHare_IL,20141101,38,20,-1.2266666666666666,0.2047009333333331,99.95754933333332,243.0,100943.66770833332,1009.4366770833334,-30.149999999999977,1.2436291984424652,2014-11-01 06:00:00,2014-11-02 20:00:00+00:00,2014-11-02 15:00:00-05:00,-30.149999999999977,48.14999999999998,0.06999999999999318,0.13999999999998636,-30.21999999999997,-30.289999999999964,21
Chicago_OHare_IL,20141101,39,21,-1.23,0.2013675999999998,99.986324,243.07,100954.8,1009.548,-30.079999999999984,1.2463743058687304,2014-11-01 06:00:00,2014-11-02 21:00:00+00:00,2014-11-02 16:00:00-05:00,-30.079999999999984,48.079999999999984,0.06999999999999318,0.13999999999998636,-30.149999999999977,-30.21999999999997,22
Chicago_OHare_IL,20141101,40,22,-1.0995441333333331,0.2913675999999998,99.95754933333332,242.91666666666663,100948.30104166668,1009.4830104166666,-30.23333333333332,1.137493903050698,2014-11-01 06:00:00,2014-11-02 22:00:00+00:00,2014-11-02 17:00:00-05:00,-30.23333333333332,48.23333333333332,-0.15333333333333599,-0.08333333333334281,-30.079999999999984,-30.149999999999977,23
Chicago_OHare_IL,20141101,41,23,-0.9690882666666668,0.3813675999999998,99.92877466666668,242.76333333333335,100941.80208333334,1009.4180208333336,-30.386666666666628,1.041428497267462,2014-11-01 06:00:00,2014-11-02 23:00:00+00:00,2014-11-02 18:00:00-05:00,-30.386666666666628,48.38666666666663,-0.15333333333330756,-0.30666666666664355,-30.23333333333332,-30.079999999999984,24
Chicago_OHare_IL,20141101,42,24,-0.8386324000000002,0.4713675999999998,99.9,242.61,100935.303125,1009.35303125,-30.539999999999964,0.9620248004389076,2014-11-01 06:00:00,2014-11-03 00:00:00+00:00,2014-11-02 19:00:00-05:00,-30.539999999999964,48.539999999999964,-0.15333333333333599,-0.30666666666664355,-30.386666666666628,-30.23333333333332,25
Chicago_OHare_IL,20141101,43,25,-0.7990882666666668,0.4447009333333331,99.9,242.6537892,100935.83541666668,1009.3583541666668,-30.49621079999997,0.9144949305665262,2014-11-01 06:00:00,2014-11-03 01:00:00+00:00,2014-11-02 20:00:00-05:00,-30.49621079999997,48.49621079999997,0.04378919999999198,-0.10954413333334401,-30.539999999999964,-30.386666666666628,26
Chicago_OHare_IL,20141101,44,26,-0.7595441333333334,0.4180342666666665,99.9,242.6975784,100936.36770833336,1009.3636770833334,-30.45242159999998,0.8669832400851946,2014-11-01 06:00:00,2014-11-03 02:00:00+00:00,2014-11-02 21:00:00-05:00,-30.45242159999998,48.45242159999998,0.04378919999999198,0.08757839999998396,-30.49621079999997,-30.539999999999964,27
Chicago_OHare_IL,20141101,45,27,-0.72,0.3913675999999998,99.9,242.7413676,100936.90000000002,1009.3690000000004,-30.408632399999988,0.8194928909574261,2014-11-01 06:00:00,2014-11-03 03:00:00+00:00,2014-11-02 22:00:00-05:00,-30.408632399999988,48.40863239999999,0.04378919999999198,0.08757839999998396,-30.45242159999998,-30.49621079999997,28
Chicago_OHare_IL,20141101,46,28,-0.5666666666666667,0.4142450666666665,99.924216,243.3637892,100936.56666666668,1009.3656666666668,-29.786210799999992,0.701933106762163,2014-11-01 06:00:00,2014-11-03 04:00:00+00:00,2014-11-02 23:00:00-05:00,-29.786210799999992,47.78621079999999,0.6224215999999956,0.6662107999999876,-30.408632399999988,-30.45242159999998,29
Chicago_OHare_IL,20141101,47,29,-0.4133333333333333,0.4371225333333333,99.948432,243.9862108,100936.23333333334,1009.3623333333334,-29.163789199999968,0.601598332438011,2014-11-01 06:00:00,2014-11-03 05:00:00+00:00,2014-11-03 00:00:00-05:00,-29.163789199999968,47.16378919999997,0.622421600000024,1.2448432000000196,-29.786210799999992,-30.408632399999988,30
Chicago_OHare_IL,20141101,48,30,-0.26,0.4600000000000001,99.972648,244.6086324,100935.9,1009.359,-28.541367599999973,0.5283937925449164,2014-11-01 06:00:00,2014-11-03 06:00:00+00:00,2014-11-03 01:00:00-05:00,-28.541367599999973,46.54136759999997,0.6224215999999956,1.2448432000000196,-29.163789199999968,-29.786210799999992,31
Cincinnati_OH,2014-03-08,18,0,-2.1062080000000014,-5.246896,99.96552,250.37,101106.45168,1011.0645168,-22.779999999999973,5.653850880071033,2014-03-08 06:00:00,2014-03-09 00:00:00+00:00,2014-03-08 19:00:00-05:00,-34.07943979592762,40.77999999999997,4.8700000000000045,4.344482666666664,-27.649999999999977,-27.124482666666637,1
Cincinnati_OH,2014-03-08,19,1,-2.062874666666668,-5.282413333333333,99.94368,250.17,101105.05168,1011.0505168,-22.97999999999996,5.670920781897142,2014-03-08 06:00:00,2014-03-09 01:00:00+00:00,2014-03-08 20:00:00-05:00,-34.34816997014995,40.97999999999996,-0.19999999999998863,4.670000000000016,-22.779999999999973,-27.649999999999977,2
Cincinnati_OH,2014-03-08,20,2,-2.019541333333335,-5.317930666666666,99.92184,249.97,101103.65168,1011.0365168,-23.17999999999998,5.68849134415405,2014-03-08 06:00:00,2014-03-09 02:00:00+00:00,2014-03-08 21:00:00-05:00,-34.61745288390038,41.17999999999998,-0.20000000000001705,-0.4000000000000057,-22.97999999999996,-22.779999999999973,3
Cincinnati_OH,2014-03-08,21,3,-1.9762080000000015,-5.353448,99.9,249.77,101102.25168000002,1011.0225168000002,-23.379999999999967,5.706557942224718,2014-03-08 06:00:00,2014-03-09 03:00:00+00:00,2014-03-08 22:00:00-05:00,-34.8872857252531,41.37999999999997,-0.19999999999998863,-0.4000000000000057,-23.17999999999998,-22.97999999999996,4
Cincinnati_OH,2014-03-08,22,4,-2.0362080000000016,-5.380114666666667,99.91149333333334,249.66666666666669,101091.50112000002,1010.9150112000002,-23.48333333333329,5.752545249343614,2014-03-08 06:00:00,2014-03-09 04:00:00+00:00,2014-03-08 23:00:00-05:00,-35.06106435505223,41.48333333333329,-0.10333333333332462,-0.30333333333331325,-23.379999999999967,-23.17999999999998,5
Cincinnati_OH,2014-03-08,23,5,-2.096208000000001,-5.406781333333334,99.92298666666666,249.56333333333333,101080.75056,1010.8075056,-23.586666666666645,5.7989113086635315,2014-03-08 06:00:00,2014-03-09 05:00:00+00:00,2014-03-09 00:00:00-05:00,-35.235076857076834,41.586666666666645,-0.10333333333335304,-0.20666666666667766,-23.48333333333329,-23.379999999999967,6
Cincinnati_OH,2014-03-08,24,6,-2.1562080000000012,-5.433448,99.93448,249.46,101070.0,1010.7,-23.68999999999997,5.845647107717674,2014-03-08 06:00:00,2014-03-09 06:00:00+00:00,2014-03-09 01:00:00-05:00,-35.409312421187266,41.68999999999997,-0.10333333333332462,-0.20666666666667766,-23.586666666666645,-23.48333333333329,7
Cincinnati_OH,2014-03-08,25,7,-2.2395413333333347,-5.333448,99.95632,249.35333333333332,101075.86666666668,1010.7586666666668,-23.796666666666653,5.784566790383913,2014-03-08 06:00:00,2014-03-09 07:00:00+00:00,2014-03-09 03:00:00-04:00,-35.48758412701922,41.79666666666665,-0.10666666666668334,-0.21000000000000796,-23.68999999999997,-23.586666666666645,8
Cincinnati_OH,2014-03-08,26,8,-2.322874666666668,-5.233448,99.97816,249.24666666666667,101081.73333333334,1010.8173333333334,-23.903333333333308,5.725794677225667,2014-03-08 06:00:00,2014-03-09 08:00:00+00:00,2014-03-09 04:00:00-04:00,-35.567299235941,41.90333333333331,-0.10666666666665492,-0.21333333333333826,-23.796666666666653,-23.68999999999997,9
Cincinnati_OH,2014-03-08,27,9,-2.4062080000000012,-5.133448,100.0,249.14,101087.6,1010.876,-24.00999999999999,5.669402553000448,2014-03-08 06:00:00,2014-03-09 09:00:00+00:00,2014-03-09 05:00:00-04:00,-35.64858359130261,42.00999999999999,-0.10666666666668334,-0.21333333333333826,-23.903333333333308,-23.796666666666653,10
Cincinnati_OH,2014-03-08,28,10,-2.392874666666668,-5.103447999999999,100.0,249.04850666666667,101086.134375,1010.86134375,-24.10149333333331,5.636579695088069,2014-03-08 06:00:00,2014-03-09 10:00:00+00:00,2014-03-09 06:00:00-04:00,-35.73274012973636,42.10149333333331,-0.0914933333333181,-0.19816000000000145,-24.00999999999999,-23.903333333333308,11
Cincinnati_OH,2014-03-08,29,11,-2.3795413333333344,-5.073448,100.0,248.95701333333332,101084.66875,1010.8466875,-24.192986666666656,5.60375691529761,2014-03-08 06:00:00,2014-03-09 11:00:00+00:00,2014-03-09 07:00:00-04:00,-35.816632939021154,42.192986666666656,-0.09149333333334653,-0.18298666666666463,-24.10149333333331,-24.00999999999999,12
Cincinnati_OH,2014-03-08,30,12,-2.366208000000001,-5.043448,100.0,248.86552,101083.203125,1010.83203125,-24.284479999999977,5.570934215009903,2014-03-08 06:00:00,2014-03-09 12:00:00+00:00,2014-03-09 08:00:00-04:00,-35.90025954542288,42.284479999999974,-0.09149333333332166,-0.18298666666666819,-24.192986666666656,-24.10149333333331,13
Cincinnati_OH,2014-03-08,31,13,-2.4395413333333344,-4.963448,99.98850666666668,248.81034666666667,101089.03541666668,1010.8903541666666,-24.339653333333302,5.5305675988767895,2014-03-08 06:00:00,2014-03-09 13:00:00+00:00,2014-03-09 09:00:00-04:00,-35.93039976667095,42.3396533333333,-0.0551733333333253,-0.14666666666664696,-24.284479999999977,-24.192986666666656,14
Cincinnati_OH,2014-03-08,32,14,-2.512874666666668,-4.883448,99.97701333333332,248.75517333333332,101094.86770833332,1010.9486770833332,-24.39482666666666,5.492049112952206,2014-03-08 06:00:00,2014-03-09 14:00:00+00:00,2014-03-09 10:00:00-04:00,-35.96204123955381,42.39482666666666,-0.05517333333335728,-0.11034666666668258,-24.339653333333302,-24.284479999999977,15
Cincinnati_OH,2014-03-08,33,15,-2.5862080000000014,-4.8034479999999995,99.96552,248.7,101100.7,1011.007,-24.44999999999999,5.455417904062712,2014-03-08 06:00:00,2014-03-09 15:00:00+00:00,2014-03-09 11:00:00-04:00,-35.995257076260955,42.44999999999999,-0.055173333333328856,-0.11034666666668613,-24.39482666666666,-24.339653333333302,16
Cincinnati_OH,2014-03-08,34,16,-2.5595413333333346,-4.651263999999999,99.97701333333332,248.6,101104.96666666666,1011.0496666666666,-24.549999999999983,5.3090026026305335,2014-03-08 06:00:00,2014-03-09 16:00:00+00:00,2014-03-09 12:00:00-04:00,-35.973651693888975,42.54999999999998,-0.09999999999999432,-0.15517333333332317,-24.44999999999999,-24.39482666666666,17
Cincinnati_OH,2014-03-08,35,17,-2.532874666666668,-4.499079999999999,99.98850666666668,248.50000000000003,101109.23333333334,1011.0923333333334,-24.64999999999995,5.16305867906242,2014-03-08 06:00:00,2014-03-09 17:00:00+00:00,2014-03-09 13:00:00-04:00,-35.948518263344994,42.64999999999995,-0.0999999999999659,-0.1999999999999602,-24.549999999999983,-24.44999999999999,18
Cincinnati_OH,2014-03-08,36,18,-2.5062080000000013,-4.346895999999999,100.0,248.40000000000003,101113.5,1011.135,-24.749999999999943,5.017627265359595,2014-03-08 06:00:00,2014-03-09 18:00:00+00:00,2014-03-09 14:00:00-04:00,-35.91973687197458,42.74999999999994,-0.09999999999999432,-0.1999999999999602,-24.64999999999995,-24.549999999999983,19
Cincinnati_OH,2014-03-08,37,19,-2.5028746666666684,-4.192413333333333,99.3,248.26666666666668,101146.2,1011.462,-24.883333333333297,4.88269507081416,2014-03-08 06:00:00,2014-03-09 19:00:00+00:00,2014-03-09 15:00:00-04:00,-35.939755742233615,42.8833333333333,-0.13333333333335418,-0.2333333333333485,-24.749999999999943,-24.64999999999995,20
Cincinnati_OH,2014-03-08,38,20,-2.499541333333335,-4.037930666666666,98.6,248.13333333333335,101178.9,1011.789,-25.016666666666623,4.748956827119919,2014-03-08 06:00:00,2014-03-09 20:00:00+00:00,2014-03-09 16:00:00-04:00,-35.9569345090555,43.01666666666662,-0.13333333333332575,-0.26666666666667993,-24.883333333333297,-24.749999999999943,21
Cincinnati_OH,2014-03-08,39,21,-2.496208000000002,-3.883448,97.9,248.0,101211.6,1012.116,-25.149999999999977,4.61651629997859,2014-03-08 06:00:00,2014-03-09 21:00:00+00:00,2014-03-09 17:00:00-04:00,-35.97129282754642,43.14999999999998,-0.13333333333335418,-0.26666666666667993,-25.016666666666623,-24.883333333333297,22
Cincinnati_OH,2014-03-08,40,22,-2.437357333333335,-3.646781333333333,95.86666666666667,247.85333333333332,101208.91722666669,1012.0891722666668,-25.296666666666653,4.3863110769189895,2014-03-08 06:00:00,2014-03-09 22:00:00+00:00,2014-03-09 18:00:00-04:00,-35.88014415131509,43.29666666666665,-0.14666666666667538,-0.28000000000002956,-25.149999999999977,-25.016666666666623,23
Cincinnati_OH,2014-03-08,41,23,-2.378506666666668,-3.4101146666666664,93.83333333333331,247.70666666666668,101206.23445333334,1012.0623445333334,-25.4433333333333,4.1576647295318185,2014-03-08 06:00:00,2014-03-09 23:00:00+00:00,2014-03-09 19:00:00-04:00,-35.77712643787989,43.4433333333333,-0.14666666666664696,-0.29333333333332234,-25.296666666666653,-25.149999999999977,24
Cincinnati_OH,2014-03-08,42,24,-2.319656000000001,-3.1734479999999996,91.8,247.56,101203.55168,1012.0355168,-25.589999999999975,3.930849293351248,2014-03-08 06:00:00,2014-03-10 00:00:00+00:00,2014-03-09 20:00:00-04:00,-35.66151485915021,43.589999999999975,-0.14666666666667538,-0.29333333333332234,-25.4433333333333,-25.296666666666653,25
Cincinnati_OH,2014-03-08,43,25,-2.174138666666668,-3.038965333333333,91.81149333333332,247.39885066666668,101221.70112,1012.2170112,-25.751149333333306,3.7366012951741174,2014-03-08 06:00:00,2014-03-10 01:00:00+00:00,2014-03-09 21:00:00-04:00,-35.59300120107564,43.7511493333333,-0.1611493333333307,-0.3078160000000061,-25.589999999999975,-25.4433333333333,26
Cincinnati_OH,2014-03-08,44,26,-2.028621333333334,-2.9044826666666665,91.82298666666668,247.23770133333332,101239.85056,1012.3985056,-25.912298666666658,3.542784790955023,2014-03-08 06:00:00,2014-03-10 02:00:00+00:00,2014-03-09 22:00:00-04:00,-35.51161512975441,43.91229866666666,-0.16114933333335202,-0.3222986666666827,-25.751149333333306,-25.589999999999975,27
Cincinnati_OH,2014-03-08,45,27,-1.8831040000000008,-2.77,91.83448,247.076552,101258.0,1012.58,-26.073447999999985,3.349474686397257,2014-03-08 06:00:00,2014-03-10 03:00:00+00:00,2014-03-09 23:00:00-04:00,-35.41622792516856,44.073447999999985,-0.16114933333332715,-0.32229866666667917,-25.912298666666658,-25.751149333333306,28
Cincinnati_OH,2014-03-08,46,28,-1.7397706666666677,-2.56,94.51149333333332,246.55103466666665,101270.0,1012.7,-26.598965333333325,3.095222443152314,2014-03-08 06:00:00,2014-03-10 04:00:00+00:00,2014-03-10 00:00:00-04:00,-35.64346780951697,44.598965333333325,-0.5255173333333403,-0.6866666666666674,-26.073447999999985,-25.912298666666658,29
Cincinnati_OH,2014-03-08,47,29,-1.596437333333334,-2.35,97.18850666666668,246.02551733333337,101282.0,1012.82,-27.124482666666637,2.840970284825318,2014-03-08 06:00:00,2014-03-10 05:00:00+00:00,2014-03-10 01:00:00-04:00,-35.833321989762915,45.12448266666664,-0.5255173333333119,-1.0510346666666521,-26.598965333333325,-26.073447999999985,30
Cincinnati_OH,2014-03-08,48,30,-1.4531040000000006,-2.14,99.86552,245.5,101294.0,1012.94,-27.649999999999977,2.5867182364563797,2014-03-08 06:00:00,2014-03-10 06:00:00+00:00,2014-03-10 02:00:00-04:00,-35.97983160957962,45.64999999999998,-0.5255173333333403,-1.0510346666666521,-27.124482666666637,-26.598965333333325,31
Cincinnati_OH,20140106,18,0,-3.663448,0.3162080000000014,98.9,240.956552,102568.151445,1025.68151445,-32.19344799999999,3.677069315088852,2014-01-06 06:00:00,2014-01-07 00:00:00+00:00,2014-01-06 19:00:00-05:00,-43.37459592073573,50.19344799999999,-4.84344800000002,-4.476781333333349,-27.34999999999997,-27.71666666666664,1
Cincinnati_OH,20140106,19,1,-3.8144826666666662,0.1062080000000014,98.73333333333332,241.03770133333333,102583.23429666666,1025.8323429666666,-32.112298666666646,3.815960973799974,2014-01-06 06:00:00,2014-01-07 01:00:00+00:00,2014-01-06 20:00:00-05:00,-43.492318597900805,50.112298666666646,0.08114933333334307,-4.762298666666677,-32.19344799999999,-27.34999999999997,2
Cincinnati_OH,20140106,20,2,-3.9655173333333336,-0.1037919999999985,98.56666666666668,241.11885066666665,102598.31714833331,1025.9831714833333,-32.03114933333333,3.966875407702026,2014-01-06 06:00:00,2014-01-07 02:00:00+00:00,2014-01-06 21:00:00-05:00,-43.620825337692786,50.03114933333333,0.08114933333331464,0.1622986666666577,-32.112298666666646,-32.19344799999999,3
Cincinnati_OH,20140106,21,3,-4.116552,-0.3137919999999985,98.4,241.2,102613.4,1026.134,-31.94999999999999,4.128494373009124,2014-01-06 06:00:00,2014-01-07 03:00:00+00:00,2014-01-06 22:00:00-05:00,-43.756937767398846,49.94999999999999,0.08114933333334307,0.1622986666666577,-32.03114933333333,-32.112298666666646,4
Cincinnati_OH,20140106,22,4,-4.108736,-0.6926426666666654,98.21034666666668,241.33333333333331,102635.93333333332,1026.359333333333,-31.816666666666663,4.166709178882432,2014-01-06 06:00:00,2014-01-07 04:00:00+00:00,2014-01-06 23:00:00-05:00,-43.64714893702413,49.81666666666666,0.13333333333332575,0.21448266666666882,-31.94999999999999,-32.03114933333333,5
Cincinnati_OH,20140106,23,5,-4.10092,-1.0714933333333323,98.02069333333334,241.46666666666667,102658.46666666666,1026.5846666666666,-31.68333333333331,4.238589719444167,2014-01-06 06:00:00,2014-01-07 05:00:00+00:00,2014-01-07 00:00:00-05:00,-43.583897026028936,49.68333333333331,0.13333333333335418,0.26666666666667993,-31.816666666666663,-31.94999999999999,6
Cincinnati_OH,20140106,24,6,-4.093104,-1.450343999999999,97.83104,241.6,102681.0,1026.81,-31.549999999999983,4.342464516049843,2014-01-06 06:00:00,2014-01-07 06:00:00+00:00,2014-01-07 01:00:00-05:00,-43.56261116263629,49.54999999999998,0.13333333333332575,0.26666666666667993,-31.68333333333331,-31.816666666666663,7
Cincinnati_OH,20140106,25,7,-4.279770666666667,-1.7481599999999988,97.8092,241.7,102704.634375,1027.04634375,-31.44999999999996,4.62304016258354,2014-01-06 06:00:00,2014-01-07 07:00:00+00:00,2014-01-07 02:00:00-05:00,-43.811547440399934,49.44999999999996,0.10000000000002274,0.2333333333333485,-31.549999999999983,-31.68333333333331,8
Cincinnati_OH,20140106,26,8,-4.466437333333334,-2.0459759999999987,97.78736,241.8,102728.26875,1027.2826875,-31.34999999999997,4.9127467108705885,2014-01-06 06:00:00,2014-01-07 08:00:00+00:00,2014-01-07 03:00:00-05:00,-44.05195417018102,49.349999999999966,0.09999999999999076,0.2000000000000135,-31.44999999999996,-31.549999999999983,9
Cincinnati_OH,20140106,27,9,-4.653104000000001,-2.3437919999999988,97.76552,241.90000000000003,102751.903125,1027.51903125,-31.249999999999943,5.210061206366006,2014-01-06 06:00:00,2014-01-07 09:00:00+00:00,2014-01-07 04:00:00-05:00,-44.28241300272299,49.24999999999994,0.10000000000002629,0.20000000000001705,-31.34999999999997,-31.44999999999996,10
Cincinnati_OH,20140106,28,10,-4.713104,-2.417125333333332,97.84368,241.96551733333337,102758.90208333332,1027.5890208333333,-31.18448266666664,5.296776773836875,2014-01-06 06:00:00,2014-01-07 10:00:00+00:00,2014-01-07 05:00:00-05:00,-44.30050282033774,49.18448266666664,0.0655173333333039,0.16551733333333019,-31.249999999999943,-31.34999999999997,11
Cincinnati_OH,20140106,29,11,-4.773104000000001,-2.4904586666666653,97.92184,242.03103466666664,102765.90104166666,1027.659010416667,-31.118965333333335,5.383763197354719,2014-01-06 06:00:00,2014-01-07 11:00:00+00:00,2014-01-07 06:00:00-05:00,-44.31731075759015,49.118965333333335,0.0655173333333039,0.1310346666666078,-31.18448266666664,-31.249999999999943,12
Cincinnati_OH,20140106,30,12,-4.8331040000000005,-2.5637919999999985,98.0,242.09655199999995,102772.9,1027.729,-31.05344800000003,5.471007557487011,2014-01-06 06:00:00,2014-01-07 12:00:00+00:00,2014-01-07 07:00:00-05:00,-44.33285385874673,49.05344800000003,0.0655173333333039,0.1310346666666078,-31.118965333333335,-31.18448266666664,13
Cincinnati_OH,20140106,31,13,-4.915288000000001,-2.704941333333332,97.93333333333334,242.1998853333333,102782.16770833332,1027.8216770833333,-30.95011466666668,5.610415647678799,2014-01-06 06:00:00,2014-01-07 13:00:00+00:00,2014-01-07 08:00:00-05:00,-44.35627116347746,48.95011466666668,0.10333333333335304,0.16885066666665693,-31.05344800000003,-31.118965333333335,14
Cincinnati_OH,20140106,32,14,-4.997472000000001,-2.8460906666666648,97.86666666666666,242.30321866666668,102791.43541666666,1027.9143541666665,-30.846781333333297,5.7510832435004025,2014-01-06 06:00:00,2014-01-07 14:00:00+00:00,2014-01-07 09:00:00-05:00,-44.377330358105155,48.8467813333333,0.10333333333338146,0.2066666666667345,-30.95011466666668,-31.05344800000003,15
Cincinnati_OH,20140106,33,15,-5.079656000000002,-2.987239999999998,97.8,242.40655200000003,102800.703125,1028.00703125,-30.743447999999944,5.892920150140846,2014-01-06 06:00:00,2014-01-07 15:00:00+00:00,2014-01-07 10:00:00-05:00,-44.39600577415102,48.743447999999944,0.10333333333335304,0.2066666666667345,-30.846781333333297,-30.95011466666668,16
Cincinnati_OH,20140106,34,16,-5.114138666666668,-3.0960906666666648,97.87701333333334,242.5132186666667,102779.13541666669,1027.791354166667,-30.63678133333329,5.978310105549524,2014-01-06 06:00:00,2014-01-07 16:00:00+00:00,2014-01-07 11:00:00-05:00,-44.349115466716334,48.63678133333329,0.10666666666665492,0.21000000000000796,-30.743447999999944,-30.846781333333297,17
Cincinnati_OH,20140106,35,17,-5.148621333333335,-3.204941333333332,97.95402666666668,242.61988533333337,102757.56770833331,1027.5756770833332,-30.53011466666663,6.064647605934211,2014-01-06 06:00:00,2014-01-07 17:00:00+00:00,2014-01-07 12:00:00-05:00,-44.30181668918196,48.530114666666634,0.10666666666665847,0.2133333333333134,-30.63678133333329,-30.743447999999944,18
Cincinnati_OH,20140106,36,18,-5.183104000000001,-3.3137919999999985,98.03104000000002,242.726552,102736.0,1027.36,-30.42344799999998,6.15189275703665,2014-01-06 06:00:00,2014-01-07 18:00:00+00:00,2014-01-07 13:00:00-05:00,-44.25406308958182,48.42344799999998,0.10666666666665137,0.21333333333330984,-30.53011466666663,-30.63678133333329,19
Cincinnati_OH,20140106,37,19,-5.251954666666668,-3.447125333333332,97.99770666666667,242.89321866666663,102722.2,1027.222,-30.25678133333332,6.282173261255235,2014-01-06 06:00:00,2014-01-07 19:00:00+00:00,2014-01-07 14:00:00-05:00,-44.170829578944065,48.25678133333332,0.16666666666666075,0.2733333333333121,-30.42344799999998,-30.53011466666663,20
Cincinnati_OH,20140106,38,20,-5.320805333333334,-3.580458666666665,97.96437333333334,243.05988533333337,102708.4,1027.084,-30.090114666666636,6.413318459186078,2014-01-06 06:00:00,2014-01-07 20:00:00+00:00,2014-01-07 15:00:00-05:00,-44.08547939641832,48.090114666666636,0.16666666666668206,0.3333333333333428,-30.25678133333332,-30.42344799999998,21
Cincinnati_OH,20140106,39,21,-5.389656000000001,-3.7137919999999984,97.93104,243.226552,102694.6,1026.946,-29.92344799999998,6.545276374424536,2014-01-06 06:00:00,2014-01-07 21:00:00+00:00,2014-01-07 16:00:00-05:00,-43.99801552411812,47.92344799999998,0.1666666666666572,0.33333333333333925,-30.090114666666636,-30.25678133333332,22
Cincinnati_OH,20140106,40,22,-5.391840000000001,-3.937125333333332,97.79885333333333,243.426552,102668.51722666668,1026.6851722666668,-29.72344799999999,6.67629346838312,2014-01-06 06:00:00,2014-01-07 22:00:00+00:00,2014-01-07 17:00:00-05:00,-43.864173233407776,47.72344799999999,0.19999999999998863,0.3666666666666458,-29.92344799999998,-30.090114666666636,23
Cincinnati_OH,20140106,41,23,-5.394024000000002,-4.160458666666665,97.66666666666669,243.626552,102642.43445333334,1026.4243445333334,-29.523447999999973,6.812115033498611,2014-01-06 06:00:00,2014-01-07 23:00:00+00:00,2014-01-07 18:00:00-05:00,-43.731855187004975,47.52344799999997,0.20000000000001705,0.4000000000000057,-29.72344799999999,-29.92344799999998,24
Cincinnati_OH,20140106,42,24,-5.3962080000000014,-4.383791999999999,97.53448,243.826552,102616.35168,1026.1635168,-29.323447999999985,6.952459498517629,2014-01-06 06:00:00,2014-01-08 00:00:00+00:00,2014-01-07 19:00:00-05:00,-43.60064340271792,47.323447999999985,0.19999999999998863,0.4000000000000057,-29.523447999999973,-29.72344799999999,25
Cincinnati_OH,20140106,43,25,-5.471725333333334,-4.611607999999999,97.51149333333332,244.11770133333332,102549.51834666668,1025.4951834666667,-29.032298666666662,7.1558861414297095,2014-01-06 06:00:00,2014-01-08 01:00:00+00:00,2014-01-07 20:00:00-05:00,-43.40360032368543,47.03229866666666,0.2911493333333226,0.49114933333331123,-29.323447999999985,-29.523447999999973,26
Cincinnati_OH,20140106,44,26,-5.547242666666668,-4.839423999999998,97.48850666666668,244.40885066666667,102482.68501333334,1024.8268501333334,-28.74114933333331,7.361516545839119,2014-01-06 06:00:00,2014-01-08 02:00:00+00:00,2014-01-07 21:00:00-05:00,-43.202452223696866,46.74114933333331,0.291149333333351,0.5822986666666736,-29.032298666666662,-29.323447999999985,27
Cincinnati_OH,20140106,45,27,-5.622760000000001,-5.067239999999998,97.46552,244.7,102415.85168,1024.1585168,-28.44999999999999,7.569171106217642,2014-01-06 06:00:00,2014-01-08 03:00:00+00:00,2014-01-07 22:00:00-05:00,-42.997170749506125,46.44999999999999,0.2911493333333226,0.5822986666666736,-28.74114933333331,-29.032298666666662,28
Cincinnati_OH,20140106,46,28,-5.798277333333335,-5.293906666666665,97.35517333333333,245.06666666666663,102344.83445333334,1023.4483445333334,-28.08333333333331,7.851462782795629,2014-01-06 06:00:00,2014-01-08 04:00:00+00:00,2014-01-07 23:00:00-05:00,-42.746976298436024,46.083333333333314,0.3666666666666778,0.6578160000000004,-28.44999999999999,-28.74114933333331,29
Cincinnati_OH,20140106,47,29,-5.973794666666668,-5.520573333333332,97.24482666666668,245.43333333333337,102273.81722666668,1022.7381722666668,-27.71666666666664,8.134061264104558,2014-01-06 06:00:00,2014-01-08 05:00:00+00:00,2014-01-08 00:00:00-05:00,-42.48747990722147,45.71666666666664,0.3666666666666707,0.7333333333333485,-28.08333333333331,-28.44999999999999,30
Cincinnati_OH,20140106,48,30,-6.149312000000002,-5.747239999999999,97.13448,245.8,102202.8,1022.028,-27.34999999999997,8.416935647309181,2014-01-06 06:00:00,2014-01-08 06:00:00+00:00,2014-01-08 01:00:00-05:00,-42.219179428928214,45.349999999999966,0.3666666666666707,0.7333333333333414,-27.71666666666664,-28.08333333333331,31
Cincinnati_OH,20140714,18,0,0.2265520000000003,-0.1765520000000003,87.0,271.6,101934.8,1019.348,-1.5499999999999543,0.2872218957670188,2014-07-14 06:00:00,2014-07-15 00:00:00+00:00,2014-07-14 20:00:00-04:00,-1.5499999999999543,19.549999999999955,-1.4999999999999998,-1.6666666666666854,-0.0499999999999545,0.116666666666731,1
Cincinnati_OH,20140714,19,1,-0.0011493333333332,-0.2310346666666668,86.63333333333334,271.53333333333336,101906.93333333332,1019.0693333333334,-1.6166666666666174,0.2310375254561236,2014-07-14 06:00:00,2014-07-15 01:00:00+00:00,2014-07-14 21:00:00-04:00,-1.6166666666666174,19.616666666666617,-0.0666666666666631,-1.5666666666666629,-1.5499999999999543,-0.0499999999999545,2
Cincinnati_OH,20140714,20,2,-0.2288506666666668,-0.2855173333333334,86.26666666666667,271.4666666666667,101879.06666666668,1018.7906666666668,-1.6833333333332805,0.3659136172207256,2014-07-14 06:00:00,2014-07-15 02:00:00+00:00,2014-07-14 22:00:00-04:00,-1.6833333333332805,19.68333333333328,-0.0666666666666631,-0.1333333333333262,-1.6166666666666174,-1.5499999999999543,3
Cincinnati_OH,20140714,21,3,-0.4565520000000004,-0.34,85.9,271.40000000000003,101851.2,1018.512,-1.7499999999999432,0.5692448758697792,2014-07-14 06:00:00,2014-07-15 03:00:00+00:00,2014-07-14 23:00:00-04:00,-1.7499999999999432,19.749999999999943,-0.06666666666666266,-0.13333333333332575,-1.6833333333332805,-1.6166666666666174,4
Cincinnati_OH,20140714,22,4,-0.6477013333333336,-0.3144826666666666,84.96666666666667,271.53333333333336,101838.26770833333,1018.3826770833332,-1.6166666666666174,0.720011364379449,2014-07-14 06:00:00,2014-07-15 04:00:00+00:00,2014-07-15 00:00:00-04:00,-1.6166666666666174,19.616666666666617,0.13333333333332575,0.0666666666666631,-1.7499999999999432,-1.6833333333332805,5
Cincinnati_OH,20140714,23,5,-0.8388506666666669,-0.2889653333333331,84.03333333333335,271.6666666666667,101825.33541666668,1018.2533541666668,-1.4833333333332916,0.8872268057467356,2014-07-14 06:00:00,2014-07-15 05:00:00+00:00,2014-07-15 01:00:00-04:00,-1.4833333333332916,19.48333333333329,0.13333333333332575,0.2666666666666515,-1.6166666666666174,-1.7499999999999432,6
Cincinnati_OH,20140714,24,6,-1.03,-0.2634479999999996,83.10000000000001,271.8,101812.403125,1018.12403125,-1.349999999999966,1.0631579603727754,2014-07-14 06:00:00,2014-07-15 06:00:00+00:00,2014-07-15 02:00:00-04:00,-1.349999999999966,19.349999999999966,0.13333333333332575,0.2666666666666515,-1.4833333333332916,-1.6166666666666174,7
Cincinnati_OH,20140714,25,7,-1.28,-0.3512639999999995,81.23333333333333,272.3,101808.03541666668,1018.0803541666668,-0.8499999999999659,1.327323019349849,2014-07-14 06:00:00,2014-07-15 07:00:00+00:00,2014-07-15 03:00:00-04:00,-0.8499999999999659,18.849999999999966,0.5,0.6333333333333258,-1.349999999999966,-1.4833333333332916,8
Cincinnati_OH,20140714,26,8,-1.5299999999999998,-0.4390799999999993,79.36666666666667,272.8,101803.66770833332,1018.0366770833332,-0.3499999999999659,1.5917572825025803,2014-07-14 06:00:00,2014-07-15 08:00:00+00:00,2014-07-15 04:00:00-04:00,-2.314831741644302,18.349999999999966,0.5,1.0,-0.8499999999999659,-1.349999999999966,9
Cincinnati_OH,20140714,27,9,-1.7799999999999998,-0.5268959999999993,77.5,273.3,101799.3,1017.993,0.1500000000000341,1.856345709940904,2014-07-14 06:00:00,2014-07-15 09:00:00+00:00,2014-07-15 05:00:00-04:00,-2.114460526288746,17.849999999999966,0.5,1.0,-0.3499999999999659,-0.8499999999999659,0
Cincinnati_OH,20140714,28,10,-1.9055173333333333,-0.5302293333333327,78.66666666666667,273.33333333333337,101749.934375,1017.49934375,0.1833333333333939,1.9779129034315155,2014-07-14 06:00:00,2014-07-15 10:00:00+00:00,2014-07-15 06:00:00-04:00,-2.232005714613743,17.816666666666606,0.033333333333359805,0.5333333333333599,0.1500000000000341,-0.3499999999999659,0
Cincinnati_OH,20140714,29,11,-2.0310346666666668,-0.533562666666666,79.83333333333333,273.3666666666667,101700.56875,1017.0056875,0.2166666666666969,2.0999502223772404,2014-07-14 06:00:00,2014-07-15 11:00:00+00:00,2014-07-15 07:00:00-04:00,-2.3418882129243497,17.783333333333303,0.03333333333330299,0.0666666666666628,0.1833333333333939,0.1500000000000341,0
Cincinnati_OH,20140714,30,12,-2.1565520000000005,-0.5368959999999994,81.0,273.40000000000003,101651.203125,1016.51203125,0.2500000000000568,2.2223802202863494,2014-07-14 06:00:00,2014-07-15 12:00:00+00:00,2014-07-15 08:00:00-04:00,-2.444785343455869,17.749999999999943,0.03333333333335989,0.06666666666666288,0.2166666666666969,0.1833333333333939,0
Cincinnati_OH,20140714,31,13,-2.303218666666667,-0.5668959999999993,81.66666666666667,273.43333333333334,101648.23541666668,1016.4823541666668,0.2833333333333598,2.3719585370106655,2014-07-14 06:00:00,2014-07-15 13:00:00+00:00,2014-07-15 09:00:00-04:00,-2.570132970744296,17.71666666666664,0.03333333333330302,0.0666666666666629,0.2500000000000568,0.2166666666666969,0
Cincinnati_OH,20140714,32,14,-2.449885333333334,-0.5968959999999993,82.33333333333333,273.4666666666667,101645.26770833334,1016.4526770833334,0.3166666666667197,2.5215517010955337,2014-07-14 06:00:00,2014-07-15 14:00:00+00:00,2014-07-15 10:00:00-04:00,-2.686624677217837,17.68333333333328,0.033333333333359916,0.06666666666666293,0.2833333333333598,0.2500000000000568,0
Cincinnati_OH,20140714,33,15,-2.5965520000000004,-0.6268959999999992,83.0,273.5,101642.30000000002,1016.4230000000002,0.3500000000000227,2.671157218046141,2014-07-14 06:00:00,2014-07-15 15:00:00+00:00,2014-07-15 11:00:00-04:00,-2.7951891930017045,17.649999999999977,0.03333333333330296,0.06666666666666288,0.3166666666667197,0.2833333333333598,0
Cincinnati_OH,20140714,34,16,-2.651034666666667,-0.5402293333333326,83.43333333333334,273.5,101592.9,1015.929,0.3500000000000227,2.7055189033644216,2014-07-14 06:00:00,2014-07-15 16:00:00+00:00,2014-07-15 12:00:00-04:00,-2.828216113149116,17.649999999999977,0.0,0.03333333333330296,0.3500000000000227,0.3166666666667197,0
Cincinnati_OH,20140714,35,17,-2.7055173333333333,-0.4535626666666659,83.86666666666667,273.5,101543.5,1015.4350000000002,0.3500000000000227,2.743272340392198,2014-07-14 06:00:00,2014-07-15 17:00:00+00:00,2014-07-15 13:00:00-04:00,-2.8640992524432787,17.649999999999977,0.0,0.0,0.3500000000000227,0.3500000000000227,0
Cincinnati_OH,20140714,36,18,-2.76,-0.3668959999999992,84.30000000000001,273.5,101494.1,1014.941,0.3500000000000227,2.78427956118203,2014-07-14 06:00:00,2014-07-15 18:00:00+00:00,2014-07-15 14:00:00-04:00,-2.9026080204206455,17.649999999999977,0.0,0.0,0.3500000000000227,0.3500000000000227,0
Cincinnati_OH,20140714,37,19,-2.74,-0.4468959999999992,83.94482666666667,273.53333333333336,101477.13333333332,1014.7713333333334,0.3833333333333826,2.776205330089257,2014-07-14 06:00:00,2014-07-15 19:00:00+00:00,2014-07-15 15:00:00-04:00,-2.8552447406550145,17.616666666666617,0.033333333333359916,0.033333333333359916,0.3500000000000227,0.3500000000000227,0
Cincinnati_OH,20140714,38,20,-2.72,-0.5268959999999993,83.58965333333333,273.56666666666666,101460.16666666669,1014.6016666666668,0.4166666666666856,2.770563010439575,2014-07-14 06:00:00,2014-07-15 20:00:00+00:00,2014-07-15 16:00:00-04:00,-2.810155291027244,17.583333333333314,0.03333333333330302,0.06666666666666293,0.3833333333333826,0.3500000000000227,0
Cincinnati_OH,20140714,39,21,-2.7,-0.6068959999999993,83.23447999999999,273.6,101443.2,1014.432,0.4500000000000455,2.767367477371952,2014-07-14 06:00:00,2014-07-15 21:00:00+00:00,2014-07-15 17:00:00-04:00,-2.7673571821472525,17.549999999999955,0.03333333333335986,0.06666666666666288,0.4166666666666856,0.3833333333333826,0
Cincinnati_OH,20140714,40,22,-2.601034666666667,-0.985746666666666,82.75632,273.6333333333333,101433.16666666669,1014.3316666666668,0.4833333333333485,2.781560322561102,2014-07-14 06:00:00,2014-07-15 22:00:00+00:00,2014-07-15 18:00:00-04:00,-2.7407703681355184,17.51666666666665,0.03333333333330302,0.06666666666666288,0.4500000000000455,0.4166666666666856,0
Cincinnati_OH,20140714,41,23,-2.502069333333334,-1.364597333333333,82.27816,273.6666666666667,101423.13333333332,1014.2313333333332,0.5166666666667084,2.8499959352510587,2014-07-14 06:00:00,2014-07-15 23:00:00+00:00,2014-07-15 19:00:00-04:00,-2.763842456066638,17.48333333333329,0.03333333333335986,0.06666666666666288,0.4833333333333485,0.4500000000000455,0
Cincinnati_OH,20140714,42,24,-2.403104000000001,-1.7434479999999997,81.80000000000001,273.7,101413.1,1014.131,0.5500000000000114,2.968925691815139,2014-07-14 06:00:00,2014-07-16 00:00:00+00:00,2014-07-15 20:00:00-04:00,-2.830164915651647,17.44999999999999,0.03333333333330302,0.06666666666666288,0.5166666666667084,0.4833333333333485,0
Cincinnati_OH,20140714,43,25,-2.2775866666666675,-1.9934479999999997,81.7,273.6666666666667,101387.36666666668,1013.8736666666668,0.5166666666667084,3.026753368360525,2014-07-14 06:00:00,2014-07-16 01:00:00+00:00,2014-07-15 21:00:00-04:00,-2.9206119405430706,17.48333333333329,-0.03333333333330302,0.0,0.5500000000000114,0.5166666666667084,0
Cincinnati_OH,20140714,44,26,-2.1520693333333343,-2.243448,81.60000000000001,273.6333333333333,101361.63333333332,1013.6163333333332,0.4833333333333485,3.1087716777173875,2014-07-14 06:00:00,2014-07-16 02:00:00+00:00,2014-07-15 22:00:00-04:00,-3.0309241505820594,17.51666666666665,-0.03333333333335986,-0.06666666666666288,0.5166666666667084,0.5500000000000114,0
Cincinnati_OH,20140714,45,27,-2.026552000000001,-2.493448,81.5,273.6,101335.9,1013.359,0.4500000000000455,3.213128683605436,2014-07-14 06:00:00,2014-07-16 03:00:00+00:00,2014-07-15 23:00:00-04:00,-3.158333783809194,17.549999999999955,-0.03333333333330302,-0.06666666666666288,0.4833333333333485,0.5166666666667084,0
Cincinnati_OH,20140714,46,28,-1.9342533333333345,-2.6801146666666664,81.66666666666667,273.43333333333334,101331.7,1013.317,0.2833333333333598,3.3052005361237753,2014-07-14 06:00:00,2014-07-16 04:00:00+00:00,2014-07-16 00:00:00-04:00,-3.4351477670145476,17.71666666666664,-0.16666666666668567,-0.1999999999999887,0.4500000000000455,0.4833333333333485,0
Cincinnati_OH,20140714,47,29,-1.8419546666666675,-2.866781333333333,81.83333333333333,273.2666666666667,101327.5,1013.275,0.116666666666731,3.407525819007621,2014-07-14 06:00:00,2014-07-16 05:00:00+00:00,2014-07-16 01:00:00-04:00,-3.7192443152235786,17.88333333333327,-0.1666666666666288,-0.3333333333333145,0.2833333333333598,0.4500000000000455,0
Cincinnati_OH,20140714,48,30,-1.7496560000000012,-3.0534479999999995,82.0,273.1,101323.30000000002,1013.2330000000002,-0.0499999999999545,3.5192102533153657,2014-07-14 06:00:00,2014-07-16 06:00:00+00:00,2014-07-16 02:00:00-04:00,-4.009522757851571,18.049999999999955,-0.1666666666666855,-0.3333333333333143,0.116666666666731,0.2833333333333598,1
Cincinnati_OH,20141101,18,0,0.5131040000000007,1.41,100.0,247.46,101169.4,1011.694,-25.68999999999997,1.5004585015307823,2014-11-01 06:00:00,2014-11-02 00:00:00+00:00,2014-11-01 20:00:00-04:00,-31.080446517383333,43.68999999999997,2.9000000000000057,3.5033333333333303,-28.589999999999975,-29.1933333333333,1
Cincinnati_OH,20141101,19,1,0.4197706666666673,1.1844826666666666,99.95517333333332,246.18666666666667,101151.83333333331,1011.5183333333332,-26.96333333333331,1.2566648718841296,2014-11-01 06:00:00,2014-11-02 01:00:00+00:00,2014-11-01 21:00:00-04:00,-26.96333333333331,44.96333333333331,-1.2733333333333405,1.6266666666666652,-25.68999999999997,-28.589999999999975,2
Cincinnati_OH,20141101,20,2,0.326437333333334,0.958965333333333,99.91034666666668,244.91333333333333,101134.26666666666,1011.3426666666668,-28.23666666666665,1.0130033776492993,2014-11-01 06:00:00,2014-11-02 02:00:00+00:00,2014-11-01 22:00:00-04:00,-28.23666666666665,46.23666666666665,-1.2733333333333405,-2.546666666666681,-26.96333333333331,-25.68999999999997,3
Cincinnati_OH,20141101,21,3,0.2331040000000007,0.7334479999999997,99.86552,243.64,101116.7,1011.167,-29.50999999999999,0.7695995345112936,2014-11-01 06:00:00,2014-11-02 03:00:00+00:00,2014-11-01 23:00:00-04:00,-29.50999999999999,47.50999999999999,-1.2733333333333405,-2.546666666666681,-28.23666666666665,-26.96333333333331,4
Cincinnati_OH,20141101,22,4,-0.0190799999999994,0.7556319999999997,99.87701333333334,243.36114933333332,101095.8,1010.958,-29.78885066666666,0.7558728503022182,2014-11-01 06:00:00,2014-11-02 04:00:00+00:00,2014-11-02 00:00:00-04:00,-29.78885066666666,47.78885066666666,-0.2788506666666706,-1.552184000000011,-29.50999999999999,-28.23666666666665,5
Cincinnati_OH,20141101,23,5,-0.2712639999999995,0.777816,99.88850666666669,243.08229866666667,101074.9,1010.749,-30.067701333333304,0.823760819383879,2014-11-01 06:00:00,2014-11-02 05:00:00+00:00,2014-11-02 01:00:00-04:00,-30.067701333333304,48.067701333333304,-0.27885066666664216,-0.5577013333333127,-29.78885066666666,-29.50999999999999,6
Cincinnati_OH,20141101,24,6,-0.5234479999999997,0.8,99.9,242.803448,101054.0,1010.54,-30.346551999999978,0.9560323261814948,2014-11-01 06:00:00,2014-11-02 06:00:00+00:00,2014-11-02 01:00:00-05:00,-30.346551999999978,48.346551999999974,-0.27885066666667413,-0.5577013333333163,-30.067701333333304,-29.78885066666666,7
Cincinnati_OH,20141101,25,7,-0.646781333333333,0.7521840000000002,99.92184,242.75678133333332,101057.1,1010.571,-30.393218666666655,0.9920216041016668,2014-11-01 06:00:00,2014-11-02 07:00:00+00:00,2014-11-02 02:00:00-05:00,-30.393218666666655,48.393218666666655,-0.046666666666677514,-0.32551733333335164,-30.346551999999978,-30.067701333333304,8
Cincinnati_OH,20141101,26,8,-0.7701146666666663,0.7043680000000002,99.94368,242.71011466666667,101060.2,1010.602,-30.439885333333308,1.043652662162614,2014-11-01 06:00:00,2014-11-02 08:00:00+00:00,2014-11-02 03:00:00-05:00,-30.439885333333308,48.43988533333331,-0.046666666666652645,-0.09333333333333016,-30.393218666666655,-30.346551999999978,9
Cincinnati_OH,20141101,27,9,-0.8934479999999996,0.6565520000000004,99.96552,242.663448,101063.3,1010.633,-30.48655199999999,1.108742466674746,2014-11-01 06:00:00,2014-11-02 09:00:00+00:00,2014-11-02 04:00:00-05:00,-30.48655199999999,48.48655199999999,-0.04666666666668107,-0.09333333333333371,-30.439885333333308,-30.393218666666655,10
Cincinnati_OH,20141101,28,10,-0.9101146666666664,0.6310346666666669,99.97701333333332,242.71011466666667,101036.0,1010.36,-30.439885333333308,1.107480680200286,2014-11-01 06:00:00,2014-11-02 10:00:00+00:00,2014-11-02 05:00:00-05:00,-30.439885333333308,48.43988533333331,0.04666666666668107,0.0,-30.48655199999999,-30.439885333333308,11
Cincinnati_OH,20141101,29,11,-0.9267813333333328,0.6055173333333335,99.98850666666668,242.75678133333332,101008.7,1010.087,-30.393218666666655,1.107056855261834,2014-11-01 06:00:00,2014-11-02 11:00:00+00:00,2014-11-02 06:00:00-05:00,-30.393218666666655,48.393218666666655,0.046666666666652645,0.09333333333333371,-30.439885333333308,-30.48655199999999,12
Cincinnati_OH,20141101,30,12,-0.9434479999999996,0.58,100.0,242.803448,100981.40000000002,1009.8140000000002,-30.346551999999978,1.1074719539130546,2014-11-01 06:00:00,2014-11-02 12:00:00+00:00,2014-11-02 07:00:00-05:00,-30.346551999999978,48.346551999999974,0.046666666666677514,0.09333333333333016,-30.393218666666655,-30.439885333333308,13
Cincinnati_OH,20141101,31,13,-1.0401146666666663,0.5188506666666668,100.0,242.8122986666667,100972.86666666668,1009.7286666666668,-30.337701333333285,1.162344412863741,2014-11-01 06:00:00,2014-11-02 13:00:00+00:00,2014-11-02 08:00:00-05:00,-30.337701333333285,48.337701333333285,0.00885066666669232,0.055517333333369834,-30.346551999999978,-30.393218666666655,14
Cincinnati_OH,20141101,32,14,-1.136781333333333,0.4577013333333335,100.0,242.82114933333335,100964.33333333334,1009.6433333333334,-30.328850666666625,1.22546412038469,2014-11-01 06:00:00,2014-11-02 14:00:00+00:00,2014-11-02 09:00:00-05:00,-30.328850666666625,48.328850666666625,0.008850666666660345,0.017701333333352665,-30.337701333333285,-30.346551999999978,15
Cincinnati_OH,20141101,33,15,-1.2334479999999997,0.3965520000000003,100.0,242.83000000000004,100955.8,1009.558,-30.319999999999936,1.2956262799928069,2014-11-01 06:00:00,2014-11-02 15:00:00+00:00,2014-11-02 10:00:00-05:00,-30.319999999999936,48.319999999999936,0.008850666666688767,0.017701333333349112,-30.328850666666625,-30.337701333333285,16
Cincinnati_OH,20141101,34,16,-1.2256319999999998,0.3532186666666669,100.0,242.83448266666667,100944.334375,1009.44334375,-30.315517333333304,1.2755144945886652,2014-11-01 06:00:00,2014-11-02 16:00:00+00:00,2014-11-02 11:00:00-05:00,-30.315517333333304,48.315517333333304,0.00448266666663244,0.013333333333321207,-30.319999999999936,-30.328850666666625,17
Cincinnati_OH,20141101,35,17,-1.2178159999999998,0.3098853333333336,100.0,242.8389653333333,100932.86875,1009.3286875,-30.311034666666643,1.2566243391209286,2014-11-01 06:00:00,2014-11-02 17:00:00+00:00,2014-11-02 12:00:00-05:00,-30.311034666666643,48.31103466666664,0.004482666666660862,0.008965333333293302,-30.315517333333304,-30.319999999999936,18
Cincinnati_OH,20141101,36,18,-1.21,0.2665520000000003,100.0,242.84344799999997,100921.403125,1009.21403125,-30.30655200000001,1.2390116903015889,2014-11-01 06:00:00,2014-11-02 18:00:00+00:00,2014-11-02 13:00:00-05:00,-30.30655200000001,48.30655200000001,0.00448266666663244,0.008965333333293302,-30.311034666666643,-30.315517333333304,19
Cincinnati_OH,20141101,37,19,-1.2133333333333334,0.2665520000000003,100.0,242.92229866666665,100932.53541666668,1009.3253541666668,-30.22770133333333,1.242267179990592,2014-11-01 06:00:00,2014-11-02 19:00:00+00:00,2014-11-02 14:00:00-05:00,-30.22770133333333,48.22770133333333,0.07885066666668195,0.08333333333331439,-30.30655200000001,-30.311034666666643,20
Cincinnati_OH,20141101,38,20,-1.2166666666666666,0.2665520000000003,100.0,243.00114933333336,100943.66770833336,1009.4366770833336,-30.14885066666662,1.245523081472912,2014-11-01 06:00:00,2014-11-02 20:00:00+00:00,2014-11-02 15:00:00-05:00,-30.14885066666662,48.14885066666662,0.07885066666671037,0.1577013333333923,-30.22770133333333,-30.30655200000001,21
Cincinnati_OH,20141101,39,21,-1.22,0.2665520000000003,100.0,243.08000000000004,100954.80000000002,1009.5480000000002,-30.069999999999936,1.2487793915275829,2014-11-01 06:00:00,2014-11-02 21:00:00+00:00,2014-11-02 16:00:00-05:00,-30.069999999999936,48.069999999999936,0.07885066666668195,0.1577013333333923,-30.14885066666662,-30.22770133333333,22
Cincinnati_OH,20141101,40,22,-1.086666666666667,0.3477013333333335,99.97816,242.92333333333335,100948.30104166668,1009.4830104166668,-30.226666666666603,1.1409385003786237,2014-11-01 06:00:00,2014-11-02 22:00:00+00:00,2014-11-02 17:00:00-05:00,-30.226666666666603,48.2266666666666,-0.1566666666666663,-0.07781599999998434,-30.069999999999936,-30.14885066666662,23
Cincinnati_OH,20141101,41,23,-0.9533333333333334,0.4288506666666667,99.95632,242.76666666666668,100941.80208333334,1009.4180208333336,-30.383333333333297,1.045350342586106,2014-11-01 06:00:00,2014-11-02 23:00:00+00:00,2014-11-02 18:00:00-05:00,-30.383333333333297,48.3833333333333,-0.1566666666666947,-0.313333333333361,-30.226666666666603,-30.069999999999936,24
Cincinnati_OH,20141101,42,24,-0.8200000000000001,0.51,99.93448,242.61,100935.303125,1009.35303125,-30.539999999999964,0.9656603957913984,2014-11-01 06:00:00,2014-11-03 00:00:00+00:00,2014-11-02 19:00:00-05:00,-30.539999999999964,48.539999999999964,-0.1566666666666663,-0.313333333333361,-30.383333333333297,-30.226666666666603,25
Cincinnati_OH,20141101,43,25,-0.7833333333333333,0.4833333333333333,99.92298666666666,242.65666666666667,100935.83541666668,1009.3583541666668,-30.49333333333331,0.9204467514322716,2014-11-01 06:00:00,2014-11-03 01:00:00+00:00,2014-11-02 20:00:00-05:00,-30.49333333333331,48.49333333333331,0.046666666666652645,-0.11000000000001364,-30.539999999999964,-30.383333333333297,26
Cincinnati_OH,20141101,44,26,-0.7466666666666667,0.4566666666666666,99.91149333333334,242.70333333333335,100936.36770833332,1009.3636770833332,-30.44666666666663,0.8752459971662571,2014-11-01 06:00:00,2014-11-03 02:00:00+00:00,2014-11-02 21:00:00-05:00,-30.44666666666663,48.44666666666663,0.04666666666668107,0.09333333333333371,-30.49333333333331,-30.539999999999964,27
Cincinnati_OH,20141101,45,27,-0.71,0.43,99.9,242.75,100936.9,1009.369,-30.399999999999977,0.8300602387778853,2014-11-01 06:00:00,2014-11-03 03:00:00+00:00,2014-11-02 22:00:00-05:00,-30.399999999999977,48.39999999999998,0.046666666666652645,0.09333333333333371,-30.44666666666663,-30.49333333333331,28
Cincinnati_OH,20141101,46,28,-0.5599999999999999,0.4433333333333333,99.88850666666669,243.35333333333332,100937.1,1009.371,-29.796666666666653,0.7142439670339851,2014-11-01 06:00:00,2014-11-03 04:00:00+00:00,2014-11-02 23:00:00-05:00,-29.796666666666653,47.79666666666665,0.6033333333333246,0.6499999999999773,-30.399999999999977,-30.44666666666663,29
Cincinnati_OH,20141101,47,29,-0.41,0.4566666666666666,99.87701333333334,243.95666666666668,100937.3,1009.373,-29.1933333333333,0.613713650202148,2014-11-01 06:00:00,2014-11-03 05:00:00+00:00,2014-11-03 00:00:00-05:00,-29.1933333333333,47.1933333333333,0.603333333333353,1.2066666666666777,-29.796666666666653,-30.399999999999977,30
Cincinnati_OH,20141101,48,30,-0.26,0.47,99.86552,244.56,100937.5,1009.375,-28.589999999999975,0.5371219600798314,2014-11-01 06:00:00,2014-11-03 06:00:00+00:00,2014-11-03 01:00:00-05:00,-28.589999999999975,46.589999999999975,0.6033333333333246,1.2066666666666777,-29.1933333333333,-29.796666666666653,31
Philadelphia_PA,2014-03-08,18,0,-2.866393199999999,-4.9345356,100.0,250.37,101096.3,1010.963,-22.779999999999973,5.7066497671290115,2014-03-08 06:00:00,2014-03-09 00:00:00+00:00,2014-03-08 19:00:00-05:00,-34.12861717498887,40.77999999999997,4.569999999999997,4.106666666666655,-27.34999999999997,-26.886666666666628,1
Philadelphia_PA,2014-03-08,19,1,-2.8282146666666654,-4.9793808,100.0,250.17666666666668,101094.36666666668,1010.9436666666668,-22.9733333333333,5.7265200036459385,2014-03-08 06:00:00,2014-03-09 01:00:00+00:00,2014-03-08 20:00:00-05:00,-34.39158235297727,40.9733333333333,-0.19333333333332803,4.376666666666669,-22.779999999999973,-27.34999999999997,2
Philadelphia_PA,2014-03-08,20,2,-2.790036133333332,-5.024226000000001,100.0,249.98333333333332,101092.43333333332,1010.9243333333334,-23.166666666666657,5.746925136486609,2014-03-08 06:00:00,2014-03-09 02:00:00+00:00,2014-03-08 21:00:00-05:00,-34.655128953459275,41.16666666666666,-0.19333333333335645,-0.3866666666666845,-22.9733333333333,-22.779999999999973,3
Philadelphia_PA,2014-03-08,21,3,-2.7518575999999983,-5.0690712000000016,100.0,249.79,101090.5,1010.905,-23.359999999999985,5.767859488696583,2014-03-08 06:00:00,2014-03-09 03:00:00+00:00,2014-03-08 22:00:00-05:00,-34.91925254919077,41.359999999999985,-0.19333333333332803,-0.3866666666666845,-23.166666666666657,-22.9733333333333,4
Philadelphia_PA,2014-03-08,22,4,-2.821857599999998,-5.082404533333334,99.96666666666668,249.68666666666667,101080.46666666666,1010.8046666666664,-23.46333333333331,5.813236289290585,2014-03-08 06:00:00,2014-03-09 04:00:00+00:00,2014-03-08 23:00:00-05:00,-35.09217981888997,41.46333333333331,-0.10333333333332462,-0.29666666666665265,-23.359999999999985,-23.166666666666657,5
Philadelphia_PA,2014-03-08,23,5,-2.8918575999999985,-5.095737866666668,99.93333333333334,249.58333333333331,101070.43333333332,1010.7043333333334,-23.566666666666663,5.859128329748232,2014-03-08 06:00:00,2014-03-09 05:00:00+00:00,2014-03-09 00:00:00-05:00,-35.265472895905035,41.56666666666666,-0.10333333333335304,-0.20666666666667766,-23.46333333333331,-23.359999999999985,6
Philadelphia_PA,2014-03-08,24,6,-2.9618575999999983,-5.109071200000001,99.9,249.48,101060.4,1010.604,-23.669999999999987,5.90552359823811,2014-03-08 06:00:00,2014-03-09 06:00:00+00:00,2014-03-09 01:00:00-05:00,-35.43911654996231,41.66999999999999,-0.10333333333332462,-0.20666666666667766,-23.566666666666663,-23.46333333333331,7
Philadelphia_PA,2014-03-08,25,7,-3.025190933333332,-5.007249733333334,99.93333333333334,249.37,101065.2,1010.652,-23.779999999999973,5.850156414583198,2014-03-08 06:00:00,2014-03-09 07:00:00+00:00,2014-03-09 03:00:00-04:00,-35.527527180505516,41.77999999999997,-0.10999999999998522,-0.21333333333330984,-23.669999999999987,-23.566666666666663,8
Philadelphia_PA,2014-03-08,26,8,-3.088524266666665,-4.905428266666667,99.96666666666668,249.26,101070.0,1010.7,-23.889999999999983,5.796741207368258,2014-03-08 06:00:00,2014-03-09 08:00:00+00:00,2014-03-09 04:00:00-04:00,-35.61714113094057,41.889999999999986,-0.11000000000001009,-0.2199999999999953,-23.779999999999973,-23.669999999999987,9
Philadelphia_PA,2014-03-08,27,9,-3.1518575999999983,-4.803606800000001,100.0,249.15,101074.8,1010.748,-23.99999999999997,5.7453324202942335,2014-03-08 06:00:00,2014-03-09 09:00:00+00:00,2014-03-09 05:00:00-04:00,-35.708054355135964,41.99999999999997,-0.10999999999998877,-0.21999999999999886,-23.889999999999983,-23.779999999999973,10
Philadelphia_PA,2014-03-08,28,10,-3.140036133333332,-4.7669401333333346,99.98178533333332,249.06666666666663,101074.40104166669,1010.7440104166668,-24.08333333333331,5.708199817229858,2014-03-08 06:00:00,2014-03-09 10:00:00+00:00,2014-03-09 06:00:00-04:00,-35.778275446646205,42.083333333333314,-0.08333333333333925,-0.19333333333332803,-23.99999999999997,-23.889999999999983,11
Philadelphia_PA,2014-03-08,29,11,-3.1282146666666657,-4.7302734666666675,99.96357066666668,248.98333333333335,101074.00208333333,1010.7400208333332,-24.16666666666663,5.671085792879449,2014-03-08 06:00:00,2014-03-09 11:00:00+00:00,2014-03-09 07:00:00-04:00,-35.848209790792005,42.16666666666663,-0.08333333333331794,-0.1666666666666572,-24.08333333333331,-23.99999999999997,12
Philadelphia_PA,2014-03-08,30,12,-3.116393199999999,-4.693606800000001,99.945356,248.9,101073.603125,1010.73603125,-24.24999999999997,5.633990714405952,2014-03-08 06:00:00,2014-03-09 12:00:00+00:00,2014-03-09 08:00:00-04:00,-35.91785486843703,42.24999999999997,-0.08333333333334281,-0.16666666666666075,-24.16666666666663,-24.08333333333331,13
Philadelphia_PA,2014-03-08,31,13,-3.1763931999999993,-4.616940133333334,99.96357066666668,248.83333333333337,101079.96875,1010.7996875,-24.31666666666663,5.604070837863335,2014-03-08 06:00:00,2014-03-09 13:00:00+00:00,2014-03-09 09:00:00-04:00,-35.97311093350168,42.316666666666634,-0.06666666666665932,-0.15000000000000213,-24.24999999999997,-24.16666666666663,14
Philadelphia_PA,2014-03-08,32,14,-3.236393199999999,-4.540273466666668,99.98178533333332,248.76666666666665,101086.334375,1010.86334375,-24.38333333333333,5.575690459227771,2014-03-08 06:00:00,2014-03-09 14:00:00+00:00,2014-03-09 10:00:00-04:00,-36.029665788297606,42.383333333333326,-0.0666666666666984,-0.13333333333335773,-24.31666666666663,-24.24999999999997,15
Philadelphia_PA,2014-03-08,33,15,-3.296393199999999,-4.463606800000001,100.0,248.7,101092.7,1010.927,-24.44999999999999,5.548873200390552,2014-03-08 06:00:00,2014-03-09 15:00:00+00:00,2014-03-09 11:00:00-04:00,-36.0875658616433,42.44999999999999,-0.06666666666665932,-0.13333333333335773,-24.38333333333333,-24.31666666666663,16
Philadelphia_PA,2014-03-08,34,16,-3.246393199999998,-4.315428266666667,99.96666666666668,248.6,101096.43333333332,1010.9643333333332,-24.549999999999983,5.400184249981838,2014-03-08 06:00:00,2014-03-09 16:00:00+00:00,2014-03-09 12:00:00-04:00,-36.06596833374504,42.54999999999998,-0.09999999999999432,-0.16666666666665364,-24.44999999999999,-24.38333333333333,17
Philadelphia_PA,2014-03-08,35,17,-3.196393199999999,-4.1672497333333345,99.93333333333334,248.5,101100.16666666666,1011.0016666666666,-24.649999999999977,5.251942481498915,2014-03-08 06:00:00,2014-03-09 17:00:00+00:00,2014-03-09 13:00:00-04:00,-36.04081195622853,42.64999999999998,-0.09999999999999432,-0.19999999999998863,-24.549999999999983,-24.44999999999999,18
Philadelphia_PA,2014-03-08,36,18,-3.1463931999999986,-4.019071200000001,99.9,248.4,101103.9,1011.039,-24.74999999999997,5.104186857833056,2014-03-08 06:00:00,2014-03-09 18:00:00+00:00,2014-03-09 14:00:00-04:00,-36.01197173308833,42.74999999999997,-0.09999999999999432,-0.19999999999998863,-24.649999999999977,-24.549999999999983,19
Philadelphia_PA,2014-03-08,37,19,-3.114571733333332,-3.870583066666667,99.196904,248.26333333333335,101137.66666666666,1011.3766666666666,-24.886666666666628,4.9680952444619795,2014-03-08 06:00:00,2014-03-09 19:00:00+00:00,2014-03-09 15:00:00-04:00,-36.037254341402026,42.88666666666663,-0.13666666666665606,-0.23666666666665037,-24.74999999999997,-24.649999999999977,20
Philadelphia_PA,2014-03-08,38,20,-3.0827502666666655,-3.7220949333333344,98.493808,248.1266666666667,101171.43333333332,1011.7143333333332,-25.023333333333312,4.832943192235874,2014-03-08 06:00:00,2014-03-09 20:00:00+00:00,2014-03-09 16:00:00-04:00,-36.05943054046902,43.02333333333331,-0.13666666666668448,-0.27333333333334053,-24.886666666666628,-24.74999999999997,21
Philadelphia_PA,2014-03-08,39,21,-3.050928799999999,-3.573606800000001,97.790712,247.99,101205.2,1012.052,-25.159999999999968,4.6988117757232715,2014-03-08 06:00:00,2014-03-09 21:00:00+00:00,2014-03-09 17:00:00-04:00,-36.078471626900715,43.15999999999997,-0.13666666666665606,-0.27333333333334053,-25.023333333333312,-24.886666666666628,22
Philadelphia_PA,2014-03-08,40,22,-2.9575954666666657,-3.3520949333333343,95.72714133333334,247.85333333333335,101202.86666666668,1012.0286666666668,-25.296666666666624,4.470336831439687,2014-03-08 06:00:00,2014-03-09 22:00:00+00:00,2014-03-09 18:00:00-04:00,-35.981331488860675,43.296666666666624,-0.13666666666665606,-0.2733333333333121,-25.159999999999968,-25.023333333333312,23
Philadelphia_PA,2014-03-08,41,23,-2.8642621333333325,-3.1305830666666674,93.66357066666666,247.71666666666667,101200.53333333333,1012.0053333333332,-25.43333333333331,4.243176629100807,2014-03-08 06:00:00,2014-03-09 23:00:00+00:00,2014-03-09 19:00:00-04:00,-35.87272156750629,43.43333333333331,-0.13666666666668448,-0.27333333333334053,-25.296666666666624,-25.159999999999968,24
Philadelphia_PA,2014-03-08,42,24,-2.770928799999999,-2.9090712000000005,91.6,247.58,101198.2,1011.982,-25.569999999999965,4.017554188973545,2014-03-08 06:00:00,2014-03-10 00:00:00+00:00,2014-03-09 20:00:00-04:00,-35.75189567758166,43.569999999999965,-0.13666666666665606,-0.27333333333334053,-25.43333333333331,-25.296666666666624,25
Philadelphia_PA,2014-03-08,43,25,-2.6042621333333327,-2.810892666666667,91.68178533333332,247.45,101216.0,1012.16,-25.69999999999996,3.831879283410991,2014-03-08 06:00:00,2014-03-10 01:00:00+00:00,2014-03-09 21:00:00-04:00,-35.662385642911445,43.69999999999996,-0.12999999999999545,-0.2666666666666515,-25.569999999999965,-25.43333333333331,26
Philadelphia_PA,2014-03-08,44,26,-2.4375954666666657,-2.7127141333333338,91.76357066666668,247.32,101233.8,1012.338,-25.829999999999984,3.647011054041419,2014-03-08 06:00:00,2014-03-10 02:00:00+00:00,2014-03-09 22:00:00-04:00,-35.562449375458385,43.829999999999984,-0.13000000000002387,-0.2600000000000193,-25.69999999999996,-25.569999999999965,27
Philadelphia_PA,2014-03-08,45,27,-2.270928799999999,-2.6145356000000004,91.845356,247.19,101251.6,1012.516,-25.95999999999998,3.463078690751453,2014-03-08 06:00:00,2014-03-10 03:00:00+00:00,2014-03-09 23:00:00-04:00,-35.45137178348167,43.95999999999998,-0.12999999999999545,-0.2600000000000193,-25.829999999999984,-25.69999999999996,28
Philadelphia_PA,2014-03-08,46,28,-2.097595466666666,-2.4263570666666667,94.5,246.72666666666663,101264.66666666669,1012.6466666666668,-26.42333333333332,3.2073533258348412,2014-03-08 06:00:00,2014-03-10 04:00:00+00:00,2014-03-10 00:00:00-04:00,-35.61535971895415,44.42333333333332,-0.4633333333333418,-0.5933333333333373,-25.95999999999998,-25.829999999999984,29
Philadelphia_PA,2014-03-08,47,29,-1.9242621333333323,-2.2381785333333335,97.154644,246.26333333333335,101277.73333333334,1012.7773333333332,-26.886666666666628,2.9516483369220494,2014-03-08 06:00:00,2014-03-10 05:00:00+00:00,2014-03-10 01:00:00-04:00,-35.74475435673195,44.88666666666663,-0.4633333333333063,-0.9266666666666481,-26.42333333333332,-25.95999999999998,30
Philadelphia_PA,2014-03-08,48,30,-1.7509287999999992,-2.05,99.809288,245.8,101290.8,1012.908,-27.34999999999997,2.6959695218361497,2014-03-08 06:00:00,2014-03-10 06:00:00+00:00,2014-03-10 02:00:00-04:00,-35.834211016019836,45.349999999999966,-0.4633333333333418,-0.9266666666666481,-26.886666666666628,-26.42333333333332,31
Philadelphia_PA,20140106,18,0,-3.5845356000000006,0.9018575999999984,99.24535600000002,241.02000000000004,102574.377429,1025.74377429,-32.12999999999994,3.6962470964946488,2014-01-06 06:00:00,2014-01-07 00:00:00+00:00,2014-01-06 19:00:00-05:00,-43.3274799675097,50.12999999999994,-5.079999999999956,-4.67999999999995,-27.049999999999983,-27.44999999999999,1
Philadelphia_PA,20140106,19,1,-3.773023733333334,0.7000361333333318,98.945356,241.08,102588.743054,1025.88743054,-32.069999999999965,3.837415625166095,2014-01-06 06:00:00,2014-01-07 01:00:00+00:00,2014-01-06 20:00:00-05:00,-43.47339743378747,50.069999999999965,0.05999999999997385,-5.019999999999982,-32.12999999999994,-27.049999999999983,2
Philadelphia_PA,20140106,20,2,-3.961511866666667,0.4982146666666653,98.645356,241.14,102603.108679,1026.03108679,-32.00999999999996,3.9927176363753296,2014-01-06 06:00:00,2014-01-07 02:00:00+00:00,2014-01-06 21:00:00-05:00,-43.63312317927918,50.00999999999996,0.060000000000002274,0.11999999999997613,-32.069999999999965,-32.12999999999994,3
Philadelphia_PA,20140106,21,3,-4.15,0.2963931999999988,98.345356,241.2,102617.474304,1026.17474304,-31.94999999999999,4.1605707455836205,2014-01-06 06:00:00,2014-01-07 03:00:00+00:00,2014-01-06 22:00:00-05:00,-43.802808674986395,49.94999999999999,0.05999999999997385,0.11999999999997613,-32.00999999999996,-32.069999999999965,4
Philadelphia_PA,20140106,22,4,-4.198488133333334,-0.0817853333333346,98.23023733333332,241.36666666666665,102639.71620266666,1026.3971620266666,-31.78333333333333,4.199284635088371,2014-01-06 06:00:00,2014-01-07 04:00:00+00:00,2014-01-06 23:00:00-05:00,-43.65214536068608,49.78333333333333,0.1666666666666572,0.22666666666663104,-31.94999999999999,-32.00999999999996,5
Philadelphia_PA,20140106,23,5,-4.246976266666667,-0.4599638666666681,98.11511866666666,241.53333333333333,102661.95810133334,1026.6195810133331,-31.61666666666665,4.271811579209562,2014-01-06 06:00:00,2014-01-07 05:00:00+00:00,2014-01-07 00:00:00-05:00,-43.54779667044684,49.616666666666646,0.16666666666668206,0.33333333333333925,-31.78333333333333,-31.94999999999999,6
Philadelphia_PA,20140106,24,6,-4.2954644,-0.8381424000000015,98.0,241.7,102684.2,1026.842,-31.44999999999999,4.376470849251155,2014-01-06 06:00:00,2014-01-07 06:00:00+00:00,2014-01-07 01:00:00-05:00,-43.48512680324379,49.44999999999999,0.16666666666666075,0.3333333333333428,-31.61666666666665,-31.78333333333333,7
Philadelphia_PA,20140106,25,7,-4.5354643999999995,-1.091475733333335,97.93333333333334,241.76666666666665,102706.76770833333,1027.0676770833334,-31.38333333333333,4.664949796098871,2014-01-06 06:00:00,2014-01-07 07:00:00+00:00,2014-01-07 02:00:00-05:00,-43.782622614826394,49.383333333333326,0.06666666666665932,0.23333333333332007,-31.44999999999999,-31.61666666666665,8
Philadelphia_PA,20140106,26,8,-4.7754644,-1.3448090666666683,97.86666666666666,241.83333333333337,102729.33541666668,1027.2933541666666,-31.31666666666663,4.961206673930873,2014-01-06 06:00:00,2014-01-07 08:00:00+00:00,2014-01-07 03:00:00-05:00,-44.06951233251324,49.316666666666634,0.0666666666666984,0.13333333333335773,-31.38333333333333,-31.44999999999999,9
Philadelphia_PA,20140106,27,9,-5.015464399999999,-1.5981424000000015,97.8,241.9,102751.903125,1027.51903125,-31.24999999999997,5.263928407410678,2014-01-06 06:00:00,2014-01-07 09:00:00+00:00,2014-01-07 04:00:00-05:00,-44.34497125567137,49.24999999999997,0.06666666666665932,0.13333333333335773,-31.31666666666663,-31.38333333333333,10
Philadelphia_PA,20140106,28,10,-5.0787977333333325,-1.6514757333333347,97.854644,241.99848813333332,102758.90208333332,1027.5890208333333,-31.151511866666652,5.3405578841447525,2014-01-06 06:00:00,2014-01-07 10:00:00+00:00,2014-01-07 05:00:00-05:00,-44.30916518130991,49.15151186666665,0.09848813333331918,0.1651547999999785,-31.24999999999997,-31.31666666666663,11
Philadelphia_PA,20140106,29,11,-5.142131066666667,-1.7048090666666682,97.909288,242.09697626666667,102765.90104166666,1027.659010416667,-31.053023733333305,5.417368905711272,2014-01-06 06:00:00,2014-01-07 11:00:00+00:00,2014-01-07 06:00:00-05:00,-44.272222126462154,49.053023733333305,0.0984881333333476,0.1969762666666668,-31.151511866666652,-31.24999999999997,12
Philadelphia_PA,20140106,30,12,-5.2054644,-1.7581424000000014,97.963932,242.1954644,102772.9,1027.729,-30.954535599999986,5.494353858129737,2014-01-06 06:00:00,2014-01-07 12:00:00+00:00,2014-01-07 07:00:00-05:00,-44.23415780942247,48.954535599999986,0.09848813333331918,0.1969762666666668,-31.053023733333305,-31.151511866666652,13
Philadelphia_PA,20140106,31,13,-5.3106192,-1.8829876000000016,97.97595466666668,242.30213106666667,102781.634375,1027.81634375,-30.847868933333302,5.634564631731754,2014-01-06 06:00:00,2014-01-07 13:00:00+00:00,2014-01-07 08:00:00-05:00,-44.253394265419246,48.8478689333333,0.10666666666668334,0.20515480000000252,-30.954535599999986,-31.053023733333305,14
Philadelphia_PA,20140106,32,14,-5.415774,-2.007832800000002,97.98797733333332,242.40879773333333,102790.36875,1027.9036875,-30.741202266666647,5.775984814023652,2014-01-06 06:00:00,2014-01-07 14:00:00+00:00,2014-01-07 09:00:00-05:00,-44.27018814729746,48.74120226666665,0.10666666666665492,0.21333333333333826,-30.847868933333302,-30.954535599999986,15
Philadelphia_PA,20140106,33,15,-5.520928799999999,-2.132678000000002,98.0,242.5154644,102799.103125,1027.99103125,-30.634535599999964,5.9185277110404275,2014-01-06 06:00:00,2014-01-07 15:00:00+00:00,2014-01-07 10:00:00-05:00,-44.28452261317719,48.634535599999964,0.10666666666668334,0.21333333333333826,-30.741202266666647,-30.847868933333302,16
Philadelphia_PA,20140106,34,16,-5.570928799999999,-2.232678000000002,98.003096,242.62213106666667,102778.06875,1027.7806875,-30.52786893333331,6.0016746618217685,2014-01-06 06:00:00,2014-01-07 16:00:00+00:00,2014-01-07 11:00:00-05:00,-44.23480912819549,48.52786893333331,0.10666666666665492,0.21333333333333826,-30.634535599999964,-30.741202266666647,17
Philadelphia_PA,20140106,35,17,-5.620928799999999,-2.332678000000002,98.006192,242.72879773333335,102757.034375,1027.57034375,-30.421202266666626,6.085739661401351,2014-01-06 06:00:00,2014-01-07 17:00:00+00:00,2014-01-07 12:00:00-05:00,-44.18472574020728,48.421202266666626,0.10666666666668334,0.21333333333333826,-30.52786893333331,-30.634535599999964,18
Philadelphia_PA,20140106,36,18,-5.670928799999999,-2.432678000000002,98.009288,242.8354644,102736.0,1027.36,-30.31453559999997,6.170685189373497,2014-01-06 06:00:00,2014-01-07 18:00:00+00:00,2014-01-07 13:00:00-05:00,-44.134228273166784,48.31453559999997,0.10666666666665492,0.21333333333333826,-30.421202266666626,-30.52786893333331,19
Philadelphia_PA,20140106,37,19,-5.7609287999999985,-2.552678000000002,97.98797733333332,243.0154644,102721.66666666669,1027.2166666666667,-30.134535599999964,6.301147959725548,2014-01-06 06:00:00,2014-01-07 19:00:00+00:00,2014-01-07 14:00:00-05:00,-44.03355772917787,48.134535599999964,0.18000000000000682,0.28666666666666174,-30.31453559999997,-30.421202266666626,20
Philadelphia_PA,20140106,38,20,-5.850928799999999,-2.6726780000000017,97.96666666666668,243.1954644,102707.33333333331,1027.0733333333333,-29.954535599999986,6.432462632176999,2014-01-06 06:00:00,2014-01-07 20:00:00+00:00,2014-01-07 15:00:00-05:00,-43.93070811029101,47.954535599999986,0.1799999999999784,0.3599999999999852,-30.134535599999964,-30.31453559999997,21
Philadelphia_PA,20140106,39,21,-5.940928799999999,-2.7926780000000018,97.945356,243.3754644,102693.0,1026.93,-29.77453559999998,6.564578083803515,2014-01-06 06:00:00,2014-01-07 21:00:00+00:00,2014-01-07 16:00:00-05:00,-43.82568479797934,47.77453559999998,0.18000000000000682,0.3599999999999852,-29.954535599999986,-30.134535599999964,22
Philadelphia_PA,20140106,40,22,-5.976083599999999,-3.0193446666666683,97.851548,243.57213106666663,102666.2,1026.662,-29.57786893333332,6.695522191010751,2014-01-06 06:00:00,2014-01-07 22:00:00+00:00,2014-01-07 17:00:00-05:00,-43.69537594441412,47.57786893333332,0.19666666666665833,0.37666666666666515,-29.77453559999998,-29.954535599999986,23
Philadelphia_PA,20140106,41,23,-6.011238399999999,-3.2460113333333354,97.75774,243.76879773333332,102639.4,1026.394,-29.381202266666666,6.831659877201368,2014-01-06 06:00:00,2014-01-07 23:00:00+00:00,2014-01-07 18:00:00-05:00,-43.56695458072896,47.38120226666666,0.19666666666665478,0.3933333333333131,-29.57786893333332,-29.77453559999998,24
Philadelphia_PA,20140106,42,24,-6.046393199999999,-3.472678000000002,97.663932,243.96546439999997,102612.6,1026.126,-29.184535600000004,6.972686944119192,2014-01-06 06:00:00,2014-01-08 00:00:00+00:00,2014-01-07 19:00:00-05:00,-43.43996386764727,47.184535600000004,0.19666666666666188,0.39333333333331666,-29.381202266666666,-29.57786893333332,25
Philadelphia_PA,20140106,43,25,-6.163059866666665,-3.677523200000002,97.609288,244.27697626666665,102545.475232,1025.45475232,-28.873023733333326,7.176871449779186,2014-01-06 06:00:00,2014-01-08 01:00:00+00:00,2014-01-07 20:00:00-05:00,-43.216389338198425,46.873023733333326,0.3115118666666774,0.5081785333333393,-29.184535600000004,-29.381202266666666,26
Philadelphia_PA,20140106,44,26,-6.279726533333332,-3.8823684000000025,97.554644,244.58848813333333,102478.350464,1024.78350464,-28.56151186666665,7.382936389186165,2014-01-06 06:00:00,2014-01-08 02:00:00+00:00,2014-01-07 21:00:00-05:00,-42.98830777457687,46.56151186666665,0.3115118666666774,0.6230237333333548,-28.873023733333326,-29.184535600000004,27
Philadelphia_PA,20140106,45,27,-6.396393199999999,-4.087213600000003,97.5,244.9,102411.225696,1024.11225696,-28.24999999999997,7.5907286199041,2014-01-06 06:00:00,2014-01-08 03:00:00+00:00,2014-01-07 22:00:00-05:00,-42.755739159856546,46.24999999999997,0.3115118666666774,0.6230237333333548,-28.56151186666665,-28.873023733333326,28
Philadelphia_PA,20140106,46,28,-6.621547999999998,-4.280546933333336,97.41821466666669,245.3,102340.150464,1023.40150464,-27.84999999999997,7.884667397219327,2014-01-06 06:00:00,2014-01-08 04:00:00+00:00,2014-01-07 23:00:00-05:00,-42.46988548519306,45.849999999999966,0.40000000000000213,0.7115118666666795,-28.24999999999997,-28.56151186666665,29
Philadelphia_PA,20140106,47,29,-6.846702799999998,-4.473880266666669,97.33642933333331,245.7,102269.075232,1022.69075232,-27.44999999999999,8.178810663659922,2014-01-06 06:00:00,2014-01-08 05:00:00+00:00,2014-01-08 00:00:00-05:00,-42.17379724309407,45.44999999999999,0.3999999999999808,0.799999999999983,-27.84999999999997,-28.24999999999997,30
Philadelphia_PA,20140106,48,30,-7.071857599999998,-4.667213600000002,97.254644,246.1,102198.0,1021.98,-27.049999999999983,8.473137122854952,2014-01-06 06:00:00,2014-01-08 06:00:00+00:00,2014-01-08 01:00:00-05:00,-41.86805404835556,45.04999999999998,0.4000000000000057,0.7999999999999865,-27.44999999999999,-27.84999999999997,31
Philadelphia_PA,20140714,18,0,0.22,-0.2354643999999996,87.30000000000001,271.6,101936.4,1019.364,-1.5499999999999543,0.3222475502891524,2014-07-14 06:00:00,2014-07-15 00:00:00+00:00,2014-07-14 20:00:00-04:00,-1.5499999999999543,19.549999999999955,-1.4999999999999998,-1.6666666666666854,-0.0499999999999545,0.116666666666731,1
Philadelphia_PA,20140714,19,1,-0.0166666666666666,-0.2569762666666664,86.93333333333334,271.53333333333336,101908.0,1019.08,-1.6166666666666174,0.2575161730993131,2014-07-14 06:00:00,2014-07-15 01:00:00+00:00,2014-07-14 21:00:00-04:00,-1.6166666666666174,19.616666666666617,-0.0666666666666631,-1.5666666666666629,-1.5499999999999543,-0.0499999999999545,2
Philadelphia_PA,20140714,20,2,-0.2533333333333333,-0.2784881333333332,86.56666666666668,271.4666666666667,101879.6,1018.796,-1.6833333333332805,0.3764749901192138,2014-07-14 06:00:00,2014-07-15 02:00:00+00:00,2014-07-14 22:00:00-04:00,-1.6833333333332805,19.68333333333328,-0.0666666666666631,-0.1333333333333262,-1.6166666666666174,-1.5499999999999543,3
Philadelphia_PA,20140714,21,3,-0.49,-0.3,86.2,271.40000000000003,101851.2,1018.512,-1.7499999999999432,0.5745432968889289,2014-07-14 06:00:00,2014-07-15 03:00:00+00:00,2014-07-14 23:00:00-04:00,-1.7499999999999432,19.749999999999943,-0.06666666666666266,-0.13333333333332575,-1.6833333333332805,-1.6166666666666174,4
Philadelphia_PA,20140714,22,4,-0.68,-0.2381785333333334,85.23333333333333,271.6,101838.80104166668,1018.3880104166668,-1.5499999999999543,0.7205060816820479,2014-07-14 06:00:00,2014-07-15 04:00:00+00:00,2014-07-15 00:00:00-04:00,-1.5499999999999543,19.549999999999955,0.19999999999998885,0.1333333333333262,-1.7499999999999432,-1.6833333333332805,5
Philadelphia_PA,20140714,23,5,-0.8700000000000001,-0.1763570666666668,84.26666666666668,271.8,101826.40208333332,1018.2640208333332,-1.349999999999966,0.8876946631377657,2014-07-14 06:00:00,2014-07-15 05:00:00+00:00,2014-07-15 01:00:00-04:00,-1.349999999999966,19.349999999999966,0.1999999999999884,0.39999999999997726,-1.5499999999999543,-1.7499999999999432,6
Philadelphia_PA,20140714,24,6,-1.06,-0.1145356000000003,83.30000000000001,272.0,101814.003125,1018.14003125,-1.1499999999999773,1.0661699694079554,2014-07-14 06:00:00,2014-07-15 06:00:00+00:00,2014-07-15 02:00:00-04:00,-1.1499999999999773,19.149999999999977,0.19999999999998863,0.39999999999997704,-1.349999999999966,-1.5499999999999543,7
Philadelphia_PA,20140714,25,7,-1.31,-0.151202266666667,81.68488133333334,272.4666666666667,101809.63541666669,1018.0963541666669,-0.6833333333332803,1.3186971318104617,2014-07-14 06:00:00,2014-07-15 07:00:00+00:00,2014-07-15 03:00:00-04:00,-0.6833333333332803,18.68333333333328,0.466666666666697,0.6666666666666856,-1.1499999999999773,-1.349999999999966,8
Philadelphia_PA,20140714,26,8,-1.56,-0.1878689333333337,80.06976266666668,272.93333333333334,101805.26770833333,1018.0526770833332,-0.2166666666666401,1.5712716939192295,2014-07-14 06:00:00,2014-07-15 08:00:00+00:00,2014-07-15 04:00:00-04:00,-2.1307019334168267,18.21666666666664,0.46666666666664014,0.9333333333333371,-0.6833333333332803,-1.1499999999999773,9
Philadelphia_PA,20140714,27,9,-1.81,-0.2245356000000004,78.454644,273.40000000000003,101800.9,1018.009,0.2500000000000568,1.8238739637560928,2014-07-14 06:00:00,2014-07-15 09:00:00+00:00,2014-07-15 05:00:00-04:00,-1.9555123199781177,17.749999999999943,0.46666666666669687,0.9333333333333371,-0.2166666666666401,-0.6833333333332803,0
Philadelphia_PA,20140714,28,10,-1.9566666666666668,-0.1993808000000005,79.43642933333334,273.4182146666667,101751.534375,1017.51534375,0.2682146666667222,1.966798705473716,2014-07-14 06:00:00,2014-07-15 10:00:00+00:00,2014-07-15 06:00:00-04:00,-2.119281563121494,17.731785333333278,0.018214666666665436,0.48488133333336236,0.2500000000000568,-0.2166666666666401,0
Philadelphia_PA,20140714,29,11,-2.1033333333333335,-0.1742260000000006,80.41821466666667,273.43642933333336,101702.16875,1017.0216875,0.2864293333333876,2.110536853548668,2014-07-14 06:00:00,2014-07-15 11:00:00+00:00,2014-07-15 07:00:00-04:00,-2.2728217706446356,17.713570666666612,0.01821466666666538,0.036429333333330816,0.2682146666667222,0.2500000000000568,0
Philadelphia_PA,20140714,30,12,-2.25,-0.1490712000000008,81.4,273.45464400000003,101652.803125,1016.52803125,0.304644000000053,2.254932864337526,2014-07-14 06:00:00,2014-07-15 12:00:00+00:00,2014-07-15 08:00:00-04:00,-2.4171518668945446,17.695355999999947,0.01821466666666538,0.03642933333333076,0.2864293333333876,0.2682146666667222,0
Philadelphia_PA,20140714,31,13,-2.4033333333333333,-0.1472497333333342,81.96666666666667,273.46976266666667,101649.83541666668,1016.4983541666668,0.3197626666666906,2.407840026886722,2014-07-14 06:00:00,2014-07-15 13:00:00+00:00,2014-07-15 09:00:00-04:00,-2.5652464148295584,17.68023733333331,0.015118666666637637,0.03333333333330302,0.304644000000053,0.2864293333333876,0
Philadelphia_PA,20140714,32,14,-2.556666666666666,-0.1454282666666676,82.53333333333335,273.48488133333336,101646.86770833332,1016.4686770833332,0.3348813333333851,2.5607994504041343,2014-07-14 06:00:00,2014-07-15 14:00:00+00:00,2014-07-15 10:00:00-04:00,-2.704596756898454,17.665118666666615,0.01511866666669448,0.030237333333332117,0.3197626666666906,0.304644000000053,0
Philadelphia_PA,20140714,33,15,-2.71,-0.1436068000000011,83.10000000000001,273.5,101643.9,1016.439,0.3500000000000227,2.713802298069305,2014-07-14 06:00:00,2014-07-15 15:00:00+00:00,2014-07-15 11:00:00-04:00,-2.836125004597672,17.649999999999977,0.015118666666637581,0.03023733333333206,0.3348813333333851,0.3197626666666906,0
Philadelphia_PA,20140714,34,16,-2.756666666666667,-0.0536068000000011,83.46666666666667,273.5,101594.5,1015.945,0.3500000000000227,2.7571878427334893,2014-07-14 06:00:00,2014-07-15 16:00:00+00:00,2014-07-15 12:00:00-04:00,-2.877220802164113,17.649999999999977,0.0,0.015118666666637581,0.3500000000000227,0.3348813333333851,0
Philadelphia_PA,20140714,35,17,-2.8033333333333332,0.0363931999999988,83.83333333333334,273.5,101545.1,1015.451,0.3500000000000227,2.803569553762492,2014-07-14 06:00:00,2014-07-15 17:00:00+00:00,2014-07-15 13:00:00-04:00,-2.9205581908916884,17.649999999999977,0.0,0.0,0.3500000000000227,0.3500000000000227,0
Philadelphia_PA,20140714,36,18,-2.85,0.1263931999999988,84.2,273.5,101495.7,1014.957,0.3500000000000227,2.8528012971474617,2014-07-14 06:00:00,2014-07-15 18:00:00+00:00,2014-07-15 14:00:00-04:00,-2.965904566602282,17.649999999999977,0.0,0.0,0.3500000000000227,0.3500000000000227,0
Philadelphia_PA,20140714,37,19,-2.84,-0.0120949333333343,83.76666666666667,273.53333333333336,101478.73333333334,1014.7873333333332,0.3833333333333826,2.840025754709337,2014-07-14 06:00:00,2014-07-15 19:00:00+00:00,2014-07-15 15:00:00-04:00,-2.914312391641173,17.616666666666617,0.033333333333359916,0.033333333333359916,0.3500000000000227,0.3500000000000227,0
Philadelphia_PA,20140714,38,20,-2.83,-0.1505830666666675,83.33333333333334,273.56666666666666,101461.76666666666,1014.6176666666668,0.4166666666666856,2.834003398016089,2014-07-14 06:00:00,2014-07-15 20:00:00+00:00,2014-07-15 16:00:00-04:00,-2.8689045281376706,17.583333333333314,0.03333333333330302,0.06666666666666293,0.3833333333333826,0.3500000000000227,0
Philadelphia_PA,20140714,39,21,-2.82,-0.2890712000000007,82.9,273.6,101444.8,1014.448,0.4500000000000455,2.8347772679117913,2014-07-14 06:00:00,2014-07-15 21:00:00+00:00,2014-07-15 17:00:00-04:00,-2.8297315750891454,17.549999999999955,0.03333333333335986,0.06666666666666288,0.4166666666666856,0.3833333333333826,0
Philadelphia_PA,20140714,40,22,-2.7818214666666665,-0.7042260000000006,82.43333333333334,273.6333333333333,101433.7,1014.337,0.4833333333333485,2.869575740677267,2014-07-14 06:00:00,2014-07-15 22:00:00+00:00,2014-07-15 18:00:00-04:00,-2.8215242599492925,17.51666666666665,0.03333333333330302,0.06666666666666288,0.4500000000000455,0.4166666666666856,0
Philadelphia_PA,20140714,41,23,-2.743642933333333,-1.1193808000000005,81.96666666666667,273.6666666666667,101422.6,1014.226,0.5166666666667084,2.963206020687488,2014-07-14 06:00:00,2014-07-15 23:00:00+00:00,2014-07-15 19:00:00-04:00,-2.865158080702,17.48333333333329,0.03333333333335986,0.06666666666666288,0.4833333333333485,0.4500000000000455,0
Philadelphia_PA,20140714,42,24,-2.7054644,-1.5345356000000003,81.5,273.7,101411.5,1014.115,0.5500000000000114,3.1103596459790177,2014-07-14 06:00:00,2014-07-16 00:00:00+00:00,2014-07-15 20:00:00-04:00,-2.951929655517527,17.44999999999999,0.03333333333330302,0.06666666666666288,0.5166666666667084,0.4833333333333485,0
Philadelphia_PA,20140714,43,25,-2.607285866666666,-1.787868933333334,81.5,273.6666666666667,101384.7,1013.847,0.5166666666667084,3.1613944570866543,2014-07-14 06:00:00,2014-07-16 01:00:00+00:00,2014-07-15 21:00:00-04:00,-3.034946476423523,17.48333333333329,-0.03333333333330302,0.0,0.5500000000000114,0.5166666666667084,0
Philadelphia_PA,20140714,44,26,-2.5091073333333327,-2.0412022666666676,81.5,273.6333333333333,101357.9,1013.579,0.4833333333333485,3.234521031564372,2014-07-14 06:00:00,2014-07-16 02:00:00+00:00,2014-07-15 22:00:00-04:00,-3.13563144778757,17.51666666666665,-0.03333333333335986,-0.06666666666666288,0.5166666666667084,0.5500000000000114,0
Philadelphia_PA,20140714,45,27,-2.410928799999999,-2.294535600000001,81.5,273.6,101331.1,1013.311,0.4500000000000455,3.3282835363497503,2014-07-14 06:00:00,2014-07-16 03:00:00+00:00,2014-07-15 23:00:00-04:00,-3.2518824569814027,17.549999999999955,-0.03333333333330302,-0.06666666666666288,0.4833333333333485,0.5166666666667084,0
Philadelphia_PA,20140714,46,28,-2.347595466666666,-2.464535600000001,81.81821466666666,273.43333333333334,101327.43333333332,1013.2743333333332,0.2833333333333598,3.4036950801711434,2014-07-14 06:00:00,2014-07-16 04:00:00+00:00,2014-07-16 00:00:00-04:00,-3.513941388728639,17.71666666666664,-0.16666666666668567,-0.1999999999999887,0.4500000000000455,0.4833333333333485,0
Philadelphia_PA,20140714,47,29,-2.2842621333333324,-2.6345356000000004,82.13642933333334,273.2666666666667,101323.76666666668,1013.2376666666668,0.116666666666731,3.4869229015634846,2014-07-14 06:00:00,2014-07-16 05:00:00+00:00,2014-07-16 01:00:00-04:00,-3.78168437295831,17.88333333333327,-0.1666666666666288,-0.3333333333333145,0.2833333333333598,0.4500000000000455,0
Philadelphia_PA,20140714,48,30,-2.2209287999999994,-2.8045356000000004,82.454644,273.1,101320.1,1013.201,-0.0499999999999545,3.57742151085622,2014-07-14 06:00:00,2014-07-16 06:00:00+00:00,2014-07-16 02:00:00-04:00,-4.054463602650774,18.049999999999955,-0.1666666666666855,-0.3333333333333143,0.116666666666731,0.2833333333333598,1
Philadelphia_PA,20141101,18,0,0.7809287999999992,1.3045356000000004,99.9,247.42,101172.6,1011.726,-25.72999999999999,1.520415378222938,2014-11-01 06:00:00,2014-11-02 00:00:00+00:00,2014-11-01 20:00:00-04:00,-31.18587547286299,43.72999999999999,3.015464399999985,3.575464399999987,-28.745464399999975,-29.305464399999977,1
Philadelphia_PA,20141101,19,1,0.652440666666666,1.0896904000000005,99.88178533333334,246.1648452,101155.56666666668,1011.5556666666666,-26.985154799999975,1.2700803090248287,2014-11-01 06:00:00,2014-11-02 01:00:00+00:00,2014-11-01 21:00:00-04:00,-26.985154799999975,44.985154799999975,-1.2551547999999855,1.7603095999999994,-25.72999999999999,-28.745464399999975,2
Philadelphia_PA,20141101,20,2,0.5239525333333328,0.8748452000000002,99.86357066666666,244.9096904,101138.53333333334,1011.3853333333334,-28.24030959999999,1.01974525306542,2014-11-01 06:00:00,2014-11-02 02:00:00+00:00,2014-11-01 22:00:00-04:00,-28.24030959999999,46.24030959999999,-1.255154800000014,-2.5103095999999994,-26.985154799999975,-25.72999999999999,3
Philadelphia_PA,20141101,21,3,0.3954643999999996,0.66,99.845356,243.6545356,101121.5,1011.215,-29.495464399999975,0.7694102232667303,2014-11-01 06:00:00,2014-11-02 03:00:00+00:00,2014-11-01 23:00:00-04:00,-29.495464399999975,47.495464399999975,-1.2551547999999855,-2.5103095999999994,-28.24030959999999,-26.985154799999975,4
Philadelphia_PA,20141101,22,4,0.1487977333333329,0.7251547999999999,99.896904,243.33120226666668,101100.35810133332,1011.0035810133334,-29.818797733333295,0.7402636350707615,2014-11-01 06:00:00,2014-11-02 04:00:00+00:00,2014-11-02 00:00:00-04:00,-29.818797733333295,47.8187977333333,-0.32333333333331993,-1.5784881333333054,-29.495464399999975,-28.24030959999999,5
Philadelphia_PA,20141101,23,5,-0.0978689333333337,0.7903095999999997,99.948452,243.00786893333333,101079.21620266666,1010.7921620266666,-30.14213106666665,0.7963464019909703,2014-11-01 06:00:00,2014-11-02 05:00:00+00:00,2014-11-02 01:00:00-04:00,-30.14213106666665,48.14213106666665,-0.32333333333335545,-0.6466666666666754,-29.818797733333295,-29.495464399999975,6
Philadelphia_PA,20141101,24,6,-0.3445356000000004,0.8554643999999996,100.0,242.6845356,101058.074304,1010.58074304,-30.465464399999973,0.9222386455439392,2014-11-01 06:00:00,2014-11-02 06:00:00+00:00,2014-11-02 01:00:00-05:00,-30.465464399999973,48.46546439999997,-0.3233333333333235,-0.6466666666666789,-30.14213106666665,-29.818797733333295,7
Philadelphia_PA,20141101,25,7,-0.4796904000000003,0.823642933333333,99.96357066666668,242.6296904,101061.41620266666,1010.6141620266666,-30.52030959999996,0.9531477123101632,2014-11-01 06:00:00,2014-11-02 07:00:00+00:00,2014-11-02 02:00:00-05:00,-30.52030959999996,48.52030959999996,-0.05484519999998483,-0.3781785333333083,-30.465464399999973,-30.14213106666665,8
Philadelphia_PA,20141101,26,8,-0.6148452000000002,0.7918214666666665,99.92714133333332,242.57484520000003,101064.75810133334,1010.6475810133334,-30.57515479999995,1.002504790530794,2014-11-01 06:00:00,2014-11-02 08:00:00+00:00,2014-11-02 03:00:00-05:00,-30.57515479999995,48.57515479999995,-0.054845199999991934,-0.10969039999997676,-30.52030959999996,-30.465464399999973,9
Philadelphia_PA,20141101,27,9,-0.75,0.76,99.890712,242.52000000000004,101068.1,1010.681,-30.62999999999994,1.067754653466797,2014-11-01 06:00:00,2014-11-02 09:00:00+00:00,2014-11-02 04:00:00-05:00,-30.62999999999994,48.62999999999994,-0.05484519999998838,-0.10969039999998031,-30.57515479999995,-30.52030959999996,10
Philadelphia_PA,20141101,28,10,-0.7748452000000001,0.7366666666666667,99.893808,242.57484520000003,101040.26666666668,1010.4026666666668,-30.57515479999995,1.0691411795178494,2014-11-01 06:00:00,2014-11-02 10:00:00+00:00,2014-11-02 05:00:00-05:00,-30.57515479999995,48.57515479999995,0.05484519999998838,0.0,-30.62999999999994,-30.57515479999995,11
Philadelphia_PA,20141101,29,11,-0.7996904000000002,0.7133333333333334,99.896904,242.6296904,101012.43333333332,1010.1243333333332,-30.52030959999996,1.0716105543977277,2014-11-01 06:00:00,2014-11-02 11:00:00+00:00,2014-11-02 06:00:00-05:00,-30.52030959999996,48.52030959999996,0.054845199999991934,0.10969039999998031,-30.57515479999995,-30.62999999999994,12
Philadelphia_PA,20141101,30,12,-0.8245356000000004,0.6900000000000001,99.9,242.6845356,100984.6,1009.846,-30.465464399999973,1.0751553169972052,2014-11-01 06:00:00,2014-11-02 12:00:00+00:00,2014-11-02 07:00:00-05:00,-30.465464399999973,48.46546439999997,0.05484519999998483,0.10969039999997676,-30.52030959999996,-30.57515479999995,13
Philadelphia_PA,20141101,31,13,-0.9312022666666672,0.6484881333333332,99.88488133333334,242.6996904,100975.53333333334,1009.7553333333334,-30.45030959999997,1.1347574721143234,2014-11-01 06:00:00,2014-11-02 13:00:00+00:00,2014-11-02 08:00:00-05:00,-30.45030959999997,48.45030959999997,0.015154800000004798,0.06999999999998963,-30.465464399999973,-30.52030959999996,14
Philadelphia_PA,20141101,32,14,-1.0378689333333335,0.6069762666666665,99.86976266666666,242.7148452,100966.46666666666,1009.6646666666666,-30.435154799999992,1.202327788531512,2014-11-01 06:00:00,2014-11-02 14:00:00+00:00,2014-11-02 09:00:00-05:00,-30.435154799999992,48.43515479999999,0.015154799999976376,0.030309599999981174,-30.45030959999997,-30.465464399999973,15
Philadelphia_PA,20141101,33,15,-1.1445356000000004,0.5654643999999996,99.854644,242.73,100957.4,1009.574,-30.419999999999987,1.276601632199615,2014-11-01 06:00:00,2014-11-02 15:00:00+00:00,2014-11-02 10:00:00-05:00,-30.419999999999987,48.41999999999999,0.015154800000004798,0.030309599999981174,-30.435154799999992,-30.45030959999997,16
Philadelphia_PA,20141101,34,16,-1.1496904000000003,0.5169762666666664,99.903096,242.74151186666663,100945.934375,1009.45934375,-30.40848813333332,1.2605762476537328,2014-11-01 06:00:00,2014-11-02 16:00:00+00:00,2014-11-02 11:00:00-05:00,-30.40848813333332,48.40848813333332,0.011511866666666037,0.026666666666670835,-30.419999999999987,-30.435154799999992,17
Philadelphia_PA,20141101,35,17,-1.1548452,0.4684881333333332,99.951548,242.75302373333332,100934.46875,1009.3446875,-30.396976266666655,1.2462538132488066,2014-11-01 06:00:00,2014-11-02 17:00:00+00:00,2014-11-02 12:00:00-05:00,-30.396976266666655,48.396976266666655,0.011511866666666037,0.023023733333332075,-30.40848813333332,-30.419999999999987,18
Philadelphia_PA,20141101,36,18,-1.16,0.42,100.0,242.7645356,100923.003125,1009.23003125,-30.38546439999999,1.2336936410632908,2014-11-01 06:00:00,2014-11-02 18:00:00+00:00,2014-11-02 13:00:00-05:00,-30.38546439999999,48.38546439999999,0.011511866666666037,0.023023733333332075,-30.396976266666655,-30.40848813333332,19
Philadelphia_PA,20141101,37,19,-1.1666666666666663,0.4266666666666666,99.98488133333332,242.85786893333332,100934.13541666669,1009.3413541666667,-30.292131066666656,1.2422381235316984,2014-11-01 06:00:00,2014-11-02 19:00:00+00:00,2014-11-02 14:00:00-05:00,-30.292131066666656,48.292131066666656,0.09333333333333371,0.10484519999999975,-30.38546439999999,-30.396976266666655,20
Philadelphia_PA,20141101,38,20,-1.1733333333333331,0.4333333333333333,99.96976266666668,242.95120226666663,100945.26770833333,1009.4526770833332,-30.19879773333332,1.2507953025530951,2014-11-01 06:00:00,2014-11-02 20:00:00+00:00,2014-11-02 15:00:00-05:00,-30.19879773333332,48.19879773333332,0.09333333333333727,0.18666666666667098,-30.292131066666656,-30.38546439999999,21
Philadelphia_PA,20141101,39,21,-1.18,0.44,99.954644,243.0445356,100956.4,1009.564,-30.10546439999999,1.2593649193144931,2014-11-01 06:00:00,2014-11-02 21:00:00+00:00,2014-11-02 16:00:00-05:00,-30.10546439999999,48.10546439999999,0.09333333333333016,0.18666666666666742,-30.19879773333332,-30.292131066666656,22
Philadelphia_PA,20141101,40,22,-1.0415118666666667,0.4951547999999998,99.96976266666668,242.8845356,100949.90104166666,1009.4990104166666,-30.265464399999985,1.15322384833584,2014-11-01 06:00:00,2014-11-02 22:00:00+00:00,2014-11-02 17:00:00-05:00,-30.265464399999985,48.265464399999985,-0.1599999999999966,-0.06666666666666643,-30.10546439999999,-30.19879773333332,23
Philadelphia_PA,20141101,41,23,-0.9030237333333336,0.5503095999999997,99.98488133333332,242.7245356,100943.40208333332,1009.4340208333332,-30.42546439999998,1.057493507694223,2014-11-01 06:00:00,2014-11-02 23:00:00+00:00,2014-11-02 18:00:00-05:00,-30.42546439999998,48.42546439999998,-0.1599999999999966,-0.3199999999999932,-30.265464399999985,-30.10546439999999,24
Philadelphia_PA,20141101,42,24,-0.7645356000000003,0.6054643999999996,100.0,242.5645356,100936.903125,1009.36903125,-30.585464399999974,0.9752444941319688,2014-11-01 06:00:00,2014-11-03 00:00:00+00:00,2014-11-02 19:00:00-05:00,-30.585464399999974,48.58546439999998,-0.15999999999999304,-0.3199999999999896,-30.42546439999998,-30.265464399999985,25
Philadelphia_PA,20141101,43,25,-0.7330237333333336,0.5836429333333331,100.0,242.61786893333337,100937.43541666666,1009.3743541666666,-30.532131066666636,0.9369967274541976,2014-11-01 06:00:00,2014-11-03 01:00:00+00:00,2014-11-02 20:00:00-05:00,-30.532131066666636,48.532131066666636,0.05333333333333812,-0.10666666666665492,-30.585464399999974,-30.42546439999998,26
Philadelphia_PA,20141101,44,26,-0.7015118666666668,0.5618214666666665,100.0,242.67120226666665,100937.96770833334,1009.3796770833334,-30.478797733333323,0.8987559510131967,2014-11-01 06:00:00,2014-11-03 02:00:00+00:00,2014-11-02 21:00:00-05:00,-30.478797733333323,48.47879773333332,0.05333333333331325,0.10666666666665137,-30.532131066666636,-30.585464399999974,27
Philadelphia_PA,20141101,45,27,-0.67,0.54,100.0,242.7245356,100938.5,1009.385,-30.42546439999998,0.8605230967266365,2014-11-01 06:00:00,2014-11-03 03:00:00+00:00,2014-11-02 22:00:00-05:00,-30.42546439999998,48.42546439999998,0.05333333333334167,0.10666666666665492,-30.478797733333323,-30.532131066666636,28
Philadelphia_PA,20141101,46,28,-0.5315118666666668,0.5233333333333333,100.0,243.2845356,100938.45810133334,1009.3845810133332,-29.86546439999998,0.745910612731353,2014-11-01 06:00:00,2014-11-03 04:00:00+00:00,2014-11-02 23:00:00-05:00,-29.86546439999998,47.86546439999998,0.5600000000000023,0.6133333333333439,-30.42546439999998,-30.478797733333323,29
Philadelphia_PA,20141101,47,29,-0.3930237333333336,0.5066666666666667,100.0,243.8445356,100938.41620266666,1009.3841620266666,-29.305464399999977,0.6412322247629033,2014-11-01 06:00:00,2014-11-03 05:00:00+00:00,2014-11-03 00:00:00-05:00,-29.305464399999977,47.30546439999998,0.5600000000000023,1.1200000000000045,-29.86546439999998,-30.42546439999998,30
Philadelphia_PA,20141101,48,30,-0.2545356000000004,0.49,100.0,244.4045356,100938.374304,1009.38374304,-28.745464399999975,0.552166978066744,2014-11-01 06:00:00,2014-11-03 06:00:00+00:00,2014-11-03 01:00:00-05:00,-28.745464399999975,46.745464399999975,0.5600000000000023,1.1200000000000045,-29.305464399999977,-29.86546439999998,31
