operating_date,year,expected_target_hours,panel_rows,actual_available_hours,pjm_available_hours,forecast_origin_utc,selected_evaluated_at_utc,selected_vintage_id,number_of_candidate_vintages,latest_candidate_complete,older_vintage_fallback_used,distinct_selected_evaluated_at_count,partial_day_detected,mixed_vintage_detected,evaluation_after_origin_detected,missing_reason,status
2010-01-01,2010,24,24,24,0,2009-12-31 17:00:00+00:00,,,0,False,False,0,False,False,False,NO_ELIGIBLE_VINTAGE,UNAVAILABLE
2010-01-02,2010,24,24,24,0,2010-01-01 17:00:00+00:00,,,0,False,False,0,False,False,False,NO_ELIGIBLE_VINTAGE,UNAVAILABLE
2010-01-03,2010,24,24,24,0,2010-01-02 17:00:00+00:00,,,0,False,False,0,False,False,False,NO_ELIGIBLE_VINTAGE,UNAVAILABLE
2010-01-04,2010,24,24,24,0,2010-01-03 17:00:00+00:00,,,0,False,False,0,False,False,False,NO_ELIGIBLE_VINTAGE,UNAVAILABLE
2010-01-05,2010,24,24,24,0,2010-01-04 17:00:00+00:00,,,0,False,False,0,False,False,False,NO_ELIGIBLE_VINTAGE,UNAVAILABLE
2010-01-06,2010,24,24,24,0,2010-01-05 17:00:00+00:00,,,0,False,False,0,False,False,False,NO_ELIGIBLE_VINTAGE,UNAVAILABLE
2010-01-07,2010,24,24,24,0,2010-01-06 17:00:00+00:00,,,0,False,False,0,False,False,False,NO_ELIGIBLE_VINTAGE,UNAVAILABLE
2010-01-08,2010,24,24,24,0,2010-01-07 17:00:00+00:00,,,0,False,False,0,False,False,False,NO_ELIGIBLE_VINTAGE,UNAVAILABLE
2010-01-09,2010,24,24,24,0,2010-01-08 17:00:00+00:00,,,0,False,False,0,False,False,False,NO_ELIGIBLE_VINTAGE,UNAVAILABLE
2010-01-10,2010,24,24,24,0,2010-01-09 17:00:00+00:00,,,0,False,False,0,False,False,False,NO_ELIGIBLE_VINTAGE,UNAVAILABLE
2010-01-11,2010,24,24,24,0,2010-01-10 17:00:00+00:00,,,0,False,False,0,False,False,False,NO_ELIGIBLE_VINTAGE,UNAVAILABLE
2010-01-12,2010,24,24,24,0,2010-01-11 17:00:00+00:00,,,0,False,False,0,False,False,False,NO_ELIGIBLE_VINTAGE,UNAVAILABLE
2010-01-13,2010,24,24,24,0,2010-01-12 17:00:00+00:00,,,0,False,False,0,False,False,False,NO_ELIGIBLE_VINTAGE,UNAVAILABLE
2010-01-14,2010,24,24,24,0,2010-01-13 17:00:00+00:00,,,0,False,False,0,False,False,False,NO_ELIGIBLE_VINTAGE,UNAVAILABLE
2010-01-15,2010,24,24,24,0,2010-01-14 17:00:00+00:00,,,0,False,False,0,False,False,False,NO_ELIGIBLE_VINTAGE,UNAVAILABLE
2010-01-16,2010,24,24,24,0,2010-01-15 17:00:00+00:00,,,0,False,False,0,False,False,False,NO_ELIGIBLE_VINTAGE,UNAVAILABLE
2010-01-17,2010,24,24,24,0,2010-01-16 17:00:00+00:00,,,0,False,False,0,False,False,False,NO_ELIGIBLE_VINTAGE,UNAVAILABLE
2010-01-18,2010,24,24,24,0,2010-01-17 17:00:00+00:00,,,0,False,False,0,False,False,False,NO_ELIGIBLE_VINTAGE,UNAVAILABLE
2010-01-19,2010,24,24,24,0,2010-01-18 17:00:00+00:00,,,0,False,False,0,False,False,False,NO_ELIGIBLE_VINTAGE,UNAVAILABLE
2010-01-20,2010,24,24,24,0,2010-01-19 17:00:00+00:00,,,0,False,False,0,False,False,False,NO_ELIGIBLE_VINTAGE,UNAVAILABLE
2010-01-21,2010,24,24,24,0,2010-01-20 17:00:00+00:00,,,0,False,False,0,False,False,False,NO_ELIGIBLE_VINTAGE,UNAVAILABLE
2010-01-22,2010,24,24,24,0,2010-01-21 17:00:00+00:00,,,0,False,False,0,False,False,False,NO_ELIGIBLE_VINTAGE,UNAVAILABLE
2010-01-23,2010,24,24,24,0,2010-01-22 17:00:00+00:00,,,0,False,False,0,False,False,False,NO_ELIGIBLE_VINTAGE,UNAVAILABLE
2010-01-24,2010,24,24,24,0,2010-01-23 17:00:00+00:00,,,0,False,False,0,False,False,False,NO_ELIGIBLE_VINTAGE,UNAVAILABLE
2010-01-25,2010,24,24,24,0,2010-01-24 17:00:00+00:00,,,0,False,False,0,False,False,False,NO_ELIGIBLE_VINTAGE,UNAVAILABLE
2010-01-26,2010,24,24,24,0,2010-01-25 17:00:00+00:00,,,0,False,False,0,False,False,False,NO_ELIGIBLE_VINTAGE,UNAVAILABLE
2010-01-27,2010,24,24,24,0,2010-01-26 17:00:00+00:00,,,0,False,False,0,False,False,False,NO_ELIGIBLE_VINTAGE,UNAVAILABLE
2010-01-28,2010,24,24,24,0,2010-01-27 17:00:00+00:00,,,0,False,False,0,False,False,False,NO_ELIGIBLE_VINTAGE,UNAVAILABLE
2010-01-29,2010,24,24,24,0,2010-01-28 17:00:00+00:00,,,0,False,False,0,False,False,False,NO_ELIGIBLE_VINTAGE,UNAVAILABLE
2010-01-30,2010,24,24,24,0,2010-01-29 17:00:00+00:00,,,0,False,False,0,False,False,False,NO_ELIGIBLE_VINTAGE,UNAVAILABLE
2010-01-31,2010,24,24,24,0,2010-01-30 17:00:00+00:00,,,0,False,False,0,False,False,False,NO_ELIGIBLE_VINTAGE,UNAVAILABLE
2010-02-01,2010,24,24,24,0,2010-01-31 17:00:00+00:00,,,0,False,False,0,False,False,False,NO_ELIGIBLE_VINTAGE,UNAVAILABLE
2010-02-02,2010,24,24,24,0,2010-02-01 17:00:00+00:00,,,0,False,False,0,False,False,False,NO_ELIGIBLE_VINTAGE,UNAVAILABLE
2010-02-03,2010,24,24,24,0,2010-02-02 17:00:00+00:00,,,0,False,False,0,False,False,False,NO_ELIGIBLE_VINTAGE,UNAVAILABLE
2010-02-04,2010,24,24,24,0,2010-02-03 17:00:00+00:00,,,0,False,False,0,False,False,False,NO_ELIGIBLE_VINTAGE,UNAVAILABLE
2010-02-05,2010,24,24,24,0,2010-02-04 17:00:00+00:00,,,0,False,False,0,False,False,False,NO_ELIGIBLE_VINTAGE,UNAVAILABLE
2010-02-06,2010,24,24,24,0,2010-02-05 17:00:00+00:00,,,0,False,False,0,False,False,False,NO_ELIGIBLE_VINTAGE,UNAVAILABLE
2010-02-07,2010,24,24,24,0,2010-02-06 17:00:00+00:00,,,0,False,False,0,False,False,False,NO_ELIGIBLE_VINTAGE,UNAVAILABLE
2010-02-08,2010,24,24,24,0,2010-02-07 17:00:00+00:00,,,0,False,False,0,False,False,False,NO_ELIGIBLE_VINTAGE,UNAVAILABLE
2010-02-09,2010,24,24,24,0,2010-02-08 17:00:00+00:00,,,0,False,False,0,False,False,False,NO_ELIGIBLE_VINTAGE,UNAVAILABLE
2010-02-10,2010,24,24,24,0,2010-02-09 17:00:00+00:00,,,0,False,False,0,False,False,False,NO_ELIGIBLE_VINTAGE,UNAVAILABLE
2010-02-11,2010,24,24,24,0,2010-02-10 17:00:00+00:00,,,0,False,False,0,False,False,False,NO_ELIGIBLE_VINTAGE,UNAVAILABLE
2010-02-12,2010,24,24,24,0,2010-02-11 17:00:00+00:00,,,0,False,False,0,False,False,False,NO_ELIGIBLE_VINTAGE,UNAVAILABLE
2010-02-13,2010,24,24,24,0,2010-02-12 17:00:00+00:00,,,0,False,False,0,False,False,False,NO_ELIGIBLE_VINTAGE,UNAVAILABLE
2010-02-14,2010,24,24,24,0,2010-02-13 17:00:00+00:00,,,0,False,False,0,False,False,False,NO_ELIGIBLE_VINTAGE,UNAVAILABLE
2010-02-15,2010,24,24,24,0,2010-02-14 17:00:00+00:00,,,0,False,False,0,False,False,False,NO_ELIGIBLE_VINTAGE,UNAVAILABLE
2010-02-16,2010,24,24,24,0,2010-02-15 17:00:00+00:00,,,0,False,False,0,False,False,False,NO_ELIGIBLE_VINTAGE,UNAVAILABLE
2010-02-17,2010,24,24,24,0,2010-02-16 17:00:00+00:00,,,0,False,False,0,False,False,False,NO_ELIGIBLE_VINTAGE,UNAVAILABLE
2010-02-18,2010,24,24,24,0,2010-02-17 17:00:00+00:00,,,0,False,False,0,False,False,False,NO_ELIGIBLE_VINTAGE,UNAVAILABLE
2010-02-19,2010,24,24,24,0,2010-02-18 17:00:00+00:00,,,0,False,False,0,False,False,False,NO_ELIGIBLE_VINTAGE,UNAVAILABLE
2010-02-20,2010,24,24,24,0,2010-02-19 17:00:00+00:00,,,0,False,False,0,False,False,False,NO_ELIGIBLE_VINTAGE,UNAVAILABLE
2010-02-21,2010,24,24,24,0,2010-02-20 17:00:00+00:00,,,0,False,False,0,False,False,False,NO_ELIGIBLE_VINTAGE,UNAVAILABLE
2010-02-22,2010,24,24,24,0,2010-02-21 17:00:00+00:00,,,0,False,False,0,False,False,False,NO_ELIGIBLE_VINTAGE,UNAVAILABLE
2010-02-23,2010,24,24,24,0,2010-02-22 17:00:00+00:00,,,0,False,False,0,False,False,False,NO_ELIGIBLE_VINTAGE,UNAVAILABLE
2010-02-24,2010,24,24,24,0,2010-02-23 17:00:00+00:00,,,0,False,False,0,False,False,False,NO_ELIGIBLE_VINTAGE,UNAVAILABLE
2010-02-25,2010,24,24,24,0,2010-02-24 17:00:00+00:00,,,0,False,False,0,False,False,False,NO_ELIGIBLE_VINTAGE,UNAVAILABLE
2010-02-26,2010,24,24,24,0,2010-02-25 17:00:00+00:00,,,0,False,False,0,False,False,False,NO_ELIGIBLE_VINTAGE,UNAVAILABLE
2010-02-27,2010,24,24,24,0,2010-02-26 17:00:00+00:00,,,0,False,False,0,False,False,False,NO_ELIGIBLE_VINTAGE,UNAVAILABLE
2010-02-28,2010,24,24,24,0,2010-02-27 17:00:00+00:00,,,0,False,False,0,False,False,False,NO_ELIGIBLE_VINTAGE,UNAVAILABLE
2010-03-01,2010,24,24,24,0,2010-02-28 17:00:00+00:00,,,0,False,False,0,False,False,False,NO_ELIGIBLE_VINTAGE,UNAVAILABLE
2010-03-02,2010,24,24,24,0,2010-03-01 17:00:00+00:00,,,0,False,False,0,False,False,False,NO_ELIGIBLE_VINTAGE,UNAVAILABLE
2010-03-03,2010,24,24,24,0,2010-03-02 17:00:00+00:00,,,0,False,False,0,False,False,False,NO_ELIGIBLE_VINTAGE,UNAVAILABLE
2010-03-04,2010,24,24,24,0,2010-03-03 17:00:00+00:00,,,0,False,False,0,False,False,False,NO_ELIGIBLE_VINTAGE,UNAVAILABLE
2010-03-05,2010,24,24,24,0,2010-03-04 17:00:00+00:00,,,0,False,False,0,False,False,False,NO_ELIGIBLE_VINTAGE,UNAVAILABLE
2010-03-06,2010,24,24,24,0,2010-03-05 17:00:00+00:00,,,0,False,False,0,False,False,False,NO_ELIGIBLE_VINTAGE,UNAVAILABLE
2010-03-07,2010,24,24,24,0,2010-03-06 17:00:00+00:00,,,0,False,False,0,False,False,False,NO_ELIGIBLE_VINTAGE,UNAVAILABLE
2010-03-08,2010,24,24,24,0,2010-03-07 17:00:00+00:00,,,0,False,False,0,False,False,False,NO_ELIGIBLE_VINTAGE,UNAVAILABLE
2010-03-09,2010,24,24,24,0,2010-03-08 17:00:00+00:00,,,0,False,False,0,False,False,False,NO_ELIGIBLE_VINTAGE,UNAVAILABLE
2010-03-10,2010,24,24,24,0,2010-03-09 17:00:00+00:00,,,0,False,False,0,False,False,False,NO_ELIGIBLE_VINTAGE,UNAVAILABLE
2010-03-11,2010,24,24,24,0,2010-03-10 17:00:00+00:00,,,0,False,False,0,False,False,False,NO_ELIGIBLE_VINTAGE,UNAVAILABLE
2010-03-12,2010,24,24,24,0,2010-03-11 17:00:00+00:00,,,0,False,False,0,False,False,False,NO_ELIGIBLE_VINTAGE,UNAVAILABLE
2010-03-13,2010,24,24,24,0,2010-03-12 17:00:00+00:00,,,0,False,False,0,False,False,False,NO_ELIGIBLE_VINTAGE,UNAVAILABLE
2010-03-14,2010,23,23,23,0,2010-03-13 17:00:00+00:00,,,0,False,False,0,False,False,False,NO_ELIGIBLE_VINTAGE,UNAVAILABLE
2010-03-15,2010,24,24,24,0,2010-03-14 16:00:00+00:00,,,0,False,False,0,False,False,False,NO_ELIGIBLE_VINTAGE,UNAVAILABLE
2010-03-16,2010,24,24,24,0,2010-03-15 16:00:00+00:00,,,0,False,False,0,False,False,False,NO_ELIGIBLE_VINTAGE,UNAVAILABLE
2010-03-17,2010,24,24,24,0,2010-03-16 16:00:00+00:00,,,0,False,False,0,False,False,False,NO_ELIGIBLE_VINTAGE,UNAVAILABLE
2010-03-18,2010,24,24,24,0,2010-03-17 16:00:00+00:00,,,0,False,False,0,False,False,False,NO_ELIGIBLE_VINTAGE,UNAVAILABLE
2010-03-19,2010,24,24,24,0,2010-03-18 16:00:00+00:00,,,0,False,False,0,False,False,False,NO_ELIGIBLE_VINTAGE,UNAVAILABLE
2010-03-20,2010,24,24,24,0,2010-03-19 16:00:00+00:00,,,0,False,False,0,False,False,False,NO_ELIGIBLE_VINTAGE,UNAVAILABLE
2010-03-21,2010,24,24,24,0,2010-03-20 16:00:00+00:00,,,0,False,False,0,False,False,False,NO_ELIGIBLE_VINTAGE,UNAVAILABLE
2010-03-22,2010,24,24,24,0,2010-03-21 16:00:00+00:00,,,0,False,False,0,False,False,False,NO_ELIGIBLE_VINTAGE,UNAVAILABLE
2010-03-23,2010,24,24,24,0,2010-03-22 16:00:00+00:00,,,0,False,False,0,False,False,False,NO_ELIGIBLE_VINTAGE,UNAVAILABLE
2010-03-24,2010,24,24,24,0,2010-03-23 16:00:00+00:00,,,0,False,False,0,False,False,False,NO_ELIGIBLE_VINTAGE,UNAVAILABLE
2010-03-25,2010,24,24,24,0,2010-03-24 16:00:00+00:00,,,0,False,False,0,False,False,False,NO_ELIGIBLE_VINTAGE,UNAVAILABLE
2010-03-26,2010,24,24,24,0,2010-03-25 16:00:00+00:00,,,0,False,False,0,False,False,False,NO_ELIGIBLE_VINTAGE,UNAVAILABLE
2010-03-27,2010,24,24,24,0,2010-03-26 16:00:00+00:00,,,0,False,False,0,False,False,False,NO_ELIGIBLE_VINTAGE,UNAVAILABLE
2010-03-28,2010,24,24,24,0,2010-03-27 16:00:00+00:00,,,0,False,False,0,False,False,False,NO_ELIGIBLE_VINTAGE,UNAVAILABLE
2010-03-29,2010,24,24,24,0,2010-03-28 16:00:00+00:00,,,0,False,False,0,False,False,False,NO_ELIGIBLE_VINTAGE,UNAVAILABLE
2010-03-30,2010,24,24,24,0,2010-03-29 16:00:00+00:00,,,0,False,False,0,False,False,False,NO_ELIGIBLE_VINTAGE,UNAVAILABLE
2010-03-31,2010,24,24,24,0,2010-03-30 16:00:00+00:00,,,0,False,False,0,False,False,False,NO_ELIGIBLE_VINTAGE,UNAVAILABLE
2010-04-01,2010,24,24,24,0,2010-03-31 16:00:00+00:00,,,0,False,False,0,False,False,False,NO_ELIGIBLE_VINTAGE,UNAVAILABLE
2010-04-02,2010,24,24,24,0,2010-04-01 16:00:00+00:00,,,0,False,False,0,False,False,False,NO_ELIGIBLE_VINTAGE,UNAVAILABLE
2010-04-03,2010,24,24,24,0,2010-04-02 16:00:00+00:00,,,0,False,False,0,False,False,False,NO_ELIGIBLE_VINTAGE,UNAVAILABLE
2010-04-04,2010,24,24,24,0,2010-04-03 16:00:00+00:00,,,0,False,False,0,False,False,False,NO_ELIGIBLE_VINTAGE,UNAVAILABLE
2010-04-05,2010,24,24,24,0,2010-04-04 16:00:00+00:00,,,0,False,False,0,False,False,False,NO_ELIGIBLE_VINTAGE,UNAVAILABLE
2010-04-06,2010,24,24,24,0,2010-04-05 16:00:00+00:00,,,0,False,False,0,False,False,False,NO_ELIGIBLE_VINTAGE,UNAVAILABLE
2010-04-07,2010,24,24,24,0,2010-04-06 16:00:00+00:00,,,0,False,False,0,False,False,False,NO_ELIGIBLE_VINTAGE,UNAVAILABLE
2010-04-08,2010,24,24,24,0,2010-04-07 16:00:00+00:00,,,0,False,False,0,False,False,False,NO_ELIGIBLE_VINTAGE,UNAVAILABLE
2010-04-09,2010,24,24,24,0,2010-04-08 16:00:00+00:00,,,0,False,False,0,False,False,False,NO_ELIGIBLE_VINTAGE,UNAVAILABLE
2010-04-10,2010,24,24,24,0,2010-04-09 16:00:00+00:00,,,0,False,False,0,False,False,False,NO_ELIGIBLE_VINTAGE,UNAVAILABLE
2010-04-11,2010,24,24,24,0,2010-04-10 16:00:00+00:00,,,0,False,False,0,False,False,False,NO_ELIGIBLE_VINTAGE,UNAVAILABLE
2010-04-12,2010,24,24,24,0,2010-04-11 16:00:00+00:00,,,0,False,False,0,False,False,False,NO_ELIGIBLE_VINTAGE,UNAVAILABLE
2010-04-13,2010,24,24,24,0,2010-04-12 16:00:00+00:00,,,0,False,False,0,False,False,False,NO_ELIGIBLE_VINTAGE,UNAVAILABLE
2010-04-14,2010,24,24,24,0,2010-04-13 16:00:00+00:00,,,0,False,False,0,False,False,False,NO_ELIGIBLE_VINTAGE,UNAVAILABLE
2010-04-15,2010,24,24,24,0,2010-04-14 16:00:00+00:00,,,0,False,False,0,False,False,False,NO_ELIGIBLE_VINTAGE,UNAVAILABLE
2010-04-16,2010,24,24,24,0,2010-04-15 16:00:00+00:00,,,0,False,False,0,False,False,False,NO_ELIGIBLE_VINTAGE,UNAVAILABLE
2010-04-17,2010,24,24,24,0,2010-04-16 16:00:00+00:00,,,0,False,False,0,False,False,False,NO_ELIGIBLE_VINTAGE,UNAVAILABLE
2010-04-18,2010,24,24,24,0,2010-04-17 16:00:00+00:00,,,0,False,False,0,False,False,False,NO_ELIGIBLE_VINTAGE,UNAVAILABLE
2010-04-19,2010,24,24,24,0,2010-04-18 16:00:00+00:00,,,0,False,False,0,False,False,False,NO_ELIGIBLE_VINTAGE,UNAVAILABLE
2010-04-20,2010,24,24,24,0,2010-04-19 16:00:00+00:00,,,0,False,False,0,False,False,False,NO_ELIGIBLE_VINTAGE,UNAVAILABLE
2010-04-21,2010,24,24,24,0,2010-04-20 16:00:00+00:00,,,0,False,False,0,False,False,False,NO_ELIGIBLE_VINTAGE,UNAVAILABLE
2010-04-22,2010,24,24,24,0,2010-04-21 16:00:00+00:00,,,0,False,False,0,False,False,False,NO_ELIGIBLE_VINTAGE,UNAVAILABLE
2010-04-23,2010,24,24,24,0,2010-04-22 16:00:00+00:00,,,0,False,False,0,False,False,False,NO_ELIGIBLE_VINTAGE,UNAVAILABLE
2010-04-24,2010,24,24,24,0,2010-04-23 16:00:00+00:00,,,0,False,False,0,False,False,False,NO_ELIGIBLE_VINTAGE,UNAVAILABLE
2010-04-25,2010,24,24,24,0,2010-04-24 16:00:00+00:00,,,0,False,False,0,False,False,False,NO_ELIGIBLE_VINTAGE,UNAVAILABLE
2010-04-26,2010,24,24,24,0,2010-04-25 16:00:00+00:00,,,0,False,False,0,False,False,False,NO_ELIGIBLE_VINTAGE,UNAVAILABLE
2010-04-27,2010,24,24,24,0,2010-04-26 16:00:00+00:00,,,0,False,False,0,False,False,False,NO_ELIGIBLE_VINTAGE,UNAVAILABLE
2010-04-28,2010,24,24,24,0,2010-04-27 16:00:00+00:00,,,0,False,False,0,False,False,False,NO_ELIGIBLE_VINTAGE,UNAVAILABLE
2010-04-29,2010,24,24,24,0,2010-04-28 16:00:00+00:00,,,0,False,False,0,False,False,False,NO_ELIGIBLE_VINTAGE,UNAVAILABLE
2010-04-30,2010,24,24,24,0,2010-04-29 16:00:00+00:00,,,0,False,False,0,False,False,False,NO_ELIGIBLE_VINTAGE,UNAVAILABLE
2010-05-01,2010,24,24,24,0,2010-04-30 16:00:00+00:00,,,0,False,False,0,False,False,False,NO_ELIGIBLE_VINTAGE,UNAVAILABLE
2010-05-02,2010,24,24,24,0,2010-05-01 16:00:00+00:00,,,0,False,False,0,False,False,False,NO_ELIGIBLE_VINTAGE,UNAVAILABLE
2010-05-03,2010,24,24,24,0,2010-05-02 16:00:00+00:00,,,0,False,False,0,False,False,False,NO_ELIGIBLE_VINTAGE,UNAVAILABLE
2010-05-04,2010,24,24,24,0,2010-05-03 16:00:00+00:00,,,0,False,False,0,False,False,False,NO_ELIGIBLE_VINTAGE,UNAVAILABLE
2010-05-05,2010,24,24,24,0,2010-05-04 16:00:00+00:00,,,0,False,False,0,False,False,False,NO_ELIGIBLE_VINTAGE,UNAVAILABLE
2010-05-06,2010,24,24,24,0,2010-05-05 16:00:00+00:00,,,0,False,False,0,False,False,False,NO_ELIGIBLE_VINTAGE,UNAVAILABLE
2010-05-07,2010,24,24,24,0,2010-05-06 16:00:00+00:00,,,0,False,False,0,False,False,False,NO_ELIGIBLE_VINTAGE,UNAVAILABLE
2010-05-08,2010,24,24,24,0,2010-05-07 16:00:00+00:00,,,0,False,False,0,False,False,False,NO_ELIGIBLE_VINTAGE,UNAVAILABLE
2010-05-09,2010,24,24,24,0,2010-05-08 16:00:00+00:00,,,0,False,False,0,False,False,False,NO_ELIGIBLE_VINTAGE,UNAVAILABLE
2010-05-10,2010,24,24,24,0,2010-05-09 16:00:00+00:00,,,0,False,False,0,False,False,False,NO_ELIGIBLE_VINTAGE,UNAVAILABLE
2010-05-11,2010,24,24,24,0,2010-05-10 16:00:00+00:00,,,0,False,False,0,False,False,False,NO_ELIGIBLE_VINTAGE,UNAVAILABLE
2010-05-12,2010,24,24,24,0,2010-05-11 16:00:00+00:00,,,0,False,False,0,False,False,False,NO_ELIGIBLE_VINTAGE,UNAVAILABLE
2010-05-13,2010,24,24,24,0,2010-05-12 16:00:00+00:00,,,0,False,False,0,False,False,False,NO_ELIGIBLE_VINTAGE,UNAVAILABLE
2010-05-14,2010,24,24,24,0,2010-05-13 16:00:00+00:00,,,0,False,False,0,False,False,False,NO_ELIGIBLE_VINTAGE,UNAVAILABLE
2010-05-15,2010,24,24,24,0,2010-05-14 16:00:00+00:00,,,0,False,False,0,False,False,False,NO_ELIGIBLE_VINTAGE,UNAVAILABLE
2010-05-16,2010,24,24,24,0,2010-05-15 16:00:00+00:00,,,0,False,False,0,False,False,False,NO_ELIGIBLE_VINTAGE,UNAVAILABLE
2010-05-17,2010,24,24,24,0,2010-05-16 16:00:00+00:00,,,0,False,False,0,False,False,False,NO_ELIGIBLE_VINTAGE,UNAVAILABLE
2010-05-18,2010,24,24,24,0,2010-05-17 16:00:00+00:00,,,0,False,False,0,False,False,False,NO_ELIGIBLE_VINTAGE,UNAVAILABLE
2010-05-19,2010,24,24,24,0,2010-05-18 16:00:00+00:00,,,0,False,False,0,False,False,False,NO_ELIGIBLE_VINTAGE,UNAVAILABLE
2010-05-20,2010,24,24,24,0,2010-05-19 16:00:00+00:00,,,0,False,False,0,False,False,False,NO_ELIGIBLE_VINTAGE,UNAVAILABLE
2010-05-21,2010,24,24,24,0,2010-05-20 16:00:00+00:00,,,0,False,False,0,False,False,False,NO_ELIGIBLE_VINTAGE,UNAVAILABLE
2010-05-22,2010,24,24,24,0,2010-05-21 16:00:00+00:00,,,0,False,False,0,False,False,False,NO_ELIGIBLE_VINTAGE,UNAVAILABLE
2010-05-23,2010,24,24,24,0,2010-05-22 16:00:00+00:00,,,0,False,False,0,False,False,False,NO_ELIGIBLE_VINTAGE,UNAVAILABLE
2010-05-24,2010,24,24,24,0,2010-05-23 16:00:00+00:00,,,0,False,False,0,False,False,False,NO_ELIGIBLE_VINTAGE,UNAVAILABLE
2010-05-25,2010,24,24,24,0,2010-05-24 16:00:00+00:00,,,0,False,False,0,False,False,False,NO_ELIGIBLE_VINTAGE,UNAVAILABLE
2010-05-26,2010,24,24,24,0,2010-05-25 16:00:00+00:00,,,0,False,False,0,False,False,False,NO_ELIGIBLE_VINTAGE,UNAVAILABLE
2010-05-27,2010,24,24,24,0,2010-05-26 16:00:00+00:00,,,0,False,False,0,False,False,False,NO_ELIGIBLE_VINTAGE,UNAVAILABLE
2010-05-28,2010,24,24,24,0,2010-05-27 16:00:00+00:00,,,0,False,False,0,False,False,False,NO_ELIGIBLE_VINTAGE,UNAVAILABLE
2010-05-29,2010,24,24,24,0,2010-05-28 16:00:00+00:00,,,0,False,False,0,False,False,False,NO_ELIGIBLE_VINTAGE,UNAVAILABLE
2010-05-30,2010,24,24,24,0,2010-05-29 16:00:00+00:00,,,0,False,False,0,False,False,False,NO_ELIGIBLE_VINTAGE,UNAVAILABLE
2010-05-31,2010,24,24,24,0,2010-05-30 16:00:00+00:00,,,0,False,False,0,False,False,False,NO_ELIGIBLE_VINTAGE,UNAVAILABLE
2010-06-01,2010,24,24,24,0,2010-05-31 16:00:00+00:00,,,0,False,False,0,False,False,False,NO_ELIGIBLE_VINTAGE,UNAVAILABLE
2010-06-02,2010,24,24,24,0,2010-06-01 16:00:00+00:00,,,0,False,False,0,False,False,False,NO_ELIGIBLE_VINTAGE,UNAVAILABLE
2010-06-03,2010,24,24,24,0,2010-06-02 16:00:00+00:00,,,0,False,False,0,False,False,False,NO_ELIGIBLE_VINTAGE,UNAVAILABLE
2010-06-04,2010,24,24,24,0,2010-06-03 16:00:00+00:00,,,0,False,False,0,False,False,False,NO_ELIGIBLE_VINTAGE,UNAVAILABLE
2010-06-05,2010,24,24,24,0,2010-06-04 16:00:00+00:00,,,0,False,False,0,False,False,False,NO_ELIGIBLE_VINTAGE,UNAVAILABLE
2010-06-06,2010,24,24,24,0,2010-06-05 16:00:00+00:00,,,0,False,False,0,False,False,False,NO_ELIGIBLE_VINTAGE,UNAVAILABLE
2010-06-07,2010,24,24,24,0,2010-06-06 16:00:00+00:00,,,0,False,False,0,False,False,False,NO_ELIGIBLE_VINTAGE,UNAVAILABLE
2010-06-08,2010,24,24,24,0,2010-06-07 16:00:00+00:00,,,0,False,False,0,False,False,False,NO_ELIGIBLE_VINTAGE,UNAVAILABLE
2010-06-09,2010,24,24,24,0,2010-06-08 16:00:00+00:00,,,0,False,False,0,False,False,False,NO_ELIGIBLE_VINTAGE,UNAVAILABLE
2010-06-10,2010,24,24,24,0,2010-06-09 16:00:00+00:00,,,0,False,False,0,False,False,False,NO_ELIGIBLE_VINTAGE,UNAVAILABLE
2010-06-11,2010,24,24,24,0,2010-06-10 16:00:00+00:00,,,0,False,False,0,False,False,False,NO_ELIGIBLE_VINTAGE,UNAVAILABLE
2010-06-12,2010,24,24,24,0,2010-06-11 16:00:00+00:00,,,0,False,False,0,False,False,False,NO_ELIGIBLE_VINTAGE,UNAVAILABLE
2010-06-13,2010,24,24,24,0,2010-06-12 16:00:00+00:00,,,0,False,False,0,False,False,False,NO_ELIGIBLE_VINTAGE,UNAVAILABLE
2010-06-14,2010,24,24,24,0,2010-06-13 16:00:00+00:00,,,0,False,False,0,False,False,False,NO_ELIGIBLE_VINTAGE,UNAVAILABLE
2010-06-15,2010,24,24,24,0,2010-06-14 16:00:00+00:00,,,0,False,False,0,False,False,False,NO_ELIGIBLE_VINTAGE,UNAVAILABLE
2010-06-16,2010,24,24,24,0,2010-06-15 16:00:00+00:00,,,0,False,False,0,False,False,False,NO_ELIGIBLE_VINTAGE,UNAVAILABLE
2010-06-17,2010,24,24,24,0,2010-06-16 16:00:00+00:00,,,0,False,False,0,False,False,False,NO_ELIGIBLE_VINTAGE,UNAVAILABLE
2010-06-18,2010,24,24,24,0,2010-06-17 16:00:00+00:00,,,0,False,False,0,False,False,False,NO_ELIGIBLE_VINTAGE,UNAVAILABLE
2010-06-19,2010,24,24,24,0,2010-06-18 16:00:00+00:00,,,0,False,False,0,False,False,False,NO_ELIGIBLE_VINTAGE,UNAVAILABLE
2010-06-20,2010,24,24,24,0,2010-06-19 16:00:00+00:00,,,0,False,False,0,False,False,False,NO_ELIGIBLE_VINTAGE,UNAVAILABLE
2010-06-21,2010,24,24,24,0,2010-06-20 16:00:00+00:00,,,0,False,False,0,False,False,False,NO_ELIGIBLE_VINTAGE,UNAVAILABLE
2010-06-22,2010,24,24,24,0,2010-06-21 16:00:00+00:00,,,0,False,False,0,False,False,False,NO_ELIGIBLE_VINTAGE,UNAVAILABLE
2010-06-23,2010,24,24,24,0,2010-06-22 16:00:00+00:00,,,0,False,False,0,False,False,False,NO_ELIGIBLE_VINTAGE,UNAVAILABLE
2010-06-24,2010,24,24,24,0,2010-06-23 16:00:00+00:00,,,0,False,False,0,False,False,False,NO_ELIGIBLE_VINTAGE,UNAVAILABLE
2010-06-25,2010,24,24,24,0,2010-06-24 16:00:00+00:00,,,0,False,False,0,False,False,False,NO_ELIGIBLE_VINTAGE,UNAVAILABLE
2010-06-26,2010,24,24,24,0,2010-06-25 16:00:00+00:00,,,0,False,False,0,False,False,False,NO_ELIGIBLE_VINTAGE,UNAVAILABLE
2010-06-27,2010,24,24,24,0,2010-06-26 16:00:00+00:00,,,0,False,False,0,False,False,False,NO_ELIGIBLE_VINTAGE,UNAVAILABLE
2010-06-28,2010,24,24,24,0,2010-06-27 16:00:00+00:00,,,0,False,False,0,False,False,False,NO_ELIGIBLE_VINTAGE,UNAVAILABLE
2010-06-29,2010,24,24,24,0,2010-06-28 16:00:00+00:00,,,0,False,False,0,False,False,False,NO_ELIGIBLE_VINTAGE,UNAVAILABLE
2010-06-30,2010,24,24,24,0,2010-06-29 16:00:00+00:00,,,0,False,False,0,False,False,False,NO_ELIGIBLE_VINTAGE,UNAVAILABLE
2010-07-01,2010,24,24,24,0,2010-06-30 16:00:00+00:00,,,0,False,False,0,False,False,False,NO_ELIGIBLE_VINTAGE,UNAVAILABLE
2010-07-02,2010,24,24,24,0,2010-07-01 16:00:00+00:00,,,0,False,False,0,False,False,False,NO_ELIGIBLE_VINTAGE,UNAVAILABLE
2010-07-03,2010,24,24,24,0,2010-07-02 16:00:00+00:00,,,0,False,False,0,False,False,False,NO_ELIGIBLE_VINTAGE,UNAVAILABLE
2010-07-04,2010,24,24,24,0,2010-07-03 16:00:00+00:00,,,0,False,False,0,False,False,False,NO_ELIGIBLE_VINTAGE,UNAVAILABLE
2010-07-05,2010,24,24,24,0,2010-07-04 16:00:00+00:00,,,0,False,False,0,False,False,False,NO_ELIGIBLE_VINTAGE,UNAVAILABLE
2010-07-06,2010,24,24,24,0,2010-07-05 16:00:00+00:00,,,0,False,False,0,False,False,False,NO_ELIGIBLE_VINTAGE,UNAVAILABLE
2010-07-07,2010,24,24,24,0,2010-07-06 16:00:00+00:00,,,0,False,False,0,False,False,False,NO_ELIGIBLE_VINTAGE,UNAVAILABLE
2010-07-08,2010,24,24,24,0,2010-07-07 16:00:00+00:00,,,0,False,False,0,False,False,False,NO_ELIGIBLE_VINTAGE,UNAVAILABLE
2010-07-09,2010,24,24,24,0,2010-07-08 16:00:00+00:00,,,0,False,False,0,False,False,False,NO_ELIGIBLE_VINTAGE,UNAVAILABLE
2010-07-10,2010,24,24,24,0,2010-07-09 16:00:00+00:00,,,0,False,False,0,False,False,False,NO_ELIGIBLE_VINTAGE,UNAVAILABLE
2010-07-11,2010,24,24,24,0,2010-07-10 16:00:00+00:00,,,0,False,False,0,False,False,False,NO_ELIGIBLE_VINTAGE,UNAVAILABLE
2010-07-12,2010,24,24,24,0,2010-07-11 16:00:00+00:00,,,0,False,False,0,False,False,False,NO_ELIGIBLE_VINTAGE,UNAVAILABLE
2010-07-13,2010,24,24,24,0,2010-07-12 16:00:00+00:00,,,0,False,False,0,False,False,False,NO_ELIGIBLE_VINTAGE,UNAVAILABLE
2010-07-14,2010,24,24,24,0,2010-07-13 16:00:00+00:00,,,0,False,False,0,False,False,False,NO_ELIGIBLE_VINTAGE,UNAVAILABLE
2010-07-15,2010,24,24,24,0,2010-07-14 16:00:00+00:00,,,0,False,False,0,False,False,False,NO_ELIGIBLE_VINTAGE,UNAVAILABLE
2010-07-16,2010,24,24,24,0,2010-07-15 16:00:00+00:00,,,0,False,False,0,False,False,False,NO_ELIGIBLE_VINTAGE,UNAVAILABLE
2010-07-17,2010,24,24,24,0,2010-07-16 16:00:00+00:00,,,0,False,False,0,False,False,False,NO_ELIGIBLE_VINTAGE,UNAVAILABLE
2010-07-18,2010,24,24,24,0,2010-07-17 16:00:00+00:00,,,0,False,False,0,False,False,False,NO_ELIGIBLE_VINTAGE,UNAVAILABLE
2010-07-19,2010,24,24,24,0,2010-07-18 16:00:00+00:00,,,0,False,False,0,False,False,False,NO_ELIGIBLE_VINTAGE,UNAVAILABLE
2010-07-20,2010,24,24,24,0,2010-07-19 16:00:00+00:00,,,0,False,False,0,False,False,False,NO_ELIGIBLE_VINTAGE,UNAVAILABLE
2010-07-21,2010,24,24,24,0,2010-07-20 16:00:00+00:00,,,0,False,False,0,False,False,False,NO_ELIGIBLE_VINTAGE,UNAVAILABLE
2010-07-22,2010,24,24,24,0,2010-07-21 16:00:00+00:00,,,0,False,False,0,False,False,False,NO_ELIGIBLE_VINTAGE,UNAVAILABLE
2010-07-23,2010,24,24,24,0,2010-07-22 16:00:00+00:00,,,0,False,False,0,False,False,False,NO_ELIGIBLE_VINTAGE,UNAVAILABLE
2010-07-24,2010,24,24,24,0,2010-07-23 16:00:00+00:00,,,0,False,False,0,False,False,False,NO_ELIGIBLE_VINTAGE,UNAVAILABLE
2010-07-25,2010,24,24,24,0,2010-07-24 16:00:00+00:00,,,0,False,False,0,False,False,False,NO_ELIGIBLE_VINTAGE,UNAVAILABLE
2010-07-26,2010,24,24,24,0,2010-07-25 16:00:00+00:00,,,0,False,False,0,False,False,False,NO_ELIGIBLE_VINTAGE,UNAVAILABLE
2010-07-27,2010,24,24,24,0,2010-07-26 16:00:00+00:00,,,0,False,False,0,False,False,False,NO_ELIGIBLE_VINTAGE,UNAVAILABLE
2010-07-28,2010,24,24,24,0,2010-07-27 16:00:00+00:00,,,0,False,False,0,False,False,False,NO_ELIGIBLE_VINTAGE,UNAVAILABLE
2010-07-29,2010,24,24,24,0,2010-07-28 16:00:00+00:00,,,0,False,False,0,False,False,False,NO_ELIGIBLE_VINTAGE,UNAVAILABLE
2010-07-30,2010,24,24,24,0,2010-07-29 16:00:00+00:00,,,0,False,False,0,False,False,False,NO_ELIGIBLE_VINTAGE,UNAVAILABLE
2010-07-31,2010,24,24,24,0,2010-07-30 16:00:00+00:00,,,0,False,False,0,False,False,False,NO_ELIGIBLE_VINTAGE,UNAVAILABLE
2010-08-01,2010,24,24,24,0,2010-07-31 16:00:00+00:00,,,0,False,False,0,False,False,False,NO_ELIGIBLE_VINTAGE,UNAVAILABLE
2010-08-02,2010,24,24,24,0,2010-08-01 16:00:00+00:00,,,0,False,False,0,False,False,False,NO_ELIGIBLE_VINTAGE,UNAVAILABLE
2010-08-03,2010,24,24,24,0,2010-08-02 16:00:00+00:00,,,0,False,False,0,False,False,False,NO_ELIGIBLE_VINTAGE,UNAVAILABLE
2010-08-04,2010,24,24,24,0,2010-08-03 16:00:00+00:00,,,0,False,False,0,False,False,False,NO_ELIGIBLE_VINTAGE,UNAVAILABLE
2010-08-05,2010,24,24,24,0,2010-08-04 16:00:00+00:00,,,0,False,False,0,False,False,False,NO_ELIGIBLE_VINTAGE,UNAVAILABLE
2010-08-06,2010,24,24,24,0,2010-08-05 16:00:00+00:00,,,0,False,False,0,False,False,False,NO_ELIGIBLE_VINTAGE,UNAVAILABLE
2010-08-07,2010,24,24,24,0,2010-08-06 16:00:00+00:00,,,0,False,False,0,False,False,False,NO_ELIGIBLE_VINTAGE,UNAVAILABLE
2010-08-08,2010,24,24,24,0,2010-08-07 16:00:00+00:00,,,0,False,False,0,False,False,False,NO_ELIGIBLE_VINTAGE,UNAVAILABLE
2010-08-09,2010,24,24,24,0,2010-08-08 16:00:00+00:00,,,0,False,False,0,False,False,False,NO_ELIGIBLE_VINTAGE,UNAVAILABLE
2010-08-10,2010,24,24,24,0,2010-08-09 16:00:00+00:00,,,0,False,False,0,False,False,False,NO_ELIGIBLE_VINTAGE,UNAVAILABLE
2010-08-11,2010,24,24,24,0,2010-08-10 16:00:00+00:00,,,0,False,False,0,False,False,False,NO_ELIGIBLE_VINTAGE,UNAVAILABLE
2010-08-12,2010,24,24,24,0,2010-08-11 16:00:00+00:00,,,0,False,False,0,False,False,False,NO_ELIGIBLE_VINTAGE,UNAVAILABLE
2010-08-13,2010,24,24,24,0,2010-08-12 16:00:00+00:00,,,0,False,False,0,False,False,False,NO_ELIGIBLE_VINTAGE,UNAVAILABLE
2010-08-14,2010,24,24,24,0,2010-08-13 16:00:00+00:00,,,0,False,False,0,False,False,False,NO_ELIGIBLE_VINTAGE,UNAVAILABLE
2010-08-15,2010,24,24,24,0,2010-08-14 16:00:00+00:00,,,0,False,False,0,False,False,False,NO_ELIGIBLE_VINTAGE,UNAVAILABLE
2010-08-16,2010,24,24,24,0,2010-08-15 16:00:00+00:00,,,0,False,False,0,False,False,False,NO_ELIGIBLE_VINTAGE,UNAVAILABLE
2010-08-17,2010,24,24,24,0,2010-08-16 16:00:00+00:00,,,0,False,False,0,False,False,False,NO_ELIGIBLE_VINTAGE,UNAVAILABLE
2010-08-18,2010,24,24,24,0,2010-08-17 16:00:00+00:00,,,0,False,False,0,False,False,False,NO_ELIGIBLE_VINTAGE,UNAVAILABLE
2010-08-19,2010,24,24,24,0,2010-08-18 16:00:00+00:00,,,0,False,False,0,False,False,False,NO_ELIGIBLE_VINTAGE,UNAVAILABLE
2010-08-20,2010,24,24,24,0,2010-08-19 16:00:00+00:00,,,0,False,False,0,False,False,False,NO_ELIGIBLE_VINTAGE,UNAVAILABLE
2010-08-21,2010,24,24,24,0,2010-08-20 16:00:00+00:00,,,0,False,False,0,False,False,False,NO_ELIGIBLE_VINTAGE,UNAVAILABLE
2010-08-22,2010,24,24,24,0,2010-08-21 16:00:00+00:00,,,0,False,False,0,False,False,False,NO_ELIGIBLE_VINTAGE,UNAVAILABLE
2010-08-23,2010,24,24,24,0,2010-08-22 16:00:00+00:00,,,0,False,False,0,False,False,False,NO_ELIGIBLE_VINTAGE,UNAVAILABLE
2010-08-24,2010,24,24,24,0,2010-08-23 16:00:00+00:00,,,0,False,False,0,False,False,False,NO_ELIGIBLE_VINTAGE,UNAVAILABLE
2010-08-25,2010,24,24,24,0,2010-08-24 16:00:00+00:00,,,0,False,False,0,False,False,False,NO_ELIGIBLE_VINTAGE,UNAVAILABLE
2010-08-26,2010,24,24,24,0,2010-08-25 16:00:00+00:00,,,0,False,False,0,False,False,False,NO_ELIGIBLE_VINTAGE,UNAVAILABLE
2010-08-27,2010,24,24,24,0,2010-08-26 16:00:00+00:00,,,0,False,False,0,False,False,False,NO_ELIGIBLE_VINTAGE,UNAVAILABLE
2010-08-28,2010,24,24,24,0,2010-08-27 16:00:00+00:00,,,0,False,False,0,False,False,False,NO_ELIGIBLE_VINTAGE,UNAVAILABLE
2010-08-29,2010,24,24,24,0,2010-08-28 16:00:00+00:00,,,0,False,False,0,False,False,False,NO_ELIGIBLE_VINTAGE,UNAVAILABLE
2010-08-30,2010,24,24,24,0,2010-08-29 16:00:00+00:00,,,0,False,False,0,False,False,False,NO_ELIGIBLE_VINTAGE,UNAVAILABLE
2010-08-31,2010,24,24,24,0,2010-08-30 16:00:00+00:00,,,0,False,False,0,False,False,False,NO_ELIGIBLE_VINTAGE,UNAVAILABLE
2010-09-01,2010,24,24,24,0,2010-08-31 16:00:00+00:00,,,0,False,False,0,False,False,False,NO_ELIGIBLE_VINTAGE,UNAVAILABLE
2010-09-02,2010,24,24,24,0,2010-09-01 16:00:00+00:00,,,0,False,False,0,False,False,False,NO_ELIGIBLE_VINTAGE,UNAVAILABLE
2010-09-03,2010,24,24,24,0,2010-09-02 16:00:00+00:00,,,0,False,False,0,False,False,False,NO_ELIGIBLE_VINTAGE,UNAVAILABLE
2010-09-04,2010,24,24,24,0,2010-09-03 16:00:00+00:00,,,0,False,False,0,False,False,False,NO_ELIGIBLE_VINTAGE,UNAVAILABLE
2010-09-05,2010,24,24,24,0,2010-09-04 16:00:00+00:00,,,0,False,False,0,False,False,False,NO_ELIGIBLE_VINTAGE,UNAVAILABLE
2010-09-06,2010,24,24,24,0,2010-09-05 16:00:00+00:00,,,0,False,False,0,False,False,False,NO_ELIGIBLE_VINTAGE,UNAVAILABLE
2010-09-07,2010,24,24,24,0,2010-09-06 16:00:00+00:00,,,0,False,False,0,False,False,False,NO_ELIGIBLE_VINTAGE,UNAVAILABLE
2010-09-08,2010,24,24,24,0,2010-09-07 16:00:00+00:00,,,0,False,False,0,False,False,False,NO_ELIGIBLE_VINTAGE,UNAVAILABLE
2010-09-09,2010,24,24,24,0,2010-09-08 16:00:00+00:00,,,0,False,False,0,False,False,False,NO_ELIGIBLE_VINTAGE,UNAVAILABLE
2010-09-10,2010,24,24,24,0,2010-09-09 16:00:00+00:00,,,0,False,False,0,False,False,False,NO_ELIGIBLE_VINTAGE,UNAVAILABLE
2010-09-11,2010,24,24,24,0,2010-09-10 16:00:00+00:00,,,0,False,False,0,False,False,False,NO_ELIGIBLE_VINTAGE,UNAVAILABLE
2010-09-12,2010,24,24,24,0,2010-09-11 16:00:00+00:00,,,0,False,False,0,False,False,False,NO_ELIGIBLE_VINTAGE,UNAVAILABLE
2010-09-13,2010,24,24,24,0,2010-09-12 16:00:00+00:00,,,0,False,False,0,False,False,False,NO_ELIGIBLE_VINTAGE,UNAVAILABLE
2010-09-14,2010,24,24,24,0,2010-09-13 16:00:00+00:00,,,0,False,False,0,False,False,False,NO_ELIGIBLE_VINTAGE,UNAVAILABLE
2010-09-15,2010,24,24,24,0,2010-09-14 16:00:00+00:00,,,0,False,False,0,False,False,False,NO_ELIGIBLE_VINTAGE,UNAVAILABLE
2010-09-16,2010,24,24,24,0,2010-09-15 16:00:00+00:00,,,0,False,False,0,False,False,False,NO_ELIGIBLE_VINTAGE,UNAVAILABLE
2010-09-17,2010,24,24,24,0,2010-09-16 16:00:00+00:00,,,0,False,False,0,False,False,False,NO_ELIGIBLE_VINTAGE,UNAVAILABLE
2010-09-18,2010,24,24,24,0,2010-09-17 16:00:00+00:00,,,0,False,False,0,False,False,False,NO_ELIGIBLE_VINTAGE,UNAVAILABLE
2010-09-19,2010,24,24,24,0,2010-09-18 16:00:00+00:00,,,0,False,False,0,False,False,False,NO_ELIGIBLE_VINTAGE,UNAVAILABLE
2010-09-20,2010,24,24,24,0,2010-09-19 16:00:00+00:00,,,0,False,False,0,False,False,False,NO_ELIGIBLE_VINTAGE,UNAVAILABLE
2010-09-21,2010,24,24,24,0,2010-09-20 16:00:00+00:00,,,0,False,False,0,False,False,False,NO_ELIGIBLE_VINTAGE,UNAVAILABLE
2010-09-22,2010,24,24,24,0,2010-09-21 16:00:00+00:00,,,0,False,False,0,False,False,False,NO_ELIGIBLE_VINTAGE,UNAVAILABLE
2010-09-23,2010,24,24,24,0,2010-09-22 16:00:00+00:00,,,0,False,False,0,False,False,False,NO_ELIGIBLE_VINTAGE,UNAVAILABLE
2010-09-24,2010,24,24,24,0,2010-09-23 16:00:00+00:00,,,0,False,False,0,False,False,False,NO_ELIGIBLE_VINTAGE,UNAVAILABLE
2010-09-25,2010,24,24,24,0,2010-09-24 16:00:00+00:00,,,0,False,False,0,False,False,False,NO_ELIGIBLE_VINTAGE,UNAVAILABLE
2010-09-26,2010,24,24,24,0,2010-09-25 16:00:00+00:00,,,0,False,False,0,False,False,False,NO_ELIGIBLE_VINTAGE,UNAVAILABLE
2010-09-27,2010,24,24,24,0,2010-09-26 16:00:00+00:00,,,0,False,False,0,False,False,False,NO_ELIGIBLE_VINTAGE,UNAVAILABLE
2010-09-28,2010,24,24,24,0,2010-09-27 16:00:00+00:00,,,0,False,False,0,False,False,False,NO_ELIGIBLE_VINTAGE,UNAVAILABLE
2010-09-29,2010,24,24,24,0,2010-09-28 16:00:00+00:00,,,0,False,False,0,False,False,False,NO_ELIGIBLE_VINTAGE,UNAVAILABLE
2010-09-30,2010,24,24,24,0,2010-09-29 16:00:00+00:00,,,0,False,False,0,False,False,False,NO_ELIGIBLE_VINTAGE,UNAVAILABLE
2010-10-01,2010,24,24,24,0,2010-09-30 16:00:00+00:00,,,0,False,False,0,False,False,False,NO_ELIGIBLE_VINTAGE,UNAVAILABLE
2010-10-02,2010,24,24,24,0,2010-10-01 16:00:00+00:00,,,0,False,False,0,False,False,False,NO_ELIGIBLE_VINTAGE,UNAVAILABLE
2010-10-03,2010,24,24,24,0,2010-10-02 16:00:00+00:00,,,0,False,False,0,False,False,False,NO_ELIGIBLE_VINTAGE,UNAVAILABLE
2010-10-04,2010,24,24,24,0,2010-10-03 16:00:00+00:00,,,0,False,False,0,False,False,False,NO_ELIGIBLE_VINTAGE,UNAVAILABLE
2010-10-05,2010,24,24,24,0,2010-10-04 16:00:00+00:00,,,0,False,False,0,False,False,False,NO_ELIGIBLE_VINTAGE,UNAVAILABLE
2010-10-06,2010,24,24,24,0,2010-10-05 16:00:00+00:00,,,0,False,False,0,False,False,False,NO_ELIGIBLE_VINTAGE,UNAVAILABLE
2010-10-07,2010,24,24,24,0,2010-10-06 16:00:00+00:00,,,0,False,False,0,False,False,False,NO_ELIGIBLE_VINTAGE,UNAVAILABLE
2010-10-08,2010,24,24,24,0,2010-10-07 16:00:00+00:00,,,0,False,False,0,False,False,False,NO_ELIGIBLE_VINTAGE,UNAVAILABLE
2010-10-09,2010,24,24,24,0,2010-10-08 16:00:00+00:00,,,0,False,False,0,False,False,False,NO_ELIGIBLE_VINTAGE,UNAVAILABLE
2010-10-10,2010,24,24,24,0,2010-10-09 16:00:00+00:00,,,0,False,False,0,False,False,False,NO_ELIGIBLE_VINTAGE,UNAVAILABLE
2010-10-11,2010,24,24,24,0,2010-10-10 16:00:00+00:00,,,0,False,False,0,False,False,False,NO_ELIGIBLE_VINTAGE,UNAVAILABLE
2010-10-12,2010,24,24,24,0,2010-10-11 16:00:00+00:00,,,0,False,False,0,False,False,False,NO_ELIGIBLE_VINTAGE,UNAVAILABLE
2010-10-13,2010,24,24,24,0,2010-10-12 16:00:00+00:00,,,0,False,False,0,False,False,False,NO_ELIGIBLE_VINTAGE,UNAVAILABLE
2010-10-14,2010,24,24,24,0,2010-10-13 16:00:00+00:00,,,0,False,False,0,False,False,False,NO_ELIGIBLE_VINTAGE,UNAVAILABLE
2010-10-15,2010,24,24,24,0,2010-10-14 16:00:00+00:00,,,0,False,False,0,False,False,False,NO_ELIGIBLE_VINTAGE,UNAVAILABLE
2010-10-16,2010,24,24,24,0,2010-10-15 16:00:00+00:00,,,0,False,False,0,False,False,False,NO_ELIGIBLE_VINTAGE,UNAVAILABLE
2010-10-17,2010,24,24,24,0,2010-10-16 16:00:00+00:00,,,0,False,False,0,False,False,False,NO_ELIGIBLE_VINTAGE,UNAVAILABLE
2010-10-18,2010,24,24,24,0,2010-10-17 16:00:00+00:00,,,0,False,False,0,False,False,False,NO_ELIGIBLE_VINTAGE,UNAVAILABLE
2010-10-19,2010,24,24,24,0,2010-10-18 16:00:00+00:00,,,0,False,False,0,False,False,False,NO_ELIGIBLE_VINTAGE,UNAVAILABLE
2010-10-20,2010,24,24,24,0,2010-10-19 16:00:00+00:00,,,0,False,False,0,False,False,False,NO_ELIGIBLE_VINTAGE,UNAVAILABLE
2010-10-21,2010,24,24,24,0,2010-10-20 16:00:00+00:00,,,0,False,False,0,False,False,False,NO_ELIGIBLE_VINTAGE,UNAVAILABLE
2010-10-22,2010,24,24,24,0,2010-10-21 16:00:00+00:00,,,0,False,False,0,False,False,False,NO_ELIGIBLE_VINTAGE,UNAVAILABLE
2010-10-23,2010,24,24,24,0,2010-10-22 16:00:00+00:00,,,0,False,False,0,False,False,False,NO_ELIGIBLE_VINTAGE,UNAVAILABLE
2010-10-24,2010,24,24,24,0,2010-10-23 16:00:00+00:00,,,0,False,False,0,False,False,False,NO_ELIGIBLE_VINTAGE,UNAVAILABLE
2010-10-25,2010,24,24,24,0,2010-10-24 16:00:00+00:00,,,0,False,False,0,False,False,False,NO_ELIGIBLE_VINTAGE,UNAVAILABLE
2010-10-26,2010,24,24,24,0,2010-10-25 16:00:00+00:00,,,0,False,False,0,False,False,False,NO_ELIGIBLE_VINTAGE,UNAVAILABLE
2010-10-27,2010,24,24,24,0,2010-10-26 16:00:00+00:00,,,0,False,False,0,False,False,False,NO_ELIGIBLE_VINTAGE,UNAVAILABLE
2010-10-28,2010,24,24,24,0,2010-10-27 16:00:00+00:00,,,0,False,False,0,False,False,False,NO_ELIGIBLE_VINTAGE,UNAVAILABLE
2010-10-29,2010,24,24,24,0,2010-10-28 16:00:00+00:00,,,0,False,False,0,False,False,False,NO_ELIGIBLE_VINTAGE,UNAVAILABLE
2010-10-30,2010,24,24,24,0,2010-10-29 16:00:00+00:00,,,0,False,False,0,False,False,False,NO_ELIGIBLE_VINTAGE,UNAVAILABLE
2010-10-31,2010,24,24,24,0,2010-10-30 16:00:00+00:00,,,0,False,False,0,False,False,False,NO_ELIGIBLE_VINTAGE,UNAVAILABLE
2010-11-01,2010,24,24,24,0,2010-10-31 16:00:00+00:00,,,0,False,False,0,False,False,False,NO_ELIGIBLE_VINTAGE,UNAVAILABLE
2010-11-02,2010,24,24,24,0,2010-11-01 16:00:00+00:00,,,0,False,False,0,False,False,False,NO_ELIGIBLE_VINTAGE,UNAVAILABLE
2010-11-03,2010,24,24,24,0,2010-11-02 16:00:00+00:00,,,0,False,False,0,False,False,False,NO_ELIGIBLE_VINTAGE,UNAVAILABLE
2010-11-04,2010,24,24,24,0,2010-11-03 16:00:00+00:00,,,0,False,False,0,False,False,False,NO_ELIGIBLE_VINTAGE,UNAVAILABLE
2010-11-05,2010,24,24,24,0,2010-11-04 16:00:00+00:00,,,0,False,False,0,False,False,False,NO_ELIGIBLE_VINTAGE,UNAVAILABLE
2010-11-06,2010,24,24,24,0,2010-11-05 16:00:00+00:00,,,0,False,False,0,False,False,False,NO_ELIGIBLE_VINTAGE,UNAVAILABLE
2010-11-07,2010,25,25,25,0,2010-11-06 16:00:00+00:00,,,0,False,False,0,False,False,False,NO_ELIGIBLE_VINTAGE,UNAVAILABLE
2010-11-08,2010,24,24,24,0,2010-11-07 17:00:00+00:00,,,0,False,False,0,False,False,False,NO_ELIGIBLE_VINTAGE,UNAVAILABLE
2010-11-09,2010,24,24,24,0,2010-11-08 17:00:00+00:00,,,0,False,False,0,False,False,False,NO_ELIGIBLE_VINTAGE,UNAVAILABLE
2010-11-10,2010,24,24,24,0,2010-11-09 17:00:00+00:00,,,0,False,False,0,False,False,False,NO_ELIGIBLE_VINTAGE,UNAVAILABLE
2010-11-11,2010,24,24,24,0,2010-11-10 17:00:00+00:00,,,0,False,False,0,False,False,False,NO_ELIGIBLE_VINTAGE,UNAVAILABLE
2010-11-12,2010,24,24,24,0,2010-11-11 17:00:00+00:00,,,0,False,False,0,False,False,False,NO_ELIGIBLE_VINTAGE,UNAVAILABLE
2010-11-13,2010,24,24,24,0,2010-11-12 17:00:00+00:00,,,0,False,False,0,False,False,False,NO_ELIGIBLE_VINTAGE,UNAVAILABLE
2010-11-14,2010,24,24,24,0,2010-11-13 17:00:00+00:00,,,0,False,False,0,False,False,False,NO_ELIGIBLE_VINTAGE,UNAVAILABLE
2010-11-15,2010,24,24,24,0,2010-11-14 17:00:00+00:00,,,0,False,False,0,False,False,False,NO_ELIGIBLE_VINTAGE,UNAVAILABLE
2010-11-16,2010,24,24,24,0,2010-11-15 17:00:00+00:00,,,0,False,False,0,False,False,False,NO_ELIGIBLE_VINTAGE,UNAVAILABLE
2010-11-17,2010,24,24,24,0,2010-11-16 17:00:00+00:00,,,0,False,False,0,False,False,False,NO_ELIGIBLE_VINTAGE,UNAVAILABLE
2010-11-18,2010,24,24,24,0,2010-11-17 17:00:00+00:00,,,0,False,False,0,False,False,False,NO_ELIGIBLE_VINTAGE,UNAVAILABLE
2010-11-19,2010,24,24,24,0,2010-11-18 17:00:00+00:00,,,0,False,False,0,False,False,False,NO_ELIGIBLE_VINTAGE,UNAVAILABLE
2010-11-20,2010,24,24,24,0,2010-11-19 17:00:00+00:00,,,0,False,False,0,False,False,False,NO_ELIGIBLE_VINTAGE,UNAVAILABLE
2010-11-21,2010,24,24,24,0,2010-11-20 17:00:00+00:00,,,0,False,False,0,False,False,False,NO_ELIGIBLE_VINTAGE,UNAVAILABLE
2010-11-22,2010,24,24,24,0,2010-11-21 17:00:00+00:00,,,0,False,False,0,False,False,False,NO_ELIGIBLE_VINTAGE,UNAVAILABLE
2010-11-23,2010,24,24,24,0,2010-11-22 17:00:00+00:00,,,0,False,False,0,False,False,False,NO_ELIGIBLE_VINTAGE,UNAVAILABLE
2010-11-24,2010,24,24,24,0,2010-11-23 17:00:00+00:00,,,0,False,False,0,False,False,False,NO_ELIGIBLE_VINTAGE,UNAVAILABLE
2010-11-25,2010,24,24,24,0,2010-11-24 17:00:00+00:00,,,0,False,False,0,False,False,False,NO_ELIGIBLE_VINTAGE,UNAVAILABLE
2010-11-26,2010,24,24,24,0,2010-11-25 17:00:00+00:00,,,0,False,False,0,False,False,False,NO_ELIGIBLE_VINTAGE,UNAVAILABLE
2010-11-27,2010,24,24,24,0,2010-11-26 17:00:00+00:00,,,0,False,False,0,False,False,False,NO_ELIGIBLE_VINTAGE,UNAVAILABLE
2010-11-28,2010,24,24,24,0,2010-11-27 17:00:00+00:00,,,0,False,False,0,False,False,False,NO_ELIGIBLE_VINTAGE,UNAVAILABLE
2010-11-29,2010,24,24,24,0,2010-11-28 17:00:00+00:00,,,0,False,False,0,False,False,False,NO_ELIGIBLE_VINTAGE,UNAVAILABLE
2010-11-30,2010,24,24,24,0,2010-11-29 17:00:00+00:00,,,0,False,False,0,False,False,False,NO_ELIGIBLE_VINTAGE,UNAVAILABLE
2010-12-01,2010,24,24,24,0,2010-11-30 17:00:00+00:00,,,0,False,False,0,False,False,False,NO_ELIGIBLE_VINTAGE,UNAVAILABLE
2010-12-02,2010,24,24,24,0,2010-12-01 17:00:00+00:00,,,0,False,False,0,False,False,False,NO_ELIGIBLE_VINTAGE,UNAVAILABLE
2010-12-03,2010,24,24,24,0,2010-12-02 17:00:00+00:00,,,0,False,False,0,False,False,False,NO_ELIGIBLE_VINTAGE,UNAVAILABLE
2010-12-04,2010,24,24,24,0,2010-12-03 17:00:00+00:00,,,0,False,False,0,False,False,False,NO_ELIGIBLE_VINTAGE,UNAVAILABLE
2010-12-05,2010,24,24,24,0,2010-12-04 17:00:00+00:00,,,0,False,False,0,False,False,False,NO_ELIGIBLE_VINTAGE,UNAVAILABLE
2010-12-06,2010,24,24,24,0,2010-12-05 17:00:00+00:00,,,0,False,False,0,False,False,False,NO_ELIGIBLE_VINTAGE,UNAVAILABLE
2010-12-07,2010,24,24,24,0,2010-12-06 17:00:00+00:00,,,0,False,False,0,False,False,False,NO_ELIGIBLE_VINTAGE,UNAVAILABLE
2010-12-08,2010,24,24,24,0,2010-12-07 17:00:00+00:00,,,0,False,False,0,False,False,False,NO_ELIGIBLE_VINTAGE,UNAVAILABLE
2010-12-09,2010,24,24,24,0,2010-12-08 17:00:00+00:00,,,0,False,False,0,False,False,False,NO_ELIGIBLE_VINTAGE,UNAVAILABLE
2010-12-10,2010,24,24,24,0,2010-12-09 17:00:00+00:00,,,0,False,False,0,False,False,False,NO_ELIGIBLE_VINTAGE,UNAVAILABLE
2010-12-11,2010,24,24,24,0,2010-12-10 17:00:00+00:00,,,0,False,False,0,False,False,False,NO_ELIGIBLE_VINTAGE,UNAVAILABLE
2010-12-12,2010,24,24,24,0,2010-12-11 17:00:00+00:00,,,0,False,False,0,False,False,False,NO_ELIGIBLE_VINTAGE,UNAVAILABLE
2010-12-13,2010,24,24,24,0,2010-12-12 17:00:00+00:00,,,0,False,False,0,False,False,False,NO_ELIGIBLE_VINTAGE,UNAVAILABLE
2010-12-14,2010,24,24,24,0,2010-12-13 17:00:00+00:00,,,0,False,False,0,False,False,False,NO_ELIGIBLE_VINTAGE,UNAVAILABLE
2010-12-15,2010,24,24,24,0,2010-12-14 17:00:00+00:00,,,0,False,False,0,False,False,False,NO_ELIGIBLE_VINTAGE,UNAVAILABLE
2010-12-16,2010,24,24,24,0,2010-12-15 17:00:00+00:00,,,0,False,False,0,False,False,False,NO_ELIGIBLE_VINTAGE,UNAVAILABLE
2010-12-17,2010,24,24,24,0,2010-12-16 17:00:00+00:00,,,0,False,False,0,False,False,False,NO_ELIGIBLE_VINTAGE,UNAVAILABLE
2010-12-18,2010,24,24,24,0,2010-12-17 17:00:00+00:00,,,0,False,False,0,False,False,False,NO_ELIGIBLE_VINTAGE,UNAVAILABLE
2010-12-19,2010,24,24,24,0,2010-12-18 17:00:00+00:00,,,0,False,False,0,False,False,False,NO_ELIGIBLE_VINTAGE,UNAVAILABLE
2010-12-20,2010,24,24,24,0,2010-12-19 17:00:00+00:00,,,0,False,False,0,False,False,False,NO_ELIGIBLE_VINTAGE,UNAVAILABLE
2010-12-21,2010,24,24,24,0,2010-12-20 17:00:00+00:00,,,0,False,False,0,False,False,False,NO_ELIGIBLE_VINTAGE,UNAVAILABLE
2010-12-22,2010,24,24,24,0,2010-12-21 17:00:00+00:00,,,0,False,False,0,False,False,False,NO_ELIGIBLE_VINTAGE,UNAVAILABLE
2010-12-23,2010,24,24,24,0,2010-12-22 17:00:00+00:00,,,0,False,False,0,False,False,False,NO_ELIGIBLE_VINTAGE,UNAVAILABLE
2010-12-24,2010,24,24,24,0,2010-12-23 17:00:00+00:00,,,0,False,False,0,False,False,False,NO_ELIGIBLE_VINTAGE,UNAVAILABLE
2010-12-25,2010,24,24,24,0,2010-12-24 17:00:00+00:00,,,0,False,False,0,False,False,False,NO_ELIGIBLE_VINTAGE,UNAVAILABLE
2010-12-26,2010,24,24,24,0,2010-12-25 17:00:00+00:00,,,0,False,False,0,False,False,False,NO_ELIGIBLE_VINTAGE,UNAVAILABLE
2010-12-27,2010,24,24,24,0,2010-12-26 17:00:00+00:00,,,0,False,False,0,False,False,False,NO_ELIGIBLE_VINTAGE,UNAVAILABLE
2010-12-28,2010,24,24,24,0,2010-12-27 17:00:00+00:00,,,0,False,False,0,False,False,False,NO_ELIGIBLE_VINTAGE,UNAVAILABLE
2010-12-29,2010,24,24,24,0,2010-12-28 17:00:00+00:00,,,0,False,False,0,False,False,False,NO_ELIGIBLE_VINTAGE,UNAVAILABLE
2010-12-30,2010,24,24,24,0,2010-12-29 17:00:00+00:00,,,0,False,False,0,False,False,False,NO_ELIGIBLE_VINTAGE,UNAVAILABLE
2010-12-31,2010,24,24,24,0,2010-12-30 17:00:00+00:00,,,0,False,False,0,False,False,False,NO_ELIGIBLE_VINTAGE,UNAVAILABLE
2011-01-01,2011,24,24,24,0,2010-12-31 17:00:00+00:00,,,0,False,False,0,False,False,False,NO_ELIGIBLE_VINTAGE,UNAVAILABLE
2011-01-02,2011,24,24,24,0,2011-01-01 17:00:00+00:00,,,0,False,False,0,False,False,False,NO_ELIGIBLE_VINTAGE,UNAVAILABLE
2011-01-03,2011,24,24,24,0,2011-01-02 17:00:00+00:00,,,0,False,False,0,False,False,False,NO_ELIGIBLE_VINTAGE,UNAVAILABLE
2011-01-04,2011,24,24,24,0,2011-01-03 17:00:00+00:00,,,0,False,False,0,False,False,False,NO_ELIGIBLE_VINTAGE,UNAVAILABLE
2011-01-05,2011,24,24,24,0,2011-01-04 17:00:00+00:00,,,0,False,False,0,False,False,False,NO_ELIGIBLE_VINTAGE,UNAVAILABLE
2011-01-06,2011,24,24,24,0,2011-01-05 17:00:00+00:00,,,0,False,False,0,False,False,False,NO_ELIGIBLE_VINTAGE,UNAVAILABLE
2011-01-07,2011,24,24,24,0,2011-01-06 17:00:00+00:00,,,0,False,False,0,False,False,False,NO_ELIGIBLE_VINTAGE,UNAVAILABLE
2011-01-08,2011,24,24,24,0,2011-01-07 17:00:00+00:00,,,0,False,False,0,False,False,False,NO_ELIGIBLE_VINTAGE,UNAVAILABLE
2011-01-09,2011,24,24,24,0,2011-01-08 17:00:00+00:00,,,0,False,False,0,False,False,False,NO_ELIGIBLE_VINTAGE,UNAVAILABLE
2011-01-10,2011,24,24,24,0,2011-01-09 17:00:00+00:00,,,0,False,False,0,False,False,False,NO_ELIGIBLE_VINTAGE,UNAVAILABLE
2011-01-11,2011,24,24,24,0,2011-01-10 17:00:00+00:00,,,0,False,False,0,False,False,False,NO_ELIGIBLE_VINTAGE,UNAVAILABLE
2011-01-12,2011,24,24,24,0,2011-01-11 17:00:00+00:00,,,0,False,False,0,False,False,False,NO_ELIGIBLE_VINTAGE,UNAVAILABLE
2011-01-13,2011,24,24,24,0,2011-01-12 17:00:00+00:00,,,0,False,False,0,False,False,False,NO_ELIGIBLE_VINTAGE,UNAVAILABLE
2011-01-14,2011,24,24,24,0,2011-01-13 17:00:00+00:00,,,0,False,False,0,False,False,False,NO_ELIGIBLE_VINTAGE,UNAVAILABLE
2011-01-15,2011,24,24,24,0,2011-01-14 17:00:00+00:00,,,0,False,False,0,False,False,False,NO_ELIGIBLE_VINTAGE,UNAVAILABLE
2011-01-16,2011,24,24,24,0,2011-01-15 17:00:00+00:00,,,0,False,False,0,False,False,False,NO_ELIGIBLE_VINTAGE,UNAVAILABLE
2011-01-17,2011,24,24,24,0,2011-01-16 17:00:00+00:00,,,0,False,False,0,False,False,False,NO_ELIGIBLE_VINTAGE,UNAVAILABLE
2011-01-18,2011,24,24,24,0,2011-01-17 17:00:00+00:00,,,0,False,False,0,False,False,False,NO_ELIGIBLE_VINTAGE,UNAVAILABLE
2011-01-19,2011,24,24,24,0,2011-01-18 17:00:00+00:00,,,0,False,False,0,False,False,False,NO_ELIGIBLE_VINTAGE,UNAVAILABLE
2011-01-20,2011,24,24,24,0,2011-01-19 17:00:00+00:00,,,0,False,False,0,False,False,False,NO_ELIGIBLE_VINTAGE,UNAVAILABLE
2011-01-21,2011,24,24,24,0,2011-01-20 17:00:00+00:00,,,0,False,False,0,False,False,False,NO_ELIGIBLE_VINTAGE,UNAVAILABLE
2011-01-22,2011,24,24,24,0,2011-01-21 17:00:00+00:00,,,0,False,False,0,False,False,False,NO_ELIGIBLE_VINTAGE,UNAVAILABLE
2011-01-23,2011,24,24,24,0,2011-01-22 17:00:00+00:00,,,0,False,False,0,False,False,False,NO_ELIGIBLE_VINTAGE,UNAVAILABLE
2011-01-24,2011,24,24,24,0,2011-01-23 17:00:00+00:00,,,0,False,False,0,False,False,False,NO_ELIGIBLE_VINTAGE,UNAVAILABLE
2011-01-25,2011,24,24,24,0,2011-01-24 17:00:00+00:00,,,0,False,False,0,False,False,False,NO_ELIGIBLE_VINTAGE,UNAVAILABLE
2011-01-26,2011,24,24,24,0,2011-01-25 17:00:00+00:00,,,0,False,False,0,False,False,False,NO_ELIGIBLE_VINTAGE,UNAVAILABLE
2011-01-27,2011,24,24,24,0,2011-01-26 17:00:00+00:00,,,0,False,False,0,False,False,False,NO_ELIGIBLE_VINTAGE,UNAVAILABLE
2011-01-28,2011,24,24,24,0,2011-01-27 17:00:00+00:00,,,0,False,False,0,False,False,False,NO_ELIGIBLE_VINTAGE,UNAVAILABLE
2011-01-29,2011,24,24,24,0,2011-01-28 17:00:00+00:00,,,0,False,False,0,False,False,False,NO_ELIGIBLE_VINTAGE,UNAVAILABLE
2011-01-30,2011,24,24,24,0,2011-01-29 17:00:00+00:00,,,0,False,False,0,False,False,False,NO_ELIGIBLE_VINTAGE,UNAVAILABLE
2011-01-31,2011,24,24,24,0,2011-01-30 17:00:00+00:00,,,0,False,False,0,False,False,False,NO_ELIGIBLE_VINTAGE,UNAVAILABLE
2011-02-01,2011,24,24,24,0,2011-01-31 17:00:00+00:00,,,0,False,False,0,False,False,False,NO_ELIGIBLE_VINTAGE,UNAVAILABLE
2011-02-02,2011,24,24,24,0,2011-02-01 17:00:00+00:00,,,0,False,False,0,False,False,False,NO_ELIGIBLE_VINTAGE,UNAVAILABLE
2011-02-03,2011,24,24,24,0,2011-02-02 17:00:00+00:00,,,0,False,False,0,False,False,False,NO_ELIGIBLE_VINTAGE,UNAVAILABLE
2011-02-04,2011,24,24,24,0,2011-02-03 17:00:00+00:00,,,0,False,False,0,False,False,False,NO_ELIGIBLE_VINTAGE,UNAVAILABLE
2011-02-05,2011,24,24,24,0,2011-02-04 17:00:00+00:00,,,0,False,False,0,False,False,False,NO_ELIGIBLE_VINTAGE,UNAVAILABLE
2011-02-06,2011,24,24,24,0,2011-02-05 17:00:00+00:00,,,0,False,False,0,False,False,False,NO_ELIGIBLE_VINTAGE,UNAVAILABLE
2011-02-07,2011,24,24,24,0,2011-02-06 17:00:00+00:00,,,0,False,False,0,False,False,False,NO_ELIGIBLE_VINTAGE,UNAVAILABLE
2011-02-08,2011,24,24,24,0,2011-02-07 17:00:00+00:00,,,0,False,False,0,False,False,False,NO_ELIGIBLE_VINTAGE,UNAVAILABLE
2011-02-09,2011,24,24,24,0,2011-02-08 17:00:00+00:00,,,0,False,False,0,False,False,False,NO_ELIGIBLE_VINTAGE,UNAVAILABLE
2011-02-10,2011,24,24,24,0,2011-02-09 17:00:00+00:00,,,0,False,False,0,False,False,False,NO_ELIGIBLE_VINTAGE,UNAVAILABLE
2011-02-11,2011,24,24,24,0,2011-02-10 17:00:00+00:00,,,0,False,False,0,False,False,False,NO_ELIGIBLE_VINTAGE,UNAVAILABLE
2011-02-12,2011,24,24,24,0,2011-02-11 17:00:00+00:00,,,0,False,False,0,False,False,False,NO_ELIGIBLE_VINTAGE,UNAVAILABLE
2011-02-13,2011,24,24,24,0,2011-02-12 17:00:00+00:00,,,0,False,False,0,False,False,False,NO_ELIGIBLE_VINTAGE,UNAVAILABLE
2011-02-14,2011,24,24,24,0,2011-02-13 17:00:00+00:00,,,0,False,False,0,False,False,False,NO_ELIGIBLE_VINTAGE,UNAVAILABLE
2011-02-15,2011,24,24,24,0,2011-02-14 17:00:00+00:00,,,0,False,False,0,False,False,False,NO_ELIGIBLE_VINTAGE,UNAVAILABLE
2011-02-16,2011,24,24,24,0,2011-02-15 17:00:00+00:00,,,0,False,False,0,False,False,False,NO_ELIGIBLE_VINTAGE,UNAVAILABLE
2011-02-17,2011,24,24,24,0,2011-02-16 17:00:00+00:00,,,0,False,False,0,False,False,False,NO_ELIGIBLE_VINTAGE,UNAVAILABLE
2011-02-18,2011,24,24,24,0,2011-02-17 17:00:00+00:00,,,0,False,False,0,False,False,False,NO_ELIGIBLE_VINTAGE,UNAVAILABLE
2011-02-19,2011,24,24,24,0,2011-02-18 17:00:00+00:00,,,0,False,False,0,False,False,False,NO_ELIGIBLE_VINTAGE,UNAVAILABLE
2011-02-20,2011,24,24,24,0,2011-02-19 17:00:00+00:00,,,0,False,False,0,False,False,False,NO_ELIGIBLE_VINTAGE,UNAVAILABLE
2011-02-21,2011,24,24,24,0,2011-02-20 17:00:00+00:00,,,0,False,False,0,False,False,False,NO_ELIGIBLE_VINTAGE,UNAVAILABLE
2011-02-22,2011,24,24,24,0,2011-02-21 17:00:00+00:00,,,0,False,False,0,False,False,False,NO_ELIGIBLE_VINTAGE,UNAVAILABLE
2011-02-23,2011,24,24,24,0,2011-02-22 17:00:00+00:00,,,0,False,False,0,False,False,False,NO_ELIGIBLE_VINTAGE,UNAVAILABLE
2011-02-24,2011,24,24,24,0,2011-02-23 17:00:00+00:00,,,0,False,False,0,False,False,False,NO_ELIGIBLE_VINTAGE,UNAVAILABLE
2011-02-25,2011,24,24,24,0,2011-02-24 17:00:00+00:00,,,0,False,False,0,False,False,False,NO_ELIGIBLE_VINTAGE,UNAVAILABLE
2011-02-26,2011,24,24,24,0,2011-02-25 17:00:00+00:00,,,0,False,False,0,False,False,False,NO_ELIGIBLE_VINTAGE,UNAVAILABLE
2011-02-27,2011,24,24,24,0,2011-02-26 17:00:00+00:00,,,0,False,False,0,False,False,False,NO_ELIGIBLE_VINTAGE,UNAVAILABLE
2011-02-28,2011,24,24,24,0,2011-02-27 17:00:00+00:00,,,0,False,False,0,False,False,False,NO_ELIGIBLE_VINTAGE,UNAVAILABLE
2011-03-01,2011,24,24,24,0,2011-02-28 17:00:00+00:00,,,0,False,False,0,False,False,False,NO_ELIGIBLE_VINTAGE,UNAVAILABLE
2011-03-02,2011,24,24,24,0,2011-03-01 17:00:00+00:00,,,0,False,False,0,False,False,False,NO_ELIGIBLE_VINTAGE,UNAVAILABLE
2011-03-03,2011,24,24,24,0,2011-03-02 17:00:00+00:00,,,0,False,False,0,False,False,False,NO_ELIGIBLE_VINTAGE,UNAVAILABLE
2011-03-04,2011,24,24,24,0,2011-03-03 17:00:00+00:00,,,0,False,False,0,False,False,False,NO_ELIGIBLE_VINTAGE,UNAVAILABLE
2011-03-05,2011,24,24,24,0,2011-03-04 17:00:00+00:00,,,0,False,False,0,False,False,False,NO_ELIGIBLE_VINTAGE,UNAVAILABLE
2011-03-06,2011,24,24,24,0,2011-03-05 17:00:00+00:00,,,0,False,False,0,False,False,False,NO_ELIGIBLE_VINTAGE,UNAVAILABLE
2011-03-07,2011,24,24,24,0,2011-03-06 17:00:00+00:00,,,0,False,False,0,False,False,False,NO_ELIGIBLE_VINTAGE,UNAVAILABLE
2011-03-08,2011,24,24,24,0,2011-03-07 17:00:00+00:00,,,0,False,False,0,False,False,False,NO_ELIGIBLE_VINTAGE,UNAVAILABLE
2011-03-09,2011,24,24,24,0,2011-03-08 17:00:00+00:00,,,0,False,False,0,False,False,False,NO_ELIGIBLE_VINTAGE,UNAVAILABLE
2011-03-10,2011,24,24,24,0,2011-03-09 17:00:00+00:00,,,0,False,False,0,False,False,False,NO_ELIGIBLE_VINTAGE,UNAVAILABLE
2011-03-11,2011,24,24,24,0,2011-03-10 17:00:00+00:00,,,0,False,False,0,False,False,False,NO_ELIGIBLE_VINTAGE,UNAVAILABLE
2011-03-12,2011,24,24,24,0,2011-03-11 17:00:00+00:00,,,0,False,False,0,False,False,False,NO_ELIGIBLE_VINTAGE,UNAVAILABLE
2011-03-13,2011,23,23,23,0,2011-03-12 17:00:00+00:00,,,0,False,False,0,False,False,False,NO_ELIGIBLE_VINTAGE,UNAVAILABLE
2011-03-14,2011,24,24,24,0,2011-03-13 16:00:00+00:00,,,0,False,False,0,False,False,False,NO_ELIGIBLE_VINTAGE,UNAVAILABLE
2011-03-15,2011,24,24,24,0,2011-03-14 16:00:00+00:00,,,0,False,False,0,False,False,False,NO_ELIGIBLE_VINTAGE,UNAVAILABLE
2011-03-16,2011,24,24,24,0,2011-03-15 16:00:00+00:00,,,0,False,False,0,False,False,False,NO_ELIGIBLE_VINTAGE,UNAVAILABLE
2011-03-17,2011,24,24,24,0,2011-03-16 16:00:00+00:00,,,0,False,False,0,False,False,False,NO_ELIGIBLE_VINTAGE,UNAVAILABLE
2011-03-18,2011,24,24,24,0,2011-03-17 16:00:00+00:00,,,0,False,False,0,False,False,False,NO_ELIGIBLE_VINTAGE,UNAVAILABLE
2011-03-19,2011,24,24,24,0,2011-03-18 16:00:00+00:00,,,0,False,False,0,False,False,False,NO_ELIGIBLE_VINTAGE,UNAVAILABLE
2011-03-20,2011,24,24,24,0,2011-03-19 16:00:00+00:00,,,0,False,False,0,False,False,False,NO_ELIGIBLE_VINTAGE,UNAVAILABLE
2011-03-21,2011,24,24,24,0,2011-03-20 16:00:00+00:00,,,0,False,False,0,False,False,False,NO_ELIGIBLE_VINTAGE,UNAVAILABLE
2011-03-22,2011,24,24,24,0,2011-03-21 16:00:00+00:00,,,0,False,False,0,False,False,False,NO_ELIGIBLE_VINTAGE,UNAVAILABLE
2011-03-23,2011,24,24,24,0,2011-03-22 16:00:00+00:00,,,0,False,False,0,False,False,False,NO_ELIGIBLE_VINTAGE,UNAVAILABLE
2011-03-24,2011,24,24,24,0,2011-03-23 16:00:00+00:00,,,0,False,False,0,False,False,False,NO_ELIGIBLE_VINTAGE,UNAVAILABLE
2011-03-25,2011,24,24,24,0,2011-03-24 16:00:00+00:00,,,0,False,False,0,False,False,False,NO_ELIGIBLE_VINTAGE,UNAVAILABLE
2011-03-26,2011,24,24,24,0,2011-03-25 16:00:00+00:00,,,0,False,False,0,False,False,False,NO_ELIGIBLE_VINTAGE,UNAVAILABLE
2011-03-27,2011,24,24,24,0,2011-03-26 16:00:00+00:00,,,0,False,False,0,False,False,False,NO_ELIGIBLE_VINTAGE,UNAVAILABLE
2011-03-28,2011,24,24,24,0,2011-03-27 16:00:00+00:00,,,0,False,False,0,False,False,False,NO_ELIGIBLE_VINTAGE,UNAVAILABLE
2011-03-29,2011,24,24,24,0,2011-03-28 16:00:00+00:00,,,0,False,False,0,False,False,False,NO_ELIGIBLE_VINTAGE,UNAVAILABLE
2011-03-30,2011,24,24,24,0,2011-03-29 16:00:00+00:00,,,0,False,False,0,False,False,False,NO_ELIGIBLE_VINTAGE,UNAVAILABLE
2011-03-31,2011,24,24,24,0,2011-03-30 16:00:00+00:00,,,0,False,False,0,False,False,False,NO_ELIGIBLE_VINTAGE,UNAVAILABLE
2011-04-01,2011,24,24,24,0,2011-03-31 16:00:00+00:00,,,0,False,False,0,False,False,False,NO_ELIGIBLE_VINTAGE,UNAVAILABLE
2011-04-02,2011,24,24,24,0,2011-04-01 16:00:00+00:00,,,0,False,False,0,False,False,False,NO_ELIGIBLE_VINTAGE,UNAVAILABLE
2011-04-03,2011,24,24,24,0,2011-04-02 16:00:00+00:00,,,0,False,False,0,False,False,False,NO_ELIGIBLE_VINTAGE,UNAVAILABLE
2011-04-04,2011,24,24,24,0,2011-04-03 16:00:00+00:00,,,0,False,False,0,False,False,False,NO_ELIGIBLE_VINTAGE,UNAVAILABLE
2011-04-05,2011,24,24,24,0,2011-04-04 16:00:00+00:00,,,0,False,False,0,False,False,False,NO_ELIGIBLE_VINTAGE,UNAVAILABLE
2011-04-06,2011,24,24,24,0,2011-04-05 16:00:00+00:00,,,0,False,False,0,False,False,False,NO_ELIGIBLE_VINTAGE,UNAVAILABLE
2011-04-07,2011,24,24,24,0,2011-04-06 16:00:00+00:00,,,0,False,False,0,False,False,False,NO_ELIGIBLE_VINTAGE,UNAVAILABLE
2011-04-08,2011,24,24,24,0,2011-04-07 16:00:00+00:00,,,0,False,False,0,False,False,False,NO_ELIGIBLE_VINTAGE,UNAVAILABLE
2011-04-09,2011,24,24,24,0,2011-04-08 16:00:00+00:00,,,0,False,False,0,False,False,False,NO_ELIGIBLE_VINTAGE,UNAVAILABLE
2011-04-10,2011,24,24,24,0,2011-04-09 16:00:00+00:00,,,0,False,False,0,False,False,False,NO_ELIGIBLE_VINTAGE,UNAVAILABLE
2011-04-11,2011,24,24,24,0,2011-04-10 16:00:00+00:00,,,0,False,False,0,False,False,False,NO_ELIGIBLE_VINTAGE,UNAVAILABLE
2011-04-12,2011,24,24,24,0,2011-04-11 16:00:00+00:00,,,0,False,False,0,False,False,False,NO_ELIGIBLE_VINTAGE,UNAVAILABLE
2011-04-13,2011,24,24,24,0,2011-04-12 16:00:00+00:00,,,0,False,False,0,False,False,False,NO_ELIGIBLE_VINTAGE,UNAVAILABLE
2011-04-14,2011,24,24,24,0,2011-04-13 16:00:00+00:00,,,0,False,False,0,False,False,False,NO_ELIGIBLE_VINTAGE,UNAVAILABLE
2011-04-15,2011,24,24,24,0,2011-04-14 16:00:00+00:00,,,0,False,False,0,False,False,False,NO_ELIGIBLE_VINTAGE,UNAVAILABLE
2011-04-16,2011,24,24,24,0,2011-04-15 16:00:00+00:00,,,0,False,False,0,False,False,False,NO_ELIGIBLE_VINTAGE,UNAVAILABLE
2011-04-17,2011,24,24,24,0,2011-04-16 16:00:00+00:00,,,0,False,False,0,False,False,False,NO_ELIGIBLE_VINTAGE,UNAVAILABLE
2011-04-18,2011,24,24,24,0,2011-04-17 16:00:00+00:00,,,0,False,False,0,False,False,False,NO_ELIGIBLE_VINTAGE,UNAVAILABLE
2011-04-19,2011,24,24,24,0,2011-04-18 16:00:00+00:00,,,0,False,False,0,False,False,False,NO_ELIGIBLE_VINTAGE,UNAVAILABLE
2011-04-20,2011,24,24,24,0,2011-04-19 16:00:00+00:00,,,0,False,False,0,False,False,False,NO_ELIGIBLE_VINTAGE,UNAVAILABLE
2011-04-21,2011,24,24,24,0,2011-04-20 16:00:00+00:00,,,0,False,False,0,False,False,False,NO_ELIGIBLE_VINTAGE,UNAVAILABLE
2011-04-22,2011,24,24,24,0,2011-04-21 16:00:00+00:00,,,0,False,False,0,False,False,False,NO_ELIGIBLE_VINTAGE,UNAVAILABLE
2011-04-23,2011,24,24,24,0,2011-04-22 16:00:00+00:00,,,0,False,False,0,False,False,False,NO_ELIGIBLE_VINTAGE,UNAVAILABLE
2011-04-24,2011,24,24,24,0,2011-04-23 16:00:00+00:00,,,0,False,False,0,False,False,False,NO_ELIGIBLE_VINTAGE,UNAVAILABLE
2011-04-25,2011,24,24,24,0,2011-04-24 16:00:00+00:00,,,0,False,False,0,False,False,False,NO_ELIGIBLE_VINTAGE,UNAVAILABLE
2011-04-26,2011,24,24,24,0,2011-04-25 16:00:00+00:00,,,0,False,False,0,False,False,False,NO_ELIGIBLE_VINTAGE,UNAVAILABLE
2011-04-27,2011,24,24,24,0,2011-04-26 16:00:00+00:00,,,0,False,False,0,False,False,False,NO_ELIGIBLE_VINTAGE,UNAVAILABLE
2011-04-28,2011,24,24,24,0,2011-04-27 16:00:00+00:00,,,0,False,False,0,False,False,False,NO_ELIGIBLE_VINTAGE,UNAVAILABLE
2011-04-29,2011,24,24,24,0,2011-04-28 16:00:00+00:00,,,0,False,False,0,False,False,False,NO_ELIGIBLE_VINTAGE,UNAVAILABLE
2011-04-30,2011,24,24,24,0,2011-04-29 16:00:00+00:00,,,0,False,False,0,False,False,False,NO_ELIGIBLE_VINTAGE,UNAVAILABLE
2011-05-01,2011,24,24,24,0,2011-04-30 16:00:00+00:00,,,0,False,False,0,False,False,False,NO_ELIGIBLE_VINTAGE,UNAVAILABLE
2011-05-02,2011,24,24,24,0,2011-05-01 16:00:00+00:00,,,0,False,False,0,False,False,False,NO_ELIGIBLE_VINTAGE,UNAVAILABLE
2011-05-03,2011,24,24,24,0,2011-05-02 16:00:00+00:00,,,0,False,False,0,False,False,False,NO_ELIGIBLE_VINTAGE,UNAVAILABLE
2011-05-04,2011,24,24,24,0,2011-05-03 16:00:00+00:00,,,0,False,False,0,False,False,False,NO_ELIGIBLE_VINTAGE,UNAVAILABLE
2011-05-05,2011,24,24,24,0,2011-05-04 16:00:00+00:00,,,0,False,False,0,False,False,False,NO_ELIGIBLE_VINTAGE,UNAVAILABLE
2011-05-06,2011,24,24,24,0,2011-05-05 16:00:00+00:00,,,0,False,False,0,False,False,False,NO_ELIGIBLE_VINTAGE,UNAVAILABLE
2011-05-07,2011,24,24,24,0,2011-05-06 16:00:00+00:00,,,0,False,False,0,False,False,False,NO_ELIGIBLE_VINTAGE,UNAVAILABLE
2011-05-08,2011,24,24,24,0,2011-05-07 16:00:00+00:00,,,0,False,False,0,False,False,False,NO_ELIGIBLE_VINTAGE,UNAVAILABLE
2011-05-09,2011,24,24,24,0,2011-05-08 16:00:00+00:00,,,0,False,False,0,False,False,False,NO_ELIGIBLE_VINTAGE,UNAVAILABLE
2011-05-10,2011,24,24,24,0,2011-05-09 16:00:00+00:00,,,0,False,False,0,False,False,False,NO_ELIGIBLE_VINTAGE,UNAVAILABLE
2011-05-11,2011,24,24,24,0,2011-05-10 16:00:00+00:00,,,0,False,False,0,False,False,False,NO_ELIGIBLE_VINTAGE,UNAVAILABLE
2011-05-12,2011,24,24,24,0,2011-05-11 16:00:00+00:00,,,0,False,False,0,False,False,False,NO_ELIGIBLE_VINTAGE,UNAVAILABLE
2011-05-13,2011,24,24,24,0,2011-05-12 16:00:00+00:00,,,0,False,False,0,False,False,False,NO_ELIGIBLE_VINTAGE,UNAVAILABLE
2011-05-14,2011,24,24,24,0,2011-05-13 16:00:00+00:00,,,0,False,False,0,False,False,False,NO_ELIGIBLE_VINTAGE,UNAVAILABLE
2011-05-15,2011,24,24,24,0,2011-05-14 16:00:00+00:00,,,0,False,False,0,False,False,False,NO_ELIGIBLE_VINTAGE,UNAVAILABLE
2011-05-16,2011,24,24,24,0,2011-05-15 16:00:00+00:00,,,0,False,False,0,False,False,False,NO_ELIGIBLE_VINTAGE,UNAVAILABLE
2011-05-17,2011,24,24,24,0,2011-05-16 16:00:00+00:00,,,0,False,False,0,False,False,False,NO_ELIGIBLE_VINTAGE,UNAVAILABLE
2011-05-18,2011,24,24,24,0,2011-05-17 16:00:00+00:00,,,0,False,False,0,False,False,False,NO_ELIGIBLE_VINTAGE,UNAVAILABLE
2011-05-19,2011,24,24,24,0,2011-05-18 16:00:00+00:00,,,0,False,False,0,False,False,False,NO_ELIGIBLE_VINTAGE,UNAVAILABLE
2011-05-20,2011,24,24,24,0,2011-05-19 16:00:00+00:00,,,0,False,False,0,False,False,False,NO_ELIGIBLE_VINTAGE,UNAVAILABLE
2011-05-21,2011,24,24,24,0,2011-05-20 16:00:00+00:00,,,0,False,False,0,False,False,False,NO_ELIGIBLE_VINTAGE,UNAVAILABLE
2011-05-22,2011,24,24,24,0,2011-05-21 16:00:00+00:00,,,0,False,False,0,False,False,False,NO_ELIGIBLE_VINTAGE,UNAVAILABLE
2011-05-23,2011,24,24,24,0,2011-05-22 16:00:00+00:00,,,0,False,False,0,False,False,False,NO_ELIGIBLE_VINTAGE,UNAVAILABLE
2011-05-24,2011,24,24,24,0,2011-05-23 16:00:00+00:00,,,0,False,False,0,False,False,False,NO_ELIGIBLE_VINTAGE,UNAVAILABLE
2011-05-25,2011,24,24,24,0,2011-05-24 16:00:00+00:00,,,0,False,False,0,False,False,False,NO_ELIGIBLE_VINTAGE,UNAVAILABLE
2011-05-26,2011,24,24,24,0,2011-05-25 16:00:00+00:00,,,0,False,False,0,False,False,False,NO_ELIGIBLE_VINTAGE,UNAVAILABLE
2011-05-27,2011,24,24,24,0,2011-05-26 16:00:00+00:00,,,0,False,False,0,False,False,False,NO_ELIGIBLE_VINTAGE,UNAVAILABLE
2011-05-28,2011,24,24,24,0,2011-05-27 16:00:00+00:00,,,0,False,False,0,False,False,False,NO_ELIGIBLE_VINTAGE,UNAVAILABLE
2011-05-29,2011,24,24,24,0,2011-05-28 16:00:00+00:00,,,0,False,False,0,False,False,False,NO_ELIGIBLE_VINTAGE,UNAVAILABLE
2011-05-30,2011,24,24,24,0,2011-05-29 16:00:00+00:00,,,0,False,False,0,False,False,False,NO_ELIGIBLE_VINTAGE,UNAVAILABLE
2011-05-31,2011,24,24,24,0,2011-05-30 16:00:00+00:00,,,0,False,False,0,False,False,False,NO_ELIGIBLE_VINTAGE,UNAVAILABLE
2011-06-01,2011,24,24,24,0,2011-05-31 16:00:00+00:00,,,0,False,False,0,False,False,False,NO_ELIGIBLE_VINTAGE,UNAVAILABLE
2011-06-02,2011,24,24,24,0,2011-06-01 16:00:00+00:00,,,0,False,False,0,False,False,False,NO_ELIGIBLE_VINTAGE,UNAVAILABLE
2011-06-03,2011,24,24,24,0,2011-06-02 16:00:00+00:00,,,0,False,False,0,False,False,False,NO_ELIGIBLE_VINTAGE,UNAVAILABLE
2011-06-04,2011,24,24,24,0,2011-06-03 16:00:00+00:00,,,0,False,False,0,False,False,False,NO_ELIGIBLE_VINTAGE,UNAVAILABLE
2011-06-05,2011,24,24,24,0,2011-06-04 16:00:00+00:00,,,0,False,False,0,False,False,False,NO_ELIGIBLE_VINTAGE,UNAVAILABLE
2011-06-06,2011,24,24,24,0,2011-06-05 16:00:00+00:00,,,0,False,False,0,False,False,False,NO_ELIGIBLE_VINTAGE,UNAVAILABLE
2011-06-07,2011,24,24,24,0,2011-06-06 16:00:00+00:00,,,0,False,False,0,False,False,False,NO_ELIGIBLE_VINTAGE,UNAVAILABLE
2011-06-08,2011,24,24,24,0,2011-06-07 16:00:00+00:00,,,0,False,False,0,False,False,False,NO_ELIGIBLE_VINTAGE,UNAVAILABLE
2011-06-09,2011,24,24,24,0,2011-06-08 16:00:00+00:00,,,0,False,False,0,False,False,False,NO_ELIGIBLE_VINTAGE,UNAVAILABLE
2011-06-10,2011,24,24,24,0,2011-06-09 16:00:00+00:00,,,0,False,False,0,False,False,False,NO_ELIGIBLE_VINTAGE,UNAVAILABLE
2011-06-11,2011,24,24,24,0,2011-06-10 16:00:00+00:00,,,0,False,False,0,False,False,False,NO_ELIGIBLE_VINTAGE,UNAVAILABLE
2011-06-12,2011,24,24,24,0,2011-06-11 16:00:00+00:00,,,0,False,False,0,False,False,False,NO_ELIGIBLE_VINTAGE,UNAVAILABLE
2011-06-13,2011,24,24,24,0,2011-06-12 16:00:00+00:00,,,0,False,False,0,False,False,False,NO_ELIGIBLE_VINTAGE,UNAVAILABLE
2011-06-14,2011,24,24,24,0,2011-06-13 16:00:00+00:00,,,0,False,False,0,False,False,False,NO_ELIGIBLE_VINTAGE,UNAVAILABLE
2011-06-15,2011,24,24,24,0,2011-06-14 16:00:00+00:00,,,0,False,False,0,False,False,False,NO_ELIGIBLE_VINTAGE,UNAVAILABLE
2011-06-16,2011,24,24,24,0,2011-06-15 16:00:00+00:00,,,0,False,False,0,False,False,False,NO_ELIGIBLE_VINTAGE,UNAVAILABLE
2011-06-17,2011,24,24,24,0,2011-06-16 16:00:00+00:00,,,0,False,False,0,False,False,False,NO_ELIGIBLE_VINTAGE,UNAVAILABLE
2011-06-18,2011,24,24,24,0,2011-06-17 16:00:00+00:00,,,0,False,False,0,False,False,False,NO_ELIGIBLE_VINTAGE,UNAVAILABLE
2011-06-19,2011,24,24,24,0,2011-06-18 16:00:00+00:00,,,0,False,False,0,False,False,False,NO_ELIGIBLE_VINTAGE,UNAVAILABLE
2011-06-20,2011,24,24,24,0,2011-06-19 16:00:00+00:00,,,0,False,False,0,False,False,False,NO_ELIGIBLE_VINTAGE,UNAVAILABLE
2011-06-21,2011,24,24,24,0,2011-06-20 16:00:00+00:00,,,0,False,False,0,False,False,False,NO_ELIGIBLE_VINTAGE,UNAVAILABLE
2011-06-22,2011,24,24,24,0,2011-06-21 16:00:00+00:00,,,0,False,False,0,False,False,False,NO_ELIGIBLE_VINTAGE,UNAVAILABLE
2011-06-23,2011,24,24,24,0,2011-06-22 16:00:00+00:00,,,0,False,False,0,False,False,False,NO_ELIGIBLE_VINTAGE,UNAVAILABLE
2011-06-24,2011,24,24,24,0,2011-06-23 16:00:00+00:00,,,0,False,False,0,False,False,False,NO_ELIGIBLE_VINTAGE,UNAVAILABLE
2011-06-25,2011,24,24,24,0,2011-06-24 16:00:00+00:00,,,0,False,False,0,False,False,False,NO_ELIGIBLE_VINTAGE,UNAVAILABLE
2011-06-26,2011,24,24,24,0,2011-06-25 16:00:00+00:00,,,0,False,False,0,False,False,False,NO_ELIGIBLE_VINTAGE,UNAVAILABLE
2011-06-27,2011,24,24,24,0,2011-06-26 16:00:00+00:00,,,0,False,False,0,False,False,False,NO_ELIGIBLE_VINTAGE,UNAVAILABLE
2011-06-28,2011,24,24,24,0,2011-06-27 16:00:00+00:00,,,0,False,False,0,False,False,False,NO_ELIGIBLE_VINTAGE,UNAVAILABLE
2011-06-29,2011,24,24,24,0,2011-06-28 16:00:00+00:00,,,0,False,False,0,False,False,False,NO_ELIGIBLE_VINTAGE,UNAVAILABLE
2011-06-30,2011,24,24,24,0,2011-06-29 16:00:00+00:00,,,0,False,False,0,False,False,False,NO_ELIGIBLE_VINTAGE,UNAVAILABLE
2011-07-01,2011,24,24,24,0,2011-06-30 16:00:00+00:00,,,0,False,False,0,False,False,False,NO_ELIGIBLE_VINTAGE,UNAVAILABLE
2011-07-02,2011,24,24,24,0,2011-07-01 16:00:00+00:00,,,0,False,False,0,False,False,False,NO_ELIGIBLE_VINTAGE,UNAVAILABLE
2011-07-03,2011,24,24,24,0,2011-07-02 16:00:00+00:00,,,0,False,False,0,False,False,False,NO_ELIGIBLE_VINTAGE,UNAVAILABLE
2011-07-04,2011,24,24,24,0,2011-07-03 16:00:00+00:00,,,0,False,False,0,False,False,False,NO_ELIGIBLE_VINTAGE,UNAVAILABLE
2011-07-05,2011,24,24,24,0,2011-07-04 16:00:00+00:00,,,0,False,False,0,False,False,False,NO_ELIGIBLE_VINTAGE,UNAVAILABLE
2011-07-06,2011,24,24,24,0,2011-07-05 16:00:00+00:00,,,0,False,False,0,False,False,False,NO_ELIGIBLE_VINTAGE,UNAVAILABLE
2011-07-07,2011,24,24,24,0,2011-07-06 16:00:00+00:00,,,0,False,False,0,False,False,False,NO_ELIGIBLE_VINTAGE,UNAVAILABLE
2011-07-08,2011,24,24,24,0,2011-07-07 16:00:00+00:00,,,0,False,False,0,False,False,False,NO_ELIGIBLE_VINTAGE,UNAVAILABLE
2011-07-09,2011,24,24,24,0,2011-07-08 16:00:00+00:00,,,0,False,False,0,False,False,False,NO_ELIGIBLE_VINTAGE,UNAVAILABLE
2011-07-10,2011,24,24,24,0,2011-07-09 16:00:00+00:00,,,0,False,False,0,False,False,False,NO_ELIGIBLE_VINTAGE,UNAVAILABLE
2011-07-11,2011,24,24,24,0,2011-07-10 16:00:00+00:00,,,0,False,False,0,False,False,False,NO_ELIGIBLE_VINTAGE,UNAVAILABLE
2011-07-12,2011,24,24,24,0,2011-07-11 16:00:00+00:00,,,0,False,False,0,False,False,False,NO_ELIGIBLE_VINTAGE,UNAVAILABLE
2011-07-13,2011,24,24,24,0,2011-07-12 16:00:00+00:00,,,0,False,False,0,False,False,False,NO_ELIGIBLE_VINTAGE,UNAVAILABLE
2011-07-14,2011,24,24,24,0,2011-07-13 16:00:00+00:00,,,0,False,False,0,False,False,False,NO_ELIGIBLE_VINTAGE,UNAVAILABLE
2011-07-15,2011,24,24,24,0,2011-07-14 16:00:00+00:00,,,0,False,False,0,False,False,False,NO_ELIGIBLE_VINTAGE,UNAVAILABLE
2011-07-16,2011,24,24,24,0,2011-07-15 16:00:00+00:00,,,0,False,False,0,False,False,False,NO_ELIGIBLE_VINTAGE,UNAVAILABLE
2011-07-17,2011,24,24,24,0,2011-07-16 16:00:00+00:00,,,0,False,False,0,False,False,False,NO_ELIGIBLE_VINTAGE,UNAVAILABLE
2011-07-18,2011,24,24,24,0,2011-07-17 16:00:00+00:00,,,0,False,False,0,False,False,False,NO_ELIGIBLE_VINTAGE,UNAVAILABLE
2011-07-19,2011,24,24,24,0,2011-07-18 16:00:00+00:00,,,0,False,False,0,False,False,False,NO_ELIGIBLE_VINTAGE,UNAVAILABLE
2011-07-20,2011,24,24,24,0,2011-07-19 16:00:00+00:00,,,0,False,False,0,False,False,False,NO_ELIGIBLE_VINTAGE,UNAVAILABLE
2011-07-21,2011,24,24,24,0,2011-07-20 16:00:00+00:00,,,0,False,False,0,False,False,False,NO_ELIGIBLE_VINTAGE,UNAVAILABLE
2011-07-22,2011,24,24,24,0,2011-07-21 16:00:00+00:00,,,0,False,False,0,False,False,False,NO_ELIGIBLE_VINTAGE,UNAVAILABLE
2011-07-23,2011,24,24,24,0,2011-07-22 16:00:00+00:00,,,0,False,False,0,False,False,False,NO_ELIGIBLE_VINTAGE,UNAVAILABLE
2011-07-24,2011,24,24,24,0,2011-07-23 16:00:00+00:00,,,0,False,False,0,False,False,False,NO_ELIGIBLE_VINTAGE,UNAVAILABLE
2011-07-25,2011,24,24,24,0,2011-07-24 16:00:00+00:00,,,0,False,False,0,False,False,False,NO_ELIGIBLE_VINTAGE,UNAVAILABLE
2011-07-26,2011,24,24,24,0,2011-07-25 16:00:00+00:00,,,0,False,False,0,False,False,False,NO_ELIGIBLE_VINTAGE,UNAVAILABLE
2011-07-27,2011,24,24,24,0,2011-07-26 16:00:00+00:00,,,0,False,False,0,False,False,False,NO_ELIGIBLE_VINTAGE,UNAVAILABLE
2011-07-28,2011,24,24,24,0,2011-07-27 16:00:00+00:00,,,0,False,False,0,False,False,False,NO_ELIGIBLE_VINTAGE,UNAVAILABLE
2011-07-29,2011,24,24,24,0,2011-07-28 16:00:00+00:00,,,0,False,False,0,False,False,False,NO_ELIGIBLE_VINTAGE,UNAVAILABLE
2011-07-30,2011,24,24,24,0,2011-07-29 16:00:00+00:00,,,0,False,False,0,False,False,False,NO_ELIGIBLE_VINTAGE,UNAVAILABLE
2011-07-31,2011,24,24,24,0,2011-07-30 16:00:00+00:00,,,0,False,False,0,False,False,False,NO_ELIGIBLE_VINTAGE,UNAVAILABLE
2011-08-01,2011,24,24,24,0,2011-07-31 16:00:00+00:00,,,0,False,False,0,False,False,False,NO_ELIGIBLE_VINTAGE,UNAVAILABLE
2011-08-02,2011,24,24,24,0,2011-08-01 16:00:00+00:00,,,0,False,False,0,False,False,False,NO_ELIGIBLE_VINTAGE,UNAVAILABLE
2011-08-03,2011,24,24,24,0,2011-08-02 16:00:00+00:00,,,0,False,False,0,False,False,False,NO_ELIGIBLE_VINTAGE,UNAVAILABLE
2011-08-04,2011,24,24,24,0,2011-08-03 16:00:00+00:00,,,0,False,False,0,False,False,False,NO_ELIGIBLE_VINTAGE,UNAVAILABLE
2011-08-05,2011,24,24,24,0,2011-08-04 16:00:00+00:00,,,0,False,False,0,False,False,False,NO_ELIGIBLE_VINTAGE,UNAVAILABLE
2011-08-06,2011,24,24,24,0,2011-08-05 16:00:00+00:00,,,0,False,False,0,False,False,False,NO_ELIGIBLE_VINTAGE,UNAVAILABLE
2011-08-07,2011,24,24,24,0,2011-08-06 16:00:00+00:00,,,0,False,False,0,False,False,False,NO_ELIGIBLE_VINTAGE,UNAVAILABLE
2011-08-08,2011,24,24,24,0,2011-08-07 16:00:00+00:00,,,0,False,False,0,False,False,False,NO_ELIGIBLE_VINTAGE,UNAVAILABLE
2011-08-09,2011,24,24,24,0,2011-08-08 16:00:00+00:00,,,0,False,False,0,False,False,False,NO_ELIGIBLE_VINTAGE,UNAVAILABLE
2011-08-10,2011,24,24,24,0,2011-08-09 16:00:00+00:00,,,0,False,False,0,False,False,False,NO_ELIGIBLE_VINTAGE,UNAVAILABLE
2011-08-11,2011,24,24,24,0,2011-08-10 16:00:00+00:00,,,0,False,False,0,False,False,False,NO_ELIGIBLE_VINTAGE,UNAVAILABLE
2011-08-12,2011,24,24,24,0,2011-08-11 16:00:00+00:00,,,0,False,False,0,False,False,False,NO_ELIGIBLE_VINTAGE,UNAVAILABLE
2011-08-13,2011,24,24,24,0,2011-08-12 16:00:00+00:00,,,0,False,False,0,False,False,False,NO_ELIGIBLE_VINTAGE,UNAVAILABLE
2011-08-14,2011,24,24,24,0,2011-08-13 16:00:00+00:00,,,0,False,False,0,False,False,False,NO_ELIGIBLE_VINTAGE,UNAVAILABLE
2011-08-15,2011,24,24,24,0,2011-08-14 16:00:00+00:00,,,0,False,False,0,False,False,False,NO_ELIGIBLE_VINTAGE,UNAVAILABLE
2011-08-16,2011,24,24,24,0,2011-08-15 16:00:00+00:00,,,0,False,False,0,False,False,False,NO_ELIGIBLE_VINTAGE,UNAVAILABLE
2011-08-17,2011,24,24,24,0,2011-08-16 16:00:00+00:00,,,0,False,False,0,False,False,False,NO_ELIGIBLE_VINTAGE,UNAVAILABLE
2011-08-18,2011,24,24,24,0,2011-08-17 16:00:00+00:00,,,0,False,False,0,False,False,False,NO_ELIGIBLE_VINTAGE,UNAVAILABLE
2011-08-19,2011,24,24,24,0,2011-08-18 16:00:00+00:00,,,0,False,False,0,False,False,False,NO_ELIGIBLE_VINTAGE,UNAVAILABLE
2011-08-20,2011,24,24,24,0,2011-08-19 16:00:00+00:00,,,0,False,False,0,False,False,False,NO_ELIGIBLE_VINTAGE,UNAVAILABLE
2011-08-21,2011,24,24,24,0,2011-08-20 16:00:00+00:00,,,0,False,False,0,False,False,False,NO_ELIGIBLE_VINTAGE,UNAVAILABLE
2011-08-22,2011,24,24,24,0,2011-08-21 16:00:00+00:00,,,0,False,False,0,False,False,False,NO_ELIGIBLE_VINTAGE,UNAVAILABLE
2011-08-23,2011,24,24,24,0,2011-08-22 16:00:00+00:00,,,0,False,False,0,False,False,False,NO_ELIGIBLE_VINTAGE,UNAVAILABLE
2011-08-24,2011,24,24,24,0,2011-08-23 16:00:00+00:00,,,0,False,False,0,False,False,False,NO_ELIGIBLE_VINTAGE,UNAVAILABLE
2011-08-25,2011,24,24,24,0,2011-08-24 16:00:00+00:00,,,0,False,False,0,False,False,False,NO_ELIGIBLE_VINTAGE,UNAVAILABLE
2011-08-26,2011,24,24,24,0,2011-08-25 16:00:00+00:00,,,0,False,False,0,False,False,False,NO_ELIGIBLE_VINTAGE,UNAVAILABLE
2011-08-27,2011,24,24,24,0,2011-08-26 16:00:00+00:00,,,0,False,False,0,False,False,False,NO_ELIGIBLE_VINTAGE,UNAVAILABLE
2011-08-28,2011,24,24,24,0,2011-08-27 16:00:00+00:00,,,0,False,False,0,False,False,False,NO_ELIGIBLE_VINTAGE,UNAVAILABLE
2011-08-29,2011,24,24,24,0,2011-08-28 16:00:00+00:00,,,0,False,False,0,False,False,False,NO_ELIGIBLE_VINTAGE,UNAVAILABLE
2011-08-30,2011,24,24,24,0,2011-08-29 16:00:00+00:00,,,0,False,False,0,False,False,False,NO_ELIGIBLE_VINTAGE,UNAVAILABLE
2011-08-31,2011,24,24,24,0,2011-08-30 16:00:00+00:00,,,0,False,False,0,False,False,False,NO_ELIGIBLE_VINTAGE,UNAVAILABLE
2011-09-01,2011,24,24,24,0,2011-08-31 16:00:00+00:00,,,0,False,False,0,False,False,False,NO_ELIGIBLE_VINTAGE,UNAVAILABLE
2011-09-02,2011,24,24,24,0,2011-09-01 16:00:00+00:00,,,0,False,False,0,False,False,False,NO_ELIGIBLE_VINTAGE,UNAVAILABLE
2011-09-03,2011,24,24,24,0,2011-09-02 16:00:00+00:00,,,0,False,False,0,False,False,False,NO_ELIGIBLE_VINTAGE,UNAVAILABLE
2011-09-04,2011,24,24,24,0,2011-09-03 16:00:00+00:00,,,0,False,False,0,False,False,False,NO_ELIGIBLE_VINTAGE,UNAVAILABLE
2011-09-05,2011,24,24,24,0,2011-09-04 16:00:00+00:00,,,0,False,False,0,False,False,False,NO_ELIGIBLE_VINTAGE,UNAVAILABLE
2011-09-06,2011,24,24,24,0,2011-09-05 16:00:00+00:00,,,0,False,False,0,False,False,False,NO_ELIGIBLE_VINTAGE,UNAVAILABLE
2011-09-07,2011,24,24,24,0,2011-09-06 16:00:00+00:00,,,0,False,False,0,False,False,False,NO_ELIGIBLE_VINTAGE,UNAVAILABLE
2011-09-08,2011,24,24,24,0,2011-09-07 16:00:00+00:00,,,0,False,False,0,False,False,False,NO_ELIGIBLE_VINTAGE,UNAVAILABLE
2011-09-09,2011,24,24,24,0,2011-09-08 16:00:00+00:00,,,0,False,False,0,False,False,False,NO_ELIGIBLE_VINTAGE,UNAVAILABLE
2011-09-10,2011,24,24,24,0,2011-09-09 16:00:00+00:00,,,0,False,False,0,False,False,False,NO_ELIGIBLE_VINTAGE,UNAVAILABLE
2011-09-11,2011,24,24,24,0,2011-09-10 16:00:00+00:00,,,0,False,False,0,False,False,False,NO_ELIGIBLE_VINTAGE,UNAVAILABLE
2011-09-12,2011,24,24,24,0,2011-09-11 16:00:00+00:00,,,0,False,False,0,False,False,False,NO_ELIGIBLE_VINTAGE,UNAVAILABLE
2011-09-13,2011,24,24,24,0,2011-09-12 16:00:00+00:00,,,0,False,False,0,False,False,False,NO_ELIGIBLE_VINTAGE,UNAVAILABLE
2011-09-14,2011,24,24,24,0,2011-09-13 16:00:00+00:00,,,0,False,False,0,False,False,False,NO_ELIGIBLE_VINTAGE,UNAVAILABLE
2011-09-15,2011,24,24,24,0,2011-09-14 16:00:00+00:00,,,0,False,False,0,False,False,False,NO_ELIGIBLE_VINTAGE,UNAVAILABLE
2011-09-16,2011,24,24,24,0,2011-09-15 16:00:00+00:00,,,0,False,False,0,False,False,False,NO_ELIGIBLE_VINTAGE,UNAVAILABLE
2011-09-17,2011,24,24,24,0,2011-09-16 16:00:00+00:00,,,0,False,False,0,False,False,False,NO_ELIGIBLE_VINTAGE,UNAVAILABLE
2011-09-18,2011,24,24,24,0,2011-09-17 16:00:00+00:00,,,0,False,False,0,False,False,False,NO_ELIGIBLE_VINTAGE,UNAVAILABLE
2011-09-19,2011,24,24,24,0,2011-09-18 16:00:00+00:00,,,0,False,False,0,False,False,False,NO_ELIGIBLE_VINTAGE,UNAVAILABLE
2011-09-20,2011,24,24,24,0,2011-09-19 16:00:00+00:00,,,0,False,False,0,False,False,False,NO_ELIGIBLE_VINTAGE,UNAVAILABLE
2011-09-21,2011,24,24,24,0,2011-09-20 16:00:00+00:00,,,0,False,False,0,False,False,False,NO_ELIGIBLE_VINTAGE,UNAVAILABLE
2011-09-22,2011,24,24,24,0,2011-09-21 16:00:00+00:00,,,0,False,False,0,False,False,False,NO_ELIGIBLE_VINTAGE,UNAVAILABLE
2011-09-23,2011,24,24,24,0,2011-09-22 16:00:00+00:00,,,0,False,False,0,False,False,False,NO_ELIGIBLE_VINTAGE,UNAVAILABLE
2011-09-24,2011,24,24,24,0,2011-09-23 16:00:00+00:00,,,0,False,False,0,False,False,False,NO_ELIGIBLE_VINTAGE,UNAVAILABLE
2011-09-25,2011,24,24,24,0,2011-09-24 16:00:00+00:00,,,0,False,False,0,False,False,False,NO_ELIGIBLE_VINTAGE,UNAVAILABLE
2011-09-26,2011,24,24,24,0,2011-09-25 16:00:00+00:00,,,0,False,False,0,False,False,False,NO_ELIGIBLE_VINTAGE,UNAVAILABLE
2011-09-27,2011,24,24,24,0,2011-09-26 16:00:00+00:00,,,0,False,False,0,False,False,False,NO_ELIGIBLE_VINTAGE,UNAVAILABLE
2011-09-28,2011,24,24,24,0,2011-09-27 16:00:00+00:00,,,0,False,False,0,False,False,False,NO_ELIGIBLE_VINTAGE,UNAVAILABLE
2011-09-29,2011,24,24,24,0,2011-09-28 16:00:00+00:00,,,0,False,False,0,False,False,False,NO_ELIGIBLE_VINTAGE,UNAVAILABLE
2011-09-30,2011,24,24,24,0,2011-09-29 16:00:00+00:00,,,0,False,False,0,False,False,False,NO_ELIGIBLE_VINTAGE,UNAVAILABLE
2011-10-01,2011,24,24,24,0,2011-09-30 16:00:00+00:00,,,0,False,False,0,False,False,False,NO_ELIGIBLE_VINTAGE,UNAVAILABLE
2011-10-02,2011,24,24,24,0,2011-10-01 16:00:00+00:00,,,0,False,False,0,False,False,False,NO_ELIGIBLE_VINTAGE,UNAVAILABLE
2011-10-03,2011,24,24,24,0,2011-10-02 16:00:00+00:00,,,0,False,False,0,False,False,False,NO_ELIGIBLE_VINTAGE,UNAVAILABLE
2011-10-04,2011,24,24,24,0,2011-10-03 16:00:00+00:00,,,0,False,False,0,False,False,False,NO_ELIGIBLE_VINTAGE,UNAVAILABLE
2011-10-05,2011,24,24,24,0,2011-10-04 16:00:00+00:00,,,0,False,False,0,False,False,False,NO_ELIGIBLE_VINTAGE,UNAVAILABLE
2011-10-06,2011,24,24,24,0,2011-10-05 16:00:00+00:00,,,0,False,False,0,False,False,False,NO_ELIGIBLE_VINTAGE,UNAVAILABLE
2011-10-07,2011,24,24,24,0,2011-10-06 16:00:00+00:00,,,0,False,False,0,False,False,False,NO_ELIGIBLE_VINTAGE,UNAVAILABLE
2011-10-08,2011,24,24,24,0,2011-10-07 16:00:00+00:00,,,0,False,False,0,False,False,False,NO_ELIGIBLE_VINTAGE,UNAVAILABLE
2011-10-09,2011,24,24,24,0,2011-10-08 16:00:00+00:00,,,0,False,False,0,False,False,False,NO_ELIGIBLE_VINTAGE,UNAVAILABLE
2011-10-10,2011,24,24,24,0,2011-10-09 16:00:00+00:00,,,0,False,False,0,False,False,False,NO_ELIGIBLE_VINTAGE,UNAVAILABLE
2011-10-11,2011,24,24,24,0,2011-10-10 16:00:00+00:00,,,0,False,False,0,False,False,False,NO_ELIGIBLE_VINTAGE,UNAVAILABLE
2011-10-12,2011,24,24,24,0,2011-10-11 16:00:00+00:00,,,0,False,False,0,False,False,False,NO_ELIGIBLE_VINTAGE,UNAVAILABLE
2011-10-13,2011,24,24,24,0,2011-10-12 16:00:00+00:00,,,0,False,False,0,False,False,False,NO_ELIGIBLE_VINTAGE,UNAVAILABLE
2011-10-14,2011,24,24,24,0,2011-10-13 16:00:00+00:00,,,0,False,False,0,False,False,False,NO_ELIGIBLE_VINTAGE,UNAVAILABLE
2011-10-15,2011,24,24,24,0,2011-10-14 16:00:00+00:00,,,0,False,False,0,False,False,False,NO_ELIGIBLE_VINTAGE,UNAVAILABLE
2011-10-16,2011,24,24,24,0,2011-10-15 16:00:00+00:00,,,0,False,False,0,False,False,False,NO_ELIGIBLE_VINTAGE,UNAVAILABLE
2011-10-17,2011,24,24,24,0,2011-10-16 16:00:00+00:00,,,0,False,False,0,False,False,False,NO_ELIGIBLE_VINTAGE,UNAVAILABLE
2011-10-18,2011,24,24,24,0,2011-10-17 16:00:00+00:00,,,0,False,False,0,False,False,False,NO_ELIGIBLE_VINTAGE,UNAVAILABLE
2011-10-19,2011,24,24,24,0,2011-10-18 16:00:00+00:00,,,0,False,False,0,False,False,False,NO_ELIGIBLE_VINTAGE,UNAVAILABLE
2011-10-20,2011,24,24,24,0,2011-10-19 16:00:00+00:00,,,0,False,False,0,False,False,False,NO_ELIGIBLE_VINTAGE,UNAVAILABLE
2011-10-21,2011,24,24,24,0,2011-10-20 16:00:00+00:00,,,0,False,False,0,False,False,False,NO_ELIGIBLE_VINTAGE,UNAVAILABLE
2011-10-22,2011,24,24,24,0,2011-10-21 16:00:00+00:00,,,0,False,False,0,False,False,False,NO_ELIGIBLE_VINTAGE,UNAVAILABLE
2011-10-23,2011,24,24,24,0,2011-10-22 16:00:00+00:00,,,0,False,False,0,False,False,False,NO_ELIGIBLE_VINTAGE,UNAVAILABLE
2011-10-24,2011,24,24,24,0,2011-10-23 16:00:00+00:00,,,0,False,False,0,False,False,False,NO_ELIGIBLE_VINTAGE,UNAVAILABLE
2011-10-25,2011,24,24,24,0,2011-10-24 16:00:00+00:00,,,0,False,False,0,False,False,False,NO_ELIGIBLE_VINTAGE,UNAVAILABLE
2011-10-26,2011,24,24,24,0,2011-10-25 16:00:00+00:00,,,0,False,False,0,False,False,False,NO_ELIGIBLE_VINTAGE,UNAVAILABLE
2011-10-27,2011,24,24,24,0,2011-10-26 16:00:00+00:00,,,0,False,False,0,False,False,False,NO_ELIGIBLE_VINTAGE,UNAVAILABLE
2011-10-28,2011,24,24,24,0,2011-10-27 16:00:00+00:00,,,0,False,False,0,False,False,False,NO_ELIGIBLE_VINTAGE,UNAVAILABLE
2011-10-29,2011,24,24,24,0,2011-10-28 16:00:00+00:00,,,0,False,False,0,False,False,False,NO_ELIGIBLE_VINTAGE,UNAVAILABLE
2011-10-30,2011,24,24,24,0,2011-10-29 16:00:00+00:00,,,0,False,False,0,False,False,False,NO_ELIGIBLE_VINTAGE,UNAVAILABLE
2011-10-31,2011,24,24,24,0,2011-10-30 16:00:00+00:00,,,0,False,False,0,False,False,False,NO_ELIGIBLE_VINTAGE,UNAVAILABLE
2011-11-01,2011,24,24,24,0,2011-10-31 16:00:00+00:00,,,0,False,False,0,False,False,False,NO_ELIGIBLE_VINTAGE,UNAVAILABLE
2011-11-02,2011,24,24,24,0,2011-11-01 16:00:00+00:00,,,0,False,False,0,False,False,False,NO_ELIGIBLE_VINTAGE,UNAVAILABLE
2011-11-03,2011,24,24,24,0,2011-11-02 16:00:00+00:00,,,0,False,False,0,False,False,False,NO_ELIGIBLE_VINTAGE,UNAVAILABLE
2011-11-04,2011,24,24,24,0,2011-11-03 16:00:00+00:00,,,0,False,False,0,False,False,False,NO_ELIGIBLE_VINTAGE,UNAVAILABLE
2011-11-05,2011,24,24,24,0,2011-11-04 16:00:00+00:00,,,0,False,False,0,False,False,False,NO_ELIGIBLE_VINTAGE,UNAVAILABLE
2011-11-06,2011,25,25,25,0,2011-11-05 16:00:00+00:00,,,0,False,False,0,False,False,False,NO_ELIGIBLE_VINTAGE,UNAVAILABLE
2011-11-07,2011,24,24,24,0,2011-11-06 17:00:00+00:00,,,0,False,False,0,False,False,False,NO_ELIGIBLE_VINTAGE,UNAVAILABLE
2011-11-08,2011,24,24,24,0,2011-11-07 17:00:00+00:00,,,0,False,False,0,False,False,False,NO_ELIGIBLE_VINTAGE,UNAVAILABLE
2011-11-09,2011,24,24,24,0,2011-11-08 17:00:00+00:00,,,0,False,False,0,False,False,False,NO_ELIGIBLE_VINTAGE,UNAVAILABLE
2011-11-10,2011,24,24,24,0,2011-11-09 17:00:00+00:00,,,0,False,False,0,False,False,False,NO_ELIGIBLE_VINTAGE,UNAVAILABLE
2011-11-11,2011,24,24,24,0,2011-11-10 17:00:00+00:00,,,0,False,False,0,False,False,False,NO_ELIGIBLE_VINTAGE,UNAVAILABLE
2011-11-12,2011,24,24,24,0,2011-11-11 17:00:00+00:00,,,0,False,False,0,False,False,False,NO_ELIGIBLE_VINTAGE,UNAVAILABLE
2011-11-13,2011,24,24,24,0,2011-11-12 17:00:00+00:00,,,0,False,False,0,False,False,False,NO_ELIGIBLE_VINTAGE,UNAVAILABLE
2011-11-14,2011,24,24,24,0,2011-11-13 17:00:00+00:00,,,0,False,False,0,False,False,False,NO_ELIGIBLE_VINTAGE,UNAVAILABLE
2011-11-15,2011,24,24,24,0,2011-11-14 17:00:00+00:00,,,0,False,False,0,False,False,False,NO_ELIGIBLE_VINTAGE,UNAVAILABLE
2011-11-16,2011,24,24,24,0,2011-11-15 17:00:00+00:00,,,0,False,False,0,False,False,False,NO_ELIGIBLE_VINTAGE,UNAVAILABLE
2011-11-17,2011,24,24,24,0,2011-11-16 17:00:00+00:00,,,0,False,False,0,False,False,False,NO_ELIGIBLE_VINTAGE,UNAVAILABLE
2011-11-18,2011,24,24,24,0,2011-11-17 17:00:00+00:00,,,0,False,False,0,False,False,False,NO_ELIGIBLE_VINTAGE,UNAVAILABLE
2011-11-19,2011,24,24,24,0,2011-11-18 17:00:00+00:00,,,0,False,False,0,False,False,False,NO_ELIGIBLE_VINTAGE,UNAVAILABLE
2011-11-20,2011,24,24,24,0,2011-11-19 17:00:00+00:00,,,0,False,False,0,False,False,False,NO_ELIGIBLE_VINTAGE,UNAVAILABLE
2011-11-21,2011,24,24,24,0,2011-11-20 17:00:00+00:00,,,0,False,False,0,False,False,False,NO_ELIGIBLE_VINTAGE,UNAVAILABLE
2011-11-22,2011,24,24,24,0,2011-11-21 17:00:00+00:00,,,0,False,False,0,False,False,False,NO_ELIGIBLE_VINTAGE,UNAVAILABLE
2011-11-23,2011,24,24,24,0,2011-11-22 17:00:00+00:00,,,0,False,False,0,False,False,False,NO_ELIGIBLE_VINTAGE,UNAVAILABLE
2011-11-24,2011,24,24,24,0,2011-11-23 17:00:00+00:00,,,0,False,False,0,False,False,False,NO_ELIGIBLE_VINTAGE,UNAVAILABLE
2011-11-25,2011,24,24,24,0,2011-11-24 17:00:00+00:00,,,0,False,False,0,False,False,False,NO_ELIGIBLE_VINTAGE,UNAVAILABLE
2011-11-26,2011,24,24,24,0,2011-11-25 17:00:00+00:00,,,0,False,False,0,False,False,False,NO_ELIGIBLE_VINTAGE,UNAVAILABLE
2011-11-27,2011,24,24,24,0,2011-11-26 17:00:00+00:00,,,0,False,False,0,False,False,False,NO_ELIGIBLE_VINTAGE,UNAVAILABLE
2011-11-28,2011,24,24,24,0,2011-11-27 17:00:00+00:00,,,0,False,False,0,False,False,False,NO_ELIGIBLE_VINTAGE,UNAVAILABLE
2011-11-29,2011,24,24,24,0,2011-11-28 17:00:00+00:00,,,0,False,False,0,False,False,False,NO_ELIGIBLE_VINTAGE,UNAVAILABLE
2011-11-30,2011,24,24,24,0,2011-11-29 17:00:00+00:00,,,0,False,False,0,False,False,False,NO_ELIGIBLE_VINTAGE,UNAVAILABLE
2011-12-01,2011,24,24,24,0,2011-11-30 17:00:00+00:00,,,0,False,False,0,False,False,False,NO_ELIGIBLE_VINTAGE,UNAVAILABLE
2011-12-02,2011,24,24,24,0,2011-12-01 17:00:00+00:00,,,0,False,False,0,False,False,False,NO_ELIGIBLE_VINTAGE,UNAVAILABLE
2011-12-03,2011,24,24,24,0,2011-12-02 17:00:00+00:00,,,0,False,False,0,False,False,False,NO_ELIGIBLE_VINTAGE,UNAVAILABLE
2011-12-04,2011,24,24,24,0,2011-12-03 17:00:00+00:00,,,0,False,False,0,False,False,False,NO_ELIGIBLE_VINTAGE,UNAVAILABLE
2011-12-05,2011,24,24,24,0,2011-12-04 17:00:00+00:00,,,0,False,False,0,False,False,False,NO_ELIGIBLE_VINTAGE,UNAVAILABLE
2011-12-06,2011,24,24,24,0,2011-12-05 17:00:00+00:00,,,0,False,False,0,False,False,False,NO_ELIGIBLE_VINTAGE,UNAVAILABLE
2011-12-07,2011,24,24,24,0,2011-12-06 17:00:00+00:00,,,0,False,False,0,False,False,False,NO_ELIGIBLE_VINTAGE,UNAVAILABLE
2011-12-08,2011,24,24,24,0,2011-12-07 17:00:00+00:00,,,0,False,False,0,False,False,False,NO_ELIGIBLE_VINTAGE,UNAVAILABLE
2011-12-09,2011,24,24,24,0,2011-12-08 17:00:00+00:00,,,0,False,False,0,False,False,False,NO_ELIGIBLE_VINTAGE,UNAVAILABLE
2011-12-10,2011,24,24,24,0,2011-12-09 17:00:00+00:00,,,0,False,False,0,False,False,False,NO_ELIGIBLE_VINTAGE,UNAVAILABLE
2011-12-11,2011,24,24,24,0,2011-12-10 17:00:00+00:00,,,0,False,False,0,False,False,False,NO_ELIGIBLE_VINTAGE,UNAVAILABLE
2011-12-12,2011,24,24,24,0,2011-12-11 17:00:00+00:00,,,0,False,False,0,False,False,False,NO_ELIGIBLE_VINTAGE,UNAVAILABLE
2011-12-13,2011,24,24,24,0,2011-12-12 17:00:00+00:00,,,0,False,False,0,False,False,False,NO_ELIGIBLE_VINTAGE,UNAVAILABLE
2011-12-14,2011,24,24,24,0,2011-12-13 17:00:00+00:00,,,0,False,False,0,False,False,False,NO_ELIGIBLE_VINTAGE,UNAVAILABLE
2011-12-15,2011,24,24,24,0,2011-12-14 17:00:00+00:00,,,0,False,False,0,False,False,False,NO_ELIGIBLE_VINTAGE,UNAVAILABLE
2011-12-16,2011,24,24,24,0,2011-12-15 17:00:00+00:00,,,0,False,False,0,False,False,False,NO_ELIGIBLE_VINTAGE,UNAVAILABLE
2011-12-17,2011,24,24,24,0,2011-12-16 17:00:00+00:00,,,0,False,False,0,False,False,False,NO_ELIGIBLE_VINTAGE,UNAVAILABLE
2011-12-18,2011,24,24,24,0,2011-12-17 17:00:00+00:00,,,0,False,False,0,False,False,False,NO_ELIGIBLE_VINTAGE,UNAVAILABLE
2011-12-19,2011,24,24,24,0,2011-12-18 17:00:00+00:00,,,0,False,False,0,False,False,False,NO_ELIGIBLE_VINTAGE,UNAVAILABLE
2011-12-20,2011,24,24,24,0,2011-12-19 17:00:00+00:00,,,0,False,False,0,False,False,False,NO_ELIGIBLE_VINTAGE,UNAVAILABLE
2011-12-21,2011,24,24,24,0,2011-12-20 17:00:00+00:00,,,0,False,False,0,False,False,False,NO_ELIGIBLE_VINTAGE,UNAVAILABLE
2011-12-22,2011,24,24,24,0,2011-12-21 17:00:00+00:00,,,0,False,False,0,False,False,False,NO_ELIGIBLE_VINTAGE,UNAVAILABLE
2011-12-23,2011,24,24,24,0,2011-12-22 17:00:00+00:00,,,0,False,False,0,False,False,False,NO_ELIGIBLE_VINTAGE,UNAVAILABLE
2011-12-24,2011,24,24,24,0,2011-12-23 17:00:00+00:00,,,0,False,False,0,False,False,False,NO_ELIGIBLE_VINTAGE,UNAVAILABLE
2011-12-25,2011,24,24,24,0,2011-12-24 17:00:00+00:00,,,0,False,False,0,False,False,False,NO_ELIGIBLE_VINTAGE,UNAVAILABLE
2011-12-26,2011,24,24,24,0,2011-12-25 17:00:00+00:00,,,0,False,False,0,False,False,False,NO_ELIGIBLE_VINTAGE,UNAVAILABLE
2011-12-27,2011,24,24,24,0,2011-12-26 17:00:00+00:00,,,0,False,False,0,False,False,False,NO_ELIGIBLE_VINTAGE,UNAVAILABLE
2011-12-28,2011,24,24,24,0,2011-12-27 17:00:00+00:00,,,0,False,False,0,False,False,False,NO_ELIGIBLE_VINTAGE,UNAVAILABLE
2011-12-29,2011,24,24,24,0,2011-12-28 17:00:00+00:00,,,0,False,False,0,False,False,False,NO_ELIGIBLE_VINTAGE,UNAVAILABLE
2011-12-30,2011,24,24,24,0,2011-12-29 17:00:00+00:00,,,0,False,False,0,False,False,False,NO_ELIGIBLE_VINTAGE,UNAVAILABLE
2011-12-31,2011,24,24,24,0,2011-12-30 17:00:00+00:00,,,0,False,False,0,False,False,False,NO_ELIGIBLE_VINTAGE,UNAVAILABLE
2012-01-01,2012,24,24,24,0,2011-12-31 17:00:00+00:00,,,0,False,False,0,False,False,False,NO_ELIGIBLE_VINTAGE,UNAVAILABLE
2012-01-02,2012,24,24,24,0,2012-01-01 17:00:00+00:00,,,0,False,False,0,False,False,False,NO_ELIGIBLE_VINTAGE,UNAVAILABLE
2012-01-03,2012,24,24,24,0,2012-01-02 17:00:00+00:00,,,0,False,False,0,False,False,False,NO_ELIGIBLE_VINTAGE,UNAVAILABLE
2012-01-04,2012,24,24,24,0,2012-01-03 17:00:00+00:00,,,0,False,False,0,False,False,False,NO_ELIGIBLE_VINTAGE,UNAVAILABLE
2012-01-05,2012,24,24,24,0,2012-01-04 17:00:00+00:00,,,0,False,False,0,False,False,False,NO_ELIGIBLE_VINTAGE,UNAVAILABLE
2012-01-06,2012,24,24,24,0,2012-01-05 17:00:00+00:00,,,0,False,False,0,False,False,False,NO_ELIGIBLE_VINTAGE,UNAVAILABLE
2012-01-07,2012,24,24,24,0,2012-01-06 17:00:00+00:00,,,0,False,False,0,False,False,False,NO_ELIGIBLE_VINTAGE,UNAVAILABLE
2012-01-08,2012,24,24,24,0,2012-01-07 17:00:00+00:00,,,0,False,False,0,False,False,False,NO_ELIGIBLE_VINTAGE,UNAVAILABLE
2012-01-09,2012,24,24,24,0,2012-01-08 17:00:00+00:00,,,0,False,False,0,False,False,False,NO_ELIGIBLE_VINTAGE,UNAVAILABLE
2012-01-10,2012,24,24,24,0,2012-01-09 17:00:00+00:00,,,0,False,False,0,False,False,False,NO_ELIGIBLE_VINTAGE,UNAVAILABLE
2012-01-11,2012,24,24,24,0,2012-01-10 17:00:00+00:00,,,0,False,False,0,False,False,False,NO_ELIGIBLE_VINTAGE,UNAVAILABLE
2012-01-12,2012,24,24,24,0,2012-01-11 17:00:00+00:00,,,0,False,False,0,False,False,False,NO_ELIGIBLE_VINTAGE,UNAVAILABLE
2012-01-13,2012,24,24,24,0,2012-01-12 17:00:00+00:00,,,0,False,False,0,False,False,False,NO_ELIGIBLE_VINTAGE,UNAVAILABLE
2012-01-14,2012,24,24,24,0,2012-01-13 17:00:00+00:00,,,0,False,False,0,False,False,False,NO_ELIGIBLE_VINTAGE,UNAVAILABLE
2012-01-15,2012,24,24,24,0,2012-01-14 17:00:00+00:00,,,0,False,False,0,False,False,False,NO_ELIGIBLE_VINTAGE,UNAVAILABLE
2012-01-16,2012,24,24,24,0,2012-01-15 17:00:00+00:00,,,0,False,False,0,False,False,False,NO_ELIGIBLE_VINTAGE,UNAVAILABLE
2012-01-17,2012,24,24,24,0,2012-01-16 17:00:00+00:00,,,0,False,False,0,False,False,False,NO_ELIGIBLE_VINTAGE,UNAVAILABLE
2012-01-18,2012,24,24,24,0,2012-01-17 17:00:00+00:00,,,0,False,False,0,False,False,False,NO_ELIGIBLE_VINTAGE,UNAVAILABLE
2012-01-19,2012,24,24,24,0,2012-01-18 17:00:00+00:00,,,0,False,False,0,False,False,False,NO_ELIGIBLE_VINTAGE,UNAVAILABLE
2012-01-20,2012,24,24,24,0,2012-01-19 17:00:00+00:00,,,0,False,False,0,False,False,False,NO_ELIGIBLE_VINTAGE,UNAVAILABLE
2012-01-21,2012,24,24,24,0,2012-01-20 17:00:00+00:00,,,0,False,False,0,False,False,False,NO_ELIGIBLE_VINTAGE,UNAVAILABLE
2012-01-22,2012,24,24,24,0,2012-01-21 17:00:00+00:00,,,0,False,False,0,False,False,False,NO_ELIGIBLE_VINTAGE,UNAVAILABLE
2012-01-23,2012,24,24,24,0,2012-01-22 17:00:00+00:00,,,0,False,False,0,False,False,False,NO_ELIGIBLE_VINTAGE,UNAVAILABLE
2012-01-24,2012,24,24,24,0,2012-01-23 17:00:00+00:00,,,0,False,False,0,False,False,False,NO_ELIGIBLE_VINTAGE,UNAVAILABLE
2012-01-25,2012,24,24,24,0,2012-01-24 17:00:00+00:00,,,0,False,False,0,False,False,False,NO_ELIGIBLE_VINTAGE,UNAVAILABLE
2012-01-26,2012,24,24,24,0,2012-01-25 17:00:00+00:00,,,0,False,False,0,False,False,False,NO_ELIGIBLE_VINTAGE,UNAVAILABLE
2012-01-27,2012,24,24,24,0,2012-01-26 17:00:00+00:00,,,0,False,False,0,False,False,False,NO_ELIGIBLE_VINTAGE,UNAVAILABLE
2012-01-28,2012,24,24,24,0,2012-01-27 17:00:00+00:00,,,0,False,False,0,False,False,False,NO_ELIGIBLE_VINTAGE,UNAVAILABLE
2012-01-29,2012,24,24,24,0,2012-01-28 17:00:00+00:00,,,0,False,False,0,False,False,False,NO_ELIGIBLE_VINTAGE,UNAVAILABLE
2012-01-30,2012,24,24,24,0,2012-01-29 17:00:00+00:00,,,0,False,False,0,False,False,False,NO_ELIGIBLE_VINTAGE,UNAVAILABLE
2012-01-31,2012,24,24,24,0,2012-01-30 17:00:00+00:00,,,0,False,False,0,False,False,False,NO_ELIGIBLE_VINTAGE,UNAVAILABLE
2012-02-01,2012,24,24,24,0,2012-01-31 17:00:00+00:00,,,0,False,False,0,False,False,False,NO_ELIGIBLE_VINTAGE,UNAVAILABLE
2012-02-02,2012,24,24,24,0,2012-02-01 17:00:00+00:00,,,0,False,False,0,False,False,False,NO_ELIGIBLE_VINTAGE,UNAVAILABLE
2012-02-03,2012,24,24,24,0,2012-02-02 17:00:00+00:00,,,0,False,False,0,False,False,False,NO_ELIGIBLE_VINTAGE,UNAVAILABLE
2012-02-04,2012,24,24,24,0,2012-02-03 17:00:00+00:00,,,0,False,False,0,False,False,False,NO_ELIGIBLE_VINTAGE,UNAVAILABLE
2012-02-05,2012,24,24,24,0,2012-02-04 17:00:00+00:00,,,0,False,False,0,False,False,False,NO_ELIGIBLE_VINTAGE,UNAVAILABLE
2012-02-06,2012,24,24,24,0,2012-02-05 17:00:00+00:00,,,0,False,False,0,False,False,False,NO_ELIGIBLE_VINTAGE,UNAVAILABLE
2012-02-07,2012,24,24,24,0,2012-02-06 17:00:00+00:00,,,0,False,False,0,False,False,False,NO_ELIGIBLE_VINTAGE,UNAVAILABLE
2012-02-08,2012,24,24,24,0,2012-02-07 17:00:00+00:00,,,0,False,False,0,False,False,False,NO_ELIGIBLE_VINTAGE,UNAVAILABLE
2012-02-09,2012,24,24,24,0,2012-02-08 17:00:00+00:00,,,0,False,False,0,False,False,False,NO_ELIGIBLE_VINTAGE,UNAVAILABLE
2012-02-10,2012,24,24,24,0,2012-02-09 17:00:00+00:00,,,0,False,False,0,False,False,False,NO_ELIGIBLE_VINTAGE,UNAVAILABLE
2012-02-11,2012,24,24,24,0,2012-02-10 17:00:00+00:00,,,0,False,False,0,False,False,False,NO_ELIGIBLE_VINTAGE,UNAVAILABLE
2012-02-12,2012,24,24,24,0,2012-02-11 17:00:00+00:00,,,0,False,False,0,False,False,False,NO_ELIGIBLE_VINTAGE,UNAVAILABLE
2012-02-13,2012,24,24,24,0,2012-02-12 17:00:00+00:00,,,0,False,False,0,False,False,False,NO_ELIGIBLE_VINTAGE,UNAVAILABLE
2012-02-14,2012,24,24,24,0,2012-02-13 17:00:00+00:00,,,0,False,False,0,False,False,False,NO_ELIGIBLE_VINTAGE,UNAVAILABLE
2012-02-15,2012,24,24,24,0,2012-02-14 17:00:00+00:00,,,0,False,False,0,False,False,False,NO_ELIGIBLE_VINTAGE,UNAVAILABLE
2012-02-16,2012,24,24,24,0,2012-02-15 17:00:00+00:00,,,0,False,False,0,False,False,False,NO_ELIGIBLE_VINTAGE,UNAVAILABLE
2012-02-17,2012,24,24,24,0,2012-02-16 17:00:00+00:00,,,0,False,False,0,False,False,False,NO_ELIGIBLE_VINTAGE,UNAVAILABLE
2012-02-18,2012,24,24,24,0,2012-02-17 17:00:00+00:00,,,0,False,False,0,False,False,False,NO_ELIGIBLE_VINTAGE,UNAVAILABLE
2012-02-19,2012,24,24,24,0,2012-02-18 17:00:00+00:00,,,0,False,False,0,False,False,False,NO_ELIGIBLE_VINTAGE,UNAVAILABLE
2012-02-20,2012,24,24,24,0,2012-02-19 17:00:00+00:00,,,0,False,False,0,False,False,False,NO_ELIGIBLE_VINTAGE,UNAVAILABLE
2012-02-21,2012,24,24,24,0,2012-02-20 17:00:00+00:00,,,0,False,False,0,False,False,False,NO_ELIGIBLE_VINTAGE,UNAVAILABLE
2012-02-22,2012,24,24,24,0,2012-02-21 17:00:00+00:00,,,0,False,False,0,False,False,False,NO_ELIGIBLE_VINTAGE,UNAVAILABLE
2012-02-23,2012,24,24,24,0,2012-02-22 17:00:00+00:00,,,0,False,False,0,False,False,False,NO_ELIGIBLE_VINTAGE,UNAVAILABLE
2012-02-24,2012,24,24,24,0,2012-02-23 17:00:00+00:00,,,0,False,False,0,False,False,False,NO_ELIGIBLE_VINTAGE,UNAVAILABLE
2012-02-25,2012,24,24,24,0,2012-02-24 17:00:00+00:00,,,0,False,False,0,False,False,False,NO_ELIGIBLE_VINTAGE,UNAVAILABLE
2012-02-26,2012,24,24,24,0,2012-02-25 17:00:00+00:00,,,0,False,False,0,False,False,False,NO_ELIGIBLE_VINTAGE,UNAVAILABLE
2012-02-27,2012,24,24,24,0,2012-02-26 17:00:00+00:00,,,0,False,False,0,False,False,False,NO_ELIGIBLE_VINTAGE,UNAVAILABLE
2012-02-28,2012,24,24,24,0,2012-02-27 17:00:00+00:00,,,0,False,False,0,False,False,False,NO_ELIGIBLE_VINTAGE,UNAVAILABLE
2012-02-29,2012,24,24,24,0,2012-02-28 17:00:00+00:00,,,0,False,False,0,False,False,False,NO_ELIGIBLE_VINTAGE,UNAVAILABLE
2012-03-01,2012,24,24,24,0,2012-02-29 17:00:00+00:00,,,0,False,False,0,False,False,False,NO_ELIGIBLE_VINTAGE,UNAVAILABLE
2012-03-02,2012,24,24,24,0,2012-03-01 17:00:00+00:00,,,0,False,False,0,False,False,False,NO_ELIGIBLE_VINTAGE,UNAVAILABLE
2012-03-03,2012,24,24,24,0,2012-03-02 17:00:00+00:00,,,0,False,False,0,False,False,False,NO_ELIGIBLE_VINTAGE,UNAVAILABLE
2012-03-04,2012,24,24,24,0,2012-03-03 17:00:00+00:00,,,0,False,False,0,False,False,False,NO_ELIGIBLE_VINTAGE,UNAVAILABLE
2012-03-05,2012,24,24,24,0,2012-03-04 17:00:00+00:00,,,0,False,False,0,False,False,False,NO_ELIGIBLE_VINTAGE,UNAVAILABLE
2012-03-06,2012,24,24,24,0,2012-03-05 17:00:00+00:00,,,0,False,False,0,False,False,False,NO_ELIGIBLE_VINTAGE,UNAVAILABLE
2012-03-07,2012,24,24,24,0,2012-03-06 17:00:00+00:00,,,0,False,False,0,False,False,False,NO_ELIGIBLE_VINTAGE,UNAVAILABLE
2012-03-08,2012,24,24,24,0,2012-03-07 17:00:00+00:00,,,0,False,False,0,False,False,False,NO_ELIGIBLE_VINTAGE,UNAVAILABLE
2012-03-09,2012,24,24,24,0,2012-03-08 17:00:00+00:00,,,0,False,False,0,False,False,False,NO_ELIGIBLE_VINTAGE,UNAVAILABLE
2012-03-10,2012,24,24,24,0,2012-03-09 17:00:00+00:00,,,0,False,False,0,False,False,False,NO_ELIGIBLE_VINTAGE,UNAVAILABLE
2012-03-11,2012,23,23,23,0,2012-03-10 17:00:00+00:00,,,0,False,False,0,False,False,False,NO_ELIGIBLE_VINTAGE,UNAVAILABLE
2012-03-12,2012,24,24,24,0,2012-03-11 16:00:00+00:00,,,0,False,False,0,False,False,False,NO_ELIGIBLE_VINTAGE,UNAVAILABLE
2012-03-13,2012,24,24,24,0,2012-03-12 16:00:00+00:00,,,0,False,False,0,False,False,False,NO_ELIGIBLE_VINTAGE,UNAVAILABLE
2012-03-14,2012,24,24,24,0,2012-03-13 16:00:00+00:00,,,0,False,False,0,False,False,False,NO_ELIGIBLE_VINTAGE,UNAVAILABLE
2012-03-15,2012,24,24,24,0,2012-03-14 16:00:00+00:00,,,0,False,False,0,False,False,False,NO_ELIGIBLE_VINTAGE,UNAVAILABLE
2012-03-16,2012,24,24,24,0,2012-03-15 16:00:00+00:00,,,0,False,False,0,False,False,False,NO_ELIGIBLE_VINTAGE,UNAVAILABLE
2012-03-17,2012,24,24,24,0,2012-03-16 16:00:00+00:00,,,0,False,False,0,False,False,False,NO_ELIGIBLE_VINTAGE,UNAVAILABLE
2012-03-18,2012,24,24,24,0,2012-03-17 16:00:00+00:00,,,0,False,False,0,False,False,False,NO_ELIGIBLE_VINTAGE,UNAVAILABLE
2012-03-19,2012,24,24,24,0,2012-03-18 16:00:00+00:00,,,0,False,False,0,False,False,False,NO_ELIGIBLE_VINTAGE,UNAVAILABLE
2012-03-20,2012,24,24,24,0,2012-03-19 16:00:00+00:00,,,0,False,False,0,False,False,False,NO_ELIGIBLE_VINTAGE,UNAVAILABLE
2012-03-21,2012,24,24,24,0,2012-03-20 16:00:00+00:00,,,0,False,False,0,False,False,False,NO_ELIGIBLE_VINTAGE,UNAVAILABLE
2012-03-22,2012,24,24,24,0,2012-03-21 16:00:00+00:00,,,0,False,False,0,False,False,False,NO_ELIGIBLE_VINTAGE,UNAVAILABLE
2012-03-23,2012,24,24,24,0,2012-03-22 16:00:00+00:00,,,0,False,False,0,False,False,False,NO_ELIGIBLE_VINTAGE,UNAVAILABLE
2012-03-24,2012,24,24,24,0,2012-03-23 16:00:00+00:00,,,0,False,False,0,False,False,False,NO_ELIGIBLE_VINTAGE,UNAVAILABLE
2012-03-25,2012,24,24,24,0,2012-03-24 16:00:00+00:00,,,0,False,False,0,False,False,False,NO_ELIGIBLE_VINTAGE,UNAVAILABLE
2012-03-26,2012,24,24,24,0,2012-03-25 16:00:00+00:00,,,0,False,False,0,False,False,False,NO_ELIGIBLE_VINTAGE,UNAVAILABLE
2012-03-27,2012,24,24,24,0,2012-03-26 16:00:00+00:00,,,0,False,False,0,False,False,False,NO_ELIGIBLE_VINTAGE,UNAVAILABLE
2012-03-28,2012,24,24,24,0,2012-03-27 16:00:00+00:00,,,0,False,False,0,False,False,False,NO_ELIGIBLE_VINTAGE,UNAVAILABLE
2012-03-29,2012,24,24,24,0,2012-03-28 16:00:00+00:00,,,0,False,False,0,False,False,False,NO_ELIGIBLE_VINTAGE,UNAVAILABLE
2012-03-30,2012,24,24,24,0,2012-03-29 16:00:00+00:00,,,0,False,False,0,False,False,False,NO_ELIGIBLE_VINTAGE,UNAVAILABLE
2012-03-31,2012,24,24,24,0,2012-03-30 16:00:00+00:00,,,0,False,False,0,False,False,False,NO_ELIGIBLE_VINTAGE,UNAVAILABLE
2012-04-01,2012,24,24,24,0,2012-03-31 16:00:00+00:00,,,0,False,False,0,False,False,False,NO_ELIGIBLE_VINTAGE,UNAVAILABLE
2012-04-02,2012,24,24,24,0,2012-04-01 16:00:00+00:00,,,0,False,False,0,False,False,False,NO_ELIGIBLE_VINTAGE,UNAVAILABLE
2012-04-03,2012,24,24,24,0,2012-04-02 16:00:00+00:00,,,0,False,False,0,False,False,False,NO_ELIGIBLE_VINTAGE,UNAVAILABLE
2012-04-04,2012,24,24,24,0,2012-04-03 16:00:00+00:00,,,0,False,False,0,False,False,False,NO_ELIGIBLE_VINTAGE,UNAVAILABLE
2012-04-05,2012,24,24,24,0,2012-04-04 16:00:00+00:00,,,0,False,False,0,False,False,False,NO_ELIGIBLE_VINTAGE,UNAVAILABLE
2012-04-06,2012,24,24,24,0,2012-04-05 16:00:00+00:00,,,0,False,False,0,False,False,False,NO_ELIGIBLE_VINTAGE,UNAVAILABLE
2012-04-07,2012,24,24,24,0,2012-04-06 16:00:00+00:00,,,0,False,False,0,False,False,False,NO_ELIGIBLE_VINTAGE,UNAVAILABLE
2012-04-08,2012,24,24,24,0,2012-04-07 16:00:00+00:00,,,0,False,False,0,False,False,False,NO_ELIGIBLE_VINTAGE,UNAVAILABLE
2012-04-09,2012,24,24,24,0,2012-04-08 16:00:00+00:00,,,0,False,False,0,False,False,False,NO_ELIGIBLE_VINTAGE,UNAVAILABLE
2012-04-10,2012,24,24,24,0,2012-04-09 16:00:00+00:00,,,0,False,False,0,False,False,False,NO_ELIGIBLE_VINTAGE,UNAVAILABLE
2012-04-11,2012,24,24,24,0,2012-04-10 16:00:00+00:00,,,0,False,False,0,False,False,False,NO_ELIGIBLE_VINTAGE,UNAVAILABLE
2012-04-12,2012,24,24,24,0,2012-04-11 16:00:00+00:00,,,0,False,False,0,False,False,False,NO_ELIGIBLE_VINTAGE,UNAVAILABLE
2012-04-13,2012,24,24,24,0,2012-04-12 16:00:00+00:00,,,0,False,False,0,False,False,False,NO_ELIGIBLE_VINTAGE,UNAVAILABLE
2012-04-14,2012,24,24,24,0,2012-04-13 16:00:00+00:00,,,0,False,False,0,False,False,False,NO_ELIGIBLE_VINTAGE,UNAVAILABLE
2012-04-15,2012,24,24,24,0,2012-04-14 16:00:00+00:00,,,0,False,False,0,False,False,False,NO_ELIGIBLE_VINTAGE,UNAVAILABLE
2012-04-16,2012,24,24,24,0,2012-04-15 16:00:00+00:00,,,0,False,False,0,False,False,False,NO_ELIGIBLE_VINTAGE,UNAVAILABLE
2012-04-17,2012,24,24,24,0,2012-04-16 16:00:00+00:00,,,0,False,False,0,False,False,False,NO_ELIGIBLE_VINTAGE,UNAVAILABLE
2012-04-18,2012,24,24,24,0,2012-04-17 16:00:00+00:00,,,0,False,False,0,False,False,False,NO_ELIGIBLE_VINTAGE,UNAVAILABLE
2012-04-19,2012,24,24,24,0,2012-04-18 16:00:00+00:00,,,0,False,False,0,False,False,False,NO_ELIGIBLE_VINTAGE,UNAVAILABLE
2012-04-20,2012,24,24,24,0,2012-04-19 16:00:00+00:00,,,0,False,False,0,False,False,False,NO_ELIGIBLE_VINTAGE,UNAVAILABLE
2012-04-21,2012,24,24,24,0,2012-04-20 16:00:00+00:00,,,0,False,False,0,False,False,False,NO_ELIGIBLE_VINTAGE,UNAVAILABLE
2012-04-22,2012,24,24,24,0,2012-04-21 16:00:00+00:00,,,0,False,False,0,False,False,False,NO_ELIGIBLE_VINTAGE,UNAVAILABLE
2012-04-23,2012,24,24,24,0,2012-04-22 16:00:00+00:00,,,0,False,False,0,False,False,False,NO_ELIGIBLE_VINTAGE,UNAVAILABLE
2012-04-24,2012,24,24,24,0,2012-04-23 16:00:00+00:00,,,0,False,False,0,False,False,False,NO_ELIGIBLE_VINTAGE,UNAVAILABLE
2012-04-25,2012,24,24,24,0,2012-04-24 16:00:00+00:00,,,0,False,False,0,False,False,False,NO_ELIGIBLE_VINTAGE,UNAVAILABLE
2012-04-26,2012,24,24,24,0,2012-04-25 16:00:00+00:00,,,0,False,False,0,False,False,False,NO_ELIGIBLE_VINTAGE,UNAVAILABLE
2012-04-27,2012,24,24,24,0,2012-04-26 16:00:00+00:00,,,0,False,False,0,False,False,False,NO_ELIGIBLE_VINTAGE,UNAVAILABLE
2012-04-28,2012,24,24,24,0,2012-04-27 16:00:00+00:00,,,0,False,False,0,False,False,False,NO_ELIGIBLE_VINTAGE,UNAVAILABLE
2012-04-29,2012,24,24,24,0,2012-04-28 16:00:00+00:00,,,0,False,False,0,False,False,False,NO_ELIGIBLE_VINTAGE,UNAVAILABLE
2012-04-30,2012,24,24,24,0,2012-04-29 16:00:00+00:00,,,0,False,False,0,False,False,False,NO_ELIGIBLE_VINTAGE,UNAVAILABLE
2012-05-01,2012,24,24,24,0,2012-04-30 16:00:00+00:00,,,0,False,False,0,False,False,False,NO_ELIGIBLE_VINTAGE,UNAVAILABLE
2012-05-02,2012,24,24,24,0,2012-05-01 16:00:00+00:00,,,0,False,False,0,False,False,False,NO_ELIGIBLE_VINTAGE,UNAVAILABLE
2012-05-03,2012,24,24,24,0,2012-05-02 16:00:00+00:00,,,0,False,False,0,False,False,False,NO_ELIGIBLE_VINTAGE,UNAVAILABLE
2012-05-04,2012,24,24,24,0,2012-05-03 16:00:00+00:00,,,0,False,False,0,False,False,False,NO_ELIGIBLE_VINTAGE,UNAVAILABLE
2012-05-05,2012,24,24,24,0,2012-05-04 16:00:00+00:00,,,0,False,False,0,False,False,False,NO_ELIGIBLE_VINTAGE,UNAVAILABLE
2012-05-06,2012,24,24,24,0,2012-05-05 16:00:00+00:00,,,0,False,False,0,False,False,False,NO_ELIGIBLE_VINTAGE,UNAVAILABLE
2012-05-07,2012,24,24,24,0,2012-05-06 16:00:00+00:00,,,0,False,False,0,False,False,False,NO_ELIGIBLE_VINTAGE,UNAVAILABLE
2012-05-08,2012,24,24,24,0,2012-05-07 16:00:00+00:00,,,0,False,False,0,False,False,False,NO_ELIGIBLE_VINTAGE,UNAVAILABLE
2012-05-09,2012,24,24,24,0,2012-05-08 16:00:00+00:00,,,0,False,False,0,False,False,False,NO_ELIGIBLE_VINTAGE,UNAVAILABLE
2012-05-10,2012,24,24,24,0,2012-05-09 16:00:00+00:00,,,0,False,False,0,False,False,False,NO_ELIGIBLE_VINTAGE,UNAVAILABLE
2012-05-11,2012,24,24,24,0,2012-05-10 16:00:00+00:00,,,0,False,False,0,False,False,False,NO_ELIGIBLE_VINTAGE,UNAVAILABLE
2012-05-12,2012,24,24,24,0,2012-05-11 16:00:00+00:00,,,0,False,False,0,False,False,False,NO_ELIGIBLE_VINTAGE,UNAVAILABLE
2012-05-13,2012,24,24,24,0,2012-05-12 16:00:00+00:00,,,0,False,False,0,False,False,False,NO_ELIGIBLE_VINTAGE,UNAVAILABLE
2012-05-14,2012,24,24,24,0,2012-05-13 16:00:00+00:00,,,0,False,False,0,False,False,False,NO_ELIGIBLE_VINTAGE,UNAVAILABLE
2012-05-15,2012,24,24,24,0,2012-05-14 16:00:00+00:00,,,0,False,False,0,False,False,False,NO_ELIGIBLE_VINTAGE,UNAVAILABLE
2012-05-16,2012,24,24,24,0,2012-05-15 16:00:00+00:00,,,0,False,False,0,False,False,False,NO_ELIGIBLE_VINTAGE,UNAVAILABLE
2012-05-17,2012,24,24,24,0,2012-05-16 16:00:00+00:00,,,0,False,False,0,False,False,False,NO_ELIGIBLE_VINTAGE,UNAVAILABLE
2012-05-18,2012,24,24,24,0,2012-05-17 16:00:00+00:00,,,0,False,False,0,False,False,False,NO_ELIGIBLE_VINTAGE,UNAVAILABLE
2012-05-19,2012,24,24,24,0,2012-05-18 16:00:00+00:00,,,0,False,False,0,False,False,False,NO_ELIGIBLE_VINTAGE,UNAVAILABLE
2012-05-20,2012,24,24,24,0,2012-05-19 16:00:00+00:00,,,0,False,False,0,False,False,False,NO_ELIGIBLE_VINTAGE,UNAVAILABLE
2012-05-21,2012,24,24,24,0,2012-05-20 16:00:00+00:00,,,0,False,False,0,False,False,False,NO_ELIGIBLE_VINTAGE,UNAVAILABLE
2012-05-22,2012,24,24,24,0,2012-05-21 16:00:00+00:00,,,0,False,False,0,False,False,False,NO_ELIGIBLE_VINTAGE,UNAVAILABLE
2012-05-23,2012,24,24,24,0,2012-05-22 16:00:00+00:00,,,0,False,False,0,False,False,False,NO_ELIGIBLE_VINTAGE,UNAVAILABLE
2012-05-24,2012,24,24,24,0,2012-05-23 16:00:00+00:00,,,0,False,False,0,False,False,False,NO_ELIGIBLE_VINTAGE,UNAVAILABLE
2012-05-25,2012,24,24,24,0,2012-05-24 16:00:00+00:00,,,0,False,False,0,False,False,False,NO_ELIGIBLE_VINTAGE,UNAVAILABLE
2012-05-26,2012,24,24,24,0,2012-05-25 16:00:00+00:00,,,0,False,False,0,False,False,False,NO_ELIGIBLE_VINTAGE,UNAVAILABLE
2012-05-27,2012,24,24,24,0,2012-05-26 16:00:00+00:00,,,0,False,False,0,False,False,False,NO_ELIGIBLE_VINTAGE,UNAVAILABLE
2012-05-28,2012,24,24,24,0,2012-05-27 16:00:00+00:00,,,0,False,False,0,False,False,False,NO_ELIGIBLE_VINTAGE,UNAVAILABLE
2012-05-29,2012,24,24,24,0,2012-05-28 16:00:00+00:00,,,0,False,False,0,False,False,False,NO_ELIGIBLE_VINTAGE,UNAVAILABLE
2012-05-30,2012,24,24,24,0,2012-05-29 16:00:00+00:00,,,0,False,False,0,False,False,False,NO_ELIGIBLE_VINTAGE,UNAVAILABLE
2012-05-31,2012,24,24,24,0,2012-05-30 16:00:00+00:00,,,0,False,False,0,False,False,False,NO_ELIGIBLE_VINTAGE,UNAVAILABLE
2012-06-01,2012,24,24,24,0,2012-05-31 16:00:00+00:00,,,0,False,False,0,False,False,False,NO_ELIGIBLE_VINTAGE,UNAVAILABLE
2012-06-02,2012,24,24,24,0,2012-06-01 16:00:00+00:00,,,0,False,False,0,False,False,False,NO_ELIGIBLE_VINTAGE,UNAVAILABLE
2012-06-03,2012,24,24,24,0,2012-06-02 16:00:00+00:00,,,0,False,False,0,False,False,False,NO_ELIGIBLE_VINTAGE,UNAVAILABLE
2012-06-04,2012,24,24,24,0,2012-06-03 16:00:00+00:00,,,0,False,False,0,False,False,False,NO_ELIGIBLE_VINTAGE,UNAVAILABLE
2012-06-05,2012,24,24,24,0,2012-06-04 16:00:00+00:00,,,0,False,False,0,False,False,False,NO_ELIGIBLE_VINTAGE,UNAVAILABLE
2012-06-06,2012,24,24,24,0,2012-06-05 16:00:00+00:00,,,0,False,False,0,False,False,False,NO_ELIGIBLE_VINTAGE,UNAVAILABLE
2012-06-07,2012,24,24,24,0,2012-06-06 16:00:00+00:00,,,0,False,False,0,False,False,False,NO_ELIGIBLE_VINTAGE,UNAVAILABLE
2012-06-08,2012,24,24,24,0,2012-06-07 16:00:00+00:00,,,0,False,False,0,False,False,False,NO_ELIGIBLE_VINTAGE,UNAVAILABLE
2012-06-09,2012,24,24,24,0,2012-06-08 16:00:00+00:00,,,0,False,False,0,False,False,False,NO_ELIGIBLE_VINTAGE,UNAVAILABLE
2012-06-10,2012,24,24,24,0,2012-06-09 16:00:00+00:00,,,0,False,False,0,False,False,False,NO_ELIGIBLE_VINTAGE,UNAVAILABLE
2012-06-11,2012,24,24,24,0,2012-06-10 16:00:00+00:00,,,0,False,False,0,False,False,False,NO_ELIGIBLE_VINTAGE,UNAVAILABLE
2012-06-12,2012,24,24,24,0,2012-06-11 16:00:00+00:00,,,0,False,False,0,False,False,False,NO_ELIGIBLE_VINTAGE,UNAVAILABLE
2012-06-13,2012,24,24,24,0,2012-06-12 16:00:00+00:00,,,0,False,False,0,False,False,False,NO_ELIGIBLE_VINTAGE,UNAVAILABLE
2012-06-14,2012,24,24,24,0,2012-06-13 16:00:00+00:00,,,0,False,False,0,False,False,False,NO_ELIGIBLE_VINTAGE,UNAVAILABLE
2012-06-15,2012,24,24,24,0,2012-06-14 16:00:00+00:00,,,0,False,False,0,False,False,False,NO_ELIGIBLE_VINTAGE,UNAVAILABLE
2012-06-16,2012,24,24,24,0,2012-06-15 16:00:00+00:00,,,0,False,False,0,False,False,False,NO_ELIGIBLE_VINTAGE,UNAVAILABLE
2012-06-17,2012,24,24,24,0,2012-06-16 16:00:00+00:00,,,0,False,False,0,False,False,False,NO_ELIGIBLE_VINTAGE,UNAVAILABLE
2012-06-18,2012,24,24,24,0,2012-06-17 16:00:00+00:00,,,0,False,False,0,False,False,False,NO_ELIGIBLE_VINTAGE,UNAVAILABLE
2012-06-19,2012,24,24,24,0,2012-06-18 16:00:00+00:00,,,0,False,False,0,False,False,False,NO_ELIGIBLE_VINTAGE,UNAVAILABLE
2012-06-20,2012,24,24,24,0,2012-06-19 16:00:00+00:00,,,0,False,False,0,False,False,False,NO_ELIGIBLE_VINTAGE,UNAVAILABLE
2012-06-21,2012,24,24,24,0,2012-06-20 16:00:00+00:00,,,0,False,False,0,False,False,False,NO_ELIGIBLE_VINTAGE,UNAVAILABLE
2012-06-22,2012,24,24,24,0,2012-06-21 16:00:00+00:00,,,0,False,False,0,False,False,False,NO_ELIGIBLE_VINTAGE,UNAVAILABLE
2012-06-23,2012,24,24,24,0,2012-06-22 16:00:00+00:00,,,0,False,False,0,False,False,False,NO_ELIGIBLE_VINTAGE,UNAVAILABLE
2012-06-24,2012,24,24,24,0,2012-06-23 16:00:00+00:00,,,0,False,False,0,False,False,False,NO_ELIGIBLE_VINTAGE,UNAVAILABLE
2012-06-25,2012,24,24,24,0,2012-06-24 16:00:00+00:00,,,0,False,False,0,False,False,False,NO_ELIGIBLE_VINTAGE,UNAVAILABLE
2012-06-26,2012,24,24,24,0,2012-06-25 16:00:00+00:00,,,0,False,False,0,False,False,False,NO_ELIGIBLE_VINTAGE,UNAVAILABLE
2012-06-27,2012,24,24,24,0,2012-06-26 16:00:00+00:00,,,0,False,False,0,False,False,False,NO_ELIGIBLE_VINTAGE,UNAVAILABLE
2012-06-28,2012,24,24,24,0,2012-06-27 16:00:00+00:00,,,0,False,False,0,False,False,False,NO_ELIGIBLE_VINTAGE,UNAVAILABLE
2012-06-29,2012,24,24,24,0,2012-06-28 16:00:00+00:00,,,0,False,False,0,False,False,False,NO_ELIGIBLE_VINTAGE,UNAVAILABLE
2012-06-30,2012,24,24,24,0,2012-06-29 16:00:00+00:00,,,0,False,False,0,False,False,False,NO_ELIGIBLE_VINTAGE,UNAVAILABLE
2012-07-01,2012,24,24,24,0,2012-06-30 16:00:00+00:00,,,0,False,False,0,False,False,False,NO_ELIGIBLE_VINTAGE,UNAVAILABLE
2012-07-02,2012,24,24,24,0,2012-07-01 16:00:00+00:00,,,0,False,False,0,False,False,False,NO_ELIGIBLE_VINTAGE,UNAVAILABLE
2012-07-03,2012,24,24,24,0,2012-07-02 16:00:00+00:00,,,0,False,False,0,False,False,False,NO_ELIGIBLE_VINTAGE,UNAVAILABLE
2012-07-04,2012,24,24,24,0,2012-07-03 16:00:00+00:00,,,0,False,False,0,False,False,False,NO_ELIGIBLE_VINTAGE,UNAVAILABLE
2012-07-05,2012,24,24,24,0,2012-07-04 16:00:00+00:00,,,0,False,False,0,False,False,False,NO_ELIGIBLE_VINTAGE,UNAVAILABLE
2012-07-06,2012,24,24,24,0,2012-07-05 16:00:00+00:00,,,0,False,False,0,False,False,False,NO_ELIGIBLE_VINTAGE,UNAVAILABLE
2012-07-07,2012,24,24,24,0,2012-07-06 16:00:00+00:00,,,0,False,False,0,False,False,False,NO_ELIGIBLE_VINTAGE,UNAVAILABLE
2012-07-08,2012,24,24,24,0,2012-07-07 16:00:00+00:00,,,0,False,False,0,False,False,False,NO_ELIGIBLE_VINTAGE,UNAVAILABLE
2012-07-09,2012,24,24,24,0,2012-07-08 16:00:00+00:00,,,0,False,False,0,False,False,False,NO_ELIGIBLE_VINTAGE,UNAVAILABLE
2012-07-10,2012,24,24,24,0,2012-07-09 16:00:00+00:00,,,0,False,False,0,False,False,False,NO_ELIGIBLE_VINTAGE,UNAVAILABLE
2012-07-11,2012,24,24,24,0,2012-07-10 16:00:00+00:00,,,0,False,False,0,False,False,False,NO_ELIGIBLE_VINTAGE,UNAVAILABLE
2012-07-12,2012,24,24,24,0,2012-07-11 16:00:00+00:00,,,0,False,False,0,False,False,False,NO_ELIGIBLE_VINTAGE,UNAVAILABLE
2012-07-13,2012,24,24,24,0,2012-07-12 16:00:00+00:00,,,0,False,False,0,False,False,False,NO_ELIGIBLE_VINTAGE,UNAVAILABLE
2012-07-14,2012,24,24,24,0,2012-07-13 16:00:00+00:00,,,0,False,False,0,False,False,False,NO_ELIGIBLE_VINTAGE,UNAVAILABLE
2012-07-15,2012,24,24,24,0,2012-07-14 16:00:00+00:00,,,0,False,False,0,False,False,False,NO_ELIGIBLE_VINTAGE,UNAVAILABLE
2012-07-16,2012,24,24,24,0,2012-07-15 16:00:00+00:00,,,0,False,False,0,False,False,False,NO_ELIGIBLE_VINTAGE,UNAVAILABLE
2012-07-17,2012,24,24,24,0,2012-07-16 16:00:00+00:00,,,0,False,False,0,False,False,False,NO_ELIGIBLE_VINTAGE,UNAVAILABLE
2012-07-18,2012,24,24,24,0,2012-07-17 16:00:00+00:00,,,0,False,False,0,False,False,False,NO_ELIGIBLE_VINTAGE,UNAVAILABLE
2012-07-19,2012,24,24,24,0,2012-07-18 16:00:00+00:00,,,0,False,False,0,False,False,False,NO_ELIGIBLE_VINTAGE,UNAVAILABLE
2012-07-20,2012,24,24,24,0,2012-07-19 16:00:00+00:00,,,0,False,False,0,False,False,False,NO_ELIGIBLE_VINTAGE,UNAVAILABLE
2012-07-21,2012,24,24,24,0,2012-07-20 16:00:00+00:00,,,0,False,False,0,False,False,False,NO_ELIGIBLE_VINTAGE,UNAVAILABLE
2012-07-22,2012,24,24,24,0,2012-07-21 16:00:00+00:00,,,0,False,False,0,False,False,False,NO_ELIGIBLE_VINTAGE,UNAVAILABLE
2012-07-23,2012,24,24,24,0,2012-07-22 16:00:00+00:00,,,0,False,False,0,False,False,False,NO_ELIGIBLE_VINTAGE,UNAVAILABLE
2012-07-24,2012,24,24,24,0,2012-07-23 16:00:00+00:00,,,0,False,False,0,False,False,False,NO_ELIGIBLE_VINTAGE,UNAVAILABLE
2012-07-25,2012,24,24,24,0,2012-07-24 16:00:00+00:00,,,0,False,False,0,False,False,False,NO_ELIGIBLE_VINTAGE,UNAVAILABLE
2012-07-26,2012,24,24,24,0,2012-07-25 16:00:00+00:00,,,0,False,False,0,False,False,False,NO_ELIGIBLE_VINTAGE,UNAVAILABLE
2012-07-27,2012,24,24,24,0,2012-07-26 16:00:00+00:00,,,0,False,False,0,False,False,False,NO_ELIGIBLE_VINTAGE,UNAVAILABLE
2012-07-28,2012,24,24,24,0,2012-07-27 16:00:00+00:00,,,0,False,False,0,False,False,False,NO_ELIGIBLE_VINTAGE,UNAVAILABLE
2012-07-29,2012,24,24,24,0,2012-07-28 16:00:00+00:00,,,0,False,False,0,False,False,False,NO_ELIGIBLE_VINTAGE,UNAVAILABLE
2012-07-30,2012,24,24,24,0,2012-07-29 16:00:00+00:00,,,0,False,False,0,False,False,False,NO_ELIGIBLE_VINTAGE,UNAVAILABLE
2012-07-31,2012,24,24,24,0,2012-07-30 16:00:00+00:00,,,0,False,False,0,False,False,False,NO_ELIGIBLE_VINTAGE,UNAVAILABLE
2012-08-01,2012,24,24,24,0,2012-07-31 16:00:00+00:00,,,0,False,False,0,False,False,False,NO_ELIGIBLE_VINTAGE,UNAVAILABLE
2012-08-02,2012,24,24,24,0,2012-08-01 16:00:00+00:00,,,0,False,False,0,False,False,False,NO_ELIGIBLE_VINTAGE,UNAVAILABLE
2012-08-03,2012,24,24,24,0,2012-08-02 16:00:00+00:00,,,0,False,False,0,False,False,False,NO_ELIGIBLE_VINTAGE,UNAVAILABLE
2012-08-04,2012,24,24,24,0,2012-08-03 16:00:00+00:00,,,0,False,False,0,False,False,False,NO_ELIGIBLE_VINTAGE,UNAVAILABLE
2012-08-05,2012,24,24,24,0,2012-08-04 16:00:00+00:00,,,0,False,False,0,False,False,False,NO_ELIGIBLE_VINTAGE,UNAVAILABLE
2012-08-06,2012,24,24,24,0,2012-08-05 16:00:00+00:00,,,0,False,False,0,False,False,False,NO_ELIGIBLE_VINTAGE,UNAVAILABLE
2012-08-07,2012,24,24,24,0,2012-08-06 16:00:00+00:00,,,0,False,False,0,False,False,False,NO_ELIGIBLE_VINTAGE,UNAVAILABLE
2012-08-08,2012,24,24,24,0,2012-08-07 16:00:00+00:00,,,0,False,False,0,False,False,False,NO_ELIGIBLE_VINTAGE,UNAVAILABLE
2012-08-09,2012,24,24,24,0,2012-08-08 16:00:00+00:00,,,0,False,False,0,False,False,False,NO_ELIGIBLE_VINTAGE,UNAVAILABLE
2012-08-10,2012,24,24,24,0,2012-08-09 16:00:00+00:00,,,0,False,False,0,False,False,False,NO_ELIGIBLE_VINTAGE,UNAVAILABLE
2012-08-11,2012,24,24,24,0,2012-08-10 16:00:00+00:00,,,0,False,False,0,False,False,False,NO_ELIGIBLE_VINTAGE,UNAVAILABLE
2012-08-12,2012,24,24,24,0,2012-08-11 16:00:00+00:00,,,0,False,False,0,False,False,False,NO_ELIGIBLE_VINTAGE,UNAVAILABLE
2012-08-13,2012,24,24,24,0,2012-08-12 16:00:00+00:00,,,0,False,False,0,False,False,False,NO_ELIGIBLE_VINTAGE,UNAVAILABLE
2012-08-14,2012,24,24,24,0,2012-08-13 16:00:00+00:00,,,0,False,False,0,False,False,False,NO_ELIGIBLE_VINTAGE,UNAVAILABLE
2012-08-15,2012,24,24,24,0,2012-08-14 16:00:00+00:00,,,0,False,False,0,False,False,False,NO_ELIGIBLE_VINTAGE,UNAVAILABLE
2012-08-16,2012,24,24,24,0,2012-08-15 16:00:00+00:00,,,0,False,False,0,False,False,False,NO_ELIGIBLE_VINTAGE,UNAVAILABLE
2012-08-17,2012,24,24,24,0,2012-08-16 16:00:00+00:00,,,0,False,False,0,False,False,False,NO_ELIGIBLE_VINTAGE,UNAVAILABLE
2012-08-18,2012,24,24,24,0,2012-08-17 16:00:00+00:00,,,0,False,False,0,False,False,False,NO_ELIGIBLE_VINTAGE,UNAVAILABLE
2012-08-19,2012,24,24,24,0,2012-08-18 16:00:00+00:00,,,0,False,False,0,False,False,False,NO_ELIGIBLE_VINTAGE,UNAVAILABLE
2012-08-20,2012,24,24,24,0,2012-08-19 16:00:00+00:00,,,0,False,False,0,False,False,False,NO_ELIGIBLE_VINTAGE,UNAVAILABLE
2012-08-21,2012,24,24,24,0,2012-08-20 16:00:00+00:00,,,0,False,False,0,False,False,False,NO_ELIGIBLE_VINTAGE,UNAVAILABLE
2012-08-22,2012,24,24,24,0,2012-08-21 16:00:00+00:00,,,0,False,False,0,False,False,False,NO_ELIGIBLE_VINTAGE,UNAVAILABLE
2012-08-23,2012,24,24,24,0,2012-08-22 16:00:00+00:00,,,0,False,False,0,False,False,False,NO_ELIGIBLE_VINTAGE,UNAVAILABLE
2012-08-24,2012,24,24,24,0,2012-08-23 16:00:00+00:00,,,0,False,False,0,False,False,False,NO_ELIGIBLE_VINTAGE,UNAVAILABLE
2012-08-25,2012,24,24,24,0,2012-08-24 16:00:00+00:00,,,0,False,False,0,False,False,False,NO_ELIGIBLE_VINTAGE,UNAVAILABLE
2012-08-26,2012,24,24,24,0,2012-08-25 16:00:00+00:00,,,0,False,False,0,False,False,False,NO_ELIGIBLE_VINTAGE,UNAVAILABLE
2012-08-27,2012,24,24,24,0,2012-08-26 16:00:00+00:00,,,0,False,False,0,False,False,False,NO_ELIGIBLE_VINTAGE,UNAVAILABLE
2012-08-28,2012,24,24,24,0,2012-08-27 16:00:00+00:00,,,0,False,False,0,False,False,False,NO_ELIGIBLE_VINTAGE,UNAVAILABLE
2012-08-29,2012,24,24,24,0,2012-08-28 16:00:00+00:00,,,0,False,False,0,False,False,False,NO_ELIGIBLE_VINTAGE,UNAVAILABLE
2012-08-30,2012,24,24,24,0,2012-08-29 16:00:00+00:00,,,0,False,False,0,False,False,False,NO_ELIGIBLE_VINTAGE,UNAVAILABLE
2012-08-31,2012,24,24,24,0,2012-08-30 16:00:00+00:00,,,0,False,False,0,False,False,False,NO_ELIGIBLE_VINTAGE,UNAVAILABLE
2012-09-01,2012,24,24,24,0,2012-08-31 16:00:00+00:00,,,0,False,False,0,False,False,False,NO_ELIGIBLE_VINTAGE,UNAVAILABLE
2012-09-02,2012,24,24,24,0,2012-09-01 16:00:00+00:00,,,0,False,False,0,False,False,False,NO_ELIGIBLE_VINTAGE,UNAVAILABLE
2012-09-03,2012,24,24,24,0,2012-09-02 16:00:00+00:00,,,0,False,False,0,False,False,False,NO_ELIGIBLE_VINTAGE,UNAVAILABLE
2012-09-04,2012,24,24,24,0,2012-09-03 16:00:00+00:00,,,0,False,False,0,False,False,False,NO_ELIGIBLE_VINTAGE,UNAVAILABLE
2012-09-05,2012,24,24,24,0,2012-09-04 16:00:00+00:00,,,0,False,False,0,False,False,False,NO_ELIGIBLE_VINTAGE,UNAVAILABLE
2012-09-06,2012,24,24,24,0,2012-09-05 16:00:00+00:00,,,0,False,False,0,False,False,False,NO_ELIGIBLE_VINTAGE,UNAVAILABLE
2012-09-07,2012,24,24,24,0,2012-09-06 16:00:00+00:00,,,0,False,False,0,False,False,False,NO_ELIGIBLE_VINTAGE,UNAVAILABLE
2012-09-08,2012,24,24,24,0,2012-09-07 16:00:00+00:00,,,0,False,False,0,False,False,False,NO_ELIGIBLE_VINTAGE,UNAVAILABLE
2012-09-09,2012,24,24,24,0,2012-09-08 16:00:00+00:00,,,0,False,False,0,False,False,False,NO_ELIGIBLE_VINTAGE,UNAVAILABLE
2012-09-10,2012,24,24,24,0,2012-09-09 16:00:00+00:00,,,0,False,False,0,False,False,False,NO_ELIGIBLE_VINTAGE,UNAVAILABLE
2012-09-11,2012,24,24,24,0,2012-09-10 16:00:00+00:00,,,0,False,False,0,False,False,False,NO_ELIGIBLE_VINTAGE,UNAVAILABLE
2012-09-12,2012,24,24,24,0,2012-09-11 16:00:00+00:00,,,0,False,False,0,False,False,False,NO_ELIGIBLE_VINTAGE,UNAVAILABLE
2012-09-13,2012,24,24,24,0,2012-09-12 16:00:00+00:00,,,0,False,False,0,False,False,False,NO_ELIGIBLE_VINTAGE,UNAVAILABLE
2012-09-14,2012,24,24,24,0,2012-09-13 16:00:00+00:00,,,0,False,False,0,False,False,False,NO_ELIGIBLE_VINTAGE,UNAVAILABLE
2012-09-15,2012,24,24,24,0,2012-09-14 16:00:00+00:00,,,0,False,False,0,False,False,False,NO_ELIGIBLE_VINTAGE,UNAVAILABLE
2012-09-16,2012,24,24,24,0,2012-09-15 16:00:00+00:00,,,0,False,False,0,False,False,False,NO_ELIGIBLE_VINTAGE,UNAVAILABLE
2012-09-17,2012,24,24,24,0,2012-09-16 16:00:00+00:00,,,0,False,False,0,False,False,False,NO_ELIGIBLE_VINTAGE,UNAVAILABLE
2012-09-18,2012,24,24,24,0,2012-09-17 16:00:00+00:00,,,0,False,False,0,False,False,False,NO_ELIGIBLE_VINTAGE,UNAVAILABLE
2012-09-19,2012,24,24,24,0,2012-09-18 16:00:00+00:00,,,0,False,False,0,False,False,False,NO_ELIGIBLE_VINTAGE,UNAVAILABLE
2012-09-20,2012,24,24,24,0,2012-09-19 16:00:00+00:00,,,0,False,False,0,False,False,False,NO_ELIGIBLE_VINTAGE,UNAVAILABLE
2012-09-21,2012,24,24,24,0,2012-09-20 16:00:00+00:00,,,0,False,False,0,False,False,False,NO_ELIGIBLE_VINTAGE,UNAVAILABLE
2012-09-22,2012,24,24,24,0,2012-09-21 16:00:00+00:00,,,0,False,False,0,False,False,False,NO_ELIGIBLE_VINTAGE,UNAVAILABLE
2012-09-23,2012,24,24,24,0,2012-09-22 16:00:00+00:00,,,0,False,False,0,False,False,False,NO_ELIGIBLE_VINTAGE,UNAVAILABLE
2012-09-24,2012,24,24,24,0,2012-09-23 16:00:00+00:00,,,0,False,False,0,False,False,False,NO_ELIGIBLE_VINTAGE,UNAVAILABLE
2012-09-25,2012,24,24,24,0,2012-09-24 16:00:00+00:00,,,0,False,False,0,False,False,False,NO_ELIGIBLE_VINTAGE,UNAVAILABLE
2012-09-26,2012,24,24,24,0,2012-09-25 16:00:00+00:00,,,0,False,False,0,False,False,False,NO_ELIGIBLE_VINTAGE,UNAVAILABLE
2012-09-27,2012,24,24,24,0,2012-09-26 16:00:00+00:00,,,0,False,False,0,False,False,False,NO_ELIGIBLE_VINTAGE,UNAVAILABLE
2012-09-28,2012,24,24,24,0,2012-09-27 16:00:00+00:00,,,0,False,False,0,False,False,False,NO_ELIGIBLE_VINTAGE,UNAVAILABLE
2012-09-29,2012,24,24,24,0,2012-09-28 16:00:00+00:00,,,0,False,False,0,False,False,False,NO_ELIGIBLE_VINTAGE,UNAVAILABLE
2012-09-30,2012,24,24,24,0,2012-09-29 16:00:00+00:00,,,0,False,False,0,False,False,False,NO_ELIGIBLE_VINTAGE,UNAVAILABLE
2012-10-01,2012,24,24,24,0,2012-09-30 16:00:00+00:00,,,0,False,False,0,False,False,False,NO_ELIGIBLE_VINTAGE,UNAVAILABLE
2012-10-02,2012,24,24,24,0,2012-10-01 16:00:00+00:00,,,0,False,False,0,False,False,False,NO_ELIGIBLE_VINTAGE,UNAVAILABLE
2012-10-03,2012,24,24,24,0,2012-10-02 16:00:00+00:00,,,0,False,False,0,False,False,False,NO_ELIGIBLE_VINTAGE,UNAVAILABLE
2012-10-04,2012,24,24,24,0,2012-10-03 16:00:00+00:00,,,0,False,False,0,False,False,False,NO_ELIGIBLE_VINTAGE,UNAVAILABLE
2012-10-05,2012,24,24,24,0,2012-10-04 16:00:00+00:00,,,0,False,False,0,False,False,False,NO_ELIGIBLE_VINTAGE,UNAVAILABLE
2012-10-06,2012,24,24,24,0,2012-10-05 16:00:00+00:00,,,0,False,False,0,False,False,False,NO_ELIGIBLE_VINTAGE,UNAVAILABLE
2012-10-07,2012,24,24,24,0,2012-10-06 16:00:00+00:00,,,0,False,False,0,False,False,False,NO_ELIGIBLE_VINTAGE,UNAVAILABLE
2012-10-08,2012,24,24,24,0,2012-10-07 16:00:00+00:00,,,0,False,False,0,False,False,False,NO_ELIGIBLE_VINTAGE,UNAVAILABLE
2012-10-09,2012,24,24,24,0,2012-10-08 16:00:00+00:00,,,0,False,False,0,False,False,False,NO_ELIGIBLE_VINTAGE,UNAVAILABLE
2012-10-10,2012,24,24,24,0,2012-10-09 16:00:00+00:00,,,0,False,False,0,False,False,False,NO_ELIGIBLE_VINTAGE,UNAVAILABLE
2012-10-11,2012,24,24,24,0,2012-10-10 16:00:00+00:00,,,0,False,False,0,False,False,False,NO_ELIGIBLE_VINTAGE,UNAVAILABLE
2012-10-12,2012,24,24,24,0,2012-10-11 16:00:00+00:00,,,0,False,False,0,False,False,False,NO_ELIGIBLE_VINTAGE,UNAVAILABLE
2012-10-13,2012,24,24,24,0,2012-10-12 16:00:00+00:00,,,0,False,False,0,False,False,False,NO_ELIGIBLE_VINTAGE,UNAVAILABLE
2012-10-14,2012,24,24,24,0,2012-10-13 16:00:00+00:00,,,0,False,False,0,False,False,False,NO_ELIGIBLE_VINTAGE,UNAVAILABLE
2012-10-15,2012,24,24,24,0,2012-10-14 16:00:00+00:00,,,0,False,False,0,False,False,False,NO_ELIGIBLE_VINTAGE,UNAVAILABLE
2012-10-16,2012,24,24,24,0,2012-10-15 16:00:00+00:00,,,0,False,False,0,False,False,False,NO_ELIGIBLE_VINTAGE,UNAVAILABLE
2012-10-17,2012,24,24,24,0,2012-10-16 16:00:00+00:00,,,0,False,False,0,False,False,False,NO_ELIGIBLE_VINTAGE,UNAVAILABLE
2012-10-18,2012,24,24,24,0,2012-10-17 16:00:00+00:00,,,0,False,False,0,False,False,False,NO_ELIGIBLE_VINTAGE,UNAVAILABLE
2012-10-19,2012,24,24,24,0,2012-10-18 16:00:00+00:00,,,0,False,False,0,False,False,False,NO_ELIGIBLE_VINTAGE,UNAVAILABLE
2012-10-20,2012,24,24,24,0,2012-10-19 16:00:00+00:00,,,0,False,False,0,False,False,False,NO_ELIGIBLE_VINTAGE,UNAVAILABLE
2012-10-21,2012,24,24,24,0,2012-10-20 16:00:00+00:00,,,0,False,False,0,False,False,False,NO_ELIGIBLE_VINTAGE,UNAVAILABLE
2012-10-22,2012,24,24,24,0,2012-10-21 16:00:00+00:00,,,0,False,False,0,False,False,False,NO_ELIGIBLE_VINTAGE,UNAVAILABLE
2012-10-23,2012,24,24,24,0,2012-10-22 16:00:00+00:00,,,0,False,False,0,False,False,False,NO_ELIGIBLE_VINTAGE,UNAVAILABLE
2012-10-24,2012,24,24,24,0,2012-10-23 16:00:00+00:00,,,0,False,False,0,False,False,False,NO_ELIGIBLE_VINTAGE,UNAVAILABLE
2012-10-25,2012,24,24,24,0,2012-10-24 16:00:00+00:00,,,0,False,False,0,False,False,False,NO_ELIGIBLE_VINTAGE,UNAVAILABLE
2012-10-26,2012,24,24,24,0,2012-10-25 16:00:00+00:00,,,0,False,False,0,False,False,False,NO_ELIGIBLE_VINTAGE,UNAVAILABLE
2012-10-27,2012,24,24,24,0,2012-10-26 16:00:00+00:00,,,0,False,False,0,False,False,False,NO_ELIGIBLE_VINTAGE,UNAVAILABLE
2012-10-28,2012,24,24,24,0,2012-10-27 16:00:00+00:00,,,0,False,False,0,False,False,False,NO_ELIGIBLE_VINTAGE,UNAVAILABLE
2012-10-29,2012,24,24,24,0,2012-10-28 16:00:00+00:00,,,0,False,False,0,False,False,False,NO_ELIGIBLE_VINTAGE,UNAVAILABLE
2012-10-30,2012,24,24,24,0,2012-10-29 16:00:00+00:00,,,0,False,False,0,False,False,False,NO_ELIGIBLE_VINTAGE,UNAVAILABLE
2012-10-31,2012,24,24,24,0,2012-10-30 16:00:00+00:00,,,0,False,False,0,False,False,False,NO_ELIGIBLE_VINTAGE,UNAVAILABLE
2012-11-01,2012,24,24,24,0,2012-10-31 16:00:00+00:00,,,0,False,False,0,False,False,False,NO_ELIGIBLE_VINTAGE,UNAVAILABLE
2012-11-02,2012,24,24,24,0,2012-11-01 16:00:00+00:00,,,0,False,False,0,False,False,False,NO_ELIGIBLE_VINTAGE,UNAVAILABLE
2012-11-03,2012,24,24,24,0,2012-11-02 16:00:00+00:00,,,0,False,False,0,False,False,False,NO_ELIGIBLE_VINTAGE,UNAVAILABLE
2012-11-04,2012,25,25,25,0,2012-11-03 16:00:00+00:00,,,0,False,False,0,False,False,False,NO_ELIGIBLE_VINTAGE,UNAVAILABLE
2012-11-05,2012,24,24,24,0,2012-11-04 17:00:00+00:00,,,0,False,False,0,False,False,False,NO_ELIGIBLE_VINTAGE,UNAVAILABLE
2012-11-06,2012,24,24,24,0,2012-11-05 17:00:00+00:00,,,0,False,False,0,False,False,False,NO_ELIGIBLE_VINTAGE,UNAVAILABLE
2012-11-07,2012,24,24,24,0,2012-11-06 17:00:00+00:00,,,0,False,False,0,False,False,False,NO_ELIGIBLE_VINTAGE,UNAVAILABLE
2012-11-08,2012,24,24,24,0,2012-11-07 17:00:00+00:00,,,0,False,False,0,False,False,False,NO_ELIGIBLE_VINTAGE,UNAVAILABLE
2012-11-09,2012,24,24,24,0,2012-11-08 17:00:00+00:00,,,0,False,False,0,False,False,False,NO_ELIGIBLE_VINTAGE,UNAVAILABLE
2012-11-10,2012,24,24,24,0,2012-11-09 17:00:00+00:00,,,0,False,False,0,False,False,False,NO_ELIGIBLE_VINTAGE,UNAVAILABLE
2012-11-11,2012,24,24,24,0,2012-11-10 17:00:00+00:00,,,0,False,False,0,False,False,False,NO_ELIGIBLE_VINTAGE,UNAVAILABLE
2012-11-12,2012,24,24,24,0,2012-11-11 17:00:00+00:00,,,0,False,False,0,False,False,False,NO_ELIGIBLE_VINTAGE,UNAVAILABLE
2012-11-13,2012,24,24,24,0,2012-11-12 17:00:00+00:00,,,0,False,False,0,False,False,False,NO_ELIGIBLE_VINTAGE,UNAVAILABLE
2012-11-14,2012,24,24,24,0,2012-11-13 17:00:00+00:00,,,0,False,False,0,False,False,False,NO_ELIGIBLE_VINTAGE,UNAVAILABLE
2012-11-15,2012,24,24,24,0,2012-11-14 17:00:00+00:00,,,0,False,False,0,False,False,False,NO_ELIGIBLE_VINTAGE,UNAVAILABLE
2012-11-16,2012,24,24,24,0,2012-11-15 17:00:00+00:00,,,0,False,False,0,False,False,False,NO_ELIGIBLE_VINTAGE,UNAVAILABLE
2012-11-17,2012,24,24,24,0,2012-11-16 17:00:00+00:00,,,0,False,False,0,False,False,False,NO_ELIGIBLE_VINTAGE,UNAVAILABLE
2012-11-18,2012,24,24,24,0,2012-11-17 17:00:00+00:00,,,0,False,False,0,False,False,False,NO_ELIGIBLE_VINTAGE,UNAVAILABLE
2012-11-19,2012,24,24,24,0,2012-11-18 17:00:00+00:00,,,0,False,False,0,False,False,False,NO_ELIGIBLE_VINTAGE,UNAVAILABLE
2012-11-20,2012,24,24,24,0,2012-11-19 17:00:00+00:00,,,0,False,False,0,False,False,False,NO_ELIGIBLE_VINTAGE,UNAVAILABLE
2012-11-21,2012,24,24,24,0,2012-11-20 17:00:00+00:00,,,0,False,False,0,False,False,False,NO_ELIGIBLE_VINTAGE,UNAVAILABLE
2012-11-22,2012,24,24,24,0,2012-11-21 17:00:00+00:00,,,0,False,False,0,False,False,False,NO_ELIGIBLE_VINTAGE,UNAVAILABLE
2012-11-23,2012,24,24,24,0,2012-11-22 17:00:00+00:00,,,0,False,False,0,False,False,False,NO_ELIGIBLE_VINTAGE,UNAVAILABLE
2012-11-24,2012,24,24,24,0,2012-11-23 17:00:00+00:00,,,0,False,False,0,False,False,False,NO_ELIGIBLE_VINTAGE,UNAVAILABLE
2012-11-25,2012,24,24,24,0,2012-11-24 17:00:00+00:00,,,0,False,False,0,False,False,False,NO_ELIGIBLE_VINTAGE,UNAVAILABLE
2012-11-26,2012,24,24,24,0,2012-11-25 17:00:00+00:00,,,0,False,False,0,False,False,False,NO_ELIGIBLE_VINTAGE,UNAVAILABLE
2012-11-27,2012,24,24,24,0,2012-11-26 17:00:00+00:00,,,0,False,False,0,False,False,False,NO_ELIGIBLE_VINTAGE,UNAVAILABLE
2012-11-28,2012,24,24,24,0,2012-11-27 17:00:00+00:00,,,0,False,False,0,False,False,False,NO_ELIGIBLE_VINTAGE,UNAVAILABLE
2012-11-29,2012,24,24,24,0,2012-11-28 17:00:00+00:00,,,0,False,False,0,False,False,False,NO_ELIGIBLE_VINTAGE,UNAVAILABLE
2012-11-30,2012,24,24,24,0,2012-11-29 17:00:00+00:00,,,0,False,False,0,False,False,False,NO_ELIGIBLE_VINTAGE,UNAVAILABLE
2012-12-01,2012,24,24,24,0,2012-11-30 17:00:00+00:00,,,0,False,False,0,False,False,False,NO_ELIGIBLE_VINTAGE,UNAVAILABLE
2012-12-02,2012,24,24,24,0,2012-12-01 17:00:00+00:00,,,0,False,False,0,False,False,False,NO_ELIGIBLE_VINTAGE,UNAVAILABLE
2012-12-03,2012,24,24,24,0,2012-12-02 17:00:00+00:00,,,0,False,False,0,False,False,False,NO_ELIGIBLE_VINTAGE,UNAVAILABLE
2012-12-04,2012,24,24,24,0,2012-12-03 17:00:00+00:00,,,0,False,False,0,False,False,False,NO_ELIGIBLE_VINTAGE,UNAVAILABLE
2012-12-05,2012,24,24,24,0,2012-12-04 17:00:00+00:00,,,0,False,False,0,False,False,False,NO_ELIGIBLE_VINTAGE,UNAVAILABLE
2012-12-06,2012,24,24,24,0,2012-12-05 17:00:00+00:00,,,0,False,False,0,False,False,False,NO_ELIGIBLE_VINTAGE,UNAVAILABLE
2012-12-07,2012,24,24,24,0,2012-12-06 17:00:00+00:00,,,0,False,False,0,False,False,False,NO_ELIGIBLE_VINTAGE,UNAVAILABLE
2012-12-08,2012,24,24,24,0,2012-12-07 17:00:00+00:00,,,0,False,False,0,False,False,False,NO_ELIGIBLE_VINTAGE,UNAVAILABLE
2012-12-09,2012,24,24,24,0,2012-12-08 17:00:00+00:00,,,0,False,False,0,False,False,False,NO_ELIGIBLE_VINTAGE,UNAVAILABLE
2012-12-10,2012,24,24,24,0,2012-12-09 17:00:00+00:00,,,0,False,False,0,False,False,False,NO_ELIGIBLE_VINTAGE,UNAVAILABLE
2012-12-11,2012,24,24,24,0,2012-12-10 17:00:00+00:00,,,0,False,False,0,False,False,False,NO_ELIGIBLE_VINTAGE,UNAVAILABLE
2012-12-12,2012,24,24,24,0,2012-12-11 17:00:00+00:00,,,0,False,False,0,False,False,False,NO_ELIGIBLE_VINTAGE,UNAVAILABLE
2012-12-13,2012,24,24,24,0,2012-12-12 17:00:00+00:00,,,0,False,False,0,False,False,False,NO_ELIGIBLE_VINTAGE,UNAVAILABLE
2012-12-14,2012,24,24,24,0,2012-12-13 17:00:00+00:00,,,0,False,False,0,False,False,False,NO_ELIGIBLE_VINTAGE,UNAVAILABLE
2012-12-15,2012,24,24,24,0,2012-12-14 17:00:00+00:00,,,0,False,False,0,False,False,False,NO_ELIGIBLE_VINTAGE,UNAVAILABLE
2012-12-16,2012,24,24,24,0,2012-12-15 17:00:00+00:00,,,0,False,False,0,False,False,False,NO_ELIGIBLE_VINTAGE,UNAVAILABLE
2012-12-17,2012,24,24,24,0,2012-12-16 17:00:00+00:00,,,0,False,False,0,False,False,False,NO_ELIGIBLE_VINTAGE,UNAVAILABLE
2012-12-18,2012,24,24,24,0,2012-12-17 17:00:00+00:00,,,0,False,False,0,False,False,False,NO_ELIGIBLE_VINTAGE,UNAVAILABLE
2012-12-19,2012,24,24,24,0,2012-12-18 17:00:00+00:00,,,0,False,False,0,False,False,False,NO_ELIGIBLE_VINTAGE,UNAVAILABLE
2012-12-20,2012,24,24,24,0,2012-12-19 17:00:00+00:00,,,0,False,False,0,False,False,False,NO_ELIGIBLE_VINTAGE,UNAVAILABLE
2012-12-21,2012,24,24,24,0,2012-12-20 17:00:00+00:00,,,0,False,False,0,False,False,False,NO_ELIGIBLE_VINTAGE,UNAVAILABLE
2012-12-22,2012,24,24,24,0,2012-12-21 17:00:00+00:00,,,0,False,False,0,False,False,False,NO_ELIGIBLE_VINTAGE,UNAVAILABLE
2012-12-23,2012,24,24,24,0,2012-12-22 17:00:00+00:00,,,0,False,False,0,False,False,False,NO_ELIGIBLE_VINTAGE,UNAVAILABLE
2012-12-24,2012,24,24,24,0,2012-12-23 17:00:00+00:00,,,0,False,False,0,False,False,False,NO_ELIGIBLE_VINTAGE,UNAVAILABLE
2012-12-25,2012,24,24,24,0,2012-12-24 17:00:00+00:00,,,0,False,False,0,False,False,False,NO_ELIGIBLE_VINTAGE,UNAVAILABLE
2012-12-26,2012,24,24,24,0,2012-12-25 17:00:00+00:00,,,0,False,False,0,False,False,False,NO_ELIGIBLE_VINTAGE,UNAVAILABLE
2012-12-27,2012,24,24,24,0,2012-12-26 17:00:00+00:00,,,0,False,False,0,False,False,False,NO_ELIGIBLE_VINTAGE,UNAVAILABLE
2012-12-28,2012,24,24,24,0,2012-12-27 17:00:00+00:00,,,0,False,False,0,False,False,False,NO_ELIGIBLE_VINTAGE,UNAVAILABLE
2012-12-29,2012,24,24,24,0,2012-12-28 17:00:00+00:00,,,0,False,False,0,False,False,False,NO_ELIGIBLE_VINTAGE,UNAVAILABLE
2012-12-30,2012,24,24,24,0,2012-12-29 17:00:00+00:00,,,0,False,False,0,False,False,False,NO_ELIGIBLE_VINTAGE,UNAVAILABLE
2012-12-31,2012,24,24,24,0,2012-12-30 17:00:00+00:00,,,0,False,False,0,False,False,False,NO_ELIGIBLE_VINTAGE,UNAVAILABLE
2013-01-01,2013,24,24,24,0,2012-12-31 17:00:00+00:00,,,0,False,False,0,False,False,False,NO_ELIGIBLE_VINTAGE,UNAVAILABLE
2013-01-02,2013,24,24,24,0,2013-01-01 17:00:00+00:00,,,0,False,False,0,False,False,False,NO_ELIGIBLE_VINTAGE,UNAVAILABLE
2013-01-03,2013,24,24,24,0,2013-01-02 17:00:00+00:00,,,0,False,False,0,False,False,False,NO_ELIGIBLE_VINTAGE,UNAVAILABLE
2013-01-04,2013,24,24,24,0,2013-01-03 17:00:00+00:00,,,0,False,False,0,False,False,False,NO_ELIGIBLE_VINTAGE,UNAVAILABLE
2013-01-05,2013,24,24,24,0,2013-01-04 17:00:00+00:00,,,0,False,False,0,False,False,False,NO_ELIGIBLE_VINTAGE,UNAVAILABLE
2013-01-06,2013,24,24,24,0,2013-01-05 17:00:00+00:00,,,0,False,False,0,False,False,False,NO_ELIGIBLE_VINTAGE,UNAVAILABLE
2013-01-07,2013,24,24,24,0,2013-01-06 17:00:00+00:00,,,0,False,False,0,False,False,False,NO_ELIGIBLE_VINTAGE,UNAVAILABLE
2013-01-08,2013,24,24,24,0,2013-01-07 17:00:00+00:00,,,0,False,False,0,False,False,False,NO_ELIGIBLE_VINTAGE,UNAVAILABLE
2013-01-09,2013,24,24,24,0,2013-01-08 17:00:00+00:00,,,0,False,False,0,False,False,False,NO_ELIGIBLE_VINTAGE,UNAVAILABLE
2013-01-10,2013,24,24,24,0,2013-01-09 17:00:00+00:00,,,0,False,False,0,False,False,False,NO_ELIGIBLE_VINTAGE,UNAVAILABLE
2013-01-11,2013,24,24,24,0,2013-01-10 17:00:00+00:00,,,0,False,False,0,False,False,False,NO_ELIGIBLE_VINTAGE,UNAVAILABLE
2013-01-12,2013,24,24,24,0,2013-01-11 17:00:00+00:00,,,0,False,False,0,False,False,False,NO_ELIGIBLE_VINTAGE,UNAVAILABLE
2013-01-13,2013,24,24,24,0,2013-01-12 17:00:00+00:00,,,0,False,False,0,False,False,False,NO_ELIGIBLE_VINTAGE,UNAVAILABLE
2013-01-14,2013,24,24,24,0,2013-01-13 17:00:00+00:00,,,0,False,False,0,False,False,False,NO_ELIGIBLE_VINTAGE,UNAVAILABLE
2013-01-15,2013,24,24,24,0,2013-01-14 17:00:00+00:00,,,0,False,False,0,False,False,False,NO_ELIGIBLE_VINTAGE,UNAVAILABLE
2013-01-16,2013,24,24,24,0,2013-01-15 17:00:00+00:00,,,0,False,False,0,False,False,False,NO_ELIGIBLE_VINTAGE,UNAVAILABLE
2013-01-17,2013,24,24,24,0,2013-01-16 17:00:00+00:00,,,0,False,False,0,False,False,False,NO_ELIGIBLE_VINTAGE,UNAVAILABLE
2013-01-18,2013,24,24,24,0,2013-01-17 17:00:00+00:00,,,0,False,False,0,False,False,False,NO_ELIGIBLE_VINTAGE,UNAVAILABLE
2013-01-19,2013,24,24,24,0,2013-01-18 17:00:00+00:00,,,0,False,False,0,False,False,False,NO_ELIGIBLE_VINTAGE,UNAVAILABLE
2013-01-20,2013,24,24,24,0,2013-01-19 17:00:00+00:00,,,0,False,False,0,False,False,False,NO_ELIGIBLE_VINTAGE,UNAVAILABLE
2013-01-21,2013,24,24,24,0,2013-01-20 17:00:00+00:00,,,0,False,False,0,False,False,False,NO_ELIGIBLE_VINTAGE,UNAVAILABLE
2013-01-22,2013,24,24,24,0,2013-01-21 17:00:00+00:00,,,0,False,False,0,False,False,False,NO_ELIGIBLE_VINTAGE,UNAVAILABLE
2013-01-23,2013,24,24,24,0,2013-01-22 17:00:00+00:00,,,0,False,False,0,False,False,False,NO_ELIGIBLE_VINTAGE,UNAVAILABLE
2013-01-24,2013,24,24,24,0,2013-01-23 17:00:00+00:00,,,0,False,False,0,False,False,False,NO_ELIGIBLE_VINTAGE,UNAVAILABLE
2013-01-25,2013,24,24,24,0,2013-01-24 17:00:00+00:00,,,0,False,False,0,False,False,False,NO_ELIGIBLE_VINTAGE,UNAVAILABLE
2013-01-26,2013,24,24,24,0,2013-01-25 17:00:00+00:00,,,0,False,False,0,False,False,False,NO_ELIGIBLE_VINTAGE,UNAVAILABLE
2013-01-27,2013,24,24,24,0,2013-01-26 17:00:00+00:00,,,0,False,False,0,False,False,False,NO_ELIGIBLE_VINTAGE,UNAVAILABLE
2013-01-28,2013,24,24,24,0,2013-01-27 17:00:00+00:00,,,0,False,False,0,False,False,False,NO_ELIGIBLE_VINTAGE,UNAVAILABLE
2013-01-29,2013,24,24,24,0,2013-01-28 17:00:00+00:00,,,0,False,False,0,False,False,False,NO_ELIGIBLE_VINTAGE,UNAVAILABLE
2013-01-30,2013,24,24,24,0,2013-01-29 17:00:00+00:00,,,0,False,False,0,False,False,False,NO_ELIGIBLE_VINTAGE,UNAVAILABLE
2013-01-31,2013,24,24,24,0,2013-01-30 17:00:00+00:00,,,0,False,False,0,False,False,False,NO_ELIGIBLE_VINTAGE,UNAVAILABLE
2013-02-01,2013,24,24,24,0,2013-01-31 17:00:00+00:00,,,0,False,False,0,False,False,False,NO_ELIGIBLE_VINTAGE,UNAVAILABLE
2013-02-02,2013,24,24,24,0,2013-02-01 17:00:00+00:00,,,0,False,False,0,False,False,False,NO_ELIGIBLE_VINTAGE,UNAVAILABLE
2013-02-03,2013,24,24,24,0,2013-02-02 17:00:00+00:00,,,0,False,False,0,False,False,False,NO_ELIGIBLE_VINTAGE,UNAVAILABLE
2013-02-04,2013,24,24,24,0,2013-02-03 17:00:00+00:00,,,0,False,False,0,False,False,False,NO_ELIGIBLE_VINTAGE,UNAVAILABLE
2013-02-05,2013,24,24,24,0,2013-02-04 17:00:00+00:00,,,0,False,False,0,False,False,False,NO_ELIGIBLE_VINTAGE,UNAVAILABLE
2013-02-06,2013,24,24,24,0,2013-02-05 17:00:00+00:00,,,0,False,False,0,False,False,False,NO_ELIGIBLE_VINTAGE,UNAVAILABLE
2013-02-07,2013,24,24,24,0,2013-02-06 17:00:00+00:00,,,0,False,False,0,False,False,False,NO_ELIGIBLE_VINTAGE,UNAVAILABLE
2013-02-08,2013,24,24,24,0,2013-02-07 17:00:00+00:00,,,0,False,False,0,False,False,False,NO_ELIGIBLE_VINTAGE,UNAVAILABLE
2013-02-09,2013,24,24,24,0,2013-02-08 17:00:00+00:00,,,0,False,False,0,False,False,False,NO_ELIGIBLE_VINTAGE,UNAVAILABLE
2013-02-10,2013,24,24,24,0,2013-02-09 17:00:00+00:00,,,0,False,False,0,False,False,False,NO_ELIGIBLE_VINTAGE,UNAVAILABLE
2013-02-11,2013,24,24,24,0,2013-02-10 17:00:00+00:00,,,0,False,False,0,False,False,False,NO_ELIGIBLE_VINTAGE,UNAVAILABLE
2013-02-12,2013,24,24,24,0,2013-02-11 17:00:00+00:00,,,0,False,False,0,False,False,False,NO_ELIGIBLE_VINTAGE,UNAVAILABLE
2013-02-13,2013,24,24,24,0,2013-02-12 17:00:00+00:00,,,0,False,False,0,False,False,False,NO_ELIGIBLE_VINTAGE,UNAVAILABLE
2013-02-14,2013,24,24,24,0,2013-02-13 17:00:00+00:00,,,0,False,False,0,False,False,False,NO_ELIGIBLE_VINTAGE,UNAVAILABLE
2013-02-15,2013,24,24,24,0,2013-02-14 17:00:00+00:00,,,0,False,False,0,False,False,False,NO_ELIGIBLE_VINTAGE,UNAVAILABLE
2013-02-16,2013,24,24,24,0,2013-02-15 17:00:00+00:00,,,0,False,False,0,False,False,False,NO_ELIGIBLE_VINTAGE,UNAVAILABLE
2013-02-17,2013,24,24,24,0,2013-02-16 17:00:00+00:00,,,0,False,False,0,False,False,False,NO_ELIGIBLE_VINTAGE,UNAVAILABLE
2013-02-18,2013,24,24,24,0,2013-02-17 17:00:00+00:00,,,0,False,False,0,False,False,False,NO_ELIGIBLE_VINTAGE,UNAVAILABLE
2013-02-19,2013,24,24,24,0,2013-02-18 17:00:00+00:00,,,0,False,False,0,False,False,False,NO_ELIGIBLE_VINTAGE,UNAVAILABLE
2013-02-20,2013,24,24,24,0,2013-02-19 17:00:00+00:00,,,0,False,False,0,False,False,False,NO_ELIGIBLE_VINTAGE,UNAVAILABLE
2013-02-21,2013,24,24,24,0,2013-02-20 17:00:00+00:00,,,0,False,False,0,False,False,False,NO_ELIGIBLE_VINTAGE,UNAVAILABLE
2013-02-22,2013,24,24,24,0,2013-02-21 17:00:00+00:00,,,0,False,False,0,False,False,False,NO_ELIGIBLE_VINTAGE,UNAVAILABLE
2013-02-23,2013,24,24,24,0,2013-02-22 17:00:00+00:00,,,0,False,False,0,False,False,False,NO_ELIGIBLE_VINTAGE,UNAVAILABLE
2013-02-24,2013,24,24,24,0,2013-02-23 17:00:00+00:00,,,0,False,False,0,False,False,False,NO_ELIGIBLE_VINTAGE,UNAVAILABLE
2013-02-25,2013,24,24,24,0,2013-02-24 17:00:00+00:00,,,0,False,False,0,False,False,False,NO_ELIGIBLE_VINTAGE,UNAVAILABLE
2013-02-26,2013,24,24,24,0,2013-02-25 17:00:00+00:00,,,0,False,False,0,False,False,False,NO_ELIGIBLE_VINTAGE,UNAVAILABLE
2013-02-27,2013,24,24,24,0,2013-02-26 17:00:00+00:00,,,0,False,False,0,False,False,False,NO_ELIGIBLE_VINTAGE,UNAVAILABLE
2013-02-28,2013,24,24,24,0,2013-02-27 17:00:00+00:00,,,0,False,False,0,False,False,False,NO_ELIGIBLE_VINTAGE,UNAVAILABLE
2013-03-01,2013,24,24,24,0,2013-02-28 17:00:00+00:00,,,0,False,False,0,False,False,False,NO_ELIGIBLE_VINTAGE,UNAVAILABLE
2013-03-02,2013,24,24,24,0,2013-03-01 17:00:00+00:00,,,0,False,False,0,False,False,False,NO_ELIGIBLE_VINTAGE,UNAVAILABLE
2013-03-03,2013,24,24,24,0,2013-03-02 17:00:00+00:00,,,0,False,False,0,False,False,False,NO_ELIGIBLE_VINTAGE,UNAVAILABLE
2013-03-04,2013,24,24,24,0,2013-03-03 17:00:00+00:00,,,0,False,False,0,False,False,False,NO_ELIGIBLE_VINTAGE,UNAVAILABLE
2013-03-05,2013,24,24,24,0,2013-03-04 17:00:00+00:00,,,0,False,False,0,False,False,False,NO_ELIGIBLE_VINTAGE,UNAVAILABLE
2013-03-06,2013,24,24,24,0,2013-03-05 17:00:00+00:00,,,0,False,False,0,False,False,False,NO_ELIGIBLE_VINTAGE,UNAVAILABLE
2013-03-07,2013,24,24,24,0,2013-03-06 17:00:00+00:00,,,0,False,False,0,False,False,False,NO_ELIGIBLE_VINTAGE,UNAVAILABLE
2013-03-08,2013,24,24,24,0,2013-03-07 17:00:00+00:00,,,0,False,False,0,False,False,False,NO_ELIGIBLE_VINTAGE,UNAVAILABLE
2013-03-09,2013,24,24,24,0,2013-03-08 17:00:00+00:00,,,0,False,False,0,False,False,False,NO_ELIGIBLE_VINTAGE,UNAVAILABLE
2013-03-10,2013,23,23,23,0,2013-03-09 17:00:00+00:00,,,0,False,False,0,False,False,False,NO_ELIGIBLE_VINTAGE,UNAVAILABLE
2013-03-11,2013,24,24,24,0,2013-03-10 16:00:00+00:00,,,0,False,False,0,False,False,False,NO_ELIGIBLE_VINTAGE,UNAVAILABLE
2013-03-12,2013,24,24,24,0,2013-03-11 16:00:00+00:00,,,0,False,False,0,False,False,False,NO_ELIGIBLE_VINTAGE,UNAVAILABLE
2013-03-13,2013,24,24,24,0,2013-03-12 16:00:00+00:00,,,0,False,False,0,False,False,False,NO_ELIGIBLE_VINTAGE,UNAVAILABLE
2013-03-14,2013,24,24,24,0,2013-03-13 16:00:00+00:00,,,0,False,False,0,False,False,False,NO_ELIGIBLE_VINTAGE,UNAVAILABLE
2013-03-15,2013,24,24,24,0,2013-03-14 16:00:00+00:00,,,0,False,False,0,False,False,False,NO_ELIGIBLE_VINTAGE,UNAVAILABLE
2013-03-16,2013,24,24,24,0,2013-03-15 16:00:00+00:00,,,0,False,False,0,False,False,False,NO_ELIGIBLE_VINTAGE,UNAVAILABLE
2013-03-17,2013,24,24,24,0,2013-03-16 16:00:00+00:00,,,0,False,False,0,False,False,False,NO_ELIGIBLE_VINTAGE,UNAVAILABLE
2013-03-18,2013,24,24,24,0,2013-03-17 16:00:00+00:00,,,0,False,False,0,False,False,False,NO_ELIGIBLE_VINTAGE,UNAVAILABLE
2013-03-19,2013,24,24,24,0,2013-03-18 16:00:00+00:00,,,0,False,False,0,False,False,False,NO_ELIGIBLE_VINTAGE,UNAVAILABLE
2013-03-20,2013,24,24,24,0,2013-03-19 16:00:00+00:00,,,0,False,False,0,False,False,False,NO_ELIGIBLE_VINTAGE,UNAVAILABLE
2013-03-21,2013,24,24,24,0,2013-03-20 16:00:00+00:00,,,0,False,False,0,False,False,False,NO_ELIGIBLE_VINTAGE,UNAVAILABLE
2013-03-22,2013,24,24,24,0,2013-03-21 16:00:00+00:00,,,0,False,False,0,False,False,False,NO_ELIGIBLE_VINTAGE,UNAVAILABLE
2013-03-23,2013,24,24,24,0,2013-03-22 16:00:00+00:00,,,0,False,False,0,False,False,False,NO_ELIGIBLE_VINTAGE,UNAVAILABLE
2013-03-24,2013,24,24,24,0,2013-03-23 16:00:00+00:00,,,0,False,False,0,False,False,False,NO_ELIGIBLE_VINTAGE,UNAVAILABLE
2013-03-25,2013,24,24,24,0,2013-03-24 16:00:00+00:00,,,0,False,False,0,False,False,False,NO_ELIGIBLE_VINTAGE,UNAVAILABLE
2013-03-26,2013,24,24,24,0,2013-03-25 16:00:00+00:00,,,0,False,False,0,False,False,False,NO_ELIGIBLE_VINTAGE,UNAVAILABLE
2013-03-27,2013,24,24,24,0,2013-03-26 16:00:00+00:00,,,0,False,False,0,False,False,False,NO_ELIGIBLE_VINTAGE,UNAVAILABLE
2013-03-28,2013,24,24,24,0,2013-03-27 16:00:00+00:00,,,0,False,False,0,False,False,False,NO_ELIGIBLE_VINTAGE,UNAVAILABLE
2013-03-29,2013,24,24,24,0,2013-03-28 16:00:00+00:00,,,0,False,False,0,False,False,False,NO_ELIGIBLE_VINTAGE,UNAVAILABLE
2013-03-30,2013,24,24,24,0,2013-03-29 16:00:00+00:00,,,0,False,False,0,False,False,False,NO_ELIGIBLE_VINTAGE,UNAVAILABLE
2013-03-31,2013,24,24,24,0,2013-03-30 16:00:00+00:00,,,0,False,False,0,False,False,False,NO_ELIGIBLE_VINTAGE,UNAVAILABLE
2013-04-01,2013,24,24,24,0,2013-03-31 16:00:00+00:00,,,0,False,False,0,False,False,False,NO_ELIGIBLE_VINTAGE,UNAVAILABLE
2013-04-02,2013,24,24,24,0,2013-04-01 16:00:00+00:00,,,0,False,False,0,False,False,False,NO_ELIGIBLE_VINTAGE,UNAVAILABLE
2013-04-03,2013,24,24,24,0,2013-04-02 16:00:00+00:00,,,0,False,False,0,False,False,False,NO_ELIGIBLE_VINTAGE,UNAVAILABLE
2013-04-04,2013,24,24,24,0,2013-04-03 16:00:00+00:00,,,0,False,False,0,False,False,False,NO_ELIGIBLE_VINTAGE,UNAVAILABLE
2013-04-05,2013,24,24,24,0,2013-04-04 16:00:00+00:00,,,0,False,False,0,False,False,False,NO_ELIGIBLE_VINTAGE,UNAVAILABLE
2013-04-06,2013,24,24,24,0,2013-04-05 16:00:00+00:00,,,0,False,False,0,False,False,False,NO_ELIGIBLE_VINTAGE,UNAVAILABLE
2013-04-07,2013,24,24,24,0,2013-04-06 16:00:00+00:00,,,0,False,False,0,False,False,False,NO_ELIGIBLE_VINTAGE,UNAVAILABLE
2013-04-08,2013,24,24,24,0,2013-04-07 16:00:00+00:00,,,0,False,False,0,False,False,False,NO_ELIGIBLE_VINTAGE,UNAVAILABLE
2013-04-09,2013,24,24,24,0,2013-04-08 16:00:00+00:00,,,0,False,False,0,False,False,False,NO_ELIGIBLE_VINTAGE,UNAVAILABLE
2013-04-10,2013,24,24,24,0,2013-04-09 16:00:00+00:00,,,0,False,False,0,False,False,False,NO_ELIGIBLE_VINTAGE,UNAVAILABLE
2013-04-11,2013,24,24,24,0,2013-04-10 16:00:00+00:00,,,0,False,False,0,False,False,False,NO_ELIGIBLE_VINTAGE,UNAVAILABLE
2013-04-12,2013,24,24,24,0,2013-04-11 16:00:00+00:00,,,0,False,False,0,False,False,False,NO_ELIGIBLE_VINTAGE,UNAVAILABLE
2013-04-13,2013,24,24,24,0,2013-04-12 16:00:00+00:00,,,0,False,False,0,False,False,False,NO_ELIGIBLE_VINTAGE,UNAVAILABLE
2013-04-14,2013,24,24,24,0,2013-04-13 16:00:00+00:00,,,0,False,False,0,False,False,False,NO_ELIGIBLE_VINTAGE,UNAVAILABLE
2013-04-15,2013,24,24,24,0,2013-04-14 16:00:00+00:00,,,0,False,False,0,False,False,False,NO_ELIGIBLE_VINTAGE,UNAVAILABLE
2013-04-16,2013,24,24,24,0,2013-04-15 16:00:00+00:00,,,0,False,False,0,False,False,False,NO_ELIGIBLE_VINTAGE,UNAVAILABLE
2013-04-17,2013,24,24,24,0,2013-04-16 16:00:00+00:00,,,0,False,False,0,False,False,False,NO_ELIGIBLE_VINTAGE,UNAVAILABLE
2013-04-18,2013,24,24,24,0,2013-04-17 16:00:00+00:00,,,0,False,False,0,False,False,False,NO_ELIGIBLE_VINTAGE,UNAVAILABLE
2013-04-19,2013,24,24,24,0,2013-04-18 16:00:00+00:00,,,0,False,False,0,False,False,False,NO_ELIGIBLE_VINTAGE,UNAVAILABLE
2013-04-20,2013,24,24,24,0,2013-04-19 16:00:00+00:00,,,0,False,False,0,False,False,False,NO_ELIGIBLE_VINTAGE,UNAVAILABLE
2013-04-21,2013,24,24,24,0,2013-04-20 16:00:00+00:00,,,0,False,False,0,False,False,False,NO_ELIGIBLE_VINTAGE,UNAVAILABLE
2013-04-22,2013,24,24,24,0,2013-04-21 16:00:00+00:00,,,0,False,False,0,False,False,False,NO_ELIGIBLE_VINTAGE,UNAVAILABLE
2013-04-23,2013,24,24,24,0,2013-04-22 16:00:00+00:00,,,0,False,False,0,False,False,False,NO_ELIGIBLE_VINTAGE,UNAVAILABLE
2013-04-24,2013,24,24,24,0,2013-04-23 16:00:00+00:00,,,0,False,False,0,False,False,False,NO_ELIGIBLE_VINTAGE,UNAVAILABLE
2013-04-25,2013,24,24,24,0,2013-04-24 16:00:00+00:00,,,0,False,False,0,False,False,False,NO_ELIGIBLE_VINTAGE,UNAVAILABLE
2013-04-26,2013,24,24,24,0,2013-04-25 16:00:00+00:00,,,0,False,False,0,False,False,False,NO_ELIGIBLE_VINTAGE,UNAVAILABLE
2013-04-27,2013,24,24,24,0,2013-04-26 16:00:00+00:00,,,0,False,False,0,False,False,False,NO_ELIGIBLE_VINTAGE,UNAVAILABLE
2013-04-28,2013,24,24,24,0,2013-04-27 16:00:00+00:00,,,0,False,False,0,False,False,False,NO_ELIGIBLE_VINTAGE,UNAVAILABLE
2013-04-29,2013,24,24,24,0,2013-04-28 16:00:00+00:00,,,0,False,False,0,False,False,False,NO_ELIGIBLE_VINTAGE,UNAVAILABLE
2013-04-30,2013,24,24,24,0,2013-04-29 16:00:00+00:00,,,0,False,False,0,False,False,False,NO_ELIGIBLE_VINTAGE,UNAVAILABLE
2013-05-01,2013,24,24,24,0,2013-04-30 16:00:00+00:00,,,0,False,False,0,False,False,False,NO_ELIGIBLE_VINTAGE,UNAVAILABLE
2013-05-02,2013,24,24,24,0,2013-05-01 16:00:00+00:00,,,0,False,False,0,False,False,False,NO_ELIGIBLE_VINTAGE,UNAVAILABLE
2013-05-03,2013,24,24,24,0,2013-05-02 16:00:00+00:00,,,0,False,False,0,False,False,False,NO_ELIGIBLE_VINTAGE,UNAVAILABLE
2013-05-04,2013,24,24,24,0,2013-05-03 16:00:00+00:00,,,0,False,False,0,False,False,False,NO_ELIGIBLE_VINTAGE,UNAVAILABLE
2013-05-05,2013,24,24,24,0,2013-05-04 16:00:00+00:00,,,0,False,False,0,False,False,False,NO_ELIGIBLE_VINTAGE,UNAVAILABLE
2013-05-06,2013,24,24,24,0,2013-05-05 16:00:00+00:00,,,0,False,False,0,False,False,False,NO_ELIGIBLE_VINTAGE,UNAVAILABLE
2013-05-07,2013,24,24,24,0,2013-05-06 16:00:00+00:00,,,0,False,False,0,False,False,False,NO_ELIGIBLE_VINTAGE,UNAVAILABLE
2013-05-08,2013,24,24,24,0,2013-05-07 16:00:00+00:00,,,0,False,False,0,False,False,False,NO_ELIGIBLE_VINTAGE,UNAVAILABLE
2013-05-09,2013,24,24,24,0,2013-05-08 16:00:00+00:00,,,0,False,False,0,False,False,False,NO_ELIGIBLE_VINTAGE,UNAVAILABLE
2013-05-10,2013,24,24,24,0,2013-05-09 16:00:00+00:00,,,0,False,False,0,False,False,False,NO_ELIGIBLE_VINTAGE,UNAVAILABLE
2013-05-11,2013,24,24,24,0,2013-05-10 16:00:00+00:00,,,0,False,False,0,False,False,False,NO_ELIGIBLE_VINTAGE,UNAVAILABLE
2013-05-12,2013,24,24,24,0,2013-05-11 16:00:00+00:00,,,0,False,False,0,False,False,False,NO_ELIGIBLE_VINTAGE,UNAVAILABLE
2013-05-13,2013,24,24,24,0,2013-05-12 16:00:00+00:00,,,0,False,False,0,False,False,False,NO_ELIGIBLE_VINTAGE,UNAVAILABLE
2013-05-14,2013,24,24,24,0,2013-05-13 16:00:00+00:00,,,0,False,False,0,False,False,False,NO_ELIGIBLE_VINTAGE,UNAVAILABLE
2013-05-15,2013,24,24,24,0,2013-05-14 16:00:00+00:00,,,0,False,False,0,False,False,False,NO_ELIGIBLE_VINTAGE,UNAVAILABLE
2013-05-16,2013,24,24,24,0,2013-05-15 16:00:00+00:00,,,0,False,False,0,False,False,False,NO_ELIGIBLE_VINTAGE,UNAVAILABLE
2013-05-17,2013,24,24,24,0,2013-05-16 16:00:00+00:00,,,0,False,False,0,False,False,False,NO_ELIGIBLE_VINTAGE,UNAVAILABLE
2013-05-18,2013,24,24,24,0,2013-05-17 16:00:00+00:00,,,0,False,False,0,False,False,False,NO_ELIGIBLE_VINTAGE,UNAVAILABLE
2013-05-19,2013,24,24,24,0,2013-05-18 16:00:00+00:00,,,0,False,False,0,False,False,False,NO_ELIGIBLE_VINTAGE,UNAVAILABLE
2013-05-20,2013,24,24,24,0,2013-05-19 16:00:00+00:00,,,0,False,False,0,False,False,False,NO_ELIGIBLE_VINTAGE,UNAVAILABLE
2013-05-21,2013,24,24,24,0,2013-05-20 16:00:00+00:00,,,0,False,False,0,False,False,False,NO_ELIGIBLE_VINTAGE,UNAVAILABLE
2013-05-22,2013,24,24,24,0,2013-05-21 16:00:00+00:00,,,0,False,False,0,False,False,False,NO_ELIGIBLE_VINTAGE,UNAVAILABLE
2013-05-23,2013,24,24,24,0,2013-05-22 16:00:00+00:00,,,0,False,False,0,False,False,False,NO_ELIGIBLE_VINTAGE,UNAVAILABLE
2013-05-24,2013,24,24,24,0,2013-05-23 16:00:00+00:00,,,0,False,False,0,False,False,False,NO_ELIGIBLE_VINTAGE,UNAVAILABLE
2013-05-25,2013,24,24,24,0,2013-05-24 16:00:00+00:00,,,0,False,False,0,False,False,False,NO_ELIGIBLE_VINTAGE,UNAVAILABLE
2013-05-26,2013,24,24,24,0,2013-05-25 16:00:00+00:00,,,0,False,False,0,False,False,False,NO_ELIGIBLE_VINTAGE,UNAVAILABLE
2013-05-27,2013,24,24,24,0,2013-05-26 16:00:00+00:00,,,0,False,False,0,False,False,False,NO_ELIGIBLE_VINTAGE,UNAVAILABLE
2013-05-28,2013,24,24,24,0,2013-05-27 16:00:00+00:00,,,0,False,False,0,False,False,False,NO_ELIGIBLE_VINTAGE,UNAVAILABLE
2013-05-29,2013,24,24,24,0,2013-05-28 16:00:00+00:00,,,0,False,False,0,False,False,False,NO_ELIGIBLE_VINTAGE,UNAVAILABLE
2013-05-30,2013,24,24,24,0,2013-05-29 16:00:00+00:00,,,0,False,False,0,False,False,False,NO_ELIGIBLE_VINTAGE,UNAVAILABLE
2013-05-31,2013,24,24,24,0,2013-05-30 16:00:00+00:00,,,0,False,False,0,False,False,False,NO_ELIGIBLE_VINTAGE,UNAVAILABLE
2013-06-01,2013,24,24,24,0,2013-05-31 16:00:00+00:00,,,0,False,False,0,False,False,False,NO_ELIGIBLE_VINTAGE,UNAVAILABLE
2013-06-02,2013,24,24,24,0,2013-06-01 16:00:00+00:00,,,0,False,False,0,False,False,False,NO_ELIGIBLE_VINTAGE,UNAVAILABLE
2013-06-03,2013,24,24,24,0,2013-06-02 16:00:00+00:00,,,0,False,False,0,False,False,False,NO_ELIGIBLE_VINTAGE,UNAVAILABLE
2013-06-04,2013,24,24,24,0,2013-06-03 16:00:00+00:00,,,0,False,False,0,False,False,False,NO_ELIGIBLE_VINTAGE,UNAVAILABLE
2013-06-05,2013,24,24,24,0,2013-06-04 16:00:00+00:00,,,0,False,False,0,False,False,False,NO_ELIGIBLE_VINTAGE,UNAVAILABLE
2013-06-06,2013,24,24,24,0,2013-06-05 16:00:00+00:00,,,0,False,False,0,False,False,False,NO_ELIGIBLE_VINTAGE,UNAVAILABLE
2013-06-07,2013,24,24,24,0,2013-06-06 16:00:00+00:00,,,0,False,False,0,False,False,False,NO_ELIGIBLE_VINTAGE,UNAVAILABLE
2013-06-08,2013,24,24,24,0,2013-06-07 16:00:00+00:00,,,0,False,False,0,False,False,False,NO_ELIGIBLE_VINTAGE,UNAVAILABLE
2013-06-09,2013,24,24,24,0,2013-06-08 16:00:00+00:00,,,0,False,False,0,False,False,False,NO_ELIGIBLE_VINTAGE,UNAVAILABLE
2013-06-10,2013,24,24,24,0,2013-06-09 16:00:00+00:00,,,0,False,False,0,False,False,False,NO_ELIGIBLE_VINTAGE,UNAVAILABLE
2013-06-11,2013,24,24,24,0,2013-06-10 16:00:00+00:00,,,0,False,False,0,False,False,False,NO_ELIGIBLE_VINTAGE,UNAVAILABLE
2013-06-12,2013,24,24,24,0,2013-06-11 16:00:00+00:00,,,0,False,False,0,False,False,False,NO_ELIGIBLE_VINTAGE,UNAVAILABLE
2013-06-13,2013,24,24,24,0,2013-06-12 16:00:00+00:00,,,0,False,False,0,False,False,False,NO_ELIGIBLE_VINTAGE,UNAVAILABLE
2013-06-14,2013,24,24,24,0,2013-06-13 16:00:00+00:00,,,0,False,False,0,False,False,False,NO_ELIGIBLE_VINTAGE,UNAVAILABLE
2013-06-15,2013,24,24,24,0,2013-06-14 16:00:00+00:00,,,0,False,False,0,False,False,False,NO_ELIGIBLE_VINTAGE,UNAVAILABLE
2013-06-16,2013,24,24,24,0,2013-06-15 16:00:00+00:00,,,0,False,False,0,False,False,False,NO_ELIGIBLE_VINTAGE,UNAVAILABLE
2013-06-17,2013,24,24,24,0,2013-06-16 16:00:00+00:00,,,0,False,False,0,False,False,False,NO_ELIGIBLE_VINTAGE,UNAVAILABLE
2013-06-18,2013,24,24,24,0,2013-06-17 16:00:00+00:00,,,0,False,False,0,False,False,False,NO_ELIGIBLE_VINTAGE,UNAVAILABLE
2013-06-19,2013,24,24,24,0,2013-06-18 16:00:00+00:00,,,0,False,False,0,False,False,False,NO_ELIGIBLE_VINTAGE,UNAVAILABLE
2013-06-20,2013,24,24,24,0,2013-06-19 16:00:00+00:00,,,0,False,False,0,False,False,False,NO_ELIGIBLE_VINTAGE,UNAVAILABLE
2013-06-21,2013,24,24,24,0,2013-06-20 16:00:00+00:00,,,0,False,False,0,False,False,False,NO_ELIGIBLE_VINTAGE,UNAVAILABLE
2013-06-22,2013,24,24,24,0,2013-06-21 16:00:00+00:00,,,0,False,False,0,False,False,False,NO_ELIGIBLE_VINTAGE,UNAVAILABLE
2013-06-23,2013,24,24,24,0,2013-06-22 16:00:00+00:00,,,0,False,False,0,False,False,False,NO_ELIGIBLE_VINTAGE,UNAVAILABLE
2013-06-24,2013,24,24,24,0,2013-06-23 16:00:00+00:00,,,0,False,False,0,False,False,False,NO_ELIGIBLE_VINTAGE,UNAVAILABLE
2013-06-25,2013,24,24,24,0,2013-06-24 16:00:00+00:00,,,0,False,False,0,False,False,False,NO_ELIGIBLE_VINTAGE,UNAVAILABLE
2013-06-26,2013,24,24,24,0,2013-06-25 16:00:00+00:00,,,0,False,False,0,False,False,False,NO_ELIGIBLE_VINTAGE,UNAVAILABLE
2013-06-27,2013,24,24,24,0,2013-06-26 16:00:00+00:00,,,0,False,False,0,False,False,False,NO_ELIGIBLE_VINTAGE,UNAVAILABLE
2013-06-28,2013,24,24,24,0,2013-06-27 16:00:00+00:00,,,0,False,False,0,False,False,False,NO_ELIGIBLE_VINTAGE,UNAVAILABLE
2013-06-29,2013,24,24,24,0,2013-06-28 16:00:00+00:00,,,0,False,False,0,False,False,False,NO_ELIGIBLE_VINTAGE,UNAVAILABLE
2013-06-30,2013,24,24,24,0,2013-06-29 16:00:00+00:00,,,0,False,False,0,False,False,False,NO_ELIGIBLE_VINTAGE,UNAVAILABLE
2013-07-01,2013,24,24,24,0,2013-06-30 16:00:00+00:00,,,0,False,False,0,False,False,False,NO_ELIGIBLE_VINTAGE,UNAVAILABLE
2013-07-02,2013,24,24,24,0,2013-07-01 16:00:00+00:00,,,0,False,False,0,False,False,False,NO_ELIGIBLE_VINTAGE,UNAVAILABLE
2013-07-03,2013,24,24,24,0,2013-07-02 16:00:00+00:00,,,0,False,False,0,False,False,False,NO_ELIGIBLE_VINTAGE,UNAVAILABLE
2013-07-04,2013,24,24,24,0,2013-07-03 16:00:00+00:00,,,0,False,False,0,False,False,False,NO_ELIGIBLE_VINTAGE,UNAVAILABLE
2013-07-05,2013,24,24,24,0,2013-07-04 16:00:00+00:00,,,0,False,False,0,False,False,False,NO_ELIGIBLE_VINTAGE,UNAVAILABLE
2013-07-06,2013,24,24,24,0,2013-07-05 16:00:00+00:00,,,0,False,False,0,False,False,False,NO_ELIGIBLE_VINTAGE,UNAVAILABLE
2013-07-07,2013,24,24,24,0,2013-07-06 16:00:00+00:00,,,0,False,False,0,False,False,False,NO_ELIGIBLE_VINTAGE,UNAVAILABLE
2013-07-08,2013,24,24,24,0,2013-07-07 16:00:00+00:00,,,0,False,False,0,False,False,False,NO_ELIGIBLE_VINTAGE,UNAVAILABLE
2013-07-09,2013,24,24,24,0,2013-07-08 16:00:00+00:00,,,0,False,False,0,False,False,False,NO_ELIGIBLE_VINTAGE,UNAVAILABLE
2013-07-10,2013,24,24,24,0,2013-07-09 16:00:00+00:00,,,0,False,False,0,False,False,False,NO_ELIGIBLE_VINTAGE,UNAVAILABLE
2013-07-11,2013,24,24,24,0,2013-07-10 16:00:00+00:00,,,0,False,False,0,False,False,False,NO_ELIGIBLE_VINTAGE,UNAVAILABLE
2013-07-12,2013,24,24,24,0,2013-07-11 16:00:00+00:00,,,0,False,False,0,False,False,False,NO_ELIGIBLE_VINTAGE,UNAVAILABLE
2013-07-13,2013,24,24,24,0,2013-07-12 16:00:00+00:00,,,0,False,False,0,False,False,False,NO_ELIGIBLE_VINTAGE,UNAVAILABLE
2013-07-14,2013,24,24,24,0,2013-07-13 16:00:00+00:00,,,0,False,False,0,False,False,False,NO_ELIGIBLE_VINTAGE,UNAVAILABLE
2013-07-15,2013,24,24,24,0,2013-07-14 16:00:00+00:00,,,0,False,False,0,False,False,False,NO_ELIGIBLE_VINTAGE,UNAVAILABLE
2013-07-16,2013,24,24,24,0,2013-07-15 16:00:00+00:00,,,0,False,False,0,False,False,False,NO_ELIGIBLE_VINTAGE,UNAVAILABLE
2013-07-17,2013,24,24,24,0,2013-07-16 16:00:00+00:00,,,0,False,False,0,False,False,False,NO_ELIGIBLE_VINTAGE,UNAVAILABLE
2013-07-18,2013,24,24,24,0,2013-07-17 16:00:00+00:00,,,0,False,False,0,False,False,False,NO_ELIGIBLE_VINTAGE,UNAVAILABLE
2013-07-19,2013,24,24,24,0,2013-07-18 16:00:00+00:00,,,0,False,False,0,False,False,False,NO_ELIGIBLE_VINTAGE,UNAVAILABLE
2013-07-20,2013,24,24,24,0,2013-07-19 16:00:00+00:00,,,0,False,False,0,False,False,False,NO_ELIGIBLE_VINTAGE,UNAVAILABLE
2013-07-21,2013,24,24,24,0,2013-07-20 16:00:00+00:00,,,0,False,False,0,False,False,False,NO_ELIGIBLE_VINTAGE,UNAVAILABLE
2013-07-22,2013,24,24,24,0,2013-07-21 16:00:00+00:00,,,0,False,False,0,False,False,False,NO_ELIGIBLE_VINTAGE,UNAVAILABLE
2013-07-23,2013,24,24,24,0,2013-07-22 16:00:00+00:00,,,0,False,False,0,False,False,False,NO_ELIGIBLE_VINTAGE,UNAVAILABLE
2013-07-24,2013,24,24,24,0,2013-07-23 16:00:00+00:00,,,0,False,False,0,False,False,False,NO_ELIGIBLE_VINTAGE,UNAVAILABLE
2013-07-25,2013,24,24,24,0,2013-07-24 16:00:00+00:00,,,0,False,False,0,False,False,False,NO_ELIGIBLE_VINTAGE,UNAVAILABLE
2013-07-26,2013,24,24,24,0,2013-07-25 16:00:00+00:00,,,0,False,False,0,False,False,False,NO_ELIGIBLE_VINTAGE,UNAVAILABLE
2013-07-27,2013,24,24,24,0,2013-07-26 16:00:00+00:00,,,0,False,False,0,False,False,False,NO_ELIGIBLE_VINTAGE,UNAVAILABLE
2013-07-28,2013,24,24,24,0,2013-07-27 16:00:00+00:00,,,0,False,False,0,False,False,False,NO_ELIGIBLE_VINTAGE,UNAVAILABLE
2013-07-29,2013,24,24,24,0,2013-07-28 16:00:00+00:00,,,0,False,False,0,False,False,False,NO_ELIGIBLE_VINTAGE,UNAVAILABLE
2013-07-30,2013,24,24,24,0,2013-07-29 16:00:00+00:00,,,0,False,False,0,False,False,False,NO_ELIGIBLE_VINTAGE,UNAVAILABLE
2013-07-31,2013,24,24,24,0,2013-07-30 16:00:00+00:00,,,0,False,False,0,False,False,False,NO_ELIGIBLE_VINTAGE,UNAVAILABLE
2013-08-01,2013,24,24,24,0,2013-07-31 16:00:00+00:00,,,0,False,False,0,False,False,False,NO_ELIGIBLE_VINTAGE,UNAVAILABLE
2013-08-02,2013,24,24,24,0,2013-08-01 16:00:00+00:00,,,0,False,False,0,False,False,False,NO_ELIGIBLE_VINTAGE,UNAVAILABLE
2013-08-03,2013,24,24,24,0,2013-08-02 16:00:00+00:00,,,0,False,False,0,False,False,False,NO_ELIGIBLE_VINTAGE,UNAVAILABLE
2013-08-04,2013,24,24,24,0,2013-08-03 16:00:00+00:00,,,0,False,False,0,False,False,False,NO_ELIGIBLE_VINTAGE,UNAVAILABLE
2013-08-05,2013,24,24,24,0,2013-08-04 16:00:00+00:00,,,0,False,False,0,False,False,False,NO_ELIGIBLE_VINTAGE,UNAVAILABLE
2013-08-06,2013,24,24,24,0,2013-08-05 16:00:00+00:00,,,0,False,False,0,False,False,False,NO_ELIGIBLE_VINTAGE,UNAVAILABLE
2013-08-07,2013,24,24,24,0,2013-08-06 16:00:00+00:00,,,0,False,False,0,False,False,False,NO_ELIGIBLE_VINTAGE,UNAVAILABLE
2013-08-08,2013,24,24,24,0,2013-08-07 16:00:00+00:00,,,0,False,False,0,False,False,False,NO_ELIGIBLE_VINTAGE,UNAVAILABLE
2013-08-09,2013,24,24,24,0,2013-08-08 16:00:00+00:00,,,0,False,False,0,False,False,False,NO_ELIGIBLE_VINTAGE,UNAVAILABLE
2013-08-10,2013,24,24,24,0,2013-08-09 16:00:00+00:00,,,0,False,False,0,False,False,False,NO_ELIGIBLE_VINTAGE,UNAVAILABLE
2013-08-11,2013,24,24,24,0,2013-08-10 16:00:00+00:00,,,0,False,False,0,False,False,False,NO_ELIGIBLE_VINTAGE,UNAVAILABLE
2013-08-12,2013,24,24,24,0,2013-08-11 16:00:00+00:00,,,0,False,False,0,False,False,False,NO_ELIGIBLE_VINTAGE,UNAVAILABLE
2013-08-13,2013,24,24,24,0,2013-08-12 16:00:00+00:00,,,0,False,False,0,False,False,False,NO_ELIGIBLE_VINTAGE,UNAVAILABLE
2013-08-14,2013,24,24,24,0,2013-08-13 16:00:00+00:00,,,0,False,False,0,False,False,False,NO_ELIGIBLE_VINTAGE,UNAVAILABLE
2013-08-15,2013,24,24,24,0,2013-08-14 16:00:00+00:00,,,0,False,False,0,False,False,False,NO_ELIGIBLE_VINTAGE,UNAVAILABLE
2013-08-16,2013,24,24,24,0,2013-08-15 16:00:00+00:00,,,0,False,False,0,False,False,False,NO_ELIGIBLE_VINTAGE,UNAVAILABLE
2013-08-17,2013,24,24,24,0,2013-08-16 16:00:00+00:00,,,0,False,False,0,False,False,False,NO_ELIGIBLE_VINTAGE,UNAVAILABLE
2013-08-18,2013,24,24,24,0,2013-08-17 16:00:00+00:00,,,0,False,False,0,False,False,False,NO_ELIGIBLE_VINTAGE,UNAVAILABLE
2013-08-19,2013,24,24,24,0,2013-08-18 16:00:00+00:00,,,0,False,False,0,False,False,False,NO_ELIGIBLE_VINTAGE,UNAVAILABLE
2013-08-20,2013,24,24,24,0,2013-08-19 16:00:00+00:00,,,0,False,False,0,False,False,False,NO_ELIGIBLE_VINTAGE,UNAVAILABLE
2013-08-21,2013,24,24,24,0,2013-08-20 16:00:00+00:00,,,0,False,False,0,False,False,False,NO_ELIGIBLE_VINTAGE,UNAVAILABLE
2013-08-22,2013,24,24,24,0,2013-08-21 16:00:00+00:00,,,0,False,False,0,False,False,False,NO_ELIGIBLE_VINTAGE,UNAVAILABLE
2013-08-23,2013,24,24,24,0,2013-08-22 16:00:00+00:00,,,0,False,False,0,False,False,False,NO_ELIGIBLE_VINTAGE,UNAVAILABLE
2013-08-24,2013,24,24,24,0,2013-08-23 16:00:00+00:00,,,0,False,False,0,False,False,False,NO_ELIGIBLE_VINTAGE,UNAVAILABLE
2013-08-25,2013,24,24,24,0,2013-08-24 16:00:00+00:00,,,0,False,False,0,False,False,False,NO_ELIGIBLE_VINTAGE,UNAVAILABLE
2013-08-26,2013,24,24,24,0,2013-08-25 16:00:00+00:00,,,0,False,False,0,False,False,False,NO_ELIGIBLE_VINTAGE,UNAVAILABLE
2013-08-27,2013,24,24,24,0,2013-08-26 16:00:00+00:00,,,0,False,False,0,False,False,False,NO_ELIGIBLE_VINTAGE,UNAVAILABLE
2013-08-28,2013,24,24,24,0,2013-08-27 16:00:00+00:00,,,0,False,False,0,False,False,False,NO_ELIGIBLE_VINTAGE,UNAVAILABLE
2013-08-29,2013,24,24,24,0,2013-08-28 16:00:00+00:00,,,0,False,False,0,False,False,False,NO_ELIGIBLE_VINTAGE,UNAVAILABLE
2013-08-30,2013,24,24,24,0,2013-08-29 16:00:00+00:00,,,0,False,False,0,False,False,False,NO_ELIGIBLE_VINTAGE,UNAVAILABLE
2013-08-31,2013,24,24,24,0,2013-08-30 16:00:00+00:00,,,0,False,False,0,False,False,False,NO_ELIGIBLE_VINTAGE,UNAVAILABLE
2013-09-01,2013,24,24,24,0,2013-08-31 16:00:00+00:00,,,0,False,False,0,False,False,False,NO_ELIGIBLE_VINTAGE,UNAVAILABLE
2013-09-02,2013,24,24,24,0,2013-09-01 16:00:00+00:00,,,0,False,False,0,False,False,False,NO_ELIGIBLE_VINTAGE,UNAVAILABLE
2013-09-03,2013,24,24,24,0,2013-09-02 16:00:00+00:00,,,0,False,False,0,False,False,False,NO_ELIGIBLE_VINTAGE,UNAVAILABLE
2013-09-04,2013,24,24,24,0,2013-09-03 16:00:00+00:00,,,0,False,False,0,False,False,False,NO_ELIGIBLE_VINTAGE,UNAVAILABLE
2013-09-05,2013,24,24,24,0,2013-09-04 16:00:00+00:00,,,0,False,False,0,False,False,False,NO_ELIGIBLE_VINTAGE,UNAVAILABLE
2013-09-06,2013,24,24,24,0,2013-09-05 16:00:00+00:00,,,0,False,False,0,False,False,False,NO_ELIGIBLE_VINTAGE,UNAVAILABLE
2013-09-07,2013,24,24,24,0,2013-09-06 16:00:00+00:00,,,0,False,False,0,False,False,False,NO_ELIGIBLE_VINTAGE,UNAVAILABLE
2013-09-08,2013,24,24,24,0,2013-09-07 16:00:00+00:00,,,0,False,False,0,False,False,False,NO_ELIGIBLE_VINTAGE,UNAVAILABLE
2013-09-09,2013,24,24,24,0,2013-09-08 16:00:00+00:00,,,0,False,False,0,False,False,False,NO_ELIGIBLE_VINTAGE,UNAVAILABLE
2013-09-10,2013,24,24,24,0,2013-09-09 16:00:00+00:00,,,0,False,False,0,False,False,False,NO_ELIGIBLE_VINTAGE,UNAVAILABLE
2013-09-11,2013,24,24,24,0,2013-09-10 16:00:00+00:00,,,0,False,False,0,False,False,False,NO_ELIGIBLE_VINTAGE,UNAVAILABLE
2013-09-12,2013,24,24,24,0,2013-09-11 16:00:00+00:00,,,0,False,False,0,False,False,False,NO_ELIGIBLE_VINTAGE,UNAVAILABLE
2013-09-13,2013,24,24,24,0,2013-09-12 16:00:00+00:00,,,0,False,False,0,False,False,False,NO_ELIGIBLE_VINTAGE,UNAVAILABLE
2013-09-14,2013,24,24,24,0,2013-09-13 16:00:00+00:00,,,0,False,False,0,False,False,False,NO_ELIGIBLE_VINTAGE,UNAVAILABLE
2013-09-15,2013,24,24,24,0,2013-09-14 16:00:00+00:00,,,0,False,False,0,False,False,False,NO_ELIGIBLE_VINTAGE,UNAVAILABLE
2013-09-16,2013,24,24,24,0,2013-09-15 16:00:00+00:00,,,0,False,False,0,False,False,False,NO_ELIGIBLE_VINTAGE,UNAVAILABLE
2013-09-17,2013,24,24,24,0,2013-09-16 16:00:00+00:00,,,0,False,False,0,False,False,False,NO_ELIGIBLE_VINTAGE,UNAVAILABLE
2013-09-18,2013,24,24,24,0,2013-09-17 16:00:00+00:00,,,0,False,False,0,False,False,False,NO_ELIGIBLE_VINTAGE,UNAVAILABLE
2013-09-19,2013,24,24,24,0,2013-09-18 16:00:00+00:00,,,0,False,False,0,False,False,False,NO_ELIGIBLE_VINTAGE,UNAVAILABLE
2013-09-20,2013,24,24,24,0,2013-09-19 16:00:00+00:00,,,0,False,False,0,False,False,False,NO_ELIGIBLE_VINTAGE,UNAVAILABLE
2013-09-21,2013,24,24,24,0,2013-09-20 16:00:00+00:00,,,0,False,False,0,False,False,False,NO_ELIGIBLE_VINTAGE,UNAVAILABLE
2013-09-22,2013,24,24,24,0,2013-09-21 16:00:00+00:00,,,0,False,False,0,False,False,False,NO_ELIGIBLE_VINTAGE,UNAVAILABLE
2013-09-23,2013,24,24,24,0,2013-09-22 16:00:00+00:00,,,0,False,False,0,False,False,False,NO_ELIGIBLE_VINTAGE,UNAVAILABLE
2013-09-24,2013,24,24,24,0,2013-09-23 16:00:00+00:00,,,0,False,False,0,False,False,False,NO_ELIGIBLE_VINTAGE,UNAVAILABLE
2013-09-25,2013,24,24,24,0,2013-09-24 16:00:00+00:00,,,0,False,False,0,False,False,False,NO_ELIGIBLE_VINTAGE,UNAVAILABLE
2013-09-26,2013,24,24,24,0,2013-09-25 16:00:00+00:00,,,0,False,False,0,False,False,False,NO_ELIGIBLE_VINTAGE,UNAVAILABLE
2013-09-27,2013,24,24,24,0,2013-09-26 16:00:00+00:00,,,0,False,False,0,False,False,False,NO_ELIGIBLE_VINTAGE,UNAVAILABLE
2013-09-28,2013,24,24,24,0,2013-09-27 16:00:00+00:00,,,0,False,False,0,False,False,False,NO_ELIGIBLE_VINTAGE,UNAVAILABLE
2013-09-29,2013,24,24,24,0,2013-09-28 16:00:00+00:00,,,0,False,False,0,False,False,False,NO_ELIGIBLE_VINTAGE,UNAVAILABLE
2013-09-30,2013,24,24,24,0,2013-09-29 16:00:00+00:00,,,0,False,False,0,False,False,False,NO_ELIGIBLE_VINTAGE,UNAVAILABLE
2013-10-01,2013,24,24,24,0,2013-09-30 16:00:00+00:00,,,0,False,False,0,False,False,False,NO_ELIGIBLE_VINTAGE,UNAVAILABLE
2013-10-02,2013,24,24,24,0,2013-10-01 16:00:00+00:00,,,0,False,False,0,False,False,False,NO_ELIGIBLE_VINTAGE,UNAVAILABLE
2013-10-03,2013,24,24,24,0,2013-10-02 16:00:00+00:00,,,0,False,False,0,False,False,False,NO_ELIGIBLE_VINTAGE,UNAVAILABLE
2013-10-04,2013,24,24,24,0,2013-10-03 16:00:00+00:00,,,0,False,False,0,False,False,False,NO_ELIGIBLE_VINTAGE,UNAVAILABLE
2013-10-05,2013,24,24,24,0,2013-10-04 16:00:00+00:00,,,0,False,False,0,False,False,False,NO_ELIGIBLE_VINTAGE,UNAVAILABLE
2013-10-06,2013,24,24,24,0,2013-10-05 16:00:00+00:00,,,0,False,False,0,False,False,False,NO_ELIGIBLE_VINTAGE,UNAVAILABLE
2013-10-07,2013,24,24,24,0,2013-10-06 16:00:00+00:00,,,0,False,False,0,False,False,False,NO_ELIGIBLE_VINTAGE,UNAVAILABLE
2013-10-08,2013,24,24,24,0,2013-10-07 16:00:00+00:00,,,0,False,False,0,False,False,False,NO_ELIGIBLE_VINTAGE,UNAVAILABLE
2013-10-09,2013,24,24,24,0,2013-10-08 16:00:00+00:00,,,0,False,False,0,False,False,False,NO_ELIGIBLE_VINTAGE,UNAVAILABLE
2013-10-10,2013,24,24,24,0,2013-10-09 16:00:00+00:00,,,0,False,False,0,False,False,False,NO_ELIGIBLE_VINTAGE,UNAVAILABLE
2013-10-11,2013,24,24,24,0,2013-10-10 16:00:00+00:00,,,0,False,False,0,False,False,False,NO_ELIGIBLE_VINTAGE,UNAVAILABLE
2013-10-12,2013,24,24,24,0,2013-10-11 16:00:00+00:00,,,0,False,False,0,False,False,False,NO_ELIGIBLE_VINTAGE,UNAVAILABLE
2013-10-13,2013,24,24,24,0,2013-10-12 16:00:00+00:00,,,0,False,False,0,False,False,False,NO_ELIGIBLE_VINTAGE,UNAVAILABLE
2013-10-14,2013,24,24,24,0,2013-10-13 16:00:00+00:00,,,0,False,False,0,False,False,False,NO_ELIGIBLE_VINTAGE,UNAVAILABLE
2013-10-15,2013,24,24,24,0,2013-10-14 16:00:00+00:00,,,0,False,False,0,False,False,False,NO_ELIGIBLE_VINTAGE,UNAVAILABLE
2013-10-16,2013,24,24,24,0,2013-10-15 16:00:00+00:00,,,0,False,False,0,False,False,False,NO_ELIGIBLE_VINTAGE,UNAVAILABLE
2013-10-17,2013,24,24,24,0,2013-10-16 16:00:00+00:00,,,0,False,False,0,False,False,False,NO_ELIGIBLE_VINTAGE,UNAVAILABLE
2013-10-18,2013,24,24,24,0,2013-10-17 16:00:00+00:00,,,0,False,False,0,False,False,False,NO_ELIGIBLE_VINTAGE,UNAVAILABLE
2013-10-19,2013,24,24,24,0,2013-10-18 16:00:00+00:00,,,0,False,False,0,False,False,False,NO_ELIGIBLE_VINTAGE,UNAVAILABLE
2013-10-20,2013,24,24,24,0,2013-10-19 16:00:00+00:00,,,0,False,False,0,False,False,False,NO_ELIGIBLE_VINTAGE,UNAVAILABLE
2013-10-21,2013,24,24,24,0,2013-10-20 16:00:00+00:00,,,0,False,False,0,False,False,False,NO_ELIGIBLE_VINTAGE,UNAVAILABLE
2013-10-22,2013,24,24,24,0,2013-10-21 16:00:00+00:00,,,0,False,False,0,False,False,False,NO_ELIGIBLE_VINTAGE,UNAVAILABLE
2013-10-23,2013,24,24,24,0,2013-10-22 16:00:00+00:00,,,0,False,False,0,False,False,False,NO_ELIGIBLE_VINTAGE,UNAVAILABLE
2013-10-24,2013,24,24,24,0,2013-10-23 16:00:00+00:00,,,0,False,False,0,False,False,False,NO_ELIGIBLE_VINTAGE,UNAVAILABLE
2013-10-25,2013,24,24,24,0,2013-10-24 16:00:00+00:00,,,0,False,False,0,False,False,False,NO_ELIGIBLE_VINTAGE,UNAVAILABLE
2013-10-26,2013,24,24,24,0,2013-10-25 16:00:00+00:00,,,0,False,False,0,False,False,False,NO_ELIGIBLE_VINTAGE,UNAVAILABLE
2013-10-27,2013,24,24,24,0,2013-10-26 16:00:00+00:00,,,0,False,False,0,False,False,False,NO_ELIGIBLE_VINTAGE,UNAVAILABLE
2013-10-28,2013,24,24,24,0,2013-10-27 16:00:00+00:00,,,0,False,False,0,False,False,False,NO_ELIGIBLE_VINTAGE,UNAVAILABLE
2013-10-29,2013,24,24,24,0,2013-10-28 16:00:00+00:00,,,0,False,False,0,False,False,False,NO_ELIGIBLE_VINTAGE,UNAVAILABLE
2013-10-30,2013,24,24,24,0,2013-10-29 16:00:00+00:00,,,0,False,False,0,False,False,False,NO_ELIGIBLE_VINTAGE,UNAVAILABLE
2013-10-31,2013,24,24,24,0,2013-10-30 16:00:00+00:00,,,0,False,False,0,False,False,False,NO_ELIGIBLE_VINTAGE,UNAVAILABLE
2013-11-01,2013,24,24,24,0,2013-10-31 16:00:00+00:00,,,0,False,False,0,False,False,False,NO_ELIGIBLE_VINTAGE,UNAVAILABLE
2013-11-02,2013,24,24,24,0,2013-11-01 16:00:00+00:00,,,0,False,False,0,False,False,False,NO_ELIGIBLE_VINTAGE,UNAVAILABLE
2013-11-03,2013,25,25,25,0,2013-11-02 16:00:00+00:00,,,0,False,False,0,False,False,False,NO_ELIGIBLE_VINTAGE,UNAVAILABLE
2013-11-04,2013,24,24,24,0,2013-11-03 17:00:00+00:00,,,0,False,False,0,False,False,False,NO_ELIGIBLE_VINTAGE,UNAVAILABLE
2013-11-05,2013,24,24,24,0,2013-11-04 17:00:00+00:00,,,0,False,False,0,False,False,False,NO_ELIGIBLE_VINTAGE,UNAVAILABLE
2013-11-06,2013,24,24,24,0,2013-11-05 17:00:00+00:00,,,0,False,False,0,False,False,False,NO_ELIGIBLE_VINTAGE,UNAVAILABLE
2013-11-07,2013,24,24,24,0,2013-11-06 17:00:00+00:00,,,0,False,False,0,False,False,False,NO_ELIGIBLE_VINTAGE,UNAVAILABLE
2013-11-08,2013,24,24,24,0,2013-11-07 17:00:00+00:00,,,0,False,False,0,False,False,False,NO_ELIGIBLE_VINTAGE,UNAVAILABLE
2013-11-09,2013,24,24,24,0,2013-11-08 17:00:00+00:00,,,0,False,False,0,False,False,False,NO_ELIGIBLE_VINTAGE,UNAVAILABLE
2013-11-10,2013,24,24,24,0,2013-11-09 17:00:00+00:00,,,0,False,False,0,False,False,False,NO_ELIGIBLE_VINTAGE,UNAVAILABLE
2013-11-11,2013,24,24,24,0,2013-11-10 17:00:00+00:00,,,0,False,False,0,False,False,False,NO_ELIGIBLE_VINTAGE,UNAVAILABLE
2013-11-12,2013,24,24,24,0,2013-11-11 17:00:00+00:00,,,0,False,False,0,False,False,False,NO_ELIGIBLE_VINTAGE,UNAVAILABLE
2013-11-13,2013,24,24,24,0,2013-11-12 17:00:00+00:00,,,0,False,False,0,False,False,False,NO_ELIGIBLE_VINTAGE,UNAVAILABLE
2013-11-14,2013,24,24,24,0,2013-11-13 17:00:00+00:00,,,0,False,False,0,False,False,False,NO_ELIGIBLE_VINTAGE,UNAVAILABLE
2013-11-15,2013,24,24,24,0,2013-11-14 17:00:00+00:00,,,0,False,False,0,False,False,False,NO_ELIGIBLE_VINTAGE,UNAVAILABLE
2013-11-16,2013,24,24,24,0,2013-11-15 17:00:00+00:00,,,0,False,False,0,False,False,False,NO_ELIGIBLE_VINTAGE,UNAVAILABLE
2013-11-17,2013,24,24,24,0,2013-11-16 17:00:00+00:00,,,0,False,False,0,False,False,False,NO_ELIGIBLE_VINTAGE,UNAVAILABLE
2013-11-18,2013,24,24,24,0,2013-11-17 17:00:00+00:00,,,0,False,False,0,False,False,False,NO_ELIGIBLE_VINTAGE,UNAVAILABLE
2013-11-19,2013,24,24,24,0,2013-11-18 17:00:00+00:00,,,0,False,False,0,False,False,False,NO_ELIGIBLE_VINTAGE,UNAVAILABLE
2013-11-20,2013,24,24,24,0,2013-11-19 17:00:00+00:00,,,0,False,False,0,False,False,False,NO_ELIGIBLE_VINTAGE,UNAVAILABLE
2013-11-21,2013,24,24,24,0,2013-11-20 17:00:00+00:00,,,0,False,False,0,False,False,False,NO_ELIGIBLE_VINTAGE,UNAVAILABLE
2013-11-22,2013,24,24,24,0,2013-11-21 17:00:00+00:00,,,0,False,False,0,False,False,False,NO_ELIGIBLE_VINTAGE,UNAVAILABLE
2013-11-23,2013,24,24,24,0,2013-11-22 17:00:00+00:00,,,0,False,False,0,False,False,False,NO_ELIGIBLE_VINTAGE,UNAVAILABLE
2013-11-24,2013,24,24,24,0,2013-11-23 17:00:00+00:00,,,0,False,False,0,False,False,False,NO_ELIGIBLE_VINTAGE,UNAVAILABLE
2013-11-25,2013,24,24,24,0,2013-11-24 17:00:00+00:00,,,0,False,False,0,False,False,False,NO_ELIGIBLE_VINTAGE,UNAVAILABLE
2013-11-26,2013,24,24,24,0,2013-11-25 17:00:00+00:00,,,0,False,False,0,False,False,False,NO_ELIGIBLE_VINTAGE,UNAVAILABLE
2013-11-27,2013,24,24,24,0,2013-11-26 17:00:00+00:00,,,0,False,False,0,False,False,False,NO_ELIGIBLE_VINTAGE,UNAVAILABLE
2013-11-28,2013,24,24,24,0,2013-11-27 17:00:00+00:00,,,0,False,False,0,False,False,False,NO_ELIGIBLE_VINTAGE,UNAVAILABLE
2013-11-29,2013,24,24,24,0,2013-11-28 17:00:00+00:00,,,0,False,False,0,False,False,False,NO_ELIGIBLE_VINTAGE,UNAVAILABLE
2013-11-30,2013,24,24,24,0,2013-11-29 17:00:00+00:00,,,0,False,False,0,False,False,False,NO_ELIGIBLE_VINTAGE,UNAVAILABLE
2013-12-01,2013,24,24,24,0,2013-11-30 17:00:00+00:00,,,0,False,False,0,False,False,False,NO_ELIGIBLE_VINTAGE,UNAVAILABLE
2013-12-02,2013,24,24,24,0,2013-12-01 17:00:00+00:00,,,0,False,False,0,False,False,False,NO_ELIGIBLE_VINTAGE,UNAVAILABLE
2013-12-03,2013,24,24,24,0,2013-12-02 17:00:00+00:00,,,0,False,False,0,False,False,False,NO_ELIGIBLE_VINTAGE,UNAVAILABLE
2013-12-04,2013,24,24,24,0,2013-12-03 17:00:00+00:00,,,0,False,False,0,False,False,False,NO_ELIGIBLE_VINTAGE,UNAVAILABLE
2013-12-05,2013,24,24,24,0,2013-12-04 17:00:00+00:00,,,0,False,False,0,False,False,False,NO_ELIGIBLE_VINTAGE,UNAVAILABLE
2013-12-06,2013,24,24,24,0,2013-12-05 17:00:00+00:00,,,0,False,False,0,False,False,False,NO_ELIGIBLE_VINTAGE,UNAVAILABLE
2013-12-07,2013,24,24,24,0,2013-12-06 17:00:00+00:00,,,0,False,False,0,False,False,False,NO_ELIGIBLE_VINTAGE,UNAVAILABLE
2013-12-08,2013,24,24,24,0,2013-12-07 17:00:00+00:00,,,0,False,False,0,False,False,False,NO_ELIGIBLE_VINTAGE,UNAVAILABLE
2013-12-09,2013,24,24,24,0,2013-12-08 17:00:00+00:00,,,0,False,False,0,False,False,False,NO_ELIGIBLE_VINTAGE,UNAVAILABLE
2013-12-10,2013,24,24,24,0,2013-12-09 17:00:00+00:00,,,0,False,False,0,False,False,False,NO_ELIGIBLE_VINTAGE,UNAVAILABLE
2013-12-11,2013,24,24,24,0,2013-12-10 17:00:00+00:00,,,0,False,False,0,False,False,False,NO_ELIGIBLE_VINTAGE,UNAVAILABLE
2013-12-12,2013,24,24,24,0,2013-12-11 17:00:00+00:00,,,0,False,False,0,False,False,False,NO_ELIGIBLE_VINTAGE,UNAVAILABLE
2013-12-13,2013,24,24,24,0,2013-12-12 17:00:00+00:00,,,0,False,False,0,False,False,False,NO_ELIGIBLE_VINTAGE,UNAVAILABLE
2013-12-14,2013,24,24,24,0,2013-12-13 17:00:00+00:00,,,0,False,False,0,False,False,False,NO_ELIGIBLE_VINTAGE,UNAVAILABLE
2013-12-15,2013,24,24,24,0,2013-12-14 17:00:00+00:00,,,0,False,False,0,False,False,False,NO_ELIGIBLE_VINTAGE,UNAVAILABLE
2013-12-16,2013,24,24,24,0,2013-12-15 17:00:00+00:00,,,0,False,False,0,False,False,False,NO_ELIGIBLE_VINTAGE,UNAVAILABLE
2013-12-17,2013,24,24,24,0,2013-12-16 17:00:00+00:00,,,0,False,False,0,False,False,False,NO_ELIGIBLE_VINTAGE,UNAVAILABLE
2013-12-18,2013,24,24,24,0,2013-12-17 17:00:00+00:00,,,0,False,False,0,False,False,False,NO_ELIGIBLE_VINTAGE,UNAVAILABLE
2013-12-19,2013,24,24,24,0,2013-12-18 17:00:00+00:00,,,0,False,False,0,False,False,False,NO_ELIGIBLE_VINTAGE,UNAVAILABLE
2013-12-20,2013,24,24,24,0,2013-12-19 17:00:00+00:00,,,0,False,False,0,False,False,False,NO_ELIGIBLE_VINTAGE,UNAVAILABLE
2013-12-21,2013,24,24,24,0,2013-12-20 17:00:00+00:00,,,0,False,False,0,False,False,False,NO_ELIGIBLE_VINTAGE,UNAVAILABLE
2013-12-22,2013,24,24,24,0,2013-12-21 17:00:00+00:00,,,0,False,False,0,False,False,False,NO_ELIGIBLE_VINTAGE,UNAVAILABLE
2013-12-23,2013,24,24,24,0,2013-12-22 17:00:00+00:00,,,0,False,False,0,False,False,False,NO_ELIGIBLE_VINTAGE,UNAVAILABLE
2013-12-24,2013,24,24,24,0,2013-12-23 17:00:00+00:00,,,0,False,False,0,False,False,False,NO_ELIGIBLE_VINTAGE,UNAVAILABLE
2013-12-25,2013,24,24,24,0,2013-12-24 17:00:00+00:00,,,0,False,False,0,False,False,False,NO_ELIGIBLE_VINTAGE,UNAVAILABLE
2013-12-26,2013,24,24,24,0,2013-12-25 17:00:00+00:00,,,0,False,False,0,False,False,False,NO_ELIGIBLE_VINTAGE,UNAVAILABLE
2013-12-27,2013,24,24,24,0,2013-12-26 17:00:00+00:00,,,0,False,False,0,False,False,False,NO_ELIGIBLE_VINTAGE,UNAVAILABLE
2013-12-28,2013,24,24,24,0,2013-12-27 17:00:00+00:00,,,0,False,False,0,False,False,False,NO_ELIGIBLE_VINTAGE,UNAVAILABLE
2013-12-29,2013,24,24,24,0,2013-12-28 17:00:00+00:00,,,0,False,False,0,False,False,False,NO_ELIGIBLE_VINTAGE,UNAVAILABLE
2013-12-30,2013,24,24,24,0,2013-12-29 17:00:00+00:00,,,0,False,False,0,False,False,False,NO_ELIGIBLE_VINTAGE,UNAVAILABLE
2013-12-31,2013,24,24,24,0,2013-12-30 17:00:00+00:00,,,0,False,False,0,False,False,False,NO_ELIGIBLE_VINTAGE,UNAVAILABLE
2014-01-01,2014,24,24,24,21,2013-12-31 17:00:00+00:00,2013-12-31 00:00:00,2013-12-31 00:00:00+00:00,1,True,False,1,True,False,False,NO_COMPLETE_VINTAGE,PARTIAL_DAY_DETECTED
2014-01-02,2014,24,24,24,21,2014-01-01 17:00:00+00:00,2014-01-01 00:00:00,2014-01-01 00:00:00+00:00,1,True,False,1,True,False,False,NO_COMPLETE_VINTAGE,PARTIAL_DAY_DETECTED
2014-01-03,2014,24,24,24,21,2014-01-02 17:00:00+00:00,2014-01-02 00:00:00,2014-01-02 00:00:00+00:00,1,True,False,1,True,False,False,NO_COMPLETE_VINTAGE,PARTIAL_DAY_DETECTED
2014-01-04,2014,24,24,24,21,2014-01-03 17:00:00+00:00,2014-01-03 00:00:00,2014-01-03 00:00:00+00:00,1,True,False,1,True,False,False,NO_COMPLETE_VINTAGE,PARTIAL_DAY_DETECTED
2014-01-05,2014,24,24,24,21,2014-01-04 17:00:00+00:00,2014-01-04 00:00:00,2014-01-04 00:00:00+00:00,1,True,False,1,True,False,False,NO_COMPLETE_VINTAGE,PARTIAL_DAY_DETECTED
2014-01-06,2014,24,24,24,21,2014-01-05 17:00:00+00:00,2014-01-05 00:00:00,2014-01-05 00:00:00+00:00,1,True,False,1,True,False,False,NO_COMPLETE_VINTAGE,PARTIAL_DAY_DETECTED
2014-01-07,2014,24,24,24,21,2014-01-06 17:00:00+00:00,2014-01-06 00:00:00,2014-01-06 00:00:00+00:00,1,True,False,1,True,False,False,NO_COMPLETE_VINTAGE,PARTIAL_DAY_DETECTED
2014-01-08,2014,24,24,24,21,2014-01-07 17:00:00+00:00,2014-01-07 00:00:00,2014-01-07 00:00:00+00:00,1,True,False,1,True,False,False,NO_COMPLETE_VINTAGE,PARTIAL_DAY_DETECTED
2014-01-09,2014,24,24,24,21,2014-01-08 17:00:00+00:00,2014-01-08 00:00:00,2014-01-08 00:00:00+00:00,1,True,False,1,True,False,False,NO_COMPLETE_VINTAGE,PARTIAL_DAY_DETECTED
2014-01-10,2014,24,24,24,21,2014-01-09 17:00:00+00:00,2014-01-09 00:00:00,2014-01-09 00:00:00+00:00,1,True,False,1,True,False,False,NO_COMPLETE_VINTAGE,PARTIAL_DAY_DETECTED
2014-01-11,2014,24,24,24,21,2014-01-10 17:00:00+00:00,2014-01-10 00:00:00,2014-01-10 00:00:00+00:00,1,True,False,1,True,False,False,NO_COMPLETE_VINTAGE,PARTIAL_DAY_DETECTED
2014-01-12,2014,24,24,24,21,2014-01-11 17:00:00+00:00,2014-01-11 00:00:00,2014-01-11 00:00:00+00:00,1,True,False,1,True,False,False,NO_COMPLETE_VINTAGE,PARTIAL_DAY_DETECTED
2014-01-13,2014,24,24,24,21,2014-01-12 17:00:00+00:00,2014-01-12 00:00:00,2014-01-12 00:00:00+00:00,1,True,False,1,True,False,False,NO_COMPLETE_VINTAGE,PARTIAL_DAY_DETECTED
2014-01-14,2014,24,24,24,21,2014-01-13 17:00:00+00:00,2014-01-13 00:00:00,2014-01-13 00:00:00+00:00,1,True,False,1,True,False,False,NO_COMPLETE_VINTAGE,PARTIAL_DAY_DETECTED
2014-01-15,2014,24,24,24,21,2014-01-14 17:00:00+00:00,2014-01-14 00:00:00,2014-01-14 00:00:00+00:00,1,True,False,1,True,False,False,NO_COMPLETE_VINTAGE,PARTIAL_DAY_DETECTED
2014-01-16,2014,24,24,24,21,2014-01-15 17:00:00+00:00,2014-01-15 00:00:00,2014-01-15 00:00:00+00:00,1,True,False,1,True,False,False,NO_COMPLETE_VINTAGE,PARTIAL_DAY_DETECTED
2014-01-17,2014,24,24,24,21,2014-01-16 17:00:00+00:00,2014-01-16 00:00:00,2014-01-16 00:00:00+00:00,1,True,False,1,True,False,False,NO_COMPLETE_VINTAGE,PARTIAL_DAY_DETECTED
2014-01-18,2014,24,24,24,21,2014-01-17 17:00:00+00:00,2014-01-17 00:00:00,2014-01-17 00:00:00+00:00,1,True,False,1,True,False,False,NO_COMPLETE_VINTAGE,PARTIAL_DAY_DETECTED
2014-01-19,2014,24,24,24,21,2014-01-18 17:00:00+00:00,2014-01-18 00:00:00,2014-01-18 00:00:00+00:00,1,True,False,1,True,False,False,NO_COMPLETE_VINTAGE,PARTIAL_DAY_DETECTED
2014-01-20,2014,24,24,24,21,2014-01-19 17:00:00+00:00,2014-01-19 00:00:00,2014-01-19 00:00:00+00:00,1,True,False,1,True,False,False,NO_COMPLETE_VINTAGE,PARTIAL_DAY_DETECTED
2014-01-21,2014,24,24,24,21,2014-01-20 17:00:00+00:00,2014-01-20 00:00:00,2014-01-20 00:00:00+00:00,1,True,False,1,True,False,False,NO_COMPLETE_VINTAGE,PARTIAL_DAY_DETECTED
2014-01-22,2014,24,24,24,21,2014-01-21 17:00:00+00:00,2014-01-21 00:00:00,2014-01-21 00:00:00+00:00,1,True,False,1,True,False,False,NO_COMPLETE_VINTAGE,PARTIAL_DAY_DETECTED
2014-01-23,2014,24,24,24,21,2014-01-22 17:00:00+00:00,2014-01-22 00:00:00,2014-01-22 00:00:00+00:00,1,True,False,1,True,False,False,NO_COMPLETE_VINTAGE,PARTIAL_DAY_DETECTED
2014-01-24,2014,24,24,24,21,2014-01-23 17:00:00+00:00,2014-01-23 00:00:00,2014-01-23 00:00:00+00:00,1,True,False,1,True,False,False,NO_COMPLETE_VINTAGE,PARTIAL_DAY_DETECTED
2014-01-25,2014,24,24,24,21,2014-01-24 17:00:00+00:00,2014-01-24 00:00:00,2014-01-24 00:00:00+00:00,1,True,False,1,True,False,False,NO_COMPLETE_VINTAGE,PARTIAL_DAY_DETECTED
2014-01-26,2014,24,24,24,21,2014-01-25 17:00:00+00:00,2014-01-25 00:00:00,2014-01-25 00:00:00+00:00,1,True,False,1,True,False,False,NO_COMPLETE_VINTAGE,PARTIAL_DAY_DETECTED
2014-01-27,2014,24,24,24,21,2014-01-26 17:00:00+00:00,2014-01-26 00:00:00,2014-01-26 00:00:00+00:00,1,True,False,1,True,False,False,NO_COMPLETE_VINTAGE,PARTIAL_DAY_DETECTED
2014-01-28,2014,24,24,24,21,2014-01-27 17:00:00+00:00,2014-01-27 00:00:00,2014-01-27 00:00:00+00:00,1,True,False,1,True,False,False,NO_COMPLETE_VINTAGE,PARTIAL_DAY_DETECTED
2014-01-29,2014,24,24,24,21,2014-01-28 17:00:00+00:00,2014-01-28 00:00:00,2014-01-28 00:00:00+00:00,1,True,False,1,True,False,False,NO_COMPLETE_VINTAGE,PARTIAL_DAY_DETECTED
2014-01-30,2014,24,24,24,21,2014-01-29 17:00:00+00:00,2014-01-29 00:00:00,2014-01-29 00:00:00+00:00,1,True,False,1,True,False,False,NO_COMPLETE_VINTAGE,PARTIAL_DAY_DETECTED
2014-01-31,2014,24,24,24,21,2014-01-30 17:00:00+00:00,2014-01-30 00:00:00,2014-01-30 00:00:00+00:00,1,True,False,1,True,False,False,NO_COMPLETE_VINTAGE,PARTIAL_DAY_DETECTED
2014-02-01,2014,24,24,24,21,2014-01-31 17:00:00+00:00,2014-01-31 00:00:00,2014-01-31 00:00:00+00:00,1,True,False,1,True,False,False,NO_COMPLETE_VINTAGE,PARTIAL_DAY_DETECTED
2014-02-02,2014,24,24,24,21,2014-02-01 17:00:00+00:00,2014-02-01 00:00:00,2014-02-01 00:00:00+00:00,1,True,False,1,True,False,False,NO_COMPLETE_VINTAGE,PARTIAL_DAY_DETECTED
2014-02-03,2014,24,24,24,21,2014-02-02 17:00:00+00:00,2014-02-02 00:00:00,2014-02-02 00:00:00+00:00,1,True,False,1,True,False,False,NO_COMPLETE_VINTAGE,PARTIAL_DAY_DETECTED
2014-02-04,2014,24,24,24,21,2014-02-03 17:00:00+00:00,2014-02-03 00:00:00,2014-02-03 00:00:00+00:00,1,True,False,1,True,False,False,NO_COMPLETE_VINTAGE,PARTIAL_DAY_DETECTED
2014-02-05,2014,24,24,24,21,2014-02-04 17:00:00+00:00,2014-02-04 00:00:00,2014-02-04 00:00:00+00:00,1,True,False,1,True,False,False,NO_COMPLETE_VINTAGE,PARTIAL_DAY_DETECTED
2014-02-06,2014,24,24,24,21,2014-02-05 17:00:00+00:00,2014-02-05 00:00:00,2014-02-05 00:00:00+00:00,1,True,False,1,True,False,False,NO_COMPLETE_VINTAGE,PARTIAL_DAY_DETECTED
2014-02-07,2014,24,24,24,21,2014-02-06 17:00:00+00:00,2014-02-06 00:00:00,2014-02-06 00:00:00+00:00,1,True,False,1,True,False,False,NO_COMPLETE_VINTAGE,PARTIAL_DAY_DETECTED
2014-02-08,2014,24,24,24,21,2014-02-07 17:00:00+00:00,2014-02-07 00:00:00,2014-02-07 00:00:00+00:00,1,True,False,1,True,False,False,NO_COMPLETE_VINTAGE,PARTIAL_DAY_DETECTED
2014-02-09,2014,24,24,24,21,2014-02-08 17:00:00+00:00,2014-02-08 00:00:00,2014-02-08 00:00:00+00:00,1,True,False,1,True,False,False,NO_COMPLETE_VINTAGE,PARTIAL_DAY_DETECTED
2014-02-10,2014,24,24,24,21,2014-02-09 17:00:00+00:00,2014-02-09 00:00:00,2014-02-09 00:00:00+00:00,1,True,False,1,True,False,False,NO_COMPLETE_VINTAGE,PARTIAL_DAY_DETECTED
2014-02-11,2014,24,24,24,21,2014-02-10 17:00:00+00:00,2014-02-10 00:00:00,2014-02-10 00:00:00+00:00,1,True,False,1,True,False,False,NO_COMPLETE_VINTAGE,PARTIAL_DAY_DETECTED
2014-02-12,2014,24,24,24,21,2014-02-11 17:00:00+00:00,2014-02-11 00:00:00,2014-02-11 00:00:00+00:00,1,True,False,1,True,False,False,NO_COMPLETE_VINTAGE,PARTIAL_DAY_DETECTED
2014-02-13,2014,24,24,24,21,2014-02-12 17:00:00+00:00,2014-02-12 00:00:00,2014-02-12 00:00:00+00:00,1,True,False,1,True,False,False,NO_COMPLETE_VINTAGE,PARTIAL_DAY_DETECTED
2014-02-14,2014,24,24,24,21,2014-02-13 17:00:00+00:00,2014-02-13 00:00:00,2014-02-13 00:00:00+00:00,1,True,False,1,True,False,False,NO_COMPLETE_VINTAGE,PARTIAL_DAY_DETECTED
2014-02-15,2014,24,24,24,21,2014-02-14 17:00:00+00:00,2014-02-14 00:00:00,2014-02-14 00:00:00+00:00,1,True,False,1,True,False,False,NO_COMPLETE_VINTAGE,PARTIAL_DAY_DETECTED
2014-02-16,2014,24,24,24,21,2014-02-15 17:00:00+00:00,2014-02-15 00:00:00,2014-02-15 00:00:00+00:00,1,True,False,1,True,False,False,NO_COMPLETE_VINTAGE,PARTIAL_DAY_DETECTED
2014-02-17,2014,24,24,24,21,2014-02-16 17:00:00+00:00,2014-02-16 00:00:00,2014-02-16 00:00:00+00:00,1,True,False,1,True,False,False,NO_COMPLETE_VINTAGE,PARTIAL_DAY_DETECTED
2014-02-18,2014,24,24,24,21,2014-02-17 17:00:00+00:00,2014-02-17 00:00:00,2014-02-17 00:00:00+00:00,1,True,False,1,True,False,False,NO_COMPLETE_VINTAGE,PARTIAL_DAY_DETECTED
2014-02-19,2014,24,24,24,21,2014-02-18 17:00:00+00:00,2014-02-18 00:00:00,2014-02-18 00:00:00+00:00,1,True,False,1,True,False,False,NO_COMPLETE_VINTAGE,PARTIAL_DAY_DETECTED
2014-02-20,2014,24,24,24,21,2014-02-19 17:00:00+00:00,2014-02-19 00:00:00,2014-02-19 00:00:00+00:00,1,True,False,1,True,False,False,NO_COMPLETE_VINTAGE,PARTIAL_DAY_DETECTED
2014-02-21,2014,24,24,24,21,2014-02-20 17:00:00+00:00,2014-02-20 00:00:00,2014-02-20 00:00:00+00:00,1,True,False,1,True,False,False,NO_COMPLETE_VINTAGE,PARTIAL_DAY_DETECTED
2014-02-22,2014,24,24,24,21,2014-02-21 17:00:00+00:00,2014-02-21 00:00:00,2014-02-21 00:00:00+00:00,1,True,False,1,True,False,False,NO_COMPLETE_VINTAGE,PARTIAL_DAY_DETECTED
2014-02-23,2014,24,24,24,21,2014-02-22 17:00:00+00:00,2014-02-22 00:00:00,2014-02-22 00:00:00+00:00,1,True,False,1,True,False,False,NO_COMPLETE_VINTAGE,PARTIAL_DAY_DETECTED
2014-02-24,2014,24,24,24,21,2014-02-23 17:00:00+00:00,2014-02-23 00:00:00,2014-02-23 00:00:00+00:00,1,True,False,1,True,False,False,NO_COMPLETE_VINTAGE,PARTIAL_DAY_DETECTED
2014-02-25,2014,24,24,24,21,2014-02-24 17:00:00+00:00,2014-02-24 00:00:00,2014-02-24 00:00:00+00:00,1,True,False,1,True,False,False,NO_COMPLETE_VINTAGE,PARTIAL_DAY_DETECTED
2014-02-26,2014,24,24,24,21,2014-02-25 17:00:00+00:00,2014-02-25 00:00:00,2014-02-25 00:00:00+00:00,1,True,False,1,True,False,False,NO_COMPLETE_VINTAGE,PARTIAL_DAY_DETECTED
2014-02-27,2014,24,24,24,21,2014-02-26 17:00:00+00:00,2014-02-26 00:00:00,2014-02-26 00:00:00+00:00,1,True,False,1,True,False,False,NO_COMPLETE_VINTAGE,PARTIAL_DAY_DETECTED
2014-02-28,2014,24,24,24,21,2014-02-27 17:00:00+00:00,2014-02-27 00:00:00,2014-02-27 00:00:00+00:00,1,True,False,1,True,False,False,NO_COMPLETE_VINTAGE,PARTIAL_DAY_DETECTED
2014-03-01,2014,24,24,24,21,2014-02-28 17:00:00+00:00,2014-02-28 00:00:00,2014-02-28 00:00:00+00:00,1,True,False,1,True,False,False,NO_COMPLETE_VINTAGE,PARTIAL_DAY_DETECTED
2014-03-02,2014,24,24,24,21,2014-03-01 17:00:00+00:00,2014-03-01 00:00:00,2014-03-01 00:00:00+00:00,1,True,False,1,True,False,False,NO_COMPLETE_VINTAGE,PARTIAL_DAY_DETECTED
2014-03-03,2014,24,24,24,21,2014-03-02 17:00:00+00:00,2014-03-02 00:00:00,2014-03-02 00:00:00+00:00,1,True,False,1,True,False,False,NO_COMPLETE_VINTAGE,PARTIAL_DAY_DETECTED
2014-03-04,2014,24,24,24,21,2014-03-03 17:00:00+00:00,2014-03-03 00:00:00,2014-03-03 00:00:00+00:00,1,True,False,1,True,False,False,NO_COMPLETE_VINTAGE,PARTIAL_DAY_DETECTED
2014-03-05,2014,24,24,24,21,2014-03-04 17:00:00+00:00,2014-03-04 00:00:00,2014-03-04 00:00:00+00:00,1,True,False,1,True,False,False,NO_COMPLETE_VINTAGE,PARTIAL_DAY_DETECTED
2014-03-06,2014,24,24,24,21,2014-03-05 17:00:00+00:00,2014-03-05 00:00:00,2014-03-05 00:00:00+00:00,1,True,False,1,True,False,False,NO_COMPLETE_VINTAGE,PARTIAL_DAY_DETECTED
2014-03-07,2014,24,24,24,21,2014-03-06 17:00:00+00:00,2014-03-06 00:00:00,2014-03-06 00:00:00+00:00,1,True,False,1,True,False,False,NO_COMPLETE_VINTAGE,PARTIAL_DAY_DETECTED
2014-03-08,2014,24,24,24,21,2014-03-07 17:00:00+00:00,2014-03-07 00:00:00,2014-03-07 00:00:00+00:00,1,True,False,1,True,False,False,NO_COMPLETE_VINTAGE,PARTIAL_DAY_DETECTED
2014-03-09,2014,23,23,23,0,2014-03-08 17:00:00+00:00,,,68,False,False,0,False,False,False,NO_COMPLETE_VINTAGE,UNAVAILABLE
2014-03-10,2014,24,24,24,21,2014-03-09 16:00:00+00:00,2014-03-09 00:00:00,2014-03-09 00:00:00+00:00,1,True,False,1,True,False,False,NO_COMPLETE_VINTAGE,PARTIAL_DAY_DETECTED
2014-03-11,2014,24,24,24,21,2014-03-10 16:00:00+00:00,2014-03-10 00:00:00,2014-03-10 00:00:00+00:00,1,True,False,1,True,False,False,NO_COMPLETE_VINTAGE,PARTIAL_DAY_DETECTED
2014-03-12,2014,24,24,24,21,2014-03-11 16:00:00+00:00,2014-03-11 00:00:00,2014-03-11 00:00:00+00:00,1,True,False,1,True,False,False,NO_COMPLETE_VINTAGE,PARTIAL_DAY_DETECTED
2014-03-13,2014,24,24,24,21,2014-03-12 16:00:00+00:00,2014-03-12 00:00:00,2014-03-12 00:00:00+00:00,1,True,False,1,True,False,False,NO_COMPLETE_VINTAGE,PARTIAL_DAY_DETECTED
2014-03-14,2014,24,24,24,21,2014-03-13 16:00:00+00:00,2014-03-13 00:00:00,2014-03-13 00:00:00+00:00,1,True,False,1,True,False,False,NO_COMPLETE_VINTAGE,PARTIAL_DAY_DETECTED
2014-03-15,2014,24,24,24,21,2014-03-14 16:00:00+00:00,2014-03-14 00:00:00,2014-03-14 00:00:00+00:00,1,True,False,1,True,False,False,NO_COMPLETE_VINTAGE,PARTIAL_DAY_DETECTED
2014-03-16,2014,24,24,24,21,2014-03-15 16:00:00+00:00,2014-03-15 00:00:00,2014-03-15 00:00:00+00:00,1,True,False,1,True,False,False,NO_COMPLETE_VINTAGE,PARTIAL_DAY_DETECTED
2014-03-17,2014,24,24,24,21,2014-03-16 16:00:00+00:00,2014-03-16 00:00:00,2014-03-16 00:00:00+00:00,1,True,False,1,True,False,False,NO_COMPLETE_VINTAGE,PARTIAL_DAY_DETECTED
2014-03-18,2014,24,24,24,21,2014-03-17 16:00:00+00:00,2014-03-17 00:00:00,2014-03-17 00:00:00+00:00,1,True,False,1,True,False,False,NO_COMPLETE_VINTAGE,PARTIAL_DAY_DETECTED
2014-03-19,2014,24,24,24,21,2014-03-18 16:00:00+00:00,2014-03-18 00:00:00,2014-03-18 00:00:00+00:00,1,True,False,1,True,False,False,NO_COMPLETE_VINTAGE,PARTIAL_DAY_DETECTED
2014-03-20,2014,24,24,24,21,2014-03-19 16:00:00+00:00,2014-03-19 00:00:00,2014-03-19 00:00:00+00:00,1,True,False,1,True,False,False,NO_COMPLETE_VINTAGE,PARTIAL_DAY_DETECTED
2014-03-21,2014,24,24,24,21,2014-03-20 16:00:00+00:00,2014-03-20 00:00:00,2014-03-20 00:00:00+00:00,1,True,False,1,True,False,False,NO_COMPLETE_VINTAGE,PARTIAL_DAY_DETECTED
2014-03-22,2014,24,24,24,21,2014-03-21 16:00:00+00:00,2014-03-21 00:00:00,2014-03-21 00:00:00+00:00,1,True,False,1,True,False,False,NO_COMPLETE_VINTAGE,PARTIAL_DAY_DETECTED
2014-03-23,2014,24,24,24,21,2014-03-22 16:00:00+00:00,2014-03-22 00:00:00,2014-03-22 00:00:00+00:00,1,True,False,1,True,False,False,NO_COMPLETE_VINTAGE,PARTIAL_DAY_DETECTED
2014-03-24,2014,24,24,24,21,2014-03-23 16:00:00+00:00,2014-03-23 00:00:00,2014-03-23 00:00:00+00:00,1,True,False,1,True,False,False,NO_COMPLETE_VINTAGE,PARTIAL_DAY_DETECTED
2014-03-25,2014,24,24,24,21,2014-03-24 16:00:00+00:00,2014-03-24 00:00:00,2014-03-24 00:00:00+00:00,1,True,False,1,True,False,False,NO_COMPLETE_VINTAGE,PARTIAL_DAY_DETECTED
2014-03-26,2014,24,24,24,21,2014-03-25 16:00:00+00:00,2014-03-25 00:00:00,2014-03-25 00:00:00+00:00,1,True,False,1,True,False,False,NO_COMPLETE_VINTAGE,PARTIAL_DAY_DETECTED
2014-03-27,2014,24,24,24,21,2014-03-26 16:00:00+00:00,2014-03-26 00:00:00,2014-03-26 00:00:00+00:00,1,True,False,1,True,False,False,NO_COMPLETE_VINTAGE,PARTIAL_DAY_DETECTED
2014-03-28,2014,24,24,24,21,2014-03-27 16:00:00+00:00,2014-03-27 00:00:00,2014-03-27 00:00:00+00:00,1,True,False,1,True,False,False,NO_COMPLETE_VINTAGE,PARTIAL_DAY_DETECTED
2014-03-29,2014,24,24,24,21,2014-03-28 16:00:00+00:00,2014-03-28 00:00:00,2014-03-28 00:00:00+00:00,1,True,False,1,True,False,False,NO_COMPLETE_VINTAGE,PARTIAL_DAY_DETECTED
2014-03-30,2014,24,24,24,21,2014-03-29 16:00:00+00:00,2014-03-29 00:00:00,2014-03-29 00:00:00+00:00,1,True,False,1,True,False,False,NO_COMPLETE_VINTAGE,PARTIAL_DAY_DETECTED
2014-03-31,2014,24,24,24,21,2014-03-30 16:00:00+00:00,2014-03-30 00:00:00,2014-03-30 00:00:00+00:00,1,True,False,1,True,False,False,NO_COMPLETE_VINTAGE,PARTIAL_DAY_DETECTED
2014-04-01,2014,24,24,24,21,2014-03-31 16:00:00+00:00,2014-03-31 00:00:00,2014-03-31 00:00:00+00:00,1,True,False,1,True,False,False,NO_COMPLETE_VINTAGE,PARTIAL_DAY_DETECTED
2014-04-02,2014,24,24,24,21,2014-04-01 16:00:00+00:00,2014-04-01 00:00:00,2014-04-01 00:00:00+00:00,1,True,False,1,True,False,False,NO_COMPLETE_VINTAGE,PARTIAL_DAY_DETECTED
2014-04-03,2014,24,24,24,21,2014-04-02 16:00:00+00:00,2014-04-02 00:00:00,2014-04-02 00:00:00+00:00,1,True,False,1,True,False,False,NO_COMPLETE_VINTAGE,PARTIAL_DAY_DETECTED
2014-04-04,2014,24,24,24,21,2014-04-03 16:00:00+00:00,2014-04-03 00:00:00,2014-04-03 00:00:00+00:00,1,True,False,1,True,False,False,NO_COMPLETE_VINTAGE,PARTIAL_DAY_DETECTED
2014-04-05,2014,24,24,24,21,2014-04-04 16:00:00+00:00,2014-04-04 00:00:00,2014-04-04 00:00:00+00:00,1,True,False,1,True,False,False,NO_COMPLETE_VINTAGE,PARTIAL_DAY_DETECTED
2014-04-06,2014,24,24,24,21,2014-04-05 16:00:00+00:00,2014-04-05 00:00:00,2014-04-05 00:00:00+00:00,1,True,False,1,True,False,False,NO_COMPLETE_VINTAGE,PARTIAL_DAY_DETECTED
2014-04-07,2014,24,24,24,21,2014-04-06 16:00:00+00:00,2014-04-06 00:00:00,2014-04-06 00:00:00+00:00,1,True,False,1,True,False,False,NO_COMPLETE_VINTAGE,PARTIAL_DAY_DETECTED
2014-04-08,2014,24,24,24,21,2014-04-07 16:00:00+00:00,2014-04-07 00:00:00,2014-04-07 00:00:00+00:00,1,True,False,1,True,False,False,NO_COMPLETE_VINTAGE,PARTIAL_DAY_DETECTED
2014-04-09,2014,24,24,24,21,2014-04-08 16:00:00+00:00,2014-04-08 00:00:00,2014-04-08 00:00:00+00:00,1,True,False,1,True,False,False,NO_COMPLETE_VINTAGE,PARTIAL_DAY_DETECTED
2014-04-10,2014,24,24,24,21,2014-04-09 16:00:00+00:00,2014-04-09 00:00:00,2014-04-09 00:00:00+00:00,1,True,False,1,True,False,False,NO_COMPLETE_VINTAGE,PARTIAL_DAY_DETECTED
2014-04-11,2014,24,24,24,21,2014-04-10 16:00:00+00:00,2014-04-10 00:00:00,2014-04-10 00:00:00+00:00,1,True,False,1,True,False,False,NO_COMPLETE_VINTAGE,PARTIAL_DAY_DETECTED
2014-04-12,2014,24,24,24,21,2014-04-11 16:00:00+00:00,2014-04-11 00:00:00,2014-04-11 00:00:00+00:00,1,True,False,1,True,False,False,NO_COMPLETE_VINTAGE,PARTIAL_DAY_DETECTED
2014-04-13,2014,24,24,24,21,2014-04-12 16:00:00+00:00,2014-04-12 00:00:00,2014-04-12 00:00:00+00:00,1,True,False,1,True,False,False,NO_COMPLETE_VINTAGE,PARTIAL_DAY_DETECTED
2014-04-14,2014,24,24,24,21,2014-04-13 16:00:00+00:00,2014-04-13 00:00:00,2014-04-13 00:00:00+00:00,1,True,False,1,True,False,False,NO_COMPLETE_VINTAGE,PARTIAL_DAY_DETECTED
2014-04-15,2014,24,24,24,21,2014-04-14 16:00:00+00:00,2014-04-14 00:00:00,2014-04-14 00:00:00+00:00,1,True,False,1,True,False,False,NO_COMPLETE_VINTAGE,PARTIAL_DAY_DETECTED
2014-04-16,2014,24,24,24,21,2014-04-15 16:00:00+00:00,2014-04-15 00:00:00,2014-04-15 00:00:00+00:00,1,True,False,1,True,False,False,NO_COMPLETE_VINTAGE,PARTIAL_DAY_DETECTED
2014-04-17,2014,24,24,24,21,2014-04-16 16:00:00+00:00,2014-04-16 00:00:00,2014-04-16 00:00:00+00:00,1,True,False,1,True,False,False,NO_COMPLETE_VINTAGE,PARTIAL_DAY_DETECTED
2014-04-18,2014,24,24,24,21,2014-04-17 16:00:00+00:00,2014-04-17 00:00:00,2014-04-17 00:00:00+00:00,1,True,False,1,True,False,False,NO_COMPLETE_VINTAGE,PARTIAL_DAY_DETECTED
2014-04-19,2014,24,24,24,21,2014-04-18 16:00:00+00:00,2014-04-18 00:00:00,2014-04-18 00:00:00+00:00,1,True,False,1,True,False,False,NO_COMPLETE_VINTAGE,PARTIAL_DAY_DETECTED
2014-04-20,2014,24,24,24,21,2014-04-19 16:00:00+00:00,2014-04-19 00:00:00,2014-04-19 00:00:00+00:00,1,True,False,1,True,False,False,NO_COMPLETE_VINTAGE,PARTIAL_DAY_DETECTED
2014-04-21,2014,24,24,24,21,2014-04-20 16:00:00+00:00,2014-04-20 00:00:00,2014-04-20 00:00:00+00:00,1,True,False,1,True,False,False,NO_COMPLETE_VINTAGE,PARTIAL_DAY_DETECTED
2014-04-22,2014,24,24,24,21,2014-04-21 16:00:00+00:00,2014-04-21 00:00:00,2014-04-21 00:00:00+00:00,1,True,False,1,True,False,False,NO_COMPLETE_VINTAGE,PARTIAL_DAY_DETECTED
2014-04-23,2014,24,24,24,21,2014-04-22 16:00:00+00:00,2014-04-22 00:00:00,2014-04-22 00:00:00+00:00,1,True,False,1,True,False,False,NO_COMPLETE_VINTAGE,PARTIAL_DAY_DETECTED
2014-04-24,2014,24,24,24,21,2014-04-23 16:00:00+00:00,2014-04-23 00:00:00,2014-04-23 00:00:00+00:00,1,True,False,1,True,False,False,NO_COMPLETE_VINTAGE,PARTIAL_DAY_DETECTED
2014-04-25,2014,24,24,24,21,2014-04-24 16:00:00+00:00,2014-04-24 00:00:00,2014-04-24 00:00:00+00:00,1,True,False,1,True,False,False,NO_COMPLETE_VINTAGE,PARTIAL_DAY_DETECTED
2014-04-26,2014,24,24,24,21,2014-04-25 16:00:00+00:00,2014-04-25 00:00:00,2014-04-25 00:00:00+00:00,1,True,False,1,True,False,False,NO_COMPLETE_VINTAGE,PARTIAL_DAY_DETECTED
2014-04-27,2014,24,24,24,21,2014-04-26 16:00:00+00:00,2014-04-26 00:00:00,2014-04-26 00:00:00+00:00,1,True,False,1,True,False,False,NO_COMPLETE_VINTAGE,PARTIAL_DAY_DETECTED
2014-04-28,2014,24,24,24,21,2014-04-27 16:00:00+00:00,2014-04-27 00:00:00,2014-04-27 00:00:00+00:00,1,True,False,1,True,False,False,NO_COMPLETE_VINTAGE,PARTIAL_DAY_DETECTED
2014-04-29,2014,24,24,24,21,2014-04-28 16:00:00+00:00,2014-04-28 00:00:00,2014-04-28 00:00:00+00:00,1,True,False,1,True,False,False,NO_COMPLETE_VINTAGE,PARTIAL_DAY_DETECTED
2014-04-30,2014,24,24,24,21,2014-04-29 16:00:00+00:00,2014-04-29 00:00:00,2014-04-29 00:00:00+00:00,1,True,False,1,True,False,False,NO_COMPLETE_VINTAGE,PARTIAL_DAY_DETECTED
2014-05-01,2014,24,24,24,21,2014-04-30 16:00:00+00:00,2014-04-30 00:00:00,2014-04-30 00:00:00+00:00,1,True,False,1,True,False,False,NO_COMPLETE_VINTAGE,PARTIAL_DAY_DETECTED
2014-05-02,2014,24,24,24,21,2014-05-01 16:00:00+00:00,2014-05-01 00:00:00,2014-05-01 00:00:00+00:00,1,True,False,1,True,False,False,NO_COMPLETE_VINTAGE,PARTIAL_DAY_DETECTED
2014-05-03,2014,24,24,24,21,2014-05-02 16:00:00+00:00,2014-05-02 00:00:00,2014-05-02 00:00:00+00:00,1,True,False,1,True,False,False,NO_COMPLETE_VINTAGE,PARTIAL_DAY_DETECTED
2014-05-04,2014,24,24,24,21,2014-05-03 16:00:00+00:00,2014-05-03 00:00:00,2014-05-03 00:00:00+00:00,1,True,False,1,True,False,False,NO_COMPLETE_VINTAGE,PARTIAL_DAY_DETECTED
2014-05-05,2014,24,24,24,21,2014-05-04 16:00:00+00:00,2014-05-04 00:00:00,2014-05-04 00:00:00+00:00,1,True,False,1,True,False,False,NO_COMPLETE_VINTAGE,PARTIAL_DAY_DETECTED
2014-05-06,2014,24,24,24,21,2014-05-05 16:00:00+00:00,2014-05-05 00:00:00,2014-05-05 00:00:00+00:00,1,True,False,1,True,False,False,NO_COMPLETE_VINTAGE,PARTIAL_DAY_DETECTED
2014-05-07,2014,24,24,24,21,2014-05-06 16:00:00+00:00,2014-05-06 00:00:00,2014-05-06 00:00:00+00:00,1,True,False,1,True,False,False,NO_COMPLETE_VINTAGE,PARTIAL_DAY_DETECTED
2014-05-08,2014,24,24,24,21,2014-05-07 16:00:00+00:00,2014-05-07 00:00:00,2014-05-07 00:00:00+00:00,1,True,False,1,True,False,False,NO_COMPLETE_VINTAGE,PARTIAL_DAY_DETECTED
2014-05-09,2014,24,24,24,21,2014-05-08 16:00:00+00:00,2014-05-08 00:00:00,2014-05-08 00:00:00+00:00,1,True,False,1,True,False,False,NO_COMPLETE_VINTAGE,PARTIAL_DAY_DETECTED
2014-05-10,2014,24,24,24,21,2014-05-09 16:00:00+00:00,2014-05-09 00:00:00,2014-05-09 00:00:00+00:00,1,True,False,1,True,False,False,NO_COMPLETE_VINTAGE,PARTIAL_DAY_DETECTED
2014-05-11,2014,24,24,24,21,2014-05-10 16:00:00+00:00,2014-05-10 00:00:00,2014-05-10 00:00:00+00:00,1,True,False,1,True,False,False,NO_COMPLETE_VINTAGE,PARTIAL_DAY_DETECTED
2014-05-12,2014,24,24,24,21,2014-05-11 16:00:00+00:00,2014-05-11 00:00:00,2014-05-11 00:00:00+00:00,1,True,False,1,True,False,False,NO_COMPLETE_VINTAGE,PARTIAL_DAY_DETECTED
2014-05-13,2014,24,24,24,21,2014-05-12 16:00:00+00:00,2014-05-12 00:00:00,2014-05-12 00:00:00+00:00,1,True,False,1,True,False,False,NO_COMPLETE_VINTAGE,PARTIAL_DAY_DETECTED
2014-05-14,2014,24,24,24,21,2014-05-13 16:00:00+00:00,2014-05-13 00:00:00,2014-05-13 00:00:00+00:00,1,True,False,1,True,False,False,NO_COMPLETE_VINTAGE,PARTIAL_DAY_DETECTED
2014-05-15,2014,24,24,24,21,2014-05-14 16:00:00+00:00,2014-05-14 00:00:00,2014-05-14 00:00:00+00:00,1,True,False,1,True,False,False,NO_COMPLETE_VINTAGE,PARTIAL_DAY_DETECTED
2014-05-16,2014,24,24,24,21,2014-05-15 16:00:00+00:00,2014-05-15 00:00:00,2014-05-15 00:00:00+00:00,1,True,False,1,True,False,False,NO_COMPLETE_VINTAGE,PARTIAL_DAY_DETECTED
2014-05-17,2014,24,24,24,21,2014-05-16 16:00:00+00:00,2014-05-16 00:00:00,2014-05-16 00:00:00+00:00,1,True,False,1,True,False,False,NO_COMPLETE_VINTAGE,PARTIAL_DAY_DETECTED
2014-05-18,2014,24,24,24,21,2014-05-17 16:00:00+00:00,2014-05-17 00:00:00,2014-05-17 00:00:00+00:00,1,True,False,1,True,False,False,NO_COMPLETE_VINTAGE,PARTIAL_DAY_DETECTED
2014-05-19,2014,24,24,24,21,2014-05-18 16:00:00+00:00,2014-05-18 00:00:00,2014-05-18 00:00:00+00:00,1,True,False,1,True,False,False,NO_COMPLETE_VINTAGE,PARTIAL_DAY_DETECTED
2014-05-20,2014,24,24,24,21,2014-05-19 16:00:00+00:00,2014-05-19 00:00:00,2014-05-19 00:00:00+00:00,1,True,False,1,True,False,False,NO_COMPLETE_VINTAGE,PARTIAL_DAY_DETECTED
2014-05-21,2014,24,24,24,21,2014-05-20 16:00:00+00:00,2014-05-20 00:00:00,2014-05-20 00:00:00+00:00,1,True,False,1,True,False,False,NO_COMPLETE_VINTAGE,PARTIAL_DAY_DETECTED
2014-05-22,2014,24,24,24,21,2014-05-21 16:00:00+00:00,2014-05-21 00:00:00,2014-05-21 00:00:00+00:00,1,True,False,1,True,False,False,NO_COMPLETE_VINTAGE,PARTIAL_DAY_DETECTED
2014-05-23,2014,24,24,24,21,2014-05-22 16:00:00+00:00,2014-05-22 00:00:00,2014-05-22 00:00:00+00:00,1,True,False,1,True,False,False,NO_COMPLETE_VINTAGE,PARTIAL_DAY_DETECTED
2014-05-24,2014,24,24,24,21,2014-05-23 16:00:00+00:00,2014-05-23 00:00:00,2014-05-23 00:00:00+00:00,1,True,False,1,True,False,False,NO_COMPLETE_VINTAGE,PARTIAL_DAY_DETECTED
2014-05-25,2014,24,24,24,21,2014-05-24 16:00:00+00:00,2014-05-24 00:00:00,2014-05-24 00:00:00+00:00,1,True,False,1,True,False,False,NO_COMPLETE_VINTAGE,PARTIAL_DAY_DETECTED
2014-05-26,2014,24,24,24,21,2014-05-25 16:00:00+00:00,2014-05-25 00:00:00,2014-05-25 00:00:00+00:00,1,True,False,1,True,False,False,NO_COMPLETE_VINTAGE,PARTIAL_DAY_DETECTED
2014-05-27,2014,24,24,24,21,2014-05-26 16:00:00+00:00,2014-05-26 00:00:00,2014-05-26 00:00:00+00:00,1,True,False,1,True,False,False,NO_COMPLETE_VINTAGE,PARTIAL_DAY_DETECTED
2014-05-28,2014,24,24,24,21,2014-05-27 16:00:00+00:00,2014-05-27 00:00:00,2014-05-27 00:00:00+00:00,1,True,False,1,True,False,False,NO_COMPLETE_VINTAGE,PARTIAL_DAY_DETECTED
2014-05-29,2014,24,24,24,21,2014-05-28 16:00:00+00:00,2014-05-28 00:00:00,2014-05-28 00:00:00+00:00,1,True,False,1,True,False,False,NO_COMPLETE_VINTAGE,PARTIAL_DAY_DETECTED
2014-05-30,2014,24,24,24,21,2014-05-29 16:00:00+00:00,2014-05-29 00:00:00,2014-05-29 00:00:00+00:00,1,True,False,1,True,False,False,NO_COMPLETE_VINTAGE,PARTIAL_DAY_DETECTED
2014-05-31,2014,24,24,24,21,2014-05-30 16:00:00+00:00,2014-05-30 00:00:00,2014-05-30 00:00:00+00:00,1,True,False,1,True,False,False,NO_COMPLETE_VINTAGE,PARTIAL_DAY_DETECTED
2014-06-01,2014,24,24,24,21,2014-05-31 16:00:00+00:00,2014-05-31 00:00:00,2014-05-31 00:00:00+00:00,1,True,False,1,True,False,False,NO_COMPLETE_VINTAGE,PARTIAL_DAY_DETECTED
2014-06-02,2014,24,24,24,21,2014-06-01 16:00:00+00:00,2014-06-01 00:00:00,2014-06-01 00:00:00+00:00,1,True,False,1,True,False,False,NO_COMPLETE_VINTAGE,PARTIAL_DAY_DETECTED
2014-06-03,2014,24,24,24,21,2014-06-02 16:00:00+00:00,2014-06-02 00:00:00,2014-06-02 00:00:00+00:00,1,True,False,1,True,False,False,NO_COMPLETE_VINTAGE,PARTIAL_DAY_DETECTED
2014-06-04,2014,24,24,24,21,2014-06-03 16:00:00+00:00,2014-06-03 00:00:00,2014-06-03 00:00:00+00:00,1,True,False,1,True,False,False,NO_COMPLETE_VINTAGE,PARTIAL_DAY_DETECTED
2014-06-05,2014,24,24,24,21,2014-06-04 16:00:00+00:00,2014-06-04 00:00:00,2014-06-04 00:00:00+00:00,1,True,False,1,True,False,False,NO_COMPLETE_VINTAGE,PARTIAL_DAY_DETECTED
2014-06-06,2014,24,24,24,21,2014-06-05 16:00:00+00:00,2014-06-05 00:00:00,2014-06-05 00:00:00+00:00,1,True,False,1,True,False,False,NO_COMPLETE_VINTAGE,PARTIAL_DAY_DETECTED
2014-06-07,2014,24,24,24,21,2014-06-06 16:00:00+00:00,2014-06-06 00:00:00,2014-06-06 00:00:00+00:00,1,True,False,1,True,False,False,NO_COMPLETE_VINTAGE,PARTIAL_DAY_DETECTED
2014-06-08,2014,24,24,24,21,2014-06-07 16:00:00+00:00,2014-06-07 00:00:00,2014-06-07 00:00:00+00:00,1,True,False,1,True,False,False,NO_COMPLETE_VINTAGE,PARTIAL_DAY_DETECTED
2014-06-09,2014,24,24,24,21,2014-06-08 16:00:00+00:00,2014-06-08 00:00:00,2014-06-08 00:00:00+00:00,1,True,False,1,True,False,False,NO_COMPLETE_VINTAGE,PARTIAL_DAY_DETECTED
2014-06-10,2014,24,24,24,21,2014-06-09 16:00:00+00:00,2014-06-09 00:00:00,2014-06-09 00:00:00+00:00,1,True,False,1,True,False,False,NO_COMPLETE_VINTAGE,PARTIAL_DAY_DETECTED
2014-06-11,2014,24,24,24,21,2014-06-10 16:00:00+00:00,2014-06-10 00:00:00,2014-06-10 00:00:00+00:00,1,True,False,1,True,False,False,NO_COMPLETE_VINTAGE,PARTIAL_DAY_DETECTED
2014-06-12,2014,24,24,24,21,2014-06-11 16:00:00+00:00,2014-06-11 00:00:00,2014-06-11 00:00:00+00:00,1,True,False,1,True,False,False,NO_COMPLETE_VINTAGE,PARTIAL_DAY_DETECTED
2014-06-13,2014,24,24,24,21,2014-06-12 16:00:00+00:00,2014-06-12 00:00:00,2014-06-12 00:00:00+00:00,1,True,False,1,True,False,False,NO_COMPLETE_VINTAGE,PARTIAL_DAY_DETECTED
2014-06-14,2014,24,24,24,21,2014-06-13 16:00:00+00:00,2014-06-13 00:00:00,2014-06-13 00:00:00+00:00,1,True,False,1,True,False,False,NO_COMPLETE_VINTAGE,PARTIAL_DAY_DETECTED
2014-06-15,2014,24,24,24,21,2014-06-14 16:00:00+00:00,2014-06-14 00:00:00,2014-06-14 00:00:00+00:00,1,True,False,1,True,False,False,NO_COMPLETE_VINTAGE,PARTIAL_DAY_DETECTED
2014-06-16,2014,24,24,24,21,2014-06-15 16:00:00+00:00,2014-06-15 00:00:00,2014-06-15 00:00:00+00:00,1,True,False,1,True,False,False,NO_COMPLETE_VINTAGE,PARTIAL_DAY_DETECTED
2014-06-17,2014,24,24,24,21,2014-06-16 16:00:00+00:00,2014-06-16 00:00:00,2014-06-16 00:00:00+00:00,1,True,False,1,True,False,False,NO_COMPLETE_VINTAGE,PARTIAL_DAY_DETECTED
2014-06-18,2014,24,24,24,21,2014-06-17 16:00:00+00:00,2014-06-17 00:00:00,2014-06-17 00:00:00+00:00,1,True,False,1,True,False,False,NO_COMPLETE_VINTAGE,PARTIAL_DAY_DETECTED
2014-06-19,2014,24,24,24,21,2014-06-18 16:00:00+00:00,2014-06-18 00:00:00,2014-06-18 00:00:00+00:00,1,True,False,1,True,False,False,NO_COMPLETE_VINTAGE,PARTIAL_DAY_DETECTED
2014-06-20,2014,24,24,24,21,2014-06-19 16:00:00+00:00,2014-06-19 00:00:00,2014-06-19 00:00:00+00:00,1,True,False,1,True,False,False,NO_COMPLETE_VINTAGE,PARTIAL_DAY_DETECTED
2014-06-21,2014,24,24,24,21,2014-06-20 16:00:00+00:00,2014-06-20 00:00:00,2014-06-20 00:00:00+00:00,1,True,False,1,True,False,False,NO_COMPLETE_VINTAGE,PARTIAL_DAY_DETECTED
2014-06-22,2014,24,24,24,21,2014-06-21 16:00:00+00:00,2014-06-21 00:00:00,2014-06-21 00:00:00+00:00,1,True,False,1,True,False,False,NO_COMPLETE_VINTAGE,PARTIAL_DAY_DETECTED
2014-06-23,2014,24,24,24,21,2014-06-22 16:00:00+00:00,2014-06-22 00:00:00,2014-06-22 00:00:00+00:00,1,True,False,1,True,False,False,NO_COMPLETE_VINTAGE,PARTIAL_DAY_DETECTED
2014-06-24,2014,24,24,24,21,2014-06-23 16:00:00+00:00,2014-06-23 00:00:00,2014-06-23 00:00:00+00:00,1,True,False,1,True,False,False,NO_COMPLETE_VINTAGE,PARTIAL_DAY_DETECTED
2014-06-25,2014,24,24,24,21,2014-06-24 16:00:00+00:00,2014-06-24 00:00:00,2014-06-24 00:00:00+00:00,1,True,False,1,True,False,False,NO_COMPLETE_VINTAGE,PARTIAL_DAY_DETECTED
2014-06-26,2014,24,24,24,21,2014-06-25 16:00:00+00:00,2014-06-25 00:00:00,2014-06-25 00:00:00+00:00,1,True,False,1,True,False,False,NO_COMPLETE_VINTAGE,PARTIAL_DAY_DETECTED
2014-06-27,2014,24,24,24,21,2014-06-26 16:00:00+00:00,2014-06-26 00:00:00,2014-06-26 00:00:00+00:00,1,True,False,1,True,False,False,NO_COMPLETE_VINTAGE,PARTIAL_DAY_DETECTED
2014-06-28,2014,24,24,24,21,2014-06-27 16:00:00+00:00,2014-06-27 00:00:00,2014-06-27 00:00:00+00:00,1,True,False,1,True,False,False,NO_COMPLETE_VINTAGE,PARTIAL_DAY_DETECTED
2014-06-29,2014,24,24,24,21,2014-06-28 16:00:00+00:00,2014-06-28 00:00:00,2014-06-28 00:00:00+00:00,1,True,False,1,True,False,False,NO_COMPLETE_VINTAGE,PARTIAL_DAY_DETECTED
2014-06-30,2014,24,24,24,21,2014-06-29 16:00:00+00:00,2014-06-29 00:00:00,2014-06-29 00:00:00+00:00,1,True,False,1,True,False,False,NO_COMPLETE_VINTAGE,PARTIAL_DAY_DETECTED
2014-07-01,2014,24,24,24,21,2014-06-30 16:00:00+00:00,2014-06-30 00:00:00,2014-06-30 00:00:00+00:00,1,True,False,1,True,False,False,NO_COMPLETE_VINTAGE,PARTIAL_DAY_DETECTED
2014-07-02,2014,24,24,24,21,2014-07-01 16:00:00+00:00,2014-07-01 00:00:00,2014-07-01 00:00:00+00:00,1,True,False,1,True,False,False,NO_COMPLETE_VINTAGE,PARTIAL_DAY_DETECTED
2014-07-03,2014,24,24,24,21,2014-07-02 16:00:00+00:00,2014-07-02 00:00:00,2014-07-02 00:00:00+00:00,1,True,False,1,True,False,False,NO_COMPLETE_VINTAGE,PARTIAL_DAY_DETECTED
2014-07-04,2014,24,24,24,21,2014-07-03 16:00:00+00:00,2014-07-03 00:00:00,2014-07-03 00:00:00+00:00,1,True,False,1,True,False,False,NO_COMPLETE_VINTAGE,PARTIAL_DAY_DETECTED
2014-07-05,2014,24,24,24,21,2014-07-04 16:00:00+00:00,2014-07-04 00:00:00,2014-07-04 00:00:00+00:00,1,True,False,1,True,False,False,NO_COMPLETE_VINTAGE,PARTIAL_DAY_DETECTED
2014-07-06,2014,24,24,24,21,2014-07-05 16:00:00+00:00,2014-07-05 00:00:00,2014-07-05 00:00:00+00:00,1,True,False,1,True,False,False,NO_COMPLETE_VINTAGE,PARTIAL_DAY_DETECTED
2014-07-07,2014,24,24,24,21,2014-07-06 16:00:00+00:00,2014-07-06 00:00:00,2014-07-06 00:00:00+00:00,1,True,False,1,True,False,False,NO_COMPLETE_VINTAGE,PARTIAL_DAY_DETECTED
2014-07-08,2014,24,24,24,21,2014-07-07 16:00:00+00:00,2014-07-07 00:00:00,2014-07-07 00:00:00+00:00,1,True,False,1,True,False,False,NO_COMPLETE_VINTAGE,PARTIAL_DAY_DETECTED
2014-07-09,2014,24,24,24,21,2014-07-08 16:00:00+00:00,2014-07-08 00:00:00,2014-07-08 00:00:00+00:00,1,True,False,1,True,False,False,NO_COMPLETE_VINTAGE,PARTIAL_DAY_DETECTED
2014-07-10,2014,24,24,24,21,2014-07-09 16:00:00+00:00,2014-07-09 00:00:00,2014-07-09 00:00:00+00:00,1,True,False,1,True,False,False,NO_COMPLETE_VINTAGE,PARTIAL_DAY_DETECTED
2014-07-11,2014,24,24,24,21,2014-07-10 16:00:00+00:00,2014-07-10 00:00:00,2014-07-10 00:00:00+00:00,1,True,False,1,True,False,False,NO_COMPLETE_VINTAGE,PARTIAL_DAY_DETECTED
2014-07-12,2014,24,24,24,21,2014-07-11 16:00:00+00:00,2014-07-11 00:00:00,2014-07-11 00:00:00+00:00,1,True,False,1,True,False,False,NO_COMPLETE_VINTAGE,PARTIAL_DAY_DETECTED
2014-07-13,2014,24,24,24,21,2014-07-12 16:00:00+00:00,2014-07-12 00:00:00,2014-07-12 00:00:00+00:00,1,True,False,1,True,False,False,NO_COMPLETE_VINTAGE,PARTIAL_DAY_DETECTED
2014-07-14,2014,24,24,24,21,2014-07-13 16:00:00+00:00,2014-07-13 00:00:00,2014-07-13 00:00:00+00:00,1,True,False,1,True,False,False,NO_COMPLETE_VINTAGE,PARTIAL_DAY_DETECTED
2014-07-15,2014,24,24,24,21,2014-07-14 16:00:00+00:00,2014-07-14 00:00:00,2014-07-14 00:00:00+00:00,1,True,False,1,True,False,False,NO_COMPLETE_VINTAGE,PARTIAL_DAY_DETECTED
2014-07-16,2014,24,24,24,21,2014-07-15 16:00:00+00:00,2014-07-15 00:00:00,2014-07-15 00:00:00+00:00,1,True,False,1,True,False,False,NO_COMPLETE_VINTAGE,PARTIAL_DAY_DETECTED
2014-07-17,2014,24,24,24,21,2014-07-16 16:00:00+00:00,2014-07-16 00:00:00,2014-07-16 00:00:00+00:00,1,True,False,1,True,False,False,NO_COMPLETE_VINTAGE,PARTIAL_DAY_DETECTED
2014-07-18,2014,24,24,24,21,2014-07-17 16:00:00+00:00,2014-07-17 00:00:00,2014-07-17 00:00:00+00:00,1,True,False,1,True,False,False,NO_COMPLETE_VINTAGE,PARTIAL_DAY_DETECTED
2014-07-19,2014,24,24,24,21,2014-07-18 16:00:00+00:00,2014-07-18 00:00:00,2014-07-18 00:00:00+00:00,1,True,False,1,True,False,False,NO_COMPLETE_VINTAGE,PARTIAL_DAY_DETECTED
2014-07-20,2014,24,24,24,21,2014-07-19 16:00:00+00:00,2014-07-19 00:00:00,2014-07-19 00:00:00+00:00,1,True,False,1,True,False,False,NO_COMPLETE_VINTAGE,PARTIAL_DAY_DETECTED
2014-07-21,2014,24,24,24,21,2014-07-20 16:00:00+00:00,2014-07-20 00:00:00,2014-07-20 00:00:00+00:00,1,True,False,1,True,False,False,NO_COMPLETE_VINTAGE,PARTIAL_DAY_DETECTED
2014-07-22,2014,24,24,24,21,2014-07-21 16:00:00+00:00,2014-07-21 00:00:00,2014-07-21 00:00:00+00:00,1,True,False,1,True,False,False,NO_COMPLETE_VINTAGE,PARTIAL_DAY_DETECTED
2014-07-23,2014,24,24,24,21,2014-07-22 16:00:00+00:00,2014-07-22 00:00:00,2014-07-22 00:00:00+00:00,1,True,False,1,True,False,False,NO_COMPLETE_VINTAGE,PARTIAL_DAY_DETECTED
2014-07-24,2014,24,24,24,21,2014-07-23 16:00:00+00:00,2014-07-23 00:00:00,2014-07-23 00:00:00+00:00,1,True,False,1,True,False,False,NO_COMPLETE_VINTAGE,PARTIAL_DAY_DETECTED
2014-07-25,2014,24,24,24,21,2014-07-24 16:00:00+00:00,2014-07-24 00:00:00,2014-07-24 00:00:00+00:00,1,True,False,1,True,False,False,NO_COMPLETE_VINTAGE,PARTIAL_DAY_DETECTED
2014-07-26,2014,24,24,24,21,2014-07-25 16:00:00+00:00,2014-07-25 00:00:00,2014-07-25 00:00:00+00:00,1,True,False,1,True,False,False,NO_COMPLETE_VINTAGE,PARTIAL_DAY_DETECTED
2014-07-27,2014,24,24,24,21,2014-07-26 16:00:00+00:00,2014-07-26 00:00:00,2014-07-26 00:00:00+00:00,1,True,False,1,True,False,False,NO_COMPLETE_VINTAGE,PARTIAL_DAY_DETECTED
2014-07-28,2014,24,24,24,21,2014-07-27 16:00:00+00:00,2014-07-27 00:00:00,2014-07-27 00:00:00+00:00,1,True,False,1,True,False,False,NO_COMPLETE_VINTAGE,PARTIAL_DAY_DETECTED
2014-07-29,2014,24,24,24,21,2014-07-28 16:00:00+00:00,2014-07-28 00:00:00,2014-07-28 00:00:00+00:00,1,True,False,1,True,False,False,NO_COMPLETE_VINTAGE,PARTIAL_DAY_DETECTED
2014-07-30,2014,24,24,24,21,2014-07-29 16:00:00+00:00,2014-07-29 00:00:00,2014-07-29 00:00:00+00:00,1,True,False,1,True,False,False,NO_COMPLETE_VINTAGE,PARTIAL_DAY_DETECTED
2014-07-31,2014,24,24,24,21,2014-07-30 16:00:00+00:00,2014-07-30 00:00:00,2014-07-30 00:00:00+00:00,1,True,False,1,True,False,False,NO_COMPLETE_VINTAGE,PARTIAL_DAY_DETECTED
2014-08-01,2014,24,24,24,21,2014-07-31 16:00:00+00:00,2014-07-31 00:00:00,2014-07-31 00:00:00+00:00,1,True,False,1,True,False,False,NO_COMPLETE_VINTAGE,PARTIAL_DAY_DETECTED
2014-08-02,2014,24,24,24,21,2014-08-01 16:00:00+00:00,2014-08-01 00:00:00,2014-08-01 00:00:00+00:00,1,True,False,1,True,False,False,NO_COMPLETE_VINTAGE,PARTIAL_DAY_DETECTED
2014-08-03,2014,24,24,24,21,2014-08-02 16:00:00+00:00,2014-08-02 00:00:00,2014-08-02 00:00:00+00:00,1,True,False,1,True,False,False,NO_COMPLETE_VINTAGE,PARTIAL_DAY_DETECTED
2014-08-04,2014,24,24,24,21,2014-08-03 16:00:00+00:00,2014-08-03 00:00:00,2014-08-03 00:00:00+00:00,1,True,False,1,True,False,False,NO_COMPLETE_VINTAGE,PARTIAL_DAY_DETECTED
2014-08-05,2014,24,24,24,21,2014-08-04 16:00:00+00:00,2014-08-04 00:00:00,2014-08-04 00:00:00+00:00,1,True,False,1,True,False,False,NO_COMPLETE_VINTAGE,PARTIAL_DAY_DETECTED
2014-08-06,2014,24,24,24,21,2014-08-05 16:00:00+00:00,2014-08-05 00:00:00,2014-08-05 00:00:00+00:00,1,True,False,1,True,False,False,NO_COMPLETE_VINTAGE,PARTIAL_DAY_DETECTED
2014-08-07,2014,24,24,24,21,2014-08-06 16:00:00+00:00,2014-08-06 00:00:00,2014-08-06 00:00:00+00:00,1,True,False,1,True,False,False,NO_COMPLETE_VINTAGE,PARTIAL_DAY_DETECTED
2014-08-08,2014,24,24,24,21,2014-08-07 16:00:00+00:00,2014-08-07 00:00:00,2014-08-07 00:00:00+00:00,1,True,False,1,True,False,False,NO_COMPLETE_VINTAGE,PARTIAL_DAY_DETECTED
2014-08-09,2014,24,24,24,21,2014-08-08 16:00:00+00:00,2014-08-08 00:00:00,2014-08-08 00:00:00+00:00,1,True,False,1,True,False,False,NO_COMPLETE_VINTAGE,PARTIAL_DAY_DETECTED
2014-08-10,2014,24,24,24,21,2014-08-09 16:00:00+00:00,2014-08-09 00:00:00,2014-08-09 00:00:00+00:00,1,True,False,1,True,False,False,NO_COMPLETE_VINTAGE,PARTIAL_DAY_DETECTED
2014-08-11,2014,24,24,24,21,2014-08-10 16:00:00+00:00,2014-08-10 00:00:00,2014-08-10 00:00:00+00:00,1,True,False,1,True,False,False,NO_COMPLETE_VINTAGE,PARTIAL_DAY_DETECTED
2014-08-12,2014,24,24,24,21,2014-08-11 16:00:00+00:00,2014-08-11 00:00:00,2014-08-11 00:00:00+00:00,1,True,False,1,True,False,False,NO_COMPLETE_VINTAGE,PARTIAL_DAY_DETECTED
2014-08-13,2014,24,24,24,21,2014-08-12 16:00:00+00:00,2014-08-12 00:00:00,2014-08-12 00:00:00+00:00,1,True,False,1,True,False,False,NO_COMPLETE_VINTAGE,PARTIAL_DAY_DETECTED
2014-08-14,2014,24,24,24,21,2014-08-13 16:00:00+00:00,2014-08-13 00:00:00,2014-08-13 00:00:00+00:00,1,True,False,1,True,False,False,NO_COMPLETE_VINTAGE,PARTIAL_DAY_DETECTED
2014-08-15,2014,24,24,24,21,2014-08-14 16:00:00+00:00,2014-08-14 00:00:00,2014-08-14 00:00:00+00:00,1,True,False,1,True,False,False,NO_COMPLETE_VINTAGE,PARTIAL_DAY_DETECTED
2014-08-16,2014,24,24,24,21,2014-08-15 16:00:00+00:00,2014-08-15 00:00:00,2014-08-15 00:00:00+00:00,1,True,False,1,True,False,False,NO_COMPLETE_VINTAGE,PARTIAL_DAY_DETECTED
2014-08-17,2014,24,24,24,21,2014-08-16 16:00:00+00:00,2014-08-16 00:00:00,2014-08-16 00:00:00+00:00,1,True,False,1,True,False,False,NO_COMPLETE_VINTAGE,PARTIAL_DAY_DETECTED
2014-08-18,2014,24,24,24,21,2014-08-17 16:00:00+00:00,2014-08-17 00:00:00,2014-08-17 00:00:00+00:00,1,True,False,1,True,False,False,NO_COMPLETE_VINTAGE,PARTIAL_DAY_DETECTED
2014-08-19,2014,24,24,24,21,2014-08-18 16:00:00+00:00,2014-08-18 00:00:00,2014-08-18 00:00:00+00:00,1,True,False,1,True,False,False,NO_COMPLETE_VINTAGE,PARTIAL_DAY_DETECTED
2014-08-20,2014,24,24,24,21,2014-08-19 16:00:00+00:00,2014-08-19 00:00:00,2014-08-19 00:00:00+00:00,1,True,False,1,True,False,False,NO_COMPLETE_VINTAGE,PARTIAL_DAY_DETECTED
2014-08-21,2014,24,24,24,21,2014-08-20 16:00:00+00:00,2014-08-20 00:00:00,2014-08-20 00:00:00+00:00,1,True,False,1,True,False,False,NO_COMPLETE_VINTAGE,PARTIAL_DAY_DETECTED
2014-08-22,2014,24,24,24,21,2014-08-21 16:00:00+00:00,2014-08-21 00:00:00,2014-08-21 00:00:00+00:00,1,True,False,1,True,False,False,NO_COMPLETE_VINTAGE,PARTIAL_DAY_DETECTED
2014-08-23,2014,24,24,24,21,2014-08-22 16:00:00+00:00,2014-08-22 00:00:00,2014-08-22 00:00:00+00:00,1,True,False,1,True,False,False,NO_COMPLETE_VINTAGE,PARTIAL_DAY_DETECTED
2014-08-24,2014,24,24,24,21,2014-08-23 16:00:00+00:00,2014-08-23 00:00:00,2014-08-23 00:00:00+00:00,1,True,False,1,True,False,False,NO_COMPLETE_VINTAGE,PARTIAL_DAY_DETECTED
2014-08-25,2014,24,24,24,21,2014-08-24 16:00:00+00:00,2014-08-24 00:00:00,2014-08-24 00:00:00+00:00,1,True,False,1,True,False,False,NO_COMPLETE_VINTAGE,PARTIAL_DAY_DETECTED
2014-08-26,2014,24,24,24,21,2014-08-25 16:00:00+00:00,2014-08-25 00:00:00,2014-08-25 00:00:00+00:00,1,True,False,1,True,False,False,NO_COMPLETE_VINTAGE,PARTIAL_DAY_DETECTED
2014-08-27,2014,24,24,24,21,2014-08-26 16:00:00+00:00,2014-08-26 00:00:00,2014-08-26 00:00:00+00:00,1,True,False,1,True,False,False,NO_COMPLETE_VINTAGE,PARTIAL_DAY_DETECTED
2014-08-28,2014,24,24,24,21,2014-08-27 16:00:00+00:00,2014-08-27 00:00:00,2014-08-27 00:00:00+00:00,1,True,False,1,True,False,False,NO_COMPLETE_VINTAGE,PARTIAL_DAY_DETECTED
2014-08-29,2014,24,24,24,21,2014-08-28 16:00:00+00:00,2014-08-28 00:00:00,2014-08-28 00:00:00+00:00,1,True,False,1,True,False,False,NO_COMPLETE_VINTAGE,PARTIAL_DAY_DETECTED
2014-08-30,2014,24,24,24,21,2014-08-29 16:00:00+00:00,2014-08-29 00:00:00,2014-08-29 00:00:00+00:00,1,True,False,1,True,False,False,NO_COMPLETE_VINTAGE,PARTIAL_DAY_DETECTED
2014-08-31,2014,24,24,24,21,2014-08-30 16:00:00+00:00,2014-08-30 00:00:00,2014-08-30 00:00:00+00:00,1,True,False,1,True,False,False,NO_COMPLETE_VINTAGE,PARTIAL_DAY_DETECTED
2014-09-01,2014,24,24,24,21,2014-08-31 16:00:00+00:00,2014-08-31 00:00:00,2014-08-31 00:00:00+00:00,1,True,False,1,True,False,False,NO_COMPLETE_VINTAGE,PARTIAL_DAY_DETECTED
2014-09-02,2014,24,24,24,21,2014-09-01 16:00:00+00:00,2014-09-01 00:00:00,2014-09-01 00:00:00+00:00,1,True,False,1,True,False,False,NO_COMPLETE_VINTAGE,PARTIAL_DAY_DETECTED
2014-09-03,2014,24,24,24,21,2014-09-02 16:00:00+00:00,2014-09-02 00:00:00,2014-09-02 00:00:00+00:00,1,True,False,1,True,False,False,NO_COMPLETE_VINTAGE,PARTIAL_DAY_DETECTED
2014-09-04,2014,24,24,24,21,2014-09-03 16:00:00+00:00,2014-09-03 00:00:00,2014-09-03 00:00:00+00:00,1,True,False,1,True,False,False,NO_COMPLETE_VINTAGE,PARTIAL_DAY_DETECTED
2014-09-05,2014,24,24,24,21,2014-09-04 16:00:00+00:00,2014-09-04 00:00:00,2014-09-04 00:00:00+00:00,1,True,False,1,True,False,False,NO_COMPLETE_VINTAGE,PARTIAL_DAY_DETECTED
2014-09-06,2014,24,24,24,21,2014-09-05 16:00:00+00:00,2014-09-05 00:00:00,2014-09-05 00:00:00+00:00,1,True,False,1,True,False,False,NO_COMPLETE_VINTAGE,PARTIAL_DAY_DETECTED
2014-09-07,2014,24,24,24,21,2014-09-06 16:00:00+00:00,2014-09-06 00:00:00,2014-09-06 00:00:00+00:00,1,True,False,1,True,False,False,NO_COMPLETE_VINTAGE,PARTIAL_DAY_DETECTED
2014-09-08,2014,24,24,24,21,2014-09-07 16:00:00+00:00,2014-09-07 00:00:00,2014-09-07 00:00:00+00:00,1,True,False,1,True,False,False,NO_COMPLETE_VINTAGE,PARTIAL_DAY_DETECTED
2014-09-09,2014,24,24,24,21,2014-09-08 16:00:00+00:00,2014-09-08 00:00:00,2014-09-08 00:00:00+00:00,1,True,False,1,True,False,False,NO_COMPLETE_VINTAGE,PARTIAL_DAY_DETECTED
2014-09-10,2014,24,24,24,21,2014-09-09 16:00:00+00:00,2014-09-09 00:00:00,2014-09-09 00:00:00+00:00,1,True,False,1,True,False,False,NO_COMPLETE_VINTAGE,PARTIAL_DAY_DETECTED
2014-09-11,2014,24,24,24,21,2014-09-10 16:00:00+00:00,2014-09-10 00:00:00,2014-09-10 00:00:00+00:00,1,True,False,1,True,False,False,NO_COMPLETE_VINTAGE,PARTIAL_DAY_DETECTED
2014-09-12,2014,24,24,24,21,2014-09-11 16:00:00+00:00,2014-09-11 00:00:00,2014-09-11 00:00:00+00:00,1,True,False,1,True,False,False,NO_COMPLETE_VINTAGE,PARTIAL_DAY_DETECTED
2014-09-13,2014,24,24,24,21,2014-09-12 16:00:00+00:00,2014-09-12 00:00:00,2014-09-12 00:00:00+00:00,1,True,False,1,True,False,False,NO_COMPLETE_VINTAGE,PARTIAL_DAY_DETECTED
2014-09-14,2014,24,24,24,21,2014-09-13 16:00:00+00:00,2014-09-13 00:00:00,2014-09-13 00:00:00+00:00,1,True,False,1,True,False,False,NO_COMPLETE_VINTAGE,PARTIAL_DAY_DETECTED
2014-09-15,2014,24,24,24,21,2014-09-14 16:00:00+00:00,2014-09-14 00:00:00,2014-09-14 00:00:00+00:00,1,True,False,1,True,False,False,NO_COMPLETE_VINTAGE,PARTIAL_DAY_DETECTED
2014-09-16,2014,24,24,24,21,2014-09-15 16:00:00+00:00,2014-09-15 00:00:00,2014-09-15 00:00:00+00:00,1,True,False,1,True,False,False,NO_COMPLETE_VINTAGE,PARTIAL_DAY_DETECTED
2014-09-17,2014,24,24,24,21,2014-09-16 16:00:00+00:00,2014-09-16 00:00:00,2014-09-16 00:00:00+00:00,1,True,False,1,True,False,False,NO_COMPLETE_VINTAGE,PARTIAL_DAY_DETECTED
2014-09-18,2014,24,24,24,21,2014-09-17 16:00:00+00:00,2014-09-17 00:00:00,2014-09-17 00:00:00+00:00,1,True,False,1,True,False,False,NO_COMPLETE_VINTAGE,PARTIAL_DAY_DETECTED
2014-09-19,2014,24,24,24,21,2014-09-18 16:00:00+00:00,2014-09-18 00:00:00,2014-09-18 00:00:00+00:00,1,True,False,1,True,False,False,NO_COMPLETE_VINTAGE,PARTIAL_DAY_DETECTED
2014-09-20,2014,24,24,24,21,2014-09-19 16:00:00+00:00,2014-09-19 00:00:00,2014-09-19 00:00:00+00:00,1,True,False,1,True,False,False,NO_COMPLETE_VINTAGE,PARTIAL_DAY_DETECTED
2014-09-21,2014,24,24,24,21,2014-09-20 16:00:00+00:00,2014-09-20 00:00:00,2014-09-20 00:00:00+00:00,1,True,False,1,True,False,False,NO_COMPLETE_VINTAGE,PARTIAL_DAY_DETECTED
2014-09-22,2014,24,24,24,21,2014-09-21 16:00:00+00:00,2014-09-21 00:00:00,2014-09-21 00:00:00+00:00,1,True,False,1,True,False,False,NO_COMPLETE_VINTAGE,PARTIAL_DAY_DETECTED
2014-09-23,2014,24,24,24,21,2014-09-22 16:00:00+00:00,2014-09-22 00:00:00,2014-09-22 00:00:00+00:00,1,True,False,1,True,False,False,NO_COMPLETE_VINTAGE,PARTIAL_DAY_DETECTED
2014-09-24,2014,24,24,24,21,2014-09-23 16:00:00+00:00,2014-09-23 00:00:00,2014-09-23 00:00:00+00:00,1,True,False,1,True,False,False,NO_COMPLETE_VINTAGE,PARTIAL_DAY_DETECTED
2014-09-25,2014,24,24,24,21,2014-09-24 16:00:00+00:00,2014-09-24 00:00:00,2014-09-24 00:00:00+00:00,1,True,False,1,True,False,False,NO_COMPLETE_VINTAGE,PARTIAL_DAY_DETECTED
2014-09-26,2014,24,24,24,21,2014-09-25 16:00:00+00:00,2014-09-25 00:00:00,2014-09-25 00:00:00+00:00,1,True,False,1,True,False,False,NO_COMPLETE_VINTAGE,PARTIAL_DAY_DETECTED
2014-09-27,2014,24,24,24,21,2014-09-26 16:00:00+00:00,2014-09-26 00:00:00,2014-09-26 00:00:00+00:00,1,True,False,1,True,False,False,NO_COMPLETE_VINTAGE,PARTIAL_DAY_DETECTED
2014-09-28,2014,24,24,24,21,2014-09-27 16:00:00+00:00,2014-09-27 00:00:00,2014-09-27 00:00:00+00:00,1,True,False,1,True,False,False,NO_COMPLETE_VINTAGE,PARTIAL_DAY_DETECTED
2014-09-29,2014,24,24,24,21,2014-09-28 16:00:00+00:00,2014-09-28 00:00:00,2014-09-28 00:00:00+00:00,1,True,False,1,True,False,False,NO_COMPLETE_VINTAGE,PARTIAL_DAY_DETECTED
2014-09-30,2014,24,24,24,21,2014-09-29 16:00:00+00:00,2014-09-29 00:00:00,2014-09-29 00:00:00+00:00,1,True,False,1,True,False,False,NO_COMPLETE_VINTAGE,PARTIAL_DAY_DETECTED
2014-10-01,2014,24,24,24,21,2014-09-30 16:00:00+00:00,2014-09-30 00:00:00,2014-09-30 00:00:00+00:00,1,True,False,1,True,False,False,NO_COMPLETE_VINTAGE,PARTIAL_DAY_DETECTED
2014-10-02,2014,24,24,24,21,2014-10-01 16:00:00+00:00,2014-10-01 00:00:00,2014-10-01 00:00:00+00:00,1,True,False,1,True,False,False,NO_COMPLETE_VINTAGE,PARTIAL_DAY_DETECTED
2014-10-03,2014,24,24,24,21,2014-10-02 16:00:00+00:00,2014-10-02 00:00:00,2014-10-02 00:00:00+00:00,1,True,False,1,True,False,False,NO_COMPLETE_VINTAGE,PARTIAL_DAY_DETECTED
2014-10-04,2014,24,24,24,21,2014-10-03 16:00:00+00:00,2014-10-03 00:00:00,2014-10-03 00:00:00+00:00,1,True,False,1,True,False,False,NO_COMPLETE_VINTAGE,PARTIAL_DAY_DETECTED
2014-10-05,2014,24,24,24,21,2014-10-04 16:00:00+00:00,2014-10-04 00:00:00,2014-10-04 00:00:00+00:00,1,True,False,1,True,False,False,NO_COMPLETE_VINTAGE,PARTIAL_DAY_DETECTED
2014-10-06,2014,24,24,24,21,2014-10-05 16:00:00+00:00,2014-10-05 00:00:00,2014-10-05 00:00:00+00:00,1,True,False,1,True,False,False,NO_COMPLETE_VINTAGE,PARTIAL_DAY_DETECTED
2014-10-07,2014,24,24,24,21,2014-10-06 16:00:00+00:00,2014-10-06 00:00:00,2014-10-06 00:00:00+00:00,1,True,False,1,True,False,False,NO_COMPLETE_VINTAGE,PARTIAL_DAY_DETECTED
2014-10-08,2014,24,24,24,21,2014-10-07 16:00:00+00:00,2014-10-07 00:00:00,2014-10-07 00:00:00+00:00,1,True,False,1,True,False,False,NO_COMPLETE_VINTAGE,PARTIAL_DAY_DETECTED
2014-10-09,2014,24,24,24,21,2014-10-08 16:00:00+00:00,2014-10-08 00:00:00,2014-10-08 00:00:00+00:00,1,True,False,1,True,False,False,NO_COMPLETE_VINTAGE,PARTIAL_DAY_DETECTED
2014-10-10,2014,24,24,24,21,2014-10-09 16:00:00+00:00,2014-10-09 00:00:00,2014-10-09 00:00:00+00:00,1,True,False,1,True,False,False,NO_COMPLETE_VINTAGE,PARTIAL_DAY_DETECTED
2014-10-11,2014,24,24,24,21,2014-10-10 16:00:00+00:00,2014-10-10 00:00:00,2014-10-10 00:00:00+00:00,1,True,False,1,True,False,False,NO_COMPLETE_VINTAGE,PARTIAL_DAY_DETECTED
2014-10-12,2014,24,24,24,21,2014-10-11 16:00:00+00:00,2014-10-11 00:00:00,2014-10-11 00:00:00+00:00,1,True,False,1,True,False,False,NO_COMPLETE_VINTAGE,PARTIAL_DAY_DETECTED
2014-10-13,2014,24,24,24,21,2014-10-12 16:00:00+00:00,2014-10-12 00:00:00,2014-10-12 00:00:00+00:00,1,True,False,1,True,False,False,NO_COMPLETE_VINTAGE,PARTIAL_DAY_DETECTED
2014-10-14,2014,24,24,24,21,2014-10-13 16:00:00+00:00,2014-10-13 00:00:00,2014-10-13 00:00:00+00:00,1,True,False,1,True,False,False,NO_COMPLETE_VINTAGE,PARTIAL_DAY_DETECTED
2014-10-15,2014,24,24,24,21,2014-10-14 16:00:00+00:00,2014-10-14 00:00:00,2014-10-14 00:00:00+00:00,1,True,False,1,True,False,False,NO_COMPLETE_VINTAGE,PARTIAL_DAY_DETECTED
2014-10-16,2014,24,24,24,21,2014-10-15 16:00:00+00:00,2014-10-15 00:00:00,2014-10-15 00:00:00+00:00,1,True,False,1,True,False,False,NO_COMPLETE_VINTAGE,PARTIAL_DAY_DETECTED
2014-10-17,2014,24,24,24,21,2014-10-16 16:00:00+00:00,2014-10-16 00:00:00,2014-10-16 00:00:00+00:00,1,True,False,1,True,False,False,NO_COMPLETE_VINTAGE,PARTIAL_DAY_DETECTED
2014-10-18,2014,24,24,24,21,2014-10-17 16:00:00+00:00,2014-10-17 00:00:00,2014-10-17 00:00:00+00:00,1,True,False,1,True,False,False,NO_COMPLETE_VINTAGE,PARTIAL_DAY_DETECTED
2014-10-19,2014,24,24,24,21,2014-10-18 16:00:00+00:00,2014-10-18 00:00:00,2014-10-18 00:00:00+00:00,1,True,False,1,True,False,False,NO_COMPLETE_VINTAGE,PARTIAL_DAY_DETECTED
2014-10-20,2014,24,24,24,21,2014-10-19 16:00:00+00:00,2014-10-19 00:00:00,2014-10-19 00:00:00+00:00,1,True,False,1,True,False,False,NO_COMPLETE_VINTAGE,PARTIAL_DAY_DETECTED
2014-10-21,2014,24,24,24,21,2014-10-20 16:00:00+00:00,2014-10-20 00:00:00,2014-10-20 00:00:00+00:00,1,True,False,1,True,False,False,NO_COMPLETE_VINTAGE,PARTIAL_DAY_DETECTED
2014-10-22,2014,24,24,24,21,2014-10-21 16:00:00+00:00,2014-10-21 00:00:00,2014-10-21 00:00:00+00:00,1,True,False,1,True,False,False,NO_COMPLETE_VINTAGE,PARTIAL_DAY_DETECTED
2014-10-23,2014,24,24,24,21,2014-10-22 16:00:00+00:00,2014-10-22 00:00:00,2014-10-22 00:00:00+00:00,1,True,False,1,True,False,False,NO_COMPLETE_VINTAGE,PARTIAL_DAY_DETECTED
2014-10-24,2014,24,24,24,21,2014-10-23 16:00:00+00:00,2014-10-23 00:00:00,2014-10-23 00:00:00+00:00,1,True,False,1,True,False,False,NO_COMPLETE_VINTAGE,PARTIAL_DAY_DETECTED
2014-10-25,2014,24,24,24,21,2014-10-24 16:00:00+00:00,2014-10-24 00:00:00,2014-10-24 00:00:00+00:00,1,True,False,1,True,False,False,NO_COMPLETE_VINTAGE,PARTIAL_DAY_DETECTED
2014-10-26,2014,24,24,24,21,2014-10-25 16:00:00+00:00,2014-10-25 00:00:00,2014-10-25 00:00:00+00:00,1,True,False,1,True,False,False,NO_COMPLETE_VINTAGE,PARTIAL_DAY_DETECTED
2014-10-27,2014,24,24,24,21,2014-10-26 16:00:00+00:00,2014-10-26 00:00:00,2014-10-26 00:00:00+00:00,1,True,False,1,True,False,False,NO_COMPLETE_VINTAGE,PARTIAL_DAY_DETECTED
2014-10-28,2014,24,24,24,21,2014-10-27 16:00:00+00:00,2014-10-27 00:00:00,2014-10-27 00:00:00+00:00,1,True,False,1,True,False,False,NO_COMPLETE_VINTAGE,PARTIAL_DAY_DETECTED
2014-10-29,2014,24,24,24,21,2014-10-28 16:00:00+00:00,2014-10-28 00:00:00,2014-10-28 00:00:00+00:00,1,True,False,1,True,False,False,NO_COMPLETE_VINTAGE,PARTIAL_DAY_DETECTED
2014-10-30,2014,24,24,24,21,2014-10-29 16:00:00+00:00,2014-10-29 00:00:00,2014-10-29 00:00:00+00:00,1,True,False,1,True,False,False,NO_COMPLETE_VINTAGE,PARTIAL_DAY_DETECTED
2014-10-31,2014,24,24,24,21,2014-10-30 16:00:00+00:00,2014-10-30 00:00:00,2014-10-30 00:00:00+00:00,1,True,False,1,True,False,False,NO_COMPLETE_VINTAGE,PARTIAL_DAY_DETECTED
2014-11-01,2014,24,24,24,21,2014-10-31 16:00:00+00:00,2014-10-31 00:00:00,2014-10-31 00:00:00+00:00,1,True,False,1,True,False,False,NO_COMPLETE_VINTAGE,PARTIAL_DAY_DETECTED
2014-11-02,2014,25,25,25,0,2014-11-01 16:00:00+00:00,,,306,False,False,0,False,False,False,NO_COMPLETE_VINTAGE,UNAVAILABLE
2014-11-03,2014,24,24,24,21,2014-11-02 17:00:00+00:00,2014-11-02 00:00:00,2014-11-02 00:00:00+00:00,1,True,False,1,True,False,False,NO_COMPLETE_VINTAGE,PARTIAL_DAY_DETECTED
2014-11-04,2014,24,24,24,21,2014-11-03 17:00:00+00:00,2014-11-03 00:00:00,2014-11-03 00:00:00+00:00,1,True,False,1,True,False,False,NO_COMPLETE_VINTAGE,PARTIAL_DAY_DETECTED
2014-11-05,2014,24,24,24,21,2014-11-04 17:00:00+00:00,2014-11-04 00:00:00,2014-11-04 00:00:00+00:00,1,True,False,1,True,False,False,NO_COMPLETE_VINTAGE,PARTIAL_DAY_DETECTED
2014-11-06,2014,24,24,24,21,2014-11-05 17:00:00+00:00,2014-11-05 00:00:00,2014-11-05 00:00:00+00:00,1,True,False,1,True,False,False,NO_COMPLETE_VINTAGE,PARTIAL_DAY_DETECTED
2014-11-07,2014,24,24,24,21,2014-11-06 17:00:00+00:00,2014-11-06 00:00:00,2014-11-06 00:00:00+00:00,1,True,False,1,True,False,False,NO_COMPLETE_VINTAGE,PARTIAL_DAY_DETECTED
2014-11-08,2014,24,24,24,21,2014-11-07 17:00:00+00:00,2014-11-07 00:00:00,2014-11-07 00:00:00+00:00,1,True,False,1,True,False,False,NO_COMPLETE_VINTAGE,PARTIAL_DAY_DETECTED
2014-11-09,2014,24,24,24,21,2014-11-08 17:00:00+00:00,2014-11-08 00:00:00,2014-11-08 00:00:00+00:00,1,True,False,1,True,False,False,NO_COMPLETE_VINTAGE,PARTIAL_DAY_DETECTED
2014-11-10,2014,24,24,24,21,2014-11-09 17:00:00+00:00,2014-11-09 00:00:00,2014-11-09 00:00:00+00:00,1,True,False,1,True,False,False,NO_COMPLETE_VINTAGE,PARTIAL_DAY_DETECTED
2014-11-11,2014,24,24,24,21,2014-11-10 17:00:00+00:00,2014-11-10 00:00:00,2014-11-10 00:00:00+00:00,1,True,False,1,True,False,False,NO_COMPLETE_VINTAGE,PARTIAL_DAY_DETECTED
2014-11-12,2014,24,24,24,21,2014-11-11 17:00:00+00:00,2014-11-11 00:00:00,2014-11-11 00:00:00+00:00,1,True,False,1,True,False,False,NO_COMPLETE_VINTAGE,PARTIAL_DAY_DETECTED
2014-11-13,2014,24,24,24,21,2014-11-12 17:00:00+00:00,2014-11-12 00:00:00,2014-11-12 00:00:00+00:00,1,True,False,1,True,False,False,NO_COMPLETE_VINTAGE,PARTIAL_DAY_DETECTED
2014-11-14,2014,24,24,24,21,2014-11-13 17:00:00+00:00,2014-11-13 00:00:00,2014-11-13 00:00:00+00:00,1,True,False,1,True,False,False,NO_COMPLETE_VINTAGE,PARTIAL_DAY_DETECTED
2014-11-15,2014,24,24,24,21,2014-11-14 17:00:00+00:00,2014-11-14 00:00:00,2014-11-14 00:00:00+00:00,1,True,False,1,True,False,False,NO_COMPLETE_VINTAGE,PARTIAL_DAY_DETECTED
2014-11-16,2014,24,24,24,21,2014-11-15 17:00:00+00:00,2014-11-15 00:00:00,2014-11-15 00:00:00+00:00,1,True,False,1,True,False,False,NO_COMPLETE_VINTAGE,PARTIAL_DAY_DETECTED
2014-11-17,2014,24,24,24,21,2014-11-16 17:00:00+00:00,2014-11-16 00:00:00,2014-11-16 00:00:00+00:00,1,True,False,1,True,False,False,NO_COMPLETE_VINTAGE,PARTIAL_DAY_DETECTED
2014-11-18,2014,24,24,24,21,2014-11-17 17:00:00+00:00,2014-11-17 00:00:00,2014-11-17 00:00:00+00:00,1,True,False,1,True,False,False,NO_COMPLETE_VINTAGE,PARTIAL_DAY_DETECTED
2014-11-19,2014,24,24,24,21,2014-11-18 17:00:00+00:00,2014-11-18 00:00:00,2014-11-18 00:00:00+00:00,1,True,False,1,True,False,False,NO_COMPLETE_VINTAGE,PARTIAL_DAY_DETECTED
2014-11-20,2014,24,24,24,21,2014-11-19 17:00:00+00:00,2014-11-19 00:00:00,2014-11-19 00:00:00+00:00,1,True,False,1,True,False,False,NO_COMPLETE_VINTAGE,PARTIAL_DAY_DETECTED
2014-11-21,2014,24,24,24,21,2014-11-20 17:00:00+00:00,2014-11-20 00:00:00,2014-11-20 00:00:00+00:00,1,True,False,1,True,False,False,NO_COMPLETE_VINTAGE,PARTIAL_DAY_DETECTED
2014-11-22,2014,24,24,24,21,2014-11-21 17:00:00+00:00,2014-11-21 00:00:00,2014-11-21 00:00:00+00:00,1,True,False,1,True,False,False,NO_COMPLETE_VINTAGE,PARTIAL_DAY_DETECTED
2014-11-23,2014,24,24,24,21,2014-11-22 17:00:00+00:00,2014-11-22 00:00:00,2014-11-22 00:00:00+00:00,1,True,False,1,True,False,False,NO_COMPLETE_VINTAGE,PARTIAL_DAY_DETECTED
2014-11-24,2014,24,24,24,21,2014-11-23 17:00:00+00:00,2014-11-23 00:00:00,2014-11-23 00:00:00+00:00,1,True,False,1,True,False,False,NO_COMPLETE_VINTAGE,PARTIAL_DAY_DETECTED
2014-11-25,2014,24,24,24,21,2014-11-24 17:00:00+00:00,2014-11-24 00:00:00,2014-11-24 00:00:00+00:00,1,True,False,1,True,False,False,NO_COMPLETE_VINTAGE,PARTIAL_DAY_DETECTED
2014-11-26,2014,24,24,24,21,2014-11-25 17:00:00+00:00,2014-11-25 00:00:00,2014-11-25 00:00:00+00:00,1,True,False,1,True,False,False,NO_COMPLETE_VINTAGE,PARTIAL_DAY_DETECTED
2014-11-27,2014,24,24,24,21,2014-11-26 17:00:00+00:00,2014-11-26 00:00:00,2014-11-26 00:00:00+00:00,1,True,False,1,True,False,False,NO_COMPLETE_VINTAGE,PARTIAL_DAY_DETECTED
2014-11-28,2014,24,24,24,21,2014-11-27 17:00:00+00:00,2014-11-27 00:00:00,2014-11-27 00:00:00+00:00,1,True,False,1,True,False,False,NO_COMPLETE_VINTAGE,PARTIAL_DAY_DETECTED
2014-11-29,2014,24,24,24,21,2014-11-28 17:00:00+00:00,2014-11-28 00:00:00,2014-11-28 00:00:00+00:00,1,True,False,1,True,False,False,NO_COMPLETE_VINTAGE,PARTIAL_DAY_DETECTED
2014-11-30,2014,24,24,24,21,2014-11-29 17:00:00+00:00,2014-11-29 00:00:00,2014-11-29 00:00:00+00:00,1,True,False,1,True,False,False,NO_COMPLETE_VINTAGE,PARTIAL_DAY_DETECTED
2014-12-01,2014,24,24,24,21,2014-11-30 17:00:00+00:00,2014-11-30 00:00:00,2014-11-30 00:00:00+00:00,1,True,False,1,True,False,False,NO_COMPLETE_VINTAGE,PARTIAL_DAY_DETECTED
2014-12-02,2014,24,24,24,21,2014-12-01 17:00:00+00:00,2014-12-01 00:00:00,2014-12-01 00:00:00+00:00,1,True,False,1,True,False,False,NO_COMPLETE_VINTAGE,PARTIAL_DAY_DETECTED
2014-12-03,2014,24,24,24,21,2014-12-02 17:00:00+00:00,2014-12-02 00:00:00,2014-12-02 00:00:00+00:00,1,True,False,1,True,False,False,NO_COMPLETE_VINTAGE,PARTIAL_DAY_DETECTED
2014-12-04,2014,24,24,24,21,2014-12-03 17:00:00+00:00,2014-12-03 00:00:00,2014-12-03 00:00:00+00:00,1,True,False,1,True,False,False,NO_COMPLETE_VINTAGE,PARTIAL_DAY_DETECTED
2014-12-05,2014,24,24,24,21,2014-12-04 17:00:00+00:00,2014-12-04 00:00:00,2014-12-04 00:00:00+00:00,1,True,False,1,True,False,False,NO_COMPLETE_VINTAGE,PARTIAL_DAY_DETECTED
2014-12-06,2014,24,24,24,21,2014-12-05 17:00:00+00:00,2014-12-05 00:00:00,2014-12-05 00:00:00+00:00,1,True,False,1,True,False,False,NO_COMPLETE_VINTAGE,PARTIAL_DAY_DETECTED
2014-12-07,2014,24,24,24,21,2014-12-06 17:00:00+00:00,2014-12-06 00:00:00,2014-12-06 00:00:00+00:00,1,True,False,1,True,False,False,NO_COMPLETE_VINTAGE,PARTIAL_DAY_DETECTED
2014-12-08,2014,24,24,24,21,2014-12-07 17:00:00+00:00,2014-12-07 00:00:00,2014-12-07 00:00:00+00:00,1,True,False,1,True,False,False,NO_COMPLETE_VINTAGE,PARTIAL_DAY_DETECTED
2014-12-09,2014,24,24,24,21,2014-12-08 17:00:00+00:00,2014-12-08 00:00:00,2014-12-08 00:00:00+00:00,1,True,False,1,True,False,False,NO_COMPLETE_VINTAGE,PARTIAL_DAY_DETECTED
2014-12-10,2014,24,24,24,21,2014-12-09 17:00:00+00:00,2014-12-09 00:00:00,2014-12-09 00:00:00+00:00,1,True,False,1,True,False,False,NO_COMPLETE_VINTAGE,PARTIAL_DAY_DETECTED
2014-12-11,2014,24,24,24,21,2014-12-10 17:00:00+00:00,2014-12-10 00:00:00,2014-12-10 00:00:00+00:00,1,True,False,1,True,False,False,NO_COMPLETE_VINTAGE,PARTIAL_DAY_DETECTED
2014-12-12,2014,24,24,24,21,2014-12-11 17:00:00+00:00,2014-12-11 00:00:00,2014-12-11 00:00:00+00:00,1,True,False,1,True,False,False,NO_COMPLETE_VINTAGE,PARTIAL_DAY_DETECTED
2014-12-13,2014,24,24,24,21,2014-12-12 17:00:00+00:00,2014-12-12 00:00:00,2014-12-12 00:00:00+00:00,1,True,False,1,True,False,False,NO_COMPLETE_VINTAGE,PARTIAL_DAY_DETECTED
2014-12-14,2014,24,24,24,21,2014-12-13 17:00:00+00:00,2014-12-13 00:00:00,2014-12-13 00:00:00+00:00,1,True,False,1,True,False,False,NO_COMPLETE_VINTAGE,PARTIAL_DAY_DETECTED
2014-12-15,2014,24,24,24,21,2014-12-14 17:00:00+00:00,2014-12-14 00:00:00,2014-12-14 00:00:00+00:00,1,True,False,1,True,False,False,NO_COMPLETE_VINTAGE,PARTIAL_DAY_DETECTED
2014-12-16,2014,24,24,24,21,2014-12-15 17:00:00+00:00,2014-12-15 00:00:00,2014-12-15 00:00:00+00:00,1,True,False,1,True,False,False,NO_COMPLETE_VINTAGE,PARTIAL_DAY_DETECTED
2014-12-17,2014,24,24,24,21,2014-12-16 17:00:00+00:00,2014-12-16 00:00:00,2014-12-16 00:00:00+00:00,1,True,False,1,True,False,False,NO_COMPLETE_VINTAGE,PARTIAL_DAY_DETECTED
2014-12-18,2014,24,24,24,21,2014-12-17 17:00:00+00:00,2014-12-17 00:00:00,2014-12-17 00:00:00+00:00,1,True,False,1,True,False,False,NO_COMPLETE_VINTAGE,PARTIAL_DAY_DETECTED
2014-12-19,2014,24,24,24,21,2014-12-18 17:00:00+00:00,2014-12-18 00:00:00,2014-12-18 00:00:00+00:00,1,True,False,1,True,False,False,NO_COMPLETE_VINTAGE,PARTIAL_DAY_DETECTED
2014-12-20,2014,24,24,24,21,2014-12-19 17:00:00+00:00,2014-12-19 00:00:00,2014-12-19 00:00:00+00:00,1,True,False,1,True,False,False,NO_COMPLETE_VINTAGE,PARTIAL_DAY_DETECTED
2014-12-21,2014,24,24,24,21,2014-12-20 17:00:00+00:00,2014-12-20 00:00:00,2014-12-20 00:00:00+00:00,1,True,False,1,True,False,False,NO_COMPLETE_VINTAGE,PARTIAL_DAY_DETECTED
2014-12-22,2014,24,24,24,21,2014-12-21 17:00:00+00:00,2014-12-21 00:00:00,2014-12-21 00:00:00+00:00,1,True,False,1,True,False,False,NO_COMPLETE_VINTAGE,PARTIAL_DAY_DETECTED
2014-12-23,2014,24,24,24,21,2014-12-22 17:00:00+00:00,2014-12-22 00:00:00,2014-12-22 00:00:00+00:00,1,True,False,1,True,False,False,NO_COMPLETE_VINTAGE,PARTIAL_DAY_DETECTED
2014-12-24,2014,24,24,24,21,2014-12-23 17:00:00+00:00,2014-12-23 00:00:00,2014-12-23 00:00:00+00:00,1,True,False,1,True,False,False,NO_COMPLETE_VINTAGE,PARTIAL_DAY_DETECTED
2014-12-25,2014,24,24,24,21,2014-12-24 17:00:00+00:00,2014-12-24 00:00:00,2014-12-24 00:00:00+00:00,1,True,False,1,True,False,False,NO_COMPLETE_VINTAGE,PARTIAL_DAY_DETECTED
2014-12-26,2014,24,24,24,21,2014-12-25 17:00:00+00:00,2014-12-25 00:00:00,2014-12-25 00:00:00+00:00,1,True,False,1,True,False,False,NO_COMPLETE_VINTAGE,PARTIAL_DAY_DETECTED
2014-12-27,2014,24,24,24,21,2014-12-26 17:00:00+00:00,2014-12-26 00:00:00,2014-12-26 00:00:00+00:00,1,True,False,1,True,False,False,NO_COMPLETE_VINTAGE,PARTIAL_DAY_DETECTED
2014-12-28,2014,24,24,24,21,2014-12-27 17:00:00+00:00,2014-12-27 00:00:00,2014-12-27 00:00:00+00:00,1,True,False,1,True,False,False,NO_COMPLETE_VINTAGE,PARTIAL_DAY_DETECTED
2014-12-29,2014,24,24,24,21,2014-12-28 17:00:00+00:00,2014-12-28 00:00:00,2014-12-28 00:00:00+00:00,1,True,False,1,True,False,False,NO_COMPLETE_VINTAGE,PARTIAL_DAY_DETECTED
2014-12-30,2014,24,24,24,21,2014-12-29 17:00:00+00:00,2014-12-29 00:00:00,2014-12-29 00:00:00+00:00,1,True,False,1,True,False,False,NO_COMPLETE_VINTAGE,PARTIAL_DAY_DETECTED
2014-12-31,2014,24,24,24,21,2014-12-30 17:00:00+00:00,2014-12-30 00:00:00,2014-12-30 00:00:00+00:00,1,True,False,1,True,False,False,NO_COMPLETE_VINTAGE,PARTIAL_DAY_DETECTED
2015-01-01,2015,24,24,24,24,2014-12-31 17:00:00+00:00,2014-12-31 16:45:00,2014-12-31 16:45:00+00:00,369,True,False,1,False,False,False,NONE,OK
2015-01-02,2015,24,24,24,24,2015-01-01 17:00:00+00:00,2015-01-01 16:45:00,2015-01-01 16:45:00+00:00,374,True,False,1,False,False,False,NONE,OK
2015-01-03,2015,24,24,24,24,2015-01-02 17:00:00+00:00,2015-01-02 16:45:00,2015-01-02 16:45:00+00:00,379,True,False,1,False,False,False,NONE,OK
2015-01-04,2015,24,24,24,24,2015-01-03 17:00:00+00:00,2015-01-03 16:45:00,2015-01-03 16:45:00+00:00,384,True,False,1,False,False,False,NONE,OK
2015-01-05,2015,24,24,24,24,2015-01-04 17:00:00+00:00,2015-01-04 16:45:00,2015-01-04 16:45:00+00:00,389,True,False,1,False,False,False,NONE,OK
2015-01-06,2015,24,24,24,24,2015-01-05 17:00:00+00:00,2015-01-05 16:45:00,2015-01-05 16:45:00+00:00,394,True,False,1,False,False,False,NONE,OK
2015-01-07,2015,24,24,24,24,2015-01-06 17:00:00+00:00,2015-01-06 16:45:00,2015-01-06 16:45:00+00:00,399,True,False,1,False,False,False,NONE,OK
2015-01-08,2015,24,24,24,24,2015-01-07 17:00:00+00:00,2015-01-07 16:45:00,2015-01-07 16:45:00+00:00,404,True,False,1,False,False,False,NONE,OK
2015-01-09,2015,24,24,24,24,2015-01-08 17:00:00+00:00,2015-01-08 16:45:00,2015-01-08 16:45:00+00:00,409,True,False,1,False,False,False,NONE,OK
2015-01-10,2015,24,24,24,24,2015-01-09 17:00:00+00:00,2015-01-09 16:45:00,2015-01-09 16:45:00+00:00,414,True,False,1,False,False,False,NONE,OK
2015-01-11,2015,24,24,24,24,2015-01-10 17:00:00+00:00,2015-01-10 16:45:00,2015-01-10 16:45:00+00:00,419,True,False,1,False,False,False,NONE,OK
2015-01-12,2015,24,24,24,24,2015-01-11 17:00:00+00:00,2015-01-11 16:45:00,2015-01-11 16:45:00+00:00,424,True,False,1,False,False,False,NONE,OK
2015-01-13,2015,24,24,24,24,2015-01-12 17:00:00+00:00,2015-01-12 16:45:00,2015-01-12 16:45:00+00:00,429,True,False,1,False,False,False,NONE,OK
2015-01-14,2015,24,24,24,24,2015-01-13 17:00:00+00:00,2015-01-13 16:45:00,2015-01-13 16:45:00+00:00,434,True,False,1,False,False,False,NONE,OK
2015-01-15,2015,24,24,24,24,2015-01-14 17:00:00+00:00,2015-01-14 16:45:00,2015-01-14 16:45:00+00:00,439,True,False,1,False,False,False,NONE,OK
2015-01-16,2015,24,24,24,24,2015-01-15 17:00:00+00:00,2015-01-15 16:45:00,2015-01-15 16:45:00+00:00,444,True,False,1,False,False,False,NONE,OK
2015-01-17,2015,24,24,24,24,2015-01-16 17:00:00+00:00,2015-01-16 16:45:00,2015-01-16 16:45:00+00:00,449,True,False,1,False,False,False,NONE,OK
2015-01-18,2015,24,24,24,24,2015-01-17 17:00:00+00:00,2015-01-17 16:45:00,2015-01-17 16:45:00+00:00,454,True,False,1,False,False,False,NONE,OK
2015-01-19,2015,24,24,24,24,2015-01-18 17:00:00+00:00,2015-01-18 16:45:00,2015-01-18 16:45:00+00:00,459,True,False,1,False,False,False,NONE,OK
2015-01-20,2015,24,24,24,24,2015-01-19 17:00:00+00:00,2015-01-19 16:45:00,2015-01-19 16:45:00+00:00,464,True,False,1,False,False,False,NONE,OK
2015-01-21,2015,24,24,24,24,2015-01-20 17:00:00+00:00,2015-01-20 16:45:00,2015-01-20 16:45:00+00:00,469,True,False,1,False,False,False,NONE,OK
2015-01-22,2015,24,24,24,24,2015-01-21 17:00:00+00:00,2015-01-21 16:45:00,2015-01-21 16:45:00+00:00,474,True,False,1,False,False,False,NONE,OK
2015-01-23,2015,24,24,24,24,2015-01-22 17:00:00+00:00,2015-01-22 16:45:00,2015-01-22 16:45:00+00:00,479,True,False,1,False,False,False,NONE,OK
2015-01-24,2015,24,24,24,24,2015-01-23 17:00:00+00:00,2015-01-23 16:45:00,2015-01-23 16:45:00+00:00,484,True,False,1,False,False,False,NONE,OK
2015-01-25,2015,24,24,24,24,2015-01-24 17:00:00+00:00,2015-01-24 16:45:00,2015-01-24 16:45:00+00:00,489,True,False,1,False,False,False,NONE,OK
2015-01-26,2015,24,24,24,24,2015-01-25 17:00:00+00:00,2015-01-25 16:45:00,2015-01-25 16:45:00+00:00,494,True,False,1,False,False,False,NONE,OK
2015-01-27,2015,24,24,24,24,2015-01-26 17:00:00+00:00,2015-01-26 16:45:00,2015-01-26 16:45:00+00:00,499,True,False,1,False,False,False,NONE,OK
2015-01-28,2015,24,24,24,24,2015-01-27 17:00:00+00:00,2015-01-27 16:45:00,2015-01-27 16:45:00+00:00,504,True,False,1,False,False,False,NONE,OK
2015-01-29,2015,24,24,24,24,2015-01-28 17:00:00+00:00,2015-01-28 16:45:00,2015-01-28 16:45:00+00:00,509,True,False,1,False,False,False,NONE,OK
2015-01-30,2015,24,24,24,24,2015-01-29 17:00:00+00:00,2015-01-29 16:45:00,2015-01-29 16:45:00+00:00,514,True,False,1,False,False,False,NONE,OK
2015-01-31,2015,24,24,24,24,2015-01-30 17:00:00+00:00,2015-01-30 16:45:00,2015-01-30 16:45:00+00:00,519,True,False,1,False,False,False,NONE,OK
2015-02-01,2015,24,24,24,24,2015-01-31 17:00:00+00:00,2015-01-31 16:45:00,2015-01-31 16:45:00+00:00,524,True,False,1,False,False,False,NONE,OK
2015-02-02,2015,24,24,24,24,2015-02-01 17:00:00+00:00,2015-02-01 16:45:00,2015-02-01 16:45:00+00:00,529,True,False,1,False,False,False,NONE,OK
2015-02-03,2015,24,24,24,24,2015-02-02 17:00:00+00:00,2015-02-02 16:45:00,2015-02-02 16:45:00+00:00,534,True,False,1,False,False,False,NONE,OK
2015-02-04,2015,24,24,24,24,2015-02-03 17:00:00+00:00,2015-02-03 16:45:00,2015-02-03 16:45:00+00:00,539,True,False,1,False,False,False,NONE,OK
2015-02-05,2015,24,24,24,24,2015-02-04 17:00:00+00:00,2015-02-04 16:45:00,2015-02-04 16:45:00+00:00,544,True,False,1,False,False,False,NONE,OK
2015-02-06,2015,24,24,24,24,2015-02-05 17:00:00+00:00,2015-02-05 16:45:00,2015-02-05 16:45:00+00:00,549,True,False,1,False,False,False,NONE,OK
2015-02-07,2015,24,24,24,24,2015-02-06 17:00:00+00:00,2015-02-06 16:45:00,2015-02-06 16:45:00+00:00,554,True,False,1,False,False,False,NONE,OK
2015-02-08,2015,24,24,24,24,2015-02-07 17:00:00+00:00,2015-02-07 16:45:00,2015-02-07 16:45:00+00:00,559,True,False,1,False,False,False,NONE,OK
2015-02-09,2015,24,24,24,24,2015-02-08 17:00:00+00:00,2015-02-08 16:45:00,2015-02-08 16:45:00+00:00,564,True,False,1,False,False,False,NONE,OK
2015-02-10,2015,24,24,24,24,2015-02-09 17:00:00+00:00,2015-02-09 16:45:00,2015-02-09 16:45:00+00:00,569,True,False,1,False,False,False,NONE,OK
2015-02-11,2015,24,24,24,24,2015-02-10 17:00:00+00:00,2015-02-10 16:45:00,2015-02-10 16:45:00+00:00,574,True,False,1,False,False,False,NONE,OK
2015-02-12,2015,24,24,24,24,2015-02-11 17:00:00+00:00,2015-02-11 16:45:00,2015-02-11 16:45:00+00:00,579,True,False,1,False,False,False,NONE,OK
2015-02-13,2015,24,24,24,24,2015-02-12 17:00:00+00:00,2015-02-12 16:45:00,2015-02-12 16:45:00+00:00,584,True,False,1,False,False,False,NONE,OK
2015-02-14,2015,24,24,24,24,2015-02-13 17:00:00+00:00,2015-02-13 16:45:00,2015-02-13 16:45:00+00:00,589,True,False,1,False,False,False,NONE,OK
2015-02-15,2015,24,24,24,24,2015-02-14 17:00:00+00:00,2015-02-14 16:45:00,2015-02-14 16:45:00+00:00,594,True,False,1,False,False,False,NONE,OK
2015-02-16,2015,24,24,24,24,2015-02-15 17:00:00+00:00,2015-02-15 16:45:00,2015-02-15 16:45:00+00:00,599,True,False,1,False,False,False,NONE,OK
2015-02-17,2015,24,24,24,24,2015-02-16 17:00:00+00:00,2015-02-16 16:45:00,2015-02-16 16:45:00+00:00,604,True,False,1,False,False,False,NONE,OK
2015-02-18,2015,24,24,24,24,2015-02-17 17:00:00+00:00,2015-02-17 16:45:00,2015-02-17 16:45:00+00:00,609,True,False,1,False,False,False,NONE,OK
2015-02-19,2015,24,24,24,24,2015-02-18 17:00:00+00:00,2015-02-18 16:45:00,2015-02-18 16:45:00+00:00,614,True,False,1,False,False,False,NONE,OK
2015-02-20,2015,24,24,24,24,2015-02-19 17:00:00+00:00,2015-02-19 16:45:00,2015-02-19 16:45:00+00:00,619,True,False,1,False,False,False,NONE,OK
2015-02-21,2015,24,24,24,24,2015-02-20 17:00:00+00:00,2015-02-20 16:45:00,2015-02-20 16:45:00+00:00,624,True,False,1,False,False,False,NONE,OK
2015-02-22,2015,24,24,24,24,2015-02-21 17:00:00+00:00,2015-02-21 16:45:00,2015-02-21 16:45:00+00:00,629,True,False,1,False,False,False,NONE,OK
2015-02-23,2015,24,24,24,24,2015-02-22 17:00:00+00:00,2015-02-22 16:45:00,2015-02-22 16:45:00+00:00,634,True,False,1,False,False,False,NONE,OK
2015-02-24,2015,24,24,24,24,2015-02-23 17:00:00+00:00,2015-02-23 16:45:00,2015-02-23 16:45:00+00:00,639,True,False,1,False,False,False,NONE,OK
2015-02-25,2015,24,24,24,24,2015-02-24 17:00:00+00:00,2015-02-24 16:45:00,2015-02-24 16:45:00+00:00,644,True,False,1,False,False,False,NONE,OK
2015-02-26,2015,24,24,24,24,2015-02-25 17:00:00+00:00,2015-02-25 16:45:00,2015-02-25 16:45:00+00:00,649,True,False,1,False,False,False,NONE,OK
2015-02-27,2015,24,24,24,24,2015-02-26 17:00:00+00:00,2015-02-26 16:45:00,2015-02-26 16:45:00+00:00,654,True,False,1,False,False,False,NONE,OK
2015-02-28,2015,24,24,24,24,2015-02-27 17:00:00+00:00,2015-02-27 16:45:00,2015-02-27 16:45:00+00:00,659,True,False,1,False,False,False,NONE,OK
2015-03-01,2015,24,24,24,24,2015-02-28 17:00:00+00:00,2015-02-28 16:45:00,2015-02-28 16:45:00+00:00,664,True,False,1,False,False,False,NONE,OK
2015-03-02,2015,24,24,24,24,2015-03-01 17:00:00+00:00,2015-03-01 16:45:00,2015-03-01 16:45:00+00:00,669,True,False,1,False,False,False,NONE,OK
2015-03-03,2015,24,24,24,24,2015-03-02 17:00:00+00:00,2015-03-02 16:45:00,2015-03-02 16:45:00+00:00,674,True,False,1,False,False,False,NONE,OK
2015-03-04,2015,24,24,24,24,2015-03-03 17:00:00+00:00,2015-03-03 16:45:00,2015-03-03 16:45:00+00:00,679,True,False,1,False,False,False,NONE,OK
2015-03-05,2015,24,24,24,24,2015-03-04 17:00:00+00:00,2015-03-04 16:45:00,2015-03-04 16:45:00+00:00,684,True,False,1,False,False,False,NONE,OK
2015-03-06,2015,24,24,24,24,2015-03-05 17:00:00+00:00,2015-03-05 16:45:00,2015-03-05 16:45:00+00:00,689,True,False,1,False,False,False,NONE,OK
2015-03-07,2015,24,24,24,24,2015-03-06 17:00:00+00:00,2015-03-06 16:45:00,2015-03-06 16:45:00+00:00,694,True,False,1,False,False,False,NONE,OK
2015-03-08,2015,23,23,23,23,2015-03-07 17:00:00+00:00,2015-03-07 16:45:00,2015-03-07 16:45:00+00:00,699,True,False,1,False,False,False,NONE,OK
2015-03-09,2015,24,24,24,24,2015-03-08 16:00:00+00:00,2015-03-08 15:45:00,2015-03-08 15:45:00+00:00,704,True,False,1,False,False,False,NONE,OK
2015-03-10,2015,24,24,24,24,2015-03-09 16:00:00+00:00,2015-03-09 15:45:00,2015-03-09 15:45:00+00:00,709,True,False,1,False,False,False,NONE,OK
2015-03-11,2015,24,24,24,24,2015-03-10 16:00:00+00:00,2015-03-10 15:45:00,2015-03-10 15:45:00+00:00,714,True,False,1,False,False,False,NONE,OK
2015-03-12,2015,24,24,24,24,2015-03-11 16:00:00+00:00,2015-03-11 15:45:00,2015-03-11 15:45:00+00:00,719,True,False,1,False,False,False,NONE,OK
2015-03-13,2015,24,24,24,24,2015-03-12 16:00:00+00:00,2015-03-12 15:45:00,2015-03-12 15:45:00+00:00,724,True,False,1,False,False,False,NONE,OK
2015-03-14,2015,24,24,24,24,2015-03-13 16:00:00+00:00,2015-03-13 15:45:00,2015-03-13 15:45:00+00:00,729,True,False,1,False,False,False,NONE,OK
2015-03-15,2015,24,24,24,24,2015-03-14 16:00:00+00:00,2015-03-14 15:45:00,2015-03-14 15:45:00+00:00,734,True,False,1,False,False,False,NONE,OK
2015-03-16,2015,24,24,24,24,2015-03-15 16:00:00+00:00,2015-03-15 15:45:00,2015-03-15 15:45:00+00:00,739,True,False,1,False,False,False,NONE,OK
2015-03-17,2015,24,24,24,24,2015-03-16 16:00:00+00:00,2015-03-16 15:45:00,2015-03-16 15:45:00+00:00,744,True,False,1,False,False,False,NONE,OK
2015-03-18,2015,24,24,24,24,2015-03-17 16:00:00+00:00,2015-03-17 15:45:00,2015-03-17 15:45:00+00:00,749,True,False,1,False,False,False,NONE,OK
2015-03-19,2015,24,24,24,24,2015-03-18 16:00:00+00:00,2015-03-18 15:45:00,2015-03-18 15:45:00+00:00,754,True,False,1,False,False,False,NONE,OK
2015-03-20,2015,24,24,24,24,2015-03-19 16:00:00+00:00,2015-03-19 15:45:00,2015-03-19 15:45:00+00:00,759,True,False,1,False,False,False,NONE,OK
2015-03-21,2015,24,24,24,24,2015-03-20 16:00:00+00:00,2015-03-20 15:45:00,2015-03-20 15:45:00+00:00,764,True,False,1,False,False,False,NONE,OK
2015-03-22,2015,24,24,24,24,2015-03-21 16:00:00+00:00,2015-03-21 15:45:00,2015-03-21 15:45:00+00:00,769,True,False,1,False,False,False,NONE,OK
2015-03-23,2015,24,24,24,24,2015-03-22 16:00:00+00:00,2015-03-22 15:45:00,2015-03-22 15:45:00+00:00,774,True,False,1,False,False,False,NONE,OK
2015-03-24,2015,24,24,24,24,2015-03-23 16:00:00+00:00,2015-03-23 15:45:00,2015-03-23 15:45:00+00:00,779,True,False,1,False,False,False,NONE,OK
2015-03-25,2015,24,24,24,24,2015-03-24 16:00:00+00:00,2015-03-24 15:45:00,2015-03-24 15:45:00+00:00,784,True,False,1,False,False,False,NONE,OK
2015-03-26,2015,24,24,24,24,2015-03-25 16:00:00+00:00,2015-03-25 15:45:00,2015-03-25 15:45:00+00:00,789,True,False,1,False,False,False,NONE,OK
2015-03-27,2015,24,24,24,24,2015-03-26 16:00:00+00:00,2015-03-26 15:45:00,2015-03-26 15:45:00+00:00,794,True,False,1,False,False,False,NONE,OK
2015-03-28,2015,24,24,24,24,2015-03-27 16:00:00+00:00,2015-03-27 15:45:00,2015-03-27 15:45:00+00:00,799,True,False,1,False,False,False,NONE,OK
2015-03-29,2015,24,24,24,24,2015-03-28 16:00:00+00:00,2015-03-28 15:45:00,2015-03-28 15:45:00+00:00,804,True,False,1,False,False,False,NONE,OK
2015-03-30,2015,24,24,24,24,2015-03-29 16:00:00+00:00,2015-03-29 15:45:00,2015-03-29 15:45:00+00:00,809,True,False,1,False,False,False,NONE,OK
2015-03-31,2015,24,24,24,24,2015-03-30 16:00:00+00:00,2015-03-30 15:45:00,2015-03-30 15:45:00+00:00,814,True,False,1,False,False,False,NONE,OK
2015-04-01,2015,24,24,24,24,2015-03-31 16:00:00+00:00,2015-03-31 15:45:00,2015-03-31 15:45:00+00:00,819,True,False,1,False,False,False,NONE,OK
2015-04-02,2015,24,24,24,24,2015-04-01 16:00:00+00:00,2015-04-01 15:45:00,2015-04-01 15:45:00+00:00,824,True,False,1,False,False,False,NONE,OK
2015-04-03,2015,24,24,24,24,2015-04-02 16:00:00+00:00,2015-04-02 15:45:00,2015-04-02 15:45:00+00:00,829,True,False,1,False,False,False,NONE,OK
2015-04-04,2015,24,24,24,24,2015-04-03 16:00:00+00:00,2015-04-03 15:45:00,2015-04-03 15:45:00+00:00,834,True,False,1,False,False,False,NONE,OK
2015-04-05,2015,24,24,24,24,2015-04-04 16:00:00+00:00,2015-04-04 15:45:00,2015-04-04 15:45:00+00:00,839,True,False,1,False,False,False,NONE,OK
2015-04-06,2015,24,24,24,24,2015-04-05 16:00:00+00:00,2015-04-05 15:45:00,2015-04-05 15:45:00+00:00,844,True,False,1,False,False,False,NONE,OK
2015-04-07,2015,24,24,24,24,2015-04-06 16:00:00+00:00,2015-04-06 15:45:00,2015-04-06 15:45:00+00:00,849,True,False,1,False,False,False,NONE,OK
2015-04-08,2015,24,24,24,24,2015-04-07 16:00:00+00:00,2015-04-07 15:45:00,2015-04-07 15:45:00+00:00,854,True,False,1,False,False,False,NONE,OK
2015-04-09,2015,24,24,24,24,2015-04-08 16:00:00+00:00,2015-04-08 15:45:00,2015-04-08 15:45:00+00:00,859,True,False,1,False,False,False,NONE,OK
2015-04-10,2015,24,24,24,24,2015-04-09 16:00:00+00:00,2015-04-09 15:45:00,2015-04-09 15:45:00+00:00,864,True,False,1,False,False,False,NONE,OK
2015-04-11,2015,24,24,24,24,2015-04-10 16:00:00+00:00,2015-04-10 15:45:00,2015-04-10 15:45:00+00:00,869,True,False,1,False,False,False,NONE,OK
2015-04-12,2015,24,24,24,24,2015-04-11 16:00:00+00:00,2015-04-11 15:45:00,2015-04-11 15:45:00+00:00,874,True,False,1,False,False,False,NONE,OK
2015-04-13,2015,24,24,24,24,2015-04-12 16:00:00+00:00,2015-04-12 15:45:00,2015-04-12 15:45:00+00:00,879,True,False,1,False,False,False,NONE,OK
2015-04-14,2015,24,24,24,24,2015-04-13 16:00:00+00:00,2015-04-13 15:45:00,2015-04-13 15:45:00+00:00,884,True,False,1,False,False,False,NONE,OK
2015-04-15,2015,24,24,24,24,2015-04-14 16:00:00+00:00,2015-04-14 15:45:00,2015-04-14 15:45:00+00:00,889,True,False,1,False,False,False,NONE,OK
2015-04-16,2015,24,24,24,24,2015-04-15 16:00:00+00:00,2015-04-15 15:45:00,2015-04-15 15:45:00+00:00,894,True,False,1,False,False,False,NONE,OK
2015-04-17,2015,24,24,24,24,2015-04-16 16:00:00+00:00,2015-04-16 15:45:00,2015-04-16 15:45:00+00:00,899,True,False,1,False,False,False,NONE,OK
2015-04-18,2015,24,24,24,24,2015-04-17 16:00:00+00:00,2015-04-17 15:45:00,2015-04-17 15:45:00+00:00,904,True,False,1,False,False,False,NONE,OK
2015-04-19,2015,24,24,24,24,2015-04-18 16:00:00+00:00,2015-04-18 15:45:00,2015-04-18 15:45:00+00:00,909,True,False,1,False,False,False,NONE,OK
2015-04-20,2015,24,24,24,24,2015-04-19 16:00:00+00:00,2015-04-19 15:45:00,2015-04-19 15:45:00+00:00,914,True,False,1,False,False,False,NONE,OK
2015-04-21,2015,24,24,24,24,2015-04-20 16:00:00+00:00,2015-04-20 15:45:00,2015-04-20 15:45:00+00:00,919,True,False,1,False,False,False,NONE,OK
2015-04-22,2015,24,24,24,24,2015-04-21 16:00:00+00:00,2015-04-21 15:45:00,2015-04-21 15:45:00+00:00,924,True,False,1,False,False,False,NONE,OK
2015-04-23,2015,24,24,24,24,2015-04-22 16:00:00+00:00,2015-04-22 15:45:00,2015-04-22 15:45:00+00:00,929,True,False,1,False,False,False,NONE,OK
2015-04-24,2015,24,24,24,24,2015-04-23 16:00:00+00:00,2015-04-23 15:45:00,2015-04-23 15:45:00+00:00,934,True,False,1,False,False,False,NONE,OK
2015-04-25,2015,24,24,24,24,2015-04-24 16:00:00+00:00,2015-04-24 15:45:00,2015-04-24 15:45:00+00:00,939,True,False,1,False,False,False,NONE,OK
2015-04-26,2015,24,24,24,24,2015-04-25 16:00:00+00:00,2015-04-25 15:45:00,2015-04-25 15:45:00+00:00,944,True,False,1,False,False,False,NONE,OK
2015-04-27,2015,24,24,24,24,2015-04-26 16:00:00+00:00,2015-04-26 15:45:00,2015-04-26 15:45:00+00:00,949,True,False,1,False,False,False,NONE,OK
2015-04-28,2015,24,24,24,24,2015-04-27 16:00:00+00:00,2015-04-27 15:45:00,2015-04-27 15:45:00+00:00,954,True,False,1,False,False,False,NONE,OK
2015-04-29,2015,24,24,24,24,2015-04-28 16:00:00+00:00,2015-04-28 15:45:00,2015-04-28 15:45:00+00:00,959,True,False,1,False,False,False,NONE,OK
2015-04-30,2015,24,24,24,24,2015-04-29 16:00:00+00:00,2015-04-29 15:45:00,2015-04-29 15:45:00+00:00,964,True,False,1,False,False,False,NONE,OK
2015-05-01,2015,24,24,24,24,2015-04-30 16:00:00+00:00,2015-04-30 15:45:00,2015-04-30 15:45:00+00:00,969,True,False,1,False,False,False,NONE,OK
2015-05-02,2015,24,24,24,24,2015-05-01 16:00:00+00:00,2015-05-01 15:45:00,2015-05-01 15:45:00+00:00,974,True,False,1,False,False,False,NONE,OK
2015-05-03,2015,24,24,24,24,2015-05-02 16:00:00+00:00,2015-05-02 15:45:00,2015-05-02 15:45:00+00:00,979,True,False,1,False,False,False,NONE,OK
2015-05-04,2015,24,24,24,24,2015-05-03 16:00:00+00:00,2015-05-03 15:45:00,2015-05-03 15:45:00+00:00,984,True,False,1,False,False,False,NONE,OK
2015-05-05,2015,24,24,24,24,2015-05-04 16:00:00+00:00,2015-05-04 15:45:00,2015-05-04 15:45:00+00:00,989,True,False,1,False,False,False,NONE,OK
2015-05-06,2015,24,24,24,24,2015-05-05 16:00:00+00:00,2015-05-05 15:45:00,2015-05-05 15:45:00+00:00,994,True,False,1,False,False,False,NONE,OK
2015-05-07,2015,24,24,24,24,2015-05-06 16:00:00+00:00,2015-05-06 15:45:00,2015-05-06 15:45:00+00:00,999,True,False,1,False,False,False,NONE,OK
2015-05-08,2015,24,24,24,24,2015-05-07 16:00:00+00:00,2015-05-07 15:45:00,2015-05-07 15:45:00+00:00,1004,True,False,1,False,False,False,NONE,OK
2015-05-09,2015,24,24,24,24,2015-05-08 16:00:00+00:00,2015-05-08 15:45:00,2015-05-08 15:45:00+00:00,1009,True,False,1,False,False,False,NONE,OK
2015-05-10,2015,24,24,24,24,2015-05-09 16:00:00+00:00,2015-05-09 15:45:00,2015-05-09 15:45:00+00:00,1014,True,False,1,False,False,False,NONE,OK
2015-05-11,2015,24,24,24,24,2015-05-10 16:00:00+00:00,2015-05-10 15:45:00,2015-05-10 15:45:00+00:00,1019,True,False,1,False,False,False,NONE,OK
2015-05-12,2015,24,24,24,24,2015-05-11 16:00:00+00:00,2015-05-11 15:45:00,2015-05-11 15:45:00+00:00,1024,True,False,1,False,False,False,NONE,OK
2015-05-13,2015,24,24,24,24,2015-05-12 16:00:00+00:00,2015-05-12 15:45:00,2015-05-12 15:45:00+00:00,1029,True,False,1,False,False,False,NONE,OK
2015-05-14,2015,24,24,24,24,2015-05-13 16:00:00+00:00,2015-05-13 15:45:00,2015-05-13 15:45:00+00:00,1034,True,False,1,False,False,False,NONE,OK
2015-05-15,2015,24,24,24,24,2015-05-14 16:00:00+00:00,2015-05-14 15:45:00,2015-05-14 15:45:00+00:00,1039,True,False,1,False,False,False,NONE,OK
2015-05-16,2015,24,24,24,24,2015-05-15 16:00:00+00:00,2015-05-15 15:45:00,2015-05-15 15:45:00+00:00,1044,True,False,1,False,False,False,NONE,OK
2015-05-17,2015,24,24,24,24,2015-05-16 16:00:00+00:00,2015-05-16 15:45:00,2015-05-16 15:45:00+00:00,1049,True,False,1,False,False,False,NONE,OK
2015-05-18,2015,24,24,24,24,2015-05-17 16:00:00+00:00,2015-05-17 15:45:00,2015-05-17 15:45:00+00:00,1054,True,False,1,False,False,False,NONE,OK
2015-05-19,2015,24,24,24,24,2015-05-18 16:00:00+00:00,2015-05-18 15:45:00,2015-05-18 15:45:00+00:00,1059,True,False,1,False,False,False,NONE,OK
2015-05-20,2015,24,24,24,24,2015-05-19 16:00:00+00:00,2015-05-19 15:45:00,2015-05-19 15:45:00+00:00,1064,True,False,1,False,False,False,NONE,OK
2015-05-21,2015,24,24,24,24,2015-05-20 16:00:00+00:00,2015-05-20 15:45:00,2015-05-20 15:45:00+00:00,1069,True,False,1,False,False,False,NONE,OK
2015-05-22,2015,24,24,24,24,2015-05-21 16:00:00+00:00,2015-05-21 15:45:00,2015-05-21 15:45:00+00:00,1074,True,False,1,False,False,False,NONE,OK
2015-05-23,2015,24,24,24,24,2015-05-22 16:00:00+00:00,2015-05-22 15:45:00,2015-05-22 15:45:00+00:00,1079,True,False,1,False,False,False,NONE,OK
2015-05-24,2015,24,24,24,24,2015-05-23 16:00:00+00:00,2015-05-23 15:45:00,2015-05-23 15:45:00+00:00,1084,True,False,1,False,False,False,NONE,OK
2015-05-25,2015,24,24,24,24,2015-05-24 16:00:00+00:00,2015-05-24 15:45:00,2015-05-24 15:45:00+00:00,1089,True,False,1,False,False,False,NONE,OK
2015-05-26,2015,24,24,24,24,2015-05-25 16:00:00+00:00,2015-05-25 15:45:00,2015-05-25 15:45:00+00:00,1094,True,False,1,False,False,False,NONE,OK
2015-05-27,2015,24,24,24,24,2015-05-26 16:00:00+00:00,2015-05-26 15:45:00,2015-05-26 15:45:00+00:00,1099,True,False,1,False,False,False,NONE,OK
2015-05-28,2015,24,24,24,24,2015-05-27 16:00:00+00:00,2015-05-27 15:45:00,2015-05-27 15:45:00+00:00,1104,True,False,1,False,False,False,NONE,OK
2015-05-29,2015,24,24,24,24,2015-05-28 16:00:00+00:00,2015-05-28 15:45:00,2015-05-28 15:45:00+00:00,1109,True,False,1,False,False,False,NONE,OK
2015-05-30,2015,24,24,24,24,2015-05-29 16:00:00+00:00,2015-05-29 15:45:00,2015-05-29 15:45:00+00:00,1114,True,False,1,False,False,False,NONE,OK
2015-05-31,2015,24,24,24,24,2015-05-30 16:00:00+00:00,2015-05-30 15:45:00,2015-05-30 15:45:00+00:00,1119,True,False,1,False,False,False,NONE,OK
2015-06-01,2015,24,24,24,24,2015-05-31 16:00:00+00:00,2015-05-31 15:45:00,2015-05-31 15:45:00+00:00,1124,True,False,1,False,False,False,NONE,OK
2015-06-02,2015,24,24,24,24,2015-06-01 16:00:00+00:00,2015-06-01 15:45:00,2015-06-01 15:45:00+00:00,1129,True,False,1,False,False,False,NONE,OK
2015-06-03,2015,24,24,24,24,2015-06-02 16:00:00+00:00,2015-06-02 15:45:00,2015-06-02 15:45:00+00:00,1134,True,False,1,False,False,False,NONE,OK
2015-06-04,2015,24,24,24,24,2015-06-03 16:00:00+00:00,2015-06-03 15:45:00,2015-06-03 15:45:00+00:00,1139,True,False,1,False,False,False,NONE,OK
2015-06-05,2015,24,24,24,24,2015-06-04 16:00:00+00:00,2015-06-04 15:45:00,2015-06-04 15:45:00+00:00,1144,True,False,1,False,False,False,NONE,OK
2015-06-06,2015,24,24,24,24,2015-06-05 16:00:00+00:00,2015-06-05 15:45:00,2015-06-05 15:45:00+00:00,1149,True,False,1,False,False,False,NONE,OK
2015-06-07,2015,24,24,24,24,2015-06-06 16:00:00+00:00,2015-06-06 15:45:00,2015-06-06 15:45:00+00:00,1154,True,False,1,False,False,False,NONE,OK
2015-06-08,2015,24,24,24,24,2015-06-07 16:00:00+00:00,2015-06-07 15:45:00,2015-06-07 15:45:00+00:00,1159,True,False,1,False,False,False,NONE,OK
2015-06-09,2015,24,24,24,24,2015-06-08 16:00:00+00:00,2015-06-08 15:45:00,2015-06-08 15:45:00+00:00,1164,True,False,1,False,False,False,NONE,OK
2015-06-10,2015,24,24,24,24,2015-06-09 16:00:00+00:00,2015-06-09 15:45:00,2015-06-09 15:45:00+00:00,1169,True,False,1,False,False,False,NONE,OK
2015-06-11,2015,24,24,24,24,2015-06-10 16:00:00+00:00,2015-06-10 15:45:00,2015-06-10 15:45:00+00:00,1174,True,False,1,False,False,False,NONE,OK
2015-06-12,2015,24,24,24,24,2015-06-11 16:00:00+00:00,2015-06-11 15:45:00,2015-06-11 15:45:00+00:00,1179,True,False,1,False,False,False,NONE,OK
2015-06-13,2015,24,24,24,24,2015-06-12 16:00:00+00:00,2015-06-12 15:45:00,2015-06-12 15:45:00+00:00,1184,True,False,1,False,False,False,NONE,OK
2015-06-14,2015,24,24,24,24,2015-06-13 16:00:00+00:00,2015-06-13 15:45:00,2015-06-13 15:45:00+00:00,1189,True,False,1,False,False,False,NONE,OK
2015-06-15,2015,24,24,24,24,2015-06-14 16:00:00+00:00,2015-06-14 15:45:00,2015-06-14 15:45:00+00:00,1194,True,False,1,False,False,False,NONE,OK
2015-06-16,2015,24,24,24,24,2015-06-15 16:00:00+00:00,2015-06-15 15:45:00,2015-06-15 15:45:00+00:00,1199,True,False,1,False,False,False,NONE,OK
2015-06-17,2015,24,24,24,24,2015-06-16 16:00:00+00:00,2015-06-16 15:45:00,2015-06-16 15:45:00+00:00,1204,True,False,1,False,False,False,NONE,OK
2015-06-18,2015,24,24,24,24,2015-06-17 16:00:00+00:00,2015-06-17 15:45:00,2015-06-17 15:45:00+00:00,1209,True,False,1,False,False,False,NONE,OK
2015-06-19,2015,24,24,24,24,2015-06-18 16:00:00+00:00,2015-06-18 15:45:00,2015-06-18 15:45:00+00:00,1214,True,False,1,False,False,False,NONE,OK
2015-06-20,2015,24,24,24,24,2015-06-19 16:00:00+00:00,2015-06-19 15:45:00,2015-06-19 15:45:00+00:00,1219,True,False,1,False,False,False,NONE,OK
2015-06-21,2015,24,24,24,24,2015-06-20 16:00:00+00:00,2015-06-20 15:45:00,2015-06-20 15:45:00+00:00,1224,True,False,1,False,False,False,NONE,OK
2015-06-22,2015,24,24,24,24,2015-06-21 16:00:00+00:00,2015-06-21 15:45:00,2015-06-21 15:45:00+00:00,1229,True,False,1,False,False,False,NONE,OK
2015-06-23,2015,24,24,24,24,2015-06-22 16:00:00+00:00,2015-06-22 15:45:00,2015-06-22 15:45:00+00:00,1234,True,False,1,False,False,False,NONE,OK
2015-06-24,2015,24,24,24,24,2015-06-23 16:00:00+00:00,2015-06-23 15:45:00,2015-06-23 15:45:00+00:00,1239,True,False,1,False,False,False,NONE,OK
2015-06-25,2015,24,24,24,24,2015-06-24 16:00:00+00:00,2015-06-24 15:45:00,2015-06-24 15:45:00+00:00,1244,True,False,1,False,False,False,NONE,OK
2015-06-26,2015,24,24,24,24,2015-06-25 16:00:00+00:00,2015-06-25 15:45:00,2015-06-25 15:45:00+00:00,1249,True,False,1,False,False,False,NONE,OK
2015-06-27,2015,24,24,24,24,2015-06-26 16:00:00+00:00,2015-06-26 15:45:00,2015-06-26 15:45:00+00:00,1254,True,False,1,False,False,False,NONE,OK
2015-06-28,2015,24,24,24,24,2015-06-27 16:00:00+00:00,2015-06-27 15:45:00,2015-06-27 15:45:00+00:00,1259,True,False,1,False,False,False,NONE,OK
2015-06-29,2015,24,24,24,24,2015-06-28 16:00:00+00:00,2015-06-28 15:45:00,2015-06-28 15:45:00+00:00,1264,True,False,1,False,False,False,NONE,OK
2015-06-30,2015,24,24,24,24,2015-06-29 16:00:00+00:00,2015-06-29 15:45:00,2015-06-29 15:45:00+00:00,1269,True,False,1,False,False,False,NONE,OK
2015-07-01,2015,24,24,24,24,2015-06-30 16:00:00+00:00,2015-06-30 15:45:00,2015-06-30 15:45:00+00:00,1274,True,False,1,False,False,False,NONE,OK
2015-07-02,2015,24,24,24,24,2015-07-01 16:00:00+00:00,2015-07-01 15:45:00,2015-07-01 15:45:00+00:00,1279,True,False,1,False,False,False,NONE,OK
2015-07-03,2015,24,24,24,24,2015-07-02 16:00:00+00:00,2015-07-02 15:45:00,2015-07-02 15:45:00+00:00,1284,True,False,1,False,False,False,NONE,OK
2015-07-04,2015,24,24,24,24,2015-07-03 16:00:00+00:00,2015-07-03 15:45:00,2015-07-03 15:45:00+00:00,1289,True,False,1,False,False,False,NONE,OK
2015-07-05,2015,24,24,24,24,2015-07-04 16:00:00+00:00,2015-07-04 15:45:00,2015-07-04 15:45:00+00:00,1294,True,False,1,False,False,False,NONE,OK
2015-07-06,2015,24,24,24,24,2015-07-05 16:00:00+00:00,2015-07-05 15:45:00,2015-07-05 15:45:00+00:00,1299,True,False,1,False,False,False,NONE,OK
2015-07-07,2015,24,24,24,24,2015-07-06 16:00:00+00:00,2015-07-06 15:45:00,2015-07-06 15:45:00+00:00,1304,True,False,1,False,False,False,NONE,OK
2015-07-08,2015,24,24,24,24,2015-07-07 16:00:00+00:00,2015-07-07 15:45:00,2015-07-07 15:45:00+00:00,1309,True,False,1,False,False,False,NONE,OK
2015-07-09,2015,24,24,24,24,2015-07-08 16:00:00+00:00,2015-07-08 15:45:00,2015-07-08 15:45:00+00:00,1314,True,False,1,False,False,False,NONE,OK
2015-07-10,2015,24,24,24,24,2015-07-09 16:00:00+00:00,2015-07-09 15:45:00,2015-07-09 15:45:00+00:00,1319,True,False,1,False,False,False,NONE,OK
2015-07-11,2015,24,24,24,24,2015-07-10 16:00:00+00:00,2015-07-10 15:45:00,2015-07-10 15:45:00+00:00,1324,True,False,1,False,False,False,NONE,OK
2015-07-12,2015,24,24,24,24,2015-07-11 16:00:00+00:00,2015-07-11 15:45:00,2015-07-11 15:45:00+00:00,1329,True,False,1,False,False,False,NONE,OK
2015-07-13,2015,24,24,24,24,2015-07-12 16:00:00+00:00,2015-07-12 15:45:00,2015-07-12 15:45:00+00:00,1334,True,False,1,False,False,False,NONE,OK
2015-07-14,2015,24,24,24,24,2015-07-13 16:00:00+00:00,2015-07-13 15:45:00,2015-07-13 15:45:00+00:00,1339,True,False,1,False,False,False,NONE,OK
2015-07-15,2015,24,24,24,24,2015-07-14 16:00:00+00:00,2015-07-14 15:45:00,2015-07-14 15:45:00+00:00,1344,True,False,1,False,False,False,NONE,OK
2015-07-16,2015,24,24,24,24,2015-07-15 16:00:00+00:00,2015-07-15 15:45:00,2015-07-15 15:45:00+00:00,1349,True,False,1,False,False,False,NONE,OK
2015-07-17,2015,24,24,24,24,2015-07-16 16:00:00+00:00,2015-07-16 15:45:00,2015-07-16 15:45:00+00:00,1354,True,False,1,False,False,False,NONE,OK
2015-07-18,2015,24,24,24,24,2015-07-17 16:00:00+00:00,2015-07-17 15:45:00,2015-07-17 15:45:00+00:00,1359,True,False,1,False,False,False,NONE,OK
2015-07-19,2015,24,24,24,24,2015-07-18 16:00:00+00:00,2015-07-18 15:45:00,2015-07-18 15:45:00+00:00,1364,True,False,1,False,False,False,NONE,OK
2015-07-20,2015,24,24,24,24,2015-07-19 16:00:00+00:00,2015-07-19 15:45:00,2015-07-19 15:45:00+00:00,1369,True,False,1,False,False,False,NONE,OK
2015-07-21,2015,24,24,24,24,2015-07-20 16:00:00+00:00,2015-07-20 15:45:00,2015-07-20 15:45:00+00:00,1374,True,False,1,False,False,False,NONE,OK
2015-07-22,2015,24,24,24,24,2015-07-21 16:00:00+00:00,2015-07-21 15:45:00,2015-07-21 15:45:00+00:00,1379,True,False,1,False,False,False,NONE,OK
2015-07-23,2015,24,24,24,24,2015-07-22 16:00:00+00:00,2015-07-22 15:45:00,2015-07-22 15:45:00+00:00,1384,True,False,1,False,False,False,NONE,OK
2015-07-24,2015,24,24,24,24,2015-07-23 16:00:00+00:00,2015-07-23 15:45:00,2015-07-23 15:45:00+00:00,1389,True,False,1,False,False,False,NONE,OK
2015-07-25,2015,24,24,24,24,2015-07-24 16:00:00+00:00,2015-07-24 15:45:00,2015-07-24 15:45:00+00:00,1394,True,False,1,False,False,False,NONE,OK
2015-07-26,2015,24,24,24,24,2015-07-25 16:00:00+00:00,2015-07-25 15:45:00,2015-07-25 15:45:00+00:00,1399,True,False,1,False,False,False,NONE,OK
2015-07-27,2015,24,24,24,24,2015-07-26 16:00:00+00:00,2015-07-26 15:45:00,2015-07-26 15:45:00+00:00,1404,True,False,1,False,False,False,NONE,OK
2015-07-28,2015,24,24,24,24,2015-07-27 16:00:00+00:00,2015-07-27 15:45:00,2015-07-27 15:45:00+00:00,1409,True,False,1,False,False,False,NONE,OK
2015-07-29,2015,24,24,24,24,2015-07-28 16:00:00+00:00,2015-07-28 15:45:00,2015-07-28 15:45:00+00:00,1414,True,False,1,False,False,False,NONE,OK
2015-07-30,2015,24,24,24,24,2015-07-29 16:00:00+00:00,2015-07-29 15:45:00,2015-07-29 15:45:00+00:00,1419,True,False,1,False,False,False,NONE,OK
2015-07-31,2015,24,24,24,24,2015-07-30 16:00:00+00:00,2015-07-30 15:45:00,2015-07-30 15:45:00+00:00,1424,True,False,1,False,False,False,NONE,OK
2015-08-01,2015,24,24,24,24,2015-07-31 16:00:00+00:00,2015-07-31 15:45:00,2015-07-31 15:45:00+00:00,1429,True,False,1,False,False,False,NONE,OK
2015-08-02,2015,24,24,24,24,2015-08-01 16:00:00+00:00,2015-08-01 15:45:00,2015-08-01 15:45:00+00:00,1434,True,False,1,False,False,False,NONE,OK
2015-08-03,2015,24,24,24,24,2015-08-02 16:00:00+00:00,2015-08-02 15:45:00,2015-08-02 15:45:00+00:00,1439,True,False,1,False,False,False,NONE,OK
2015-08-04,2015,24,24,24,24,2015-08-03 16:00:00+00:00,2015-08-03 15:45:00,2015-08-03 15:45:00+00:00,1444,True,False,1,False,False,False,NONE,OK
2015-08-05,2015,24,24,24,24,2015-08-04 16:00:00+00:00,2015-08-04 15:45:00,2015-08-04 15:45:00+00:00,1449,True,False,1,False,False,False,NONE,OK
2015-08-06,2015,24,24,24,24,2015-08-05 16:00:00+00:00,2015-08-05 15:45:00,2015-08-05 15:45:00+00:00,1454,True,False,1,False,False,False,NONE,OK
2015-08-07,2015,24,24,24,24,2015-08-06 16:00:00+00:00,2015-08-06 15:45:00,2015-08-06 15:45:00+00:00,1459,True,False,1,False,False,False,NONE,OK
2015-08-08,2015,24,24,24,24,2015-08-07 16:00:00+00:00,2015-08-07 15:45:00,2015-08-07 15:45:00+00:00,1464,True,False,1,False,False,False,NONE,OK
2015-08-09,2015,24,24,24,24,2015-08-08 16:00:00+00:00,2015-08-08 15:45:00,2015-08-08 15:45:00+00:00,1469,True,False,1,False,False,False,NONE,OK
2015-08-10,2015,24,24,24,24,2015-08-09 16:00:00+00:00,2015-08-09 15:45:00,2015-08-09 15:45:00+00:00,1474,True,False,1,False,False,False,NONE,OK
2015-08-11,2015,24,24,24,24,2015-08-10 16:00:00+00:00,2015-08-10 15:45:00,2015-08-10 15:45:00+00:00,1479,True,False,1,False,False,False,NONE,OK
2015-08-12,2015,24,24,24,24,2015-08-11 16:00:00+00:00,2015-08-11 15:45:00,2015-08-11 15:45:00+00:00,1484,True,False,1,False,False,False,NONE,OK
2015-08-13,2015,24,24,24,24,2015-08-12 16:00:00+00:00,2015-08-12 15:45:00,2015-08-12 15:45:00+00:00,1489,True,False,1,False,False,False,NONE,OK
2015-08-14,2015,24,24,24,24,2015-08-13 16:00:00+00:00,2015-08-13 15:45:00,2015-08-13 15:45:00+00:00,1494,True,False,1,False,False,False,NONE,OK
2015-08-15,2015,24,24,24,24,2015-08-14 16:00:00+00:00,2015-08-14 15:45:00,2015-08-14 15:45:00+00:00,1499,True,False,1,False,False,False,NONE,OK
2015-08-16,2015,24,24,24,24,2015-08-15 16:00:00+00:00,2015-08-15 15:45:00,2015-08-15 15:45:00+00:00,1504,True,False,1,False,False,False,NONE,OK
2015-08-17,2015,24,24,24,24,2015-08-16 16:00:00+00:00,2015-08-16 15:45:00,2015-08-16 15:45:00+00:00,1509,True,False,1,False,False,False,NONE,OK
2015-08-18,2015,24,24,24,24,2015-08-17 16:00:00+00:00,2015-08-17 15:45:00,2015-08-17 15:45:00+00:00,1514,True,False,1,False,False,False,NONE,OK
2015-08-19,2015,24,24,24,24,2015-08-18 16:00:00+00:00,2015-08-18 15:45:00,2015-08-18 15:45:00+00:00,1519,True,False,1,False,False,False,NONE,OK
2015-08-20,2015,24,24,24,24,2015-08-19 16:00:00+00:00,2015-08-19 15:45:00,2015-08-19 15:45:00+00:00,1524,True,False,1,False,False,False,NONE,OK
2015-08-21,2015,24,24,24,24,2015-08-20 16:00:00+00:00,2015-08-20 15:45:00,2015-08-20 15:45:00+00:00,1529,True,False,1,False,False,False,NONE,OK
2015-08-22,2015,24,24,24,24,2015-08-21 16:00:00+00:00,2015-08-21 15:45:00,2015-08-21 15:45:00+00:00,1534,True,False,1,False,False,False,NONE,OK
2015-08-23,2015,24,24,24,24,2015-08-22 16:00:00+00:00,2015-08-22 15:45:00,2015-08-22 15:45:00+00:00,1539,True,False,1,False,False,False,NONE,OK
2015-08-24,2015,24,24,24,24,2015-08-23 16:00:00+00:00,2015-08-23 15:45:00,2015-08-23 15:45:00+00:00,1544,True,False,1,False,False,False,NONE,OK
2015-08-25,2015,24,24,24,24,2015-08-24 16:00:00+00:00,2015-08-24 15:45:00,2015-08-24 15:45:00+00:00,1549,True,False,1,False,False,False,NONE,OK
2015-08-26,2015,24,24,24,24,2015-08-25 16:00:00+00:00,2015-08-25 15:45:00,2015-08-25 15:45:00+00:00,1554,True,False,1,False,False,False,NONE,OK
2015-08-27,2015,24,24,24,24,2015-08-26 16:00:00+00:00,2015-08-26 15:45:00,2015-08-26 15:45:00+00:00,1559,True,False,1,False,False,False,NONE,OK
2015-08-28,2015,24,24,24,24,2015-08-27 16:00:00+00:00,2015-08-27 15:45:00,2015-08-27 15:45:00+00:00,1564,True,False,1,False,False,False,NONE,OK
2015-08-29,2015,24,24,24,24,2015-08-28 16:00:00+00:00,2015-08-28 15:45:00,2015-08-28 15:45:00+00:00,1569,True,False,1,False,False,False,NONE,OK
2015-08-30,2015,24,24,24,24,2015-08-29 16:00:00+00:00,2015-08-29 15:45:00,2015-08-29 15:45:00+00:00,1574,True,False,1,False,False,False,NONE,OK
2015-08-31,2015,24,24,24,24,2015-08-30 16:00:00+00:00,2015-08-30 15:45:00,2015-08-30 15:45:00+00:00,1579,True,False,1,False,False,False,NONE,OK
2015-09-01,2015,24,24,24,24,2015-08-31 16:00:00+00:00,2015-08-31 15:45:00,2015-08-31 15:45:00+00:00,1584,True,False,1,False,False,False,NONE,OK
2015-09-02,2015,24,24,24,24,2015-09-01 16:00:00+00:00,2015-09-01 15:45:00,2015-09-01 15:45:00+00:00,1589,True,False,1,False,False,False,NONE,OK
2015-09-03,2015,24,24,24,24,2015-09-02 16:00:00+00:00,2015-09-02 15:45:00,2015-09-02 15:45:00+00:00,1594,True,False,1,False,False,False,NONE,OK
2015-09-04,2015,24,24,24,24,2015-09-03 16:00:00+00:00,2015-09-03 15:45:00,2015-09-03 15:45:00+00:00,1599,True,False,1,False,False,False,NONE,OK
2015-09-05,2015,24,24,24,24,2015-09-04 16:00:00+00:00,2015-09-04 15:45:00,2015-09-04 15:45:00+00:00,1604,True,False,1,False,False,False,NONE,OK
2015-09-06,2015,24,24,24,24,2015-09-05 16:00:00+00:00,2015-09-05 15:45:00,2015-09-05 15:45:00+00:00,1609,True,False,1,False,False,False,NONE,OK
2015-09-07,2015,24,24,24,24,2015-09-06 16:00:00+00:00,2015-09-06 15:45:00,2015-09-06 15:45:00+00:00,1614,True,False,1,False,False,False,NONE,OK
2015-09-08,2015,24,24,24,24,2015-09-07 16:00:00+00:00,2015-09-07 15:45:00,2015-09-07 15:45:00+00:00,1619,True,False,1,False,False,False,NONE,OK
2015-09-09,2015,24,24,24,24,2015-09-08 16:00:00+00:00,2015-09-08 15:45:00,2015-09-08 15:45:00+00:00,1624,True,False,1,False,False,False,NONE,OK
2015-09-10,2015,24,24,24,24,2015-09-09 16:00:00+00:00,2015-09-09 15:45:00,2015-09-09 15:45:00+00:00,1629,True,False,1,False,False,False,NONE,OK
2015-09-11,2015,24,24,24,24,2015-09-10 16:00:00+00:00,2015-09-10 15:45:00,2015-09-10 15:45:00+00:00,1634,True,False,1,False,False,False,NONE,OK
2015-09-12,2015,24,24,24,24,2015-09-11 16:00:00+00:00,2015-09-11 15:45:00,2015-09-11 15:45:00+00:00,1639,True,False,1,False,False,False,NONE,OK
2015-09-13,2015,24,24,24,24,2015-09-12 16:00:00+00:00,2015-09-12 15:45:00,2015-09-12 15:45:00+00:00,1644,True,False,1,False,False,False,NONE,OK
2015-09-14,2015,24,24,24,24,2015-09-13 16:00:00+00:00,2015-09-13 15:45:00,2015-09-13 15:45:00+00:00,1649,True,False,1,False,False,False,NONE,OK
2015-09-15,2015,24,24,24,24,2015-09-14 16:00:00+00:00,2015-09-14 15:45:00,2015-09-14 15:45:00+00:00,1654,True,False,1,False,False,False,NONE,OK
2015-09-16,2015,24,24,24,24,2015-09-15 16:00:00+00:00,2015-09-15 15:45:00,2015-09-15 15:45:00+00:00,1659,True,False,1,False,False,False,NONE,OK
2015-09-17,2015,24,24,24,24,2015-09-16 16:00:00+00:00,2015-09-16 15:45:00,2015-09-16 15:45:00+00:00,1664,True,False,1,False,False,False,NONE,OK
2015-09-18,2015,24,24,24,24,2015-09-17 16:00:00+00:00,2015-09-17 15:45:00,2015-09-17 15:45:00+00:00,1669,True,False,1,False,False,False,NONE,OK
2015-09-19,2015,24,24,24,24,2015-09-18 16:00:00+00:00,2015-09-18 15:45:00,2015-09-18 15:45:00+00:00,1674,True,False,1,False,False,False,NONE,OK
2015-09-20,2015,24,24,24,24,2015-09-19 16:00:00+00:00,2015-09-19 15:45:00,2015-09-19 15:45:00+00:00,1679,True,False,1,False,False,False,NONE,OK
2015-09-21,2015,24,24,24,24,2015-09-20 16:00:00+00:00,2015-09-20 15:45:00,2015-09-20 15:45:00+00:00,1684,True,False,1,False,False,False,NONE,OK
2015-09-22,2015,24,24,24,24,2015-09-21 16:00:00+00:00,2015-09-21 15:45:00,2015-09-21 15:45:00+00:00,1689,True,False,1,False,False,False,NONE,OK
2015-09-23,2015,24,24,24,24,2015-09-22 16:00:00+00:00,2015-09-22 15:45:00,2015-09-22 15:45:00+00:00,1694,True,False,1,False,False,False,NONE,OK
2015-09-24,2015,24,24,24,24,2015-09-23 16:00:00+00:00,2015-09-23 15:45:00,2015-09-23 15:45:00+00:00,1699,True,False,1,False,False,False,NONE,OK
2015-09-25,2015,24,24,24,24,2015-09-24 16:00:00+00:00,2015-09-24 15:45:00,2015-09-24 15:45:00+00:00,1704,True,False,1,False,False,False,NONE,OK
2015-09-26,2015,24,24,24,24,2015-09-25 16:00:00+00:00,2015-09-25 15:45:00,2015-09-25 15:45:00+00:00,1709,True,False,1,False,False,False,NONE,OK
2015-09-27,2015,24,24,24,24,2015-09-26 16:00:00+00:00,2015-09-26 15:45:00,2015-09-26 15:45:00+00:00,1714,True,False,1,False,False,False,NONE,OK
2015-09-28,2015,24,24,24,24,2015-09-27 16:00:00+00:00,2015-09-27 15:45:00,2015-09-27 15:45:00+00:00,1719,True,False,1,False,False,False,NONE,OK
2015-09-29,2015,24,24,24,24,2015-09-28 16:00:00+00:00,2015-09-28 15:45:00,2015-09-28 15:45:00+00:00,1724,True,False,1,False,False,False,NONE,OK
2015-09-30,2015,24,24,24,24,2015-09-29 16:00:00+00:00,2015-09-29 15:45:00,2015-09-29 15:45:00+00:00,1729,True,False,1,False,False,False,NONE,OK
2015-10-01,2015,24,24,24,24,2015-09-30 16:00:00+00:00,2015-09-30 15:45:00,2015-09-30 15:45:00+00:00,1734,True,False,1,False,False,False,NONE,OK
2015-10-02,2015,24,24,24,24,2015-10-01 16:00:00+00:00,2015-10-01 15:45:00,2015-10-01 15:45:00+00:00,1739,True,False,1,False,False,False,NONE,OK
2015-10-03,2015,24,24,24,24,2015-10-02 16:00:00+00:00,2015-10-02 15:45:00,2015-10-02 15:45:00+00:00,1744,True,False,1,False,False,False,NONE,OK
2015-10-04,2015,24,24,24,24,2015-10-03 16:00:00+00:00,2015-10-03 15:45:00,2015-10-03 15:45:00+00:00,1749,True,False,1,False,False,False,NONE,OK
2015-10-05,2015,24,24,24,24,2015-10-04 16:00:00+00:00,2015-10-04 15:45:00,2015-10-04 15:45:00+00:00,1754,True,False,1,False,False,False,NONE,OK
2015-10-06,2015,24,24,24,24,2015-10-05 16:00:00+00:00,2015-10-05 15:45:00,2015-10-05 15:45:00+00:00,1759,True,False,1,False,False,False,NONE,OK
2015-10-07,2015,24,24,24,24,2015-10-06 16:00:00+00:00,2015-10-06 15:45:00,2015-10-06 15:45:00+00:00,1764,True,False,1,False,False,False,NONE,OK
2015-10-08,2015,24,24,24,24,2015-10-07 16:00:00+00:00,2015-10-07 15:45:00,2015-10-07 15:45:00+00:00,1766,True,False,1,False,False,False,NONE,OK
2015-10-09,2015,24,24,24,24,2015-10-08 16:00:00+00:00,2015-10-08 15:45:00,2015-10-08 15:45:00+00:00,1771,True,False,1,False,False,False,NONE,OK
2015-10-10,2015,24,24,24,24,2015-10-09 16:00:00+00:00,2015-10-09 15:45:00,2015-10-09 15:45:00+00:00,1776,True,False,1,False,False,False,NONE,OK
2015-10-11,2015,24,24,24,24,2015-10-10 16:00:00+00:00,2015-10-10 15:45:00,2015-10-10 15:45:00+00:00,1781,True,False,1,False,False,False,NONE,OK
2015-10-12,2015,24,24,24,24,2015-10-11 16:00:00+00:00,2015-10-11 15:45:00,2015-10-11 15:45:00+00:00,1786,True,False,1,False,False,False,NONE,OK
2015-10-13,2015,24,24,24,24,2015-10-12 16:00:00+00:00,2015-10-12 15:45:00,2015-10-12 15:45:00+00:00,1791,True,False,1,False,False,False,NONE,OK
2015-10-14,2015,24,24,24,24,2015-10-13 16:00:00+00:00,2015-10-13 15:45:00,2015-10-13 15:45:00+00:00,1796,True,False,1,False,False,False,NONE,OK
2015-10-15,2015,24,24,24,24,2015-10-14 16:00:00+00:00,2015-10-14 15:45:00,2015-10-14 15:45:00+00:00,1801,True,False,1,False,False,False,NONE,OK
2015-10-16,2015,24,24,24,24,2015-10-15 16:00:00+00:00,2015-10-15 15:45:00,2015-10-15 15:45:00+00:00,1806,True,False,1,False,False,False,NONE,OK
2015-10-17,2015,24,24,24,24,2015-10-16 16:00:00+00:00,2015-10-16 15:45:00,2015-10-16 15:45:00+00:00,1811,True,False,1,False,False,False,NONE,OK
2015-10-18,2015,24,24,24,24,2015-10-17 16:00:00+00:00,2015-10-17 15:45:00,2015-10-17 15:45:00+00:00,1816,True,False,1,False,False,False,NONE,OK
2015-10-19,2015,24,24,24,24,2015-10-18 16:00:00+00:00,2015-10-18 15:45:00,2015-10-18 15:45:00+00:00,1821,True,False,1,False,False,False,NONE,OK
2015-10-20,2015,24,24,24,24,2015-10-19 16:00:00+00:00,2015-10-19 15:45:00,2015-10-19 15:45:00+00:00,1826,True,False,1,False,False,False,NONE,OK
2015-10-21,2015,24,24,24,24,2015-10-20 16:00:00+00:00,2015-10-20 15:45:00,2015-10-20 15:45:00+00:00,1831,True,False,1,False,False,False,NONE,OK
2015-10-22,2015,24,24,24,24,2015-10-21 16:00:00+00:00,2015-10-21 15:45:00,2015-10-21 15:45:00+00:00,1836,True,False,1,False,False,False,NONE,OK
2015-10-23,2015,24,24,24,24,2015-10-22 16:00:00+00:00,2015-10-22 15:45:00,2015-10-22 15:45:00+00:00,1841,True,False,1,False,False,False,NONE,OK
2015-10-24,2015,24,24,24,24,2015-10-23 16:00:00+00:00,2015-10-23 15:45:00,2015-10-23 15:45:00+00:00,1846,True,False,1,False,False,False,NONE,OK
2015-10-25,2015,24,24,24,24,2015-10-24 16:00:00+00:00,2015-10-24 15:45:00,2015-10-24 15:45:00+00:00,1851,True,False,1,False,False,False,NONE,OK
2015-10-26,2015,24,24,24,24,2015-10-25 16:00:00+00:00,2015-10-25 15:45:00,2015-10-25 15:45:00+00:00,1856,True,False,1,False,False,False,NONE,OK
2015-10-27,2015,24,24,24,24,2015-10-26 16:00:00+00:00,2015-10-26 15:45:00,2015-10-26 15:45:00+00:00,1861,True,False,1,False,False,False,NONE,OK
2015-10-28,2015,24,24,24,24,2015-10-27 16:00:00+00:00,2015-10-27 15:45:00,2015-10-27 15:45:00+00:00,1866,True,False,1,False,False,False,NONE,OK
2015-10-29,2015,24,24,24,24,2015-10-28 16:00:00+00:00,2015-10-28 15:45:00,2015-10-28 15:45:00+00:00,1871,True,False,1,False,False,False,NONE,OK
2015-10-30,2015,24,24,24,24,2015-10-29 16:00:00+00:00,2015-10-29 15:45:00,2015-10-29 15:45:00+00:00,1876,True,False,1,False,False,False,NONE,OK
2015-10-31,2015,24,24,24,24,2015-10-30 16:00:00+00:00,2015-10-30 15:45:00,2015-10-30 15:45:00+00:00,1881,True,False,1,False,False,False,NONE,OK
2015-11-01,2015,25,25,25,24,2015-10-31 16:00:00+00:00,2015-10-31 15:45:00,2015-10-31 15:45:00+00:00,1886,True,False,1,True,False,False,NO_COMPLETE_VINTAGE,PARTIAL_DAY_DETECTED
2015-11-02,2015,24,24,24,24,2015-11-01 17:00:00+00:00,2015-11-01 16:45:00,2015-11-01 16:45:00+00:00,1891,True,False,1,False,False,False,NONE,OK
2015-11-03,2015,24,24,24,24,2015-11-02 17:00:00+00:00,2015-11-02 16:45:00,2015-11-02 16:45:00+00:00,1896,True,False,1,False,False,False,NONE,OK
2015-11-04,2015,24,24,24,24,2015-11-03 17:00:00+00:00,2015-11-03 16:45:00,2015-11-03 16:45:00+00:00,1901,True,False,1,False,False,False,NONE,OK
2015-11-05,2015,24,24,24,24,2015-11-04 17:00:00+00:00,2015-11-04 16:45:00,2015-11-04 16:45:00+00:00,1906,True,False,1,False,False,False,NONE,OK
2015-11-06,2015,24,24,24,24,2015-11-05 17:00:00+00:00,2015-11-05 16:45:00,2015-11-05 16:45:00+00:00,1911,True,False,1,False,False,False,NONE,OK
2015-11-07,2015,24,24,24,24,2015-11-06 17:00:00+00:00,2015-11-06 16:45:00,2015-11-06 16:45:00+00:00,1916,True,False,1,False,False,False,NONE,OK
2015-11-08,2015,24,24,24,24,2015-11-07 17:00:00+00:00,2015-11-07 16:45:00,2015-11-07 16:45:00+00:00,1921,True,False,1,False,False,False,NONE,OK
2015-11-09,2015,24,24,24,24,2015-11-08 17:00:00+00:00,2015-11-08 16:45:00,2015-11-08 16:45:00+00:00,1926,True,False,1,False,False,False,NONE,OK
2015-11-10,2015,24,24,24,24,2015-11-09 17:00:00+00:00,2015-11-09 16:45:00,2015-11-09 16:45:00+00:00,1931,True,False,1,False,False,False,NONE,OK
2015-11-11,2015,24,24,24,24,2015-11-10 17:00:00+00:00,2015-11-10 16:45:00,2015-11-10 16:45:00+00:00,1936,True,False,1,False,False,False,NONE,OK
2015-11-12,2015,24,24,24,24,2015-11-11 17:00:00+00:00,2015-11-11 16:45:00,2015-11-11 16:45:00+00:00,1941,True,False,1,False,False,False,NONE,OK
2015-11-13,2015,24,24,24,24,2015-11-12 17:00:00+00:00,2015-11-12 16:45:00,2015-11-12 16:45:00+00:00,1946,True,False,1,False,False,False,NONE,OK
2015-11-14,2015,24,24,24,24,2015-11-13 17:00:00+00:00,2015-11-13 16:45:00,2015-11-13 16:45:00+00:00,1951,True,False,1,False,False,False,NONE,OK
2015-11-15,2015,24,24,24,24,2015-11-14 17:00:00+00:00,2015-11-14 16:45:00,2015-11-14 16:45:00+00:00,1956,True,False,1,False,False,False,NONE,OK
2015-11-16,2015,24,24,24,24,2015-11-15 17:00:00+00:00,2015-11-15 16:45:00,2015-11-15 16:45:00+00:00,1961,True,False,1,False,False,False,NONE,OK
2015-11-17,2015,24,24,24,24,2015-11-16 17:00:00+00:00,2015-11-16 16:45:00,2015-11-16 16:45:00+00:00,1966,True,False,1,False,False,False,NONE,OK
2015-11-18,2015,24,24,24,24,2015-11-17 17:00:00+00:00,2015-11-17 16:45:00,2015-11-17 16:45:00+00:00,1971,True,False,1,False,False,False,NONE,OK
2015-11-19,2015,24,24,24,24,2015-11-18 17:00:00+00:00,2015-11-18 16:45:00,2015-11-18 16:45:00+00:00,1976,True,False,1,False,False,False,NONE,OK
2015-11-20,2015,24,24,24,24,2015-11-19 17:00:00+00:00,2015-11-19 16:45:00,2015-11-19 16:45:00+00:00,1981,True,False,1,False,False,False,NONE,OK
2015-11-21,2015,24,24,24,24,2015-11-20 17:00:00+00:00,2015-11-20 16:45:00,2015-11-20 16:45:00+00:00,1986,True,False,1,False,False,False,NONE,OK
2015-11-22,2015,24,24,24,24,2015-11-21 17:00:00+00:00,2015-11-21 16:45:00,2015-11-21 16:45:00+00:00,1991,True,False,1,False,False,False,NONE,OK
2015-11-23,2015,24,24,24,24,2015-11-22 17:00:00+00:00,2015-11-22 16:45:00,2015-11-22 16:45:00+00:00,1996,True,False,1,False,False,False,NONE,OK
2015-11-24,2015,24,24,24,24,2015-11-23 17:00:00+00:00,2015-11-23 16:45:00,2015-11-23 16:45:00+00:00,2001,True,False,1,False,False,False,NONE,OK
2015-11-25,2015,24,24,24,24,2015-11-24 17:00:00+00:00,2015-11-24 16:45:00,2015-11-24 16:45:00+00:00,2006,True,False,1,False,False,False,NONE,OK
2015-11-26,2015,24,24,24,24,2015-11-25 17:00:00+00:00,2015-11-25 16:45:00,2015-11-25 16:45:00+00:00,2011,True,False,1,False,False,False,NONE,OK
2015-11-27,2015,24,24,24,24,2015-11-26 17:00:00+00:00,2015-11-26 16:45:00,2015-11-26 16:45:00+00:00,2016,True,False,1,False,False,False,NONE,OK
2015-11-28,2015,24,24,24,24,2015-11-27 17:00:00+00:00,2015-11-27 16:45:00,2015-11-27 16:45:00+00:00,2021,True,False,1,False,False,False,NONE,OK
2015-11-29,2015,24,24,24,24,2015-11-28 17:00:00+00:00,2015-11-28 16:45:00,2015-11-28 16:45:00+00:00,2026,True,False,1,False,False,False,NONE,OK
2015-11-30,2015,24,24,24,24,2015-11-29 17:00:00+00:00,2015-11-29 16:45:00,2015-11-29 16:45:00+00:00,2031,True,False,1,False,False,False,NONE,OK
2015-12-01,2015,24,24,24,24,2015-11-30 17:00:00+00:00,2015-11-30 16:45:00,2015-11-30 16:45:00+00:00,2036,True,False,1,False,False,False,NONE,OK
2015-12-02,2015,24,24,24,24,2015-12-01 17:00:00+00:00,2015-12-01 16:45:00,2015-12-01 16:45:00+00:00,2041,True,False,1,False,False,False,NONE,OK
2015-12-03,2015,24,24,24,24,2015-12-02 17:00:00+00:00,2015-12-02 16:45:00,2015-12-02 16:45:00+00:00,2046,True,False,1,False,False,False,NONE,OK
2015-12-04,2015,24,24,24,24,2015-12-03 17:00:00+00:00,2015-12-03 16:45:00,2015-12-03 16:45:00+00:00,2051,True,False,1,False,False,False,NONE,OK
2015-12-05,2015,24,24,24,24,2015-12-04 17:00:00+00:00,2015-12-04 16:45:00,2015-12-04 16:45:00+00:00,2056,True,False,1,False,False,False,NONE,OK
2015-12-06,2015,24,24,24,24,2015-12-05 17:00:00+00:00,2015-12-05 16:45:00,2015-12-05 16:45:00+00:00,2061,True,False,1,False,False,False,NONE,OK
2015-12-07,2015,24,24,24,24,2015-12-06 17:00:00+00:00,2015-12-06 16:45:00,2015-12-06 16:45:00+00:00,2066,True,False,1,False,False,False,NONE,OK
2015-12-08,2015,24,24,24,24,2015-12-07 17:00:00+00:00,2015-12-07 16:45:00,2015-12-07 16:45:00+00:00,2071,True,False,1,False,False,False,NONE,OK
2015-12-09,2015,24,24,24,24,2015-12-08 17:00:00+00:00,2015-12-08 16:45:00,2015-12-08 16:45:00+00:00,2076,True,False,1,False,False,False,NONE,OK
2015-12-10,2015,24,24,24,24,2015-12-09 17:00:00+00:00,2015-12-09 16:45:00,2015-12-09 16:45:00+00:00,2081,True,False,1,False,False,False,NONE,OK
2015-12-11,2015,24,24,24,24,2015-12-10 17:00:00+00:00,2015-12-10 16:45:00,2015-12-10 16:45:00+00:00,2086,True,False,1,False,False,False,NONE,OK
2015-12-12,2015,24,24,24,24,2015-12-11 17:00:00+00:00,2015-12-11 16:45:00,2015-12-11 16:45:00+00:00,2091,True,False,1,False,False,False,NONE,OK
2015-12-13,2015,24,24,24,24,2015-12-12 17:00:00+00:00,2015-12-12 16:45:00,2015-12-12 16:45:00+00:00,2096,True,False,1,False,False,False,NONE,OK
2015-12-14,2015,24,24,24,24,2015-12-13 17:00:00+00:00,2015-12-13 16:45:00,2015-12-13 16:45:00+00:00,2101,True,False,1,False,False,False,NONE,OK
2015-12-15,2015,24,24,24,24,2015-12-14 17:00:00+00:00,2015-12-14 16:45:00,2015-12-14 16:45:00+00:00,2106,True,False,1,False,False,False,NONE,OK
2015-12-16,2015,24,24,24,24,2015-12-15 17:00:00+00:00,2015-12-15 16:45:00,2015-12-15 16:45:00+00:00,2111,True,False,1,False,False,False,NONE,OK
2015-12-17,2015,24,24,24,24,2015-12-16 17:00:00+00:00,2015-12-16 16:45:00,2015-12-16 16:45:00+00:00,2116,True,False,1,False,False,False,NONE,OK
2015-12-18,2015,24,24,24,24,2015-12-17 17:00:00+00:00,2015-12-17 16:45:00,2015-12-17 16:45:00+00:00,2121,True,False,1,False,False,False,NONE,OK
2015-12-19,2015,24,24,24,24,2015-12-18 17:00:00+00:00,2015-12-18 16:45:00,2015-12-18 16:45:00+00:00,2126,True,False,1,False,False,False,NONE,OK
2015-12-20,2015,24,24,24,24,2015-12-19 17:00:00+00:00,2015-12-19 16:45:00,2015-12-19 16:45:00+00:00,2131,True,False,1,False,False,False,NONE,OK
2015-12-21,2015,24,24,24,24,2015-12-20 17:00:00+00:00,2015-12-20 16:45:00,2015-12-20 16:45:00+00:00,2136,True,False,1,False,False,False,NONE,OK
2015-12-22,2015,24,24,24,24,2015-12-21 17:00:00+00:00,2015-12-21 16:45:00,2015-12-21 16:45:00+00:00,2141,True,False,1,False,False,False,NONE,OK
2015-12-23,2015,24,24,24,24,2015-12-22 17:00:00+00:00,2015-12-22 16:45:00,2015-12-22 16:45:00+00:00,2146,True,False,1,False,False,False,NONE,OK
2015-12-24,2015,24,24,24,24,2015-12-23 17:00:00+00:00,2015-12-23 16:45:00,2015-12-23 16:45:00+00:00,2151,True,False,1,False,False,False,NONE,OK
2015-12-25,2015,24,24,24,24,2015-12-24 17:00:00+00:00,2015-12-24 16:45:00,2015-12-24 16:45:00+00:00,2156,True,False,1,False,False,False,NONE,OK
2015-12-26,2015,24,24,24,24,2015-12-25 17:00:00+00:00,2015-12-25 16:45:00,2015-12-25 16:45:00+00:00,2161,True,False,1,False,False,False,NONE,OK
2015-12-27,2015,24,24,24,24,2015-12-26 17:00:00+00:00,2015-12-26 16:45:00,2015-12-26 16:45:00+00:00,2166,True,False,1,False,False,False,NONE,OK
2015-12-28,2015,24,24,24,24,2015-12-27 17:00:00+00:00,2015-12-27 16:45:00,2015-12-27 16:45:00+00:00,2171,True,False,1,False,False,False,NONE,OK
2015-12-29,2015,24,24,24,24,2015-12-28 17:00:00+00:00,2015-12-28 16:45:00,2015-12-28 16:45:00+00:00,2176,True,False,1,False,False,False,NONE,OK
2015-12-30,2015,24,24,24,24,2015-12-29 17:00:00+00:00,2015-12-29 16:45:00,2015-12-29 16:45:00+00:00,2181,True,False,1,False,False,False,NONE,OK
2015-12-31,2015,24,24,24,24,2015-12-30 17:00:00+00:00,2015-12-30 16:45:00,2015-12-30 16:45:00+00:00,2186,True,False,1,False,False,False,NONE,OK
2016-01-01,2016,24,24,24,24,2015-12-31 17:00:00+00:00,2015-12-31 14:45:00,2015-12-31 14:45:00+00:00,2191,False,True,1,False,False,False,NONE,OK
2016-01-02,2016,24,24,24,24,2016-01-01 17:00:00+00:00,2016-01-01 16:45:00,2016-01-01 16:45:00+00:00,2196,True,False,1,False,False,False,NONE,OK
2016-01-03,2016,24,24,24,24,2016-01-02 17:00:00+00:00,2016-01-02 16:45:00,2016-01-02 16:45:00+00:00,2201,True,False,1,False,False,False,NONE,OK
2016-01-04,2016,24,24,24,24,2016-01-03 17:00:00+00:00,2016-01-03 16:45:00,2016-01-03 16:45:00+00:00,2206,True,False,1,False,False,False,NONE,OK
2016-01-05,2016,24,24,24,24,2016-01-04 17:00:00+00:00,2016-01-04 16:45:00,2016-01-04 16:45:00+00:00,2211,True,False,1,False,False,False,NONE,OK
2016-01-06,2016,24,24,24,24,2016-01-05 17:00:00+00:00,2016-01-05 16:45:00,2016-01-05 16:45:00+00:00,2216,True,False,1,False,False,False,NONE,OK
2016-01-07,2016,24,24,24,24,2016-01-06 17:00:00+00:00,2016-01-06 16:45:00,2016-01-06 16:45:00+00:00,2221,True,False,1,False,False,False,NONE,OK
2016-01-08,2016,24,24,24,24,2016-01-07 17:00:00+00:00,2016-01-07 16:45:00,2016-01-07 16:45:00+00:00,2226,True,False,1,False,False,False,NONE,OK
2016-01-09,2016,24,24,24,24,2016-01-08 17:00:00+00:00,2016-01-08 16:45:00,2016-01-08 16:45:00+00:00,2231,True,False,1,False,False,False,NONE,OK
2016-01-10,2016,24,24,24,24,2016-01-09 17:00:00+00:00,2016-01-09 16:45:00,2016-01-09 16:45:00+00:00,2236,True,False,1,False,False,False,NONE,OK
2016-01-11,2016,24,24,24,24,2016-01-10 17:00:00+00:00,2016-01-10 16:45:00,2016-01-10 16:45:00+00:00,2241,True,False,1,False,False,False,NONE,OK
2016-01-12,2016,24,24,24,24,2016-01-11 17:00:00+00:00,2016-01-11 16:45:00,2016-01-11 16:45:00+00:00,2246,True,False,1,False,False,False,NONE,OK
2016-01-13,2016,24,24,24,24,2016-01-12 17:00:00+00:00,2016-01-12 16:45:00,2016-01-12 16:45:00+00:00,2251,True,False,1,False,False,False,NONE,OK
2016-01-14,2016,24,24,24,24,2016-01-13 17:00:00+00:00,2016-01-13 16:45:00,2016-01-13 16:45:00+00:00,2256,True,False,1,False,False,False,NONE,OK
2016-01-15,2016,24,24,24,24,2016-01-14 17:00:00+00:00,2016-01-14 16:45:00,2016-01-14 16:45:00+00:00,2261,True,False,1,False,False,False,NONE,OK
2016-01-16,2016,24,24,24,24,2016-01-15 17:00:00+00:00,2016-01-15 16:45:00,2016-01-15 16:45:00+00:00,2266,True,False,1,False,False,False,NONE,OK
2016-01-17,2016,24,24,24,24,2016-01-16 17:00:00+00:00,2016-01-16 16:45:00,2016-01-16 16:45:00+00:00,2271,True,False,1,False,False,False,NONE,OK
2016-01-18,2016,24,24,24,24,2016-01-17 17:00:00+00:00,2016-01-17 16:45:00,2016-01-17 16:45:00+00:00,2276,True,False,1,False,False,False,NONE,OK
2016-01-19,2016,24,24,24,24,2016-01-18 17:00:00+00:00,2016-01-18 16:45:00,2016-01-18 16:45:00+00:00,2281,True,False,1,False,False,False,NONE,OK
2016-01-20,2016,24,24,24,24,2016-01-19 17:00:00+00:00,2016-01-19 16:45:00,2016-01-19 16:45:00+00:00,2286,True,False,1,False,False,False,NONE,OK
2016-01-21,2016,24,24,24,24,2016-01-20 17:00:00+00:00,2016-01-20 16:45:00,2016-01-20 16:45:00+00:00,2291,True,False,1,False,False,False,NONE,OK
2016-01-22,2016,24,24,24,24,2016-01-21 17:00:00+00:00,2016-01-21 16:45:00,2016-01-21 16:45:00+00:00,2296,True,False,1,False,False,False,NONE,OK
2016-01-23,2016,24,24,24,24,2016-01-22 17:00:00+00:00,2016-01-22 16:45:00,2016-01-22 16:45:00+00:00,2301,True,False,1,False,False,False,NONE,OK
2016-01-24,2016,24,24,24,24,2016-01-23 17:00:00+00:00,2016-01-23 16:45:00,2016-01-23 16:45:00+00:00,2306,True,False,1,False,False,False,NONE,OK
2016-01-25,2016,24,24,24,24,2016-01-24 17:00:00+00:00,2016-01-24 16:45:00,2016-01-24 16:45:00+00:00,2311,True,False,1,False,False,False,NONE,OK
2016-01-26,2016,24,24,24,24,2016-01-25 17:00:00+00:00,2016-01-25 16:45:00,2016-01-25 16:45:00+00:00,2316,True,False,1,False,False,False,NONE,OK
2016-01-27,2016,24,24,24,24,2016-01-26 17:00:00+00:00,2016-01-26 16:45:00,2016-01-26 16:45:00+00:00,2321,True,False,1,False,False,False,NONE,OK
2016-01-28,2016,24,24,24,24,2016-01-27 17:00:00+00:00,2016-01-27 16:45:00,2016-01-27 16:45:00+00:00,2326,True,False,1,False,False,False,NONE,OK
2016-01-29,2016,24,24,24,24,2016-01-28 17:00:00+00:00,2016-01-28 16:45:00,2016-01-28 16:45:00+00:00,2331,True,False,1,False,False,False,NONE,OK
2016-01-30,2016,24,24,24,24,2016-01-29 17:00:00+00:00,2016-01-29 16:45:00,2016-01-29 16:45:00+00:00,2336,True,False,1,False,False,False,NONE,OK
2016-01-31,2016,24,24,24,24,2016-01-30 17:00:00+00:00,2016-01-30 16:45:00,2016-01-30 16:45:00+00:00,2341,True,False,1,False,False,False,NONE,OK
2016-02-01,2016,24,24,24,24,2016-01-31 17:00:00+00:00,2016-01-31 16:45:00,2016-01-31 16:45:00+00:00,2346,True,False,1,False,False,False,NONE,OK
2016-02-02,2016,24,24,24,24,2016-02-01 17:00:00+00:00,2016-02-01 16:45:00,2016-02-01 16:45:00+00:00,2351,True,False,1,False,False,False,NONE,OK
2016-02-03,2016,24,24,24,24,2016-02-02 17:00:00+00:00,2016-02-02 16:45:00,2016-02-02 16:45:00+00:00,2356,True,False,1,False,False,False,NONE,OK
2016-02-04,2016,24,24,24,24,2016-02-03 17:00:00+00:00,2016-02-03 16:45:00,2016-02-03 16:45:00+00:00,2361,True,False,1,False,False,False,NONE,OK
2016-02-05,2016,24,24,24,24,2016-02-04 17:00:00+00:00,2016-02-04 16:45:00,2016-02-04 16:45:00+00:00,2366,True,False,1,False,False,False,NONE,OK
2016-02-06,2016,24,24,24,24,2016-02-05 17:00:00+00:00,2016-02-05 16:45:00,2016-02-05 16:45:00+00:00,2371,True,False,1,False,False,False,NONE,OK
2016-02-07,2016,24,24,24,24,2016-02-06 17:00:00+00:00,2016-02-06 16:45:00,2016-02-06 16:45:00+00:00,2376,True,False,1,False,False,False,NONE,OK
2016-02-08,2016,24,24,24,24,2016-02-07 17:00:00+00:00,2016-02-07 16:45:00,2016-02-07 16:45:00+00:00,2381,True,False,1,False,False,False,NONE,OK
2016-02-09,2016,24,24,24,24,2016-02-08 17:00:00+00:00,2016-02-08 16:45:00,2016-02-08 16:45:00+00:00,2386,True,False,1,False,False,False,NONE,OK
2016-02-10,2016,24,24,24,24,2016-02-09 17:00:00+00:00,2016-02-09 16:45:00,2016-02-09 16:45:00+00:00,2391,True,False,1,False,False,False,NONE,OK
2016-02-11,2016,24,24,24,24,2016-02-10 17:00:00+00:00,2016-02-10 16:45:00,2016-02-10 16:45:00+00:00,2396,True,False,1,False,False,False,NONE,OK
2016-02-12,2016,24,24,24,24,2016-02-11 17:00:00+00:00,2016-02-11 16:45:00,2016-02-11 16:45:00+00:00,2401,True,False,1,False,False,False,NONE,OK
2016-02-13,2016,24,24,24,24,2016-02-12 17:00:00+00:00,2016-02-12 16:45:00,2016-02-12 16:45:00+00:00,2406,True,False,1,False,False,False,NONE,OK
2016-02-14,2016,24,24,24,24,2016-02-13 17:00:00+00:00,2016-02-13 16:45:00,2016-02-13 16:45:00+00:00,2411,True,False,1,False,False,False,NONE,OK
2016-02-15,2016,24,24,24,24,2016-02-14 17:00:00+00:00,2016-02-14 16:45:00,2016-02-14 16:45:00+00:00,2416,True,False,1,False,False,False,NONE,OK
2016-02-16,2016,24,24,24,24,2016-02-15 17:00:00+00:00,2016-02-15 16:45:00,2016-02-15 16:45:00+00:00,2421,True,False,1,False,False,False,NONE,OK
2016-02-17,2016,24,24,24,24,2016-02-16 17:00:00+00:00,2016-02-16 16:45:00,2016-02-16 16:45:00+00:00,2426,True,False,1,False,False,False,NONE,OK
2016-02-18,2016,24,24,24,24,2016-02-17 17:00:00+00:00,2016-02-17 16:45:00,2016-02-17 16:45:00+00:00,2431,True,False,1,False,False,False,NONE,OK
2016-02-19,2016,24,24,24,24,2016-02-18 17:00:00+00:00,2016-02-18 16:45:00,2016-02-18 16:45:00+00:00,2436,True,False,1,False,False,False,NONE,OK
2016-02-20,2016,24,24,24,24,2016-02-19 17:00:00+00:00,2016-02-19 16:45:00,2016-02-19 16:45:00+00:00,2441,True,False,1,False,False,False,NONE,OK
2016-02-21,2016,24,24,24,24,2016-02-20 17:00:00+00:00,2016-02-20 16:45:00,2016-02-20 16:45:00+00:00,2446,True,False,1,False,False,False,NONE,OK
2016-02-22,2016,24,24,24,24,2016-02-21 17:00:00+00:00,2016-02-21 16:45:00,2016-02-21 16:45:00+00:00,2451,True,False,1,False,False,False,NONE,OK
2016-02-23,2016,24,24,24,24,2016-02-22 17:00:00+00:00,2016-02-22 16:45:00,2016-02-22 16:45:00+00:00,2456,True,False,1,False,False,False,NONE,OK
2016-02-24,2016,24,24,24,24,2016-02-23 17:00:00+00:00,2016-02-23 16:45:00,2016-02-23 16:45:00+00:00,2461,True,False,1,False,False,False,NONE,OK
2016-02-25,2016,24,24,24,24,2016-02-24 17:00:00+00:00,2016-02-24 16:45:00,2016-02-24 16:45:00+00:00,2466,True,False,1,False,False,False,NONE,OK
2016-02-26,2016,24,24,24,24,2016-02-25 17:00:00+00:00,2016-02-25 16:45:00,2016-02-25 16:45:00+00:00,2471,True,False,1,False,False,False,NONE,OK
2016-02-27,2016,24,24,24,24,2016-02-26 17:00:00+00:00,2016-02-26 16:45:00,2016-02-26 16:45:00+00:00,2476,True,False,1,False,False,False,NONE,OK
2016-02-28,2016,24,24,24,24,2016-02-27 17:00:00+00:00,2016-02-27 16:45:00,2016-02-27 16:45:00+00:00,2481,True,False,1,False,False,False,NONE,OK
2016-02-29,2016,24,24,24,24,2016-02-28 17:00:00+00:00,2016-02-28 16:45:00,2016-02-28 16:45:00+00:00,2486,True,False,1,False,False,False,NONE,OK
2016-03-01,2016,24,24,24,24,2016-02-29 17:00:00+00:00,2016-02-29 16:45:00,2016-02-29 16:45:00+00:00,2491,True,False,1,False,False,False,NONE,OK
2016-03-02,2016,24,24,24,24,2016-03-01 17:00:00+00:00,2016-03-01 16:45:00,2016-03-01 16:45:00+00:00,2496,True,False,1,False,False,False,NONE,OK
2016-03-03,2016,24,24,24,24,2016-03-02 17:00:00+00:00,2016-03-02 16:45:00,2016-03-02 16:45:00+00:00,2501,True,False,1,False,False,False,NONE,OK
2016-03-04,2016,24,24,24,24,2016-03-03 17:00:00+00:00,2016-03-03 16:45:00,2016-03-03 16:45:00+00:00,2506,True,False,1,False,False,False,NONE,OK
2016-03-05,2016,24,24,24,24,2016-03-04 17:00:00+00:00,2016-03-04 16:45:00,2016-03-04 16:45:00+00:00,2511,True,False,1,False,False,False,NONE,OK
2016-03-06,2016,24,24,24,24,2016-03-05 17:00:00+00:00,2016-03-05 16:45:00,2016-03-05 16:45:00+00:00,2516,True,False,1,False,False,False,NONE,OK
2016-03-07,2016,24,24,24,24,2016-03-06 17:00:00+00:00,2016-03-06 16:45:00,2016-03-06 16:45:00+00:00,2521,True,False,1,False,False,False,NONE,OK
2016-03-08,2016,24,24,24,24,2016-03-07 17:00:00+00:00,2016-03-07 16:45:00,2016-03-07 16:45:00+00:00,2526,True,False,1,False,False,False,NONE,OK
2016-03-09,2016,24,24,24,24,2016-03-08 17:00:00+00:00,2016-03-08 16:45:00,2016-03-08 16:45:00+00:00,2531,True,False,1,False,False,False,NONE,OK
2016-03-10,2016,24,24,24,24,2016-03-09 17:00:00+00:00,2016-03-09 16:45:00,2016-03-09 16:45:00+00:00,2536,True,False,1,False,False,False,NONE,OK
2016-03-11,2016,24,24,24,24,2016-03-10 17:00:00+00:00,2016-03-10 16:45:00,2016-03-10 16:45:00+00:00,2541,True,False,1,False,False,False,NONE,OK
2016-03-12,2016,24,24,24,24,2016-03-11 17:00:00+00:00,2016-03-11 16:45:00,2016-03-11 16:45:00+00:00,2546,True,False,1,False,False,False,NONE,OK
2016-03-13,2016,23,23,23,23,2016-03-12 17:00:00+00:00,2016-03-12 16:45:00,2016-03-12 16:45:00+00:00,2551,True,False,1,False,False,False,NONE,OK
2016-03-14,2016,24,24,24,24,2016-03-13 16:00:00+00:00,2016-03-13 15:45:00,2016-03-13 15:45:00+00:00,2556,True,False,1,False,False,False,NONE,OK
2016-03-15,2016,24,24,24,24,2016-03-14 16:00:00+00:00,2016-03-14 15:45:00,2016-03-14 15:45:00+00:00,2561,True,False,1,False,False,False,NONE,OK
2016-03-16,2016,24,24,24,24,2016-03-15 16:00:00+00:00,2016-03-15 15:45:00,2016-03-15 15:45:00+00:00,2566,True,False,1,False,False,False,NONE,OK
2016-03-17,2016,24,24,24,24,2016-03-16 16:00:00+00:00,2016-03-16 15:45:00,2016-03-16 15:45:00+00:00,2571,True,False,1,False,False,False,NONE,OK
2016-03-18,2016,24,24,24,24,2016-03-17 16:00:00+00:00,2016-03-17 15:45:00,2016-03-17 15:45:00+00:00,2576,True,False,1,False,False,False,NONE,OK
2016-03-19,2016,24,24,24,24,2016-03-18 16:00:00+00:00,2016-03-18 15:45:00,2016-03-18 15:45:00+00:00,2581,True,False,1,False,False,False,NONE,OK
2016-03-20,2016,24,24,24,24,2016-03-19 16:00:00+00:00,2016-03-19 15:45:00,2016-03-19 15:45:00+00:00,2586,True,False,1,False,False,False,NONE,OK
2016-03-21,2016,24,24,24,24,2016-03-20 16:00:00+00:00,2016-03-20 15:45:00,2016-03-20 15:45:00+00:00,2591,True,False,1,False,False,False,NONE,OK
2016-03-22,2016,24,24,24,24,2016-03-21 16:00:00+00:00,2016-03-21 15:45:00,2016-03-21 15:45:00+00:00,2596,True,False,1,False,False,False,NONE,OK
2016-03-23,2016,24,24,24,24,2016-03-22 16:00:00+00:00,2016-03-22 15:45:00,2016-03-22 15:45:00+00:00,2601,True,False,1,False,False,False,NONE,OK
2016-03-24,2016,24,24,24,24,2016-03-23 16:00:00+00:00,2016-03-23 15:45:00,2016-03-23 15:45:00+00:00,2606,True,False,1,False,False,False,NONE,OK
2016-03-25,2016,24,24,24,24,2016-03-24 16:00:00+00:00,2016-03-24 15:45:00,2016-03-24 15:45:00+00:00,2611,True,False,1,False,False,False,NONE,OK
2016-03-26,2016,24,24,24,24,2016-03-25 16:00:00+00:00,2016-03-25 15:45:00,2016-03-25 15:45:00+00:00,2616,True,False,1,False,False,False,NONE,OK
2016-03-27,2016,24,24,24,24,2016-03-26 16:00:00+00:00,2016-03-26 15:45:00,2016-03-26 15:45:00+00:00,2621,True,False,1,False,False,False,NONE,OK
2016-03-28,2016,24,24,24,24,2016-03-27 16:00:00+00:00,2016-03-27 15:45:00,2016-03-27 15:45:00+00:00,2626,True,False,1,False,False,False,NONE,OK
2016-03-29,2016,24,24,24,24,2016-03-28 16:00:00+00:00,2016-03-28 15:45:00,2016-03-28 15:45:00+00:00,2631,True,False,1,False,False,False,NONE,OK
2016-03-30,2016,24,24,24,24,2016-03-29 16:00:00+00:00,2016-03-29 15:45:00,2016-03-29 15:45:00+00:00,2636,True,False,1,False,False,False,NONE,OK
2016-03-31,2016,24,24,24,24,2016-03-30 16:00:00+00:00,2016-03-30 15:45:00,2016-03-30 15:45:00+00:00,2641,True,False,1,False,False,False,NONE,OK
2016-04-01,2016,24,24,24,24,2016-03-31 16:00:00+00:00,2016-03-31 15:45:00,2016-03-31 15:45:00+00:00,2646,True,False,1,False,False,False,NONE,OK
2016-04-02,2016,24,24,24,24,2016-04-01 16:00:00+00:00,2016-04-01 15:45:00,2016-04-01 15:45:00+00:00,2651,True,False,1,False,False,False,NONE,OK
2016-04-03,2016,24,24,24,24,2016-04-02 16:00:00+00:00,2016-04-02 15:45:00,2016-04-02 15:45:00+00:00,2656,True,False,1,False,False,False,NONE,OK
2016-04-04,2016,24,24,24,24,2016-04-03 16:00:00+00:00,2016-04-03 15:45:00,2016-04-03 15:45:00+00:00,2661,True,False,1,False,False,False,NONE,OK
2016-04-05,2016,24,24,24,24,2016-04-04 16:00:00+00:00,2016-04-04 15:45:00,2016-04-04 15:45:00+00:00,2666,True,False,1,False,False,False,NONE,OK
2016-04-06,2016,24,24,24,24,2016-04-05 16:00:00+00:00,2016-04-05 15:45:00,2016-04-05 15:45:00+00:00,2671,True,False,1,False,False,False,NONE,OK
2016-04-07,2016,24,24,24,24,2016-04-06 16:00:00+00:00,2016-04-06 15:45:00,2016-04-06 15:45:00+00:00,2676,True,False,1,False,False,False,NONE,OK
2016-04-08,2016,24,24,24,24,2016-04-07 16:00:00+00:00,2016-04-07 15:45:00,2016-04-07 15:45:00+00:00,2681,True,False,1,False,False,False,NONE,OK
2016-04-09,2016,24,24,24,24,2016-04-08 16:00:00+00:00,2016-04-08 15:45:00,2016-04-08 15:45:00+00:00,2686,True,False,1,False,False,False,NONE,OK
2016-04-10,2016,24,24,24,24,2016-04-09 16:00:00+00:00,2016-04-09 15:45:00,2016-04-09 15:45:00+00:00,2691,True,False,1,False,False,False,NONE,OK
2016-04-11,2016,24,24,24,24,2016-04-10 16:00:00+00:00,2016-04-10 15:45:00,2016-04-10 15:45:00+00:00,2696,True,False,1,False,False,False,NONE,OK
2016-04-12,2016,24,24,24,24,2016-04-11 16:00:00+00:00,2016-04-11 15:45:00,2016-04-11 15:45:00+00:00,2701,True,False,1,False,False,False,NONE,OK
2016-04-13,2016,24,24,24,24,2016-04-12 16:00:00+00:00,2016-04-12 15:45:00,2016-04-12 15:45:00+00:00,2706,True,False,1,False,False,False,NONE,OK
2016-04-14,2016,24,24,24,24,2016-04-13 16:00:00+00:00,2016-04-13 15:45:00,2016-04-13 15:45:00+00:00,2711,True,False,1,False,False,False,NONE,OK
2016-04-15,2016,24,24,24,24,2016-04-14 16:00:00+00:00,2016-04-14 15:45:00,2016-04-14 15:45:00+00:00,2716,True,False,1,False,False,False,NONE,OK
2016-04-16,2016,24,24,24,24,2016-04-15 16:00:00+00:00,2016-04-15 15:45:00,2016-04-15 15:45:00+00:00,2721,True,False,1,False,False,False,NONE,OK
2016-04-17,2016,24,24,24,24,2016-04-16 16:00:00+00:00,2016-04-16 15:45:00,2016-04-16 15:45:00+00:00,2726,True,False,1,False,False,False,NONE,OK
2016-04-18,2016,24,24,24,24,2016-04-17 16:00:00+00:00,2016-04-17 15:45:00,2016-04-17 15:45:00+00:00,2731,True,False,1,False,False,False,NONE,OK
2016-04-19,2016,24,24,24,24,2016-04-18 16:00:00+00:00,2016-04-18 15:45:00,2016-04-18 15:45:00+00:00,2736,True,False,1,False,False,False,NONE,OK
2016-04-20,2016,24,24,24,24,2016-04-19 16:00:00+00:00,2016-04-19 15:45:00,2016-04-19 15:45:00+00:00,2741,True,False,1,False,False,False,NONE,OK
2016-04-21,2016,24,24,24,24,2016-04-20 16:00:00+00:00,2016-04-20 15:45:00,2016-04-20 15:45:00+00:00,2746,True,False,1,False,False,False,NONE,OK
2016-04-22,2016,24,24,24,24,2016-04-21 16:00:00+00:00,2016-04-21 15:45:00,2016-04-21 15:45:00+00:00,2751,True,False,1,False,False,False,NONE,OK
2016-04-23,2016,24,24,24,24,2016-04-22 16:00:00+00:00,2016-04-22 15:45:00,2016-04-22 15:45:00+00:00,2756,True,False,1,False,False,False,NONE,OK
2016-04-24,2016,24,24,24,24,2016-04-23 16:00:00+00:00,2016-04-23 15:45:00,2016-04-23 15:45:00+00:00,2761,True,False,1,False,False,False,NONE,OK
2016-04-25,2016,24,24,24,24,2016-04-24 16:00:00+00:00,2016-04-24 15:45:00,2016-04-24 15:45:00+00:00,2766,True,False,1,False,False,False,NONE,OK
2016-04-26,2016,24,24,24,24,2016-04-25 16:00:00+00:00,2016-04-25 15:45:00,2016-04-25 15:45:00+00:00,2771,True,False,1,False,False,False,NONE,OK
2016-04-27,2016,24,24,24,24,2016-04-26 16:00:00+00:00,2016-04-26 15:45:00,2016-04-26 15:45:00+00:00,2776,True,False,1,False,False,False,NONE,OK
2016-04-28,2016,24,24,24,24,2016-04-27 16:00:00+00:00,2016-04-27 15:45:00,2016-04-27 15:45:00+00:00,2781,True,False,1,False,False,False,NONE,OK
2016-04-29,2016,24,24,24,24,2016-04-28 16:00:00+00:00,2016-04-28 15:45:00,2016-04-28 15:45:00+00:00,2786,True,False,1,False,False,False,NONE,OK
2016-04-30,2016,24,24,24,24,2016-04-29 16:00:00+00:00,2016-04-29 15:45:00,2016-04-29 15:45:00+00:00,2791,True,False,1,False,False,False,NONE,OK
2016-05-01,2016,24,24,24,24,2016-04-30 16:00:00+00:00,2016-04-30 15:45:00,2016-04-30 15:45:00+00:00,2796,True,False,1,False,False,False,NONE,OK
2016-05-02,2016,24,24,24,24,2016-05-01 16:00:00+00:00,2016-05-01 15:45:00,2016-05-01 15:45:00+00:00,2801,True,False,1,False,False,False,NONE,OK
2016-05-03,2016,24,24,24,24,2016-05-02 16:00:00+00:00,2016-05-02 15:45:00,2016-05-02 15:45:00+00:00,2806,True,False,1,False,False,False,NONE,OK
2016-05-04,2016,24,24,24,24,2016-05-03 16:00:00+00:00,2016-05-03 15:45:00,2016-05-03 15:45:00+00:00,2811,True,False,1,False,False,False,NONE,OK
2016-05-05,2016,24,24,24,24,2016-05-04 16:00:00+00:00,2016-05-04 15:45:00,2016-05-04 15:45:00+00:00,2816,True,False,1,False,False,False,NONE,OK
2016-05-06,2016,24,24,24,24,2016-05-05 16:00:00+00:00,2016-05-05 15:45:00,2016-05-05 15:45:00+00:00,2821,True,False,1,False,False,False,NONE,OK
2016-05-07,2016,24,24,24,24,2016-05-06 16:00:00+00:00,2016-05-06 15:45:00,2016-05-06 15:45:00+00:00,2826,True,False,1,False,False,False,NONE,OK
2016-05-08,2016,24,24,24,24,2016-05-07 16:00:00+00:00,2016-05-07 15:45:00,2016-05-07 15:45:00+00:00,2831,True,False,1,False,False,False,NONE,OK
2016-05-09,2016,24,24,24,24,2016-05-08 16:00:00+00:00,2016-05-08 15:45:00,2016-05-08 15:45:00+00:00,2836,True,False,1,False,False,False,NONE,OK
2016-05-10,2016,24,24,24,24,2016-05-09 16:00:00+00:00,2016-05-09 15:45:00,2016-05-09 15:45:00+00:00,2841,True,False,1,False,False,False,NONE,OK
2016-05-11,2016,24,24,24,24,2016-05-10 16:00:00+00:00,2016-05-10 15:45:00,2016-05-10 15:45:00+00:00,2846,True,False,1,False,False,False,NONE,OK
2016-05-12,2016,24,24,24,24,2016-05-11 16:00:00+00:00,2016-05-11 15:45:00,2016-05-11 15:45:00+00:00,2851,True,False,1,False,False,False,NONE,OK
2016-05-13,2016,24,24,24,24,2016-05-12 16:00:00+00:00,2016-05-12 15:45:00,2016-05-12 15:45:00+00:00,2856,True,False,1,False,False,False,NONE,OK
2016-05-14,2016,24,24,24,24,2016-05-13 16:00:00+00:00,2016-05-13 15:45:00,2016-05-13 15:45:00+00:00,2861,True,False,1,False,False,False,NONE,OK
2016-05-15,2016,24,24,24,24,2016-05-14 16:00:00+00:00,2016-05-14 15:45:00,2016-05-14 15:45:00+00:00,2866,True,False,1,False,False,False,NONE,OK
2016-05-16,2016,24,24,24,24,2016-05-15 16:00:00+00:00,2016-05-15 15:45:00,2016-05-15 15:45:00+00:00,2871,True,False,1,False,False,False,NONE,OK
2016-05-17,2016,24,24,24,24,2016-05-16 16:00:00+00:00,2016-05-16 15:45:00,2016-05-16 15:45:00+00:00,2876,True,False,1,False,False,False,NONE,OK
2016-05-18,2016,24,24,24,24,2016-05-17 16:00:00+00:00,2016-05-17 15:45:00,2016-05-17 15:45:00+00:00,2881,True,False,1,False,False,False,NONE,OK
2016-05-19,2016,24,24,24,24,2016-05-18 16:00:00+00:00,2016-05-18 15:45:00,2016-05-18 15:45:00+00:00,2886,True,False,1,False,False,False,NONE,OK
2016-05-20,2016,24,24,24,24,2016-05-19 16:00:00+00:00,2016-05-19 15:45:00,2016-05-19 15:45:00+00:00,2891,True,False,1,False,False,False,NONE,OK
2016-05-21,2016,24,24,24,24,2016-05-20 16:00:00+00:00,2016-05-20 15:45:00,2016-05-20 15:45:00+00:00,2896,True,False,1,False,False,False,NONE,OK
2016-05-22,2016,24,24,24,24,2016-05-21 16:00:00+00:00,2016-05-21 15:45:00,2016-05-21 15:45:00+00:00,2901,True,False,1,False,False,False,NONE,OK
2016-05-23,2016,24,24,24,24,2016-05-22 16:00:00+00:00,2016-05-22 15:45:00,2016-05-22 15:45:00+00:00,2906,True,False,1,False,False,False,NONE,OK
2016-05-24,2016,24,24,24,24,2016-05-23 16:00:00+00:00,2016-05-23 15:45:00,2016-05-23 15:45:00+00:00,2911,True,False,1,False,False,False,NONE,OK
2016-05-25,2016,24,24,24,24,2016-05-24 16:00:00+00:00,2016-05-24 15:45:00,2016-05-24 15:45:00+00:00,2916,True,False,1,False,False,False,NONE,OK
2016-05-26,2016,24,24,24,24,2016-05-25 16:00:00+00:00,2016-05-25 15:45:00,2016-05-25 15:45:00+00:00,2921,True,False,1,False,False,False,NONE,OK
2016-05-27,2016,24,24,24,24,2016-05-26 16:00:00+00:00,2016-05-26 15:45:00,2016-05-26 15:45:00+00:00,2926,True,False,1,False,False,False,NONE,OK
2016-05-28,2016,24,24,24,24,2016-05-27 16:00:00+00:00,2016-05-27 15:45:00,2016-05-27 15:45:00+00:00,2931,True,False,1,False,False,False,NONE,OK
2016-05-29,2016,24,24,24,24,2016-05-28 16:00:00+00:00,2016-05-28 15:45:00,2016-05-28 15:45:00+00:00,2936,True,False,1,False,False,False,NONE,OK
2016-05-30,2016,24,24,24,24,2016-05-29 16:00:00+00:00,2016-05-29 15:45:00,2016-05-29 15:45:00+00:00,2941,True,False,1,False,False,False,NONE,OK
2016-05-31,2016,24,24,24,24,2016-05-30 16:00:00+00:00,2016-05-30 15:45:00,2016-05-30 15:45:00+00:00,2946,True,False,1,False,False,False,NONE,OK
2016-06-01,2016,24,24,24,24,2016-05-31 16:00:00+00:00,2016-05-31 15:45:00,2016-05-31 15:45:00+00:00,2951,True,False,1,False,False,False,NONE,OK
2016-06-02,2016,24,24,24,24,2016-06-01 16:00:00+00:00,2016-06-01 15:45:00,2016-06-01 15:45:00+00:00,2956,True,False,1,False,False,False,NONE,OK
2016-06-03,2016,24,24,24,24,2016-06-02 16:00:00+00:00,2016-06-02 15:45:00,2016-06-02 15:45:00+00:00,2961,True,False,1,False,False,False,NONE,OK
2016-06-04,2016,24,24,24,24,2016-06-03 16:00:00+00:00,2016-06-03 15:45:00,2016-06-03 15:45:00+00:00,2966,True,False,1,False,False,False,NONE,OK
2016-06-05,2016,24,24,24,24,2016-06-04 16:00:00+00:00,2016-06-04 15:45:00,2016-06-04 15:45:00+00:00,2971,True,False,1,False,False,False,NONE,OK
2016-06-06,2016,24,24,24,24,2016-06-05 16:00:00+00:00,2016-06-05 15:45:00,2016-06-05 15:45:00+00:00,2976,True,False,1,False,False,False,NONE,OK
2016-06-07,2016,24,24,24,24,2016-06-06 16:00:00+00:00,2016-06-06 15:45:00,2016-06-06 15:45:00+00:00,2981,True,False,1,False,False,False,NONE,OK
2016-06-08,2016,24,24,24,24,2016-06-07 16:00:00+00:00,2016-06-07 15:45:00,2016-06-07 15:45:00+00:00,2986,True,False,1,False,False,False,NONE,OK
2016-06-09,2016,24,24,24,24,2016-06-08 16:00:00+00:00,2016-06-08 15:45:00,2016-06-08 15:45:00+00:00,2991,True,False,1,False,False,False,NONE,OK
2016-06-10,2016,24,24,24,24,2016-06-09 16:00:00+00:00,2016-06-09 15:45:00,2016-06-09 15:45:00+00:00,2996,True,False,1,False,False,False,NONE,OK
2016-06-11,2016,24,24,24,24,2016-06-10 16:00:00+00:00,2016-06-10 15:45:00,2016-06-10 15:45:00+00:00,3001,True,False,1,False,False,False,NONE,OK
2016-06-12,2016,24,24,24,24,2016-06-11 16:00:00+00:00,2016-06-11 15:45:00,2016-06-11 15:45:00+00:00,3006,True,False,1,False,False,False,NONE,OK
2016-06-13,2016,24,24,24,24,2016-06-12 16:00:00+00:00,2016-06-12 15:45:00,2016-06-12 15:45:00+00:00,3011,True,False,1,False,False,False,NONE,OK
2016-06-14,2016,24,24,24,24,2016-06-13 16:00:00+00:00,2016-06-13 15:45:00,2016-06-13 15:45:00+00:00,3016,True,False,1,False,False,False,NONE,OK
2016-06-15,2016,24,24,24,24,2016-06-14 16:00:00+00:00,2016-06-14 15:45:00,2016-06-14 15:45:00+00:00,3021,True,False,1,False,False,False,NONE,OK
2016-06-16,2016,24,24,24,24,2016-06-15 16:00:00+00:00,2016-06-15 15:45:00,2016-06-15 15:45:00+00:00,3026,True,False,1,False,False,False,NONE,OK
2016-06-17,2016,24,24,24,24,2016-06-16 16:00:00+00:00,2016-06-16 15:45:00,2016-06-16 15:45:00+00:00,3031,True,False,1,False,False,False,NONE,OK
2016-06-18,2016,24,24,24,24,2016-06-17 16:00:00+00:00,2016-06-17 15:45:00,2016-06-17 15:45:00+00:00,3036,True,False,1,False,False,False,NONE,OK
2016-06-19,2016,24,24,24,24,2016-06-18 16:00:00+00:00,2016-06-18 15:45:00,2016-06-18 15:45:00+00:00,3041,True,False,1,False,False,False,NONE,OK
2016-06-20,2016,24,24,24,24,2016-06-19 16:00:00+00:00,2016-06-19 15:45:00,2016-06-19 15:45:00+00:00,3046,True,False,1,False,False,False,NONE,OK
2016-06-21,2016,24,24,24,24,2016-06-20 16:00:00+00:00,2016-06-20 15:45:00,2016-06-20 15:45:00+00:00,3051,True,False,1,False,False,False,NONE,OK
2016-06-22,2016,24,24,24,24,2016-06-21 16:00:00+00:00,2016-06-21 15:45:00,2016-06-21 15:45:00+00:00,3056,True,False,1,False,False,False,NONE,OK
2016-06-23,2016,24,24,24,24,2016-06-22 16:00:00+00:00,2016-06-22 15:45:00,2016-06-22 15:45:00+00:00,3061,True,False,1,False,False,False,NONE,OK
2016-06-24,2016,24,24,24,24,2016-06-23 16:00:00+00:00,2016-06-23 15:45:00,2016-06-23 15:45:00+00:00,3066,True,False,1,False,False,False,NONE,OK
2016-06-25,2016,24,24,24,24,2016-06-24 16:00:00+00:00,2016-06-24 15:45:00,2016-06-24 15:45:00+00:00,3071,True,False,1,False,False,False,NONE,OK
2016-06-26,2016,24,24,24,24,2016-06-25 16:00:00+00:00,2016-06-25 15:45:00,2016-06-25 15:45:00+00:00,3076,True,False,1,False,False,False,NONE,OK
2016-06-27,2016,24,24,24,24,2016-06-26 16:00:00+00:00,2016-06-26 15:45:00,2016-06-26 15:45:00+00:00,3081,True,False,1,False,False,False,NONE,OK
2016-06-28,2016,24,24,24,24,2016-06-27 16:00:00+00:00,2016-06-27 15:45:00,2016-06-27 15:45:00+00:00,3086,True,False,1,False,False,False,NONE,OK
2016-06-29,2016,24,24,24,24,2016-06-28 16:00:00+00:00,2016-06-28 15:45:00,2016-06-28 15:45:00+00:00,3091,True,False,1,False,False,False,NONE,OK
2016-06-30,2016,24,24,24,24,2016-06-29 16:00:00+00:00,2016-06-29 15:45:00,2016-06-29 15:45:00+00:00,3096,True,False,1,False,False,False,NONE,OK
2016-07-01,2016,24,24,24,24,2016-06-30 16:00:00+00:00,2016-06-30 15:45:00,2016-06-30 15:45:00+00:00,3101,True,False,1,False,False,False,NONE,OK
2016-07-02,2016,24,24,24,24,2016-07-01 16:00:00+00:00,2016-07-01 15:45:00,2016-07-01 15:45:00+00:00,3106,True,False,1,False,False,False,NONE,OK
2016-07-03,2016,24,24,24,24,2016-07-02 16:00:00+00:00,2016-07-02 15:45:00,2016-07-02 15:45:00+00:00,3111,True,False,1,False,False,False,NONE,OK
2016-07-04,2016,24,24,24,24,2016-07-03 16:00:00+00:00,2016-07-03 15:45:00,2016-07-03 15:45:00+00:00,3116,True,False,1,False,False,False,NONE,OK
2016-07-05,2016,24,24,24,24,2016-07-04 16:00:00+00:00,2016-07-04 15:45:00,2016-07-04 15:45:00+00:00,3121,True,False,1,False,False,False,NONE,OK
2016-07-06,2016,24,24,24,24,2016-07-05 16:00:00+00:00,2016-07-05 15:45:00,2016-07-05 15:45:00+00:00,3126,True,False,1,False,False,False,NONE,OK
2016-07-07,2016,24,24,24,24,2016-07-06 16:00:00+00:00,2016-07-06 15:45:00,2016-07-06 15:45:00+00:00,3131,True,False,1,False,False,False,NONE,OK
2016-07-08,2016,24,24,24,24,2016-07-07 16:00:00+00:00,2016-07-07 15:45:00,2016-07-07 15:45:00+00:00,3136,True,False,1,False,False,False,NONE,OK
2016-07-09,2016,24,24,24,24,2016-07-08 16:00:00+00:00,2016-07-08 15:45:00,2016-07-08 15:45:00+00:00,3141,True,False,1,False,False,False,NONE,OK
2016-07-10,2016,24,24,24,24,2016-07-09 16:00:00+00:00,2016-07-09 15:45:00,2016-07-09 15:45:00+00:00,3146,True,False,1,False,False,False,NONE,OK
2016-07-11,2016,24,24,24,24,2016-07-10 16:00:00+00:00,2016-07-10 15:45:00,2016-07-10 15:45:00+00:00,3151,True,False,1,False,False,False,NONE,OK
2016-07-12,2016,24,24,24,24,2016-07-11 16:00:00+00:00,2016-07-11 15:45:00,2016-07-11 15:45:00+00:00,3156,True,False,1,False,False,False,NONE,OK
2016-07-13,2016,24,24,24,24,2016-07-12 16:00:00+00:00,2016-07-12 15:45:00,2016-07-12 15:45:00+00:00,3161,True,False,1,False,False,False,NONE,OK
2016-07-14,2016,24,24,24,24,2016-07-13 16:00:00+00:00,2016-07-13 15:45:00,2016-07-13 15:45:00+00:00,3166,True,False,1,False,False,False,NONE,OK
2016-07-15,2016,24,24,24,24,2016-07-14 16:00:00+00:00,2016-07-14 15:45:00,2016-07-14 15:45:00+00:00,3171,True,False,1,False,False,False,NONE,OK
2016-07-16,2016,24,24,24,24,2016-07-15 16:00:00+00:00,2016-07-15 15:45:00,2016-07-15 15:45:00+00:00,3176,True,False,1,False,False,False,NONE,OK
2016-07-17,2016,24,24,24,24,2016-07-16 16:00:00+00:00,2016-07-16 15:45:00,2016-07-16 15:45:00+00:00,3181,True,False,1,False,False,False,NONE,OK
2016-07-18,2016,24,24,24,24,2016-07-17 16:00:00+00:00,2016-07-17 15:45:00,2016-07-17 15:45:00+00:00,3186,True,False,1,False,False,False,NONE,OK
2016-07-19,2016,24,24,24,24,2016-07-18 16:00:00+00:00,2016-07-18 15:45:00,2016-07-18 15:45:00+00:00,3191,True,False,1,False,False,False,NONE,OK
2016-07-20,2016,24,24,24,24,2016-07-19 16:00:00+00:00,2016-07-19 15:45:00,2016-07-19 15:45:00+00:00,3196,True,False,1,False,False,False,NONE,OK
2016-07-21,2016,24,24,24,24,2016-07-20 16:00:00+00:00,2016-07-20 15:45:00,2016-07-20 15:45:00+00:00,3201,True,False,1,False,False,False,NONE,OK
2016-07-22,2016,24,24,24,24,2016-07-21 16:00:00+00:00,2016-07-21 15:45:00,2016-07-21 15:45:00+00:00,3206,True,False,1,False,False,False,NONE,OK
2016-07-23,2016,24,24,24,24,2016-07-22 16:00:00+00:00,2016-07-22 15:45:00,2016-07-22 15:45:00+00:00,3211,True,False,1,False,False,False,NONE,OK
2016-07-24,2016,24,24,24,24,2016-07-23 16:00:00+00:00,2016-07-23 15:45:00,2016-07-23 15:45:00+00:00,3216,True,False,1,False,False,False,NONE,OK
2016-07-25,2016,24,24,24,24,2016-07-24 16:00:00+00:00,2016-07-24 15:45:00,2016-07-24 15:45:00+00:00,3221,True,False,1,False,False,False,NONE,OK
2016-07-26,2016,24,24,24,24,2016-07-25 16:00:00+00:00,2016-07-25 15:45:00,2016-07-25 15:45:00+00:00,3226,True,False,1,False,False,False,NONE,OK
2016-07-27,2016,24,24,24,24,2016-07-26 16:00:00+00:00,2016-07-26 15:45:00,2016-07-26 15:45:00+00:00,3231,True,False,1,False,False,False,NONE,OK
2016-07-28,2016,24,24,24,24,2016-07-27 16:00:00+00:00,2016-07-27 15:45:00,2016-07-27 15:45:00+00:00,3236,True,False,1,False,False,False,NONE,OK
2016-07-29,2016,24,24,24,24,2016-07-28 16:00:00+00:00,2016-07-28 15:45:00,2016-07-28 15:45:00+00:00,3241,True,False,1,False,False,False,NONE,OK
2016-07-30,2016,24,24,24,24,2016-07-29 16:00:00+00:00,2016-07-29 15:45:00,2016-07-29 15:45:00+00:00,3246,True,False,1,False,False,False,NONE,OK
2016-07-31,2016,24,24,24,24,2016-07-30 16:00:00+00:00,2016-07-30 15:45:00,2016-07-30 15:45:00+00:00,3251,True,False,1,False,False,False,NONE,OK
2016-08-01,2016,24,24,24,24,2016-07-31 16:00:00+00:00,2016-07-31 15:45:00,2016-07-31 15:45:00+00:00,3256,True,False,1,False,False,False,NONE,OK
2016-08-02,2016,24,24,24,24,2016-08-01 16:00:00+00:00,2016-08-01 15:45:00,2016-08-01 15:45:00+00:00,3261,True,False,1,False,False,False,NONE,OK
2016-08-03,2016,24,24,24,24,2016-08-02 16:00:00+00:00,2016-08-02 15:45:00,2016-08-02 15:45:00+00:00,3266,True,False,1,False,False,False,NONE,OK
2016-08-04,2016,24,24,24,24,2016-08-03 16:00:00+00:00,2016-08-03 15:45:00,2016-08-03 15:45:00+00:00,3271,True,False,1,False,False,False,NONE,OK
2016-08-05,2016,24,24,24,24,2016-08-04 16:00:00+00:00,2016-08-04 15:45:00,2016-08-04 15:45:00+00:00,3276,True,False,1,False,False,False,NONE,OK
2016-08-06,2016,24,24,24,24,2016-08-05 16:00:00+00:00,2016-08-05 15:45:00,2016-08-05 15:45:00+00:00,3281,True,False,1,False,False,False,NONE,OK
2016-08-07,2016,24,24,24,24,2016-08-06 16:00:00+00:00,2016-08-06 15:45:00,2016-08-06 15:45:00+00:00,3286,True,False,1,False,False,False,NONE,OK
2016-08-08,2016,24,24,24,24,2016-08-07 16:00:00+00:00,2016-08-07 15:45:00,2016-08-07 15:45:00+00:00,3291,True,False,1,False,False,False,NONE,OK
2016-08-09,2016,24,24,24,24,2016-08-08 16:00:00+00:00,2016-08-08 15:45:00,2016-08-08 15:45:00+00:00,3296,True,False,1,False,False,False,NONE,OK
2016-08-10,2016,24,24,24,24,2016-08-09 16:00:00+00:00,2016-08-09 15:45:00,2016-08-09 15:45:00+00:00,3301,True,False,1,False,False,False,NONE,OK
2016-08-11,2016,24,24,24,24,2016-08-10 16:00:00+00:00,2016-08-10 15:45:00,2016-08-10 15:45:00+00:00,3306,True,False,1,False,False,False,NONE,OK
2016-08-12,2016,24,24,24,24,2016-08-11 16:00:00+00:00,2016-08-11 15:45:00,2016-08-11 15:45:00+00:00,3311,True,False,1,False,False,False,NONE,OK
2016-08-13,2016,24,24,24,24,2016-08-12 16:00:00+00:00,2016-08-12 15:45:00,2016-08-12 15:45:00+00:00,3316,True,False,1,False,False,False,NONE,OK
2016-08-14,2016,24,24,24,24,2016-08-13 16:00:00+00:00,2016-08-13 15:45:00,2016-08-13 15:45:00+00:00,3321,True,False,1,False,False,False,NONE,OK
2016-08-15,2016,24,24,24,24,2016-08-14 16:00:00+00:00,2016-08-14 15:45:00,2016-08-14 15:45:00+00:00,3326,True,False,1,False,False,False,NONE,OK
2016-08-16,2016,24,24,24,24,2016-08-15 16:00:00+00:00,2016-08-15 15:45:00,2016-08-15 15:45:00+00:00,3331,True,False,1,False,False,False,NONE,OK
2016-08-17,2016,24,24,24,24,2016-08-16 16:00:00+00:00,2016-08-16 15:45:00,2016-08-16 15:45:00+00:00,3336,True,False,1,False,False,False,NONE,OK
2016-08-18,2016,24,24,24,24,2016-08-17 16:00:00+00:00,2016-08-17 15:45:00,2016-08-17 15:45:00+00:00,3341,True,False,1,False,False,False,NONE,OK
2016-08-19,2016,24,24,24,24,2016-08-18 16:00:00+00:00,2016-08-18 15:45:00,2016-08-18 15:45:00+00:00,3346,True,False,1,False,False,False,NONE,OK
2016-08-20,2016,24,24,24,24,2016-08-19 16:00:00+00:00,2016-08-19 15:45:00,2016-08-19 15:45:00+00:00,3351,True,False,1,False,False,False,NONE,OK
2016-08-21,2016,24,24,24,24,2016-08-20 16:00:00+00:00,2016-08-20 15:45:00,2016-08-20 15:45:00+00:00,3356,True,False,1,False,False,False,NONE,OK
2016-08-22,2016,24,24,24,24,2016-08-21 16:00:00+00:00,2016-08-21 15:45:00,2016-08-21 15:45:00+00:00,3361,True,False,1,False,False,False,NONE,OK
2016-08-23,2016,24,24,24,24,2016-08-22 16:00:00+00:00,2016-08-22 15:45:00,2016-08-22 15:45:00+00:00,3366,True,False,1,False,False,False,NONE,OK
2016-08-24,2016,24,24,24,24,2016-08-23 16:00:00+00:00,2016-08-23 15:45:00,2016-08-23 15:45:00+00:00,3371,True,False,1,False,False,False,NONE,OK
2016-08-25,2016,24,24,24,24,2016-08-24 16:00:00+00:00,2016-08-24 15:45:00,2016-08-24 15:45:00+00:00,3376,True,False,1,False,False,False,NONE,OK
2016-08-26,2016,24,24,24,24,2016-08-25 16:00:00+00:00,2016-08-25 15:45:00,2016-08-25 15:45:00+00:00,3381,True,False,1,False,False,False,NONE,OK
2016-08-27,2016,24,24,24,24,2016-08-26 16:00:00+00:00,2016-08-26 15:45:00,2016-08-26 15:45:00+00:00,3386,True,False,1,False,False,False,NONE,OK
2016-08-28,2016,24,24,24,24,2016-08-27 16:00:00+00:00,2016-08-27 15:45:00,2016-08-27 15:45:00+00:00,3391,True,False,1,False,False,False,NONE,OK
2016-08-29,2016,24,24,24,24,2016-08-28 16:00:00+00:00,2016-08-28 15:45:00,2016-08-28 15:45:00+00:00,3396,True,False,1,False,False,False,NONE,OK
2016-08-30,2016,24,24,24,24,2016-08-29 16:00:00+00:00,2016-08-29 15:45:00,2016-08-29 15:45:00+00:00,3401,True,False,1,False,False,False,NONE,OK
2016-08-31,2016,24,24,24,24,2016-08-30 16:00:00+00:00,2016-08-30 15:45:00,2016-08-30 15:45:00+00:00,3406,True,False,1,False,False,False,NONE,OK
2016-09-01,2016,24,24,24,24,2016-08-31 16:00:00+00:00,2016-08-31 15:45:00,2016-08-31 15:45:00+00:00,3411,True,False,1,False,False,False,NONE,OK
2016-09-02,2016,24,24,24,24,2016-09-01 16:00:00+00:00,2016-09-01 15:45:00,2016-09-01 15:45:00+00:00,3416,True,False,1,False,False,False,NONE,OK
2016-09-03,2016,24,24,24,24,2016-09-02 16:00:00+00:00,2016-09-02 15:45:00,2016-09-02 15:45:00+00:00,3421,True,False,1,False,False,False,NONE,OK
2016-09-04,2016,24,24,24,24,2016-09-03 16:00:00+00:00,2016-09-03 15:45:00,2016-09-03 15:45:00+00:00,3426,True,False,1,False,False,False,NONE,OK
2016-09-05,2016,24,24,24,24,2016-09-04 16:00:00+00:00,2016-09-04 15:45:00,2016-09-04 15:45:00+00:00,3431,True,False,1,False,False,False,NONE,OK
2016-09-06,2016,24,24,24,24,2016-09-05 16:00:00+00:00,2016-09-05 15:45:00,2016-09-05 15:45:00+00:00,3436,True,False,1,False,False,False,NONE,OK
2016-09-07,2016,24,24,24,24,2016-09-06 16:00:00+00:00,2016-09-06 15:45:00,2016-09-06 15:45:00+00:00,3441,True,False,1,False,False,False,NONE,OK
2016-09-08,2016,24,24,24,24,2016-09-07 16:00:00+00:00,2016-09-07 15:45:00,2016-09-07 15:45:00+00:00,3446,True,False,1,False,False,False,NONE,OK
2016-09-09,2016,24,24,24,24,2016-09-08 16:00:00+00:00,2016-09-08 15:45:00,2016-09-08 15:45:00+00:00,3451,True,False,1,False,False,False,NONE,OK
2016-09-10,2016,24,24,24,24,2016-09-09 16:00:00+00:00,2016-09-09 15:45:00,2016-09-09 15:45:00+00:00,3456,True,False,1,False,False,False,NONE,OK
2016-09-11,2016,24,24,24,24,2016-09-10 16:00:00+00:00,2016-09-10 15:45:00,2016-09-10 15:45:00+00:00,3461,True,False,1,False,False,False,NONE,OK
2016-09-12,2016,24,24,24,24,2016-09-11 16:00:00+00:00,2016-09-11 15:45:00,2016-09-11 15:45:00+00:00,3466,True,False,1,False,False,False,NONE,OK
2016-09-13,2016,24,24,24,24,2016-09-12 16:00:00+00:00,2016-09-12 15:45:00,2016-09-12 15:45:00+00:00,3471,True,False,1,False,False,False,NONE,OK
2016-09-14,2016,24,24,24,24,2016-09-13 16:00:00+00:00,2016-09-13 15:45:00,2016-09-13 15:45:00+00:00,3476,True,False,1,False,False,False,NONE,OK
2016-09-15,2016,24,24,24,24,2016-09-14 16:00:00+00:00,2016-09-14 15:45:00,2016-09-14 15:45:00+00:00,3481,True,False,1,False,False,False,NONE,OK
2016-09-16,2016,24,24,24,24,2016-09-15 16:00:00+00:00,2016-09-15 15:45:00,2016-09-15 15:45:00+00:00,3486,True,False,1,False,False,False,NONE,OK
2016-09-17,2016,24,24,24,24,2016-09-16 16:00:00+00:00,2016-09-16 15:45:00,2016-09-16 15:45:00+00:00,3491,True,False,1,False,False,False,NONE,OK
2016-09-18,2016,24,24,24,24,2016-09-17 16:00:00+00:00,2016-09-17 15:45:00,2016-09-17 15:45:00+00:00,3496,True,False,1,False,False,False,NONE,OK
2016-09-19,2016,24,24,24,24,2016-09-18 16:00:00+00:00,2016-09-18 15:45:00,2016-09-18 15:45:00+00:00,3501,True,False,1,False,False,False,NONE,OK
2016-09-20,2016,24,24,24,24,2016-09-19 16:00:00+00:00,2016-09-19 15:45:00,2016-09-19 15:45:00+00:00,3506,True,False,1,False,False,False,NONE,OK
2016-09-21,2016,24,24,24,24,2016-09-20 16:00:00+00:00,2016-09-20 15:45:00,2016-09-20 15:45:00+00:00,3511,True,False,1,False,False,False,NONE,OK
2016-09-22,2016,24,24,24,24,2016-09-21 16:00:00+00:00,2016-09-21 15:45:00,2016-09-21 15:45:00+00:00,3516,True,False,1,False,False,False,NONE,OK
2016-09-23,2016,24,24,24,24,2016-09-22 16:00:00+00:00,2016-09-22 15:45:00,2016-09-22 15:45:00+00:00,3521,True,False,1,False,False,False,NONE,OK
2016-09-24,2016,24,24,24,24,2016-09-23 16:00:00+00:00,2016-09-23 15:45:00,2016-09-23 15:45:00+00:00,3526,True,False,1,False,False,False,NONE,OK
2016-09-25,2016,24,24,24,24,2016-09-24 16:00:00+00:00,2016-09-24 15:45:00,2016-09-24 15:45:00+00:00,3531,True,False,1,False,False,False,NONE,OK
2016-09-26,2016,24,24,24,24,2016-09-25 16:00:00+00:00,2016-09-25 15:45:00,2016-09-25 15:45:00+00:00,3536,True,False,1,False,False,False,NONE,OK
2016-09-27,2016,24,24,24,24,2016-09-26 16:00:00+00:00,2016-09-26 15:45:00,2016-09-26 15:45:00+00:00,3541,True,False,1,False,False,False,NONE,OK
2016-09-28,2016,24,24,24,24,2016-09-27 16:00:00+00:00,2016-09-27 15:45:00,2016-09-27 15:45:00+00:00,3546,True,False,1,False,False,False,NONE,OK
2016-09-29,2016,24,24,24,24,2016-09-28 16:00:00+00:00,2016-09-28 15:45:00,2016-09-28 15:45:00+00:00,3551,True,False,1,False,False,False,NONE,OK
2016-09-30,2016,24,24,24,24,2016-09-29 16:00:00+00:00,2016-09-29 15:45:00,2016-09-29 15:45:00+00:00,3556,True,False,1,False,False,False,NONE,OK
2016-10-01,2016,24,24,24,24,2016-09-30 16:00:00+00:00,2016-09-30 15:45:00,2016-09-30 15:45:00+00:00,3561,True,False,1,False,False,False,NONE,OK
2016-10-02,2016,24,24,24,24,2016-10-01 16:00:00+00:00,2016-10-01 15:45:00,2016-10-01 15:45:00+00:00,3566,True,False,1,False,False,False,NONE,OK
2016-10-03,2016,24,24,24,24,2016-10-02 16:00:00+00:00,2016-10-02 15:45:00,2016-10-02 15:45:00+00:00,3571,True,False,1,False,False,False,NONE,OK
2016-10-04,2016,24,24,24,24,2016-10-03 16:00:00+00:00,2016-10-03 15:45:00,2016-10-03 15:45:00+00:00,3576,True,False,1,False,False,False,NONE,OK
2016-10-05,2016,24,24,24,24,2016-10-04 16:00:00+00:00,2016-10-04 15:45:00,2016-10-04 15:45:00+00:00,3581,True,False,1,False,False,False,NONE,OK
2016-10-06,2016,24,24,24,24,2016-10-05 16:00:00+00:00,2016-10-05 15:45:00,2016-10-05 15:45:00+00:00,3586,True,False,1,False,False,False,NONE,OK
2016-10-07,2016,24,24,24,24,2016-10-06 16:00:00+00:00,2016-10-06 15:45:00,2016-10-06 15:45:00+00:00,3591,True,False,1,False,False,False,NONE,OK
2016-10-08,2016,24,24,24,24,2016-10-07 16:00:00+00:00,2016-10-07 15:45:00,2016-10-07 15:45:00+00:00,3596,True,False,1,False,False,False,NONE,OK
2016-10-09,2016,24,24,24,24,2016-10-08 16:00:00+00:00,2016-10-08 15:45:00,2016-10-08 15:45:00+00:00,3601,True,False,1,False,False,False,NONE,OK
2016-10-10,2016,24,24,24,24,2016-10-09 16:00:00+00:00,2016-10-09 15:45:00,2016-10-09 15:45:00+00:00,3606,True,False,1,False,False,False,NONE,OK
2016-10-11,2016,24,24,24,24,2016-10-10 16:00:00+00:00,2016-10-10 15:45:00,2016-10-10 15:45:00+00:00,3611,True,False,1,False,False,False,NONE,OK
2016-10-12,2016,24,24,24,24,2016-10-11 16:00:00+00:00,2016-10-11 15:45:00,2016-10-11 15:45:00+00:00,3616,True,False,1,False,False,False,NONE,OK
2016-10-13,2016,24,24,24,24,2016-10-12 16:00:00+00:00,2016-10-12 15:45:00,2016-10-12 15:45:00+00:00,3621,True,False,1,False,False,False,NONE,OK
2016-10-14,2016,24,24,24,24,2016-10-13 16:00:00+00:00,2016-10-13 15:45:00,2016-10-13 15:45:00+00:00,3626,True,False,1,False,False,False,NONE,OK
2016-10-15,2016,24,24,24,24,2016-10-14 16:00:00+00:00,2016-10-14 15:45:00,2016-10-14 15:45:00+00:00,3631,True,False,1,False,False,False,NONE,OK
2016-10-16,2016,24,24,24,24,2016-10-15 16:00:00+00:00,2016-10-15 15:45:00,2016-10-15 15:45:00+00:00,3636,True,False,1,False,False,False,NONE,OK
2016-10-17,2016,24,24,24,24,2016-10-16 16:00:00+00:00,2016-10-16 15:45:00,2016-10-16 15:45:00+00:00,3641,True,False,1,False,False,False,NONE,OK
2016-10-18,2016,24,24,24,24,2016-10-17 16:00:00+00:00,2016-10-17 15:45:00,2016-10-17 15:45:00+00:00,3646,True,False,1,False,False,False,NONE,OK
2016-10-19,2016,24,24,24,24,2016-10-18 16:00:00+00:00,2016-10-18 15:45:00,2016-10-18 15:45:00+00:00,3651,True,False,1,False,False,False,NONE,OK
2016-10-20,2016,24,24,24,24,2016-10-19 16:00:00+00:00,2016-10-19 15:45:00,2016-10-19 15:45:00+00:00,3656,True,False,1,False,False,False,NONE,OK
2016-10-21,2016,24,24,24,24,2016-10-20 16:00:00+00:00,2016-10-20 15:45:00,2016-10-20 15:45:00+00:00,3661,True,False,1,False,False,False,NONE,OK
2016-10-22,2016,24,24,24,24,2016-10-21 16:00:00+00:00,2016-10-21 15:45:00,2016-10-21 15:45:00+00:00,3666,True,False,1,False,False,False,NONE,OK
2016-10-23,2016,24,24,24,24,2016-10-22 16:00:00+00:00,2016-10-22 15:45:00,2016-10-22 15:45:00+00:00,3671,True,False,1,False,False,False,NONE,OK
2016-10-24,2016,24,24,24,24,2016-10-23 16:00:00+00:00,2016-10-23 15:45:00,2016-10-23 15:45:00+00:00,3676,True,False,1,False,False,False,NONE,OK
2016-10-25,2016,24,24,24,24,2016-10-24 16:00:00+00:00,2016-10-24 15:45:00,2016-10-24 15:45:00+00:00,3681,True,False,1,False,False,False,NONE,OK
2016-10-26,2016,24,24,24,24,2016-10-25 16:00:00+00:00,2016-10-25 15:45:00,2016-10-25 15:45:00+00:00,3686,True,False,1,False,False,False,NONE,OK
2016-10-27,2016,24,24,24,24,2016-10-26 16:00:00+00:00,2016-10-26 15:45:00,2016-10-26 15:45:00+00:00,3691,True,False,1,False,False,False,NONE,OK
2016-10-28,2016,24,24,24,24,2016-10-27 16:00:00+00:00,2016-10-27 15:45:00,2016-10-27 15:45:00+00:00,3696,True,False,1,False,False,False,NONE,OK
2016-10-29,2016,24,24,24,24,2016-10-28 16:00:00+00:00,2016-10-28 15:45:00,2016-10-28 15:45:00+00:00,3701,True,False,1,False,False,False,NONE,OK
2016-10-30,2016,24,24,24,24,2016-10-29 16:00:00+00:00,2016-10-29 15:45:00,2016-10-29 15:45:00+00:00,3706,True,False,1,False,False,False,NONE,OK
2016-10-31,2016,24,24,24,24,2016-10-30 16:00:00+00:00,2016-10-30 15:45:00,2016-10-30 15:45:00+00:00,3711,True,False,1,False,False,False,NONE,OK
2016-11-01,2016,24,24,24,24,2016-10-31 16:00:00+00:00,2016-10-31 15:45:00,2016-10-31 15:45:00+00:00,3716,True,False,1,False,False,False,NONE,OK
2016-11-02,2016,24,24,24,24,2016-11-01 16:00:00+00:00,2016-11-01 15:45:00,2016-11-01 15:45:00+00:00,3721,True,False,1,False,False,False,NONE,OK
2016-11-03,2016,24,24,24,24,2016-11-02 16:00:00+00:00,2016-11-02 15:45:00,2016-11-02 15:45:00+00:00,3726,True,False,1,False,False,False,NONE,OK
2016-11-04,2016,24,24,24,24,2016-11-03 16:00:00+00:00,2016-11-03 15:45:00,2016-11-03 15:45:00+00:00,3731,True,False,1,False,False,False,NONE,OK
2016-11-05,2016,24,24,24,24,2016-11-04 16:00:00+00:00,2016-11-04 15:45:00,2016-11-04 15:45:00+00:00,3736,True,False,1,False,False,False,NONE,OK
2016-11-06,2016,25,25,25,24,2016-11-05 16:00:00+00:00,2016-11-05 15:45:00,2016-11-05 15:45:00+00:00,3744,True,False,1,True,False,False,NO_COMPLETE_VINTAGE,PARTIAL_DAY_DETECTED
2016-11-07,2016,24,24,24,24,2016-11-06 17:00:00+00:00,2016-11-06 16:45:00,2016-11-06 16:45:00+00:00,3754,True,False,1,False,False,False,NONE,OK
2016-11-08,2016,24,24,24,24,2016-11-07 17:00:00+00:00,2016-11-07 16:45:00,2016-11-07 16:45:00+00:00,3761,True,False,1,False,False,False,NONE,OK
2016-11-09,2016,24,24,24,24,2016-11-08 17:00:00+00:00,2016-11-08 16:45:00,2016-11-08 16:45:00+00:00,3766,True,False,1,False,False,False,NONE,OK
2016-11-10,2016,24,24,24,24,2016-11-09 17:00:00+00:00,2016-11-09 16:45:00,2016-11-09 16:45:00+00:00,3771,True,False,1,False,False,False,NONE,OK
2016-11-11,2016,24,24,24,24,2016-11-10 17:00:00+00:00,2016-11-10 16:45:00,2016-11-10 16:45:00+00:00,3776,True,False,1,False,False,False,NONE,OK
2016-11-12,2016,24,24,24,24,2016-11-11 17:00:00+00:00,2016-11-11 16:45:00,2016-11-11 16:45:00+00:00,3781,True,False,1,False,False,False,NONE,OK
2016-11-13,2016,24,24,24,24,2016-11-12 17:00:00+00:00,2016-11-12 16:45:00,2016-11-12 16:45:00+00:00,3786,True,False,1,False,False,False,NONE,OK
2016-11-14,2016,24,24,24,24,2016-11-13 17:00:00+00:00,2016-11-13 16:45:00,2016-11-13 16:45:00+00:00,3791,True,False,1,False,False,False,NONE,OK
2016-11-15,2016,24,24,24,24,2016-11-14 17:00:00+00:00,2016-11-14 16:45:00,2016-11-14 16:45:00+00:00,3796,True,False,1,False,False,False,NONE,OK
2016-11-16,2016,24,24,24,24,2016-11-15 17:00:00+00:00,2016-11-15 16:45:00,2016-11-15 16:45:00+00:00,3801,True,False,1,False,False,False,NONE,OK
2016-11-17,2016,24,24,24,24,2016-11-16 17:00:00+00:00,2016-11-16 16:45:00,2016-11-16 16:45:00+00:00,3806,True,False,1,False,False,False,NONE,OK
2016-11-18,2016,24,24,24,24,2016-11-17 17:00:00+00:00,2016-11-17 16:45:00,2016-11-17 16:45:00+00:00,3811,True,False,1,False,False,False,NONE,OK
2016-11-19,2016,24,24,24,24,2016-11-18 17:00:00+00:00,2016-11-18 16:45:00,2016-11-18 16:45:00+00:00,3816,True,False,1,False,False,False,NONE,OK
2016-11-20,2016,24,24,24,24,2016-11-19 17:00:00+00:00,2016-11-19 16:45:00,2016-11-19 16:45:00+00:00,3821,True,False,1,False,False,False,NONE,OK
2016-11-21,2016,24,24,24,24,2016-11-20 17:00:00+00:00,2016-11-20 16:45:00,2016-11-20 16:45:00+00:00,3826,True,False,1,False,False,False,NONE,OK
2016-11-22,2016,24,24,24,24,2016-11-21 17:00:00+00:00,2016-11-21 16:45:00,2016-11-21 16:45:00+00:00,3831,True,False,1,False,False,False,NONE,OK
2016-11-23,2016,24,24,24,24,2016-11-22 17:00:00+00:00,2016-11-22 16:45:00,2016-11-22 16:45:00+00:00,3836,True,False,1,False,False,False,NONE,OK
2016-11-24,2016,24,24,24,24,2016-11-23 17:00:00+00:00,2016-11-23 16:45:00,2016-11-23 16:45:00+00:00,3841,True,False,1,False,False,False,NONE,OK
2016-11-25,2016,24,24,24,24,2016-11-24 17:00:00+00:00,2016-11-24 16:45:00,2016-11-24 16:45:00+00:00,3846,True,False,1,False,False,False,NONE,OK
2016-11-26,2016,24,24,24,24,2016-11-25 17:00:00+00:00,2016-11-25 16:45:00,2016-11-25 16:45:00+00:00,3851,True,False,1,False,False,False,NONE,OK
2016-11-27,2016,24,24,24,24,2016-11-26 17:00:00+00:00,2016-11-26 16:45:00,2016-11-26 16:45:00+00:00,3856,True,False,1,False,False,False,NONE,OK
2016-11-28,2016,24,24,24,24,2016-11-27 17:00:00+00:00,2016-11-27 16:45:00,2016-11-27 16:45:00+00:00,3861,True,False,1,False,False,False,NONE,OK
2016-11-29,2016,24,24,24,24,2016-11-28 17:00:00+00:00,2016-11-28 16:45:00,2016-11-28 16:45:00+00:00,3866,True,False,1,False,False,False,NONE,OK
2016-11-30,2016,24,24,24,24,2016-11-29 17:00:00+00:00,2016-11-29 16:45:00,2016-11-29 16:45:00+00:00,3871,True,False,1,False,False,False,NONE,OK
2016-12-01,2016,24,24,24,24,2016-11-30 17:00:00+00:00,2016-11-30 16:45:00,2016-11-30 16:45:00+00:00,3876,True,False,1,False,False,False,NONE,OK
2016-12-02,2016,24,24,24,24,2016-12-01 17:00:00+00:00,2016-12-01 14:45:00,2016-12-01 14:45:00+00:00,3880,True,False,1,False,False,False,NONE,OK
2016-12-03,2016,24,24,24,24,2016-12-02 17:00:00+00:00,2016-12-02 14:45:00,2016-12-02 14:45:00+00:00,3881,True,False,1,False,False,False,NONE,OK
2016-12-04,2016,24,24,24,24,2016-12-03 17:00:00+00:00,2016-12-03 14:45:00,2016-12-03 14:45:00+00:00,3882,True,False,1,False,False,False,NONE,OK
2016-12-05,2016,24,24,24,24,2016-12-04 17:00:00+00:00,2016-12-04 14:45:00,2016-12-04 14:45:00+00:00,3883,True,False,1,False,False,False,NONE,OK
2016-12-06,2016,24,24,24,24,2016-12-05 17:00:00+00:00,2016-12-05 14:45:00,2016-12-05 14:45:00+00:00,3884,True,False,1,False,False,False,NONE,OK
2016-12-07,2016,24,24,24,24,2016-12-06 17:00:00+00:00,2016-12-06 14:45:00,2016-12-06 14:45:00+00:00,3885,True,False,1,False,False,False,NONE,OK
2016-12-08,2016,24,24,24,24,2016-12-07 17:00:00+00:00,2016-12-07 14:45:00,2016-12-07 14:45:00+00:00,3886,True,False,1,False,False,False,NONE,OK
2016-12-09,2016,24,24,24,24,2016-12-08 17:00:00+00:00,2016-12-08 14:45:00,2016-12-08 14:45:00+00:00,3887,True,False,1,False,False,False,NONE,OK
2016-12-10,2016,24,24,24,24,2016-12-09 17:00:00+00:00,2016-12-09 14:45:00,2016-12-09 14:45:00+00:00,3888,True,False,1,False,False,False,NONE,OK
2016-12-11,2016,24,24,24,24,2016-12-10 17:00:00+00:00,2016-12-10 14:45:00,2016-12-10 14:45:00+00:00,3889,True,False,1,False,False,False,NONE,OK
2016-12-12,2016,24,24,24,24,2016-12-11 17:00:00+00:00,2016-12-11 14:45:00,2016-12-11 14:45:00+00:00,3890,True,False,1,False,False,False,NONE,OK
2016-12-13,2016,24,24,24,24,2016-12-12 17:00:00+00:00,2016-12-12 14:45:00,2016-12-12 14:45:00+00:00,3891,True,False,1,False,False,False,NONE,OK
2016-12-14,2016,24,24,24,24,2016-12-13 17:00:00+00:00,2016-12-13 14:45:00,2016-12-13 14:45:00+00:00,3892,True,False,1,False,False,False,NONE,OK
2016-12-15,2016,24,24,24,24,2016-12-14 17:00:00+00:00,2016-12-14 14:45:00,2016-12-14 14:45:00+00:00,3893,True,False,1,False,False,False,NONE,OK
2016-12-16,2016,24,24,24,24,2016-12-15 17:00:00+00:00,2016-12-15 14:45:00,2016-12-15 14:45:00+00:00,3894,True,False,1,False,False,False,NONE,OK
2016-12-17,2016,24,24,24,24,2016-12-16 17:00:00+00:00,2016-12-16 14:45:00,2016-12-16 14:45:00+00:00,3895,True,False,1,False,False,False,NONE,OK
2016-12-18,2016,24,24,24,24,2016-12-17 17:00:00+00:00,2016-12-17 14:45:00,2016-12-17 14:45:00+00:00,3896,True,False,1,False,False,False,NONE,OK
2016-12-19,2016,24,24,24,24,2016-12-18 17:00:00+00:00,2016-12-18 14:45:00,2016-12-18 14:45:00+00:00,3897,True,False,1,False,False,False,NONE,OK
2016-12-20,2016,24,24,24,24,2016-12-19 17:00:00+00:00,2016-12-19 14:45:00,2016-12-19 14:45:00+00:00,3898,True,False,1,False,False,False,NONE,OK
2016-12-21,2016,24,24,24,24,2016-12-20 17:00:00+00:00,2016-12-20 14:45:00,2016-12-20 14:45:00+00:00,3899,True,False,1,False,False,False,NONE,OK
2016-12-22,2016,24,24,24,24,2016-12-21 17:00:00+00:00,2016-12-21 14:45:00,2016-12-21 14:45:00+00:00,3900,True,False,1,False,False,False,NONE,OK
2016-12-23,2016,24,24,24,24,2016-12-22 17:00:00+00:00,2016-12-22 14:45:00,2016-12-22 14:45:00+00:00,3901,True,False,1,False,False,False,NONE,OK
2016-12-24,2016,24,24,24,24,2016-12-23 17:00:00+00:00,2016-12-23 14:45:00,2016-12-23 14:45:00+00:00,3902,True,False,1,False,False,False,NONE,OK
2016-12-25,2016,24,24,24,24,2016-12-24 17:00:00+00:00,2016-12-24 14:45:00,2016-12-24 14:45:00+00:00,3903,True,False,1,False,False,False,NONE,OK
2016-12-26,2016,24,24,24,24,2016-12-25 17:00:00+00:00,2016-12-25 14:45:00,2016-12-25 14:45:00+00:00,3904,True,False,1,False,False,False,NONE,OK
2016-12-27,2016,24,24,24,24,2016-12-26 17:00:00+00:00,2016-12-26 14:45:00,2016-12-26 14:45:00+00:00,3905,True,False,1,False,False,False,NONE,OK
2016-12-28,2016,24,24,24,24,2016-12-27 17:00:00+00:00,2016-12-27 14:45:00,2016-12-27 14:45:00+00:00,3906,True,False,1,False,False,False,NONE,OK
2016-12-29,2016,24,24,24,24,2016-12-28 17:00:00+00:00,2016-12-28 14:45:00,2016-12-28 14:45:00+00:00,3907,True,False,1,False,False,False,NONE,OK
2016-12-30,2016,24,24,24,24,2016-12-29 17:00:00+00:00,2016-12-29 14:45:00,2016-12-29 14:45:00+00:00,3908,True,False,1,False,False,False,NONE,OK
2016-12-31,2016,24,24,24,24,2016-12-30 17:00:00+00:00,2016-12-30 14:45:00,2016-12-30 14:45:00+00:00,3909,True,False,1,False,False,False,NONE,OK
2017-01-01,2017,24,24,24,0,2016-12-31 17:00:00+00:00,,,3910,False,False,0,False,False,False,NO_COMPLETE_VINTAGE,UNAVAILABLE
2017-01-02,2017,24,24,24,24,2017-01-01 17:00:00+00:00,2017-01-01 16:45:00,2017-01-01 16:45:00+00:00,3913,True,False,1,False,False,False,NONE,OK
2017-01-03,2017,24,24,24,24,2017-01-02 17:00:00+00:00,2017-01-02 16:45:00,2017-01-02 16:45:00+00:00,3918,True,False,1,False,False,False,NONE,OK
2017-01-04,2017,24,24,24,24,2017-01-03 17:00:00+00:00,2017-01-03 16:45:00,2017-01-03 16:45:00+00:00,3923,True,False,1,False,False,False,NONE,OK
2017-01-05,2017,24,24,24,24,2017-01-04 17:00:00+00:00,2017-01-04 16:45:00,2017-01-04 16:45:00+00:00,3928,True,False,1,False,False,False,NONE,OK
2017-01-06,2017,24,24,24,24,2017-01-05 17:00:00+00:00,2017-01-05 16:45:00,2017-01-05 16:45:00+00:00,3933,True,False,1,False,False,False,NONE,OK
2017-01-07,2017,24,24,24,24,2017-01-06 17:00:00+00:00,2017-01-06 16:45:00,2017-01-06 16:45:00+00:00,3938,True,False,1,False,False,False,NONE,OK
2017-01-08,2017,24,24,24,24,2017-01-07 17:00:00+00:00,2017-01-07 16:45:00,2017-01-07 16:45:00+00:00,3943,True,False,1,False,False,False,NONE,OK
2017-01-09,2017,24,24,24,24,2017-01-08 17:00:00+00:00,2017-01-08 16:45:00,2017-01-08 16:45:00+00:00,3948,True,False,1,False,False,False,NONE,OK
2017-01-10,2017,24,24,24,24,2017-01-09 17:00:00+00:00,2017-01-09 16:45:00,2017-01-09 16:45:00+00:00,3953,True,False,1,False,False,False,NONE,OK
2017-01-11,2017,24,24,24,24,2017-01-10 17:00:00+00:00,2017-01-10 16:45:00,2017-01-10 16:45:00+00:00,3958,True,False,1,False,False,False,NONE,OK
2017-01-12,2017,24,24,24,24,2017-01-11 17:00:00+00:00,2017-01-11 16:45:00,2017-01-11 16:45:00+00:00,3963,True,False,1,False,False,False,NONE,OK
2017-01-13,2017,24,24,24,24,2017-01-12 17:00:00+00:00,2017-01-12 16:45:00,2017-01-12 16:45:00+00:00,3968,True,False,1,False,False,False,NONE,OK
2017-01-14,2017,24,24,24,24,2017-01-13 17:00:00+00:00,2017-01-13 16:45:00,2017-01-13 16:45:00+00:00,3973,True,False,1,False,False,False,NONE,OK
2017-01-15,2017,24,24,24,24,2017-01-14 17:00:00+00:00,2017-01-14 16:45:00,2017-01-14 16:45:00+00:00,3978,True,False,1,False,False,False,NONE,OK
2017-01-16,2017,24,24,24,24,2017-01-15 17:00:00+00:00,2017-01-15 16:45:00,2017-01-15 16:45:00+00:00,3983,True,False,1,False,False,False,NONE,OK
2017-01-17,2017,24,24,24,24,2017-01-16 17:00:00+00:00,2017-01-16 16:45:00,2017-01-16 16:45:00+00:00,3988,True,False,1,False,False,False,NONE,OK
2017-01-18,2017,24,24,24,24,2017-01-17 17:00:00+00:00,2017-01-17 16:45:00,2017-01-17 16:45:00+00:00,3993,True,False,1,False,False,False,NONE,OK
2017-01-19,2017,24,24,24,24,2017-01-18 17:00:00+00:00,2017-01-18 16:45:00,2017-01-18 16:45:00+00:00,3998,True,False,1,False,False,False,NONE,OK
2017-01-20,2017,24,24,24,24,2017-01-19 17:00:00+00:00,2017-01-19 16:45:00,2017-01-19 16:45:00+00:00,4003,True,False,1,False,False,False,NONE,OK
2017-01-21,2017,24,24,24,24,2017-01-20 17:00:00+00:00,2017-01-20 16:45:00,2017-01-20 16:45:00+00:00,4008,True,False,1,False,False,False,NONE,OK
2017-01-22,2017,24,24,24,24,2017-01-21 17:00:00+00:00,2017-01-21 16:45:00,2017-01-21 16:45:00+00:00,4013,True,False,1,False,False,False,NONE,OK
2017-01-23,2017,24,24,24,24,2017-01-22 17:00:00+00:00,2017-01-22 16:45:00,2017-01-22 16:45:00+00:00,4018,True,False,1,False,False,False,NONE,OK
2017-01-24,2017,24,24,24,24,2017-01-23 17:00:00+00:00,2017-01-23 16:45:00,2017-01-23 16:45:00+00:00,4023,True,False,1,False,False,False,NONE,OK
2017-01-25,2017,24,24,24,24,2017-01-24 17:00:00+00:00,2017-01-24 16:45:00,2017-01-24 16:45:00+00:00,4028,True,False,1,False,False,False,NONE,OK
2017-01-26,2017,24,24,24,24,2017-01-25 17:00:00+00:00,2017-01-25 16:45:00,2017-01-25 16:45:00+00:00,4033,True,False,1,False,False,False,NONE,OK
2017-01-27,2017,24,24,24,24,2017-01-26 17:00:00+00:00,2017-01-26 16:45:00,2017-01-26 16:45:00+00:00,4038,True,False,1,False,False,False,NONE,OK
2017-01-28,2017,24,24,24,24,2017-01-27 17:00:00+00:00,2017-01-27 16:45:00,2017-01-27 16:45:00+00:00,4043,True,False,1,False,False,False,NONE,OK
2017-01-29,2017,24,24,24,24,2017-01-28 17:00:00+00:00,2017-01-28 16:45:00,2017-01-28 16:45:00+00:00,4048,True,False,1,False,False,False,NONE,OK
2017-01-30,2017,24,24,24,24,2017-01-29 17:00:00+00:00,2017-01-29 16:45:00,2017-01-29 16:45:00+00:00,4053,True,False,1,False,False,False,NONE,OK
2017-01-31,2017,24,24,24,24,2017-01-30 17:00:00+00:00,2017-01-30 16:45:00,2017-01-30 16:45:00+00:00,4058,True,False,1,False,False,False,NONE,OK
2017-02-01,2017,24,24,24,24,2017-01-31 17:00:00+00:00,2017-01-31 16:45:00,2017-01-31 16:45:00+00:00,4063,True,False,1,False,False,False,NONE,OK
2017-02-02,2017,24,24,24,24,2017-02-01 17:00:00+00:00,2017-02-01 16:45:00,2017-02-01 16:45:00+00:00,4068,True,False,1,False,False,False,NONE,OK
2017-02-03,2017,24,24,24,24,2017-02-02 17:00:00+00:00,2017-02-02 16:45:00,2017-02-02 16:45:00+00:00,4073,True,False,1,False,False,False,NONE,OK
2017-02-04,2017,24,24,24,24,2017-02-03 17:00:00+00:00,2017-02-03 16:45:00,2017-02-03 16:45:00+00:00,4078,True,False,1,False,False,False,NONE,OK
2017-02-05,2017,24,24,24,24,2017-02-04 17:00:00+00:00,2017-02-04 16:45:00,2017-02-04 16:45:00+00:00,4083,True,False,1,False,False,False,NONE,OK
2017-02-06,2017,24,24,24,24,2017-02-05 17:00:00+00:00,2017-02-05 16:45:00,2017-02-05 16:45:00+00:00,4088,True,False,1,False,False,False,NONE,OK
2017-02-07,2017,24,24,24,24,2017-02-06 17:00:00+00:00,2017-02-06 16:45:00,2017-02-06 16:45:00+00:00,4093,True,False,1,False,False,False,NONE,OK
2017-02-08,2017,24,24,24,24,2017-02-07 17:00:00+00:00,2017-02-07 16:45:00,2017-02-07 16:45:00+00:00,4098,True,False,1,False,False,False,NONE,OK
2017-02-09,2017,24,24,24,24,2017-02-08 17:00:00+00:00,2017-02-08 16:45:00,2017-02-08 16:45:00+00:00,4103,True,False,1,False,False,False,NONE,OK
2017-02-10,2017,24,24,24,24,2017-02-09 17:00:00+00:00,2017-02-09 16:45:00,2017-02-09 16:45:00+00:00,4108,True,False,1,False,False,False,NONE,OK
2017-02-11,2017,24,24,24,24,2017-02-10 17:00:00+00:00,2017-02-10 16:45:00,2017-02-10 16:45:00+00:00,4113,True,False,1,False,False,False,NONE,OK
2017-02-12,2017,24,24,24,24,2017-02-11 17:00:00+00:00,2017-02-11 16:45:00,2017-02-11 16:45:00+00:00,4118,True,False,1,False,False,False,NONE,OK
2017-02-13,2017,24,24,24,24,2017-02-12 17:00:00+00:00,2017-02-12 16:45:00,2017-02-12 16:45:00+00:00,4123,True,False,1,False,False,False,NONE,OK
2017-02-14,2017,24,24,24,24,2017-02-13 17:00:00+00:00,2017-02-13 16:45:00,2017-02-13 16:45:00+00:00,4128,True,False,1,False,False,False,NONE,OK
2017-02-15,2017,24,24,24,24,2017-02-14 17:00:00+00:00,2017-02-14 16:45:00,2017-02-14 16:45:00+00:00,4133,True,False,1,False,False,False,NONE,OK
2017-02-16,2017,24,24,24,24,2017-02-15 17:00:00+00:00,2017-02-15 16:45:00,2017-02-15 16:45:00+00:00,4138,True,False,1,False,False,False,NONE,OK
2017-02-17,2017,24,24,24,24,2017-02-16 17:00:00+00:00,2017-02-16 16:45:00,2017-02-16 16:45:00+00:00,4143,True,False,1,False,False,False,NONE,OK
2017-02-18,2017,24,24,24,24,2017-02-17 17:00:00+00:00,2017-02-17 16:45:00,2017-02-17 16:45:00+00:00,4148,True,False,1,False,False,False,NONE,OK
2017-02-19,2017,24,24,24,24,2017-02-18 17:00:00+00:00,2017-02-18 16:45:00,2017-02-18 16:45:00+00:00,4153,True,False,1,False,False,False,NONE,OK
2017-02-20,2017,24,24,24,24,2017-02-19 17:00:00+00:00,2017-02-19 16:45:00,2017-02-19 16:45:00+00:00,4158,True,False,1,False,False,False,NONE,OK
2017-02-21,2017,24,24,24,24,2017-02-20 17:00:00+00:00,2017-02-20 16:45:00,2017-02-20 16:45:00+00:00,4163,True,False,1,False,False,False,NONE,OK
2017-02-22,2017,24,24,24,24,2017-02-21 17:00:00+00:00,2017-02-21 16:45:00,2017-02-21 16:45:00+00:00,4168,True,False,1,False,False,False,NONE,OK
2017-02-23,2017,24,24,24,24,2017-02-22 17:00:00+00:00,2017-02-22 16:45:00,2017-02-22 16:45:00+00:00,4173,True,False,1,False,False,False,NONE,OK
2017-02-24,2017,24,24,24,24,2017-02-23 17:00:00+00:00,2017-02-23 16:45:00,2017-02-23 16:45:00+00:00,4178,True,False,1,False,False,False,NONE,OK
2017-02-25,2017,24,24,24,24,2017-02-24 17:00:00+00:00,2017-02-24 16:45:00,2017-02-24 16:45:00+00:00,4183,True,False,1,False,False,False,NONE,OK
2017-02-26,2017,24,24,24,24,2017-02-25 17:00:00+00:00,2017-02-25 16:45:00,2017-02-25 16:45:00+00:00,4188,True,False,1,False,False,False,NONE,OK
2017-02-27,2017,24,24,24,24,2017-02-26 17:00:00+00:00,2017-02-26 16:45:00,2017-02-26 16:45:00+00:00,4193,True,False,1,False,False,False,NONE,OK
2017-02-28,2017,24,24,24,24,2017-02-27 17:00:00+00:00,2017-02-27 16:45:00,2017-02-27 16:45:00+00:00,4198,True,False,1,False,False,False,NONE,OK
2017-03-01,2017,24,24,24,24,2017-02-28 17:00:00+00:00,2017-02-28 16:45:00,2017-02-28 16:45:00+00:00,4203,True,False,1,False,False,False,NONE,OK
2017-03-02,2017,24,24,24,24,2017-03-01 17:00:00+00:00,2017-03-01 16:45:00,2017-03-01 16:45:00+00:00,4208,True,False,1,False,False,False,NONE,OK
2017-03-03,2017,24,24,24,24,2017-03-02 17:00:00+00:00,2017-03-02 16:45:00,2017-03-02 16:45:00+00:00,4213,True,False,1,False,False,False,NONE,OK
2017-03-04,2017,24,24,24,24,2017-03-03 17:00:00+00:00,2017-03-03 16:45:00,2017-03-03 16:45:00+00:00,4218,True,False,1,False,False,False,NONE,OK
2017-03-05,2017,24,24,24,24,2017-03-04 17:00:00+00:00,2017-03-04 16:45:00,2017-03-04 16:45:00+00:00,4223,True,False,1,False,False,False,NONE,OK
2017-03-06,2017,24,24,24,24,2017-03-05 17:00:00+00:00,2017-03-05 16:45:00,2017-03-05 16:45:00+00:00,4228,True,False,1,False,False,False,NONE,OK
2017-03-07,2017,24,24,24,24,2017-03-06 17:00:00+00:00,2017-03-06 16:45:00,2017-03-06 16:45:00+00:00,4233,True,False,1,False,False,False,NONE,OK
2017-03-08,2017,24,24,24,24,2017-03-07 17:00:00+00:00,2017-03-07 16:45:00,2017-03-07 16:45:00+00:00,4238,True,False,1,False,False,False,NONE,OK
2017-03-09,2017,24,24,24,24,2017-03-08 17:00:00+00:00,2017-03-08 16:45:00,2017-03-08 16:45:00+00:00,4243,True,False,1,False,False,False,NONE,OK
2017-03-10,2017,24,24,24,24,2017-03-09 17:00:00+00:00,2017-03-09 16:45:00,2017-03-09 16:45:00+00:00,4248,True,False,1,False,False,False,NONE,OK
2017-03-11,2017,24,24,24,24,2017-03-10 17:00:00+00:00,2017-03-10 16:45:00,2017-03-10 16:45:00+00:00,4253,True,False,1,False,False,False,NONE,OK
2017-03-12,2017,23,23,23,23,2017-03-11 17:00:00+00:00,2017-03-11 16:45:00,2017-03-11 16:45:00+00:00,4258,True,False,1,False,False,False,NONE,OK
2017-03-13,2017,24,24,24,24,2017-03-12 16:00:00+00:00,2017-03-12 15:45:00,2017-03-12 15:45:00+00:00,4263,True,False,1,False,False,False,NONE,OK
2017-03-14,2017,24,24,24,24,2017-03-13 16:00:00+00:00,2017-03-13 15:45:00,2017-03-13 15:45:00+00:00,4268,True,False,1,False,False,False,NONE,OK
2017-03-15,2017,24,24,24,24,2017-03-14 16:00:00+00:00,2017-03-14 15:45:00,2017-03-14 15:45:00+00:00,4273,True,False,1,False,False,False,NONE,OK
2017-03-16,2017,24,24,24,24,2017-03-15 16:00:00+00:00,2017-03-15 15:45:00,2017-03-15 15:45:00+00:00,4278,True,False,1,False,False,False,NONE,OK
2017-03-17,2017,24,24,24,24,2017-03-16 16:00:00+00:00,2017-03-16 15:45:00,2017-03-16 15:45:00+00:00,4283,True,False,1,False,False,False,NONE,OK
2017-03-18,2017,24,24,24,24,2017-03-17 16:00:00+00:00,2017-03-17 15:45:00,2017-03-17 15:45:00+00:00,4288,True,False,1,False,False,False,NONE,OK
2017-03-19,2017,24,24,24,24,2017-03-18 16:00:00+00:00,2017-03-18 15:45:00,2017-03-18 15:45:00+00:00,4293,True,False,1,False,False,False,NONE,OK
2017-03-20,2017,24,24,24,24,2017-03-19 16:00:00+00:00,2017-03-19 15:45:00,2017-03-19 15:45:00+00:00,4298,True,False,1,False,False,False,NONE,OK
2017-03-21,2017,24,24,24,24,2017-03-20 16:00:00+00:00,2017-03-20 15:45:00,2017-03-20 15:45:00+00:00,4303,True,False,1,False,False,False,NONE,OK
2017-03-22,2017,24,24,24,24,2017-03-21 16:00:00+00:00,2017-03-21 15:45:00,2017-03-21 15:45:00+00:00,4308,True,False,1,False,False,False,NONE,OK
2017-03-23,2017,24,24,24,24,2017-03-22 16:00:00+00:00,2017-03-22 15:45:00,2017-03-22 15:45:00+00:00,4313,True,False,1,False,False,False,NONE,OK
2017-03-24,2017,24,24,24,24,2017-03-23 16:00:00+00:00,2017-03-23 15:45:00,2017-03-23 15:45:00+00:00,4318,True,False,1,False,False,False,NONE,OK
2017-03-25,2017,24,24,24,24,2017-03-24 16:00:00+00:00,2017-03-24 15:45:00,2017-03-24 15:45:00+00:00,4323,True,False,1,False,False,False,NONE,OK
2017-03-26,2017,24,24,24,24,2017-03-25 16:00:00+00:00,2017-03-25 15:45:00,2017-03-25 15:45:00+00:00,4328,True,False,1,False,False,False,NONE,OK
2017-03-27,2017,24,24,24,24,2017-03-26 16:00:00+00:00,2017-03-26 15:45:00,2017-03-26 15:45:00+00:00,4333,True,False,1,False,False,False,NONE,OK
2017-03-28,2017,24,24,24,24,2017-03-27 16:00:00+00:00,2017-03-27 15:45:00,2017-03-27 15:45:00+00:00,4338,True,False,1,False,False,False,NONE,OK
2017-03-29,2017,24,24,24,24,2017-03-28 16:00:00+00:00,2017-03-28 15:45:00,2017-03-28 15:45:00+00:00,4343,True,False,1,False,False,False,NONE,OK
2017-03-30,2017,24,24,24,24,2017-03-29 16:00:00+00:00,2017-03-29 15:45:00,2017-03-29 15:45:00+00:00,4348,True,False,1,False,False,False,NONE,OK
2017-03-31,2017,24,24,24,24,2017-03-30 16:00:00+00:00,2017-03-30 15:45:00,2017-03-30 15:45:00+00:00,4353,True,False,1,False,False,False,NONE,OK
2017-04-01,2017,24,24,24,24,2017-03-31 16:00:00+00:00,2017-03-31 15:45:00,2017-03-31 15:45:00+00:00,4358,True,False,1,False,False,False,NONE,OK
2017-04-02,2017,24,24,24,24,2017-04-01 16:00:00+00:00,2017-04-01 15:45:00,2017-04-01 15:45:00+00:00,4363,True,False,1,False,False,False,NONE,OK
2017-04-03,2017,24,24,24,24,2017-04-02 16:00:00+00:00,2017-04-02 15:45:00,2017-04-02 15:45:00+00:00,4368,True,False,1,False,False,False,NONE,OK
2017-04-04,2017,24,24,24,24,2017-04-03 16:00:00+00:00,2017-04-03 15:45:00,2017-04-03 15:45:00+00:00,4373,True,False,1,False,False,False,NONE,OK
2017-04-05,2017,24,24,24,24,2017-04-04 16:00:00+00:00,2017-04-04 15:45:00,2017-04-04 15:45:00+00:00,4378,True,False,1,False,False,False,NONE,OK
2017-04-06,2017,24,24,24,24,2017-04-05 16:00:00+00:00,2017-04-05 15:45:00,2017-04-05 15:45:00+00:00,4383,True,False,1,False,False,False,NONE,OK
2017-04-07,2017,24,24,24,24,2017-04-06 16:00:00+00:00,2017-04-06 15:45:00,2017-04-06 15:45:00+00:00,4388,True,False,1,False,False,False,NONE,OK
2017-04-08,2017,24,24,24,24,2017-04-07 16:00:00+00:00,2017-04-07 15:45:00,2017-04-07 15:45:00+00:00,4393,True,False,1,False,False,False,NONE,OK
2017-04-09,2017,24,24,24,24,2017-04-08 16:00:00+00:00,2017-04-08 15:45:00,2017-04-08 15:45:00+00:00,4398,True,False,1,False,False,False,NONE,OK
2017-04-10,2017,24,24,24,24,2017-04-09 16:00:00+00:00,2017-04-09 15:45:00,2017-04-09 15:45:00+00:00,4403,True,False,1,False,False,False,NONE,OK
2017-04-11,2017,24,24,24,24,2017-04-10 16:00:00+00:00,2017-04-10 15:45:00,2017-04-10 15:45:00+00:00,4408,True,False,1,False,False,False,NONE,OK
2017-04-12,2017,24,24,24,24,2017-04-11 16:00:00+00:00,2017-04-11 15:45:00,2017-04-11 15:45:00+00:00,4413,True,False,1,False,False,False,NONE,OK
2017-04-13,2017,24,24,24,24,2017-04-12 16:00:00+00:00,2017-04-12 15:45:00,2017-04-12 15:45:00+00:00,4418,True,False,1,False,False,False,NONE,OK
2017-04-14,2017,24,24,24,24,2017-04-13 16:00:00+00:00,2017-04-13 15:45:00,2017-04-13 15:45:00+00:00,4423,True,False,1,False,False,False,NONE,OK
2017-04-15,2017,24,24,24,24,2017-04-14 16:00:00+00:00,2017-04-14 15:45:00,2017-04-14 15:45:00+00:00,4428,True,False,1,False,False,False,NONE,OK
2017-04-16,2017,24,24,24,24,2017-04-15 16:00:00+00:00,2017-04-15 15:45:00,2017-04-15 15:45:00+00:00,4433,True,False,1,False,False,False,NONE,OK
2017-04-17,2017,24,24,24,24,2017-04-16 16:00:00+00:00,2017-04-16 15:45:00,2017-04-16 15:45:00+00:00,4438,True,False,1,False,False,False,NONE,OK
2017-04-18,2017,24,24,24,24,2017-04-17 16:00:00+00:00,2017-04-17 15:45:00,2017-04-17 15:45:00+00:00,4443,True,False,1,False,False,False,NONE,OK
2017-04-19,2017,24,24,24,24,2017-04-18 16:00:00+00:00,2017-04-18 15:45:00,2017-04-18 15:45:00+00:00,4448,True,False,1,False,False,False,NONE,OK
2017-04-20,2017,24,24,24,24,2017-04-19 16:00:00+00:00,2017-04-19 15:45:00,2017-04-19 15:45:00+00:00,4453,True,False,1,False,False,False,NONE,OK
2017-04-21,2017,24,24,24,24,2017-04-20 16:00:00+00:00,2017-04-20 15:45:00,2017-04-20 15:45:00+00:00,4458,True,False,1,False,False,False,NONE,OK
2017-04-22,2017,24,24,24,24,2017-04-21 16:00:00+00:00,2017-04-21 15:45:00,2017-04-21 15:45:00+00:00,4463,True,False,1,False,False,False,NONE,OK
2017-04-23,2017,24,24,24,24,2017-04-22 16:00:00+00:00,2017-04-22 15:45:00,2017-04-22 15:45:00+00:00,4468,True,False,1,False,False,False,NONE,OK
2017-04-24,2017,24,24,24,24,2017-04-23 16:00:00+00:00,2017-04-23 15:45:00,2017-04-23 15:45:00+00:00,4473,True,False,1,False,False,False,NONE,OK
2017-04-25,2017,24,24,24,24,2017-04-24 16:00:00+00:00,2017-04-24 15:45:00,2017-04-24 15:45:00+00:00,4478,True,False,1,False,False,False,NONE,OK
2017-04-26,2017,24,24,24,24,2017-04-25 16:00:00+00:00,2017-04-25 15:45:00,2017-04-25 15:45:00+00:00,4483,True,False,1,False,False,False,NONE,OK
2017-04-27,2017,24,24,24,24,2017-04-26 16:00:00+00:00,2017-04-26 15:45:00,2017-04-26 15:45:00+00:00,4488,True,False,1,False,False,False,NONE,OK
2017-04-28,2017,24,24,24,24,2017-04-27 16:00:00+00:00,2017-04-27 15:45:00,2017-04-27 15:45:00+00:00,4493,True,False,1,False,False,False,NONE,OK
2017-04-29,2017,24,24,24,24,2017-04-28 16:00:00+00:00,2017-04-28 15:45:00,2017-04-28 15:45:00+00:00,4498,True,False,1,False,False,False,NONE,OK
2017-04-30,2017,24,24,24,24,2017-04-29 16:00:00+00:00,2017-04-29 15:45:00,2017-04-29 15:45:00+00:00,4503,True,False,1,False,False,False,NONE,OK
2017-05-01,2017,24,24,24,24,2017-04-30 16:00:00+00:00,2017-04-30 15:45:00,2017-04-30 15:45:00+00:00,4508,True,False,1,False,False,False,NONE,OK
2017-05-02,2017,24,24,24,24,2017-05-01 16:00:00+00:00,2017-05-01 15:45:00,2017-05-01 15:45:00+00:00,4513,True,False,1,False,False,False,NONE,OK
2017-05-03,2017,24,24,24,24,2017-05-02 16:00:00+00:00,2017-05-02 15:45:00,2017-05-02 15:45:00+00:00,4518,True,False,1,False,False,False,NONE,OK
2017-05-04,2017,24,24,24,24,2017-05-03 16:00:00+00:00,2017-05-03 15:45:00,2017-05-03 15:45:00+00:00,4523,True,False,1,False,False,False,NONE,OK
2017-05-05,2017,24,24,24,24,2017-05-04 16:00:00+00:00,2017-05-04 15:45:00,2017-05-04 15:45:00+00:00,4528,True,False,1,False,False,False,NONE,OK
2017-05-06,2017,24,24,24,24,2017-05-05 16:00:00+00:00,2017-05-05 15:45:00,2017-05-05 15:45:00+00:00,4533,True,False,1,False,False,False,NONE,OK
2017-05-07,2017,24,24,24,24,2017-05-06 16:00:00+00:00,2017-05-06 15:45:00,2017-05-06 15:45:00+00:00,4538,True,False,1,False,False,False,NONE,OK
2017-05-08,2017,24,24,24,24,2017-05-07 16:00:00+00:00,2017-05-07 15:45:00,2017-05-07 15:45:00+00:00,4543,True,False,1,False,False,False,NONE,OK
2017-05-09,2017,24,24,24,24,2017-05-08 16:00:00+00:00,2017-05-08 15:45:00,2017-05-08 15:45:00+00:00,4548,True,False,1,False,False,False,NONE,OK
2017-05-10,2017,24,24,24,24,2017-05-09 16:00:00+00:00,2017-05-09 15:45:00,2017-05-09 15:45:00+00:00,4553,True,False,1,False,False,False,NONE,OK
2017-05-11,2017,24,24,24,24,2017-05-10 16:00:00+00:00,2017-05-10 15:45:00,2017-05-10 15:45:00+00:00,4558,True,False,1,False,False,False,NONE,OK
2017-05-12,2017,24,24,24,24,2017-05-11 16:00:00+00:00,2017-05-11 15:45:00,2017-05-11 15:45:00+00:00,4563,True,False,1,False,False,False,NONE,OK
2017-05-13,2017,24,24,24,24,2017-05-12 16:00:00+00:00,2017-05-12 15:45:00,2017-05-12 15:45:00+00:00,4568,True,False,1,False,False,False,NONE,OK
2017-05-14,2017,24,24,24,24,2017-05-13 16:00:00+00:00,2017-05-13 15:45:00,2017-05-13 15:45:00+00:00,4573,True,False,1,False,False,False,NONE,OK
2017-05-15,2017,24,24,24,24,2017-05-14 16:00:00+00:00,2017-05-14 15:45:00,2017-05-14 15:45:00+00:00,4578,True,False,1,False,False,False,NONE,OK
2017-05-16,2017,24,24,24,24,2017-05-15 16:00:00+00:00,2017-05-15 15:45:00,2017-05-15 15:45:00+00:00,4583,True,False,1,False,False,False,NONE,OK
2017-05-17,2017,24,24,24,24,2017-05-16 16:00:00+00:00,2017-05-16 15:45:00,2017-05-16 15:45:00+00:00,4588,True,False,1,False,False,False,NONE,OK
2017-05-18,2017,24,24,24,24,2017-05-17 16:00:00+00:00,2017-05-17 15:45:00,2017-05-17 15:45:00+00:00,4593,True,False,1,False,False,False,NONE,OK
2017-05-19,2017,24,24,24,24,2017-05-18 16:00:00+00:00,2017-05-18 15:45:00,2017-05-18 15:45:00+00:00,4598,True,False,1,False,False,False,NONE,OK
2017-05-20,2017,24,24,24,24,2017-05-19 16:00:00+00:00,2017-05-19 15:45:00,2017-05-19 15:45:00+00:00,4603,True,False,1,False,False,False,NONE,OK
2017-05-21,2017,24,24,24,24,2017-05-20 16:00:00+00:00,2017-05-20 15:45:00,2017-05-20 15:45:00+00:00,4608,True,False,1,False,False,False,NONE,OK
2017-05-22,2017,24,24,24,24,2017-05-21 16:00:00+00:00,2017-05-21 15:45:00,2017-05-21 15:45:00+00:00,4613,True,False,1,False,False,False,NONE,OK
2017-05-23,2017,24,24,24,24,2017-05-22 16:00:00+00:00,2017-05-22 15:45:00,2017-05-22 15:45:00+00:00,4618,True,False,1,False,False,False,NONE,OK
2017-05-24,2017,24,24,24,24,2017-05-23 16:00:00+00:00,2017-05-23 15:45:00,2017-05-23 15:45:00+00:00,4623,True,False,1,False,False,False,NONE,OK
2017-05-25,2017,24,24,24,24,2017-05-24 16:00:00+00:00,2017-05-24 15:45:00,2017-05-24 15:45:00+00:00,4628,True,False,1,False,False,False,NONE,OK
2017-05-26,2017,24,24,24,24,2017-05-25 16:00:00+00:00,2017-05-25 15:45:00,2017-05-25 15:45:00+00:00,4633,True,False,1,False,False,False,NONE,OK
2017-05-27,2017,24,24,24,24,2017-05-26 16:00:00+00:00,2017-05-26 15:45:00,2017-05-26 15:45:00+00:00,4638,True,False,1,False,False,False,NONE,OK
2017-05-28,2017,24,24,24,24,2017-05-27 16:00:00+00:00,2017-05-27 15:45:00,2017-05-27 15:45:00+00:00,4643,True,False,1,False,False,False,NONE,OK
2017-05-29,2017,24,24,24,24,2017-05-28 16:00:00+00:00,2017-05-28 15:45:00,2017-05-28 15:45:00+00:00,4648,True,False,1,False,False,False,NONE,OK
2017-05-30,2017,24,24,24,24,2017-05-29 16:00:00+00:00,2017-05-29 15:45:00,2017-05-29 15:45:00+00:00,4653,True,False,1,False,False,False,NONE,OK
2017-05-31,2017,24,24,24,24,2017-05-30 16:00:00+00:00,2017-05-30 15:45:00,2017-05-30 15:45:00+00:00,4658,True,False,1,False,False,False,NONE,OK
2017-06-01,2017,24,24,24,24,2017-05-31 16:00:00+00:00,2017-05-31 15:45:00,2017-05-31 15:45:00+00:00,4663,True,False,1,False,False,False,NONE,OK
2017-06-02,2017,24,24,24,24,2017-06-01 16:00:00+00:00,2017-06-01 15:45:00,2017-06-01 15:45:00+00:00,4668,True,False,1,False,False,False,NONE,OK
2017-06-03,2017,24,24,24,24,2017-06-02 16:00:00+00:00,2017-06-02 15:45:00,2017-06-02 15:45:00+00:00,4673,True,False,1,False,False,False,NONE,OK
2017-06-04,2017,24,24,24,24,2017-06-03 16:00:00+00:00,2017-06-03 15:45:00,2017-06-03 15:45:00+00:00,4678,True,False,1,False,False,False,NONE,OK
2017-06-05,2017,24,24,24,24,2017-06-04 16:00:00+00:00,2017-06-04 15:45:00,2017-06-04 15:45:00+00:00,4683,True,False,1,False,False,False,NONE,OK
2017-06-06,2017,24,24,24,24,2017-06-05 16:00:00+00:00,2017-06-05 15:45:00,2017-06-05 15:45:00+00:00,4688,True,False,1,False,False,False,NONE,OK
2017-06-07,2017,24,24,24,24,2017-06-06 16:00:00+00:00,2017-06-06 15:45:00,2017-06-06 15:45:00+00:00,4693,True,False,1,False,False,False,NONE,OK
2017-06-08,2017,24,24,24,24,2017-06-07 16:00:00+00:00,2017-06-07 15:45:00,2017-06-07 15:45:00+00:00,4698,True,False,1,False,False,False,NONE,OK
2017-06-09,2017,24,24,24,24,2017-06-08 16:00:00+00:00,2017-06-08 15:45:00,2017-06-08 15:45:00+00:00,4703,True,False,1,False,False,False,NONE,OK
2017-06-10,2017,24,24,24,24,2017-06-09 16:00:00+00:00,2017-06-09 15:45:00,2017-06-09 15:45:00+00:00,4708,True,False,1,False,False,False,NONE,OK
2017-06-11,2017,24,24,24,24,2017-06-10 16:00:00+00:00,2017-06-10 15:45:00,2017-06-10 15:45:00+00:00,4713,True,False,1,False,False,False,NONE,OK
2017-06-12,2017,24,24,24,24,2017-06-11 16:00:00+00:00,2017-06-11 15:45:00,2017-06-11 15:45:00+00:00,4718,True,False,1,False,False,False,NONE,OK
2017-06-13,2017,24,24,24,24,2017-06-12 16:00:00+00:00,2017-06-12 15:45:00,2017-06-12 15:45:00+00:00,4723,True,False,1,False,False,False,NONE,OK
2017-06-14,2017,24,24,24,24,2017-06-13 16:00:00+00:00,2017-06-13 15:45:00,2017-06-13 15:45:00+00:00,4728,True,False,1,False,False,False,NONE,OK
2017-06-15,2017,24,24,24,24,2017-06-14 16:00:00+00:00,2017-06-14 15:45:00,2017-06-14 15:45:00+00:00,4733,True,False,1,False,False,False,NONE,OK
2017-06-16,2017,24,24,24,24,2017-06-15 16:00:00+00:00,2017-06-15 15:45:00,2017-06-15 15:45:00+00:00,4738,True,False,1,False,False,False,NONE,OK
2017-06-17,2017,24,24,24,24,2017-06-16 16:00:00+00:00,2017-06-16 15:45:00,2017-06-16 15:45:00+00:00,4743,True,False,1,False,False,False,NONE,OK
2017-06-18,2017,24,24,24,24,2017-06-17 16:00:00+00:00,2017-06-17 15:45:00,2017-06-17 15:45:00+00:00,4748,True,False,1,False,False,False,NONE,OK
2017-06-19,2017,24,24,24,24,2017-06-18 16:00:00+00:00,2017-06-18 15:45:00,2017-06-18 15:45:00+00:00,4753,True,False,1,False,False,False,NONE,OK
2017-06-20,2017,24,24,24,24,2017-06-19 16:00:00+00:00,2017-06-19 15:45:00,2017-06-19 15:45:00+00:00,4758,True,False,1,False,False,False,NONE,OK
2017-06-21,2017,24,24,24,24,2017-06-20 16:00:00+00:00,2017-06-20 15:45:00,2017-06-20 15:45:00+00:00,4763,True,False,1,False,False,False,NONE,OK
2017-06-22,2017,24,24,24,24,2017-06-21 16:00:00+00:00,2017-06-21 15:45:00,2017-06-21 15:45:00+00:00,4768,True,False,1,False,False,False,NONE,OK
2017-06-23,2017,24,24,24,24,2017-06-22 16:00:00+00:00,2017-06-22 15:45:00,2017-06-22 15:45:00+00:00,4773,True,False,1,False,False,False,NONE,OK
2017-06-24,2017,24,24,24,24,2017-06-23 16:00:00+00:00,2017-06-23 15:45:00,2017-06-23 15:45:00+00:00,4778,True,False,1,False,False,False,NONE,OK
2017-06-25,2017,24,24,24,24,2017-06-24 16:00:00+00:00,2017-06-24 15:45:00,2017-06-24 15:45:00+00:00,4783,True,False,1,False,False,False,NONE,OK
2017-06-26,2017,24,24,24,24,2017-06-25 16:00:00+00:00,2017-06-25 15:45:00,2017-06-25 15:45:00+00:00,4788,True,False,1,False,False,False,NONE,OK
2017-06-27,2017,24,24,24,24,2017-06-26 16:00:00+00:00,2017-06-26 15:45:00,2017-06-26 15:45:00+00:00,4793,True,False,1,False,False,False,NONE,OK
2017-06-28,2017,24,24,24,24,2017-06-27 16:00:00+00:00,2017-06-27 15:45:00,2017-06-27 15:45:00+00:00,4798,True,False,1,False,False,False,NONE,OK
2017-06-29,2017,24,24,24,24,2017-06-28 16:00:00+00:00,2017-06-28 15:45:00,2017-06-28 15:45:00+00:00,4803,True,False,1,False,False,False,NONE,OK
2017-06-30,2017,24,24,24,24,2017-06-29 16:00:00+00:00,2017-06-29 15:45:00,2017-06-29 15:45:00+00:00,4808,True,False,1,False,False,False,NONE,OK
2017-07-01,2017,24,24,24,24,2017-06-30 16:00:00+00:00,2017-06-30 15:45:00,2017-06-30 15:45:00+00:00,4813,True,False,1,False,False,False,NONE,OK
2017-07-02,2017,24,24,24,24,2017-07-01 16:00:00+00:00,2017-07-01 15:45:00,2017-07-01 15:45:00+00:00,4818,True,False,1,False,False,False,NONE,OK
2017-07-03,2017,24,24,24,24,2017-07-02 16:00:00+00:00,2017-07-02 15:45:00,2017-07-02 15:45:00+00:00,4823,True,False,1,False,False,False,NONE,OK
2017-07-04,2017,24,24,24,24,2017-07-03 16:00:00+00:00,2017-07-03 15:45:00,2017-07-03 15:45:00+00:00,4828,True,False,1,False,False,False,NONE,OK
2017-07-05,2017,24,24,24,24,2017-07-04 16:00:00+00:00,2017-07-04 15:45:00,2017-07-04 15:45:00+00:00,4833,True,False,1,False,False,False,NONE,OK
2017-07-06,2017,24,24,24,24,2017-07-05 16:00:00+00:00,2017-07-05 15:45:00,2017-07-05 15:45:00+00:00,4838,True,False,1,False,False,False,NONE,OK
2017-07-07,2017,24,24,24,24,2017-07-06 16:00:00+00:00,2017-07-06 15:45:00,2017-07-06 15:45:00+00:00,4843,True,False,1,False,False,False,NONE,OK
2017-07-08,2017,24,24,24,24,2017-07-07 16:00:00+00:00,2017-07-07 15:45:00,2017-07-07 15:45:00+00:00,4848,True,False,1,False,False,False,NONE,OK
2017-07-09,2017,24,24,24,24,2017-07-08 16:00:00+00:00,2017-07-08 15:45:00,2017-07-08 15:45:00+00:00,4853,True,False,1,False,False,False,NONE,OK
2017-07-10,2017,24,24,24,24,2017-07-09 16:00:00+00:00,2017-07-09 15:45:00,2017-07-09 15:45:00+00:00,4858,True,False,1,False,False,False,NONE,OK
2017-07-11,2017,24,24,24,24,2017-07-10 16:00:00+00:00,2017-07-10 15:45:00,2017-07-10 15:45:00+00:00,4863,True,False,1,False,False,False,NONE,OK
2017-07-12,2017,24,24,24,24,2017-07-11 16:00:00+00:00,2017-07-11 15:45:00,2017-07-11 15:45:00+00:00,4868,True,False,1,False,False,False,NONE,OK
2017-07-13,2017,24,24,24,24,2017-07-12 16:00:00+00:00,2017-07-12 15:45:00,2017-07-12 15:45:00+00:00,4873,True,False,1,False,False,False,NONE,OK
2017-07-14,2017,24,24,24,24,2017-07-13 16:00:00+00:00,2017-07-13 15:45:00,2017-07-13 15:45:00+00:00,4878,True,False,1,False,False,False,NONE,OK
2017-07-15,2017,24,24,24,24,2017-07-14 16:00:00+00:00,2017-07-14 15:45:00,2017-07-14 15:45:00+00:00,4883,True,False,1,False,False,False,NONE,OK
2017-07-16,2017,24,24,24,24,2017-07-15 16:00:00+00:00,2017-07-15 15:45:00,2017-07-15 15:45:00+00:00,4888,True,False,1,False,False,False,NONE,OK
2017-07-17,2017,24,24,24,24,2017-07-16 16:00:00+00:00,2017-07-16 15:45:00,2017-07-16 15:45:00+00:00,4893,True,False,1,False,False,False,NONE,OK
2017-07-18,2017,24,24,24,24,2017-07-17 16:00:00+00:00,2017-07-17 15:45:00,2017-07-17 15:45:00+00:00,4898,True,False,1,False,False,False,NONE,OK
2017-07-19,2017,24,24,24,24,2017-07-18 16:00:00+00:00,2017-07-18 15:45:00,2017-07-18 15:45:00+00:00,4903,True,False,1,False,False,False,NONE,OK
2017-07-20,2017,24,24,24,24,2017-07-19 16:00:00+00:00,2017-07-19 15:45:00,2017-07-19 15:45:00+00:00,4908,True,False,1,False,False,False,NONE,OK
2017-07-21,2017,24,24,24,24,2017-07-20 16:00:00+00:00,2017-07-20 15:45:00,2017-07-20 15:45:00+00:00,4913,True,False,1,False,False,False,NONE,OK
2017-07-22,2017,24,24,24,24,2017-07-21 16:00:00+00:00,2017-07-21 15:45:00,2017-07-21 15:45:00+00:00,4918,True,False,1,False,False,False,NONE,OK
2017-07-23,2017,24,24,24,24,2017-07-22 16:00:00+00:00,2017-07-22 15:45:00,2017-07-22 15:45:00+00:00,4923,True,False,1,False,False,False,NONE,OK
2017-07-24,2017,24,24,24,24,2017-07-23 16:00:00+00:00,2017-07-23 15:45:00,2017-07-23 15:45:00+00:00,4928,True,False,1,False,False,False,NONE,OK
2017-07-25,2017,24,24,24,24,2017-07-24 16:00:00+00:00,2017-07-24 15:45:00,2017-07-24 15:45:00+00:00,4933,True,False,1,False,False,False,NONE,OK
2017-07-26,2017,24,24,24,24,2017-07-25 16:00:00+00:00,2017-07-25 15:45:00,2017-07-25 15:45:00+00:00,4938,True,False,1,False,False,False,NONE,OK
2017-07-27,2017,24,24,24,24,2017-07-26 16:00:00+00:00,2017-07-26 15:45:00,2017-07-26 15:45:00+00:00,4943,True,False,1,False,False,False,NONE,OK
2017-07-28,2017,24,24,24,24,2017-07-27 16:00:00+00:00,2017-07-27 15:45:00,2017-07-27 15:45:00+00:00,4948,True,False,1,False,False,False,NONE,OK
2017-07-29,2017,24,24,24,24,2017-07-28 16:00:00+00:00,2017-07-28 15:45:00,2017-07-28 15:45:00+00:00,4953,True,False,1,False,False,False,NONE,OK
2017-07-30,2017,24,24,24,24,2017-07-29 16:00:00+00:00,2017-07-29 15:45:00,2017-07-29 15:45:00+00:00,4958,True,False,1,False,False,False,NONE,OK
2017-07-31,2017,24,24,24,24,2017-07-30 16:00:00+00:00,2017-07-30 15:45:00,2017-07-30 15:45:00+00:00,4963,True,False,1,False,False,False,NONE,OK
2017-08-01,2017,24,24,24,24,2017-07-31 16:00:00+00:00,2017-07-31 15:45:00,2017-07-31 15:45:00+00:00,4968,True,False,1,False,False,False,NONE,OK
2017-08-02,2017,24,24,24,24,2017-08-01 16:00:00+00:00,2017-08-01 15:45:00,2017-08-01 15:45:00+00:00,4973,True,False,1,False,False,False,NONE,OK
2017-08-03,2017,24,24,24,24,2017-08-02 16:00:00+00:00,2017-08-02 15:45:00,2017-08-02 15:45:00+00:00,4978,True,False,1,False,False,False,NONE,OK
2017-08-04,2017,24,24,24,24,2017-08-03 16:00:00+00:00,2017-08-03 15:45:00,2017-08-03 15:45:00+00:00,4983,True,False,1,False,False,False,NONE,OK
2017-08-05,2017,24,24,24,24,2017-08-04 16:00:00+00:00,2017-08-04 15:45:00,2017-08-04 15:45:00+00:00,4988,True,False,1,False,False,False,NONE,OK
2017-08-06,2017,24,24,24,24,2017-08-05 16:00:00+00:00,2017-08-05 15:45:00,2017-08-05 15:45:00+00:00,4993,True,False,1,False,False,False,NONE,OK
2017-08-07,2017,24,24,24,24,2017-08-06 16:00:00+00:00,2017-08-06 15:45:00,2017-08-06 15:45:00+00:00,4998,True,False,1,False,False,False,NONE,OK
2017-08-08,2017,24,24,24,24,2017-08-07 16:00:00+00:00,2017-08-07 15:45:00,2017-08-07 15:45:00+00:00,5003,True,False,1,False,False,False,NONE,OK
2017-08-09,2017,24,24,24,24,2017-08-08 16:00:00+00:00,2017-08-08 15:45:00,2017-08-08 15:45:00+00:00,5008,True,False,1,False,False,False,NONE,OK
2017-08-10,2017,24,24,24,24,2017-08-09 16:00:00+00:00,2017-08-09 15:45:00,2017-08-09 15:45:00+00:00,5013,True,False,1,False,False,False,NONE,OK
2017-08-11,2017,24,24,24,24,2017-08-10 16:00:00+00:00,2017-08-10 15:45:00,2017-08-10 15:45:00+00:00,5018,True,False,1,False,False,False,NONE,OK
2017-08-12,2017,24,24,24,24,2017-08-11 16:00:00+00:00,2017-08-11 15:45:00,2017-08-11 15:45:00+00:00,5023,True,False,1,False,False,False,NONE,OK
2017-08-13,2017,24,24,24,24,2017-08-12 16:00:00+00:00,2017-08-12 15:45:00,2017-08-12 15:45:00+00:00,5028,True,False,1,False,False,False,NONE,OK
2017-08-14,2017,24,24,24,24,2017-08-13 16:00:00+00:00,2017-08-13 15:45:00,2017-08-13 15:45:00+00:00,5033,True,False,1,False,False,False,NONE,OK
2017-08-15,2017,24,24,24,24,2017-08-14 16:00:00+00:00,2017-08-14 15:45:00,2017-08-14 15:45:00+00:00,5038,True,False,1,False,False,False,NONE,OK
2017-08-16,2017,24,24,24,24,2017-08-15 16:00:00+00:00,2017-08-15 15:45:00,2017-08-15 15:45:00+00:00,5043,True,False,1,False,False,False,NONE,OK
2017-08-17,2017,24,24,24,24,2017-08-16 16:00:00+00:00,2017-08-16 15:45:00,2017-08-16 15:45:00+00:00,5048,True,False,1,False,False,False,NONE,OK
2017-08-18,2017,24,24,24,24,2017-08-17 16:00:00+00:00,2017-08-17 15:45:00,2017-08-17 15:45:00+00:00,5053,True,False,1,False,False,False,NONE,OK
2017-08-19,2017,24,24,24,24,2017-08-18 16:00:00+00:00,2017-08-18 15:45:00,2017-08-18 15:45:00+00:00,5058,True,False,1,False,False,False,NONE,OK
2017-08-20,2017,24,24,24,24,2017-08-19 16:00:00+00:00,2017-08-19 15:45:00,2017-08-19 15:45:00+00:00,5063,True,False,1,False,False,False,NONE,OK
2017-08-21,2017,24,24,24,24,2017-08-20 16:00:00+00:00,2017-08-20 15:45:00,2017-08-20 15:45:00+00:00,5068,True,False,1,False,False,False,NONE,OK
2017-08-22,2017,24,24,24,24,2017-08-21 16:00:00+00:00,2017-08-21 15:45:00,2017-08-21 15:45:00+00:00,5073,True,False,1,False,False,False,NONE,OK
2017-08-23,2017,24,24,24,24,2017-08-22 16:00:00+00:00,2017-08-22 15:45:00,2017-08-22 15:45:00+00:00,5078,True,False,1,False,False,False,NONE,OK
2017-08-24,2017,24,24,24,24,2017-08-23 16:00:00+00:00,2017-08-23 15:45:00,2017-08-23 15:45:00+00:00,5083,True,False,1,False,False,False,NONE,OK
2017-08-25,2017,24,24,24,24,2017-08-24 16:00:00+00:00,2017-08-24 15:45:00,2017-08-24 15:45:00+00:00,5088,True,False,1,False,False,False,NONE,OK
2017-08-26,2017,24,24,24,24,2017-08-25 16:00:00+00:00,2017-08-25 15:45:00,2017-08-25 15:45:00+00:00,5093,True,False,1,False,False,False,NONE,OK
2017-08-27,2017,24,24,24,24,2017-08-26 16:00:00+00:00,2017-08-26 15:45:00,2017-08-26 15:45:00+00:00,5098,True,False,1,False,False,False,NONE,OK
2017-08-28,2017,24,24,24,24,2017-08-27 16:00:00+00:00,2017-08-27 15:45:00,2017-08-27 15:45:00+00:00,5103,True,False,1,False,False,False,NONE,OK
2017-08-29,2017,24,24,24,24,2017-08-28 16:00:00+00:00,2017-08-28 15:45:00,2017-08-28 15:45:00+00:00,5108,True,False,1,False,False,False,NONE,OK
2017-08-30,2017,24,24,24,24,2017-08-29 16:00:00+00:00,2017-08-29 15:45:00,2017-08-29 15:45:00+00:00,5113,True,False,1,False,False,False,NONE,OK
2017-08-31,2017,24,24,24,24,2017-08-30 16:00:00+00:00,2017-08-30 15:45:00,2017-08-30 15:45:00+00:00,5118,True,False,1,False,False,False,NONE,OK
2017-09-01,2017,24,24,24,24,2017-08-31 16:00:00+00:00,2017-08-31 15:45:00,2017-08-31 15:45:00+00:00,5123,True,False,1,False,False,False,NONE,OK
2017-09-02,2017,24,24,24,24,2017-09-01 16:00:00+00:00,2017-09-01 15:45:00,2017-09-01 15:45:00+00:00,5128,True,False,1,False,False,False,NONE,OK
2017-09-03,2017,24,24,24,24,2017-09-02 16:00:00+00:00,2017-09-02 15:45:00,2017-09-02 15:45:00+00:00,5133,True,False,1,False,False,False,NONE,OK
2017-09-04,2017,24,24,24,24,2017-09-03 16:00:00+00:00,2017-09-03 15:45:00,2017-09-03 15:45:00+00:00,5138,True,False,1,False,False,False,NONE,OK
2017-09-05,2017,24,24,24,24,2017-09-04 16:00:00+00:00,2017-09-04 15:45:00,2017-09-04 15:45:00+00:00,5143,True,False,1,False,False,False,NONE,OK
2017-09-06,2017,24,24,24,24,2017-09-05 16:00:00+00:00,2017-09-05 15:45:00,2017-09-05 15:45:00+00:00,5148,True,False,1,False,False,False,NONE,OK
2017-09-07,2017,24,24,24,24,2017-09-06 16:00:00+00:00,2017-09-06 15:45:00,2017-09-06 15:45:00+00:00,5153,True,False,1,False,False,False,NONE,OK
2017-09-08,2017,24,24,24,24,2017-09-07 16:00:00+00:00,2017-09-07 15:45:00,2017-09-07 15:45:00+00:00,5158,True,False,1,False,False,False,NONE,OK
2017-09-09,2017,24,24,24,24,2017-09-08 16:00:00+00:00,2017-09-08 15:45:00,2017-09-08 15:45:00+00:00,5163,True,False,1,False,False,False,NONE,OK
2017-09-10,2017,24,24,24,24,2017-09-09 16:00:00+00:00,2017-09-09 15:45:00,2017-09-09 15:45:00+00:00,5168,True,False,1,False,False,False,NONE,OK
2017-09-11,2017,24,24,24,24,2017-09-10 16:00:00+00:00,2017-09-10 15:45:00,2017-09-10 15:45:00+00:00,5173,True,False,1,False,False,False,NONE,OK
2017-09-12,2017,24,24,24,24,2017-09-11 16:00:00+00:00,2017-09-11 15:45:00,2017-09-11 15:45:00+00:00,5178,True,False,1,False,False,False,NONE,OK
2017-09-13,2017,24,24,24,24,2017-09-12 16:00:00+00:00,2017-09-12 15:45:00,2017-09-12 15:45:00+00:00,5183,True,False,1,False,False,False,NONE,OK
2017-09-14,2017,24,24,24,24,2017-09-13 16:00:00+00:00,2017-09-13 15:45:00,2017-09-13 15:45:00+00:00,5188,True,False,1,False,False,False,NONE,OK
2017-09-15,2017,24,24,24,24,2017-09-14 16:00:00+00:00,2017-09-14 15:45:00,2017-09-14 15:45:00+00:00,5193,True,False,1,False,False,False,NONE,OK
2017-09-16,2017,24,24,24,24,2017-09-15 16:00:00+00:00,2017-09-15 15:45:00,2017-09-15 15:45:00+00:00,5198,True,False,1,False,False,False,NONE,OK
2017-09-17,2017,24,24,24,24,2017-09-16 16:00:00+00:00,2017-09-16 15:45:00,2017-09-16 15:45:00+00:00,5203,True,False,1,False,False,False,NONE,OK
2017-09-18,2017,24,24,24,24,2017-09-17 16:00:00+00:00,2017-09-17 15:45:00,2017-09-17 15:45:00+00:00,5208,True,False,1,False,False,False,NONE,OK
2017-09-19,2017,24,24,24,24,2017-09-18 16:00:00+00:00,2017-09-18 15:45:00,2017-09-18 15:45:00+00:00,5213,True,False,1,False,False,False,NONE,OK
2017-09-20,2017,24,24,24,24,2017-09-19 16:00:00+00:00,2017-09-19 15:45:00,2017-09-19 15:45:00+00:00,5218,True,False,1,False,False,False,NONE,OK
2017-09-21,2017,24,24,24,24,2017-09-20 16:00:00+00:00,2017-09-20 15:45:00,2017-09-20 15:45:00+00:00,5223,True,False,1,False,False,False,NONE,OK
2017-09-22,2017,24,24,24,24,2017-09-21 16:00:00+00:00,2017-09-21 15:45:00,2017-09-21 15:45:00+00:00,5228,True,False,1,False,False,False,NONE,OK
2017-09-23,2017,24,24,24,24,2017-09-22 16:00:00+00:00,2017-09-22 15:45:00,2017-09-22 15:45:00+00:00,5233,True,False,1,False,False,False,NONE,OK
2017-09-24,2017,24,24,24,24,2017-09-23 16:00:00+00:00,2017-09-23 15:45:00,2017-09-23 15:45:00+00:00,5238,True,False,1,False,False,False,NONE,OK
2017-09-25,2017,24,24,24,24,2017-09-24 16:00:00+00:00,2017-09-24 15:45:00,2017-09-24 15:45:00+00:00,5243,True,False,1,False,False,False,NONE,OK
2017-09-26,2017,24,24,24,24,2017-09-25 16:00:00+00:00,2017-09-25 15:45:00,2017-09-25 15:45:00+00:00,5248,True,False,1,False,False,False,NONE,OK
2017-09-27,2017,24,24,24,24,2017-09-26 16:00:00+00:00,2017-09-26 15:45:00,2017-09-26 15:45:00+00:00,5253,True,False,1,False,False,False,NONE,OK
2017-09-28,2017,24,24,24,24,2017-09-27 16:00:00+00:00,2017-09-27 15:45:00,2017-09-27 15:45:00+00:00,5258,True,False,1,False,False,False,NONE,OK
2017-09-29,2017,24,24,24,24,2017-09-28 16:00:00+00:00,2017-09-28 15:45:00,2017-09-28 15:45:00+00:00,5263,True,False,1,False,False,False,NONE,OK
2017-09-30,2017,24,24,24,24,2017-09-29 16:00:00+00:00,2017-09-29 15:45:00,2017-09-29 15:45:00+00:00,5268,True,False,1,False,False,False,NONE,OK
2017-10-01,2017,24,24,24,24,2017-09-30 16:00:00+00:00,2017-09-30 15:45:00,2017-09-30 15:45:00+00:00,5273,True,False,1,False,False,False,NONE,OK
2017-10-02,2017,24,24,24,24,2017-10-01 16:00:00+00:00,2017-10-01 15:45:00,2017-10-01 15:45:00+00:00,5278,True,False,1,False,False,False,NONE,OK
2017-10-03,2017,24,24,24,24,2017-10-02 16:00:00+00:00,2017-10-02 15:45:00,2017-10-02 15:45:00+00:00,5283,True,False,1,False,False,False,NONE,OK
2017-10-04,2017,24,24,24,24,2017-10-03 16:00:00+00:00,2017-10-03 15:45:00,2017-10-03 15:45:00+00:00,5288,True,False,1,False,False,False,NONE,OK
2017-10-05,2017,24,24,24,24,2017-10-04 16:00:00+00:00,2017-10-04 15:45:00,2017-10-04 15:45:00+00:00,5293,True,False,1,False,False,False,NONE,OK
2017-10-06,2017,24,24,24,24,2017-10-05 16:00:00+00:00,2017-10-05 15:45:00,2017-10-05 15:45:00+00:00,5298,True,False,1,False,False,False,NONE,OK
2017-10-07,2017,24,24,24,24,2017-10-06 16:00:00+00:00,2017-10-06 15:45:00,2017-10-06 15:45:00+00:00,5303,True,False,1,False,False,False,NONE,OK
2017-10-08,2017,24,24,24,24,2017-10-07 16:00:00+00:00,2017-10-07 15:45:00,2017-10-07 15:45:00+00:00,5308,True,False,1,False,False,False,NONE,OK
2017-10-09,2017,24,24,24,24,2017-10-08 16:00:00+00:00,2017-10-08 15:45:00,2017-10-08 15:45:00+00:00,5313,True,False,1,False,False,False,NONE,OK
2017-10-10,2017,24,24,24,24,2017-10-09 16:00:00+00:00,2017-10-09 15:45:00,2017-10-09 15:45:00+00:00,5318,True,False,1,False,False,False,NONE,OK
2017-10-11,2017,24,24,24,24,2017-10-10 16:00:00+00:00,2017-10-10 15:45:00,2017-10-10 15:45:00+00:00,5323,True,False,1,False,False,False,NONE,OK
2017-10-12,2017,24,24,24,24,2017-10-11 16:00:00+00:00,2017-10-11 15:45:00,2017-10-11 15:45:00+00:00,5328,True,False,1,False,False,False,NONE,OK
2017-10-13,2017,24,24,24,24,2017-10-12 16:00:00+00:00,2017-10-12 15:45:00,2017-10-12 15:45:00+00:00,5333,True,False,1,False,False,False,NONE,OK
2017-10-14,2017,24,24,24,24,2017-10-13 16:00:00+00:00,2017-10-13 15:45:00,2017-10-13 15:45:00+00:00,5338,True,False,1,False,False,False,NONE,OK
2017-10-15,2017,24,24,24,24,2017-10-14 16:00:00+00:00,2017-10-14 15:45:00,2017-10-14 15:45:00+00:00,5343,True,False,1,False,False,False,NONE,OK
2017-10-16,2017,24,24,24,24,2017-10-15 16:00:00+00:00,2017-10-15 15:45:00,2017-10-15 15:45:00+00:00,5348,True,False,1,False,False,False,NONE,OK
2017-10-17,2017,24,24,24,24,2017-10-16 16:00:00+00:00,2017-10-16 15:45:00,2017-10-16 15:45:00+00:00,5353,True,False,1,False,False,False,NONE,OK
2017-10-18,2017,24,24,24,24,2017-10-17 16:00:00+00:00,2017-10-17 15:45:00,2017-10-17 15:45:00+00:00,5358,True,False,1,False,False,False,NONE,OK
2017-10-19,2017,24,24,24,24,2017-10-18 16:00:00+00:00,2017-10-18 15:45:00,2017-10-18 15:45:00+00:00,5363,True,False,1,False,False,False,NONE,OK
2017-10-20,2017,24,24,24,24,2017-10-19 16:00:00+00:00,2017-10-19 15:45:00,2017-10-19 15:45:00+00:00,5368,True,False,1,False,False,False,NONE,OK
2017-10-21,2017,24,24,24,24,2017-10-20 16:00:00+00:00,2017-10-20 15:45:00,2017-10-20 15:45:00+00:00,5373,True,False,1,False,False,False,NONE,OK
2017-10-22,2017,24,24,24,24,2017-10-21 16:00:00+00:00,2017-10-21 15:45:00,2017-10-21 15:45:00+00:00,5378,True,False,1,False,False,False,NONE,OK
2017-10-23,2017,24,24,24,24,2017-10-22 16:00:00+00:00,2017-10-22 15:45:00,2017-10-22 15:45:00+00:00,5383,True,False,1,False,False,False,NONE,OK
2017-10-24,2017,24,24,24,24,2017-10-23 16:00:00+00:00,2017-10-23 15:45:00,2017-10-23 15:45:00+00:00,5388,True,False,1,False,False,False,NONE,OK
2017-10-25,2017,24,24,24,24,2017-10-24 16:00:00+00:00,2017-10-24 15:45:00,2017-10-24 15:45:00+00:00,5393,True,False,1,False,False,False,NONE,OK
2017-10-26,2017,24,24,24,24,2017-10-25 16:00:00+00:00,2017-10-25 15:45:00,2017-10-25 15:45:00+00:00,5398,True,False,1,False,False,False,NONE,OK
2017-10-27,2017,24,24,24,24,2017-10-26 16:00:00+00:00,2017-10-26 15:45:00,2017-10-26 15:45:00+00:00,5403,True,False,1,False,False,False,NONE,OK
2017-10-28,2017,24,24,24,24,2017-10-27 16:00:00+00:00,2017-10-27 15:45:00,2017-10-27 15:45:00+00:00,5408,True,False,1,False,False,False,NONE,OK
2017-10-29,2017,24,24,24,24,2017-10-28 16:00:00+00:00,2017-10-28 15:45:00,2017-10-28 15:45:00+00:00,5413,True,False,1,False,False,False,NONE,OK
2017-10-30,2017,24,24,24,24,2017-10-29 16:00:00+00:00,2017-10-29 15:45:00,2017-10-29 15:45:00+00:00,5418,True,False,1,False,False,False,NONE,OK
2017-10-31,2017,24,24,24,24,2017-10-30 16:00:00+00:00,2017-10-30 15:45:00,2017-10-30 15:45:00+00:00,5423,True,False,1,False,False,False,NONE,OK
2017-11-01,2017,24,24,24,24,2017-10-31 16:00:00+00:00,2017-10-31 15:45:00,2017-10-31 15:45:00+00:00,5428,True,False,1,False,False,False,NONE,OK
2017-11-02,2017,24,24,24,24,2017-11-01 16:00:00+00:00,2017-11-01 15:45:00,2017-11-01 15:45:00+00:00,5433,True,False,1,False,False,False,NONE,OK
2017-11-03,2017,24,24,24,24,2017-11-02 16:00:00+00:00,2017-11-02 15:45:00,2017-11-02 15:45:00+00:00,5438,True,False,1,False,False,False,NONE,OK
2017-11-04,2017,24,24,24,24,2017-11-03 16:00:00+00:00,2017-11-03 15:45:00,2017-11-03 15:45:00+00:00,5443,True,False,1,False,False,False,NONE,OK
2017-11-05,2017,25,25,25,25,2017-11-04 16:00:00+00:00,2017-11-04 15:45:00,2017-11-04 15:45:00+00:00,5448,True,False,1,False,False,False,NONE,OK
2017-11-06,2017,24,24,24,24,2017-11-05 17:00:00+00:00,2017-11-05 16:45:00,2017-11-05 16:45:00+00:00,5453,True,False,1,False,False,False,NONE,OK
2017-11-07,2017,24,24,24,24,2017-11-06 17:00:00+00:00,2017-11-06 16:45:00,2017-11-06 16:45:00+00:00,5458,True,False,1,False,False,False,NONE,OK
2017-11-08,2017,24,24,24,24,2017-11-07 17:00:00+00:00,2017-11-07 16:45:00,2017-11-07 16:45:00+00:00,5463,True,False,1,False,False,False,NONE,OK
2017-11-09,2017,24,24,24,24,2017-11-08 17:00:00+00:00,2017-11-08 16:45:00,2017-11-08 16:45:00+00:00,5468,True,False,1,False,False,False,NONE,OK
2017-11-10,2017,24,24,24,24,2017-11-09 17:00:00+00:00,2017-11-09 16:45:00,2017-11-09 16:45:00+00:00,5473,True,False,1,False,False,False,NONE,OK
2017-11-11,2017,24,24,24,24,2017-11-10 17:00:00+00:00,2017-11-10 16:45:00,2017-11-10 16:45:00+00:00,5478,True,False,1,False,False,False,NONE,OK
2017-11-12,2017,24,24,24,24,2017-11-11 17:00:00+00:00,2017-11-11 16:45:00,2017-11-11 16:45:00+00:00,5483,True,False,1,False,False,False,NONE,OK
2017-11-13,2017,24,24,24,24,2017-11-12 17:00:00+00:00,2017-11-12 16:45:00,2017-11-12 16:45:00+00:00,5488,True,False,1,False,False,False,NONE,OK
2017-11-14,2017,24,24,24,24,2017-11-13 17:00:00+00:00,2017-11-13 16:45:00,2017-11-13 16:45:00+00:00,5493,True,False,1,False,False,False,NONE,OK
2017-11-15,2017,24,24,24,24,2017-11-14 17:00:00+00:00,2017-11-14 16:45:00,2017-11-14 16:45:00+00:00,5498,True,False,1,False,False,False,NONE,OK
2017-11-16,2017,24,24,24,24,2017-11-15 17:00:00+00:00,2017-11-15 16:45:00,2017-11-15 16:45:00+00:00,5503,True,False,1,False,False,False,NONE,OK
2017-11-17,2017,24,24,24,24,2017-11-16 17:00:00+00:00,2017-11-16 16:45:00,2017-11-16 16:45:00+00:00,5508,True,False,1,False,False,False,NONE,OK
2017-11-18,2017,24,24,24,24,2017-11-17 17:00:00+00:00,2017-11-17 16:45:00,2017-11-17 16:45:00+00:00,5513,True,False,1,False,False,False,NONE,OK
2017-11-19,2017,24,24,24,24,2017-11-18 17:00:00+00:00,2017-11-18 16:45:00,2017-11-18 16:45:00+00:00,5518,True,False,1,False,False,False,NONE,OK
2017-11-20,2017,24,24,24,24,2017-11-19 17:00:00+00:00,2017-11-19 16:45:00,2017-11-19 16:45:00+00:00,5523,True,False,1,False,False,False,NONE,OK
2017-11-21,2017,24,24,24,24,2017-11-20 17:00:00+00:00,2017-11-20 16:45:00,2017-11-20 16:45:00+00:00,5528,True,False,1,False,False,False,NONE,OK
2017-11-22,2017,24,24,24,24,2017-11-21 17:00:00+00:00,2017-11-21 16:45:00,2017-11-21 16:45:00+00:00,5533,True,False,1,False,False,False,NONE,OK
2017-11-23,2017,24,24,24,24,2017-11-22 17:00:00+00:00,2017-11-22 16:45:00,2017-11-22 16:45:00+00:00,5538,True,False,1,False,False,False,NONE,OK
2017-11-24,2017,24,24,24,24,2017-11-23 17:00:00+00:00,2017-11-23 16:45:00,2017-11-23 16:45:00+00:00,5543,True,False,1,False,False,False,NONE,OK
2017-11-25,2017,24,24,24,24,2017-11-24 17:00:00+00:00,2017-11-24 16:45:00,2017-11-24 16:45:00+00:00,5548,True,False,1,False,False,False,NONE,OK
2017-11-26,2017,24,24,24,24,2017-11-25 17:00:00+00:00,2017-11-25 16:45:00,2017-11-25 16:45:00+00:00,5553,True,False,1,False,False,False,NONE,OK
2017-11-27,2017,24,24,24,24,2017-11-26 17:00:00+00:00,2017-11-26 16:45:00,2017-11-26 16:45:00+00:00,5558,True,False,1,False,False,False,NONE,OK
2017-11-28,2017,24,24,24,24,2017-11-27 17:00:00+00:00,2017-11-27 16:45:00,2017-11-27 16:45:00+00:00,5563,True,False,1,False,False,False,NONE,OK
2017-11-29,2017,24,24,24,24,2017-11-28 17:00:00+00:00,2017-11-28 16:45:00,2017-11-28 16:45:00+00:00,5568,True,False,1,False,False,False,NONE,OK
2017-11-30,2017,24,24,24,24,2017-11-29 17:00:00+00:00,2017-11-29 16:45:00,2017-11-29 16:45:00+00:00,5573,True,False,1,False,False,False,NONE,OK
2017-12-01,2017,24,24,24,24,2017-11-30 17:00:00+00:00,2017-11-30 16:45:00,2017-11-30 16:45:00+00:00,5578,True,False,1,False,False,False,NONE,OK
2017-12-02,2017,24,24,24,24,2017-12-01 17:00:00+00:00,2017-12-01 16:45:00,2017-12-01 16:45:00+00:00,5583,True,False,1,False,False,False,NONE,OK
2017-12-03,2017,24,24,24,24,2017-12-02 17:00:00+00:00,2017-12-02 16:45:00,2017-12-02 16:45:00+00:00,5588,True,False,1,False,False,False,NONE,OK
2017-12-04,2017,24,24,24,24,2017-12-03 17:00:00+00:00,2017-12-03 16:45:00,2017-12-03 16:45:00+00:00,5593,True,False,1,False,False,False,NONE,OK
2017-12-05,2017,24,24,24,24,2017-12-04 17:00:00+00:00,2017-12-04 16:45:00,2017-12-04 16:45:00+00:00,5598,True,False,1,False,False,False,NONE,OK
2017-12-06,2017,24,24,24,24,2017-12-05 17:00:00+00:00,2017-12-05 16:45:00,2017-12-05 16:45:00+00:00,5603,True,False,1,False,False,False,NONE,OK
2017-12-07,2017,24,24,24,24,2017-12-06 17:00:00+00:00,2017-12-06 16:45:00,2017-12-06 16:45:00+00:00,5608,True,False,1,False,False,False,NONE,OK
2017-12-08,2017,24,24,24,24,2017-12-07 17:00:00+00:00,2017-12-07 16:45:00,2017-12-07 16:45:00+00:00,5613,True,False,1,False,False,False,NONE,OK
2017-12-09,2017,24,24,24,24,2017-12-08 17:00:00+00:00,2017-12-08 16:45:00,2017-12-08 16:45:00+00:00,5618,True,False,1,False,False,False,NONE,OK
2017-12-10,2017,24,24,24,24,2017-12-09 17:00:00+00:00,2017-12-09 16:45:00,2017-12-09 16:45:00+00:00,5623,True,False,1,False,False,False,NONE,OK
2017-12-11,2017,24,24,24,24,2017-12-10 17:00:00+00:00,2017-12-10 16:45:00,2017-12-10 16:45:00+00:00,5628,True,False,1,False,False,False,NONE,OK
2017-12-12,2017,24,24,24,24,2017-12-11 17:00:00+00:00,2017-12-11 16:45:00,2017-12-11 16:45:00+00:00,5633,True,False,1,False,False,False,NONE,OK
2017-12-13,2017,24,24,24,24,2017-12-12 17:00:00+00:00,2017-12-12 16:45:00,2017-12-12 16:45:00+00:00,5638,True,False,1,False,False,False,NONE,OK
2017-12-14,2017,24,24,24,24,2017-12-13 17:00:00+00:00,2017-12-13 16:45:00,2017-12-13 16:45:00+00:00,5643,True,False,1,False,False,False,NONE,OK
2017-12-15,2017,24,24,24,24,2017-12-14 17:00:00+00:00,2017-12-14 16:45:00,2017-12-14 16:45:00+00:00,5648,True,False,1,False,False,False,NONE,OK
2017-12-16,2017,24,24,24,24,2017-12-15 17:00:00+00:00,2017-12-15 16:45:00,2017-12-15 16:45:00+00:00,5653,True,False,1,False,False,False,NONE,OK
2017-12-17,2017,24,24,24,24,2017-12-16 17:00:00+00:00,2017-12-16 16:45:00,2017-12-16 16:45:00+00:00,5658,True,False,1,False,False,False,NONE,OK
2017-12-18,2017,24,24,24,24,2017-12-17 17:00:00+00:00,2017-12-17 16:45:00,2017-12-17 16:45:00+00:00,5663,True,False,1,False,False,False,NONE,OK
2017-12-19,2017,24,24,24,24,2017-12-18 17:00:00+00:00,2017-12-18 16:45:00,2017-12-18 16:45:00+00:00,5668,True,False,1,False,False,False,NONE,OK
2017-12-20,2017,24,24,24,24,2017-12-19 17:00:00+00:00,2017-12-19 16:45:00,2017-12-19 16:45:00+00:00,5673,True,False,1,False,False,False,NONE,OK
2017-12-21,2017,24,24,24,24,2017-12-20 17:00:00+00:00,2017-12-20 16:45:00,2017-12-20 16:45:00+00:00,5678,True,False,1,False,False,False,NONE,OK
2017-12-22,2017,24,24,24,24,2017-12-21 17:00:00+00:00,2017-12-21 16:45:00,2017-12-21 16:45:00+00:00,5683,True,False,1,False,False,False,NONE,OK
2017-12-23,2017,24,24,24,24,2017-12-22 17:00:00+00:00,2017-12-22 16:45:00,2017-12-22 16:45:00+00:00,5688,True,False,1,False,False,False,NONE,OK
2017-12-24,2017,24,24,24,24,2017-12-23 17:00:00+00:00,2017-12-23 16:45:00,2017-12-23 16:45:00+00:00,5693,True,False,1,False,False,False,NONE,OK
2017-12-25,2017,24,24,24,24,2017-12-24 17:00:00+00:00,2017-12-24 16:45:00,2017-12-24 16:45:00+00:00,5698,True,False,1,False,False,False,NONE,OK
2017-12-26,2017,24,24,24,24,2017-12-25 17:00:00+00:00,2017-12-25 16:45:00,2017-12-25 16:45:00+00:00,5703,True,False,1,False,False,False,NONE,OK
2017-12-27,2017,24,24,24,24,2017-12-26 17:00:00+00:00,2017-12-26 16:45:00,2017-12-26 16:45:00+00:00,5708,True,False,1,False,False,False,NONE,OK
2017-12-28,2017,24,24,24,24,2017-12-27 17:00:00+00:00,2017-12-27 16:45:00,2017-12-27 16:45:00+00:00,5713,True,False,1,False,False,False,NONE,OK
2017-12-29,2017,24,24,24,24,2017-12-28 17:00:00+00:00,2017-12-28 16:45:00,2017-12-28 16:45:00+00:00,5718,True,False,1,False,False,False,NONE,OK
2017-12-30,2017,24,24,24,24,2017-12-29 17:00:00+00:00,2017-12-29 16:45:00,2017-12-29 16:45:00+00:00,5723,True,False,1,False,False,False,NONE,OK
2017-12-31,2017,24,24,24,24,2017-12-30 17:00:00+00:00,2017-12-30 16:45:00,2017-12-30 16:45:00+00:00,5728,True,False,1,False,False,False,NONE,OK
2018-01-01,2018,24,24,24,24,2017-12-31 17:00:00+00:00,2017-12-31 16:45:00,2017-12-31 16:45:00+00:00,5733,True,False,1,False,False,False,NONE,OK
2018-01-02,2018,24,24,24,24,2018-01-01 17:00:00+00:00,2018-01-01 16:45:00,2018-01-01 16:45:00+00:00,5738,True,False,1,False,False,False,NONE,OK
2018-01-03,2018,24,24,24,24,2018-01-02 17:00:00+00:00,2018-01-02 16:45:00,2018-01-02 16:45:00+00:00,5743,True,False,1,False,False,False,NONE,OK
2018-01-04,2018,24,24,24,24,2018-01-03 17:00:00+00:00,2018-01-03 16:45:00,2018-01-03 16:45:00+00:00,5748,True,False,1,False,False,False,NONE,OK
2018-01-05,2018,24,24,24,24,2018-01-04 17:00:00+00:00,2018-01-04 16:45:00,2018-01-04 16:45:00+00:00,5753,True,False,1,False,False,False,NONE,OK
2018-01-06,2018,24,24,24,24,2018-01-05 17:00:00+00:00,2018-01-05 16:45:00,2018-01-05 16:45:00+00:00,5758,True,False,1,False,False,False,NONE,OK
2018-01-07,2018,24,24,24,24,2018-01-06 17:00:00+00:00,2018-01-06 16:45:00,2018-01-06 16:45:00+00:00,5763,True,False,1,False,False,False,NONE,OK
2018-01-08,2018,24,24,24,24,2018-01-07 17:00:00+00:00,2018-01-07 16:45:00,2018-01-07 16:45:00+00:00,5768,True,False,1,False,False,False,NONE,OK
2018-01-09,2018,24,24,24,24,2018-01-08 17:00:00+00:00,2018-01-08 16:45:00,2018-01-08 16:45:00+00:00,5773,True,False,1,False,False,False,NONE,OK
2018-01-10,2018,24,24,24,24,2018-01-09 17:00:00+00:00,2018-01-09 16:45:00,2018-01-09 16:45:00+00:00,5778,True,False,1,False,False,False,NONE,OK
2018-01-11,2018,24,24,24,24,2018-01-10 17:00:00+00:00,2018-01-10 16:45:00,2018-01-10 16:45:00+00:00,5783,True,False,1,False,False,False,NONE,OK
2018-01-12,2018,24,24,24,24,2018-01-11 17:00:00+00:00,2018-01-11 16:45:00,2018-01-11 16:45:00+00:00,5788,True,False,1,False,False,False,NONE,OK
2018-01-13,2018,24,24,24,24,2018-01-12 17:00:00+00:00,2018-01-12 16:45:00,2018-01-12 16:45:00+00:00,5793,True,False,1,False,False,False,NONE,OK
2018-01-14,2018,24,24,24,24,2018-01-13 17:00:00+00:00,2018-01-13 16:45:00,2018-01-13 16:45:00+00:00,5798,True,False,1,False,False,False,NONE,OK
2018-01-15,2018,24,24,24,24,2018-01-14 17:00:00+00:00,2018-01-14 16:45:00,2018-01-14 16:45:00+00:00,5803,True,False,1,False,False,False,NONE,OK
2018-01-16,2018,24,24,24,24,2018-01-15 17:00:00+00:00,2018-01-15 16:45:00,2018-01-15 16:45:00+00:00,5808,True,False,1,False,False,False,NONE,OK
2018-01-17,2018,24,24,24,24,2018-01-16 17:00:00+00:00,2018-01-16 16:45:00,2018-01-16 16:45:00+00:00,5813,True,False,1,False,False,False,NONE,OK
2018-01-18,2018,24,24,24,24,2018-01-17 17:00:00+00:00,2018-01-17 16:45:00,2018-01-17 16:45:00+00:00,5818,True,False,1,False,False,False,NONE,OK
2018-01-19,2018,24,24,24,24,2018-01-18 17:00:00+00:00,2018-01-18 16:45:00,2018-01-18 16:45:00+00:00,5823,True,False,1,False,False,False,NONE,OK
2018-01-20,2018,24,24,24,24,2018-01-19 17:00:00+00:00,2018-01-19 16:45:00,2018-01-19 16:45:00+00:00,5828,True,False,1,False,False,False,NONE,OK
2018-01-21,2018,24,24,24,24,2018-01-20 17:00:00+00:00,2018-01-20 16:45:00,2018-01-20 16:45:00+00:00,5833,True,False,1,False,False,False,NONE,OK
2018-01-22,2018,24,24,24,24,2018-01-21 17:00:00+00:00,2018-01-21 16:45:00,2018-01-21 16:45:00+00:00,5838,True,False,1,False,False,False,NONE,OK
2018-01-23,2018,24,24,24,24,2018-01-22 17:00:00+00:00,2018-01-22 16:45:00,2018-01-22 16:45:00+00:00,5843,True,False,1,False,False,False,NONE,OK
2018-01-24,2018,24,24,24,24,2018-01-23 17:00:00+00:00,2018-01-23 16:45:00,2018-01-23 16:45:00+00:00,5848,True,False,1,False,False,False,NONE,OK
2018-01-25,2018,24,24,24,24,2018-01-24 17:00:00+00:00,2018-01-24 16:45:00,2018-01-24 16:45:00+00:00,5853,True,False,1,False,False,False,NONE,OK
2018-01-26,2018,24,24,24,24,2018-01-25 17:00:00+00:00,2018-01-25 16:45:00,2018-01-25 16:45:00+00:00,5858,True,False,1,False,False,False,NONE,OK
2018-01-27,2018,24,24,24,24,2018-01-26 17:00:00+00:00,2018-01-26 16:45:00,2018-01-26 16:45:00+00:00,5863,True,False,1,False,False,False,NONE,OK
2018-01-28,2018,24,24,24,24,2018-01-27 17:00:00+00:00,2018-01-27 16:45:00,2018-01-27 16:45:00+00:00,5868,True,False,1,False,False,False,NONE,OK
2018-01-29,2018,24,24,24,24,2018-01-28 17:00:00+00:00,2018-01-28 16:45:00,2018-01-28 16:45:00+00:00,5873,True,False,1,False,False,False,NONE,OK
2018-01-30,2018,24,24,24,24,2018-01-29 17:00:00+00:00,2018-01-29 16:45:00,2018-01-29 16:45:00+00:00,5878,True,False,1,False,False,False,NONE,OK
2018-01-31,2018,24,24,24,24,2018-01-30 17:00:00+00:00,2018-01-30 16:45:00,2018-01-30 16:45:00+00:00,5883,True,False,1,False,False,False,NONE,OK
2018-02-01,2018,24,24,24,24,2018-01-31 17:00:00+00:00,2018-01-31 16:45:00,2018-01-31 16:45:00+00:00,5888,True,False,1,False,False,False,NONE,OK
2018-02-02,2018,24,24,24,24,2018-02-01 17:00:00+00:00,2018-02-01 16:45:00,2018-02-01 16:45:00+00:00,5893,True,False,1,False,False,False,NONE,OK
2018-02-03,2018,24,24,24,24,2018-02-02 17:00:00+00:00,2018-02-02 16:45:00,2018-02-02 16:45:00+00:00,5898,True,False,1,False,False,False,NONE,OK
2018-02-04,2018,24,24,24,24,2018-02-03 17:00:00+00:00,2018-02-03 16:45:00,2018-02-03 16:45:00+00:00,5903,True,False,1,False,False,False,NONE,OK
2018-02-05,2018,24,24,24,24,2018-02-04 17:00:00+00:00,2018-02-04 16:45:00,2018-02-04 16:45:00+00:00,5908,True,False,1,False,False,False,NONE,OK
2018-02-06,2018,24,24,24,24,2018-02-05 17:00:00+00:00,2018-02-05 16:45:00,2018-02-05 16:45:00+00:00,5913,True,False,1,False,False,False,NONE,OK
2018-02-07,2018,24,24,24,24,2018-02-06 17:00:00+00:00,2018-02-06 16:45:00,2018-02-06 16:45:00+00:00,5918,True,False,1,False,False,False,NONE,OK
2018-02-08,2018,24,24,24,24,2018-02-07 17:00:00+00:00,2018-02-07 16:45:00,2018-02-07 16:45:00+00:00,5923,True,False,1,False,False,False,NONE,OK
2018-02-09,2018,24,24,24,24,2018-02-08 17:00:00+00:00,2018-02-08 16:45:00,2018-02-08 16:45:00+00:00,5928,True,False,1,False,False,False,NONE,OK
2018-02-10,2018,24,24,24,24,2018-02-09 17:00:00+00:00,2018-02-09 16:45:00,2018-02-09 16:45:00+00:00,5933,True,False,1,False,False,False,NONE,OK
2018-02-11,2018,24,24,24,24,2018-02-10 17:00:00+00:00,2018-02-10 16:45:00,2018-02-10 16:45:00+00:00,5938,True,False,1,False,False,False,NONE,OK
2018-02-12,2018,24,24,24,24,2018-02-11 17:00:00+00:00,2018-02-11 16:45:00,2018-02-11 16:45:00+00:00,5943,True,False,1,False,False,False,NONE,OK
2018-02-13,2018,24,24,24,24,2018-02-12 17:00:00+00:00,2018-02-12 16:45:00,2018-02-12 16:45:00+00:00,5948,True,False,1,False,False,False,NONE,OK
2018-02-14,2018,24,24,24,24,2018-02-13 17:00:00+00:00,2018-02-13 16:45:00,2018-02-13 16:45:00+00:00,5953,True,False,1,False,False,False,NONE,OK
2018-02-15,2018,24,24,24,24,2018-02-14 17:00:00+00:00,2018-02-14 16:45:00,2018-02-14 16:45:00+00:00,5958,True,False,1,False,False,False,NONE,OK
2018-02-16,2018,24,24,24,24,2018-02-15 17:00:00+00:00,2018-02-15 16:45:00,2018-02-15 16:45:00+00:00,5963,True,False,1,False,False,False,NONE,OK
2018-02-17,2018,24,24,24,24,2018-02-16 17:00:00+00:00,2018-02-16 16:45:00,2018-02-16 16:45:00+00:00,5968,True,False,1,False,False,False,NONE,OK
2018-02-18,2018,24,24,24,24,2018-02-17 17:00:00+00:00,2018-02-17 16:45:00,2018-02-17 16:45:00+00:00,5973,True,False,1,False,False,False,NONE,OK
2018-02-19,2018,24,24,24,24,2018-02-18 17:00:00+00:00,2018-02-18 16:45:00,2018-02-18 16:45:00+00:00,5978,True,False,1,False,False,False,NONE,OK
2018-02-20,2018,24,24,24,24,2018-02-19 17:00:00+00:00,2018-02-19 16:45:00,2018-02-19 16:45:00+00:00,5983,True,False,1,False,False,False,NONE,OK
2018-02-21,2018,24,24,24,24,2018-02-20 17:00:00+00:00,2018-02-20 16:45:00,2018-02-20 16:45:00+00:00,5988,True,False,1,False,False,False,NONE,OK
2018-02-22,2018,24,24,24,24,2018-02-21 17:00:00+00:00,2018-02-21 16:45:00,2018-02-21 16:45:00+00:00,5993,True,False,1,False,False,False,NONE,OK
2018-02-23,2018,24,24,24,24,2018-02-22 17:00:00+00:00,2018-02-22 16:45:00,2018-02-22 16:45:00+00:00,5998,True,False,1,False,False,False,NONE,OK
2018-02-24,2018,24,24,24,24,2018-02-23 17:00:00+00:00,2018-02-23 16:45:00,2018-02-23 16:45:00+00:00,6003,True,False,1,False,False,False,NONE,OK
2018-02-25,2018,24,24,24,24,2018-02-24 17:00:00+00:00,2018-02-24 16:45:00,2018-02-24 16:45:00+00:00,6008,True,False,1,False,False,False,NONE,OK
2018-02-26,2018,24,24,24,24,2018-02-25 17:00:00+00:00,2018-02-25 16:45:00,2018-02-25 16:45:00+00:00,6013,True,False,1,False,False,False,NONE,OK
2018-02-27,2018,24,24,24,24,2018-02-26 17:00:00+00:00,2018-02-26 16:45:00,2018-02-26 16:45:00+00:00,6018,True,False,1,False,False,False,NONE,OK
2018-02-28,2018,24,24,24,24,2018-02-27 17:00:00+00:00,2018-02-27 16:45:00,2018-02-27 16:45:00+00:00,6023,True,False,1,False,False,False,NONE,OK
2018-03-01,2018,24,24,24,24,2018-02-28 17:00:00+00:00,2018-02-28 16:45:00,2018-02-28 16:45:00+00:00,6028,True,False,1,False,False,False,NONE,OK
2018-03-02,2018,24,24,24,24,2018-03-01 17:00:00+00:00,2018-03-01 16:45:00,2018-03-01 16:45:00+00:00,6033,True,False,1,False,False,False,NONE,OK
2018-03-03,2018,24,24,24,24,2018-03-02 17:00:00+00:00,2018-03-02 16:45:00,2018-03-02 16:45:00+00:00,6038,True,False,1,False,False,False,NONE,OK
2018-03-04,2018,24,24,24,24,2018-03-03 17:00:00+00:00,2018-03-03 16:45:00,2018-03-03 16:45:00+00:00,6043,True,False,1,False,False,False,NONE,OK
2018-03-05,2018,24,24,24,24,2018-03-04 17:00:00+00:00,2018-03-04 16:45:00,2018-03-04 16:45:00+00:00,6048,True,False,1,False,False,False,NONE,OK
2018-03-06,2018,24,24,24,24,2018-03-05 17:00:00+00:00,2018-03-05 16:45:00,2018-03-05 16:45:00+00:00,6053,True,False,1,False,False,False,NONE,OK
2018-03-07,2018,24,24,24,24,2018-03-06 17:00:00+00:00,2018-03-06 16:45:00,2018-03-06 16:45:00+00:00,6058,True,False,1,False,False,False,NONE,OK
2018-03-08,2018,24,24,24,24,2018-03-07 17:00:00+00:00,2018-03-07 16:45:00,2018-03-07 16:45:00+00:00,6063,True,False,1,False,False,False,NONE,OK
2018-03-09,2018,24,24,24,24,2018-03-08 17:00:00+00:00,2018-03-08 16:45:00,2018-03-08 16:45:00+00:00,6068,True,False,1,False,False,False,NONE,OK
2018-03-10,2018,24,24,24,0,2018-03-09 17:00:00+00:00,,,6070,False,False,0,False,False,False,NO_COMPLETE_VINTAGE,UNAVAILABLE
2018-03-11,2018,23,23,23,23,2018-03-10 17:00:00+00:00,2018-03-10 04:45:00,2018-03-10 04:45:00+00:00,6071,True,False,1,False,False,False,NONE,OK
2018-03-12,2018,24,24,24,24,2018-03-11 16:00:00+00:00,2018-03-11 15:45:00,2018-03-11 15:45:00+00:00,6075,True,False,1,False,False,False,NONE,OK
2018-03-13,2018,24,24,24,24,2018-03-12 16:00:00+00:00,2018-03-12 15:45:00,2018-03-12 15:45:00+00:00,6080,True,False,1,False,False,False,NONE,OK
2018-03-14,2018,24,24,24,24,2018-03-13 16:00:00+00:00,2018-03-13 15:45:00,2018-03-13 15:45:00+00:00,6085,True,False,1,False,False,False,NONE,OK
2018-03-15,2018,24,24,24,24,2018-03-14 16:00:00+00:00,2018-03-14 15:45:00,2018-03-14 15:45:00+00:00,6090,True,False,1,False,False,False,NONE,OK
2018-03-16,2018,24,24,24,24,2018-03-15 16:00:00+00:00,2018-03-15 15:45:00,2018-03-15 15:45:00+00:00,6095,True,False,1,False,False,False,NONE,OK
2018-03-17,2018,24,24,24,24,2018-03-16 16:00:00+00:00,2018-03-16 15:45:00,2018-03-16 15:45:00+00:00,6100,True,False,1,False,False,False,NONE,OK
2018-03-18,2018,24,24,24,24,2018-03-17 16:00:00+00:00,2018-03-17 15:45:00,2018-03-17 15:45:00+00:00,6105,True,False,1,False,False,False,NONE,OK
2018-03-19,2018,24,24,24,24,2018-03-18 16:00:00+00:00,2018-03-18 15:45:00,2018-03-18 15:45:00+00:00,6110,True,False,1,False,False,False,NONE,OK
2018-03-20,2018,24,24,24,24,2018-03-19 16:00:00+00:00,2018-03-19 15:45:00,2018-03-19 15:45:00+00:00,6115,True,False,1,False,False,False,NONE,OK
2018-03-21,2018,24,24,24,24,2018-03-20 16:00:00+00:00,2018-03-20 15:45:00,2018-03-20 15:45:00+00:00,6120,True,False,1,False,False,False,NONE,OK
2018-03-22,2018,24,24,24,24,2018-03-21 16:00:00+00:00,2018-03-21 15:45:00,2018-03-21 15:45:00+00:00,6125,True,False,1,False,False,False,NONE,OK
2018-03-23,2018,24,24,24,24,2018-03-22 16:00:00+00:00,2018-03-22 15:45:00,2018-03-22 15:45:00+00:00,6130,True,False,1,False,False,False,NONE,OK
2018-03-24,2018,24,24,24,24,2018-03-23 16:00:00+00:00,2018-03-23 15:45:00,2018-03-23 15:45:00+00:00,6135,True,False,1,False,False,False,NONE,OK
2018-03-25,2018,24,24,24,24,2018-03-24 16:00:00+00:00,2018-03-24 15:45:00,2018-03-24 15:45:00+00:00,6140,True,False,1,False,False,False,NONE,OK
2018-03-26,2018,24,24,24,24,2018-03-25 16:00:00+00:00,2018-03-25 15:45:00,2018-03-25 15:45:00+00:00,6145,True,False,1,False,False,False,NONE,OK
2018-03-27,2018,24,24,24,24,2018-03-26 16:00:00+00:00,2018-03-26 15:45:00,2018-03-26 15:45:00+00:00,6150,True,False,1,False,False,False,NONE,OK
2018-03-28,2018,24,24,24,24,2018-03-27 16:00:00+00:00,2018-03-27 15:45:00,2018-03-27 15:45:00+00:00,6155,True,False,1,False,False,False,NONE,OK
2018-03-29,2018,24,24,24,24,2018-03-28 16:00:00+00:00,2018-03-28 15:45:00,2018-03-28 15:45:00+00:00,6160,True,False,1,False,False,False,NONE,OK
2018-03-30,2018,24,24,24,24,2018-03-29 16:00:00+00:00,2018-03-29 15:45:00,2018-03-29 15:45:00+00:00,6165,True,False,1,False,False,False,NONE,OK
2018-03-31,2018,24,24,24,24,2018-03-30 16:00:00+00:00,2018-03-30 15:45:00,2018-03-30 15:45:00+00:00,6170,True,False,1,False,False,False,NONE,OK
2018-04-01,2018,24,24,24,24,2018-03-31 16:00:00+00:00,2018-03-31 15:45:00,2018-03-31 15:45:00+00:00,6175,True,False,1,False,False,False,NONE,OK
2018-04-02,2018,24,24,24,24,2018-04-01 16:00:00+00:00,2018-04-01 15:45:00,2018-04-01 15:45:00+00:00,6180,True,False,1,False,False,False,NONE,OK
2018-04-03,2018,24,24,24,24,2018-04-02 16:00:00+00:00,2018-04-02 15:45:00,2018-04-02 15:45:00+00:00,6185,True,False,1,False,False,False,NONE,OK
2018-04-04,2018,24,24,24,24,2018-04-03 16:00:00+00:00,2018-04-03 15:45:00,2018-04-03 15:45:00+00:00,6190,True,False,1,False,False,False,NONE,OK
2018-04-05,2018,24,24,24,24,2018-04-04 16:00:00+00:00,2018-04-04 15:45:00,2018-04-04 15:45:00+00:00,6195,True,False,1,False,False,False,NONE,OK
2018-04-06,2018,24,24,24,24,2018-04-05 16:00:00+00:00,2018-04-05 15:45:00,2018-04-05 15:45:00+00:00,6200,True,False,1,False,False,False,NONE,OK
2018-04-07,2018,24,24,24,24,2018-04-06 16:00:00+00:00,2018-04-06 15:45:00,2018-04-06 15:45:00+00:00,6205,True,False,1,False,False,False,NONE,OK
2018-04-08,2018,24,24,24,24,2018-04-07 16:00:00+00:00,2018-04-07 15:45:00,2018-04-07 15:45:00+00:00,6210,True,False,1,False,False,False,NONE,OK
2018-04-09,2018,24,24,24,24,2018-04-08 16:00:00+00:00,2018-04-08 15:45:00,2018-04-08 15:45:00+00:00,6215,True,False,1,False,False,False,NONE,OK
2018-04-10,2018,24,24,24,24,2018-04-09 16:00:00+00:00,2018-04-09 15:45:00,2018-04-09 15:45:00+00:00,6220,True,False,1,False,False,False,NONE,OK
2018-04-11,2018,24,24,24,24,2018-04-10 16:00:00+00:00,2018-04-10 15:45:00,2018-04-10 15:45:00+00:00,6225,True,False,1,False,False,False,NONE,OK
2018-04-12,2018,24,24,24,24,2018-04-11 16:00:00+00:00,2018-04-11 15:45:00,2018-04-11 15:45:00+00:00,6230,True,False,1,False,False,False,NONE,OK
2018-04-13,2018,24,24,24,24,2018-04-12 16:00:00+00:00,2018-04-12 15:45:00,2018-04-12 15:45:00+00:00,6235,True,False,1,False,False,False,NONE,OK
2018-04-14,2018,24,24,24,24,2018-04-13 16:00:00+00:00,2018-04-13 15:45:00,2018-04-13 15:45:00+00:00,6240,True,False,1,False,False,False,NONE,OK
2018-04-15,2018,24,24,24,24,2018-04-14 16:00:00+00:00,2018-04-14 15:45:00,2018-04-14 15:45:00+00:00,6245,True,False,1,False,False,False,NONE,OK
2018-04-16,2018,24,24,24,24,2018-04-15 16:00:00+00:00,2018-04-15 15:45:00,2018-04-15 15:45:00+00:00,6250,True,False,1,False,False,False,NONE,OK
2018-04-17,2018,24,24,24,24,2018-04-16 16:00:00+00:00,2018-04-16 15:45:00,2018-04-16 15:45:00+00:00,6255,True,False,1,False,False,False,NONE,OK
2018-04-18,2018,24,24,24,24,2018-04-17 16:00:00+00:00,2018-04-17 15:45:00,2018-04-17 15:45:00+00:00,6260,True,False,1,False,False,False,NONE,OK
2018-04-19,2018,24,24,24,24,2018-04-18 16:00:00+00:00,2018-04-18 15:45:00,2018-04-18 15:45:00+00:00,6265,True,False,1,False,False,False,NONE,OK
2018-04-20,2018,24,24,24,24,2018-04-19 16:00:00+00:00,2018-04-19 15:45:00,2018-04-19 15:45:00+00:00,6270,True,False,1,False,False,False,NONE,OK
2018-04-21,2018,24,24,24,24,2018-04-20 16:00:00+00:00,2018-04-20 15:45:00,2018-04-20 15:45:00+00:00,6275,True,False,1,False,False,False,NONE,OK
2018-04-22,2018,24,24,24,24,2018-04-21 16:00:00+00:00,2018-04-21 15:45:00,2018-04-21 15:45:00+00:00,6280,True,False,1,False,False,False,NONE,OK
2018-04-23,2018,24,24,24,24,2018-04-22 16:00:00+00:00,2018-04-22 15:45:00,2018-04-22 15:45:00+00:00,6285,True,False,1,False,False,False,NONE,OK
2018-04-24,2018,24,24,24,24,2018-04-23 16:00:00+00:00,2018-04-23 15:45:00,2018-04-23 15:45:00+00:00,6290,True,False,1,False,False,False,NONE,OK
2018-04-25,2018,24,24,24,24,2018-04-24 16:00:00+00:00,2018-04-24 15:45:00,2018-04-24 15:45:00+00:00,6295,True,False,1,False,False,False,NONE,OK
2018-04-26,2018,24,24,24,24,2018-04-25 16:00:00+00:00,2018-04-25 15:45:00,2018-04-25 15:45:00+00:00,6300,True,False,1,False,False,False,NONE,OK
2018-04-27,2018,24,24,24,24,2018-04-26 16:00:00+00:00,2018-04-26 15:45:00,2018-04-26 15:45:00+00:00,6305,True,False,1,False,False,False,NONE,OK
2018-04-28,2018,24,24,24,24,2018-04-27 16:00:00+00:00,2018-04-27 15:45:00,2018-04-27 15:45:00+00:00,6310,True,False,1,False,False,False,NONE,OK
2018-04-29,2018,24,24,24,24,2018-04-28 16:00:00+00:00,2018-04-28 15:45:00,2018-04-28 15:45:00+00:00,6315,True,False,1,False,False,False,NONE,OK
2018-04-30,2018,24,24,24,24,2018-04-29 16:00:00+00:00,2018-04-29 15:45:00,2018-04-29 15:45:00+00:00,6320,True,False,1,False,False,False,NONE,OK
2018-05-01,2018,24,24,24,24,2018-04-30 16:00:00+00:00,2018-04-30 15:45:00,2018-04-30 15:45:00+00:00,6325,True,False,1,False,False,False,NONE,OK
2018-05-02,2018,24,24,24,24,2018-05-01 16:00:00+00:00,2018-05-01 15:45:00,2018-05-01 15:45:00+00:00,6330,True,False,1,False,False,False,NONE,OK
2018-05-03,2018,24,24,24,24,2018-05-02 16:00:00+00:00,2018-05-02 15:45:00,2018-05-02 15:45:00+00:00,6335,True,False,1,False,False,False,NONE,OK
2018-05-04,2018,24,24,24,24,2018-05-03 16:00:00+00:00,2018-05-03 15:45:00,2018-05-03 15:45:00+00:00,6340,True,False,1,False,False,False,NONE,OK
2018-05-05,2018,24,24,24,24,2018-05-04 16:00:00+00:00,2018-05-04 15:45:00,2018-05-04 15:45:00+00:00,6345,True,False,1,False,False,False,NONE,OK
2018-05-06,2018,24,24,24,24,2018-05-05 16:00:00+00:00,2018-05-05 15:45:00,2018-05-05 15:45:00+00:00,6350,True,False,1,False,False,False,NONE,OK
2018-05-07,2018,24,24,24,24,2018-05-06 16:00:00+00:00,2018-05-06 15:45:00,2018-05-06 15:45:00+00:00,6355,True,False,1,False,False,False,NONE,OK
2018-05-08,2018,24,24,24,24,2018-05-07 16:00:00+00:00,2018-05-07 15:45:00,2018-05-07 15:45:00+00:00,6360,True,False,1,False,False,False,NONE,OK
2018-05-09,2018,24,24,24,24,2018-05-08 16:00:00+00:00,2018-05-08 15:45:00,2018-05-08 15:45:00+00:00,6365,True,False,1,False,False,False,NONE,OK
2018-05-10,2018,24,24,24,24,2018-05-09 16:00:00+00:00,2018-05-09 15:45:00,2018-05-09 15:45:00+00:00,6370,True,False,1,False,False,False,NONE,OK
2018-05-11,2018,24,24,24,24,2018-05-10 16:00:00+00:00,2018-05-10 15:45:00,2018-05-10 15:45:00+00:00,6375,True,False,1,False,False,False,NONE,OK
2018-05-12,2018,24,24,24,24,2018-05-11 16:00:00+00:00,2018-05-11 15:45:00,2018-05-11 15:45:00+00:00,6380,True,False,1,False,False,False,NONE,OK
2018-05-13,2018,24,24,24,24,2018-05-12 16:00:00+00:00,2018-05-12 15:45:00,2018-05-12 15:45:00+00:00,6385,True,False,1,False,False,False,NONE,OK
2018-05-14,2018,24,24,24,24,2018-05-13 16:00:00+00:00,2018-05-13 15:45:00,2018-05-13 15:45:00+00:00,6390,True,False,1,False,False,False,NONE,OK
2018-05-15,2018,24,24,24,24,2018-05-14 16:00:00+00:00,2018-05-14 15:45:00,2018-05-14 15:45:00+00:00,6395,True,False,1,False,False,False,NONE,OK
2018-05-16,2018,24,24,24,24,2018-05-15 16:00:00+00:00,2018-05-15 15:45:00,2018-05-15 15:45:00+00:00,6400,True,False,1,False,False,False,NONE,OK
2018-05-17,2018,24,24,24,24,2018-05-16 16:00:00+00:00,2018-05-16 15:45:00,2018-05-16 15:45:00+00:00,6405,True,False,1,False,False,False,NONE,OK
2018-05-18,2018,24,24,24,24,2018-05-17 16:00:00+00:00,2018-05-17 15:45:00,2018-05-17 15:45:00+00:00,6410,True,False,1,False,False,False,NONE,OK
2018-05-19,2018,24,24,24,24,2018-05-18 16:00:00+00:00,2018-05-18 15:45:00,2018-05-18 15:45:00+00:00,6415,True,False,1,False,False,False,NONE,OK
2018-05-20,2018,24,24,24,24,2018-05-19 16:00:00+00:00,2018-05-19 15:45:00,2018-05-19 15:45:00+00:00,6420,True,False,1,False,False,False,NONE,OK
2018-05-21,2018,24,24,24,24,2018-05-20 16:00:00+00:00,2018-05-20 15:45:00,2018-05-20 15:45:00+00:00,6425,True,False,1,False,False,False,NONE,OK
2018-05-22,2018,24,24,24,24,2018-05-21 16:00:00+00:00,2018-05-21 15:45:00,2018-05-21 15:45:00+00:00,6430,True,False,1,False,False,False,NONE,OK
2018-05-23,2018,24,24,24,24,2018-05-22 16:00:00+00:00,2018-05-22 15:45:00,2018-05-22 15:45:00+00:00,6435,True,False,1,False,False,False,NONE,OK
2018-05-24,2018,24,24,24,24,2018-05-23 16:00:00+00:00,2018-05-23 15:45:00,2018-05-23 15:45:00+00:00,6440,True,False,1,False,False,False,NONE,OK
2018-05-25,2018,24,24,24,24,2018-05-24 16:00:00+00:00,2018-05-24 15:45:00,2018-05-24 15:45:00+00:00,6445,True,False,1,False,False,False,NONE,OK
2018-05-26,2018,24,24,24,24,2018-05-25 16:00:00+00:00,2018-05-25 15:45:00,2018-05-25 15:45:00+00:00,6450,True,False,1,False,False,False,NONE,OK
2018-05-27,2018,24,24,24,24,2018-05-26 16:00:00+00:00,2018-05-26 15:45:00,2018-05-26 15:45:00+00:00,6455,True,False,1,False,False,False,NONE,OK
2018-05-28,2018,24,24,24,24,2018-05-27 16:00:00+00:00,2018-05-27 15:45:00,2018-05-27 15:45:00+00:00,6460,True,False,1,False,False,False,NONE,OK
2018-05-29,2018,24,24,24,24,2018-05-28 16:00:00+00:00,2018-05-28 15:45:00,2018-05-28 15:45:00+00:00,6465,True,False,1,False,False,False,NONE,OK
2018-05-30,2018,24,24,24,24,2018-05-29 16:00:00+00:00,2018-05-29 15:45:00,2018-05-29 15:45:00+00:00,6470,True,False,1,False,False,False,NONE,OK
2018-05-31,2018,24,24,24,24,2018-05-30 16:00:00+00:00,2018-05-30 15:45:00,2018-05-30 15:45:00+00:00,6475,True,False,1,False,False,False,NONE,OK
2018-06-01,2018,24,24,24,24,2018-05-31 16:00:00+00:00,2018-05-31 15:45:00,2018-05-31 15:45:00+00:00,6480,True,False,1,False,False,False,NONE,OK
2018-06-02,2018,24,24,24,24,2018-06-01 16:00:00+00:00,2018-06-01 15:45:00,2018-06-01 15:45:00+00:00,6485,True,False,1,False,False,False,NONE,OK
2018-06-03,2018,24,24,24,24,2018-06-02 16:00:00+00:00,2018-06-02 15:45:00,2018-06-02 15:45:00+00:00,6490,True,False,1,False,False,False,NONE,OK
2018-06-04,2018,24,24,24,24,2018-06-03 16:00:00+00:00,2018-06-03 15:45:00,2018-06-03 15:45:00+00:00,6495,True,False,1,False,False,False,NONE,OK
2018-06-05,2018,24,24,24,24,2018-06-04 16:00:00+00:00,2018-06-04 15:45:00,2018-06-04 15:45:00+00:00,6500,True,False,1,False,False,False,NONE,OK
2018-06-06,2018,24,24,24,24,2018-06-05 16:00:00+00:00,2018-06-05 15:45:00,2018-06-05 15:45:00+00:00,6505,True,False,1,False,False,False,NONE,OK
2018-06-07,2018,24,24,24,24,2018-06-06 16:00:00+00:00,2018-06-06 15:45:00,2018-06-06 15:45:00+00:00,6510,True,False,1,False,False,False,NONE,OK
2018-06-08,2018,24,24,24,24,2018-06-07 16:00:00+00:00,2018-06-07 15:45:00,2018-06-07 15:45:00+00:00,6515,True,False,1,False,False,False,NONE,OK
2018-06-09,2018,24,24,24,24,2018-06-08 16:00:00+00:00,2018-06-08 15:45:00,2018-06-08 15:45:00+00:00,6520,True,False,1,False,False,False,NONE,OK
2018-06-10,2018,24,24,24,24,2018-06-09 16:00:00+00:00,2018-06-09 15:45:00,2018-06-09 15:45:00+00:00,6525,True,False,1,False,False,False,NONE,OK
2018-06-11,2018,24,24,24,24,2018-06-10 16:00:00+00:00,2018-06-10 15:45:00,2018-06-10 15:45:00+00:00,6530,True,False,1,False,False,False,NONE,OK
2018-06-12,2018,24,24,24,24,2018-06-11 16:00:00+00:00,2018-06-11 15:45:00,2018-06-11 15:45:00+00:00,6535,True,False,1,False,False,False,NONE,OK
2018-06-13,2018,24,24,24,24,2018-06-12 16:00:00+00:00,2018-06-12 15:45:00,2018-06-12 15:45:00+00:00,6540,True,False,1,False,False,False,NONE,OK
2018-06-14,2018,24,24,24,24,2018-06-13 16:00:00+00:00,2018-06-13 15:45:00,2018-06-13 15:45:00+00:00,6545,True,False,1,False,False,False,NONE,OK
2018-06-15,2018,24,24,24,24,2018-06-14 16:00:00+00:00,2018-06-14 15:45:00,2018-06-14 15:45:00+00:00,6550,True,False,1,False,False,False,NONE,OK
2018-06-16,2018,24,24,24,24,2018-06-15 16:00:00+00:00,2018-06-15 15:45:00,2018-06-15 15:45:00+00:00,6555,True,False,1,False,False,False,NONE,OK
2018-06-17,2018,24,24,24,24,2018-06-16 16:00:00+00:00,2018-06-16 15:45:00,2018-06-16 15:45:00+00:00,6560,True,False,1,False,False,False,NONE,OK
2018-06-18,2018,24,24,24,24,2018-06-17 16:00:00+00:00,2018-06-17 15:45:00,2018-06-17 15:45:00+00:00,6565,True,False,1,False,False,False,NONE,OK
2018-06-19,2018,24,24,24,24,2018-06-18 16:00:00+00:00,2018-06-18 15:45:00,2018-06-18 15:45:00+00:00,6570,True,False,1,False,False,False,NONE,OK
2018-06-20,2018,24,24,24,24,2018-06-19 16:00:00+00:00,2018-06-19 15:45:00,2018-06-19 15:45:00+00:00,6575,True,False,1,False,False,False,NONE,OK
2018-06-21,2018,24,24,24,24,2018-06-20 16:00:00+00:00,2018-06-20 15:45:00,2018-06-20 15:45:00+00:00,6580,True,False,1,False,False,False,NONE,OK
2018-06-22,2018,24,24,24,24,2018-06-21 16:00:00+00:00,2018-06-21 15:45:00,2018-06-21 15:45:00+00:00,6585,True,False,1,False,False,False,NONE,OK
2018-06-23,2018,24,24,24,24,2018-06-22 16:00:00+00:00,2018-06-22 15:45:00,2018-06-22 15:45:00+00:00,6590,True,False,1,False,False,False,NONE,OK
2018-06-24,2018,24,24,24,24,2018-06-23 16:00:00+00:00,2018-06-23 15:45:00,2018-06-23 15:45:00+00:00,6595,True,False,1,False,False,False,NONE,OK
2018-06-25,2018,24,24,24,24,2018-06-24 16:00:00+00:00,2018-06-24 15:45:00,2018-06-24 15:45:00+00:00,6600,True,False,1,False,False,False,NONE,OK
2018-06-26,2018,24,24,24,24,2018-06-25 16:00:00+00:00,2018-06-25 15:45:00,2018-06-25 15:45:00+00:00,6605,True,False,1,False,False,False,NONE,OK
2018-06-27,2018,24,24,24,24,2018-06-26 16:00:00+00:00,2018-06-26 15:45:00,2018-06-26 15:45:00+00:00,6610,True,False,1,False,False,False,NONE,OK
2018-06-28,2018,24,24,24,24,2018-06-27 16:00:00+00:00,2018-06-27 15:45:00,2018-06-27 15:45:00+00:00,6615,True,False,1,False,False,False,NONE,OK
2018-06-29,2018,24,24,24,24,2018-06-28 16:00:00+00:00,2018-06-28 15:45:00,2018-06-28 15:45:00+00:00,6620,True,False,1,False,False,False,NONE,OK
2018-06-30,2018,24,24,24,24,2018-06-29 16:00:00+00:00,2018-06-29 15:45:00,2018-06-29 15:45:00+00:00,6625,True,False,1,False,False,False,NONE,OK
2018-07-01,2018,24,24,24,24,2018-06-30 16:00:00+00:00,2018-06-30 15:45:00,2018-06-30 15:45:00+00:00,6630,True,False,1,False,False,False,NONE,OK
2018-07-02,2018,24,24,24,24,2018-07-01 16:00:00+00:00,2018-07-01 15:45:00,2018-07-01 15:45:00+00:00,6635,True,False,1,False,False,False,NONE,OK
2018-07-03,2018,24,24,24,24,2018-07-02 16:00:00+00:00,2018-07-02 15:45:00,2018-07-02 15:45:00+00:00,6640,True,False,1,False,False,False,NONE,OK
2018-07-04,2018,24,24,24,24,2018-07-03 16:00:00+00:00,2018-07-03 15:45:00,2018-07-03 15:45:00+00:00,6645,True,False,1,False,False,False,NONE,OK
2018-07-05,2018,24,24,24,24,2018-07-04 16:00:00+00:00,2018-07-04 15:45:00,2018-07-04 15:45:00+00:00,6650,True,False,1,False,False,False,NONE,OK
2018-07-06,2018,24,24,24,24,2018-07-05 16:00:00+00:00,2018-07-05 15:45:00,2018-07-05 15:45:00+00:00,6655,True,False,1,False,False,False,NONE,OK
2018-07-07,2018,24,24,24,24,2018-07-06 16:00:00+00:00,2018-07-06 15:45:00,2018-07-06 15:45:00+00:00,6660,True,False,1,False,False,False,NONE,OK
2018-07-08,2018,24,24,24,24,2018-07-07 16:00:00+00:00,2018-07-07 15:45:00,2018-07-07 15:45:00+00:00,6665,True,False,1,False,False,False,NONE,OK
2018-07-09,2018,24,24,24,24,2018-07-08 16:00:00+00:00,2018-07-08 15:45:00,2018-07-08 15:45:00+00:00,6670,True,False,1,False,False,False,NONE,OK
2018-07-10,2018,24,24,24,24,2018-07-09 16:00:00+00:00,2018-07-09 15:45:00,2018-07-09 15:45:00+00:00,6675,True,False,1,False,False,False,NONE,OK
2018-07-11,2018,24,24,24,24,2018-07-10 16:00:00+00:00,2018-07-10 15:45:00,2018-07-10 15:45:00+00:00,6680,True,False,1,False,False,False,NONE,OK
2018-07-12,2018,24,24,24,24,2018-07-11 16:00:00+00:00,2018-07-11 15:45:00,2018-07-11 15:45:00+00:00,6685,True,False,1,False,False,False,NONE,OK
2018-07-13,2018,24,24,24,24,2018-07-12 16:00:00+00:00,2018-07-12 15:45:00,2018-07-12 15:45:00+00:00,6690,True,False,1,False,False,False,NONE,OK
2018-07-14,2018,24,24,24,24,2018-07-13 16:00:00+00:00,2018-07-13 15:45:00,2018-07-13 15:45:00+00:00,6695,True,False,1,False,False,False,NONE,OK
2018-07-15,2018,24,24,24,24,2018-07-14 16:00:00+00:00,2018-07-14 15:45:00,2018-07-14 15:45:00+00:00,6700,True,False,1,False,False,False,NONE,OK
2018-07-16,2018,24,24,24,24,2018-07-15 16:00:00+00:00,2018-07-15 15:45:00,2018-07-15 15:45:00+00:00,6705,True,False,1,False,False,False,NONE,OK
2018-07-17,2018,24,24,24,24,2018-07-16 16:00:00+00:00,2018-07-16 15:45:00,2018-07-16 15:45:00+00:00,6710,True,False,1,False,False,False,NONE,OK
2018-07-18,2018,24,24,24,24,2018-07-17 16:00:00+00:00,2018-07-17 15:45:00,2018-07-17 15:45:00+00:00,6715,True,False,1,False,False,False,NONE,OK
2018-07-19,2018,24,24,24,24,2018-07-18 16:00:00+00:00,2018-07-18 15:45:00,2018-07-18 15:45:00+00:00,6720,True,False,1,False,False,False,NONE,OK
2018-07-20,2018,24,24,24,24,2018-07-19 16:00:00+00:00,2018-07-19 15:45:00,2018-07-19 15:45:00+00:00,6725,True,False,1,False,False,False,NONE,OK
2018-07-21,2018,24,24,24,24,2018-07-20 16:00:00+00:00,2018-07-20 15:45:00,2018-07-20 15:45:00+00:00,6730,True,False,1,False,False,False,NONE,OK
2018-07-22,2018,24,24,24,24,2018-07-21 16:00:00+00:00,2018-07-21 15:45:00,2018-07-21 15:45:00+00:00,6735,True,False,1,False,False,False,NONE,OK
2018-07-23,2018,24,24,24,24,2018-07-22 16:00:00+00:00,2018-07-22 15:45:00,2018-07-22 15:45:00+00:00,6740,True,False,1,False,False,False,NONE,OK
2018-07-24,2018,24,24,24,24,2018-07-23 16:00:00+00:00,2018-07-23 15:45:00,2018-07-23 15:45:00+00:00,6745,True,False,1,False,False,False,NONE,OK
2018-07-25,2018,24,24,24,24,2018-07-24 16:00:00+00:00,2018-07-24 15:45:00,2018-07-24 15:45:00+00:00,6750,True,False,1,False,False,False,NONE,OK
2018-07-26,2018,24,24,24,24,2018-07-25 16:00:00+00:00,2018-07-25 15:45:00,2018-07-25 15:45:00+00:00,6755,True,False,1,False,False,False,NONE,OK
2018-07-27,2018,24,24,24,24,2018-07-26 16:00:00+00:00,2018-07-26 15:45:00,2018-07-26 15:45:00+00:00,6760,True,False,1,False,False,False,NONE,OK
2018-07-28,2018,24,24,24,24,2018-07-27 16:00:00+00:00,2018-07-27 15:45:00,2018-07-27 15:45:00+00:00,6765,True,False,1,False,False,False,NONE,OK
2018-07-29,2018,24,24,24,24,2018-07-28 16:00:00+00:00,2018-07-28 15:45:00,2018-07-28 15:45:00+00:00,6770,True,False,1,False,False,False,NONE,OK
2018-07-30,2018,24,24,24,24,2018-07-29 16:00:00+00:00,2018-07-29 15:45:00,2018-07-29 15:45:00+00:00,6775,True,False,1,False,False,False,NONE,OK
2018-07-31,2018,24,24,24,24,2018-07-30 16:00:00+00:00,2018-07-30 15:45:00,2018-07-30 15:45:00+00:00,6780,True,False,1,False,False,False,NONE,OK
2018-08-01,2018,24,24,24,24,2018-07-31 16:00:00+00:00,2018-07-31 15:45:00,2018-07-31 15:45:00+00:00,6785,True,False,1,False,False,False,NONE,OK
2018-08-02,2018,24,24,24,24,2018-08-01 16:00:00+00:00,2018-08-01 15:45:00,2018-08-01 15:45:00+00:00,6790,True,False,1,False,False,False,NONE,OK
2018-08-03,2018,24,24,24,24,2018-08-02 16:00:00+00:00,2018-08-02 15:45:00,2018-08-02 15:45:00+00:00,6795,True,False,1,False,False,False,NONE,OK
2018-08-04,2018,24,24,24,24,2018-08-03 16:00:00+00:00,2018-08-03 15:45:00,2018-08-03 15:45:00+00:00,6800,True,False,1,False,False,False,NONE,OK
2018-08-05,2018,24,24,24,24,2018-08-04 16:00:00+00:00,2018-08-04 15:45:00,2018-08-04 15:45:00+00:00,6805,True,False,1,False,False,False,NONE,OK
2018-08-06,2018,24,24,24,24,2018-08-05 16:00:00+00:00,2018-08-05 15:45:00,2018-08-05 15:45:00+00:00,6810,True,False,1,False,False,False,NONE,OK
2018-08-07,2018,24,24,24,24,2018-08-06 16:00:00+00:00,2018-08-06 15:45:00,2018-08-06 15:45:00+00:00,6815,True,False,1,False,False,False,NONE,OK
2018-08-08,2018,24,24,24,24,2018-08-07 16:00:00+00:00,2018-08-07 15:45:00,2018-08-07 15:45:00+00:00,6820,True,False,1,False,False,False,NONE,OK
2018-08-09,2018,24,24,24,24,2018-08-08 16:00:00+00:00,2018-08-08 15:45:00,2018-08-08 15:45:00+00:00,6825,True,False,1,False,False,False,NONE,OK
2018-08-10,2018,24,24,24,24,2018-08-09 16:00:00+00:00,2018-08-09 15:45:00,2018-08-09 15:45:00+00:00,6830,True,False,1,False,False,False,NONE,OK
2018-08-11,2018,24,24,24,24,2018-08-10 16:00:00+00:00,2018-08-10 15:45:00,2018-08-10 15:45:00+00:00,6835,True,False,1,False,False,False,NONE,OK
2018-08-12,2018,24,24,24,24,2018-08-11 16:00:00+00:00,2018-08-11 15:45:00,2018-08-11 15:45:00+00:00,6840,True,False,1,False,False,False,NONE,OK
2018-08-13,2018,24,24,24,24,2018-08-12 16:00:00+00:00,2018-08-12 15:45:00,2018-08-12 15:45:00+00:00,6845,True,False,1,False,False,False,NONE,OK
2018-08-14,2018,24,24,24,24,2018-08-13 16:00:00+00:00,2018-08-13 15:45:00,2018-08-13 15:45:00+00:00,6850,True,False,1,False,False,False,NONE,OK
2018-08-15,2018,24,24,24,24,2018-08-14 16:00:00+00:00,2018-08-14 15:45:00,2018-08-14 15:45:00+00:00,6855,True,False,1,False,False,False,NONE,OK
2018-08-16,2018,24,24,24,24,2018-08-15 16:00:00+00:00,2018-08-15 15:45:00,2018-08-15 15:45:00+00:00,6860,True,False,1,False,False,False,NONE,OK
2018-08-17,2018,24,24,24,24,2018-08-16 16:00:00+00:00,2018-08-16 15:45:00,2018-08-16 15:45:00+00:00,6865,True,False,1,False,False,False,NONE,OK
2018-08-18,2018,24,24,24,24,2018-08-17 16:00:00+00:00,2018-08-17 15:45:00,2018-08-17 15:45:00+00:00,6870,True,False,1,False,False,False,NONE,OK
2018-08-19,2018,24,24,24,24,2018-08-18 16:00:00+00:00,2018-08-18 15:45:00,2018-08-18 15:45:00+00:00,6875,True,False,1,False,False,False,NONE,OK
2018-08-20,2018,24,24,24,24,2018-08-19 16:00:00+00:00,2018-08-19 15:45:00,2018-08-19 15:45:00+00:00,6880,True,False,1,False,False,False,NONE,OK
2018-08-21,2018,24,24,24,24,2018-08-20 16:00:00+00:00,2018-08-20 15:45:00,2018-08-20 15:45:00+00:00,6885,True,False,1,False,False,False,NONE,OK
2018-08-22,2018,24,24,24,24,2018-08-21 16:00:00+00:00,2018-08-21 15:45:00,2018-08-21 15:45:00+00:00,6890,True,False,1,False,False,False,NONE,OK
2018-08-23,2018,24,24,24,24,2018-08-22 16:00:00+00:00,2018-08-22 15:45:00,2018-08-22 15:45:00+00:00,6895,True,False,1,False,False,False,NONE,OK
2018-08-24,2018,24,24,24,24,2018-08-23 16:00:00+00:00,2018-08-23 15:45:00,2018-08-23 15:45:00+00:00,6900,True,False,1,False,False,False,NONE,OK
2018-08-25,2018,24,24,24,24,2018-08-24 16:00:00+00:00,2018-08-24 15:45:00,2018-08-24 15:45:00+00:00,6905,True,False,1,False,False,False,NONE,OK
2018-08-26,2018,24,24,24,24,2018-08-25 16:00:00+00:00,2018-08-25 15:45:00,2018-08-25 15:45:00+00:00,6910,True,False,1,False,False,False,NONE,OK
2018-08-27,2018,24,24,24,24,2018-08-26 16:00:00+00:00,2018-08-26 15:45:00,2018-08-26 15:45:00+00:00,6915,True,False,1,False,False,False,NONE,OK
2018-08-28,2018,24,24,24,24,2018-08-27 16:00:00+00:00,2018-08-27 15:45:00,2018-08-27 15:45:00+00:00,6920,True,False,1,False,False,False,NONE,OK
2018-08-29,2018,24,24,24,24,2018-08-28 16:00:00+00:00,2018-08-28 15:45:00,2018-08-28 15:45:00+00:00,6925,True,False,1,False,False,False,NONE,OK
2018-08-30,2018,24,24,24,24,2018-08-29 16:00:00+00:00,2018-08-29 15:45:00,2018-08-29 15:45:00+00:00,6930,True,False,1,False,False,False,NONE,OK
2018-08-31,2018,24,24,24,24,2018-08-30 16:00:00+00:00,2018-08-30 15:45:00,2018-08-30 15:45:00+00:00,6935,True,False,1,False,False,False,NONE,OK
2018-09-01,2018,24,24,24,24,2018-08-31 16:00:00+00:00,2018-08-31 15:45:00,2018-08-31 15:45:00+00:00,6940,True,False,1,False,False,False,NONE,OK
2018-09-02,2018,24,24,24,24,2018-09-01 16:00:00+00:00,2018-09-01 15:45:00,2018-09-01 15:45:00+00:00,6945,True,False,1,False,False,False,NONE,OK
2018-09-03,2018,24,24,24,24,2018-09-02 16:00:00+00:00,2018-09-02 15:45:00,2018-09-02 15:45:00+00:00,6950,True,False,1,False,False,False,NONE,OK
2018-09-04,2018,24,24,24,24,2018-09-03 16:00:00+00:00,2018-09-03 15:45:00,2018-09-03 15:45:00+00:00,6955,True,False,1,False,False,False,NONE,OK
2018-09-05,2018,24,24,24,24,2018-09-04 16:00:00+00:00,2018-09-04 15:45:00,2018-09-04 15:45:00+00:00,6960,True,False,1,False,False,False,NONE,OK
2018-09-06,2018,24,24,24,24,2018-09-05 16:00:00+00:00,2018-09-05 15:45:00,2018-09-05 15:45:00+00:00,6965,True,False,1,False,False,False,NONE,OK
2018-09-07,2018,24,24,24,24,2018-09-06 16:00:00+00:00,2018-09-06 15:45:00,2018-09-06 15:45:00+00:00,6970,True,False,1,False,False,False,NONE,OK
2018-09-08,2018,24,24,24,24,2018-09-07 16:00:00+00:00,2018-09-07 15:45:00,2018-09-07 15:45:00+00:00,6975,True,False,1,False,False,False,NONE,OK
2018-09-09,2018,24,24,24,24,2018-09-08 16:00:00+00:00,2018-09-08 15:45:00,2018-09-08 15:45:00+00:00,6980,True,False,1,False,False,False,NONE,OK
2018-09-10,2018,24,24,24,24,2018-09-09 16:00:00+00:00,2018-09-09 15:45:00,2018-09-09 15:45:00+00:00,6985,True,False,1,False,False,False,NONE,OK
2018-09-11,2018,24,24,24,24,2018-09-10 16:00:00+00:00,2018-09-10 15:45:00,2018-09-10 15:45:00+00:00,6990,True,False,1,False,False,False,NONE,OK
2018-09-12,2018,24,24,24,24,2018-09-11 16:00:00+00:00,2018-09-11 15:45:00,2018-09-11 15:45:00+00:00,6995,True,False,1,False,False,False,NONE,OK
2018-09-13,2018,24,24,24,24,2018-09-12 16:00:00+00:00,2018-09-12 15:45:00,2018-09-12 15:45:00+00:00,7000,True,False,1,False,False,False,NONE,OK
2018-09-14,2018,24,24,24,24,2018-09-13 16:00:00+00:00,2018-09-13 15:45:00,2018-09-13 15:45:00+00:00,7005,True,False,1,False,False,False,NONE,OK
2018-09-15,2018,24,24,24,24,2018-09-14 16:00:00+00:00,2018-09-14 15:45:00,2018-09-14 15:45:00+00:00,7010,True,False,1,False,False,False,NONE,OK
2018-09-16,2018,24,24,24,24,2018-09-15 16:00:00+00:00,2018-09-15 15:45:00,2018-09-15 15:45:00+00:00,7015,True,False,1,False,False,False,NONE,OK
2018-09-17,2018,24,24,24,24,2018-09-16 16:00:00+00:00,2018-09-16 15:45:00,2018-09-16 15:45:00+00:00,7020,True,False,1,False,False,False,NONE,OK
2018-09-18,2018,24,24,24,24,2018-09-17 16:00:00+00:00,2018-09-17 15:45:00,2018-09-17 15:45:00+00:00,7025,True,False,1,False,False,False,NONE,OK
2018-09-19,2018,24,24,24,24,2018-09-18 16:00:00+00:00,2018-09-18 15:45:00,2018-09-18 15:45:00+00:00,7030,True,False,1,False,False,False,NONE,OK
2018-09-20,2018,24,24,24,24,2018-09-19 16:00:00+00:00,2018-09-19 15:45:00,2018-09-19 15:45:00+00:00,7035,True,False,1,False,False,False,NONE,OK
2018-09-21,2018,24,24,24,24,2018-09-20 16:00:00+00:00,2018-09-20 15:45:00,2018-09-20 15:45:00+00:00,7040,True,False,1,False,False,False,NONE,OK
2018-09-22,2018,24,24,24,24,2018-09-21 16:00:00+00:00,2018-09-21 15:45:00,2018-09-21 15:45:00+00:00,7045,True,False,1,False,False,False,NONE,OK
2018-09-23,2018,24,24,24,24,2018-09-22 16:00:00+00:00,2018-09-22 15:45:00,2018-09-22 15:45:00+00:00,7050,True,False,1,False,False,False,NONE,OK
2018-09-24,2018,24,24,24,24,2018-09-23 16:00:00+00:00,2018-09-23 15:45:00,2018-09-23 15:45:00+00:00,7055,True,False,1,False,False,False,NONE,OK
2018-09-25,2018,24,24,24,24,2018-09-24 16:00:00+00:00,2018-09-24 15:45:00,2018-09-24 15:45:00+00:00,7060,True,False,1,False,False,False,NONE,OK
2018-09-26,2018,24,24,24,24,2018-09-25 16:00:00+00:00,2018-09-25 15:45:00,2018-09-25 15:45:00+00:00,7065,True,False,1,False,False,False,NONE,OK
2018-09-27,2018,24,24,24,24,2018-09-26 16:00:00+00:00,2018-09-26 15:45:00,2018-09-26 15:45:00+00:00,7070,True,False,1,False,False,False,NONE,OK
2018-09-28,2018,24,24,24,24,2018-09-27 16:00:00+00:00,2018-09-27 15:45:00,2018-09-27 15:45:00+00:00,7075,True,False,1,False,False,False,NONE,OK
2018-09-29,2018,24,24,24,24,2018-09-28 16:00:00+00:00,2018-09-28 15:45:00,2018-09-28 15:45:00+00:00,7080,True,False,1,False,False,False,NONE,OK
2018-09-30,2018,24,24,24,24,2018-09-29 16:00:00+00:00,2018-09-29 15:45:00,2018-09-29 15:45:00+00:00,7085,True,False,1,False,False,False,NONE,OK
2018-10-01,2018,24,24,24,24,2018-09-30 16:00:00+00:00,2018-09-30 15:45:00,2018-09-30 15:45:00+00:00,7090,True,False,1,False,False,False,NONE,OK
2018-10-02,2018,24,24,24,24,2018-10-01 16:00:00+00:00,2018-10-01 15:45:00,2018-10-01 15:45:00+00:00,7095,True,False,1,False,False,False,NONE,OK
2018-10-03,2018,24,24,24,24,2018-10-02 16:00:00+00:00,2018-10-02 15:45:00,2018-10-02 15:45:00+00:00,7100,True,False,1,False,False,False,NONE,OK
2018-10-04,2018,24,24,24,24,2018-10-03 16:00:00+00:00,2018-10-03 15:45:00,2018-10-03 15:45:00+00:00,7105,True,False,1,False,False,False,NONE,OK
2018-10-05,2018,24,24,24,24,2018-10-04 16:00:00+00:00,2018-10-04 15:45:00,2018-10-04 15:45:00+00:00,7110,True,False,1,False,False,False,NONE,OK
2018-10-06,2018,24,24,24,24,2018-10-05 16:00:00+00:00,2018-10-05 15:45:00,2018-10-05 15:45:00+00:00,7115,True,False,1,False,False,False,NONE,OK
2018-10-07,2018,24,24,24,24,2018-10-06 16:00:00+00:00,2018-10-06 15:45:00,2018-10-06 15:45:00+00:00,7120,True,False,1,False,False,False,NONE,OK
2018-10-08,2018,24,24,24,24,2018-10-07 16:00:00+00:00,2018-10-07 15:45:00,2018-10-07 15:45:00+00:00,7125,True,False,1,False,False,False,NONE,OK
2018-10-09,2018,24,24,24,24,2018-10-08 16:00:00+00:00,2018-10-08 15:45:00,2018-10-08 15:45:00+00:00,7130,True,False,1,False,False,False,NONE,OK
2018-10-10,2018,24,24,24,24,2018-10-09 16:00:00+00:00,2018-10-09 15:45:00,2018-10-09 15:45:00+00:00,7135,True,False,1,False,False,False,NONE,OK
2018-10-11,2018,24,24,24,24,2018-10-10 16:00:00+00:00,2018-10-10 15:45:00,2018-10-10 15:45:00+00:00,7140,True,False,1,False,False,False,NONE,OK
2018-10-12,2018,24,24,24,24,2018-10-11 16:00:00+00:00,2018-10-11 15:45:00,2018-10-11 15:45:00+00:00,7145,True,False,1,False,False,False,NONE,OK
2018-10-13,2018,24,24,24,24,2018-10-12 16:00:00+00:00,2018-10-12 15:45:00,2018-10-12 15:45:00+00:00,7150,True,False,1,False,False,False,NONE,OK
2018-10-14,2018,24,24,24,24,2018-10-13 16:00:00+00:00,2018-10-13 15:45:00,2018-10-13 15:45:00+00:00,7155,True,False,1,False,False,False,NONE,OK
2018-10-15,2018,24,24,24,24,2018-10-14 16:00:00+00:00,2018-10-14 15:45:00,2018-10-14 15:45:00+00:00,7160,True,False,1,False,False,False,NONE,OK
2018-10-16,2018,24,24,24,24,2018-10-15 16:00:00+00:00,2018-10-15 15:45:00,2018-10-15 15:45:00+00:00,7165,True,False,1,False,False,False,NONE,OK
2018-10-17,2018,24,24,24,24,2018-10-16 16:00:00+00:00,2018-10-16 15:45:00,2018-10-16 15:45:00+00:00,7170,True,False,1,False,False,False,NONE,OK
2018-10-18,2018,24,24,24,24,2018-10-17 16:00:00+00:00,2018-10-17 15:45:00,2018-10-17 15:45:00+00:00,7175,True,False,1,False,False,False,NONE,OK
2018-10-19,2018,24,24,24,24,2018-10-18 16:00:00+00:00,2018-10-18 15:45:00,2018-10-18 15:45:00+00:00,7180,True,False,1,False,False,False,NONE,OK
2018-10-20,2018,24,24,24,24,2018-10-19 16:00:00+00:00,2018-10-19 15:45:00,2018-10-19 15:45:00+00:00,7185,True,False,1,False,False,False,NONE,OK
2018-10-21,2018,24,24,24,24,2018-10-20 16:00:00+00:00,2018-10-20 15:45:00,2018-10-20 15:45:00+00:00,7190,True,False,1,False,False,False,NONE,OK
2018-10-22,2018,24,24,24,24,2018-10-21 16:00:00+00:00,2018-10-21 15:45:00,2018-10-21 15:45:00+00:00,7195,True,False,1,False,False,False,NONE,OK
2018-10-23,2018,24,24,24,24,2018-10-22 16:00:00+00:00,2018-10-22 15:45:00,2018-10-22 15:45:00+00:00,7200,True,False,1,False,False,False,NONE,OK
2018-10-24,2018,24,24,24,24,2018-10-23 16:00:00+00:00,2018-10-23 15:45:00,2018-10-23 15:45:00+00:00,7205,True,False,1,False,False,False,NONE,OK
2018-10-25,2018,24,24,24,24,2018-10-24 16:00:00+00:00,2018-10-24 15:45:00,2018-10-24 15:45:00+00:00,7210,True,False,1,False,False,False,NONE,OK
2018-10-26,2018,24,24,24,24,2018-10-25 16:00:00+00:00,2018-10-25 15:45:00,2018-10-25 15:45:00+00:00,7215,True,False,1,False,False,False,NONE,OK
2018-10-27,2018,24,24,24,24,2018-10-26 16:00:00+00:00,2018-10-26 15:45:00,2018-10-26 15:45:00+00:00,7220,True,False,1,False,False,False,NONE,OK
2018-10-28,2018,24,24,24,24,2018-10-27 16:00:00+00:00,2018-10-27 15:45:00,2018-10-27 15:45:00+00:00,7225,True,False,1,False,False,False,NONE,OK
2018-10-29,2018,24,24,24,24,2018-10-28 16:00:00+00:00,2018-10-28 15:45:00,2018-10-28 15:45:00+00:00,7230,True,False,1,False,False,False,NONE,OK
2018-10-30,2018,24,24,24,24,2018-10-29 16:00:00+00:00,2018-10-29 15:45:00,2018-10-29 15:45:00+00:00,7235,True,False,1,False,False,False,NONE,OK
2018-10-31,2018,24,24,24,24,2018-10-30 16:00:00+00:00,2018-10-30 15:45:00,2018-10-30 15:45:00+00:00,7240,True,False,1,False,False,False,NONE,OK
2018-11-01,2018,24,24,24,24,2018-10-31 16:00:00+00:00,2018-10-31 15:45:00,2018-10-31 15:45:00+00:00,7245,True,False,1,False,False,False,NONE,OK
2018-11-02,2018,24,24,24,24,2018-11-01 16:00:00+00:00,2018-11-01 15:45:00,2018-11-01 15:45:00+00:00,7250,True,False,1,False,False,False,NONE,OK
2018-11-03,2018,24,24,24,24,2018-11-02 16:00:00+00:00,2018-11-02 15:45:00,2018-11-02 15:45:00+00:00,7255,True,False,1,False,False,False,NONE,OK
2018-11-04,2018,25,25,25,25,2018-11-03 16:00:00+00:00,2018-11-03 15:45:00,2018-11-03 15:45:00+00:00,7260,True,False,1,False,False,False,NONE,OK
2018-11-05,2018,24,24,24,24,2018-11-04 17:00:00+00:00,2018-11-04 16:45:00,2018-11-04 16:45:00+00:00,7265,True,False,1,False,False,False,NONE,OK
2018-11-06,2018,24,24,24,24,2018-11-05 17:00:00+00:00,2018-11-05 16:45:00,2018-11-05 16:45:00+00:00,7270,True,False,1,False,False,False,NONE,OK
2018-11-07,2018,24,24,24,24,2018-11-06 17:00:00+00:00,2018-11-06 16:45:00,2018-11-06 16:45:00+00:00,7275,True,False,1,False,False,False,NONE,OK
2018-11-08,2018,24,24,24,24,2018-11-07 17:00:00+00:00,2018-11-07 16:45:00,2018-11-07 16:45:00+00:00,7280,True,False,1,False,False,False,NONE,OK
2018-11-09,2018,24,24,24,24,2018-11-08 17:00:00+00:00,2018-11-08 16:45:00,2018-11-08 16:45:00+00:00,7285,True,False,1,False,False,False,NONE,OK
2018-11-10,2018,24,24,24,24,2018-11-09 17:00:00+00:00,2018-11-09 16:45:00,2018-11-09 16:45:00+00:00,7290,True,False,1,False,False,False,NONE,OK
2018-11-11,2018,24,24,24,24,2018-11-10 17:00:00+00:00,2018-11-10 16:45:00,2018-11-10 16:45:00+00:00,7295,True,False,1,False,False,False,NONE,OK
2018-11-12,2018,24,24,24,24,2018-11-11 17:00:00+00:00,2018-11-11 16:45:00,2018-11-11 16:45:00+00:00,7300,True,False,1,False,False,False,NONE,OK
2018-11-13,2018,24,24,24,24,2018-11-12 17:00:00+00:00,2018-11-12 16:45:00,2018-11-12 16:45:00+00:00,7305,True,False,1,False,False,False,NONE,OK
2018-11-14,2018,24,24,24,24,2018-11-13 17:00:00+00:00,2018-11-13 16:45:00,2018-11-13 16:45:00+00:00,7310,True,False,1,False,False,False,NONE,OK
2018-11-15,2018,24,24,24,24,2018-11-14 17:00:00+00:00,2018-11-14 16:45:00,2018-11-14 16:45:00+00:00,7315,True,False,1,False,False,False,NONE,OK
2018-11-16,2018,24,24,24,24,2018-11-15 17:00:00+00:00,2018-11-15 16:45:00,2018-11-15 16:45:00+00:00,7320,True,False,1,False,False,False,NONE,OK
2018-11-17,2018,24,24,24,24,2018-11-16 17:00:00+00:00,2018-11-16 16:45:00,2018-11-16 16:45:00+00:00,7325,True,False,1,False,False,False,NONE,OK
2018-11-18,2018,24,24,24,24,2018-11-17 17:00:00+00:00,2018-11-17 16:45:00,2018-11-17 16:45:00+00:00,7330,True,False,1,False,False,False,NONE,OK
2018-11-19,2018,24,24,24,24,2018-11-18 17:00:00+00:00,2018-11-18 16:45:00,2018-11-18 16:45:00+00:00,7335,True,False,1,False,False,False,NONE,OK
2018-11-20,2018,24,24,24,24,2018-11-19 17:00:00+00:00,2018-11-19 16:45:00,2018-11-19 16:45:00+00:00,7340,True,False,1,False,False,False,NONE,OK
2018-11-21,2018,24,24,24,24,2018-11-20 17:00:00+00:00,2018-11-20 16:45:00,2018-11-20 16:45:00+00:00,7345,True,False,1,False,False,False,NONE,OK
2018-11-22,2018,24,24,24,24,2018-11-21 17:00:00+00:00,2018-11-21 16:45:00,2018-11-21 16:45:00+00:00,7350,True,False,1,False,False,False,NONE,OK
2018-11-23,2018,24,24,24,24,2018-11-22 17:00:00+00:00,2018-11-22 16:45:00,2018-11-22 16:45:00+00:00,7355,True,False,1,False,False,False,NONE,OK
2018-11-24,2018,24,24,24,24,2018-11-23 17:00:00+00:00,2018-11-23 16:45:00,2018-11-23 16:45:00+00:00,7360,True,False,1,False,False,False,NONE,OK
2018-11-25,2018,24,24,24,24,2018-11-24 17:00:00+00:00,2018-11-24 16:45:00,2018-11-24 16:45:00+00:00,7365,True,False,1,False,False,False,NONE,OK
2018-11-26,2018,24,24,24,24,2018-11-25 17:00:00+00:00,2018-11-25 16:45:00,2018-11-25 16:45:00+00:00,7370,True,False,1,False,False,False,NONE,OK
2018-11-27,2018,24,24,24,24,2018-11-26 17:00:00+00:00,2018-11-26 16:45:00,2018-11-26 16:45:00+00:00,7375,True,False,1,False,False,False,NONE,OK
2018-11-28,2018,24,24,24,24,2018-11-27 17:00:00+00:00,2018-11-27 16:45:00,2018-11-27 16:45:00+00:00,7380,True,False,1,False,False,False,NONE,OK
2018-11-29,2018,24,24,24,24,2018-11-28 17:00:00+00:00,2018-11-28 16:45:00,2018-11-28 16:45:00+00:00,7385,True,False,1,False,False,False,NONE,OK
2018-11-30,2018,24,24,24,24,2018-11-29 17:00:00+00:00,2018-11-29 16:45:00,2018-11-29 16:45:00+00:00,7390,True,False,1,False,False,False,NONE,OK
2018-12-01,2018,24,24,24,24,2018-11-30 17:00:00+00:00,2018-11-30 16:45:00,2018-11-30 16:45:00+00:00,7395,True,False,1,False,False,False,NONE,OK
2018-12-02,2018,24,24,24,24,2018-12-01 17:00:00+00:00,2018-12-01 16:45:00,2018-12-01 16:45:00+00:00,7400,True,False,1,False,False,False,NONE,OK
2018-12-03,2018,24,24,24,24,2018-12-02 17:00:00+00:00,2018-12-02 16:45:00,2018-12-02 16:45:00+00:00,7405,True,False,1,False,False,False,NONE,OK
2018-12-04,2018,24,24,24,24,2018-12-03 17:00:00+00:00,2018-12-03 16:45:00,2018-12-03 16:45:00+00:00,7410,True,False,1,False,False,False,NONE,OK
2018-12-05,2018,24,24,24,24,2018-12-04 17:00:00+00:00,2018-12-04 16:45:00,2018-12-04 16:45:00+00:00,7415,True,False,1,False,False,False,NONE,OK
2018-12-06,2018,24,24,24,24,2018-12-05 17:00:00+00:00,2018-12-05 16:45:00,2018-12-05 16:45:00+00:00,7420,True,False,1,False,False,False,NONE,OK
2018-12-07,2018,24,24,24,24,2018-12-06 17:00:00+00:00,2018-12-06 16:45:00,2018-12-06 16:45:00+00:00,7425,True,False,1,False,False,False,NONE,OK
2018-12-08,2018,24,24,24,24,2018-12-07 17:00:00+00:00,2018-12-07 16:45:00,2018-12-07 16:45:00+00:00,7430,True,False,1,False,False,False,NONE,OK
2018-12-09,2018,24,24,24,24,2018-12-08 17:00:00+00:00,2018-12-08 16:45:00,2018-12-08 16:45:00+00:00,7435,True,False,1,False,False,False,NONE,OK
2018-12-10,2018,24,24,24,24,2018-12-09 17:00:00+00:00,2018-12-09 16:45:00,2018-12-09 16:45:00+00:00,7440,True,False,1,False,False,False,NONE,OK
2018-12-11,2018,24,24,24,24,2018-12-10 17:00:00+00:00,2018-12-10 16:45:00,2018-12-10 16:45:00+00:00,7445,True,False,1,False,False,False,NONE,OK
2018-12-12,2018,24,24,24,24,2018-12-11 17:00:00+00:00,2018-12-11 16:45:00,2018-12-11 16:45:00+00:00,7450,True,False,1,False,False,False,NONE,OK
2018-12-13,2018,24,24,24,24,2018-12-12 17:00:00+00:00,2018-12-12 16:45:00,2018-12-12 16:45:00+00:00,7455,True,False,1,False,False,False,NONE,OK
2018-12-14,2018,24,24,24,24,2018-12-13 17:00:00+00:00,2018-12-13 16:45:00,2018-12-13 16:45:00+00:00,7460,True,False,1,False,False,False,NONE,OK
2018-12-15,2018,24,24,24,24,2018-12-14 17:00:00+00:00,2018-12-14 16:45:00,2018-12-14 16:45:00+00:00,7465,True,False,1,False,False,False,NONE,OK
2018-12-16,2018,24,24,24,24,2018-12-15 17:00:00+00:00,2018-12-15 16:45:00,2018-12-15 16:45:00+00:00,7470,True,False,1,False,False,False,NONE,OK
2018-12-17,2018,24,24,24,24,2018-12-16 17:00:00+00:00,2018-12-16 16:45:00,2018-12-16 16:45:00+00:00,7475,True,False,1,False,False,False,NONE,OK
2018-12-18,2018,24,24,24,24,2018-12-17 17:00:00+00:00,2018-12-17 16:45:00,2018-12-17 16:45:00+00:00,7480,True,False,1,False,False,False,NONE,OK
2018-12-19,2018,24,24,24,24,2018-12-18 17:00:00+00:00,2018-12-18 16:45:00,2018-12-18 16:45:00+00:00,7485,True,False,1,False,False,False,NONE,OK
2018-12-20,2018,24,24,24,24,2018-12-19 17:00:00+00:00,2018-12-19 16:45:00,2018-12-19 16:45:00+00:00,7490,True,False,1,False,False,False,NONE,OK
2018-12-21,2018,24,24,24,24,2018-12-20 17:00:00+00:00,2018-12-20 16:45:00,2018-12-20 16:45:00+00:00,7495,True,False,1,False,False,False,NONE,OK
2018-12-22,2018,24,24,24,24,2018-12-21 17:00:00+00:00,2018-12-21 16:45:00,2018-12-21 16:45:00+00:00,7500,True,False,1,False,False,False,NONE,OK
2018-12-23,2018,24,24,24,24,2018-12-22 17:00:00+00:00,2018-12-22 16:45:00,2018-12-22 16:45:00+00:00,7505,True,False,1,False,False,False,NONE,OK
2018-12-24,2018,24,24,24,24,2018-12-23 17:00:00+00:00,2018-12-23 16:45:00,2018-12-23 16:45:00+00:00,7510,True,False,1,False,False,False,NONE,OK
2018-12-25,2018,24,24,24,24,2018-12-24 17:00:00+00:00,2018-12-24 16:45:00,2018-12-24 16:45:00+00:00,7515,True,False,1,False,False,False,NONE,OK
2018-12-26,2018,24,24,24,24,2018-12-25 17:00:00+00:00,2018-12-25 16:45:00,2018-12-25 16:45:00+00:00,7520,True,False,1,False,False,False,NONE,OK
2018-12-27,2018,24,24,24,24,2018-12-26 17:00:00+00:00,2018-12-26 16:45:00,2018-12-26 16:45:00+00:00,7525,True,False,1,False,False,False,NONE,OK
2018-12-28,2018,24,24,24,24,2018-12-27 17:00:00+00:00,2018-12-27 16:45:00,2018-12-27 16:45:00+00:00,7530,True,False,1,False,False,False,NONE,OK
2018-12-29,2018,24,24,24,24,2018-12-28 17:00:00+00:00,2018-12-28 16:45:00,2018-12-28 16:45:00+00:00,7535,True,False,1,False,False,False,NONE,OK
2018-12-30,2018,24,24,24,24,2018-12-29 17:00:00+00:00,2018-12-29 16:45:00,2018-12-29 16:45:00+00:00,7540,True,False,1,False,False,False,NONE,OK
2018-12-31,2018,24,24,24,24,2018-12-30 17:00:00+00:00,2018-12-30 16:45:00,2018-12-30 16:45:00+00:00,7545,True,False,1,False,False,False,NONE,OK
2019-01-01,2019,24,24,24,24,2018-12-31 17:00:00+00:00,2018-12-31 16:45:00,2018-12-31 16:45:00+00:00,7550,True,False,1,False,False,False,NONE,OK
2019-01-02,2019,24,24,24,24,2019-01-01 17:00:00+00:00,2019-01-01 16:45:00,2019-01-01 16:45:00+00:00,7555,True,False,1,False,False,False,NONE,OK
2019-01-03,2019,24,24,24,24,2019-01-02 17:00:00+00:00,2019-01-02 16:45:00,2019-01-02 16:45:00+00:00,7560,True,False,1,False,False,False,NONE,OK
2019-01-04,2019,24,24,24,24,2019-01-03 17:00:00+00:00,2019-01-03 16:45:00,2019-01-03 16:45:00+00:00,7565,True,False,1,False,False,False,NONE,OK
2019-01-05,2019,24,24,24,24,2019-01-04 17:00:00+00:00,2019-01-04 16:45:00,2019-01-04 16:45:00+00:00,7570,True,False,1,False,False,False,NONE,OK
2019-01-06,2019,24,24,24,24,2019-01-05 17:00:00+00:00,2019-01-05 16:45:00,2019-01-05 16:45:00+00:00,7575,True,False,1,False,False,False,NONE,OK
2019-01-07,2019,24,24,24,24,2019-01-06 17:00:00+00:00,2019-01-06 16:45:00,2019-01-06 16:45:00+00:00,7580,True,False,1,False,False,False,NONE,OK
2019-01-08,2019,24,24,24,24,2019-01-07 17:00:00+00:00,2019-01-07 16:45:00,2019-01-07 16:45:00+00:00,7585,True,False,1,False,False,False,NONE,OK
2019-01-09,2019,24,24,24,24,2019-01-08 17:00:00+00:00,2019-01-08 16:45:00,2019-01-08 16:45:00+00:00,7590,True,False,1,False,False,False,NONE,OK
2019-01-10,2019,24,24,24,24,2019-01-09 17:00:00+00:00,2019-01-09 16:45:00,2019-01-09 16:45:00+00:00,7595,True,False,1,False,False,False,NONE,OK
2019-01-11,2019,24,24,24,24,2019-01-10 17:00:00+00:00,2019-01-10 16:45:00,2019-01-10 16:45:00+00:00,7600,True,False,1,False,False,False,NONE,OK
2019-01-12,2019,24,24,24,24,2019-01-11 17:00:00+00:00,2019-01-11 16:45:00,2019-01-11 16:45:00+00:00,7605,True,False,1,False,False,False,NONE,OK
2019-01-13,2019,24,24,24,24,2019-01-12 17:00:00+00:00,2019-01-12 16:45:00,2019-01-12 16:45:00+00:00,7610,True,False,1,False,False,False,NONE,OK
2019-01-14,2019,24,24,24,24,2019-01-13 17:00:00+00:00,2019-01-13 16:45:00,2019-01-13 16:45:00+00:00,7615,True,False,1,False,False,False,NONE,OK
2019-01-15,2019,24,24,24,24,2019-01-14 17:00:00+00:00,2019-01-14 16:45:00,2019-01-14 16:45:00+00:00,7620,True,False,1,False,False,False,NONE,OK
2019-01-16,2019,24,24,24,24,2019-01-15 17:00:00+00:00,2019-01-15 16:45:00,2019-01-15 16:45:00+00:00,7625,True,False,1,False,False,False,NONE,OK
2019-01-17,2019,24,24,24,24,2019-01-16 17:00:00+00:00,2019-01-16 16:45:00,2019-01-16 16:45:00+00:00,7630,True,False,1,False,False,False,NONE,OK
2019-01-18,2019,24,24,24,24,2019-01-17 17:00:00+00:00,2019-01-17 16:45:00,2019-01-17 16:45:00+00:00,7635,True,False,1,False,False,False,NONE,OK
2019-01-19,2019,24,24,24,24,2019-01-18 17:00:00+00:00,2019-01-18 16:45:00,2019-01-18 16:45:00+00:00,7640,True,False,1,False,False,False,NONE,OK
2019-01-20,2019,24,24,24,24,2019-01-19 17:00:00+00:00,2019-01-19 16:45:00,2019-01-19 16:45:00+00:00,7645,True,False,1,False,False,False,NONE,OK
2019-01-21,2019,24,24,24,24,2019-01-20 17:00:00+00:00,2019-01-20 16:45:00,2019-01-20 16:45:00+00:00,7650,True,False,1,False,False,False,NONE,OK
2019-01-22,2019,24,24,24,24,2019-01-21 17:00:00+00:00,2019-01-21 16:45:00,2019-01-21 16:45:00+00:00,7655,True,False,1,False,False,False,NONE,OK
2019-01-23,2019,24,24,24,24,2019-01-22 17:00:00+00:00,2019-01-22 16:45:00,2019-01-22 16:45:00+00:00,7660,True,False,1,False,False,False,NONE,OK
2019-01-24,2019,24,24,24,24,2019-01-23 17:00:00+00:00,2019-01-23 16:45:00,2019-01-23 16:45:00+00:00,7665,True,False,1,False,False,False,NONE,OK
2019-01-25,2019,24,24,24,24,2019-01-24 17:00:00+00:00,2019-01-24 16:45:00,2019-01-24 16:45:00+00:00,7670,True,False,1,False,False,False,NONE,OK
2019-01-26,2019,24,24,24,24,2019-01-25 17:00:00+00:00,2019-01-25 16:45:00,2019-01-25 16:45:00+00:00,7675,True,False,1,False,False,False,NONE,OK
2019-01-27,2019,24,24,24,24,2019-01-26 17:00:00+00:00,2019-01-26 16:45:00,2019-01-26 16:45:00+00:00,7680,True,False,1,False,False,False,NONE,OK
2019-01-28,2019,24,24,24,24,2019-01-27 17:00:00+00:00,2019-01-27 16:45:00,2019-01-27 16:45:00+00:00,7685,True,False,1,False,False,False,NONE,OK
2019-01-29,2019,24,24,24,24,2019-01-28 17:00:00+00:00,2019-01-28 16:45:00,2019-01-28 16:45:00+00:00,7690,True,False,1,False,False,False,NONE,OK
2019-01-30,2019,24,24,24,24,2019-01-29 17:00:00+00:00,2019-01-29 16:45:00,2019-01-29 16:45:00+00:00,7695,True,False,1,False,False,False,NONE,OK
2019-01-31,2019,24,24,24,24,2019-01-30 17:00:00+00:00,2019-01-30 16:45:00,2019-01-30 16:45:00+00:00,7700,True,False,1,False,False,False,NONE,OK
2019-02-01,2019,24,24,24,24,2019-01-31 17:00:00+00:00,2019-01-31 16:45:00,2019-01-31 16:45:00+00:00,7705,True,False,1,False,False,False,NONE,OK
2019-02-02,2019,24,24,24,24,2019-02-01 17:00:00+00:00,2019-02-01 16:45:00,2019-02-01 16:45:00+00:00,7710,True,False,1,False,False,False,NONE,OK
2019-02-03,2019,24,24,24,24,2019-02-02 17:00:00+00:00,2019-02-02 16:45:00,2019-02-02 16:45:00+00:00,7715,True,False,1,False,False,False,NONE,OK
2019-02-04,2019,24,24,24,24,2019-02-03 17:00:00+00:00,2019-02-03 16:45:00,2019-02-03 16:45:00+00:00,7720,True,False,1,False,False,False,NONE,OK
2019-02-05,2019,24,24,24,24,2019-02-04 17:00:00+00:00,2019-02-04 16:45:00,2019-02-04 16:45:00+00:00,7725,True,False,1,False,False,False,NONE,OK
2019-02-06,2019,24,24,24,24,2019-02-05 17:00:00+00:00,2019-02-05 16:45:00,2019-02-05 16:45:00+00:00,7730,True,False,1,False,False,False,NONE,OK
2019-02-07,2019,24,24,24,24,2019-02-06 17:00:00+00:00,2019-02-06 16:45:00,2019-02-06 16:45:00+00:00,7735,True,False,1,False,False,False,NONE,OK
2019-02-08,2019,24,24,24,24,2019-02-07 17:00:00+00:00,2019-02-07 16:45:00,2019-02-07 16:45:00+00:00,7740,True,False,1,False,False,False,NONE,OK
2019-02-09,2019,24,24,24,24,2019-02-08 17:00:00+00:00,2019-02-08 16:45:00,2019-02-08 16:45:00+00:00,7745,True,False,1,False,False,False,NONE,OK
2019-02-10,2019,24,24,24,24,2019-02-09 17:00:00+00:00,2019-02-09 16:45:00,2019-02-09 16:45:00+00:00,7750,True,False,1,False,False,False,NONE,OK
2019-02-11,2019,24,24,24,24,2019-02-10 17:00:00+00:00,2019-02-10 16:45:00,2019-02-10 16:45:00+00:00,7755,True,False,1,False,False,False,NONE,OK
2019-02-12,2019,24,24,24,24,2019-02-11 17:00:00+00:00,2019-02-11 16:45:00,2019-02-11 16:45:00+00:00,7760,True,False,1,False,False,False,NONE,OK
2019-02-13,2019,24,24,24,24,2019-02-12 17:00:00+00:00,2019-02-12 16:45:00,2019-02-12 16:45:00+00:00,7765,True,False,1,False,False,False,NONE,OK
2019-02-14,2019,24,24,24,24,2019-02-13 17:00:00+00:00,2019-02-13 16:45:00,2019-02-13 16:45:00+00:00,7770,True,False,1,False,False,False,NONE,OK
2019-02-15,2019,24,24,24,24,2019-02-14 17:00:00+00:00,2019-02-14 16:45:00,2019-02-14 16:45:00+00:00,7775,True,False,1,False,False,False,NONE,OK
2019-02-16,2019,24,24,24,24,2019-02-15 17:00:00+00:00,2019-02-15 16:45:00,2019-02-15 16:45:00+00:00,7780,True,False,1,False,False,False,NONE,OK
2019-02-17,2019,24,24,24,24,2019-02-16 17:00:00+00:00,2019-02-16 16:45:00,2019-02-16 16:45:00+00:00,7785,True,False,1,False,False,False,NONE,OK
2019-02-18,2019,24,24,24,24,2019-02-17 17:00:00+00:00,2019-02-17 16:45:00,2019-02-17 16:45:00+00:00,7790,True,False,1,False,False,False,NONE,OK
2019-02-19,2019,24,24,24,24,2019-02-18 17:00:00+00:00,2019-02-18 16:45:00,2019-02-18 16:45:00+00:00,7795,True,False,1,False,False,False,NONE,OK
2019-02-20,2019,24,24,24,24,2019-02-19 17:00:00+00:00,2019-02-19 16:45:00,2019-02-19 16:45:00+00:00,7800,True,False,1,False,False,False,NONE,OK
2019-02-21,2019,24,24,24,24,2019-02-20 17:00:00+00:00,2019-02-20 16:45:00,2019-02-20 16:45:00+00:00,7805,True,False,1,False,False,False,NONE,OK
2019-02-22,2019,24,24,24,24,2019-02-21 17:00:00+00:00,2019-02-21 16:45:00,2019-02-21 16:45:00+00:00,7810,True,False,1,False,False,False,NONE,OK
2019-02-23,2019,24,24,24,24,2019-02-22 17:00:00+00:00,2019-02-22 16:45:00,2019-02-22 16:45:00+00:00,7815,True,False,1,False,False,False,NONE,OK
2019-02-24,2019,24,24,24,24,2019-02-23 17:00:00+00:00,2019-02-23 16:45:00,2019-02-23 16:45:00+00:00,7820,True,False,1,False,False,False,NONE,OK
2019-02-25,2019,24,24,24,24,2019-02-24 17:00:00+00:00,2019-02-24 16:45:00,2019-02-24 16:45:00+00:00,7825,True,False,1,False,False,False,NONE,OK
2019-02-26,2019,24,24,24,24,2019-02-25 17:00:00+00:00,2019-02-25 16:45:00,2019-02-25 16:45:00+00:00,7830,True,False,1,False,False,False,NONE,OK
2019-02-27,2019,24,24,24,24,2019-02-26 17:00:00+00:00,2019-02-26 16:45:00,2019-02-26 16:45:00+00:00,7835,True,False,1,False,False,False,NONE,OK
2019-02-28,2019,24,24,24,24,2019-02-27 17:00:00+00:00,2019-02-27 16:45:00,2019-02-27 16:45:00+00:00,7840,True,False,1,False,False,False,NONE,OK
2019-03-01,2019,24,24,24,24,2019-02-28 17:00:00+00:00,2019-02-28 16:45:00,2019-02-28 16:45:00+00:00,7845,True,False,1,False,False,False,NONE,OK
2019-03-02,2019,24,24,24,24,2019-03-01 17:00:00+00:00,2019-03-01 16:45:00,2019-03-01 16:45:00+00:00,7850,True,False,1,False,False,False,NONE,OK
2019-03-03,2019,24,24,24,24,2019-03-02 17:00:00+00:00,2019-03-02 16:45:00,2019-03-02 16:45:00+00:00,7855,True,False,1,False,False,False,NONE,OK
2019-03-04,2019,24,24,24,24,2019-03-03 17:00:00+00:00,2019-03-03 16:45:00,2019-03-03 16:45:00+00:00,7860,True,False,1,False,False,False,NONE,OK
2019-03-05,2019,24,24,24,24,2019-03-04 17:00:00+00:00,2019-03-04 16:45:00,2019-03-04 16:45:00+00:00,7865,True,False,1,False,False,False,NONE,OK
2019-03-06,2019,24,24,24,24,2019-03-05 17:00:00+00:00,2019-03-05 16:45:00,2019-03-05 16:45:00+00:00,7870,True,False,1,False,False,False,NONE,OK
2019-03-07,2019,24,24,24,24,2019-03-06 17:00:00+00:00,2019-03-06 16:45:00,2019-03-06 16:45:00+00:00,7875,True,False,1,False,False,False,NONE,OK
2019-03-08,2019,24,24,24,24,2019-03-07 17:00:00+00:00,2019-03-07 16:45:00,2019-03-07 16:45:00+00:00,7880,True,False,1,False,False,False,NONE,OK
2019-03-09,2019,24,24,24,0,2019-03-08 17:00:00+00:00,,,7882,False,False,0,False,False,False,NO_COMPLETE_VINTAGE,UNAVAILABLE
2019-03-10,2019,23,23,23,23,2019-03-09 17:00:00+00:00,2019-03-09 04:45:00,2019-03-09 04:45:00+00:00,7883,True,False,1,False,False,False,NONE,OK
2019-03-11,2019,24,24,24,24,2019-03-10 16:00:00+00:00,2019-03-10 15:45:00,2019-03-10 15:45:00+00:00,7887,True,False,1,False,False,False,NONE,OK
2019-03-12,2019,24,24,24,24,2019-03-11 16:00:00+00:00,2019-03-11 15:45:00,2019-03-11 15:45:00+00:00,7892,True,False,1,False,False,False,NONE,OK
2019-03-13,2019,24,24,24,24,2019-03-12 16:00:00+00:00,2019-03-12 15:45:00,2019-03-12 15:45:00+00:00,7897,True,False,1,False,False,False,NONE,OK
2019-03-14,2019,24,24,24,24,2019-03-13 16:00:00+00:00,2019-03-13 15:45:00,2019-03-13 15:45:00+00:00,7902,True,False,1,False,False,False,NONE,OK
2019-03-15,2019,24,24,24,24,2019-03-14 16:00:00+00:00,2019-03-14 15:45:00,2019-03-14 15:45:00+00:00,7907,True,False,1,False,False,False,NONE,OK
2019-03-16,2019,24,24,24,24,2019-03-15 16:00:00+00:00,2019-03-15 15:45:00,2019-03-15 15:45:00+00:00,7912,True,False,1,False,False,False,NONE,OK
2019-03-17,2019,24,24,24,24,2019-03-16 16:00:00+00:00,2019-03-16 15:45:00,2019-03-16 15:45:00+00:00,7917,True,False,1,False,False,False,NONE,OK
2019-03-18,2019,24,24,24,24,2019-03-17 16:00:00+00:00,2019-03-17 15:45:00,2019-03-17 15:45:00+00:00,7922,True,False,1,False,False,False,NONE,OK
2019-03-19,2019,24,24,24,24,2019-03-18 16:00:00+00:00,2019-03-18 15:45:00,2019-03-18 15:45:00+00:00,7927,True,False,1,False,False,False,NONE,OK
2019-03-20,2019,24,24,24,24,2019-03-19 16:00:00+00:00,2019-03-19 15:45:00,2019-03-19 15:45:00+00:00,7932,True,False,1,False,False,False,NONE,OK
2019-03-21,2019,24,24,24,24,2019-03-20 16:00:00+00:00,2019-03-20 15:45:00,2019-03-20 15:45:00+00:00,7937,True,False,1,False,False,False,NONE,OK
2019-03-22,2019,24,24,24,24,2019-03-21 16:00:00+00:00,2019-03-21 15:45:00,2019-03-21 15:45:00+00:00,7942,True,False,1,False,False,False,NONE,OK
2019-03-23,2019,24,24,24,24,2019-03-22 16:00:00+00:00,2019-03-22 15:45:00,2019-03-22 15:45:00+00:00,7947,True,False,1,False,False,False,NONE,OK
2019-03-24,2019,24,24,24,24,2019-03-23 16:00:00+00:00,2019-03-23 15:45:00,2019-03-23 15:45:00+00:00,7952,True,False,1,False,False,False,NONE,OK
2019-03-25,2019,24,24,24,24,2019-03-24 16:00:00+00:00,2019-03-24 15:45:00,2019-03-24 15:45:00+00:00,7957,True,False,1,False,False,False,NONE,OK
2019-03-26,2019,24,24,24,24,2019-03-25 16:00:00+00:00,2019-03-25 15:45:00,2019-03-25 15:45:00+00:00,7962,True,False,1,False,False,False,NONE,OK
2019-03-27,2019,24,24,24,24,2019-03-26 16:00:00+00:00,2019-03-26 15:45:00,2019-03-26 15:45:00+00:00,7967,True,False,1,False,False,False,NONE,OK
2019-03-28,2019,24,24,24,24,2019-03-27 16:00:00+00:00,2019-03-27 15:45:00,2019-03-27 15:45:00+00:00,7972,True,False,1,False,False,False,NONE,OK
2019-03-29,2019,24,24,24,24,2019-03-28 16:00:00+00:00,2019-03-28 15:45:00,2019-03-28 15:45:00+00:00,7977,True,False,1,False,False,False,NONE,OK
2019-03-30,2019,24,24,24,24,2019-03-29 16:00:00+00:00,2019-03-29 15:45:00,2019-03-29 15:45:00+00:00,7982,True,False,1,False,False,False,NONE,OK
2019-03-31,2019,24,24,24,24,2019-03-30 16:00:00+00:00,2019-03-30 15:45:00,2019-03-30 15:45:00+00:00,7987,True,False,1,False,False,False,NONE,OK
2019-04-01,2019,24,24,24,24,2019-03-31 16:00:00+00:00,2019-03-31 15:45:00,2019-03-31 15:45:00+00:00,7992,True,False,1,False,False,False,NONE,OK
2019-04-02,2019,24,24,24,24,2019-04-01 16:00:00+00:00,2019-04-01 15:45:00,2019-04-01 15:45:00+00:00,7997,True,False,1,False,False,False,NONE,OK
2019-04-03,2019,24,24,24,24,2019-04-02 16:00:00+00:00,2019-04-02 15:45:00,2019-04-02 15:45:00+00:00,8002,True,False,1,False,False,False,NONE,OK
2019-04-04,2019,24,24,24,24,2019-04-03 16:00:00+00:00,2019-04-03 15:45:00,2019-04-03 15:45:00+00:00,8007,True,False,1,False,False,False,NONE,OK
2019-04-05,2019,24,24,24,24,2019-04-04 16:00:00+00:00,2019-04-04 15:45:00,2019-04-04 15:45:00+00:00,8012,True,False,1,False,False,False,NONE,OK
2019-04-06,2019,24,24,24,24,2019-04-05 16:00:00+00:00,2019-04-05 15:45:00,2019-04-05 15:45:00+00:00,8017,True,False,1,False,False,False,NONE,OK
2019-04-07,2019,24,24,24,24,2019-04-06 16:00:00+00:00,2019-04-06 15:45:00,2019-04-06 15:45:00+00:00,8022,True,False,1,False,False,False,NONE,OK
2019-04-08,2019,24,24,24,24,2019-04-07 16:00:00+00:00,2019-04-07 15:45:00,2019-04-07 15:45:00+00:00,8027,True,False,1,False,False,False,NONE,OK
2019-04-09,2019,24,24,24,24,2019-04-08 16:00:00+00:00,2019-04-08 15:45:00,2019-04-08 15:45:00+00:00,8032,True,False,1,False,False,False,NONE,OK
2019-04-10,2019,24,24,24,24,2019-04-09 16:00:00+00:00,2019-04-09 15:45:00,2019-04-09 15:45:00+00:00,8037,True,False,1,False,False,False,NONE,OK
2019-04-11,2019,24,24,24,24,2019-04-10 16:00:00+00:00,2019-04-10 15:45:00,2019-04-10 15:45:00+00:00,8042,True,False,1,False,False,False,NONE,OK
2019-04-12,2019,24,24,24,24,2019-04-11 16:00:00+00:00,2019-04-11 15:45:00,2019-04-11 15:45:00+00:00,8047,True,False,1,False,False,False,NONE,OK
2019-04-13,2019,24,24,24,24,2019-04-12 16:00:00+00:00,2019-04-12 15:45:00,2019-04-12 15:45:00+00:00,8052,True,False,1,False,False,False,NONE,OK
2019-04-14,2019,24,24,24,24,2019-04-13 16:00:00+00:00,2019-04-13 15:45:00,2019-04-13 15:45:00+00:00,8057,True,False,1,False,False,False,NONE,OK
2019-04-15,2019,24,24,24,24,2019-04-14 16:00:00+00:00,2019-04-14 15:45:00,2019-04-14 15:45:00+00:00,8062,True,False,1,False,False,False,NONE,OK
2019-04-16,2019,24,24,24,24,2019-04-15 16:00:00+00:00,2019-04-15 15:45:00,2019-04-15 15:45:00+00:00,8067,True,False,1,False,False,False,NONE,OK
2019-04-17,2019,24,24,24,24,2019-04-16 16:00:00+00:00,2019-04-16 15:45:00,2019-04-16 15:45:00+00:00,8072,True,False,1,False,False,False,NONE,OK
2019-04-18,2019,24,24,24,24,2019-04-17 16:00:00+00:00,2019-04-17 15:45:00,2019-04-17 15:45:00+00:00,8077,True,False,1,False,False,False,NONE,OK
2019-04-19,2019,24,24,24,24,2019-04-18 16:00:00+00:00,2019-04-18 15:45:00,2019-04-18 15:45:00+00:00,8082,True,False,1,False,False,False,NONE,OK
2019-04-20,2019,24,24,24,24,2019-04-19 16:00:00+00:00,2019-04-19 15:45:00,2019-04-19 15:45:00+00:00,8087,True,False,1,False,False,False,NONE,OK
2019-04-21,2019,24,24,24,24,2019-04-20 16:00:00+00:00,2019-04-20 15:45:00,2019-04-20 15:45:00+00:00,8092,True,False,1,False,False,False,NONE,OK
2019-04-22,2019,24,24,24,24,2019-04-21 16:00:00+00:00,2019-04-21 15:45:00,2019-04-21 15:45:00+00:00,8097,True,False,1,False,False,False,NONE,OK
2019-04-23,2019,24,24,24,24,2019-04-22 16:00:00+00:00,2019-04-22 15:45:00,2019-04-22 15:45:00+00:00,8102,True,False,1,False,False,False,NONE,OK
2019-04-24,2019,24,24,24,24,2019-04-23 16:00:00+00:00,2019-04-23 15:45:00,2019-04-23 15:45:00+00:00,8107,True,False,1,False,False,False,NONE,OK
2019-04-25,2019,24,24,24,24,2019-04-24 16:00:00+00:00,2019-04-24 15:45:00,2019-04-24 15:45:00+00:00,8112,True,False,1,False,False,False,NONE,OK
2019-04-26,2019,24,24,24,24,2019-04-25 16:00:00+00:00,2019-04-25 15:45:00,2019-04-25 15:45:00+00:00,8117,True,False,1,False,False,False,NONE,OK
2019-04-27,2019,24,24,24,24,2019-04-26 16:00:00+00:00,2019-04-26 15:45:00,2019-04-26 15:45:00+00:00,8122,True,False,1,False,False,False,NONE,OK
2019-04-28,2019,24,24,24,24,2019-04-27 16:00:00+00:00,2019-04-27 15:45:00,2019-04-27 15:45:00+00:00,8127,True,False,1,False,False,False,NONE,OK
2019-04-29,2019,24,24,24,24,2019-04-28 16:00:00+00:00,2019-04-28 15:45:00,2019-04-28 15:45:00+00:00,8132,True,False,1,False,False,False,NONE,OK
2019-04-30,2019,24,24,24,24,2019-04-29 16:00:00+00:00,2019-04-29 15:45:00,2019-04-29 15:45:00+00:00,8137,True,False,1,False,False,False,NONE,OK
2019-05-01,2019,24,24,24,24,2019-04-30 16:00:00+00:00,2019-04-30 15:45:00,2019-04-30 15:45:00+00:00,8142,True,False,1,False,False,False,NONE,OK
2019-05-02,2019,24,24,24,24,2019-05-01 16:00:00+00:00,2019-05-01 15:45:00,2019-05-01 15:45:00+00:00,8147,True,False,1,False,False,False,NONE,OK
2019-05-03,2019,24,24,24,24,2019-05-02 16:00:00+00:00,2019-05-02 15:45:00,2019-05-02 15:45:00+00:00,8152,True,False,1,False,False,False,NONE,OK
2019-05-04,2019,24,24,24,24,2019-05-03 16:00:00+00:00,2019-05-03 15:45:00,2019-05-03 15:45:00+00:00,8157,True,False,1,False,False,False,NONE,OK
2019-05-05,2019,24,24,24,24,2019-05-04 16:00:00+00:00,2019-05-04 15:45:00,2019-05-04 15:45:00+00:00,8162,True,False,1,False,False,False,NONE,OK
2019-05-06,2019,24,24,24,24,2019-05-05 16:00:00+00:00,2019-05-05 15:45:00,2019-05-05 15:45:00+00:00,8167,True,False,1,False,False,False,NONE,OK
2019-05-07,2019,24,24,24,24,2019-05-06 16:00:00+00:00,2019-05-06 15:45:00,2019-05-06 15:45:00+00:00,8172,True,False,1,False,False,False,NONE,OK
2019-05-08,2019,24,24,24,24,2019-05-07 16:00:00+00:00,2019-05-07 15:45:00,2019-05-07 15:45:00+00:00,8177,True,False,1,False,False,False,NONE,OK
2019-05-09,2019,24,24,24,24,2019-05-08 16:00:00+00:00,2019-05-08 15:45:00,2019-05-08 15:45:00+00:00,8182,True,False,1,False,False,False,NONE,OK
2019-05-10,2019,24,24,24,24,2019-05-09 16:00:00+00:00,2019-05-09 15:45:00,2019-05-09 15:45:00+00:00,8187,True,False,1,False,False,False,NONE,OK
2019-05-11,2019,24,24,24,24,2019-05-10 16:00:00+00:00,2019-05-10 15:45:00,2019-05-10 15:45:00+00:00,8192,True,False,1,False,False,False,NONE,OK
2019-05-12,2019,24,24,24,24,2019-05-11 16:00:00+00:00,2019-05-11 15:45:00,2019-05-11 15:45:00+00:00,8197,True,False,1,False,False,False,NONE,OK
2019-05-13,2019,24,24,24,24,2019-05-12 16:00:00+00:00,2019-05-12 15:45:00,2019-05-12 15:45:00+00:00,8202,True,False,1,False,False,False,NONE,OK
2019-05-14,2019,24,24,24,24,2019-05-13 16:00:00+00:00,2019-05-13 15:45:00,2019-05-13 15:45:00+00:00,8207,True,False,1,False,False,False,NONE,OK
2019-05-15,2019,24,24,24,24,2019-05-14 16:00:00+00:00,2019-05-14 15:45:00,2019-05-14 15:45:00+00:00,8212,True,False,1,False,False,False,NONE,OK
2019-05-16,2019,24,24,24,24,2019-05-15 16:00:00+00:00,2019-05-15 15:45:00,2019-05-15 15:45:00+00:00,8217,True,False,1,False,False,False,NONE,OK
2019-05-17,2019,24,24,24,24,2019-05-16 16:00:00+00:00,2019-05-16 15:45:00,2019-05-16 15:45:00+00:00,8222,True,False,1,False,False,False,NONE,OK
2019-05-18,2019,24,24,24,24,2019-05-17 16:00:00+00:00,2019-05-17 15:45:00,2019-05-17 15:45:00+00:00,8227,True,False,1,False,False,False,NONE,OK
2019-05-19,2019,24,24,24,24,2019-05-18 16:00:00+00:00,2019-05-18 15:45:00,2019-05-18 15:45:00+00:00,8232,True,False,1,False,False,False,NONE,OK
2019-05-20,2019,24,24,24,24,2019-05-19 16:00:00+00:00,2019-05-19 15:45:00,2019-05-19 15:45:00+00:00,8237,True,False,1,False,False,False,NONE,OK
2019-05-21,2019,24,24,24,24,2019-05-20 16:00:00+00:00,2019-05-20 15:45:00,2019-05-20 15:45:00+00:00,8242,True,False,1,False,False,False,NONE,OK
2019-05-22,2019,24,24,24,24,2019-05-21 16:00:00+00:00,2019-05-21 15:45:00,2019-05-21 15:45:00+00:00,8247,True,False,1,False,False,False,NONE,OK
2019-05-23,2019,24,24,24,24,2019-05-22 16:00:00+00:00,2019-05-22 15:45:00,2019-05-22 15:45:00+00:00,8252,True,False,1,False,False,False,NONE,OK
2019-05-24,2019,24,24,24,24,2019-05-23 16:00:00+00:00,2019-05-23 15:45:00,2019-05-23 15:45:00+00:00,8257,True,False,1,False,False,False,NONE,OK
2019-05-25,2019,24,24,24,24,2019-05-24 16:00:00+00:00,2019-05-24 15:45:00,2019-05-24 15:45:00+00:00,8262,True,False,1,False,False,False,NONE,OK
2019-05-26,2019,24,24,24,24,2019-05-25 16:00:00+00:00,2019-05-25 15:45:00,2019-05-25 15:45:00+00:00,8267,True,False,1,False,False,False,NONE,OK
2019-05-27,2019,24,24,24,24,2019-05-26 16:00:00+00:00,2019-05-26 15:45:00,2019-05-26 15:45:00+00:00,8272,True,False,1,False,False,False,NONE,OK
2019-05-28,2019,24,24,24,24,2019-05-27 16:00:00+00:00,2019-05-27 15:45:00,2019-05-27 15:45:00+00:00,8277,True,False,1,False,False,False,NONE,OK
2019-05-29,2019,24,24,24,24,2019-05-28 16:00:00+00:00,2019-05-28 15:45:00,2019-05-28 15:45:00+00:00,8282,True,False,1,False,False,False,NONE,OK
2019-05-30,2019,24,24,24,24,2019-05-29 16:00:00+00:00,2019-05-29 15:45:00,2019-05-29 15:45:00+00:00,8287,True,False,1,False,False,False,NONE,OK
2019-05-31,2019,24,24,24,24,2019-05-30 16:00:00+00:00,2019-05-30 15:45:00,2019-05-30 15:45:00+00:00,8292,True,False,1,False,False,False,NONE,OK
2019-06-01,2019,24,24,24,24,2019-05-31 16:00:00+00:00,2019-05-31 15:45:00,2019-05-31 15:45:00+00:00,8297,True,False,1,False,False,False,NONE,OK
2019-06-02,2019,24,24,24,24,2019-06-01 16:00:00+00:00,2019-06-01 15:45:00,2019-06-01 15:45:00+00:00,8302,True,False,1,False,False,False,NONE,OK
2019-06-03,2019,24,24,24,24,2019-06-02 16:00:00+00:00,2019-06-02 15:45:00,2019-06-02 15:45:00+00:00,8307,True,False,1,False,False,False,NONE,OK
2019-06-04,2019,24,24,24,24,2019-06-03 16:00:00+00:00,2019-06-03 15:45:00,2019-06-03 15:45:00+00:00,8312,True,False,1,False,False,False,NONE,OK
2019-06-05,2019,24,24,24,24,2019-06-04 16:00:00+00:00,2019-06-04 15:45:00,2019-06-04 15:45:00+00:00,8317,True,False,1,False,False,False,NONE,OK
2019-06-06,2019,24,24,24,24,2019-06-05 16:00:00+00:00,2019-06-05 15:45:00,2019-06-05 15:45:00+00:00,8322,True,False,1,False,False,False,NONE,OK
2019-06-07,2019,24,24,24,24,2019-06-06 16:00:00+00:00,2019-06-06 15:45:00,2019-06-06 15:45:00+00:00,8327,True,False,1,False,False,False,NONE,OK
2019-06-08,2019,24,24,24,24,2019-06-07 16:00:00+00:00,2019-06-07 15:45:00,2019-06-07 15:45:00+00:00,8332,True,False,1,False,False,False,NONE,OK
2019-06-09,2019,24,24,24,24,2019-06-08 16:00:00+00:00,2019-06-08 15:45:00,2019-06-08 15:45:00+00:00,8337,True,False,1,False,False,False,NONE,OK
2019-06-10,2019,24,24,24,24,2019-06-09 16:00:00+00:00,2019-06-09 15:45:00,2019-06-09 15:45:00+00:00,8342,True,False,1,False,False,False,NONE,OK
2019-06-11,2019,24,24,24,24,2019-06-10 16:00:00+00:00,2019-06-10 15:45:00,2019-06-10 15:45:00+00:00,8347,True,False,1,False,False,False,NONE,OK
2019-06-12,2019,24,24,24,24,2019-06-11 16:00:00+00:00,2019-06-11 15:45:00,2019-06-11 15:45:00+00:00,8352,True,False,1,False,False,False,NONE,OK
2019-06-13,2019,24,24,24,24,2019-06-12 16:00:00+00:00,2019-06-12 15:45:00,2019-06-12 15:45:00+00:00,8357,True,False,1,False,False,False,NONE,OK
2019-06-14,2019,24,24,24,24,2019-06-13 16:00:00+00:00,2019-06-13 15:45:00,2019-06-13 15:45:00+00:00,8362,True,False,1,False,False,False,NONE,OK
2019-06-15,2019,24,24,24,24,2019-06-14 16:00:00+00:00,2019-06-14 15:45:00,2019-06-14 15:45:00+00:00,8367,True,False,1,False,False,False,NONE,OK
2019-06-16,2019,24,24,24,24,2019-06-15 16:00:00+00:00,2019-06-15 15:45:00,2019-06-15 15:45:00+00:00,8372,True,False,1,False,False,False,NONE,OK
2019-06-17,2019,24,24,24,24,2019-06-16 16:00:00+00:00,2019-06-16 15:45:00,2019-06-16 15:45:00+00:00,8377,True,False,1,False,False,False,NONE,OK
2019-06-18,2019,24,24,24,24,2019-06-17 16:00:00+00:00,2019-06-17 15:45:00,2019-06-17 15:45:00+00:00,8382,True,False,1,False,False,False,NONE,OK
2019-06-19,2019,24,24,24,24,2019-06-18 16:00:00+00:00,2019-06-18 15:45:00,2019-06-18 15:45:00+00:00,8387,True,False,1,False,False,False,NONE,OK
2019-06-20,2019,24,24,24,24,2019-06-19 16:00:00+00:00,2019-06-19 15:45:00,2019-06-19 15:45:00+00:00,8392,True,False,1,False,False,False,NONE,OK
2019-06-21,2019,24,24,24,24,2019-06-20 16:00:00+00:00,2019-06-20 15:45:00,2019-06-20 15:45:00+00:00,8397,True,False,1,False,False,False,NONE,OK
2019-06-22,2019,24,24,24,24,2019-06-21 16:00:00+00:00,2019-06-21 15:45:00,2019-06-21 15:45:00+00:00,8402,True,False,1,False,False,False,NONE,OK
2019-06-23,2019,24,24,24,24,2019-06-22 16:00:00+00:00,2019-06-22 15:45:00,2019-06-22 15:45:00+00:00,8407,True,False,1,False,False,False,NONE,OK
2019-06-24,2019,24,24,24,24,2019-06-23 16:00:00+00:00,2019-06-23 15:45:00,2019-06-23 15:45:00+00:00,8412,True,False,1,False,False,False,NONE,OK
2019-06-25,2019,24,24,24,24,2019-06-24 16:00:00+00:00,2019-06-24 15:45:00,2019-06-24 15:45:00+00:00,8417,True,False,1,False,False,False,NONE,OK
2019-06-26,2019,24,24,24,24,2019-06-25 16:00:00+00:00,2019-06-25 15:45:00,2019-06-25 15:45:00+00:00,8422,True,False,1,False,False,False,NONE,OK
2019-06-27,2019,24,24,24,24,2019-06-26 16:00:00+00:00,2019-06-26 15:45:00,2019-06-26 15:45:00+00:00,8427,True,False,1,False,False,False,NONE,OK
2019-06-28,2019,24,24,24,24,2019-06-27 16:00:00+00:00,2019-06-27 15:45:00,2019-06-27 15:45:00+00:00,8432,True,False,1,False,False,False,NONE,OK
2019-06-29,2019,24,24,24,24,2019-06-28 16:00:00+00:00,2019-06-28 15:45:00,2019-06-28 15:45:00+00:00,8437,True,False,1,False,False,False,NONE,OK
2019-06-30,2019,24,24,24,24,2019-06-29 16:00:00+00:00,2019-06-29 15:45:00,2019-06-29 15:45:00+00:00,8442,True,False,1,False,False,False,NONE,OK
2019-07-01,2019,24,24,24,24,2019-06-30 16:00:00+00:00,2019-06-30 15:45:00,2019-06-30 15:45:00+00:00,8447,True,False,1,False,False,False,NONE,OK
2019-07-02,2019,24,24,24,24,2019-07-01 16:00:00+00:00,2019-07-01 15:45:00,2019-07-01 15:45:00+00:00,8452,True,False,1,False,False,False,NONE,OK
2019-07-03,2019,24,24,24,24,2019-07-02 16:00:00+00:00,2019-07-02 15:45:00,2019-07-02 15:45:00+00:00,8457,True,False,1,False,False,False,NONE,OK
2019-07-04,2019,24,24,24,24,2019-07-03 16:00:00+00:00,2019-07-03 15:45:00,2019-07-03 15:45:00+00:00,8462,True,False,1,False,False,False,NONE,OK
2019-07-05,2019,24,24,24,24,2019-07-04 16:00:00+00:00,2019-07-04 15:45:00,2019-07-04 15:45:00+00:00,8467,True,False,1,False,False,False,NONE,OK
2019-07-06,2019,24,24,24,24,2019-07-05 16:00:00+00:00,2019-07-05 15:45:00,2019-07-05 15:45:00+00:00,8472,True,False,1,False,False,False,NONE,OK
2019-07-07,2019,24,24,24,24,2019-07-06 16:00:00+00:00,2019-07-06 15:45:00,2019-07-06 15:45:00+00:00,8477,True,False,1,False,False,False,NONE,OK
2019-07-08,2019,24,24,24,24,2019-07-07 16:00:00+00:00,2019-07-07 15:45:00,2019-07-07 15:45:00+00:00,8482,True,False,1,False,False,False,NONE,OK
2019-07-09,2019,24,24,24,24,2019-07-08 16:00:00+00:00,2019-07-08 15:45:00,2019-07-08 15:45:00+00:00,8487,True,False,1,False,False,False,NONE,OK
2019-07-10,2019,24,24,24,24,2019-07-09 16:00:00+00:00,2019-07-09 15:45:00,2019-07-09 15:45:00+00:00,8492,True,False,1,False,False,False,NONE,OK
2019-07-11,2019,24,24,24,24,2019-07-10 16:00:00+00:00,2019-07-10 15:45:00,2019-07-10 15:45:00+00:00,8497,True,False,1,False,False,False,NONE,OK
2019-07-12,2019,24,24,24,24,2019-07-11 16:00:00+00:00,2019-07-11 15:45:00,2019-07-11 15:45:00+00:00,8502,True,False,1,False,False,False,NONE,OK
2019-07-13,2019,24,24,24,24,2019-07-12 16:00:00+00:00,2019-07-12 15:45:00,2019-07-12 15:45:00+00:00,8507,True,False,1,False,False,False,NONE,OK
2019-07-14,2019,24,24,24,24,2019-07-13 16:00:00+00:00,2019-07-13 15:45:00,2019-07-13 15:45:00+00:00,8512,True,False,1,False,False,False,NONE,OK
2019-07-15,2019,24,24,24,24,2019-07-14 16:00:00+00:00,2019-07-14 15:45:00,2019-07-14 15:45:00+00:00,8517,True,False,1,False,False,False,NONE,OK
2019-07-16,2019,24,24,24,24,2019-07-15 16:00:00+00:00,2019-07-15 15:45:00,2019-07-15 15:45:00+00:00,8522,True,False,1,False,False,False,NONE,OK
2019-07-17,2019,24,24,24,24,2019-07-16 16:00:00+00:00,2019-07-16 15:45:00,2019-07-16 15:45:00+00:00,8527,True,False,1,False,False,False,NONE,OK
2019-07-18,2019,24,24,24,24,2019-07-17 16:00:00+00:00,2019-07-17 15:45:00,2019-07-17 15:45:00+00:00,8532,True,False,1,False,False,False,NONE,OK
2019-07-19,2019,24,24,24,24,2019-07-18 16:00:00+00:00,2019-07-18 15:45:00,2019-07-18 15:45:00+00:00,8537,True,False,1,False,False,False,NONE,OK
2019-07-20,2019,24,24,24,24,2019-07-19 16:00:00+00:00,2019-07-19 15:45:00,2019-07-19 15:45:00+00:00,8542,True,False,1,False,False,False,NONE,OK
2019-07-21,2019,24,24,24,24,2019-07-20 16:00:00+00:00,2019-07-20 15:45:00,2019-07-20 15:45:00+00:00,8547,True,False,1,False,False,False,NONE,OK
2019-07-22,2019,24,24,24,24,2019-07-21 16:00:00+00:00,2019-07-21 15:45:00,2019-07-21 15:45:00+00:00,8552,True,False,1,False,False,False,NONE,OK
2019-07-23,2019,24,24,24,24,2019-07-22 16:00:00+00:00,2019-07-22 15:45:00,2019-07-22 15:45:00+00:00,8557,True,False,1,False,False,False,NONE,OK
2019-07-24,2019,24,24,24,24,2019-07-23 16:00:00+00:00,2019-07-23 15:45:00,2019-07-23 15:45:00+00:00,8562,True,False,1,False,False,False,NONE,OK
2019-07-25,2019,24,24,24,24,2019-07-24 16:00:00+00:00,2019-07-24 15:45:00,2019-07-24 15:45:00+00:00,8567,True,False,1,False,False,False,NONE,OK
2019-07-26,2019,24,24,24,24,2019-07-25 16:00:00+00:00,2019-07-25 15:45:00,2019-07-25 15:45:00+00:00,8572,True,False,1,False,False,False,NONE,OK
2019-07-27,2019,24,24,24,24,2019-07-26 16:00:00+00:00,2019-07-26 15:45:00,2019-07-26 15:45:00+00:00,8577,True,False,1,False,False,False,NONE,OK
2019-07-28,2019,24,24,24,24,2019-07-27 16:00:00+00:00,2019-07-27 15:45:00,2019-07-27 15:45:00+00:00,8582,True,False,1,False,False,False,NONE,OK
2019-07-29,2019,24,24,24,24,2019-07-28 16:00:00+00:00,2019-07-28 15:45:00,2019-07-28 15:45:00+00:00,8587,True,False,1,False,False,False,NONE,OK
2019-07-30,2019,24,24,24,24,2019-07-29 16:00:00+00:00,2019-07-29 15:45:00,2019-07-29 15:45:00+00:00,8592,True,False,1,False,False,False,NONE,OK
2019-07-31,2019,24,24,24,24,2019-07-30 16:00:00+00:00,2019-07-30 15:45:00,2019-07-30 15:45:00+00:00,8597,True,False,1,False,False,False,NONE,OK
2019-08-01,2019,24,24,24,24,2019-07-31 16:00:00+00:00,2019-07-31 15:45:00,2019-07-31 15:45:00+00:00,8602,True,False,1,False,False,False,NONE,OK
2019-08-02,2019,24,24,24,24,2019-08-01 16:00:00+00:00,2019-08-01 15:45:00,2019-08-01 15:45:00+00:00,8607,True,False,1,False,False,False,NONE,OK
2019-08-03,2019,24,24,24,24,2019-08-02 16:00:00+00:00,2019-08-02 15:45:00,2019-08-02 15:45:00+00:00,8612,True,False,1,False,False,False,NONE,OK
2019-08-04,2019,24,24,24,24,2019-08-03 16:00:00+00:00,2019-08-03 15:45:00,2019-08-03 15:45:00+00:00,8617,True,False,1,False,False,False,NONE,OK
2019-08-05,2019,24,24,24,24,2019-08-04 16:00:00+00:00,2019-08-04 15:45:00,2019-08-04 15:45:00+00:00,8622,True,False,1,False,False,False,NONE,OK
2019-08-06,2019,24,24,24,24,2019-08-05 16:00:00+00:00,2019-08-05 15:45:00,2019-08-05 15:45:00+00:00,8627,True,False,1,False,False,False,NONE,OK
2019-08-07,2019,24,24,24,24,2019-08-06 16:00:00+00:00,2019-08-06 15:45:00,2019-08-06 15:45:00+00:00,8632,True,False,1,False,False,False,NONE,OK
2019-08-08,2019,24,24,24,24,2019-08-07 16:00:00+00:00,2019-08-07 15:45:00,2019-08-07 15:45:00+00:00,8637,True,False,1,False,False,False,NONE,OK
2019-08-09,2019,24,24,24,24,2019-08-08 16:00:00+00:00,2019-08-08 15:45:00,2019-08-08 15:45:00+00:00,8642,True,False,1,False,False,False,NONE,OK
2019-08-10,2019,24,24,24,24,2019-08-09 16:00:00+00:00,2019-08-09 15:45:00,2019-08-09 15:45:00+00:00,8647,True,False,1,False,False,False,NONE,OK
2019-08-11,2019,24,24,24,24,2019-08-10 16:00:00+00:00,2019-08-10 15:45:00,2019-08-10 15:45:00+00:00,8652,True,False,1,False,False,False,NONE,OK
2019-08-12,2019,24,24,24,24,2019-08-11 16:00:00+00:00,2019-08-11 15:45:00,2019-08-11 15:45:00+00:00,8657,True,False,1,False,False,False,NONE,OK
2019-08-13,2019,24,24,24,24,2019-08-12 16:00:00+00:00,2019-08-12 15:45:00,2019-08-12 15:45:00+00:00,8662,True,False,1,False,False,False,NONE,OK
2019-08-14,2019,24,24,24,24,2019-08-13 16:00:00+00:00,2019-08-13 15:45:00,2019-08-13 15:45:00+00:00,8667,True,False,1,False,False,False,NONE,OK
2019-08-15,2019,24,24,24,24,2019-08-14 16:00:00+00:00,2019-08-14 15:45:00,2019-08-14 15:45:00+00:00,8672,True,False,1,False,False,False,NONE,OK
2019-08-16,2019,24,24,24,24,2019-08-15 16:00:00+00:00,2019-08-15 15:45:00,2019-08-15 15:45:00+00:00,8677,True,False,1,False,False,False,NONE,OK
2019-08-17,2019,24,24,24,24,2019-08-16 16:00:00+00:00,2019-08-16 15:45:00,2019-08-16 15:45:00+00:00,8682,True,False,1,False,False,False,NONE,OK
2019-08-18,2019,24,24,24,24,2019-08-17 16:00:00+00:00,2019-08-17 15:45:00,2019-08-17 15:45:00+00:00,8687,True,False,1,False,False,False,NONE,OK
2019-08-19,2019,24,24,24,24,2019-08-18 16:00:00+00:00,2019-08-18 15:45:00,2019-08-18 15:45:00+00:00,8692,True,False,1,False,False,False,NONE,OK
2019-08-20,2019,24,24,24,24,2019-08-19 16:00:00+00:00,2019-08-19 15:45:00,2019-08-19 15:45:00+00:00,8697,True,False,1,False,False,False,NONE,OK
2019-08-21,2019,24,24,24,24,2019-08-20 16:00:00+00:00,2019-08-20 15:45:00,2019-08-20 15:45:00+00:00,8702,True,False,1,False,False,False,NONE,OK
2019-08-22,2019,24,24,24,24,2019-08-21 16:00:00+00:00,2019-08-21 15:45:00,2019-08-21 15:45:00+00:00,8707,True,False,1,False,False,False,NONE,OK
2019-08-23,2019,24,24,24,24,2019-08-22 16:00:00+00:00,2019-08-22 15:45:00,2019-08-22 15:45:00+00:00,8712,True,False,1,False,False,False,NONE,OK
2019-08-24,2019,24,24,24,24,2019-08-23 16:00:00+00:00,2019-08-23 15:45:00,2019-08-23 15:45:00+00:00,8717,True,False,1,False,False,False,NONE,OK
2019-08-25,2019,24,24,24,24,2019-08-24 16:00:00+00:00,2019-08-24 15:45:00,2019-08-24 15:45:00+00:00,8722,True,False,1,False,False,False,NONE,OK
2019-08-26,2019,24,24,24,24,2019-08-25 16:00:00+00:00,2019-08-25 15:45:00,2019-08-25 15:45:00+00:00,8727,True,False,1,False,False,False,NONE,OK
2019-08-27,2019,24,24,24,24,2019-08-26 16:00:00+00:00,2019-08-26 15:45:00,2019-08-26 15:45:00+00:00,8732,True,False,1,False,False,False,NONE,OK
2019-08-28,2019,24,24,24,24,2019-08-27 16:00:00+00:00,2019-08-27 15:45:00,2019-08-27 15:45:00+00:00,8737,True,False,1,False,False,False,NONE,OK
2019-08-29,2019,24,24,24,24,2019-08-28 16:00:00+00:00,2019-08-28 15:45:00,2019-08-28 15:45:00+00:00,8742,True,False,1,False,False,False,NONE,OK
2019-08-30,2019,24,24,24,24,2019-08-29 16:00:00+00:00,2019-08-29 15:45:00,2019-08-29 15:45:00+00:00,8747,True,False,1,False,False,False,NONE,OK
2019-08-31,2019,24,24,24,24,2019-08-30 16:00:00+00:00,2019-08-30 15:45:00,2019-08-30 15:45:00+00:00,8752,True,False,1,False,False,False,NONE,OK
2019-09-01,2019,24,24,24,24,2019-08-31 16:00:00+00:00,2019-08-31 15:45:00,2019-08-31 15:45:00+00:00,8757,True,False,1,False,False,False,NONE,OK
2019-09-02,2019,24,24,24,24,2019-09-01 16:00:00+00:00,2019-09-01 15:45:00,2019-09-01 15:45:00+00:00,8762,True,False,1,False,False,False,NONE,OK
2019-09-03,2019,24,24,24,24,2019-09-02 16:00:00+00:00,2019-09-02 15:45:00,2019-09-02 15:45:00+00:00,8767,True,False,1,False,False,False,NONE,OK
2019-09-04,2019,24,24,24,24,2019-09-03 16:00:00+00:00,2019-09-03 15:45:00,2019-09-03 15:45:00+00:00,8772,True,False,1,False,False,False,NONE,OK
2019-09-05,2019,24,24,24,24,2019-09-04 16:00:00+00:00,2019-09-04 15:45:00,2019-09-04 15:45:00+00:00,8777,True,False,1,False,False,False,NONE,OK
2019-09-06,2019,24,24,24,24,2019-09-05 16:00:00+00:00,2019-09-05 15:45:00,2019-09-05 15:45:00+00:00,8782,True,False,1,False,False,False,NONE,OK
2019-09-07,2019,24,24,24,24,2019-09-06 16:00:00+00:00,2019-09-06 15:45:00,2019-09-06 15:45:00+00:00,8787,True,False,1,False,False,False,NONE,OK
2019-09-08,2019,24,24,24,24,2019-09-07 16:00:00+00:00,2019-09-07 15:45:00,2019-09-07 15:45:00+00:00,8792,True,False,1,False,False,False,NONE,OK
2019-09-09,2019,24,24,24,24,2019-09-08 16:00:00+00:00,2019-09-08 15:45:00,2019-09-08 15:45:00+00:00,8797,True,False,1,False,False,False,NONE,OK
2019-09-10,2019,24,24,24,24,2019-09-09 16:00:00+00:00,2019-09-09 15:45:00,2019-09-09 15:45:00+00:00,8802,True,False,1,False,False,False,NONE,OK
2019-09-11,2019,24,24,24,24,2019-09-10 16:00:00+00:00,2019-09-10 15:45:00,2019-09-10 15:45:00+00:00,8807,True,False,1,False,False,False,NONE,OK
2019-09-12,2019,24,24,24,24,2019-09-11 16:00:00+00:00,2019-09-11 15:45:00,2019-09-11 15:45:00+00:00,8812,True,False,1,False,False,False,NONE,OK
2019-09-13,2019,24,24,24,24,2019-09-12 16:00:00+00:00,2019-09-12 15:45:00,2019-09-12 15:45:00+00:00,8817,True,False,1,False,False,False,NONE,OK
2019-09-14,2019,24,24,24,24,2019-09-13 16:00:00+00:00,2019-09-13 15:45:00,2019-09-13 15:45:00+00:00,8822,True,False,1,False,False,False,NONE,OK
2019-09-15,2019,24,24,24,24,2019-09-14 16:00:00+00:00,2019-09-14 15:45:00,2019-09-14 15:45:00+00:00,8827,True,False,1,False,False,False,NONE,OK
2019-09-16,2019,24,24,24,24,2019-09-15 16:00:00+00:00,2019-09-15 15:45:00,2019-09-15 15:45:00+00:00,8832,True,False,1,False,False,False,NONE,OK
2019-09-17,2019,24,24,24,24,2019-09-16 16:00:00+00:00,2019-09-16 15:45:00,2019-09-16 15:45:00+00:00,8837,True,False,1,False,False,False,NONE,OK
2019-09-18,2019,24,24,24,24,2019-09-17 16:00:00+00:00,2019-09-17 15:45:00,2019-09-17 15:45:00+00:00,8842,True,False,1,False,False,False,NONE,OK
2019-09-19,2019,24,24,24,24,2019-09-18 16:00:00+00:00,2019-09-18 15:45:00,2019-09-18 15:45:00+00:00,8847,True,False,1,False,False,False,NONE,OK
2019-09-20,2019,24,24,24,24,2019-09-19 16:00:00+00:00,2019-09-19 15:45:00,2019-09-19 15:45:00+00:00,8852,True,False,1,False,False,False,NONE,OK
2019-09-21,2019,24,24,24,24,2019-09-20 16:00:00+00:00,2019-09-20 15:45:00,2019-09-20 15:45:00+00:00,8857,True,False,1,False,False,False,NONE,OK
2019-09-22,2019,24,24,24,24,2019-09-21 16:00:00+00:00,2019-09-21 15:45:00,2019-09-21 15:45:00+00:00,8862,True,False,1,False,False,False,NONE,OK
2019-09-23,2019,24,24,24,24,2019-09-22 16:00:00+00:00,2019-09-22 15:45:00,2019-09-22 15:45:00+00:00,8867,True,False,1,False,False,False,NONE,OK
2019-09-24,2019,24,24,24,24,2019-09-23 16:00:00+00:00,2019-09-23 15:45:00,2019-09-23 15:45:00+00:00,8872,True,False,1,False,False,False,NONE,OK
2019-09-25,2019,24,24,24,24,2019-09-24 16:00:00+00:00,2019-09-24 15:45:00,2019-09-24 15:45:00+00:00,8877,True,False,1,False,False,False,NONE,OK
2019-09-26,2019,24,24,24,24,2019-09-25 16:00:00+00:00,2019-09-25 15:45:00,2019-09-25 15:45:00+00:00,8882,True,False,1,False,False,False,NONE,OK
2019-09-27,2019,24,24,24,24,2019-09-26 16:00:00+00:00,2019-09-26 15:45:00,2019-09-26 15:45:00+00:00,8887,True,False,1,False,False,False,NONE,OK
2019-09-28,2019,24,24,24,24,2019-09-27 16:00:00+00:00,2019-09-27 15:45:00,2019-09-27 15:45:00+00:00,8892,True,False,1,False,False,False,NONE,OK
2019-09-29,2019,24,24,24,24,2019-09-28 16:00:00+00:00,2019-09-28 15:45:00,2019-09-28 15:45:00+00:00,8897,True,False,1,False,False,False,NONE,OK
2019-09-30,2019,24,24,24,24,2019-09-29 16:00:00+00:00,2019-09-29 15:45:00,2019-09-29 15:45:00+00:00,8902,True,False,1,False,False,False,NONE,OK
2019-10-01,2019,24,24,24,24,2019-09-30 16:00:00+00:00,2019-09-30 15:45:00,2019-09-30 15:45:00+00:00,8907,True,False,1,False,False,False,NONE,OK
2019-10-02,2019,24,24,24,24,2019-10-01 16:00:00+00:00,2019-10-01 15:45:00,2019-10-01 15:45:00+00:00,8912,True,False,1,False,False,False,NONE,OK
2019-10-03,2019,24,24,24,24,2019-10-02 16:00:00+00:00,2019-10-02 15:45:00,2019-10-02 15:45:00+00:00,8917,True,False,1,False,False,False,NONE,OK
2019-10-04,2019,24,24,24,24,2019-10-03 16:00:00+00:00,2019-10-03 15:45:00,2019-10-03 15:45:00+00:00,8922,True,False,1,False,False,False,NONE,OK
2019-10-05,2019,24,24,24,24,2019-10-04 16:00:00+00:00,2019-10-04 15:45:00,2019-10-04 15:45:00+00:00,8927,True,False,1,False,False,False,NONE,OK
2019-10-06,2019,24,24,24,24,2019-10-05 16:00:00+00:00,2019-10-05 15:45:00,2019-10-05 15:45:00+00:00,8932,True,False,1,False,False,False,NONE,OK
2019-10-07,2019,24,24,24,24,2019-10-06 16:00:00+00:00,2019-10-06 15:45:00,2019-10-06 15:45:00+00:00,8937,True,False,1,False,False,False,NONE,OK
2019-10-08,2019,24,24,24,24,2019-10-07 16:00:00+00:00,2019-10-07 15:45:00,2019-10-07 15:45:00+00:00,8942,True,False,1,False,False,False,NONE,OK
2019-10-09,2019,24,24,24,24,2019-10-08 16:00:00+00:00,2019-10-08 15:45:00,2019-10-08 15:45:00+00:00,8947,True,False,1,False,False,False,NONE,OK
2019-10-10,2019,24,24,24,24,2019-10-09 16:00:00+00:00,2019-10-09 15:45:00,2019-10-09 15:45:00+00:00,8952,True,False,1,False,False,False,NONE,OK
2019-10-11,2019,24,24,24,24,2019-10-10 16:00:00+00:00,2019-10-10 15:45:00,2019-10-10 15:45:00+00:00,8957,True,False,1,False,False,False,NONE,OK
2019-10-12,2019,24,24,24,24,2019-10-11 16:00:00+00:00,2019-10-11 15:45:00,2019-10-11 15:45:00+00:00,8962,True,False,1,False,False,False,NONE,OK
2019-10-13,2019,24,24,24,24,2019-10-12 16:00:00+00:00,2019-10-12 15:45:00,2019-10-12 15:45:00+00:00,8967,True,False,1,False,False,False,NONE,OK
2019-10-14,2019,24,24,24,24,2019-10-13 16:00:00+00:00,2019-10-13 15:45:00,2019-10-13 15:45:00+00:00,8972,True,False,1,False,False,False,NONE,OK
2019-10-15,2019,24,24,24,24,2019-10-14 16:00:00+00:00,2019-10-14 15:45:00,2019-10-14 15:45:00+00:00,8977,True,False,1,False,False,False,NONE,OK
2019-10-16,2019,24,24,24,24,2019-10-15 16:00:00+00:00,2019-10-15 15:45:00,2019-10-15 15:45:00+00:00,8982,True,False,1,False,False,False,NONE,OK
2019-10-17,2019,24,24,24,24,2019-10-16 16:00:00+00:00,2019-10-16 15:45:00,2019-10-16 15:45:00+00:00,8987,True,False,1,False,False,False,NONE,OK
2019-10-18,2019,24,24,24,24,2019-10-17 16:00:00+00:00,2019-10-17 15:45:00,2019-10-17 15:45:00+00:00,8992,True,False,1,False,False,False,NONE,OK
2019-10-19,2019,24,24,24,24,2019-10-18 16:00:00+00:00,2019-10-18 15:45:00,2019-10-18 15:45:00+00:00,8997,True,False,1,False,False,False,NONE,OK
2019-10-20,2019,24,24,24,24,2019-10-19 16:00:00+00:00,2019-10-19 15:45:00,2019-10-19 15:45:00+00:00,9002,True,False,1,False,False,False,NONE,OK
2019-10-21,2019,24,24,24,24,2019-10-20 16:00:00+00:00,2019-10-20 15:45:00,2019-10-20 15:45:00+00:00,9007,True,False,1,False,False,False,NONE,OK
2019-10-22,2019,24,24,24,24,2019-10-21 16:00:00+00:00,2019-10-21 15:45:00,2019-10-21 15:45:00+00:00,9012,True,False,1,False,False,False,NONE,OK
2019-10-23,2019,24,24,24,24,2019-10-22 16:00:00+00:00,2019-10-22 15:45:00,2019-10-22 15:45:00+00:00,9017,True,False,1,False,False,False,NONE,OK
2019-10-24,2019,24,24,24,24,2019-10-23 16:00:00+00:00,2019-10-23 15:45:00,2019-10-23 15:45:00+00:00,9022,True,False,1,False,False,False,NONE,OK
2019-10-25,2019,24,24,24,24,2019-10-24 16:00:00+00:00,2019-10-24 15:45:00,2019-10-24 15:45:00+00:00,9027,True,False,1,False,False,False,NONE,OK
2019-10-26,2019,24,24,24,24,2019-10-25 16:00:00+00:00,2019-10-25 15:45:00,2019-10-25 15:45:00+00:00,9032,True,False,1,False,False,False,NONE,OK
2019-10-27,2019,24,24,24,24,2019-10-26 16:00:00+00:00,2019-10-26 15:45:00,2019-10-26 15:45:00+00:00,9037,True,False,1,False,False,False,NONE,OK
2019-10-28,2019,24,24,24,24,2019-10-27 16:00:00+00:00,2019-10-27 15:45:00,2019-10-27 15:45:00+00:00,9042,True,False,1,False,False,False,NONE,OK
2019-10-29,2019,24,24,24,24,2019-10-28 16:00:00+00:00,2019-10-28 15:45:00,2019-10-28 15:45:00+00:00,9047,True,False,1,False,False,False,NONE,OK
2019-10-30,2019,24,24,24,24,2019-10-29 16:00:00+00:00,2019-10-29 15:45:00,2019-10-29 15:45:00+00:00,9052,True,False,1,False,False,False,NONE,OK
2019-10-31,2019,24,24,24,24,2019-10-30 16:00:00+00:00,2019-10-30 15:45:00,2019-10-30 15:45:00+00:00,9057,True,False,1,False,False,False,NONE,OK
2019-11-01,2019,24,24,24,24,2019-10-31 16:00:00+00:00,2019-10-31 15:45:00,2019-10-31 15:45:00+00:00,9062,True,False,1,False,False,False,NONE,OK
2019-11-02,2019,24,24,24,24,2019-11-01 16:00:00+00:00,2019-11-01 15:45:00,2019-11-01 15:45:00+00:00,9067,True,False,1,False,False,False,NONE,OK
2019-11-03,2019,25,25,25,25,2019-11-02 16:00:00+00:00,2019-11-02 15:45:00,2019-11-02 15:45:00+00:00,9072,True,False,1,False,False,False,NONE,OK
2019-11-04,2019,24,24,24,24,2019-11-03 17:00:00+00:00,2019-11-03 16:45:00,2019-11-03 16:45:00+00:00,9077,True,False,1,False,False,False,NONE,OK
2019-11-05,2019,24,24,24,24,2019-11-04 17:00:00+00:00,2019-11-04 16:45:00,2019-11-04 16:45:00+00:00,9082,True,False,1,False,False,False,NONE,OK
2019-11-06,2019,24,24,24,24,2019-11-05 17:00:00+00:00,2019-11-05 16:45:00,2019-11-05 16:45:00+00:00,9087,True,False,1,False,False,False,NONE,OK
2019-11-07,2019,24,24,24,24,2019-11-06 17:00:00+00:00,2019-11-06 16:45:00,2019-11-06 16:45:00+00:00,9092,True,False,1,False,False,False,NONE,OK
2019-11-08,2019,24,24,24,24,2019-11-07 17:00:00+00:00,2019-11-07 16:45:00,2019-11-07 16:45:00+00:00,9097,True,False,1,False,False,False,NONE,OK
2019-11-09,2019,24,24,24,24,2019-11-08 17:00:00+00:00,2019-11-08 16:45:00,2019-11-08 16:45:00+00:00,9102,True,False,1,False,False,False,NONE,OK
2019-11-10,2019,24,24,24,24,2019-11-09 17:00:00+00:00,2019-11-09 16:45:00,2019-11-09 16:45:00+00:00,9107,True,False,1,False,False,False,NONE,OK
2019-11-11,2019,24,24,24,24,2019-11-10 17:00:00+00:00,2019-11-10 16:45:00,2019-11-10 16:45:00+00:00,9112,True,False,1,False,False,False,NONE,OK
2019-11-12,2019,24,24,24,24,2019-11-11 17:00:00+00:00,2019-11-11 16:45:00,2019-11-11 16:45:00+00:00,9117,True,False,1,False,False,False,NONE,OK
2019-11-13,2019,24,24,24,24,2019-11-12 17:00:00+00:00,2019-11-12 16:45:00,2019-11-12 16:45:00+00:00,9122,True,False,1,False,False,False,NONE,OK
2019-11-14,2019,24,24,24,24,2019-11-13 17:00:00+00:00,2019-11-13 16:45:00,2019-11-13 16:45:00+00:00,9127,True,False,1,False,False,False,NONE,OK
2019-11-15,2019,24,24,24,24,2019-11-14 17:00:00+00:00,2019-11-14 16:45:00,2019-11-14 16:45:00+00:00,9132,True,False,1,False,False,False,NONE,OK
2019-11-16,2019,24,24,24,24,2019-11-15 17:00:00+00:00,2019-11-15 16:45:00,2019-11-15 16:45:00+00:00,9137,True,False,1,False,False,False,NONE,OK
2019-11-17,2019,24,24,24,24,2019-11-16 17:00:00+00:00,2019-11-16 16:45:00,2019-11-16 16:45:00+00:00,9142,True,False,1,False,False,False,NONE,OK
2019-11-18,2019,24,24,24,24,2019-11-17 17:00:00+00:00,2019-11-17 16:45:00,2019-11-17 16:45:00+00:00,9147,True,False,1,False,False,False,NONE,OK
2019-11-19,2019,24,24,24,24,2019-11-18 17:00:00+00:00,2019-11-18 16:45:00,2019-11-18 16:45:00+00:00,9152,True,False,1,False,False,False,NONE,OK
2019-11-20,2019,24,24,24,24,2019-11-19 17:00:00+00:00,2019-11-19 16:45:00,2019-11-19 16:45:00+00:00,9157,True,False,1,False,False,False,NONE,OK
2019-11-21,2019,24,24,24,24,2019-11-20 17:00:00+00:00,2019-11-20 16:45:00,2019-11-20 16:45:00+00:00,9162,True,False,1,False,False,False,NONE,OK
2019-11-22,2019,24,24,24,24,2019-11-21 17:00:00+00:00,2019-11-21 16:45:00,2019-11-21 16:45:00+00:00,9167,True,False,1,False,False,False,NONE,OK
2019-11-23,2019,24,24,24,24,2019-11-22 17:00:00+00:00,2019-11-22 16:45:00,2019-11-22 16:45:00+00:00,9172,True,False,1,False,False,False,NONE,OK
2019-11-24,2019,24,24,24,24,2019-11-23 17:00:00+00:00,2019-11-23 16:45:00,2019-11-23 16:45:00+00:00,9177,True,False,1,False,False,False,NONE,OK
2019-11-25,2019,24,24,24,24,2019-11-24 17:00:00+00:00,2019-11-24 16:45:00,2019-11-24 16:45:00+00:00,9182,True,False,1,False,False,False,NONE,OK
2019-11-26,2019,24,24,24,24,2019-11-25 17:00:00+00:00,2019-11-25 16:45:00,2019-11-25 16:45:00+00:00,9187,True,False,1,False,False,False,NONE,OK
2019-11-27,2019,24,24,24,24,2019-11-26 17:00:00+00:00,2019-11-26 16:45:00,2019-11-26 16:45:00+00:00,9192,True,False,1,False,False,False,NONE,OK
2019-11-28,2019,24,24,24,24,2019-11-27 17:00:00+00:00,2019-11-27 16:45:00,2019-11-27 16:45:00+00:00,9197,True,False,1,False,False,False,NONE,OK
2019-11-29,2019,24,24,24,24,2019-11-28 17:00:00+00:00,2019-11-28 16:45:00,2019-11-28 16:45:00+00:00,9202,True,False,1,False,False,False,NONE,OK
2019-11-30,2019,24,24,24,24,2019-11-29 17:00:00+00:00,2019-11-29 16:45:00,2019-11-29 16:45:00+00:00,9207,True,False,1,False,False,False,NONE,OK
2019-12-01,2019,24,24,24,24,2019-11-30 17:00:00+00:00,2019-11-30 16:45:00,2019-11-30 16:45:00+00:00,9212,True,False,1,False,False,False,NONE,OK
2019-12-02,2019,24,24,24,24,2019-12-01 17:00:00+00:00,2019-12-01 16:45:00,2019-12-01 16:45:00+00:00,9217,True,False,1,False,False,False,NONE,OK
2019-12-03,2019,24,24,24,24,2019-12-02 17:00:00+00:00,2019-12-02 16:45:00,2019-12-02 16:45:00+00:00,9222,True,False,1,False,False,False,NONE,OK
2019-12-04,2019,24,24,24,24,2019-12-03 17:00:00+00:00,2019-12-03 16:45:00,2019-12-03 16:45:00+00:00,9227,True,False,1,False,False,False,NONE,OK
2019-12-05,2019,24,24,24,24,2019-12-04 17:00:00+00:00,2019-12-04 16:45:00,2019-12-04 16:45:00+00:00,9232,True,False,1,False,False,False,NONE,OK
2019-12-06,2019,24,24,24,24,2019-12-05 17:00:00+00:00,2019-12-05 16:45:00,2019-12-05 16:45:00+00:00,9237,True,False,1,False,False,False,NONE,OK
2019-12-07,2019,24,24,24,24,2019-12-06 17:00:00+00:00,2019-12-06 16:45:00,2019-12-06 16:45:00+00:00,9242,True,False,1,False,False,False,NONE,OK
2019-12-08,2019,24,24,24,24,2019-12-07 17:00:00+00:00,2019-12-07 16:45:00,2019-12-07 16:45:00+00:00,9247,True,False,1,False,False,False,NONE,OK
2019-12-09,2019,24,24,24,24,2019-12-08 17:00:00+00:00,2019-12-08 16:45:00,2019-12-08 16:45:00+00:00,9252,True,False,1,False,False,False,NONE,OK
2019-12-10,2019,24,24,24,24,2019-12-09 17:00:00+00:00,2019-12-09 16:45:00,2019-12-09 16:45:00+00:00,9257,True,False,1,False,False,False,NONE,OK
2019-12-11,2019,24,24,24,24,2019-12-10 17:00:00+00:00,2019-12-10 16:45:00,2019-12-10 16:45:00+00:00,9262,True,False,1,False,False,False,NONE,OK
2019-12-12,2019,24,24,24,24,2019-12-11 17:00:00+00:00,2019-12-11 16:45:00,2019-12-11 16:45:00+00:00,9267,True,False,1,False,False,False,NONE,OK
2019-12-13,2019,24,24,24,24,2019-12-12 17:00:00+00:00,2019-12-12 16:45:00,2019-12-12 16:45:00+00:00,9272,True,False,1,False,False,False,NONE,OK
2019-12-14,2019,24,24,24,24,2019-12-13 17:00:00+00:00,2019-12-13 16:45:00,2019-12-13 16:45:00+00:00,9277,True,False,1,False,False,False,NONE,OK
2019-12-15,2019,24,24,24,24,2019-12-14 17:00:00+00:00,2019-12-14 16:45:00,2019-12-14 16:45:00+00:00,9282,True,False,1,False,False,False,NONE,OK
2019-12-16,2019,24,24,24,24,2019-12-15 17:00:00+00:00,2019-12-15 16:45:00,2019-12-15 16:45:00+00:00,9287,True,False,1,False,False,False,NONE,OK
2019-12-17,2019,24,24,24,24,2019-12-16 17:00:00+00:00,2019-12-16 16:45:00,2019-12-16 16:45:00+00:00,9292,True,False,1,False,False,False,NONE,OK
2019-12-18,2019,24,24,24,24,2019-12-17 17:00:00+00:00,2019-12-17 16:45:00,2019-12-17 16:45:00+00:00,9297,True,False,1,False,False,False,NONE,OK
2019-12-19,2019,24,24,24,24,2019-12-18 17:00:00+00:00,2019-12-18 16:45:00,2019-12-18 16:45:00+00:00,9302,True,False,1,False,False,False,NONE,OK
2019-12-20,2019,24,24,24,24,2019-12-19 17:00:00+00:00,2019-12-19 16:45:00,2019-12-19 16:45:00+00:00,9307,True,False,1,False,False,False,NONE,OK
2019-12-21,2019,24,24,24,24,2019-12-20 17:00:00+00:00,2019-12-20 16:45:00,2019-12-20 16:45:00+00:00,9312,True,False,1,False,False,False,NONE,OK
2019-12-22,2019,24,24,24,24,2019-12-21 17:00:00+00:00,2019-12-21 16:45:00,2019-12-21 16:45:00+00:00,9317,True,False,1,False,False,False,NONE,OK
2019-12-23,2019,24,24,24,24,2019-12-22 17:00:00+00:00,2019-12-22 16:45:00,2019-12-22 16:45:00+00:00,9322,True,False,1,False,False,False,NONE,OK
2019-12-24,2019,24,24,24,24,2019-12-23 17:00:00+00:00,2019-12-23 16:45:00,2019-12-23 16:45:00+00:00,9327,True,False,1,False,False,False,NONE,OK
2019-12-25,2019,24,24,24,24,2019-12-24 17:00:00+00:00,2019-12-24 16:45:00,2019-12-24 16:45:00+00:00,9332,True,False,1,False,False,False,NONE,OK
2019-12-26,2019,24,24,24,24,2019-12-25 17:00:00+00:00,2019-12-25 16:45:00,2019-12-25 16:45:00+00:00,9337,True,False,1,False,False,False,NONE,OK
2019-12-27,2019,24,24,24,24,2019-12-26 17:00:00+00:00,2019-12-26 16:45:00,2019-12-26 16:45:00+00:00,9342,True,False,1,False,False,False,NONE,OK
2019-12-28,2019,24,24,24,24,2019-12-27 17:00:00+00:00,2019-12-27 16:45:00,2019-12-27 16:45:00+00:00,9347,True,False,1,False,False,False,NONE,OK
2019-12-29,2019,24,24,24,24,2019-12-28 17:00:00+00:00,2019-12-28 16:45:00,2019-12-28 16:45:00+00:00,9352,True,False,1,False,False,False,NONE,OK
2019-12-30,2019,24,24,24,24,2019-12-29 17:00:00+00:00,2019-12-29 16:45:00,2019-12-29 16:45:00+00:00,9357,True,False,1,False,False,False,NONE,OK
2019-12-31,2019,24,24,24,24,2019-12-30 17:00:00+00:00,2019-12-30 16:45:00,2019-12-30 16:45:00+00:00,9362,True,False,1,False,False,False,NONE,OK
2020-01-01,2020,24,24,24,24,2019-12-31 17:00:00+00:00,2019-12-31 16:45:00,2019-12-31 16:45:00+00:00,9367,True,False,1,False,False,False,NONE,OK
2020-01-02,2020,24,24,24,24,2020-01-01 17:00:00+00:00,2020-01-01 16:45:00,2020-01-01 16:45:00+00:00,9372,True,False,1,False,False,False,NONE,OK
2020-01-03,2020,24,24,24,24,2020-01-02 17:00:00+00:00,2020-01-02 16:45:00,2020-01-02 16:45:00+00:00,9377,True,False,1,False,False,False,NONE,OK
2020-01-04,2020,24,24,24,24,2020-01-03 17:00:00+00:00,2020-01-03 16:45:00,2020-01-03 16:45:00+00:00,9382,True,False,1,False,False,False,NONE,OK
2020-01-05,2020,24,24,24,24,2020-01-04 17:00:00+00:00,2020-01-04 16:45:00,2020-01-04 16:45:00+00:00,9387,True,False,1,False,False,False,NONE,OK
2020-01-06,2020,24,24,24,24,2020-01-05 17:00:00+00:00,2020-01-05 16:45:00,2020-01-05 16:45:00+00:00,9392,True,False,1,False,False,False,NONE,OK
2020-01-07,2020,24,24,24,24,2020-01-06 17:00:00+00:00,2020-01-06 16:45:00,2020-01-06 16:45:00+00:00,9397,True,False,1,False,False,False,NONE,OK
2020-01-08,2020,24,24,24,24,2020-01-07 17:00:00+00:00,2020-01-07 16:45:00,2020-01-07 16:45:00+00:00,9402,True,False,1,False,False,False,NONE,OK
2020-01-09,2020,24,24,24,24,2020-01-08 17:00:00+00:00,2020-01-08 16:45:00,2020-01-08 16:45:00+00:00,9407,True,False,1,False,False,False,NONE,OK
2020-01-10,2020,24,24,24,24,2020-01-09 17:00:00+00:00,2020-01-09 16:45:00,2020-01-09 16:45:00+00:00,9412,True,False,1,False,False,False,NONE,OK
2020-01-11,2020,24,24,24,24,2020-01-10 17:00:00+00:00,2020-01-10 16:45:00,2020-01-10 16:45:00+00:00,9417,True,False,1,False,False,False,NONE,OK
2020-01-12,2020,24,24,24,24,2020-01-11 17:00:00+00:00,2020-01-11 16:45:00,2020-01-11 16:45:00+00:00,9422,True,False,1,False,False,False,NONE,OK
2020-01-13,2020,24,24,24,24,2020-01-12 17:00:00+00:00,2020-01-12 16:45:00,2020-01-12 16:45:00+00:00,9427,True,False,1,False,False,False,NONE,OK
2020-01-14,2020,24,24,24,24,2020-01-13 17:00:00+00:00,2020-01-13 16:45:00,2020-01-13 16:45:00+00:00,9432,True,False,1,False,False,False,NONE,OK
2020-01-15,2020,24,24,24,24,2020-01-14 17:00:00+00:00,2020-01-14 16:45:00,2020-01-14 16:45:00+00:00,9437,True,False,1,False,False,False,NONE,OK
2020-01-16,2020,24,24,24,24,2020-01-15 17:00:00+00:00,2020-01-15 16:45:00,2020-01-15 16:45:00+00:00,9442,True,False,1,False,False,False,NONE,OK
2020-01-17,2020,24,24,24,24,2020-01-16 17:00:00+00:00,2020-01-16 16:45:00,2020-01-16 16:45:00+00:00,9447,True,False,1,False,False,False,NONE,OK
2020-01-18,2020,24,24,24,24,2020-01-17 17:00:00+00:00,2020-01-17 16:45:00,2020-01-17 16:45:00+00:00,9452,True,False,1,False,False,False,NONE,OK
2020-01-19,2020,24,24,24,24,2020-01-18 17:00:00+00:00,2020-01-18 16:45:00,2020-01-18 16:45:00+00:00,9457,True,False,1,False,False,False,NONE,OK
2020-01-20,2020,24,24,24,24,2020-01-19 17:00:00+00:00,2020-01-19 16:45:00,2020-01-19 16:45:00+00:00,9462,True,False,1,False,False,False,NONE,OK
2020-01-21,2020,24,24,24,24,2020-01-20 17:00:00+00:00,2020-01-20 16:45:00,2020-01-20 16:45:00+00:00,9467,True,False,1,False,False,False,NONE,OK
2020-01-22,2020,24,24,24,24,2020-01-21 17:00:00+00:00,2020-01-21 16:45:00,2020-01-21 16:45:00+00:00,9472,True,False,1,False,False,False,NONE,OK
2020-01-23,2020,24,24,24,24,2020-01-22 17:00:00+00:00,2020-01-22 16:45:00,2020-01-22 16:45:00+00:00,9477,True,False,1,False,False,False,NONE,OK
2020-01-24,2020,24,24,24,24,2020-01-23 17:00:00+00:00,2020-01-23 16:45:00,2020-01-23 16:45:00+00:00,9482,True,False,1,False,False,False,NONE,OK
2020-01-25,2020,24,24,24,24,2020-01-24 17:00:00+00:00,2020-01-24 16:45:00,2020-01-24 16:45:00+00:00,9487,True,False,1,False,False,False,NONE,OK
2020-01-26,2020,24,24,24,24,2020-01-25 17:00:00+00:00,2020-01-25 16:45:00,2020-01-25 16:45:00+00:00,9492,True,False,1,False,False,False,NONE,OK
2020-01-27,2020,24,24,24,24,2020-01-26 17:00:00+00:00,2020-01-26 16:45:00,2020-01-26 16:45:00+00:00,9497,True,False,1,False,False,False,NONE,OK
2020-01-28,2020,24,24,24,24,2020-01-27 17:00:00+00:00,2020-01-27 16:45:00,2020-01-27 16:45:00+00:00,9502,True,False,1,False,False,False,NONE,OK
2020-01-29,2020,24,24,24,24,2020-01-28 17:00:00+00:00,2020-01-28 16:45:00,2020-01-28 16:45:00+00:00,9507,True,False,1,False,False,False,NONE,OK
2020-01-30,2020,24,24,24,24,2020-01-29 17:00:00+00:00,2020-01-29 16:45:00,2020-01-29 16:45:00+00:00,9512,True,False,1,False,False,False,NONE,OK
2020-01-31,2020,24,24,24,24,2020-01-30 17:00:00+00:00,2020-01-30 16:45:00,2020-01-30 16:45:00+00:00,9517,True,False,1,False,False,False,NONE,OK
2020-02-01,2020,24,24,24,24,2020-01-31 17:00:00+00:00,2020-01-31 16:45:00,2020-01-31 16:45:00+00:00,9522,True,False,1,False,False,False,NONE,OK
2020-02-02,2020,24,24,24,24,2020-02-01 17:00:00+00:00,2020-02-01 16:45:00,2020-02-01 16:45:00+00:00,9527,True,False,1,False,False,False,NONE,OK
2020-02-03,2020,24,24,24,24,2020-02-02 17:00:00+00:00,2020-02-02 16:45:00,2020-02-02 16:45:00+00:00,9532,True,False,1,False,False,False,NONE,OK
2020-02-04,2020,24,24,24,24,2020-02-03 17:00:00+00:00,2020-02-03 16:45:00,2020-02-03 16:45:00+00:00,9537,True,False,1,False,False,False,NONE,OK
2020-02-05,2020,24,24,24,24,2020-02-04 17:00:00+00:00,2020-02-04 16:45:00,2020-02-04 16:45:00+00:00,9542,True,False,1,False,False,False,NONE,OK
2020-02-06,2020,24,24,24,24,2020-02-05 17:00:00+00:00,2020-02-05 16:45:00,2020-02-05 16:45:00+00:00,9547,True,False,1,False,False,False,NONE,OK
2020-02-07,2020,24,24,24,24,2020-02-06 17:00:00+00:00,2020-02-06 16:45:00,2020-02-06 16:45:00+00:00,9552,True,False,1,False,False,False,NONE,OK
2020-02-08,2020,24,24,24,24,2020-02-07 17:00:00+00:00,2020-02-07 16:45:00,2020-02-07 16:45:00+00:00,9557,True,False,1,False,False,False,NONE,OK
2020-02-09,2020,24,24,24,24,2020-02-08 17:00:00+00:00,2020-02-08 16:45:00,2020-02-08 16:45:00+00:00,9562,True,False,1,False,False,False,NONE,OK
2020-02-10,2020,24,24,24,24,2020-02-09 17:00:00+00:00,2020-02-09 16:45:00,2020-02-09 16:45:00+00:00,9567,True,False,1,False,False,False,NONE,OK
2020-02-11,2020,24,24,24,24,2020-02-10 17:00:00+00:00,2020-02-10 16:45:00,2020-02-10 16:45:00+00:00,9572,True,False,1,False,False,False,NONE,OK
2020-02-12,2020,24,24,24,24,2020-02-11 17:00:00+00:00,2020-02-11 16:45:00,2020-02-11 16:45:00+00:00,9577,True,False,1,False,False,False,NONE,OK
2020-02-13,2020,24,24,24,24,2020-02-12 17:00:00+00:00,2020-02-12 16:45:00,2020-02-12 16:45:00+00:00,9582,True,False,1,False,False,False,NONE,OK
2020-02-14,2020,24,24,24,24,2020-02-13 17:00:00+00:00,2020-02-13 16:45:00,2020-02-13 16:45:00+00:00,9587,True,False,1,False,False,False,NONE,OK
2020-02-15,2020,24,24,24,24,2020-02-14 17:00:00+00:00,2020-02-14 16:45:00,2020-02-14 16:45:00+00:00,9592,True,False,1,False,False,False,NONE,OK
2020-02-16,2020,24,24,24,24,2020-02-15 17:00:00+00:00,2020-02-15 16:45:00,2020-02-15 16:45:00+00:00,9597,True,False,1,False,False,False,NONE,OK
2020-02-17,2020,24,24,24,24,2020-02-16 17:00:00+00:00,2020-02-16 16:45:00,2020-02-16 16:45:00+00:00,9602,True,False,1,False,False,False,NONE,OK
2020-02-18,2020,24,24,24,24,2020-02-17 17:00:00+00:00,2020-02-17 16:45:00,2020-02-17 16:45:00+00:00,9607,True,False,1,False,False,False,NONE,OK
2020-02-19,2020,24,24,24,24,2020-02-18 17:00:00+00:00,2020-02-18 16:45:00,2020-02-18 16:45:00+00:00,9612,True,False,1,False,False,False,NONE,OK
2020-02-20,2020,24,24,24,24,2020-02-19 17:00:00+00:00,2020-02-19 16:45:00,2020-02-19 16:45:00+00:00,9617,True,False,1,False,False,False,NONE,OK
2020-02-21,2020,24,24,24,24,2020-02-20 17:00:00+00:00,2020-02-20 16:45:00,2020-02-20 16:45:00+00:00,9622,True,False,1,False,False,False,NONE,OK
2020-02-22,2020,24,24,24,24,2020-02-21 17:00:00+00:00,2020-02-21 16:45:00,2020-02-21 16:45:00+00:00,9627,True,False,1,False,False,False,NONE,OK
2020-02-23,2020,24,24,24,24,2020-02-22 17:00:00+00:00,2020-02-22 16:45:00,2020-02-22 16:45:00+00:00,9632,True,False,1,False,False,False,NONE,OK
2020-02-24,2020,24,24,24,24,2020-02-23 17:00:00+00:00,2020-02-23 16:45:00,2020-02-23 16:45:00+00:00,9637,True,False,1,False,False,False,NONE,OK
2020-02-25,2020,24,24,24,24,2020-02-24 17:00:00+00:00,2020-02-24 16:45:00,2020-02-24 16:45:00+00:00,9642,True,False,1,False,False,False,NONE,OK
2020-02-26,2020,24,24,24,24,2020-02-25 17:00:00+00:00,2020-02-25 16:45:00,2020-02-25 16:45:00+00:00,9647,True,False,1,False,False,False,NONE,OK
2020-02-27,2020,24,24,24,24,2020-02-26 17:00:00+00:00,2020-02-26 16:45:00,2020-02-26 16:45:00+00:00,9652,True,False,1,False,False,False,NONE,OK
2020-02-28,2020,24,24,24,24,2020-02-27 17:00:00+00:00,2020-02-27 16:45:00,2020-02-27 16:45:00+00:00,9657,True,False,1,False,False,False,NONE,OK
2020-02-29,2020,24,24,24,24,2020-02-28 17:00:00+00:00,2020-02-28 16:45:00,2020-02-28 16:45:00+00:00,9662,True,False,1,False,False,False,NONE,OK
2020-03-01,2020,24,24,24,24,2020-02-29 17:00:00+00:00,2020-02-29 16:45:00,2020-02-29 16:45:00+00:00,9667,True,False,1,False,False,False,NONE,OK
2020-03-02,2020,24,24,24,24,2020-03-01 17:00:00+00:00,2020-03-01 16:45:00,2020-03-01 16:45:00+00:00,9672,True,False,1,False,False,False,NONE,OK
2020-03-03,2020,24,24,24,24,2020-03-02 17:00:00+00:00,2020-03-02 16:45:00,2020-03-02 16:45:00+00:00,9677,True,False,1,False,False,False,NONE,OK
2020-03-04,2020,24,24,24,24,2020-03-03 17:00:00+00:00,2020-03-03 16:45:00,2020-03-03 16:45:00+00:00,9682,True,False,1,False,False,False,NONE,OK
2020-03-05,2020,24,24,24,24,2020-03-04 17:00:00+00:00,2020-03-04 16:45:00,2020-03-04 16:45:00+00:00,9687,True,False,1,False,False,False,NONE,OK
2020-03-06,2020,24,24,24,24,2020-03-05 17:00:00+00:00,2020-03-05 16:45:00,2020-03-05 16:45:00+00:00,9692,True,False,1,False,False,False,NONE,OK
2020-03-07,2020,24,24,24,0,2020-03-06 17:00:00+00:00,,,9694,False,False,0,False,False,False,NO_COMPLETE_VINTAGE,UNAVAILABLE
2020-03-08,2020,23,23,23,23,2020-03-07 17:00:00+00:00,2020-03-07 04:45:00,2020-03-07 04:45:00+00:00,9695,True,False,1,False,False,False,NONE,OK
2020-03-09,2020,24,24,24,24,2020-03-08 16:00:00+00:00,2020-03-08 15:45:00,2020-03-08 15:45:00+00:00,9699,True,False,1,False,False,False,NONE,OK
2020-03-10,2020,24,24,24,24,2020-03-09 16:00:00+00:00,2020-03-09 15:45:00,2020-03-09 15:45:00+00:00,9704,True,False,1,False,False,False,NONE,OK
2020-03-11,2020,24,24,24,24,2020-03-10 16:00:00+00:00,2020-03-10 15:45:00,2020-03-10 15:45:00+00:00,9709,True,False,1,False,False,False,NONE,OK
2020-03-12,2020,24,24,24,24,2020-03-11 16:00:00+00:00,2020-03-11 15:45:00,2020-03-11 15:45:00+00:00,9714,True,False,1,False,False,False,NONE,OK
2020-03-13,2020,24,24,24,24,2020-03-12 16:00:00+00:00,2020-03-12 15:45:00,2020-03-12 15:45:00+00:00,9719,True,False,1,False,False,False,NONE,OK
2020-03-14,2020,24,24,24,24,2020-03-13 16:00:00+00:00,2020-03-13 15:45:00,2020-03-13 15:45:00+00:00,9724,True,False,1,False,False,False,NONE,OK
2020-03-15,2020,24,24,24,24,2020-03-14 16:00:00+00:00,2020-03-14 15:45:00,2020-03-14 15:45:00+00:00,9729,True,False,1,False,False,False,NONE,OK
2020-03-16,2020,24,24,24,24,2020-03-15 16:00:00+00:00,2020-03-15 15:45:00,2020-03-15 15:45:00+00:00,9734,True,False,1,False,False,False,NONE,OK
2020-03-17,2020,24,24,24,24,2020-03-16 16:00:00+00:00,2020-03-16 15:45:00,2020-03-16 15:45:00+00:00,9739,True,False,1,False,False,False,NONE,OK
2020-03-18,2020,24,24,24,24,2020-03-17 16:00:00+00:00,2020-03-17 15:45:00,2020-03-17 15:45:00+00:00,9744,True,False,1,False,False,False,NONE,OK
2020-03-19,2020,24,24,24,24,2020-03-18 16:00:00+00:00,2020-03-18 15:45:00,2020-03-18 15:45:00+00:00,9749,True,False,1,False,False,False,NONE,OK
2020-03-20,2020,24,24,24,24,2020-03-19 16:00:00+00:00,2020-03-19 15:45:00,2020-03-19 15:45:00+00:00,9754,True,False,1,False,False,False,NONE,OK
2020-03-21,2020,24,24,24,24,2020-03-20 16:00:00+00:00,2020-03-20 15:45:00,2020-03-20 15:45:00+00:00,9759,True,False,1,False,False,False,NONE,OK
2020-03-22,2020,24,24,24,24,2020-03-21 16:00:00+00:00,2020-03-21 15:45:00,2020-03-21 15:45:00+00:00,9764,True,False,1,False,False,False,NONE,OK
2020-03-23,2020,24,24,24,24,2020-03-22 16:00:00+00:00,2020-03-22 15:45:00,2020-03-22 15:45:00+00:00,9769,True,False,1,False,False,False,NONE,OK
2020-03-24,2020,24,24,24,24,2020-03-23 16:00:00+00:00,2020-03-23 15:45:00,2020-03-23 15:45:00+00:00,9774,True,False,1,False,False,False,NONE,OK
2020-03-25,2020,24,24,24,24,2020-03-24 16:00:00+00:00,2020-03-24 15:45:00,2020-03-24 15:45:00+00:00,9779,True,False,1,False,False,False,NONE,OK
2020-03-26,2020,24,24,24,24,2020-03-25 16:00:00+00:00,2020-03-25 15:45:00,2020-03-25 15:45:00+00:00,9784,True,False,1,False,False,False,NONE,OK
2020-03-27,2020,24,24,24,24,2020-03-26 16:00:00+00:00,2020-03-26 15:45:00,2020-03-26 15:45:00+00:00,9789,True,False,1,False,False,False,NONE,OK
2020-03-28,2020,24,24,24,24,2020-03-27 16:00:00+00:00,2020-03-27 15:45:00,2020-03-27 15:45:00+00:00,9794,True,False,1,False,False,False,NONE,OK
2020-03-29,2020,24,24,24,24,2020-03-28 16:00:00+00:00,2020-03-28 15:45:00,2020-03-28 15:45:00+00:00,9799,True,False,1,False,False,False,NONE,OK
2020-03-30,2020,24,24,24,24,2020-03-29 16:00:00+00:00,2020-03-29 15:45:00,2020-03-29 15:45:00+00:00,9804,True,False,1,False,False,False,NONE,OK
2020-03-31,2020,24,24,24,24,2020-03-30 16:00:00+00:00,2020-03-30 15:45:00,2020-03-30 15:45:00+00:00,9809,True,False,1,False,False,False,NONE,OK
2020-04-01,2020,24,24,24,24,2020-03-31 16:00:00+00:00,2020-03-31 15:45:00,2020-03-31 15:45:00+00:00,9814,True,False,1,False,False,False,NONE,OK
2020-04-02,2020,24,24,24,24,2020-04-01 16:00:00+00:00,2020-04-01 15:45:00,2020-04-01 15:45:00+00:00,9819,True,False,1,False,False,False,NONE,OK
2020-04-03,2020,24,24,24,24,2020-04-02 16:00:00+00:00,2020-04-02 15:45:00,2020-04-02 15:45:00+00:00,9824,True,False,1,False,False,False,NONE,OK
2020-04-04,2020,24,24,24,24,2020-04-03 16:00:00+00:00,2020-04-03 15:45:00,2020-04-03 15:45:00+00:00,9829,True,False,1,False,False,False,NONE,OK
2020-04-05,2020,24,24,24,24,2020-04-04 16:00:00+00:00,2020-04-04 15:45:00,2020-04-04 15:45:00+00:00,9834,True,False,1,False,False,False,NONE,OK
2020-04-06,2020,24,24,24,24,2020-04-05 16:00:00+00:00,2020-04-05 15:45:00,2020-04-05 15:45:00+00:00,9839,True,False,1,False,False,False,NONE,OK
2020-04-07,2020,24,24,24,24,2020-04-06 16:00:00+00:00,2020-04-06 15:45:00,2020-04-06 15:45:00+00:00,9844,True,False,1,False,False,False,NONE,OK
2020-04-08,2020,24,24,24,24,2020-04-07 16:00:00+00:00,2020-04-07 15:45:00,2020-04-07 15:45:00+00:00,9849,True,False,1,False,False,False,NONE,OK
2020-04-09,2020,24,24,24,24,2020-04-08 16:00:00+00:00,2020-04-08 15:45:00,2020-04-08 15:45:00+00:00,9854,True,False,1,False,False,False,NONE,OK
2020-04-10,2020,24,24,24,24,2020-04-09 16:00:00+00:00,2020-04-09 15:45:00,2020-04-09 15:45:00+00:00,9859,True,False,1,False,False,False,NONE,OK
2020-04-11,2020,24,24,24,24,2020-04-10 16:00:00+00:00,2020-04-10 15:45:00,2020-04-10 15:45:00+00:00,9864,True,False,1,False,False,False,NONE,OK
2020-04-12,2020,24,24,24,24,2020-04-11 16:00:00+00:00,2020-04-11 15:45:00,2020-04-11 15:45:00+00:00,9869,True,False,1,False,False,False,NONE,OK
2020-04-13,2020,24,24,24,24,2020-04-12 16:00:00+00:00,2020-04-12 15:45:00,2020-04-12 15:45:00+00:00,9874,True,False,1,False,False,False,NONE,OK
2020-04-14,2020,24,24,24,24,2020-04-13 16:00:00+00:00,2020-04-13 15:45:00,2020-04-13 15:45:00+00:00,9879,True,False,1,False,False,False,NONE,OK
2020-04-15,2020,24,24,24,24,2020-04-14 16:00:00+00:00,2020-04-14 15:45:00,2020-04-14 15:45:00+00:00,9884,True,False,1,False,False,False,NONE,OK
2020-04-16,2020,24,24,24,24,2020-04-15 16:00:00+00:00,2020-04-15 15:45:00,2020-04-15 15:45:00+00:00,9889,True,False,1,False,False,False,NONE,OK
2020-04-17,2020,24,24,24,24,2020-04-16 16:00:00+00:00,2020-04-16 15:45:00,2020-04-16 15:45:00+00:00,9894,True,False,1,False,False,False,NONE,OK
2020-04-18,2020,24,24,24,24,2020-04-17 16:00:00+00:00,2020-04-17 15:45:00,2020-04-17 15:45:00+00:00,9899,True,False,1,False,False,False,NONE,OK
2020-04-19,2020,24,24,24,24,2020-04-18 16:00:00+00:00,2020-04-18 15:45:00,2020-04-18 15:45:00+00:00,9904,True,False,1,False,False,False,NONE,OK
2020-04-20,2020,24,24,24,24,2020-04-19 16:00:00+00:00,2020-04-19 15:45:00,2020-04-19 15:45:00+00:00,9909,True,False,1,False,False,False,NONE,OK
2020-04-21,2020,24,24,24,24,2020-04-20 16:00:00+00:00,2020-04-20 15:45:00,2020-04-20 15:45:00+00:00,9914,True,False,1,False,False,False,NONE,OK
2020-04-22,2020,24,24,24,24,2020-04-21 16:00:00+00:00,2020-04-21 15:45:00,2020-04-21 15:45:00+00:00,9919,True,False,1,False,False,False,NONE,OK
2020-04-23,2020,24,24,24,24,2020-04-22 16:00:00+00:00,2020-04-22 15:45:00,2020-04-22 15:45:00+00:00,9924,True,False,1,False,False,False,NONE,OK
2020-04-24,2020,24,24,24,24,2020-04-23 16:00:00+00:00,2020-04-23 15:45:00,2020-04-23 15:45:00+00:00,9929,True,False,1,False,False,False,NONE,OK
2020-04-25,2020,24,24,24,24,2020-04-24 16:00:00+00:00,2020-04-24 15:45:00,2020-04-24 15:45:00+00:00,9934,True,False,1,False,False,False,NONE,OK
2020-04-26,2020,24,24,24,24,2020-04-25 16:00:00+00:00,2020-04-25 15:45:00,2020-04-25 15:45:00+00:00,9939,True,False,1,False,False,False,NONE,OK
2020-04-27,2020,24,24,24,24,2020-04-26 16:00:00+00:00,2020-04-26 15:45:00,2020-04-26 15:45:00+00:00,9944,True,False,1,False,False,False,NONE,OK
2020-04-28,2020,24,24,24,24,2020-04-27 16:00:00+00:00,2020-04-27 15:45:00,2020-04-27 15:45:00+00:00,9949,True,False,1,False,False,False,NONE,OK
2020-04-29,2020,24,24,24,24,2020-04-28 16:00:00+00:00,2020-04-28 15:45:00,2020-04-28 15:45:00+00:00,9954,True,False,1,False,False,False,NONE,OK
2020-04-30,2020,24,24,24,24,2020-04-29 16:00:00+00:00,2020-04-29 15:45:00,2020-04-29 15:45:00+00:00,9959,True,False,1,False,False,False,NONE,OK
2020-05-01,2020,24,24,24,24,2020-04-30 16:00:00+00:00,2020-04-30 15:45:00,2020-04-30 15:45:00+00:00,9964,True,False,1,False,False,False,NONE,OK
2020-05-02,2020,24,24,24,24,2020-05-01 16:00:00+00:00,2020-05-01 15:45:00,2020-05-01 15:45:00+00:00,9969,True,False,1,False,False,False,NONE,OK
2020-05-03,2020,24,24,24,24,2020-05-02 16:00:00+00:00,2020-05-02 15:45:00,2020-05-02 15:45:00+00:00,9974,True,False,1,False,False,False,NONE,OK
2020-05-04,2020,24,24,24,24,2020-05-03 16:00:00+00:00,2020-05-03 15:45:00,2020-05-03 15:45:00+00:00,9979,True,False,1,False,False,False,NONE,OK
2020-05-05,2020,24,24,24,24,2020-05-04 16:00:00+00:00,2020-05-04 15:45:00,2020-05-04 15:45:00+00:00,9984,True,False,1,False,False,False,NONE,OK
2020-05-06,2020,24,24,24,24,2020-05-05 16:00:00+00:00,2020-05-05 15:45:00,2020-05-05 15:45:00+00:00,9989,True,False,1,False,False,False,NONE,OK
2020-05-07,2020,24,24,24,24,2020-05-06 16:00:00+00:00,2020-05-06 15:45:00,2020-05-06 15:45:00+00:00,9994,True,False,1,False,False,False,NONE,OK
2020-05-08,2020,24,24,24,24,2020-05-07 16:00:00+00:00,2020-05-07 15:45:00,2020-05-07 15:45:00+00:00,9999,True,False,1,False,False,False,NONE,OK
2020-05-09,2020,24,24,24,24,2020-05-08 16:00:00+00:00,2020-05-08 15:45:00,2020-05-08 15:45:00+00:00,10004,True,False,1,False,False,False,NONE,OK
2020-05-10,2020,24,24,24,24,2020-05-09 16:00:00+00:00,2020-05-09 15:45:00,2020-05-09 15:45:00+00:00,10009,True,False,1,False,False,False,NONE,OK
2020-05-11,2020,24,24,24,24,2020-05-10 16:00:00+00:00,2020-05-10 15:45:00,2020-05-10 15:45:00+00:00,10014,True,False,1,False,False,False,NONE,OK
2020-05-12,2020,24,24,24,24,2020-05-11 16:00:00+00:00,2020-05-11 15:45:00,2020-05-11 15:45:00+00:00,10019,True,False,1,False,False,False,NONE,OK
2020-05-13,2020,24,24,24,24,2020-05-12 16:00:00+00:00,2020-05-12 15:45:00,2020-05-12 15:45:00+00:00,10024,True,False,1,False,False,False,NONE,OK
2020-05-14,2020,24,24,24,24,2020-05-13 16:00:00+00:00,2020-05-13 15:45:00,2020-05-13 15:45:00+00:00,10029,True,False,1,False,False,False,NONE,OK
2020-05-15,2020,24,24,24,24,2020-05-14 16:00:00+00:00,2020-05-14 15:45:00,2020-05-14 15:45:00+00:00,10034,True,False,1,False,False,False,NONE,OK
2020-05-16,2020,24,24,24,24,2020-05-15 16:00:00+00:00,2020-05-15 15:45:00,2020-05-15 15:45:00+00:00,10039,True,False,1,False,False,False,NONE,OK
2020-05-17,2020,24,24,24,24,2020-05-16 16:00:00+00:00,2020-05-16 15:45:00,2020-05-16 15:45:00+00:00,10044,True,False,1,False,False,False,NONE,OK
2020-05-18,2020,24,24,24,24,2020-05-17 16:00:00+00:00,2020-05-17 15:45:00,2020-05-17 15:45:00+00:00,10049,True,False,1,False,False,False,NONE,OK
2020-05-19,2020,24,24,24,24,2020-05-18 16:00:00+00:00,2020-05-18 15:45:00,2020-05-18 15:45:00+00:00,10054,True,False,1,False,False,False,NONE,OK
2020-05-20,2020,24,24,24,24,2020-05-19 16:00:00+00:00,2020-05-19 15:45:00,2020-05-19 15:45:00+00:00,10059,True,False,1,False,False,False,NONE,OK
2020-05-21,2020,24,24,24,24,2020-05-20 16:00:00+00:00,2020-05-20 15:45:00,2020-05-20 15:45:00+00:00,10064,True,False,1,False,False,False,NONE,OK
2020-05-22,2020,24,24,24,24,2020-05-21 16:00:00+00:00,2020-05-21 15:45:00,2020-05-21 15:45:00+00:00,10069,True,False,1,False,False,False,NONE,OK
2020-05-23,2020,24,24,24,24,2020-05-22 16:00:00+00:00,2020-05-22 15:45:00,2020-05-22 15:45:00+00:00,10074,True,False,1,False,False,False,NONE,OK
2020-05-24,2020,24,24,24,24,2020-05-23 16:00:00+00:00,2020-05-23 15:45:00,2020-05-23 15:45:00+00:00,10079,True,False,1,False,False,False,NONE,OK
2020-05-25,2020,24,24,24,24,2020-05-24 16:00:00+00:00,2020-05-24 15:45:00,2020-05-24 15:45:00+00:00,10084,True,False,1,False,False,False,NONE,OK
2020-05-26,2020,24,24,24,24,2020-05-25 16:00:00+00:00,2020-05-25 15:45:00,2020-05-25 15:45:00+00:00,10089,True,False,1,False,False,False,NONE,OK
2020-05-27,2020,24,24,24,24,2020-05-26 16:00:00+00:00,2020-05-26 15:45:00,2020-05-26 15:45:00+00:00,10094,True,False,1,False,False,False,NONE,OK
2020-05-28,2020,24,24,24,24,2020-05-27 16:00:00+00:00,2020-05-27 15:45:00,2020-05-27 15:45:00+00:00,10099,True,False,1,False,False,False,NONE,OK
2020-05-29,2020,24,24,24,24,2020-05-28 16:00:00+00:00,2020-05-28 15:45:00,2020-05-28 15:45:00+00:00,10104,True,False,1,False,False,False,NONE,OK
2020-05-30,2020,24,24,24,24,2020-05-29 16:00:00+00:00,2020-05-29 15:45:00,2020-05-29 15:45:00+00:00,10109,True,False,1,False,False,False,NONE,OK
2020-05-31,2020,24,24,24,24,2020-05-30 16:00:00+00:00,2020-05-30 15:45:00,2020-05-30 15:45:00+00:00,10114,True,False,1,False,False,False,NONE,OK
2020-06-01,2020,24,24,24,24,2020-05-31 16:00:00+00:00,2020-05-31 15:45:00,2020-05-31 15:45:00+00:00,10119,True,False,1,False,False,False,NONE,OK
2020-06-02,2020,24,24,24,24,2020-06-01 16:00:00+00:00,2020-06-01 15:45:00,2020-06-01 15:45:00+00:00,10124,True,False,1,False,False,False,NONE,OK
2020-06-03,2020,24,24,24,24,2020-06-02 16:00:00+00:00,2020-06-02 15:45:00,2020-06-02 15:45:00+00:00,10129,True,False,1,False,False,False,NONE,OK
2020-06-04,2020,24,24,24,24,2020-06-03 16:00:00+00:00,2020-06-03 15:45:00,2020-06-03 15:45:00+00:00,10134,True,False,1,False,False,False,NONE,OK
2020-06-05,2020,24,24,24,24,2020-06-04 16:00:00+00:00,2020-06-04 15:45:00,2020-06-04 15:45:00+00:00,10139,True,False,1,False,False,False,NONE,OK
2020-06-06,2020,24,24,24,24,2020-06-05 16:00:00+00:00,2020-06-05 15:45:00,2020-06-05 15:45:00+00:00,10144,True,False,1,False,False,False,NONE,OK
2020-06-07,2020,24,24,24,24,2020-06-06 16:00:00+00:00,2020-06-06 15:45:00,2020-06-06 15:45:00+00:00,10149,True,False,1,False,False,False,NONE,OK
2020-06-08,2020,24,24,24,24,2020-06-07 16:00:00+00:00,2020-06-07 15:45:00,2020-06-07 15:45:00+00:00,10154,True,False,1,False,False,False,NONE,OK
2020-06-09,2020,24,24,24,24,2020-06-08 16:00:00+00:00,2020-06-08 15:45:00,2020-06-08 15:45:00+00:00,10159,True,False,1,False,False,False,NONE,OK
2020-06-10,2020,24,24,24,24,2020-06-09 16:00:00+00:00,2020-06-09 15:45:00,2020-06-09 15:45:00+00:00,10164,True,False,1,False,False,False,NONE,OK
2020-06-11,2020,24,24,24,24,2020-06-10 16:00:00+00:00,2020-06-10 15:45:00,2020-06-10 15:45:00+00:00,10169,True,False,1,False,False,False,NONE,OK
2020-06-12,2020,24,24,24,24,2020-06-11 16:00:00+00:00,2020-06-11 15:45:00,2020-06-11 15:45:00+00:00,10174,True,False,1,False,False,False,NONE,OK
2020-06-13,2020,24,24,24,24,2020-06-12 16:00:00+00:00,2020-06-12 15:45:00,2020-06-12 15:45:00+00:00,10179,True,False,1,False,False,False,NONE,OK
2020-06-14,2020,24,24,24,24,2020-06-13 16:00:00+00:00,2020-06-13 15:45:00,2020-06-13 15:45:00+00:00,10184,True,False,1,False,False,False,NONE,OK
2020-06-15,2020,24,24,24,24,2020-06-14 16:00:00+00:00,2020-06-14 15:45:00,2020-06-14 15:45:00+00:00,10189,True,False,1,False,False,False,NONE,OK
2020-06-16,2020,24,24,24,24,2020-06-15 16:00:00+00:00,2020-06-15 15:45:00,2020-06-15 15:45:00+00:00,10194,True,False,1,False,False,False,NONE,OK
2020-06-17,2020,24,24,24,24,2020-06-16 16:00:00+00:00,2020-06-16 15:45:00,2020-06-16 15:45:00+00:00,10199,True,False,1,False,False,False,NONE,OK
2020-06-18,2020,24,24,24,24,2020-06-17 16:00:00+00:00,2020-06-17 15:45:00,2020-06-17 15:45:00+00:00,10204,True,False,1,False,False,False,NONE,OK
2020-06-19,2020,24,24,24,24,2020-06-18 16:00:00+00:00,2020-06-18 15:45:00,2020-06-18 15:45:00+00:00,10209,True,False,1,False,False,False,NONE,OK
2020-06-20,2020,24,24,24,24,2020-06-19 16:00:00+00:00,2020-06-19 15:45:00,2020-06-19 15:45:00+00:00,10214,True,False,1,False,False,False,NONE,OK
2020-06-21,2020,24,24,24,24,2020-06-20 16:00:00+00:00,2020-06-20 15:45:00,2020-06-20 15:45:00+00:00,10219,True,False,1,False,False,False,NONE,OK
2020-06-22,2020,24,24,24,24,2020-06-21 16:00:00+00:00,2020-06-21 15:45:00,2020-06-21 15:45:00+00:00,10224,True,False,1,False,False,False,NONE,OK
2020-06-23,2020,24,24,24,24,2020-06-22 16:00:00+00:00,2020-06-22 15:45:00,2020-06-22 15:45:00+00:00,10229,True,False,1,False,False,False,NONE,OK
2020-06-24,2020,24,24,24,24,2020-06-23 16:00:00+00:00,2020-06-23 15:45:00,2020-06-23 15:45:00+00:00,10234,True,False,1,False,False,False,NONE,OK
2020-06-25,2020,24,24,24,24,2020-06-24 16:00:00+00:00,2020-06-24 15:45:00,2020-06-24 15:45:00+00:00,10239,True,False,1,False,False,False,NONE,OK
2020-06-26,2020,24,24,24,24,2020-06-25 16:00:00+00:00,2020-06-25 15:45:00,2020-06-25 15:45:00+00:00,10244,True,False,1,False,False,False,NONE,OK
2020-06-27,2020,24,24,24,24,2020-06-26 16:00:00+00:00,2020-06-26 15:45:00,2020-06-26 15:45:00+00:00,10249,True,False,1,False,False,False,NONE,OK
2020-06-28,2020,24,24,24,24,2020-06-27 16:00:00+00:00,2020-06-27 15:45:00,2020-06-27 15:45:00+00:00,10254,True,False,1,False,False,False,NONE,OK
2020-06-29,2020,24,24,24,24,2020-06-28 16:00:00+00:00,2020-06-28 15:45:00,2020-06-28 15:45:00+00:00,10259,True,False,1,False,False,False,NONE,OK
2020-06-30,2020,24,24,24,24,2020-06-29 16:00:00+00:00,2020-06-29 15:45:00,2020-06-29 15:45:00+00:00,10264,True,False,1,False,False,False,NONE,OK
2020-07-01,2020,24,24,24,24,2020-06-30 16:00:00+00:00,2020-06-30 15:45:00,2020-06-30 15:45:00+00:00,10269,True,False,1,False,False,False,NONE,OK
2020-07-02,2020,24,24,24,24,2020-07-01 16:00:00+00:00,2020-07-01 15:45:00,2020-07-01 15:45:00+00:00,10274,True,False,1,False,False,False,NONE,OK
2020-07-03,2020,24,24,24,24,2020-07-02 16:00:00+00:00,2020-07-02 15:45:00,2020-07-02 15:45:00+00:00,10279,True,False,1,False,False,False,NONE,OK
2020-07-04,2020,24,24,24,24,2020-07-03 16:00:00+00:00,2020-07-03 15:45:00,2020-07-03 15:45:00+00:00,10284,True,False,1,False,False,False,NONE,OK
2020-07-05,2020,24,24,24,24,2020-07-04 16:00:00+00:00,2020-07-04 15:45:00,2020-07-04 15:45:00+00:00,10289,True,False,1,False,False,False,NONE,OK
2020-07-06,2020,24,24,24,24,2020-07-05 16:00:00+00:00,2020-07-05 15:45:00,2020-07-05 15:45:00+00:00,10294,True,False,1,False,False,False,NONE,OK
2020-07-07,2020,24,24,24,24,2020-07-06 16:00:00+00:00,2020-07-06 15:45:00,2020-07-06 15:45:00+00:00,10299,True,False,1,False,False,False,NONE,OK
2020-07-08,2020,24,24,24,24,2020-07-07 16:00:00+00:00,2020-07-07 15:45:00,2020-07-07 15:45:00+00:00,10304,True,False,1,False,False,False,NONE,OK
2020-07-09,2020,24,24,24,24,2020-07-08 16:00:00+00:00,2020-07-08 15:45:00,2020-07-08 15:45:00+00:00,10309,True,False,1,False,False,False,NONE,OK
2020-07-10,2020,24,24,24,24,2020-07-09 16:00:00+00:00,2020-07-09 15:45:00,2020-07-09 15:45:00+00:00,10314,True,False,1,False,False,False,NONE,OK
2020-07-11,2020,24,24,24,24,2020-07-10 16:00:00+00:00,2020-07-10 15:45:00,2020-07-10 15:45:00+00:00,10319,True,False,1,False,False,False,NONE,OK
2020-07-12,2020,24,24,24,24,2020-07-11 16:00:00+00:00,2020-07-11 15:45:00,2020-07-11 15:45:00+00:00,10324,True,False,1,False,False,False,NONE,OK
2020-07-13,2020,24,24,24,24,2020-07-12 16:00:00+00:00,2020-07-12 15:45:00,2020-07-12 15:45:00+00:00,10329,True,False,1,False,False,False,NONE,OK
2020-07-14,2020,24,24,24,24,2020-07-13 16:00:00+00:00,2020-07-13 15:45:00,2020-07-13 15:45:00+00:00,10334,True,False,1,False,False,False,NONE,OK
2020-07-15,2020,24,24,24,24,2020-07-14 16:00:00+00:00,2020-07-14 15:45:00,2020-07-14 15:45:00+00:00,10339,True,False,1,False,False,False,NONE,OK
2020-07-16,2020,24,24,24,24,2020-07-15 16:00:00+00:00,2020-07-15 15:45:00,2020-07-15 15:45:00+00:00,10344,True,False,1,False,False,False,NONE,OK
2020-07-17,2020,24,24,24,24,2020-07-16 16:00:00+00:00,2020-07-16 15:45:00,2020-07-16 15:45:00+00:00,10349,True,False,1,False,False,False,NONE,OK
2020-07-18,2020,24,24,24,24,2020-07-17 16:00:00+00:00,2020-07-17 15:45:00,2020-07-17 15:45:00+00:00,10354,True,False,1,False,False,False,NONE,OK
2020-07-19,2020,24,24,24,24,2020-07-18 16:00:00+00:00,2020-07-18 15:45:00,2020-07-18 15:45:00+00:00,10359,True,False,1,False,False,False,NONE,OK
2020-07-20,2020,24,24,24,24,2020-07-19 16:00:00+00:00,2020-07-19 15:45:00,2020-07-19 15:45:00+00:00,10364,True,False,1,False,False,False,NONE,OK
2020-07-21,2020,24,24,24,24,2020-07-20 16:00:00+00:00,2020-07-20 15:45:00,2020-07-20 15:45:00+00:00,10369,True,False,1,False,False,False,NONE,OK
2020-07-22,2020,24,24,24,24,2020-07-21 16:00:00+00:00,2020-07-21 15:45:00,2020-07-21 15:45:00+00:00,10374,True,False,1,False,False,False,NONE,OK
2020-07-23,2020,24,24,24,24,2020-07-22 16:00:00+00:00,2020-07-22 15:45:00,2020-07-22 15:45:00+00:00,10379,True,False,1,False,False,False,NONE,OK
2020-07-24,2020,24,24,24,24,2020-07-23 16:00:00+00:00,2020-07-23 15:45:00,2020-07-23 15:45:00+00:00,10384,True,False,1,False,False,False,NONE,OK
2020-07-25,2020,24,24,24,24,2020-07-24 16:00:00+00:00,2020-07-24 15:45:00,2020-07-24 15:45:00+00:00,10389,True,False,1,False,False,False,NONE,OK
2020-07-26,2020,24,24,24,24,2020-07-25 16:00:00+00:00,2020-07-25 15:45:00,2020-07-25 15:45:00+00:00,10394,True,False,1,False,False,False,NONE,OK
2020-07-27,2020,24,24,24,24,2020-07-26 16:00:00+00:00,2020-07-26 15:45:00,2020-07-26 15:45:00+00:00,10399,True,False,1,False,False,False,NONE,OK
2020-07-28,2020,24,24,24,24,2020-07-27 16:00:00+00:00,2020-07-27 15:45:00,2020-07-27 15:45:00+00:00,10404,True,False,1,False,False,False,NONE,OK
2020-07-29,2020,24,24,24,24,2020-07-28 16:00:00+00:00,2020-07-28 15:45:00,2020-07-28 15:45:00+00:00,10409,True,False,1,False,False,False,NONE,OK
2020-07-30,2020,24,24,24,24,2020-07-29 16:00:00+00:00,2020-07-29 15:45:00,2020-07-29 15:45:00+00:00,10414,True,False,1,False,False,False,NONE,OK
2020-07-31,2020,24,24,24,24,2020-07-30 16:00:00+00:00,2020-07-30 15:45:00,2020-07-30 15:45:00+00:00,10419,True,False,1,False,False,False,NONE,OK
2020-08-01,2020,24,24,24,24,2020-07-31 16:00:00+00:00,2020-07-31 15:45:00,2020-07-31 15:45:00+00:00,10424,True,False,1,False,False,False,NONE,OK
2020-08-02,2020,24,24,24,24,2020-08-01 16:00:00+00:00,2020-08-01 15:45:00,2020-08-01 15:45:00+00:00,10429,True,False,1,False,False,False,NONE,OK
2020-08-03,2020,24,24,24,24,2020-08-02 16:00:00+00:00,2020-08-02 15:45:00,2020-08-02 15:45:00+00:00,10434,True,False,1,False,False,False,NONE,OK
2020-08-04,2020,24,24,24,24,2020-08-03 16:00:00+00:00,2020-08-03 15:45:00,2020-08-03 15:45:00+00:00,10439,True,False,1,False,False,False,NONE,OK
2020-08-05,2020,24,24,24,24,2020-08-04 16:00:00+00:00,2020-08-04 15:45:00,2020-08-04 15:45:00+00:00,10444,True,False,1,False,False,False,NONE,OK
2020-08-06,2020,24,24,24,24,2020-08-05 16:00:00+00:00,2020-08-05 15:45:00,2020-08-05 15:45:00+00:00,10449,True,False,1,False,False,False,NONE,OK
2020-08-07,2020,24,24,24,24,2020-08-06 16:00:00+00:00,2020-08-06 15:45:00,2020-08-06 15:45:00+00:00,10454,True,False,1,False,False,False,NONE,OK
2020-08-08,2020,24,24,24,24,2020-08-07 16:00:00+00:00,2020-08-07 15:45:00,2020-08-07 15:45:00+00:00,10459,True,False,1,False,False,False,NONE,OK
2020-08-09,2020,24,24,24,24,2020-08-08 16:00:00+00:00,2020-08-08 15:45:00,2020-08-08 15:45:00+00:00,10464,True,False,1,False,False,False,NONE,OK
2020-08-10,2020,24,24,24,24,2020-08-09 16:00:00+00:00,2020-08-09 15:45:00,2020-08-09 15:45:00+00:00,10469,True,False,1,False,False,False,NONE,OK
2020-08-11,2020,24,24,24,24,2020-08-10 16:00:00+00:00,2020-08-10 15:45:00,2020-08-10 15:45:00+00:00,10474,True,False,1,False,False,False,NONE,OK
2020-08-12,2020,24,24,24,24,2020-08-11 16:00:00+00:00,2020-08-11 15:45:00,2020-08-11 15:45:00+00:00,10479,True,False,1,False,False,False,NONE,OK
2020-08-13,2020,24,24,24,24,2020-08-12 16:00:00+00:00,2020-08-12 15:45:00,2020-08-12 15:45:00+00:00,10484,True,False,1,False,False,False,NONE,OK
2020-08-14,2020,24,24,24,24,2020-08-13 16:00:00+00:00,2020-08-13 15:45:00,2020-08-13 15:45:00+00:00,10489,True,False,1,False,False,False,NONE,OK
2020-08-15,2020,24,24,24,24,2020-08-14 16:00:00+00:00,2020-08-14 15:45:00,2020-08-14 15:45:00+00:00,10494,True,False,1,False,False,False,NONE,OK
2020-08-16,2020,24,24,24,24,2020-08-15 16:00:00+00:00,2020-08-15 15:45:00,2020-08-15 15:45:00+00:00,10499,True,False,1,False,False,False,NONE,OK
2020-08-17,2020,24,24,24,24,2020-08-16 16:00:00+00:00,2020-08-16 15:45:00,2020-08-16 15:45:00+00:00,10504,True,False,1,False,False,False,NONE,OK
2020-08-18,2020,24,24,24,24,2020-08-17 16:00:00+00:00,2020-08-17 15:45:00,2020-08-17 15:45:00+00:00,10509,True,False,1,False,False,False,NONE,OK
2020-08-19,2020,24,24,24,24,2020-08-18 16:00:00+00:00,2020-08-18 15:45:00,2020-08-18 15:45:00+00:00,10514,True,False,1,False,False,False,NONE,OK
2020-08-20,2020,24,24,24,24,2020-08-19 16:00:00+00:00,2020-08-19 15:45:00,2020-08-19 15:45:00+00:00,10519,True,False,1,False,False,False,NONE,OK
2020-08-21,2020,24,24,24,24,2020-08-20 16:00:00+00:00,2020-08-20 15:45:00,2020-08-20 15:45:00+00:00,10524,True,False,1,False,False,False,NONE,OK
2020-08-22,2020,24,24,24,24,2020-08-21 16:00:00+00:00,2020-08-21 15:45:00,2020-08-21 15:45:00+00:00,10529,True,False,1,False,False,False,NONE,OK
2020-08-23,2020,24,24,24,24,2020-08-22 16:00:00+00:00,2020-08-22 15:45:00,2020-08-22 15:45:00+00:00,10534,True,False,1,False,False,False,NONE,OK
2020-08-24,2020,24,24,24,24,2020-08-23 16:00:00+00:00,2020-08-23 15:45:00,2020-08-23 15:45:00+00:00,10539,True,False,1,False,False,False,NONE,OK
2020-08-25,2020,24,24,24,24,2020-08-24 16:00:00+00:00,2020-08-24 15:45:00,2020-08-24 15:45:00+00:00,10544,True,False,1,False,False,False,NONE,OK
2020-08-26,2020,24,24,24,24,2020-08-25 16:00:00+00:00,2020-08-25 15:45:00,2020-08-25 15:45:00+00:00,10549,True,False,1,False,False,False,NONE,OK
2020-08-27,2020,24,24,24,24,2020-08-26 16:00:00+00:00,2020-08-26 15:45:00,2020-08-26 15:45:00+00:00,10554,True,False,1,False,False,False,NONE,OK
2020-08-28,2020,24,24,24,24,2020-08-27 16:00:00+00:00,2020-08-27 15:45:00,2020-08-27 15:45:00+00:00,10559,True,False,1,False,False,False,NONE,OK
2020-08-29,2020,24,24,24,24,2020-08-28 16:00:00+00:00,2020-08-28 15:45:00,2020-08-28 15:45:00+00:00,10564,True,False,1,False,False,False,NONE,OK
2020-08-30,2020,24,24,24,24,2020-08-29 16:00:00+00:00,2020-08-29 15:45:00,2020-08-29 15:45:00+00:00,10569,True,False,1,False,False,False,NONE,OK
2020-08-31,2020,24,24,24,24,2020-08-30 16:00:00+00:00,2020-08-30 15:45:00,2020-08-30 15:45:00+00:00,10574,True,False,1,False,False,False,NONE,OK
2020-09-01,2020,24,24,24,24,2020-08-31 16:00:00+00:00,2020-08-31 15:45:00,2020-08-31 15:45:00+00:00,10579,True,False,1,False,False,False,NONE,OK
2020-09-02,2020,24,24,24,24,2020-09-01 16:00:00+00:00,2020-09-01 15:45:00,2020-09-01 15:45:00+00:00,10584,True,False,1,False,False,False,NONE,OK
2020-09-03,2020,24,24,24,24,2020-09-02 16:00:00+00:00,2020-09-02 15:45:00,2020-09-02 15:45:00+00:00,10589,True,False,1,False,False,False,NONE,OK
2020-09-04,2020,24,24,24,24,2020-09-03 16:00:00+00:00,2020-09-03 15:45:00,2020-09-03 15:45:00+00:00,10594,True,False,1,False,False,False,NONE,OK
2020-09-05,2020,24,24,24,24,2020-09-04 16:00:00+00:00,2020-09-04 15:45:00,2020-09-04 15:45:00+00:00,10599,True,False,1,False,False,False,NONE,OK
2020-09-06,2020,24,24,24,24,2020-09-05 16:00:00+00:00,2020-09-05 15:45:00,2020-09-05 15:45:00+00:00,10604,True,False,1,False,False,False,NONE,OK
2020-09-07,2020,24,24,24,24,2020-09-06 16:00:00+00:00,2020-09-06 15:45:00,2020-09-06 15:45:00+00:00,10609,True,False,1,False,False,False,NONE,OK
2020-09-08,2020,24,24,24,24,2020-09-07 16:00:00+00:00,2020-09-07 15:45:00,2020-09-07 15:45:00+00:00,10614,True,False,1,False,False,False,NONE,OK
2020-09-09,2020,24,24,24,24,2020-09-08 16:00:00+00:00,2020-09-08 15:45:00,2020-09-08 15:45:00+00:00,10619,True,False,1,False,False,False,NONE,OK
2020-09-10,2020,24,24,24,24,2020-09-09 16:00:00+00:00,2020-09-09 15:45:00,2020-09-09 15:45:00+00:00,10624,True,False,1,False,False,False,NONE,OK
2020-09-11,2020,24,24,24,24,2020-09-10 16:00:00+00:00,2020-09-10 15:45:00,2020-09-10 15:45:00+00:00,10629,True,False,1,False,False,False,NONE,OK
2020-09-12,2020,24,24,24,24,2020-09-11 16:00:00+00:00,2020-09-11 15:45:00,2020-09-11 15:45:00+00:00,10634,True,False,1,False,False,False,NONE,OK
2020-09-13,2020,24,24,24,24,2020-09-12 16:00:00+00:00,2020-09-12 15:45:00,2020-09-12 15:45:00+00:00,10639,True,False,1,False,False,False,NONE,OK
2020-09-14,2020,24,24,24,24,2020-09-13 16:00:00+00:00,2020-09-13 15:45:00,2020-09-13 15:45:00+00:00,10644,True,False,1,False,False,False,NONE,OK
2020-09-15,2020,24,24,24,24,2020-09-14 16:00:00+00:00,2020-09-14 15:45:00,2020-09-14 15:45:00+00:00,10649,True,False,1,False,False,False,NONE,OK
2020-09-16,2020,24,24,24,24,2020-09-15 16:00:00+00:00,2020-09-15 15:45:00,2020-09-15 15:45:00+00:00,10654,True,False,1,False,False,False,NONE,OK
2020-09-17,2020,24,24,24,24,2020-09-16 16:00:00+00:00,2020-09-16 15:45:00,2020-09-16 15:45:00+00:00,10659,True,False,1,False,False,False,NONE,OK
2020-09-18,2020,24,24,24,24,2020-09-17 16:00:00+00:00,2020-09-17 15:45:00,2020-09-17 15:45:00+00:00,10664,True,False,1,False,False,False,NONE,OK
2020-09-19,2020,24,24,24,24,2020-09-18 16:00:00+00:00,2020-09-18 15:45:00,2020-09-18 15:45:00+00:00,10669,True,False,1,False,False,False,NONE,OK
2020-09-20,2020,24,24,24,24,2020-09-19 16:00:00+00:00,2020-09-19 15:45:00,2020-09-19 15:45:00+00:00,10674,True,False,1,False,False,False,NONE,OK
2020-09-21,2020,24,24,24,24,2020-09-20 16:00:00+00:00,2020-09-20 15:45:00,2020-09-20 15:45:00+00:00,10679,True,False,1,False,False,False,NONE,OK
2020-09-22,2020,24,24,24,24,2020-09-21 16:00:00+00:00,2020-09-21 15:45:00,2020-09-21 15:45:00+00:00,10684,True,False,1,False,False,False,NONE,OK
2020-09-23,2020,24,24,24,24,2020-09-22 16:00:00+00:00,2020-09-22 15:45:00,2020-09-22 15:45:00+00:00,10689,True,False,1,False,False,False,NONE,OK
2020-09-24,2020,24,24,24,24,2020-09-23 16:00:00+00:00,2020-09-23 15:45:00,2020-09-23 15:45:00+00:00,10694,True,False,1,False,False,False,NONE,OK
2020-09-25,2020,24,24,24,24,2020-09-24 16:00:00+00:00,2020-09-24 15:45:00,2020-09-24 15:45:00+00:00,10699,True,False,1,False,False,False,NONE,OK
2020-09-26,2020,24,24,24,24,2020-09-25 16:00:00+00:00,2020-09-25 15:45:00,2020-09-25 15:45:00+00:00,10704,True,False,1,False,False,False,NONE,OK
2020-09-27,2020,24,24,24,24,2020-09-26 16:00:00+00:00,2020-09-26 15:45:00,2020-09-26 15:45:00+00:00,10709,True,False,1,False,False,False,NONE,OK
2020-09-28,2020,24,24,24,24,2020-09-27 16:00:00+00:00,2020-09-27 15:45:00,2020-09-27 15:45:00+00:00,10714,True,False,1,False,False,False,NONE,OK
2020-09-29,2020,24,24,24,24,2020-09-28 16:00:00+00:00,2020-09-28 15:45:00,2020-09-28 15:45:00+00:00,10719,True,False,1,False,False,False,NONE,OK
2020-09-30,2020,24,24,24,24,2020-09-29 16:00:00+00:00,2020-09-29 15:45:00,2020-09-29 15:45:00+00:00,10724,True,False,1,False,False,False,NONE,OK
2020-10-01,2020,24,24,24,24,2020-09-30 16:00:00+00:00,2020-09-30 15:45:00,2020-09-30 15:45:00+00:00,10729,True,False,1,False,False,False,NONE,OK
2020-10-02,2020,24,24,24,24,2020-10-01 16:00:00+00:00,2020-10-01 15:45:00,2020-10-01 15:45:00+00:00,10734,True,False,1,False,False,False,NONE,OK
2020-10-03,2020,24,24,24,24,2020-10-02 16:00:00+00:00,2020-10-02 15:45:00,2020-10-02 15:45:00+00:00,10739,True,False,1,False,False,False,NONE,OK
2020-10-04,2020,24,24,24,24,2020-10-03 16:00:00+00:00,2020-10-03 15:45:00,2020-10-03 15:45:00+00:00,10744,True,False,1,False,False,False,NONE,OK
2020-10-05,2020,24,24,24,24,2020-10-04 16:00:00+00:00,2020-10-04 15:45:00,2020-10-04 15:45:00+00:00,10749,True,False,1,False,False,False,NONE,OK
2020-10-06,2020,24,24,24,24,2020-10-05 16:00:00+00:00,2020-10-05 15:45:00,2020-10-05 15:45:00+00:00,10754,True,False,1,False,False,False,NONE,OK
2020-10-07,2020,24,24,24,24,2020-10-06 16:00:00+00:00,2020-10-06 15:45:00,2020-10-06 15:45:00+00:00,10759,True,False,1,False,False,False,NONE,OK
2020-10-08,2020,24,24,24,24,2020-10-07 16:00:00+00:00,2020-10-07 15:45:00,2020-10-07 15:45:00+00:00,10764,True,False,1,False,False,False,NONE,OK
2020-10-09,2020,24,24,24,24,2020-10-08 16:00:00+00:00,2020-10-08 15:45:00,2020-10-08 15:45:00+00:00,10769,True,False,1,False,False,False,NONE,OK
2020-10-10,2020,24,24,24,24,2020-10-09 16:00:00+00:00,2020-10-09 15:45:00,2020-10-09 15:45:00+00:00,10774,True,False,1,False,False,False,NONE,OK
2020-10-11,2020,24,24,24,24,2020-10-10 16:00:00+00:00,2020-10-10 15:45:00,2020-10-10 15:45:00+00:00,10779,True,False,1,False,False,False,NONE,OK
2020-10-12,2020,24,24,24,24,2020-10-11 16:00:00+00:00,2020-10-11 15:45:00,2020-10-11 15:45:00+00:00,10784,True,False,1,False,False,False,NONE,OK
2020-10-13,2020,24,24,24,24,2020-10-12 16:00:00+00:00,2020-10-12 15:45:00,2020-10-12 15:45:00+00:00,10789,True,False,1,False,False,False,NONE,OK
2020-10-14,2020,24,24,24,24,2020-10-13 16:00:00+00:00,2020-10-13 15:45:00,2020-10-13 15:45:00+00:00,10794,True,False,1,False,False,False,NONE,OK
2020-10-15,2020,24,24,24,24,2020-10-14 16:00:00+00:00,2020-10-14 15:45:00,2020-10-14 15:45:00+00:00,10799,True,False,1,False,False,False,NONE,OK
2020-10-16,2020,24,24,24,24,2020-10-15 16:00:00+00:00,2020-10-15 15:45:00,2020-10-15 15:45:00+00:00,10804,True,False,1,False,False,False,NONE,OK
2020-10-17,2020,24,24,24,24,2020-10-16 16:00:00+00:00,2020-10-16 15:45:00,2020-10-16 15:45:00+00:00,10809,True,False,1,False,False,False,NONE,OK
2020-10-18,2020,24,24,24,24,2020-10-17 16:00:00+00:00,2020-10-17 15:45:00,2020-10-17 15:45:00+00:00,10814,True,False,1,False,False,False,NONE,OK
2020-10-19,2020,24,24,24,24,2020-10-18 16:00:00+00:00,2020-10-18 15:45:00,2020-10-18 15:45:00+00:00,10819,True,False,1,False,False,False,NONE,OK
2020-10-20,2020,24,24,24,24,2020-10-19 16:00:00+00:00,2020-10-19 15:45:00,2020-10-19 15:45:00+00:00,10824,True,False,1,False,False,False,NONE,OK
2020-10-21,2020,24,24,24,24,2020-10-20 16:00:00+00:00,2020-10-20 15:45:00,2020-10-20 15:45:00+00:00,10829,True,False,1,False,False,False,NONE,OK
2020-10-22,2020,24,24,24,24,2020-10-21 16:00:00+00:00,2020-10-21 15:45:00,2020-10-21 15:45:00+00:00,10834,True,False,1,False,False,False,NONE,OK
2020-10-23,2020,24,24,24,24,2020-10-22 16:00:00+00:00,2020-10-22 15:45:00,2020-10-22 15:45:00+00:00,10839,True,False,1,False,False,False,NONE,OK
2020-10-24,2020,24,24,24,24,2020-10-23 16:00:00+00:00,2020-10-23 15:45:00,2020-10-23 15:45:00+00:00,10844,True,False,1,False,False,False,NONE,OK
2020-10-25,2020,24,24,24,24,2020-10-24 16:00:00+00:00,2020-10-24 15:45:00,2020-10-24 15:45:00+00:00,10849,True,False,1,False,False,False,NONE,OK
2020-10-26,2020,24,24,24,24,2020-10-25 16:00:00+00:00,2020-10-25 15:45:00,2020-10-25 15:45:00+00:00,10854,True,False,1,False,False,False,NONE,OK
2020-10-27,2020,24,24,24,24,2020-10-26 16:00:00+00:00,2020-10-26 15:45:00,2020-10-26 15:45:00+00:00,10859,True,False,1,False,False,False,NONE,OK
2020-10-28,2020,24,24,24,24,2020-10-27 16:00:00+00:00,2020-10-27 15:45:00,2020-10-27 15:45:00+00:00,10864,True,False,1,False,False,False,NONE,OK
2020-10-29,2020,24,24,24,24,2020-10-28 16:00:00+00:00,2020-10-28 15:45:00,2020-10-28 15:45:00+00:00,10869,True,False,1,False,False,False,NONE,OK
2020-10-30,2020,24,24,24,24,2020-10-29 16:00:00+00:00,2020-10-29 15:45:00,2020-10-29 15:45:00+00:00,10874,True,False,1,False,False,False,NONE,OK
2020-10-31,2020,24,24,24,24,2020-10-30 16:00:00+00:00,2020-10-30 15:45:00,2020-10-30 15:45:00+00:00,10879,True,False,1,False,False,False,NONE,OK
2020-11-01,2020,25,25,25,25,2020-10-31 16:00:00+00:00,2020-10-31 15:45:00,2020-10-31 15:45:00+00:00,10884,True,False,1,False,False,False,NONE,OK
2020-11-02,2020,24,24,24,24,2020-11-01 17:00:00+00:00,2020-11-01 16:45:00,2020-11-01 16:45:00+00:00,10889,True,False,1,False,False,False,NONE,OK
2020-11-03,2020,24,24,24,24,2020-11-02 17:00:00+00:00,2020-11-02 16:45:00,2020-11-02 16:45:00+00:00,10894,True,False,1,False,False,False,NONE,OK
2020-11-04,2020,24,24,24,24,2020-11-03 17:00:00+00:00,2020-11-03 16:45:00,2020-11-03 16:45:00+00:00,10899,True,False,1,False,False,False,NONE,OK
2020-11-05,2020,24,24,24,24,2020-11-04 17:00:00+00:00,2020-11-04 16:45:00,2020-11-04 16:45:00+00:00,10904,True,False,1,False,False,False,NONE,OK
2020-11-06,2020,24,24,24,24,2020-11-05 17:00:00+00:00,2020-11-05 16:45:00,2020-11-05 16:45:00+00:00,10909,True,False,1,False,False,False,NONE,OK
2020-11-07,2020,24,24,24,24,2020-11-06 17:00:00+00:00,2020-11-06 16:45:00,2020-11-06 16:45:00+00:00,10914,True,False,1,False,False,False,NONE,OK
2020-11-08,2020,24,24,24,24,2020-11-07 17:00:00+00:00,2020-11-07 16:45:00,2020-11-07 16:45:00+00:00,10919,True,False,1,False,False,False,NONE,OK
2020-11-09,2020,24,24,24,24,2020-11-08 17:00:00+00:00,2020-11-08 16:45:00,2020-11-08 16:45:00+00:00,10924,True,False,1,False,False,False,NONE,OK
2020-11-10,2020,24,24,24,24,2020-11-09 17:00:00+00:00,2020-11-09 16:45:00,2020-11-09 16:45:00+00:00,10929,True,False,1,False,False,False,NONE,OK
2020-11-11,2020,24,24,24,24,2020-11-10 17:00:00+00:00,2020-11-10 16:45:00,2020-11-10 16:45:00+00:00,10934,True,False,1,False,False,False,NONE,OK
2020-11-12,2020,24,24,24,24,2020-11-11 17:00:00+00:00,2020-11-11 16:45:00,2020-11-11 16:45:00+00:00,10939,True,False,1,False,False,False,NONE,OK
2020-11-13,2020,24,24,24,24,2020-11-12 17:00:00+00:00,2020-11-12 16:45:00,2020-11-12 16:45:00+00:00,10944,True,False,1,False,False,False,NONE,OK
2020-11-14,2020,24,24,24,24,2020-11-13 17:00:00+00:00,2020-11-13 16:45:00,2020-11-13 16:45:00+00:00,10949,True,False,1,False,False,False,NONE,OK
2020-11-15,2020,24,24,24,24,2020-11-14 17:00:00+00:00,2020-11-14 16:45:00,2020-11-14 16:45:00+00:00,10954,True,False,1,False,False,False,NONE,OK
2020-11-16,2020,24,24,24,24,2020-11-15 17:00:00+00:00,2020-11-15 16:45:00,2020-11-15 16:45:00+00:00,10959,True,False,1,False,False,False,NONE,OK
2020-11-17,2020,24,24,24,24,2020-11-16 17:00:00+00:00,2020-11-16 16:45:00,2020-11-16 16:45:00+00:00,10964,True,False,1,False,False,False,NONE,OK
2020-11-18,2020,24,24,24,24,2020-11-17 17:00:00+00:00,2020-11-17 16:45:00,2020-11-17 16:45:00+00:00,10969,True,False,1,False,False,False,NONE,OK
2020-11-19,2020,24,24,24,24,2020-11-18 17:00:00+00:00,2020-11-18 16:45:00,2020-11-18 16:45:00+00:00,10974,True,False,1,False,False,False,NONE,OK
2020-11-20,2020,24,24,24,24,2020-11-19 17:00:00+00:00,2020-11-19 16:45:00,2020-11-19 16:45:00+00:00,10979,True,False,1,False,False,False,NONE,OK
2020-11-21,2020,24,24,24,24,2020-11-20 17:00:00+00:00,2020-11-20 16:45:00,2020-11-20 16:45:00+00:00,10984,True,False,1,False,False,False,NONE,OK
2020-11-22,2020,24,24,24,24,2020-11-21 17:00:00+00:00,2020-11-21 16:45:00,2020-11-21 16:45:00+00:00,10989,True,False,1,False,False,False,NONE,OK
2020-11-23,2020,24,24,24,24,2020-11-22 17:00:00+00:00,2020-11-22 16:45:00,2020-11-22 16:45:00+00:00,10994,True,False,1,False,False,False,NONE,OK
2020-11-24,2020,24,24,24,24,2020-11-23 17:00:00+00:00,2020-11-23 16:45:00,2020-11-23 16:45:00+00:00,10999,True,False,1,False,False,False,NONE,OK
2020-11-25,2020,24,24,24,24,2020-11-24 17:00:00+00:00,2020-11-24 16:45:00,2020-11-24 16:45:00+00:00,11004,True,False,1,False,False,False,NONE,OK
2020-11-26,2020,24,24,24,24,2020-11-25 17:00:00+00:00,2020-11-25 16:45:00,2020-11-25 16:45:00+00:00,11009,True,False,1,False,False,False,NONE,OK
2020-11-27,2020,24,24,24,24,2020-11-26 17:00:00+00:00,2020-11-26 16:45:00,2020-11-26 16:45:00+00:00,11014,True,False,1,False,False,False,NONE,OK
2020-11-28,2020,24,24,24,24,2020-11-27 17:00:00+00:00,2020-11-27 16:45:00,2020-11-27 16:45:00+00:00,11019,True,False,1,False,False,False,NONE,OK
2020-11-29,2020,24,24,24,24,2020-11-28 17:00:00+00:00,2020-11-28 16:45:00,2020-11-28 16:45:00+00:00,11024,True,False,1,False,False,False,NONE,OK
2020-11-30,2020,24,24,24,24,2020-11-29 17:00:00+00:00,2020-11-29 16:45:00,2020-11-29 16:45:00+00:00,11029,True,False,1,False,False,False,NONE,OK
2020-12-01,2020,24,24,24,24,2020-11-30 17:00:00+00:00,2020-11-30 16:45:00,2020-11-30 16:45:00+00:00,11034,True,False,1,False,False,False,NONE,OK
2020-12-02,2020,24,24,24,24,2020-12-01 17:00:00+00:00,2020-12-01 16:45:00,2020-12-01 16:45:00+00:00,11039,True,False,1,False,False,False,NONE,OK
2020-12-03,2020,24,24,24,24,2020-12-02 17:00:00+00:00,2020-12-02 16:45:00,2020-12-02 16:45:00+00:00,11044,True,False,1,False,False,False,NONE,OK
2020-12-04,2020,24,24,24,24,2020-12-03 17:00:00+00:00,2020-12-03 16:45:00,2020-12-03 16:45:00+00:00,11049,True,False,1,False,False,False,NONE,OK
2020-12-05,2020,24,24,24,24,2020-12-04 17:00:00+00:00,2020-12-04 16:45:00,2020-12-04 16:45:00+00:00,11054,True,False,1,False,False,False,NONE,OK
2020-12-06,2020,24,24,24,24,2020-12-05 17:00:00+00:00,2020-12-05 16:45:00,2020-12-05 16:45:00+00:00,11059,True,False,1,False,False,False,NONE,OK
2020-12-07,2020,24,24,24,24,2020-12-06 17:00:00+00:00,2020-12-06 16:45:00,2020-12-06 16:45:00+00:00,11064,True,False,1,False,False,False,NONE,OK
2020-12-08,2020,24,24,24,24,2020-12-07 17:00:00+00:00,2020-12-07 16:45:00,2020-12-07 16:45:00+00:00,11069,True,False,1,False,False,False,NONE,OK
2020-12-09,2020,24,24,24,24,2020-12-08 17:00:00+00:00,2020-12-08 16:45:00,2020-12-08 16:45:00+00:00,11074,True,False,1,False,False,False,NONE,OK
2020-12-10,2020,24,24,24,24,2020-12-09 17:00:00+00:00,2020-12-09 16:45:00,2020-12-09 16:45:00+00:00,11079,True,False,1,False,False,False,NONE,OK
2020-12-11,2020,24,24,24,24,2020-12-10 17:00:00+00:00,2020-12-10 16:45:00,2020-12-10 16:45:00+00:00,11084,True,False,1,False,False,False,NONE,OK
2020-12-12,2020,24,24,24,24,2020-12-11 17:00:00+00:00,2020-12-11 16:45:00,2020-12-11 16:45:00+00:00,11089,True,False,1,False,False,False,NONE,OK
2020-12-13,2020,24,24,24,24,2020-12-12 17:00:00+00:00,2020-12-12 16:45:00,2020-12-12 16:45:00+00:00,11094,True,False,1,False,False,False,NONE,OK
2020-12-14,2020,24,24,24,24,2020-12-13 17:00:00+00:00,2020-12-13 16:45:00,2020-12-13 16:45:00+00:00,11099,True,False,1,False,False,False,NONE,OK
2020-12-15,2020,24,24,24,24,2020-12-14 17:00:00+00:00,2020-12-14 16:45:00,2020-12-14 16:45:00+00:00,11104,True,False,1,False,False,False,NONE,OK
2020-12-16,2020,24,24,24,24,2020-12-15 17:00:00+00:00,2020-12-15 16:45:00,2020-12-15 16:45:00+00:00,11109,True,False,1,False,False,False,NONE,OK
2020-12-17,2020,24,24,24,24,2020-12-16 17:00:00+00:00,2020-12-16 16:45:00,2020-12-16 16:45:00+00:00,11114,True,False,1,False,False,False,NONE,OK
2020-12-18,2020,24,24,24,24,2020-12-17 17:00:00+00:00,2020-12-17 16:45:00,2020-12-17 16:45:00+00:00,11119,True,False,1,False,False,False,NONE,OK
2020-12-19,2020,24,24,24,24,2020-12-18 17:00:00+00:00,2020-12-18 16:45:00,2020-12-18 16:45:00+00:00,11124,True,False,1,False,False,False,NONE,OK
2020-12-20,2020,24,24,24,24,2020-12-19 17:00:00+00:00,2020-12-19 16:45:00,2020-12-19 16:45:00+00:00,11129,True,False,1,False,False,False,NONE,OK
2020-12-21,2020,24,24,24,24,2020-12-20 17:00:00+00:00,2020-12-20 16:45:00,2020-12-20 16:45:00+00:00,11134,True,False,1,False,False,False,NONE,OK
2020-12-22,2020,24,24,24,24,2020-12-21 17:00:00+00:00,2020-12-21 16:45:00,2020-12-21 16:45:00+00:00,11139,True,False,1,False,False,False,NONE,OK
2020-12-23,2020,24,24,24,24,2020-12-22 17:00:00+00:00,2020-12-22 16:45:00,2020-12-22 16:45:00+00:00,11144,True,False,1,False,False,False,NONE,OK
2020-12-24,2020,24,24,24,24,2020-12-23 17:00:00+00:00,2020-12-23 16:45:00,2020-12-23 16:45:00+00:00,11149,True,False,1,False,False,False,NONE,OK
2020-12-25,2020,24,24,24,24,2020-12-24 17:00:00+00:00,2020-12-24 16:45:00,2020-12-24 16:45:00+00:00,11154,True,False,1,False,False,False,NONE,OK
2020-12-26,2020,24,24,24,24,2020-12-25 17:00:00+00:00,2020-12-25 16:45:00,2020-12-25 16:45:00+00:00,11159,True,False,1,False,False,False,NONE,OK
2020-12-27,2020,24,24,24,24,2020-12-26 17:00:00+00:00,2020-12-26 16:45:00,2020-12-26 16:45:00+00:00,11164,True,False,1,False,False,False,NONE,OK
2020-12-28,2020,24,24,24,24,2020-12-27 17:00:00+00:00,2020-12-27 16:45:00,2020-12-27 16:45:00+00:00,11169,True,False,1,False,False,False,NONE,OK
2020-12-29,2020,24,24,24,24,2020-12-28 17:00:00+00:00,2020-12-28 16:45:00,2020-12-28 16:45:00+00:00,11174,True,False,1,False,False,False,NONE,OK
2020-12-30,2020,24,24,24,24,2020-12-29 17:00:00+00:00,2020-12-29 16:45:00,2020-12-29 16:45:00+00:00,11179,True,False,1,False,False,False,NONE,OK
2020-12-31,2020,24,24,24,24,2020-12-30 17:00:00+00:00,2020-12-30 16:45:00,2020-12-30 16:45:00+00:00,11184,True,False,1,False,False,False,NONE,OK
2021-01-01,2021,24,24,24,24,2020-12-31 17:00:00+00:00,2020-12-31 16:45:00,2020-12-31 16:45:00+00:00,11189,True,False,1,False,False,False,NONE,OK
2021-01-02,2021,24,24,24,24,2021-01-01 17:00:00+00:00,2021-01-01 16:45:00,2021-01-01 16:45:00+00:00,11194,True,False,1,False,False,False,NONE,OK
2021-01-03,2021,24,24,24,24,2021-01-02 17:00:00+00:00,2021-01-02 16:45:00,2021-01-02 16:45:00+00:00,11199,True,False,1,False,False,False,NONE,OK
2021-01-04,2021,24,24,24,24,2021-01-03 17:00:00+00:00,2021-01-03 16:45:00,2021-01-03 16:45:00+00:00,11204,True,False,1,False,False,False,NONE,OK
2021-01-05,2021,24,24,24,24,2021-01-04 17:00:00+00:00,2021-01-04 16:45:00,2021-01-04 16:45:00+00:00,11209,True,False,1,False,False,False,NONE,OK
2021-01-06,2021,24,24,24,24,2021-01-05 17:00:00+00:00,2021-01-05 16:45:00,2021-01-05 16:45:00+00:00,11214,True,False,1,False,False,False,NONE,OK
2021-01-07,2021,24,24,24,24,2021-01-06 17:00:00+00:00,2021-01-06 16:45:00,2021-01-06 16:45:00+00:00,11219,True,False,1,False,False,False,NONE,OK
2021-01-08,2021,24,24,24,24,2021-01-07 17:00:00+00:00,2021-01-07 16:45:00,2021-01-07 16:45:00+00:00,11224,True,False,1,False,False,False,NONE,OK
2021-01-09,2021,24,24,24,24,2021-01-08 17:00:00+00:00,2021-01-08 16:45:00,2021-01-08 16:45:00+00:00,11229,True,False,1,False,False,False,NONE,OK
2021-01-10,2021,24,24,24,24,2021-01-09 17:00:00+00:00,2021-01-09 16:45:00,2021-01-09 16:45:00+00:00,11234,True,False,1,False,False,False,NONE,OK
2021-01-11,2021,24,24,24,24,2021-01-10 17:00:00+00:00,2021-01-10 16:45:00,2021-01-10 16:45:00+00:00,11239,True,False,1,False,False,False,NONE,OK
2021-01-12,2021,24,24,24,24,2021-01-11 17:00:00+00:00,2021-01-11 16:45:00,2021-01-11 16:45:00+00:00,11244,True,False,1,False,False,False,NONE,OK
2021-01-13,2021,24,24,24,24,2021-01-12 17:00:00+00:00,2021-01-12 16:45:00,2021-01-12 16:45:00+00:00,11249,True,False,1,False,False,False,NONE,OK
2021-01-14,2021,24,24,24,24,2021-01-13 17:00:00+00:00,2021-01-13 16:45:00,2021-01-13 16:45:00+00:00,11254,True,False,1,False,False,False,NONE,OK
2021-01-15,2021,24,24,24,24,2021-01-14 17:00:00+00:00,2021-01-14 16:45:00,2021-01-14 16:45:00+00:00,11259,True,False,1,False,False,False,NONE,OK
2021-01-16,2021,24,24,24,24,2021-01-15 17:00:00+00:00,2021-01-15 16:45:00,2021-01-15 16:45:00+00:00,11264,True,False,1,False,False,False,NONE,OK
2021-01-17,2021,24,24,24,24,2021-01-16 17:00:00+00:00,2021-01-16 16:45:00,2021-01-16 16:45:00+00:00,11269,True,False,1,False,False,False,NONE,OK
2021-01-18,2021,24,24,24,24,2021-01-17 17:00:00+00:00,2021-01-17 16:45:00,2021-01-17 16:45:00+00:00,11274,True,False,1,False,False,False,NONE,OK
2021-01-19,2021,24,24,24,24,2021-01-18 17:00:00+00:00,2021-01-18 16:45:00,2021-01-18 16:45:00+00:00,11279,True,False,1,False,False,False,NONE,OK
2021-01-20,2021,24,24,24,24,2021-01-19 17:00:00+00:00,2021-01-19 16:45:00,2021-01-19 16:45:00+00:00,11284,True,False,1,False,False,False,NONE,OK
2021-01-21,2021,24,24,24,24,2021-01-20 17:00:00+00:00,2021-01-20 16:45:00,2021-01-20 16:45:00+00:00,11289,True,False,1,False,False,False,NONE,OK
2021-01-22,2021,24,24,24,24,2021-01-21 17:00:00+00:00,2021-01-21 16:45:00,2021-01-21 16:45:00+00:00,11294,True,False,1,False,False,False,NONE,OK
2021-01-23,2021,24,24,24,24,2021-01-22 17:00:00+00:00,2021-01-22 16:45:00,2021-01-22 16:45:00+00:00,11299,True,False,1,False,False,False,NONE,OK
2021-01-24,2021,24,24,24,24,2021-01-23 17:00:00+00:00,2021-01-23 16:45:00,2021-01-23 16:45:00+00:00,11304,True,False,1,False,False,False,NONE,OK
2021-01-25,2021,24,24,24,24,2021-01-24 17:00:00+00:00,2021-01-24 16:45:00,2021-01-24 16:45:00+00:00,11309,True,False,1,False,False,False,NONE,OK
2021-01-26,2021,24,24,24,24,2021-01-25 17:00:00+00:00,2021-01-25 16:45:00,2021-01-25 16:45:00+00:00,11314,True,False,1,False,False,False,NONE,OK
2021-01-27,2021,24,24,24,24,2021-01-26 17:00:00+00:00,2021-01-26 16:45:00,2021-01-26 16:45:00+00:00,11319,True,False,1,False,False,False,NONE,OK
2021-01-28,2021,24,24,24,24,2021-01-27 17:00:00+00:00,2021-01-27 16:45:00,2021-01-27 16:45:00+00:00,11324,True,False,1,False,False,False,NONE,OK
2021-01-29,2021,24,24,24,24,2021-01-28 17:00:00+00:00,2021-01-28 16:45:00,2021-01-28 16:45:00+00:00,11329,True,False,1,False,False,False,NONE,OK
2021-01-30,2021,24,24,24,24,2021-01-29 17:00:00+00:00,2021-01-29 16:45:00,2021-01-29 16:45:00+00:00,11334,True,False,1,False,False,False,NONE,OK
2021-01-31,2021,24,24,24,24,2021-01-30 17:00:00+00:00,2021-01-30 16:45:00,2021-01-30 16:45:00+00:00,11339,True,False,1,False,False,False,NONE,OK
2021-02-01,2021,24,24,24,24,2021-01-31 17:00:00+00:00,2021-01-31 16:45:00,2021-01-31 16:45:00+00:00,11344,True,False,1,False,False,False,NONE,OK
2021-02-02,2021,24,24,24,24,2021-02-01 17:00:00+00:00,2021-02-01 16:45:00,2021-02-01 16:45:00+00:00,11349,True,False,1,False,False,False,NONE,OK
2021-02-03,2021,24,24,24,24,2021-02-02 17:00:00+00:00,2021-02-02 16:45:00,2021-02-02 16:45:00+00:00,11354,True,False,1,False,False,False,NONE,OK
2021-02-04,2021,24,24,24,24,2021-02-03 17:00:00+00:00,2021-02-03 16:45:00,2021-02-03 16:45:00+00:00,11359,True,False,1,False,False,False,NONE,OK
2021-02-05,2021,24,24,24,24,2021-02-04 17:00:00+00:00,2021-02-04 16:45:00,2021-02-04 16:45:00+00:00,11364,True,False,1,False,False,False,NONE,OK
2021-02-06,2021,24,24,24,24,2021-02-05 17:00:00+00:00,2021-02-05 16:45:00,2021-02-05 16:45:00+00:00,11369,True,False,1,False,False,False,NONE,OK
2021-02-07,2021,24,24,24,24,2021-02-06 17:00:00+00:00,2021-02-06 16:45:00,2021-02-06 16:45:00+00:00,11374,True,False,1,False,False,False,NONE,OK
2021-02-08,2021,24,24,24,24,2021-02-07 17:00:00+00:00,2021-02-07 16:45:00,2021-02-07 16:45:00+00:00,11379,True,False,1,False,False,False,NONE,OK
2021-02-09,2021,24,24,24,24,2021-02-08 17:00:00+00:00,2021-02-08 16:45:00,2021-02-08 16:45:00+00:00,11384,True,False,1,False,False,False,NONE,OK
2021-02-10,2021,24,24,24,24,2021-02-09 17:00:00+00:00,2021-02-09 16:45:00,2021-02-09 16:45:00+00:00,11389,True,False,1,False,False,False,NONE,OK
2021-02-11,2021,24,24,24,24,2021-02-10 17:00:00+00:00,2021-02-10 16:45:00,2021-02-10 16:45:00+00:00,11394,True,False,1,False,False,False,NONE,OK
2021-02-12,2021,24,24,24,24,2021-02-11 17:00:00+00:00,2021-02-11 16:45:00,2021-02-11 16:45:00+00:00,11399,True,False,1,False,False,False,NONE,OK
2021-02-13,2021,24,24,24,24,2021-02-12 17:00:00+00:00,2021-02-12 16:45:00,2021-02-12 16:45:00+00:00,11404,True,False,1,False,False,False,NONE,OK
2021-02-14,2021,24,24,24,24,2021-02-13 17:00:00+00:00,2021-02-13 16:45:00,2021-02-13 16:45:00+00:00,11409,True,False,1,False,False,False,NONE,OK
2021-02-15,2021,24,24,24,24,2021-02-14 17:00:00+00:00,2021-02-14 16:45:00,2021-02-14 16:45:00+00:00,11414,True,False,1,False,False,False,NONE,OK
2021-02-16,2021,24,24,24,24,2021-02-15 17:00:00+00:00,2021-02-15 16:45:00,2021-02-15 16:45:00+00:00,11419,True,False,1,False,False,False,NONE,OK
2021-02-17,2021,24,24,24,24,2021-02-16 17:00:00+00:00,2021-02-16 16:45:00,2021-02-16 16:45:00+00:00,11424,True,False,1,False,False,False,NONE,OK
2021-02-18,2021,24,24,24,24,2021-02-17 17:00:00+00:00,2021-02-17 16:45:00,2021-02-17 16:45:00+00:00,11429,True,False,1,False,False,False,NONE,OK
2021-02-19,2021,24,24,24,24,2021-02-18 17:00:00+00:00,2021-02-18 16:45:00,2021-02-18 16:45:00+00:00,11434,True,False,1,False,False,False,NONE,OK
2021-02-20,2021,24,24,24,24,2021-02-19 17:00:00+00:00,2021-02-19 16:45:00,2021-02-19 16:45:00+00:00,11439,True,False,1,False,False,False,NONE,OK
2021-02-21,2021,24,24,24,24,2021-02-20 17:00:00+00:00,2021-02-20 16:45:00,2021-02-20 16:45:00+00:00,11444,True,False,1,False,False,False,NONE,OK
2021-02-22,2021,24,24,24,24,2021-02-21 17:00:00+00:00,2021-02-21 16:45:00,2021-02-21 16:45:00+00:00,11449,True,False,1,False,False,False,NONE,OK
2021-02-23,2021,24,24,24,24,2021-02-22 17:00:00+00:00,2021-02-22 16:45:00,2021-02-22 16:45:00+00:00,11454,True,False,1,False,False,False,NONE,OK
2021-02-24,2021,24,24,24,24,2021-02-23 17:00:00+00:00,2021-02-23 16:45:00,2021-02-23 16:45:00+00:00,11459,True,False,1,False,False,False,NONE,OK
2021-02-25,2021,24,24,24,24,2021-02-24 17:00:00+00:00,2021-02-24 16:45:00,2021-02-24 16:45:00+00:00,11464,True,False,1,False,False,False,NONE,OK
2021-02-26,2021,24,24,24,24,2021-02-25 17:00:00+00:00,2021-02-25 16:45:00,2021-02-25 16:45:00+00:00,11469,True,False,1,False,False,False,NONE,OK
2021-02-27,2021,24,24,24,24,2021-02-26 17:00:00+00:00,2021-02-26 16:45:00,2021-02-26 16:45:00+00:00,11474,True,False,1,False,False,False,NONE,OK
2021-02-28,2021,24,24,24,24,2021-02-27 17:00:00+00:00,2021-02-27 16:45:00,2021-02-27 16:45:00+00:00,11479,True,False,1,False,False,False,NONE,OK
2021-03-01,2021,24,24,24,24,2021-02-28 17:00:00+00:00,2021-02-28 16:45:00,2021-02-28 16:45:00+00:00,11484,True,False,1,False,False,False,NONE,OK
2021-03-02,2021,24,24,24,24,2021-03-01 17:00:00+00:00,2021-03-01 16:45:00,2021-03-01 16:45:00+00:00,11489,True,False,1,False,False,False,NONE,OK
2021-03-03,2021,24,24,24,24,2021-03-02 17:00:00+00:00,2021-03-02 16:45:00,2021-03-02 16:45:00+00:00,11494,True,False,1,False,False,False,NONE,OK
2021-03-04,2021,24,24,24,24,2021-03-03 17:00:00+00:00,2021-03-03 16:45:00,2021-03-03 16:45:00+00:00,11499,True,False,1,False,False,False,NONE,OK
2021-03-05,2021,24,24,24,24,2021-03-04 17:00:00+00:00,2021-03-04 16:45:00,2021-03-04 16:45:00+00:00,11504,True,False,1,False,False,False,NONE,OK
2021-03-06,2021,24,24,24,24,2021-03-05 17:00:00+00:00,2021-03-05 16:45:00,2021-03-05 16:45:00+00:00,11509,True,False,1,False,False,False,NONE,OK
2021-03-07,2021,24,24,24,24,2021-03-06 17:00:00+00:00,2021-03-06 16:45:00,2021-03-06 16:45:00+00:00,11514,True,False,1,False,False,False,NONE,OK
2021-03-08,2021,24,24,24,24,2021-03-07 17:00:00+00:00,2021-03-07 16:45:00,2021-03-07 16:45:00+00:00,11519,True,False,1,False,False,False,NONE,OK
2021-03-09,2021,24,24,24,24,2021-03-08 17:00:00+00:00,2021-03-08 16:45:00,2021-03-08 16:45:00+00:00,11524,True,False,1,False,False,False,NONE,OK
2021-03-10,2021,24,24,24,24,2021-03-09 17:00:00+00:00,2021-03-09 16:45:00,2021-03-09 16:45:00+00:00,11529,True,False,1,False,False,False,NONE,OK
2021-03-11,2021,24,24,24,24,2021-03-10 17:00:00+00:00,2021-03-10 16:45:00,2021-03-10 16:45:00+00:00,11534,True,False,1,False,False,False,NONE,OK
2021-03-12,2021,24,24,24,24,2021-03-11 17:00:00+00:00,2021-03-11 16:45:00,2021-03-11 16:45:00+00:00,11539,True,False,1,False,False,False,NONE,OK
2021-03-13,2021,24,24,24,0,2021-03-12 17:00:00+00:00,,,11541,False,False,0,False,False,False,NO_COMPLETE_VINTAGE,UNAVAILABLE
2021-03-14,2021,23,23,23,23,2021-03-13 17:00:00+00:00,2021-03-13 04:45:00,2021-03-13 04:45:00+00:00,11542,True,False,1,False,False,False,NONE,OK
2021-03-15,2021,24,24,24,24,2021-03-14 16:00:00+00:00,2021-03-14 15:45:00,2021-03-14 15:45:00+00:00,11546,True,False,1,False,False,False,NONE,OK
2021-03-16,2021,24,24,24,24,2021-03-15 16:00:00+00:00,2021-03-15 15:45:00,2021-03-15 15:45:00+00:00,11551,True,False,1,False,False,False,NONE,OK
2021-03-17,2021,24,24,24,24,2021-03-16 16:00:00+00:00,2021-03-16 15:45:00,2021-03-16 15:45:00+00:00,11556,True,False,1,False,False,False,NONE,OK
2021-03-18,2021,24,24,24,24,2021-03-17 16:00:00+00:00,2021-03-17 15:45:00,2021-03-17 15:45:00+00:00,11561,True,False,1,False,False,False,NONE,OK
2021-03-19,2021,24,24,24,24,2021-03-18 16:00:00+00:00,2021-03-18 15:45:00,2021-03-18 15:45:00+00:00,11566,True,False,1,False,False,False,NONE,OK
2021-03-20,2021,24,24,24,24,2021-03-19 16:00:00+00:00,2021-03-19 15:45:00,2021-03-19 15:45:00+00:00,11571,True,False,1,False,False,False,NONE,OK
2021-03-21,2021,24,24,24,24,2021-03-20 16:00:00+00:00,2021-03-20 15:45:00,2021-03-20 15:45:00+00:00,11576,True,False,1,False,False,False,NONE,OK
2021-03-22,2021,24,24,24,24,2021-03-21 16:00:00+00:00,2021-03-21 15:45:00,2021-03-21 15:45:00+00:00,11581,True,False,1,False,False,False,NONE,OK
2021-03-23,2021,24,24,24,24,2021-03-22 16:00:00+00:00,2021-03-22 15:45:00,2021-03-22 15:45:00+00:00,11586,True,False,1,False,False,False,NONE,OK
2021-03-24,2021,24,24,24,24,2021-03-23 16:00:00+00:00,2021-03-23 15:45:00,2021-03-23 15:45:00+00:00,11591,True,False,1,False,False,False,NONE,OK
2021-03-25,2021,24,24,24,24,2021-03-24 16:00:00+00:00,2021-03-24 15:45:00,2021-03-24 15:45:00+00:00,11596,True,False,1,False,False,False,NONE,OK
2021-03-26,2021,24,24,24,24,2021-03-25 16:00:00+00:00,2021-03-25 15:45:00,2021-03-25 15:45:00+00:00,11601,True,False,1,False,False,False,NONE,OK
2021-03-27,2021,24,24,24,24,2021-03-26 16:00:00+00:00,2021-03-26 15:45:00,2021-03-26 15:45:00+00:00,11606,True,False,1,False,False,False,NONE,OK
2021-03-28,2021,24,24,24,24,2021-03-27 16:00:00+00:00,2021-03-27 15:45:00,2021-03-27 15:45:00+00:00,11611,True,False,1,False,False,False,NONE,OK
2021-03-29,2021,24,24,24,24,2021-03-28 16:00:00+00:00,2021-03-28 15:45:00,2021-03-28 15:45:00+00:00,11616,True,False,1,False,False,False,NONE,OK
2021-03-30,2021,24,24,24,24,2021-03-29 16:00:00+00:00,2021-03-29 15:45:00,2021-03-29 15:45:00+00:00,11621,True,False,1,False,False,False,NONE,OK
2021-03-31,2021,24,24,24,24,2021-03-30 16:00:00+00:00,2021-03-30 15:45:00,2021-03-30 15:45:00+00:00,11626,True,False,1,False,False,False,NONE,OK
2021-04-01,2021,24,24,24,24,2021-03-31 16:00:00+00:00,2021-03-31 15:45:00,2021-03-31 15:45:00+00:00,11631,True,False,1,False,False,False,NONE,OK
2021-04-02,2021,24,24,24,24,2021-04-01 16:00:00+00:00,2021-04-01 15:45:00,2021-04-01 15:45:00+00:00,11636,True,False,1,False,False,False,NONE,OK
2021-04-03,2021,24,24,24,24,2021-04-02 16:00:00+00:00,2021-04-02 15:45:00,2021-04-02 15:45:00+00:00,11641,True,False,1,False,False,False,NONE,OK
2021-04-04,2021,24,24,24,24,2021-04-03 16:00:00+00:00,2021-04-03 15:45:00,2021-04-03 15:45:00+00:00,11646,True,False,1,False,False,False,NONE,OK
2021-04-05,2021,24,24,24,24,2021-04-04 16:00:00+00:00,2021-04-04 15:45:00,2021-04-04 15:45:00+00:00,11651,True,False,1,False,False,False,NONE,OK
2021-04-06,2021,24,24,24,24,2021-04-05 16:00:00+00:00,2021-04-05 15:45:00,2021-04-05 15:45:00+00:00,11656,True,False,1,False,False,False,NONE,OK
2021-04-07,2021,24,24,24,24,2021-04-06 16:00:00+00:00,2021-04-06 15:45:00,2021-04-06 15:45:00+00:00,11661,True,False,1,False,False,False,NONE,OK
2021-04-08,2021,24,24,24,24,2021-04-07 16:00:00+00:00,2021-04-07 15:45:00,2021-04-07 15:45:00+00:00,11666,True,False,1,False,False,False,NONE,OK
2021-04-09,2021,24,24,24,24,2021-04-08 16:00:00+00:00,2021-04-08 15:45:00,2021-04-08 15:45:00+00:00,11671,True,False,1,False,False,False,NONE,OK
2021-04-10,2021,24,24,24,24,2021-04-09 16:00:00+00:00,2021-04-09 15:45:00,2021-04-09 15:45:00+00:00,11676,True,False,1,False,False,False,NONE,OK
2021-04-11,2021,24,24,24,24,2021-04-10 16:00:00+00:00,2021-04-10 15:45:00,2021-04-10 15:45:00+00:00,11681,True,False,1,False,False,False,NONE,OK
2021-04-12,2021,24,24,24,24,2021-04-11 16:00:00+00:00,2021-04-11 15:45:00,2021-04-11 15:45:00+00:00,11686,True,False,1,False,False,False,NONE,OK
2021-04-13,2021,24,24,24,24,2021-04-12 16:00:00+00:00,2021-04-12 15:45:00,2021-04-12 15:45:00+00:00,11691,True,False,1,False,False,False,NONE,OK
2021-04-14,2021,24,24,24,24,2021-04-13 16:00:00+00:00,2021-04-13 15:45:00,2021-04-13 15:45:00+00:00,11696,True,False,1,False,False,False,NONE,OK
2021-04-15,2021,24,24,24,24,2021-04-14 16:00:00+00:00,2021-04-14 15:45:00,2021-04-14 15:45:00+00:00,11701,True,False,1,False,False,False,NONE,OK
2021-04-16,2021,24,24,24,24,2021-04-15 16:00:00+00:00,2021-04-15 15:45:00,2021-04-15 15:45:00+00:00,11706,True,False,1,False,False,False,NONE,OK
2021-04-17,2021,24,24,24,24,2021-04-16 16:00:00+00:00,2021-04-16 15:45:00,2021-04-16 15:45:00+00:00,11711,True,False,1,False,False,False,NONE,OK
2021-04-18,2021,24,24,24,24,2021-04-17 16:00:00+00:00,2021-04-17 15:45:00,2021-04-17 15:45:00+00:00,11716,True,False,1,False,False,False,NONE,OK
2021-04-19,2021,24,24,24,24,2021-04-18 16:00:00+00:00,2021-04-18 15:45:00,2021-04-18 15:45:00+00:00,11721,True,False,1,False,False,False,NONE,OK
2021-04-20,2021,24,24,24,24,2021-04-19 16:00:00+00:00,2021-04-19 15:45:00,2021-04-19 15:45:00+00:00,11726,True,False,1,False,False,False,NONE,OK
2021-04-21,2021,24,24,24,24,2021-04-20 16:00:00+00:00,2021-04-20 15:45:00,2021-04-20 15:45:00+00:00,11731,True,False,1,False,False,False,NONE,OK
2021-04-22,2021,24,24,24,24,2021-04-21 16:00:00+00:00,2021-04-21 15:45:00,2021-04-21 15:45:00+00:00,11736,True,False,1,False,False,False,NONE,OK
2021-04-23,2021,24,24,24,24,2021-04-22 16:00:00+00:00,2021-04-22 15:45:00,2021-04-22 15:45:00+00:00,11741,True,False,1,False,False,False,NONE,OK
2021-04-24,2021,24,24,24,24,2021-04-23 16:00:00+00:00,2021-04-23 15:45:00,2021-04-23 15:45:00+00:00,11746,True,False,1,False,False,False,NONE,OK
2021-04-25,2021,24,24,24,24,2021-04-24 16:00:00+00:00,2021-04-24 15:45:00,2021-04-24 15:45:00+00:00,11751,True,False,1,False,False,False,NONE,OK
2021-04-26,2021,24,24,24,24,2021-04-25 16:00:00+00:00,2021-04-25 15:45:00,2021-04-25 15:45:00+00:00,11756,True,False,1,False,False,False,NONE,OK
2021-04-27,2021,24,24,24,24,2021-04-26 16:00:00+00:00,2021-04-26 15:45:00,2021-04-26 15:45:00+00:00,11761,True,False,1,False,False,False,NONE,OK
2021-04-28,2021,24,24,24,24,2021-04-27 16:00:00+00:00,2021-04-27 15:45:00,2021-04-27 15:45:00+00:00,11766,True,False,1,False,False,False,NONE,OK
2021-04-29,2021,24,24,24,24,2021-04-28 16:00:00+00:00,2021-04-28 15:45:00,2021-04-28 15:45:00+00:00,11771,True,False,1,False,False,False,NONE,OK
2021-04-30,2021,24,24,24,24,2021-04-29 16:00:00+00:00,2021-04-29 15:45:00,2021-04-29 15:45:00+00:00,11776,True,False,1,False,False,False,NONE,OK
2021-05-01,2021,24,24,24,24,2021-04-30 16:00:00+00:00,2021-04-30 15:45:00,2021-04-30 15:45:00+00:00,11781,True,False,1,False,False,False,NONE,OK
2021-05-02,2021,24,24,24,24,2021-05-01 16:00:00+00:00,2021-05-01 15:45:00,2021-05-01 15:45:00+00:00,11786,True,False,1,False,False,False,NONE,OK
2021-05-03,2021,24,24,24,24,2021-05-02 16:00:00+00:00,2021-05-02 15:45:00,2021-05-02 15:45:00+00:00,11791,True,False,1,False,False,False,NONE,OK
2021-05-04,2021,24,24,24,24,2021-05-03 16:00:00+00:00,2021-05-03 15:45:00,2021-05-03 15:45:00+00:00,11796,True,False,1,False,False,False,NONE,OK
2021-05-05,2021,24,24,24,24,2021-05-04 16:00:00+00:00,2021-05-04 15:45:00,2021-05-04 15:45:00+00:00,11801,True,False,1,False,False,False,NONE,OK
2021-05-06,2021,24,24,24,24,2021-05-05 16:00:00+00:00,2021-05-05 15:45:00,2021-05-05 15:45:00+00:00,11806,True,False,1,False,False,False,NONE,OK
2021-05-07,2021,24,24,24,24,2021-05-06 16:00:00+00:00,2021-05-06 15:45:00,2021-05-06 15:45:00+00:00,11811,True,False,1,False,False,False,NONE,OK
2021-05-08,2021,24,24,24,24,2021-05-07 16:00:00+00:00,2021-05-07 15:45:00,2021-05-07 15:45:00+00:00,11816,True,False,1,False,False,False,NONE,OK
2021-05-09,2021,24,24,24,24,2021-05-08 16:00:00+00:00,2021-05-08 15:45:00,2021-05-08 15:45:00+00:00,11821,True,False,1,False,False,False,NONE,OK
2021-05-10,2021,24,24,24,24,2021-05-09 16:00:00+00:00,2021-05-09 15:45:00,2021-05-09 15:45:00+00:00,11826,True,False,1,False,False,False,NONE,OK
2021-05-11,2021,24,24,24,24,2021-05-10 16:00:00+00:00,2021-05-10 15:45:00,2021-05-10 15:45:00+00:00,11831,True,False,1,False,False,False,NONE,OK
2021-05-12,2021,24,24,24,24,2021-05-11 16:00:00+00:00,2021-05-11 15:45:00,2021-05-11 15:45:00+00:00,11836,True,False,1,False,False,False,NONE,OK
2021-05-13,2021,24,24,24,24,2021-05-12 16:00:00+00:00,2021-05-12 15:45:00,2021-05-12 15:45:00+00:00,11841,True,False,1,False,False,False,NONE,OK
2021-05-14,2021,24,24,24,24,2021-05-13 16:00:00+00:00,2021-05-13 15:45:00,2021-05-13 15:45:00+00:00,11846,True,False,1,False,False,False,NONE,OK
2021-05-15,2021,24,24,24,24,2021-05-14 16:00:00+00:00,2021-05-14 15:45:00,2021-05-14 15:45:00+00:00,11851,True,False,1,False,False,False,NONE,OK
2021-05-16,2021,24,24,24,24,2021-05-15 16:00:00+00:00,2021-05-15 15:45:00,2021-05-15 15:45:00+00:00,11856,True,False,1,False,False,False,NONE,OK
2021-05-17,2021,24,24,24,24,2021-05-16 16:00:00+00:00,2021-05-16 15:45:00,2021-05-16 15:45:00+00:00,11861,True,False,1,False,False,False,NONE,OK
2021-05-18,2021,24,24,24,24,2021-05-17 16:00:00+00:00,2021-05-17 15:45:00,2021-05-17 15:45:00+00:00,11866,True,False,1,False,False,False,NONE,OK
2021-05-19,2021,24,24,24,24,2021-05-18 16:00:00+00:00,2021-05-18 15:45:00,2021-05-18 15:45:00+00:00,11871,True,False,1,False,False,False,NONE,OK
2021-05-20,2021,24,24,24,24,2021-05-19 16:00:00+00:00,2021-05-19 15:45:00,2021-05-19 15:45:00+00:00,11876,True,False,1,False,False,False,NONE,OK
2021-05-21,2021,24,24,24,24,2021-05-20 16:00:00+00:00,2021-05-20 15:45:00,2021-05-20 15:45:00+00:00,11881,True,False,1,False,False,False,NONE,OK
2021-05-22,2021,24,24,24,24,2021-05-21 16:00:00+00:00,2021-05-21 15:45:00,2021-05-21 15:45:00+00:00,11886,True,False,1,False,False,False,NONE,OK
2021-05-23,2021,24,24,24,24,2021-05-22 16:00:00+00:00,2021-05-22 15:45:00,2021-05-22 15:45:00+00:00,11891,True,False,1,False,False,False,NONE,OK
2021-05-24,2021,24,24,24,24,2021-05-23 16:00:00+00:00,2021-05-23 15:45:00,2021-05-23 15:45:00+00:00,11896,True,False,1,False,False,False,NONE,OK
2021-05-25,2021,24,24,24,24,2021-05-24 16:00:00+00:00,2021-05-24 15:45:00,2021-05-24 15:45:00+00:00,11901,True,False,1,False,False,False,NONE,OK
2021-05-26,2021,24,24,24,24,2021-05-25 16:00:00+00:00,2021-05-25 15:45:00,2021-05-25 15:45:00+00:00,11906,True,False,1,False,False,False,NONE,OK
2021-05-27,2021,24,24,24,24,2021-05-26 16:00:00+00:00,2021-05-26 15:45:00,2021-05-26 15:45:00+00:00,11911,True,False,1,False,False,False,NONE,OK
2021-05-28,2021,24,24,24,24,2021-05-27 16:00:00+00:00,2021-05-27 15:45:00,2021-05-27 15:45:00+00:00,11916,True,False,1,False,False,False,NONE,OK
2021-05-29,2021,24,24,24,24,2021-05-28 16:00:00+00:00,2021-05-28 15:45:00,2021-05-28 15:45:00+00:00,11921,True,False,1,False,False,False,NONE,OK
2021-05-30,2021,24,24,24,24,2021-05-29 16:00:00+00:00,2021-05-29 15:45:00,2021-05-29 15:45:00+00:00,11926,True,False,1,False,False,False,NONE,OK
2021-05-31,2021,24,24,24,24,2021-05-30 16:00:00+00:00,2021-05-30 15:45:00,2021-05-30 15:45:00+00:00,11931,True,False,1,False,False,False,NONE,OK
2021-06-01,2021,24,24,24,24,2021-05-31 16:00:00+00:00,2021-05-31 15:45:00,2021-05-31 15:45:00+00:00,11936,True,False,1,False,False,False,NONE,OK
2021-06-02,2021,24,24,24,24,2021-06-01 16:00:00+00:00,2021-06-01 15:45:00,2021-06-01 15:45:00+00:00,11941,True,False,1,False,False,False,NONE,OK
2021-06-03,2021,24,24,24,24,2021-06-02 16:00:00+00:00,2021-06-02 15:45:00,2021-06-02 15:45:00+00:00,11946,True,False,1,False,False,False,NONE,OK
2021-06-04,2021,24,24,24,24,2021-06-03 16:00:00+00:00,2021-06-03 15:45:00,2021-06-03 15:45:00+00:00,11951,True,False,1,False,False,False,NONE,OK
2021-06-05,2021,24,24,24,24,2021-06-04 16:00:00+00:00,2021-06-04 15:45:00,2021-06-04 15:45:00+00:00,11956,True,False,1,False,False,False,NONE,OK
2021-06-06,2021,24,24,24,24,2021-06-05 16:00:00+00:00,2021-06-05 15:45:00,2021-06-05 15:45:00+00:00,11961,True,False,1,False,False,False,NONE,OK
2021-06-07,2021,24,24,24,24,2021-06-06 16:00:00+00:00,2021-06-06 15:45:00,2021-06-06 15:45:00+00:00,11966,True,False,1,False,False,False,NONE,OK
2021-06-08,2021,24,24,24,24,2021-06-07 16:00:00+00:00,2021-06-07 15:45:00,2021-06-07 15:45:00+00:00,11971,True,False,1,False,False,False,NONE,OK
2021-06-09,2021,24,24,24,24,2021-06-08 16:00:00+00:00,2021-06-08 15:45:00,2021-06-08 15:45:00+00:00,11976,True,False,1,False,False,False,NONE,OK
2021-06-10,2021,24,24,24,24,2021-06-09 16:00:00+00:00,2021-06-09 15:45:00,2021-06-09 15:45:00+00:00,11981,True,False,1,False,False,False,NONE,OK
2021-06-11,2021,24,24,24,24,2021-06-10 16:00:00+00:00,2021-06-10 15:45:00,2021-06-10 15:45:00+00:00,11986,True,False,1,False,False,False,NONE,OK
2021-06-12,2021,24,24,24,24,2021-06-11 16:00:00+00:00,2021-06-11 15:45:00,2021-06-11 15:45:00+00:00,11991,True,False,1,False,False,False,NONE,OK
2021-06-13,2021,24,24,24,24,2021-06-12 16:00:00+00:00,2021-06-12 15:45:00,2021-06-12 15:45:00+00:00,11996,True,False,1,False,False,False,NONE,OK
2021-06-14,2021,24,24,24,24,2021-06-13 16:00:00+00:00,2021-06-13 15:45:00,2021-06-13 15:45:00+00:00,12001,True,False,1,False,False,False,NONE,OK
2021-06-15,2021,24,24,24,24,2021-06-14 16:00:00+00:00,2021-06-14 15:45:00,2021-06-14 15:45:00+00:00,12006,True,False,1,False,False,False,NONE,OK
2021-06-16,2021,24,24,24,24,2021-06-15 16:00:00+00:00,2021-06-15 15:45:00,2021-06-15 15:45:00+00:00,12011,True,False,1,False,False,False,NONE,OK
2021-06-17,2021,24,24,24,24,2021-06-16 16:00:00+00:00,2021-06-16 15:45:00,2021-06-16 15:45:00+00:00,12016,True,False,1,False,False,False,NONE,OK
2021-06-18,2021,24,24,24,24,2021-06-17 16:00:00+00:00,2021-06-17 15:45:00,2021-06-17 15:45:00+00:00,12021,True,False,1,False,False,False,NONE,OK
2021-06-19,2021,24,24,24,24,2021-06-18 16:00:00+00:00,2021-06-18 15:45:00,2021-06-18 15:45:00+00:00,12026,True,False,1,False,False,False,NONE,OK
2021-06-20,2021,24,24,24,24,2021-06-19 16:00:00+00:00,2021-06-19 15:45:00,2021-06-19 15:45:00+00:00,12031,True,False,1,False,False,False,NONE,OK
2021-06-21,2021,24,24,24,24,2021-06-20 16:00:00+00:00,2021-06-20 15:45:00,2021-06-20 15:45:00+00:00,12036,True,False,1,False,False,False,NONE,OK
2021-06-22,2021,24,24,24,24,2021-06-21 16:00:00+00:00,2021-06-21 15:45:00,2021-06-21 15:45:00+00:00,12041,True,False,1,False,False,False,NONE,OK
2021-06-23,2021,24,24,24,24,2021-06-22 16:00:00+00:00,2021-06-22 15:45:00,2021-06-22 15:45:00+00:00,12046,True,False,1,False,False,False,NONE,OK
2021-06-24,2021,24,24,24,24,2021-06-23 16:00:00+00:00,2021-06-23 15:45:00,2021-06-23 15:45:00+00:00,12051,True,False,1,False,False,False,NONE,OK
2021-06-25,2021,24,24,24,24,2021-06-24 16:00:00+00:00,2021-06-24 15:45:00,2021-06-24 15:45:00+00:00,12056,True,False,1,False,False,False,NONE,OK
2021-06-26,2021,24,24,24,24,2021-06-25 16:00:00+00:00,2021-06-25 15:45:00,2021-06-25 15:45:00+00:00,12061,True,False,1,False,False,False,NONE,OK
2021-06-27,2021,24,24,24,24,2021-06-26 16:00:00+00:00,2021-06-26 15:45:00,2021-06-26 15:45:00+00:00,12066,True,False,1,False,False,False,NONE,OK
2021-06-28,2021,24,24,24,24,2021-06-27 16:00:00+00:00,2021-06-27 15:45:00,2021-06-27 15:45:00+00:00,12071,True,False,1,False,False,False,NONE,OK
2021-06-29,2021,24,24,24,24,2021-06-28 16:00:00+00:00,2021-06-28 15:45:00,2021-06-28 15:45:00+00:00,12076,True,False,1,False,False,False,NONE,OK
2021-06-30,2021,24,24,24,24,2021-06-29 16:00:00+00:00,2021-06-29 15:45:00,2021-06-29 15:45:00+00:00,12081,True,False,1,False,False,False,NONE,OK
2021-07-01,2021,24,24,24,24,2021-06-30 16:00:00+00:00,2021-06-30 15:45:00,2021-06-30 15:45:00+00:00,12086,True,False,1,False,False,False,NONE,OK
2021-07-02,2021,24,24,24,24,2021-07-01 16:00:00+00:00,2021-07-01 15:45:00,2021-07-01 15:45:00+00:00,12091,True,False,1,False,False,False,NONE,OK
2021-07-03,2021,24,24,24,24,2021-07-02 16:00:00+00:00,2021-07-02 15:45:00,2021-07-02 15:45:00+00:00,12096,True,False,1,False,False,False,NONE,OK
2021-07-04,2021,24,24,24,24,2021-07-03 16:00:00+00:00,2021-07-03 15:45:00,2021-07-03 15:45:00+00:00,12101,True,False,1,False,False,False,NONE,OK
2021-07-05,2021,24,24,24,24,2021-07-04 16:00:00+00:00,2021-07-04 15:45:00,2021-07-04 15:45:00+00:00,12106,True,False,1,False,False,False,NONE,OK
2021-07-06,2021,24,24,24,24,2021-07-05 16:00:00+00:00,2021-07-05 15:45:00,2021-07-05 15:45:00+00:00,12111,True,False,1,False,False,False,NONE,OK
2021-07-07,2021,24,24,24,24,2021-07-06 16:00:00+00:00,2021-07-06 15:45:00,2021-07-06 15:45:00+00:00,12116,True,False,1,False,False,False,NONE,OK
2021-07-08,2021,24,24,24,24,2021-07-07 16:00:00+00:00,2021-07-07 15:45:00,2021-07-07 15:45:00+00:00,12121,True,False,1,False,False,False,NONE,OK
2021-07-09,2021,24,24,24,24,2021-07-08 16:00:00+00:00,2021-07-08 15:45:00,2021-07-08 15:45:00+00:00,12126,True,False,1,False,False,False,NONE,OK
2021-07-10,2021,24,24,24,24,2021-07-09 16:00:00+00:00,2021-07-09 15:45:00,2021-07-09 15:45:00+00:00,12131,True,False,1,False,False,False,NONE,OK
2021-07-11,2021,24,24,24,24,2021-07-10 16:00:00+00:00,2021-07-10 15:45:00,2021-07-10 15:45:00+00:00,12136,True,False,1,False,False,False,NONE,OK
2021-07-12,2021,24,24,24,24,2021-07-11 16:00:00+00:00,2021-07-11 15:45:00,2021-07-11 15:45:00+00:00,12141,True,False,1,False,False,False,NONE,OK
2021-07-13,2021,24,24,24,24,2021-07-12 16:00:00+00:00,2021-07-12 15:45:00,2021-07-12 15:45:00+00:00,12146,True,False,1,False,False,False,NONE,OK
2021-07-14,2021,24,24,24,24,2021-07-13 16:00:00+00:00,2021-07-13 15:45:00,2021-07-13 15:45:00+00:00,12151,True,False,1,False,False,False,NONE,OK
2021-07-15,2021,24,24,24,24,2021-07-14 16:00:00+00:00,2021-07-14 15:45:00,2021-07-14 15:45:00+00:00,12156,True,False,1,False,False,False,NONE,OK
2021-07-16,2021,24,24,24,24,2021-07-15 16:00:00+00:00,2021-07-15 15:45:00,2021-07-15 15:45:00+00:00,12161,True,False,1,False,False,False,NONE,OK
2021-07-17,2021,24,24,24,24,2021-07-16 16:00:00+00:00,2021-07-16 15:45:00,2021-07-16 15:45:00+00:00,12166,True,False,1,False,False,False,NONE,OK
2021-07-18,2021,24,24,24,24,2021-07-17 16:00:00+00:00,2021-07-17 15:45:00,2021-07-17 15:45:00+00:00,12171,True,False,1,False,False,False,NONE,OK
2021-07-19,2021,24,24,24,24,2021-07-18 16:00:00+00:00,2021-07-18 15:45:00,2021-07-18 15:45:00+00:00,12176,True,False,1,False,False,False,NONE,OK
2021-07-20,2021,24,24,24,24,2021-07-19 16:00:00+00:00,2021-07-19 15:45:00,2021-07-19 15:45:00+00:00,12181,True,False,1,False,False,False,NONE,OK
2021-07-21,2021,24,24,24,24,2021-07-20 16:00:00+00:00,2021-07-20 15:45:00,2021-07-20 15:45:00+00:00,12186,True,False,1,False,False,False,NONE,OK
2021-07-22,2021,24,24,24,24,2021-07-21 16:00:00+00:00,2021-07-21 15:45:00,2021-07-21 15:45:00+00:00,12191,True,False,1,False,False,False,NONE,OK
2021-07-23,2021,24,24,24,24,2021-07-22 16:00:00+00:00,2021-07-22 15:45:00,2021-07-22 15:45:00+00:00,12196,True,False,1,False,False,False,NONE,OK
2021-07-24,2021,24,24,24,24,2021-07-23 16:00:00+00:00,2021-07-23 15:45:00,2021-07-23 15:45:00+00:00,12201,True,False,1,False,False,False,NONE,OK
2021-07-25,2021,24,24,24,24,2021-07-24 16:00:00+00:00,2021-07-24 15:45:00,2021-07-24 15:45:00+00:00,12206,True,False,1,False,False,False,NONE,OK
2021-07-26,2021,24,24,24,24,2021-07-25 16:00:00+00:00,2021-07-25 15:45:00,2021-07-25 15:45:00+00:00,12211,True,False,1,False,False,False,NONE,OK
2021-07-27,2021,24,24,24,24,2021-07-26 16:00:00+00:00,2021-07-26 15:45:00,2021-07-26 15:45:00+00:00,12216,True,False,1,False,False,False,NONE,OK
2021-07-28,2021,24,24,24,24,2021-07-27 16:00:00+00:00,2021-07-27 15:45:00,2021-07-27 15:45:00+00:00,12221,True,False,1,False,False,False,NONE,OK
2021-07-29,2021,24,24,24,24,2021-07-28 16:00:00+00:00,2021-07-28 15:45:00,2021-07-28 15:45:00+00:00,12226,True,False,1,False,False,False,NONE,OK
2021-07-30,2021,24,24,24,24,2021-07-29 16:00:00+00:00,2021-07-29 15:45:00,2021-07-29 15:45:00+00:00,12231,True,False,1,False,False,False,NONE,OK
2021-07-31,2021,24,24,24,24,2021-07-30 16:00:00+00:00,2021-07-30 15:45:00,2021-07-30 15:45:00+00:00,12236,True,False,1,False,False,False,NONE,OK
2021-08-01,2021,24,24,24,24,2021-07-31 16:00:00+00:00,2021-07-31 15:45:00,2021-07-31 15:45:00+00:00,12241,True,False,1,False,False,False,NONE,OK
2021-08-02,2021,24,24,24,24,2021-08-01 16:00:00+00:00,2021-08-01 15:45:00,2021-08-01 15:45:00+00:00,12246,True,False,1,False,False,False,NONE,OK
2021-08-03,2021,24,24,24,24,2021-08-02 16:00:00+00:00,2021-08-02 15:45:00,2021-08-02 15:45:00+00:00,12251,True,False,1,False,False,False,NONE,OK
2021-08-04,2021,24,24,24,24,2021-08-03 16:00:00+00:00,2021-08-03 15:45:00,2021-08-03 15:45:00+00:00,12256,True,False,1,False,False,False,NONE,OK
2021-08-05,2021,24,24,24,24,2021-08-04 16:00:00+00:00,2021-08-04 15:45:00,2021-08-04 15:45:00+00:00,12261,True,False,1,False,False,False,NONE,OK
2021-08-06,2021,24,24,24,24,2021-08-05 16:00:00+00:00,2021-08-05 15:45:00,2021-08-05 15:45:00+00:00,12266,True,False,1,False,False,False,NONE,OK
2021-08-07,2021,24,24,24,24,2021-08-06 16:00:00+00:00,2021-08-06 15:45:00,2021-08-06 15:45:00+00:00,12271,True,False,1,False,False,False,NONE,OK
2021-08-08,2021,24,24,24,24,2021-08-07 16:00:00+00:00,2021-08-07 15:45:00,2021-08-07 15:45:00+00:00,12276,True,False,1,False,False,False,NONE,OK
2021-08-09,2021,24,24,24,24,2021-08-08 16:00:00+00:00,2021-08-08 15:45:00,2021-08-08 15:45:00+00:00,12281,True,False,1,False,False,False,NONE,OK
2021-08-10,2021,24,24,24,24,2021-08-09 16:00:00+00:00,2021-08-09 15:45:00,2021-08-09 15:45:00+00:00,12286,True,False,1,False,False,False,NONE,OK
2021-08-11,2021,24,24,24,24,2021-08-10 16:00:00+00:00,2021-08-10 15:45:00,2021-08-10 15:45:00+00:00,12291,True,False,1,False,False,False,NONE,OK
2021-08-12,2021,24,24,24,24,2021-08-11 16:00:00+00:00,2021-08-11 15:45:00,2021-08-11 15:45:00+00:00,12296,True,False,1,False,False,False,NONE,OK
2021-08-13,2021,24,24,24,24,2021-08-12 16:00:00+00:00,2021-08-12 15:45:00,2021-08-12 15:45:00+00:00,12301,True,False,1,False,False,False,NONE,OK
2021-08-14,2021,24,24,24,24,2021-08-13 16:00:00+00:00,2021-08-13 15:45:00,2021-08-13 15:45:00+00:00,12306,True,False,1,False,False,False,NONE,OK
2021-08-15,2021,24,24,24,24,2021-08-14 16:00:00+00:00,2021-08-14 15:45:00,2021-08-14 15:45:00+00:00,12311,True,False,1,False,False,False,NONE,OK
2021-08-16,2021,24,24,24,24,2021-08-15 16:00:00+00:00,2021-08-15 15:45:00,2021-08-15 15:45:00+00:00,12316,True,False,1,False,False,False,NONE,OK
2021-08-17,2021,24,24,24,24,2021-08-16 16:00:00+00:00,2021-08-16 15:45:00,2021-08-16 15:45:00+00:00,12321,True,False,1,False,False,False,NONE,OK
2021-08-18,2021,24,24,24,24,2021-08-17 16:00:00+00:00,2021-08-17 15:45:00,2021-08-17 15:45:00+00:00,12326,True,False,1,False,False,False,NONE,OK
2021-08-19,2021,24,24,24,24,2021-08-18 16:00:00+00:00,2021-08-18 15:45:00,2021-08-18 15:45:00+00:00,12331,True,False,1,False,False,False,NONE,OK
2021-08-20,2021,24,24,24,24,2021-08-19 16:00:00+00:00,2021-08-19 15:45:00,2021-08-19 15:45:00+00:00,12336,True,False,1,False,False,False,NONE,OK
2021-08-21,2021,24,24,24,24,2021-08-20 16:00:00+00:00,2021-08-20 15:45:00,2021-08-20 15:45:00+00:00,12341,True,False,1,False,False,False,NONE,OK
2021-08-22,2021,24,24,24,24,2021-08-21 16:00:00+00:00,2021-08-21 15:45:00,2021-08-21 15:45:00+00:00,12346,True,False,1,False,False,False,NONE,OK
2021-08-23,2021,24,24,24,24,2021-08-22 16:00:00+00:00,2021-08-22 15:45:00,2021-08-22 15:45:00+00:00,12351,True,False,1,False,False,False,NONE,OK
2021-08-24,2021,24,24,24,24,2021-08-23 16:00:00+00:00,2021-08-23 15:45:00,2021-08-23 15:45:00+00:00,12356,True,False,1,False,False,False,NONE,OK
2021-08-25,2021,24,24,24,24,2021-08-24 16:00:00+00:00,2021-08-24 15:45:00,2021-08-24 15:45:00+00:00,12361,True,False,1,False,False,False,NONE,OK
2021-08-26,2021,24,24,24,24,2021-08-25 16:00:00+00:00,2021-08-25 15:45:00,2021-08-25 15:45:00+00:00,12366,True,False,1,False,False,False,NONE,OK
2021-08-27,2021,24,24,24,24,2021-08-26 16:00:00+00:00,2021-08-26 15:45:00,2021-08-26 15:45:00+00:00,12371,True,False,1,False,False,False,NONE,OK
2021-08-28,2021,24,24,24,24,2021-08-27 16:00:00+00:00,2021-08-27 15:45:00,2021-08-27 15:45:00+00:00,12376,True,False,1,False,False,False,NONE,OK
2021-08-29,2021,24,24,24,24,2021-08-28 16:00:00+00:00,2021-08-28 15:45:00,2021-08-28 15:45:00+00:00,12381,True,False,1,False,False,False,NONE,OK
2021-08-30,2021,24,24,24,24,2021-08-29 16:00:00+00:00,2021-08-29 15:45:00,2021-08-29 15:45:00+00:00,12386,True,False,1,False,False,False,NONE,OK
2021-08-31,2021,24,24,24,24,2021-08-30 16:00:00+00:00,2021-08-30 15:45:00,2021-08-30 15:45:00+00:00,12391,True,False,1,False,False,False,NONE,OK
2021-09-01,2021,24,24,24,24,2021-08-31 16:00:00+00:00,2021-08-31 15:45:00,2021-08-31 15:45:00+00:00,12396,True,False,1,False,False,False,NONE,OK
2021-09-02,2021,24,24,24,24,2021-09-01 16:00:00+00:00,2021-09-01 15:45:00,2021-09-01 15:45:00+00:00,12401,True,False,1,False,False,False,NONE,OK
2021-09-03,2021,24,24,24,24,2021-09-02 16:00:00+00:00,2021-09-02 15:45:00,2021-09-02 15:45:00+00:00,12406,True,False,1,False,False,False,NONE,OK
2021-09-04,2021,24,24,24,24,2021-09-03 16:00:00+00:00,2021-09-03 15:45:00,2021-09-03 15:45:00+00:00,12411,True,False,1,False,False,False,NONE,OK
2021-09-05,2021,24,24,24,24,2021-09-04 16:00:00+00:00,2021-09-04 15:45:00,2021-09-04 15:45:00+00:00,12416,True,False,1,False,False,False,NONE,OK
2021-09-06,2021,24,24,24,24,2021-09-05 16:00:00+00:00,2021-09-05 15:45:00,2021-09-05 15:45:00+00:00,12421,True,False,1,False,False,False,NONE,OK
2021-09-07,2021,24,24,24,24,2021-09-06 16:00:00+00:00,2021-09-06 15:45:00,2021-09-06 15:45:00+00:00,12426,True,False,1,False,False,False,NONE,OK
2021-09-08,2021,24,24,24,24,2021-09-07 16:00:00+00:00,2021-09-07 15:45:00,2021-09-07 15:45:00+00:00,12431,True,False,1,False,False,False,NONE,OK
2021-09-09,2021,24,24,24,24,2021-09-08 16:00:00+00:00,2021-09-08 15:45:00,2021-09-08 15:45:00+00:00,12436,True,False,1,False,False,False,NONE,OK
2021-09-10,2021,24,24,24,24,2021-09-09 16:00:00+00:00,2021-09-09 15:45:00,2021-09-09 15:45:00+00:00,12441,True,False,1,False,False,False,NONE,OK
2021-09-11,2021,24,24,24,24,2021-09-10 16:00:00+00:00,2021-09-10 15:45:00,2021-09-10 15:45:00+00:00,12446,True,False,1,False,False,False,NONE,OK
2021-09-12,2021,24,24,24,24,2021-09-11 16:00:00+00:00,2021-09-11 15:45:00,2021-09-11 15:45:00+00:00,12451,True,False,1,False,False,False,NONE,OK
2021-09-13,2021,24,24,24,24,2021-09-12 16:00:00+00:00,2021-09-12 15:45:00,2021-09-12 15:45:00+00:00,12456,True,False,1,False,False,False,NONE,OK
2021-09-14,2021,24,24,24,24,2021-09-13 16:00:00+00:00,2021-09-13 15:45:00,2021-09-13 15:45:00+00:00,12461,True,False,1,False,False,False,NONE,OK
2021-09-15,2021,24,24,24,24,2021-09-14 16:00:00+00:00,2021-09-14 15:45:00,2021-09-14 15:45:00+00:00,12466,True,False,1,False,False,False,NONE,OK
2021-09-16,2021,24,24,24,24,2021-09-15 16:00:00+00:00,2021-09-15 15:45:00,2021-09-15 15:45:00+00:00,12471,True,False,1,False,False,False,NONE,OK
2021-09-17,2021,24,24,24,24,2021-09-16 16:00:00+00:00,2021-09-16 15:45:00,2021-09-16 15:45:00+00:00,12476,True,False,1,False,False,False,NONE,OK
2021-09-18,2021,24,24,24,24,2021-09-17 16:00:00+00:00,2021-09-17 15:45:00,2021-09-17 15:45:00+00:00,12481,True,False,1,False,False,False,NONE,OK
2021-09-19,2021,24,24,24,24,2021-09-18 16:00:00+00:00,2021-09-18 15:45:00,2021-09-18 15:45:00+00:00,12486,True,False,1,False,False,False,NONE,OK
2021-09-20,2021,24,24,24,24,2021-09-19 16:00:00+00:00,2021-09-19 15:45:00,2021-09-19 15:45:00+00:00,12491,True,False,1,False,False,False,NONE,OK
2021-09-21,2021,24,24,24,24,2021-09-20 16:00:00+00:00,2021-09-20 15:45:00,2021-09-20 15:45:00+00:00,12496,True,False,1,False,False,False,NONE,OK
2021-09-22,2021,24,24,24,24,2021-09-21 16:00:00+00:00,2021-09-21 15:45:00,2021-09-21 15:45:00+00:00,12501,True,False,1,False,False,False,NONE,OK
2021-09-23,2021,24,24,24,24,2021-09-22 16:00:00+00:00,2021-09-22 15:45:00,2021-09-22 15:45:00+00:00,12506,True,False,1,False,False,False,NONE,OK
2021-09-24,2021,24,24,24,24,2021-09-23 16:00:00+00:00,2021-09-23 15:45:00,2021-09-23 15:45:00+00:00,12511,True,False,1,False,False,False,NONE,OK
2021-09-25,2021,24,24,24,24,2021-09-24 16:00:00+00:00,2021-09-24 15:45:00,2021-09-24 15:45:00+00:00,12516,True,False,1,False,False,False,NONE,OK
2021-09-26,2021,24,24,24,24,2021-09-25 16:00:00+00:00,2021-09-25 15:45:00,2021-09-25 15:45:00+00:00,12521,True,False,1,False,False,False,NONE,OK
2021-09-27,2021,24,24,24,24,2021-09-26 16:00:00+00:00,2021-09-26 15:45:00,2021-09-26 15:45:00+00:00,12526,True,False,1,False,False,False,NONE,OK
2021-09-28,2021,24,24,24,24,2021-09-27 16:00:00+00:00,2021-09-27 15:45:00,2021-09-27 15:45:00+00:00,12531,True,False,1,False,False,False,NONE,OK
2021-09-29,2021,24,24,24,24,2021-09-28 16:00:00+00:00,2021-09-28 15:45:00,2021-09-28 15:45:00+00:00,12536,True,False,1,False,False,False,NONE,OK
2021-09-30,2021,24,24,24,24,2021-09-29 16:00:00+00:00,2021-09-29 15:45:00,2021-09-29 15:45:00+00:00,12541,True,False,1,False,False,False,NONE,OK
2021-10-01,2021,24,24,24,24,2021-09-30 16:00:00+00:00,2021-09-30 15:45:00,2021-09-30 15:45:00+00:00,12546,True,False,1,False,False,False,NONE,OK
2021-10-02,2021,24,24,24,24,2021-10-01 16:00:00+00:00,2021-10-01 15:45:00,2021-10-01 15:45:00+00:00,12551,True,False,1,False,False,False,NONE,OK
2021-10-03,2021,24,24,24,24,2021-10-02 16:00:00+00:00,2021-10-02 15:45:00,2021-10-02 15:45:00+00:00,12556,True,False,1,False,False,False,NONE,OK
2021-10-04,2021,24,24,24,24,2021-10-03 16:00:00+00:00,2021-10-03 15:45:00,2021-10-03 15:45:00+00:00,12561,True,False,1,False,False,False,NONE,OK
2021-10-05,2021,24,24,24,24,2021-10-04 16:00:00+00:00,2021-10-04 15:45:00,2021-10-04 15:45:00+00:00,12566,True,False,1,False,False,False,NONE,OK
2021-10-06,2021,24,24,24,24,2021-10-05 16:00:00+00:00,2021-10-05 15:45:00,2021-10-05 15:45:00+00:00,12571,True,False,1,False,False,False,NONE,OK
2021-10-07,2021,24,24,24,24,2021-10-06 16:00:00+00:00,2021-10-06 15:45:00,2021-10-06 15:45:00+00:00,12576,True,False,1,False,False,False,NONE,OK
2021-10-08,2021,24,24,24,24,2021-10-07 16:00:00+00:00,2021-10-07 15:45:00,2021-10-07 15:45:00+00:00,12581,True,False,1,False,False,False,NONE,OK
2021-10-09,2021,24,24,24,24,2021-10-08 16:00:00+00:00,2021-10-08 15:45:00,2021-10-08 15:45:00+00:00,12586,True,False,1,False,False,False,NONE,OK
2021-10-10,2021,24,24,24,24,2021-10-09 16:00:00+00:00,2021-10-09 15:45:00,2021-10-09 15:45:00+00:00,12591,True,False,1,False,False,False,NONE,OK
2021-10-11,2021,24,24,24,24,2021-10-10 16:00:00+00:00,2021-10-10 15:45:00,2021-10-10 15:45:00+00:00,12596,True,False,1,False,False,False,NONE,OK
2021-10-12,2021,24,24,24,24,2021-10-11 16:00:00+00:00,2021-10-11 15:45:00,2021-10-11 15:45:00+00:00,12601,True,False,1,False,False,False,NONE,OK
2021-10-13,2021,24,24,24,24,2021-10-12 16:00:00+00:00,2021-10-12 15:45:00,2021-10-12 15:45:00+00:00,12606,True,False,1,False,False,False,NONE,OK
2021-10-14,2021,24,24,24,24,2021-10-13 16:00:00+00:00,2021-10-13 15:45:00,2021-10-13 15:45:00+00:00,12611,True,False,1,False,False,False,NONE,OK
2021-10-15,2021,24,24,24,24,2021-10-14 16:00:00+00:00,2021-10-14 15:45:00,2021-10-14 15:45:00+00:00,12616,True,False,1,False,False,False,NONE,OK
2021-10-16,2021,24,24,24,24,2021-10-15 16:00:00+00:00,2021-10-15 15:45:00,2021-10-15 15:45:00+00:00,12621,True,False,1,False,False,False,NONE,OK
2021-10-17,2021,24,24,24,24,2021-10-16 16:00:00+00:00,2021-10-16 15:45:00,2021-10-16 15:45:00+00:00,12626,True,False,1,False,False,False,NONE,OK
2021-10-18,2021,24,24,24,24,2021-10-17 16:00:00+00:00,2021-10-17 15:45:00,2021-10-17 15:45:00+00:00,12631,True,False,1,False,False,False,NONE,OK
2021-10-19,2021,24,24,24,24,2021-10-18 16:00:00+00:00,2021-10-18 15:45:00,2021-10-18 15:45:00+00:00,12636,True,False,1,False,False,False,NONE,OK
2021-10-20,2021,24,24,24,24,2021-10-19 16:00:00+00:00,2021-10-19 15:45:00,2021-10-19 15:45:00+00:00,12641,True,False,1,False,False,False,NONE,OK
2021-10-21,2021,24,24,24,24,2021-10-20 16:00:00+00:00,2021-10-20 15:45:00,2021-10-20 15:45:00+00:00,12646,True,False,1,False,False,False,NONE,OK
2021-10-22,2021,24,24,24,24,2021-10-21 16:00:00+00:00,2021-10-21 15:45:00,2021-10-21 15:45:00+00:00,12651,True,False,1,False,False,False,NONE,OK
2021-10-23,2021,24,24,24,24,2021-10-22 16:00:00+00:00,2021-10-22 15:45:00,2021-10-22 15:45:00+00:00,12656,True,False,1,False,False,False,NONE,OK
2021-10-24,2021,24,24,24,24,2021-10-23 16:00:00+00:00,2021-10-23 15:45:00,2021-10-23 15:45:00+00:00,12661,True,False,1,False,False,False,NONE,OK
2021-10-25,2021,24,24,24,24,2021-10-24 16:00:00+00:00,2021-10-24 15:45:00,2021-10-24 15:45:00+00:00,12666,True,False,1,False,False,False,NONE,OK
2021-10-26,2021,24,24,24,24,2021-10-25 16:00:00+00:00,2021-10-25 15:45:00,2021-10-25 15:45:00+00:00,12671,True,False,1,False,False,False,NONE,OK
2021-10-27,2021,24,24,24,24,2021-10-26 16:00:00+00:00,2021-10-26 15:45:00,2021-10-26 15:45:00+00:00,12676,True,False,1,False,False,False,NONE,OK
2021-10-28,2021,24,24,24,24,2021-10-27 16:00:00+00:00,2021-10-27 15:45:00,2021-10-27 15:45:00+00:00,12681,True,False,1,False,False,False,NONE,OK
2021-10-29,2021,24,24,24,24,2021-10-28 16:00:00+00:00,2021-10-28 15:45:00,2021-10-28 15:45:00+00:00,12686,True,False,1,False,False,False,NONE,OK
2021-10-30,2021,24,24,24,24,2021-10-29 16:00:00+00:00,2021-10-29 15:45:00,2021-10-29 15:45:00+00:00,12691,True,False,1,False,False,False,NONE,OK
2021-10-31,2021,24,24,24,24,2021-10-30 16:00:00+00:00,2021-10-30 15:45:00,2021-10-30 15:45:00+00:00,12696,True,False,1,False,False,False,NONE,OK
2021-11-01,2021,24,24,24,24,2021-10-31 16:00:00+00:00,2021-10-31 15:45:00,2021-10-31 15:45:00+00:00,12701,True,False,1,False,False,False,NONE,OK
2021-11-02,2021,24,24,24,24,2021-11-01 16:00:00+00:00,2021-11-01 15:45:00,2021-11-01 15:45:00+00:00,12706,True,False,1,False,False,False,NONE,OK
2021-11-03,2021,24,24,24,24,2021-11-02 16:00:00+00:00,2021-11-02 15:45:00,2021-11-02 15:45:00+00:00,12711,True,False,1,False,False,False,NONE,OK
2021-11-04,2021,24,24,24,24,2021-11-03 16:00:00+00:00,2021-11-03 15:45:00,2021-11-03 15:45:00+00:00,12716,True,False,1,False,False,False,NONE,OK
2021-11-05,2021,24,24,24,24,2021-11-04 16:00:00+00:00,2021-11-04 15:45:00,2021-11-04 15:45:00+00:00,12721,True,False,1,False,False,False,NONE,OK
2021-11-06,2021,24,24,24,24,2021-11-05 16:00:00+00:00,2021-11-05 15:45:00,2021-11-05 15:45:00+00:00,12726,True,False,1,False,False,False,NONE,OK
2021-11-07,2021,25,25,25,25,2021-11-06 16:00:00+00:00,2021-11-06 15:45:00,2021-11-06 15:45:00+00:00,12731,True,False,1,False,False,False,NONE,OK
2021-11-08,2021,24,24,24,24,2021-11-07 17:00:00+00:00,2021-11-07 16:45:00,2021-11-07 16:45:00+00:00,12736,True,False,1,False,False,False,NONE,OK
2021-11-09,2021,24,24,24,24,2021-11-08 17:00:00+00:00,2021-11-08 16:45:00,2021-11-08 16:45:00+00:00,12741,True,False,1,False,False,False,NONE,OK
2021-11-10,2021,24,24,24,24,2021-11-09 17:00:00+00:00,2021-11-09 16:45:00,2021-11-09 16:45:00+00:00,12746,True,False,1,False,False,False,NONE,OK
2021-11-11,2021,24,24,24,24,2021-11-10 17:00:00+00:00,2021-11-10 16:45:00,2021-11-10 16:45:00+00:00,12751,True,False,1,False,False,False,NONE,OK
2021-11-12,2021,24,24,24,24,2021-11-11 17:00:00+00:00,2021-11-11 16:45:00,2021-11-11 16:45:00+00:00,12756,True,False,1,False,False,False,NONE,OK
2021-11-13,2021,24,24,24,24,2021-11-12 17:00:00+00:00,2021-11-12 16:45:00,2021-11-12 16:45:00+00:00,12761,True,False,1,False,False,False,NONE,OK
2021-11-14,2021,24,24,24,24,2021-11-13 17:00:00+00:00,2021-11-13 16:45:00,2021-11-13 16:45:00+00:00,12766,True,False,1,False,False,False,NONE,OK
2021-11-15,2021,24,24,24,24,2021-11-14 17:00:00+00:00,2021-11-14 16:45:00,2021-11-14 16:45:00+00:00,12771,True,False,1,False,False,False,NONE,OK
2021-11-16,2021,24,24,24,24,2021-11-15 17:00:00+00:00,2021-11-15 16:45:00,2021-11-15 16:45:00+00:00,12776,True,False,1,False,False,False,NONE,OK
2021-11-17,2021,24,24,24,24,2021-11-16 17:00:00+00:00,2021-11-16 16:45:00,2021-11-16 16:45:00+00:00,12781,True,False,1,False,False,False,NONE,OK
2021-11-18,2021,24,24,24,24,2021-11-17 17:00:00+00:00,2021-11-17 16:45:00,2021-11-17 16:45:00+00:00,12786,True,False,1,False,False,False,NONE,OK
2021-11-19,2021,24,24,24,24,2021-11-18 17:00:00+00:00,2021-11-18 16:45:00,2021-11-18 16:45:00+00:00,12791,True,False,1,False,False,False,NONE,OK
2021-11-20,2021,24,24,24,24,2021-11-19 17:00:00+00:00,2021-11-19 16:45:00,2021-11-19 16:45:00+00:00,12796,True,False,1,False,False,False,NONE,OK
2021-11-21,2021,24,24,24,24,2021-11-20 17:00:00+00:00,2021-11-20 16:45:00,2021-11-20 16:45:00+00:00,12801,True,False,1,False,False,False,NONE,OK
2021-11-22,2021,24,24,24,24,2021-11-21 17:00:00+00:00,2021-11-21 16:45:00,2021-11-21 16:45:00+00:00,12806,True,False,1,False,False,False,NONE,OK
2021-11-23,2021,24,24,24,24,2021-11-22 17:00:00+00:00,2021-11-22 16:45:00,2021-11-22 16:45:00+00:00,12811,True,False,1,False,False,False,NONE,OK
2021-11-24,2021,24,24,24,24,2021-11-23 17:00:00+00:00,2021-11-23 16:45:00,2021-11-23 16:45:00+00:00,12816,True,False,1,False,False,False,NONE,OK
2021-11-25,2021,24,24,24,24,2021-11-24 17:00:00+00:00,2021-11-24 16:45:00,2021-11-24 16:45:00+00:00,12821,True,False,1,False,False,False,NONE,OK
2021-11-26,2021,24,24,24,24,2021-11-25 17:00:00+00:00,2021-11-25 16:45:00,2021-11-25 16:45:00+00:00,12826,True,False,1,False,False,False,NONE,OK
2021-11-27,2021,24,24,24,24,2021-11-26 17:00:00+00:00,2021-11-26 16:45:00,2021-11-26 16:45:00+00:00,12831,True,False,1,False,False,False,NONE,OK
2021-11-28,2021,24,24,24,24,2021-11-27 17:00:00+00:00,2021-11-27 16:45:00,2021-11-27 16:45:00+00:00,12836,True,False,1,False,False,False,NONE,OK
2021-11-29,2021,24,24,24,24,2021-11-28 17:00:00+00:00,2021-11-28 16:45:00,2021-11-28 16:45:00+00:00,12841,True,False,1,False,False,False,NONE,OK
2021-11-30,2021,24,24,24,24,2021-11-29 17:00:00+00:00,2021-11-29 16:45:00,2021-11-29 16:45:00+00:00,12846,True,False,1,False,False,False,NONE,OK
2021-12-01,2021,24,24,24,24,2021-11-30 17:00:00+00:00,2021-11-30 16:45:00,2021-11-30 16:45:00+00:00,12851,True,False,1,False,False,False,NONE,OK
2021-12-02,2021,24,24,24,24,2021-12-01 17:00:00+00:00,2021-12-01 16:45:00,2021-12-01 16:45:00+00:00,12856,True,False,1,False,False,False,NONE,OK
2021-12-03,2021,24,24,24,24,2021-12-02 17:00:00+00:00,2021-12-02 16:45:00,2021-12-02 16:45:00+00:00,12861,True,False,1,False,False,False,NONE,OK
2021-12-04,2021,24,24,24,24,2021-12-03 17:00:00+00:00,2021-12-03 16:45:00,2021-12-03 16:45:00+00:00,12866,True,False,1,False,False,False,NONE,OK
2021-12-05,2021,24,24,24,24,2021-12-04 17:00:00+00:00,2021-12-04 16:45:00,2021-12-04 16:45:00+00:00,12871,True,False,1,False,False,False,NONE,OK
2021-12-06,2021,24,24,24,24,2021-12-05 17:00:00+00:00,2021-12-05 16:45:00,2021-12-05 16:45:00+00:00,12876,True,False,1,False,False,False,NONE,OK
2021-12-07,2021,24,24,24,24,2021-12-06 17:00:00+00:00,2021-12-06 16:45:00,2021-12-06 16:45:00+00:00,12881,True,False,1,False,False,False,NONE,OK
2021-12-08,2021,24,24,24,24,2021-12-07 17:00:00+00:00,2021-12-07 16:45:00,2021-12-07 16:45:00+00:00,12886,True,False,1,False,False,False,NONE,OK
2021-12-09,2021,24,24,24,24,2021-12-08 17:00:00+00:00,2021-12-08 16:45:00,2021-12-08 16:45:00+00:00,12891,True,False,1,False,False,False,NONE,OK
2021-12-10,2021,24,24,24,24,2021-12-09 17:00:00+00:00,2021-12-09 16:45:00,2021-12-09 16:45:00+00:00,12896,True,False,1,False,False,False,NONE,OK
2021-12-11,2021,24,24,24,24,2021-12-10 17:00:00+00:00,2021-12-10 16:45:00,2021-12-10 16:45:00+00:00,12901,True,False,1,False,False,False,NONE,OK
2021-12-12,2021,24,24,24,24,2021-12-11 17:00:00+00:00,2021-12-11 16:45:00,2021-12-11 16:45:00+00:00,12906,True,False,1,False,False,False,NONE,OK
2021-12-13,2021,24,24,24,24,2021-12-12 17:00:00+00:00,2021-12-12 16:45:00,2021-12-12 16:45:00+00:00,12911,True,False,1,False,False,False,NONE,OK
2021-12-14,2021,24,24,24,24,2021-12-13 17:00:00+00:00,2021-12-13 16:45:00,2021-12-13 16:45:00+00:00,12916,True,False,1,False,False,False,NONE,OK
2021-12-15,2021,24,24,24,24,2021-12-14 17:00:00+00:00,2021-12-14 16:45:00,2021-12-14 16:45:00+00:00,12921,True,False,1,False,False,False,NONE,OK
2021-12-16,2021,24,24,24,24,2021-12-15 17:00:00+00:00,2021-12-15 16:45:00,2021-12-15 16:45:00+00:00,12926,True,False,1,False,False,False,NONE,OK
2021-12-17,2021,24,24,24,24,2021-12-16 17:00:00+00:00,2021-12-16 16:45:00,2021-12-16 16:45:00+00:00,12931,True,False,1,False,False,False,NONE,OK
2021-12-18,2021,24,24,24,24,2021-12-17 17:00:00+00:00,2021-12-17 16:45:00,2021-12-17 16:45:00+00:00,12935,True,False,1,False,False,False,NONE,OK
2021-12-19,2021,24,24,24,24,2021-12-18 17:00:00+00:00,2021-12-18 16:45:00,2021-12-18 16:45:00+00:00,12940,True,False,1,False,False,False,NONE,OK
2021-12-20,2021,24,24,24,24,2021-12-19 17:00:00+00:00,2021-12-19 16:45:00,2021-12-19 16:45:00+00:00,12945,True,False,1,False,False,False,NONE,OK
2021-12-21,2021,24,24,24,24,2021-12-20 17:00:00+00:00,2021-12-20 16:45:00,2021-12-20 16:45:00+00:00,12950,True,False,1,False,False,False,NONE,OK
2021-12-22,2021,24,24,24,24,2021-12-21 17:00:00+00:00,2021-12-21 16:45:00,2021-12-21 16:45:00+00:00,12955,True,False,1,False,False,False,NONE,OK
2021-12-23,2021,24,24,24,24,2021-12-22 17:00:00+00:00,2021-12-22 16:45:00,2021-12-22 16:45:00+00:00,12960,True,False,1,False,False,False,NONE,OK
2021-12-24,2021,24,24,24,24,2021-12-23 17:00:00+00:00,2021-12-23 16:45:00,2021-12-23 16:45:00+00:00,12965,True,False,1,False,False,False,NONE,OK
2021-12-25,2021,24,24,24,24,2021-12-24 17:00:00+00:00,2021-12-24 16:45:00,2021-12-24 16:45:00+00:00,12970,True,False,1,False,False,False,NONE,OK
2021-12-26,2021,24,24,24,24,2021-12-25 17:00:00+00:00,2021-12-25 16:45:00,2021-12-25 16:45:00+00:00,12975,True,False,1,False,False,False,NONE,OK
2021-12-27,2021,24,24,24,24,2021-12-26 17:00:00+00:00,2021-12-26 16:45:00,2021-12-26 16:45:00+00:00,12980,True,False,1,False,False,False,NONE,OK
2021-12-28,2021,24,24,24,24,2021-12-27 17:00:00+00:00,2021-12-27 16:45:00,2021-12-27 16:45:00+00:00,12985,True,False,1,False,False,False,NONE,OK
2021-12-29,2021,24,24,24,24,2021-12-28 17:00:00+00:00,2021-12-28 16:45:00,2021-12-28 16:45:00+00:00,12990,True,False,1,False,False,False,NONE,OK
2021-12-30,2021,24,24,24,24,2021-12-29 17:00:00+00:00,2021-12-29 16:45:00,2021-12-29 16:45:00+00:00,12995,True,False,1,False,False,False,NONE,OK
2021-12-31,2021,24,24,24,24,2021-12-30 17:00:00+00:00,2021-12-30 16:45:00,2021-12-30 16:45:00+00:00,13000,True,False,1,False,False,False,NONE,OK
2022-01-01,2022,24,24,24,24,2021-12-31 17:00:00+00:00,2021-12-31 16:45:00,2021-12-31 16:45:00+00:00,13005,True,False,1,False,False,False,NONE,OK
2022-01-02,2022,24,24,24,24,2022-01-01 17:00:00+00:00,2022-01-01 16:45:00,2022-01-01 16:45:00+00:00,13010,True,False,1,False,False,False,NONE,OK
2022-01-03,2022,24,24,24,24,2022-01-02 17:00:00+00:00,2022-01-02 16:45:00,2022-01-02 16:45:00+00:00,13015,True,False,1,False,False,False,NONE,OK
2022-01-04,2022,24,24,24,24,2022-01-03 17:00:00+00:00,2022-01-03 16:45:00,2022-01-03 16:45:00+00:00,13020,True,False,1,False,False,False,NONE,OK
2022-01-05,2022,24,24,24,24,2022-01-04 17:00:00+00:00,2022-01-04 16:45:00,2022-01-04 16:45:00+00:00,13025,True,False,1,False,False,False,NONE,OK
2022-01-06,2022,24,24,24,24,2022-01-05 17:00:00+00:00,2022-01-05 16:45:00,2022-01-05 16:45:00+00:00,13030,True,False,1,False,False,False,NONE,OK
2022-01-07,2022,24,24,24,24,2022-01-06 17:00:00+00:00,2022-01-06 16:45:00,2022-01-06 16:45:00+00:00,13035,True,False,1,False,False,False,NONE,OK
2022-01-08,2022,24,24,24,24,2022-01-07 17:00:00+00:00,2022-01-07 16:45:00,2022-01-07 16:45:00+00:00,13040,True,False,1,False,False,False,NONE,OK
2022-01-09,2022,24,24,24,24,2022-01-08 17:00:00+00:00,2022-01-08 16:45:00,2022-01-08 16:45:00+00:00,13045,True,False,1,False,False,False,NONE,OK
2022-01-10,2022,24,24,24,24,2022-01-09 17:00:00+00:00,2022-01-09 16:45:00,2022-01-09 16:45:00+00:00,13050,True,False,1,False,False,False,NONE,OK
2022-01-11,2022,24,24,24,24,2022-01-10 17:00:00+00:00,2022-01-10 16:45:00,2022-01-10 16:45:00+00:00,13055,True,False,1,False,False,False,NONE,OK
2022-01-12,2022,24,24,24,24,2022-01-11 17:00:00+00:00,2022-01-11 16:45:00,2022-01-11 16:45:00+00:00,13060,True,False,1,False,False,False,NONE,OK
2022-01-13,2022,24,24,24,24,2022-01-12 17:00:00+00:00,2022-01-12 16:45:00,2022-01-12 16:45:00+00:00,13065,True,False,1,False,False,False,NONE,OK
2022-01-14,2022,24,24,24,24,2022-01-13 17:00:00+00:00,2022-01-13 16:45:00,2022-01-13 16:45:00+00:00,13070,True,False,1,False,False,False,NONE,OK
2022-01-15,2022,24,24,24,24,2022-01-14 17:00:00+00:00,2022-01-14 16:45:00,2022-01-14 16:45:00+00:00,13075,True,False,1,False,False,False,NONE,OK
2022-01-16,2022,24,24,24,24,2022-01-15 17:00:00+00:00,2022-01-15 16:45:00,2022-01-15 16:45:00+00:00,13080,True,False,1,False,False,False,NONE,OK
2022-01-17,2022,24,24,24,24,2022-01-16 17:00:00+00:00,2022-01-16 16:45:00,2022-01-16 16:45:00+00:00,13085,True,False,1,False,False,False,NONE,OK
2022-01-18,2022,24,24,24,24,2022-01-17 17:00:00+00:00,2022-01-17 16:45:00,2022-01-17 16:45:00+00:00,13090,True,False,1,False,False,False,NONE,OK
2022-01-19,2022,24,24,24,24,2022-01-18 17:00:00+00:00,2022-01-18 16:45:00,2022-01-18 16:45:00+00:00,13095,True,False,1,False,False,False,NONE,OK
2022-01-20,2022,24,24,24,24,2022-01-19 17:00:00+00:00,2022-01-19 16:45:00,2022-01-19 16:45:00+00:00,13100,True,False,1,False,False,False,NONE,OK
2022-01-21,2022,24,24,24,24,2022-01-20 17:00:00+00:00,2022-01-20 16:45:00,2022-01-20 16:45:00+00:00,13105,True,False,1,False,False,False,NONE,OK
2022-01-22,2022,24,24,24,24,2022-01-21 17:00:00+00:00,2022-01-21 16:45:00,2022-01-21 16:45:00+00:00,13110,True,False,1,False,False,False,NONE,OK
2022-01-23,2022,24,24,24,24,2022-01-22 17:00:00+00:00,2022-01-22 16:45:00,2022-01-22 16:45:00+00:00,13115,True,False,1,False,False,False,NONE,OK
2022-01-24,2022,24,24,24,24,2022-01-23 17:00:00+00:00,2022-01-23 16:45:00,2022-01-23 16:45:00+00:00,13120,True,False,1,False,False,False,NONE,OK
2022-01-25,2022,24,24,24,24,2022-01-24 17:00:00+00:00,2022-01-24 16:45:00,2022-01-24 16:45:00+00:00,13125,True,False,1,False,False,False,NONE,OK
2022-01-26,2022,24,24,24,24,2022-01-25 17:00:00+00:00,2022-01-25 16:45:00,2022-01-25 16:45:00+00:00,13130,True,False,1,False,False,False,NONE,OK
2022-01-27,2022,24,24,24,24,2022-01-26 17:00:00+00:00,2022-01-26 16:45:00,2022-01-26 16:45:00+00:00,13135,True,False,1,False,False,False,NONE,OK
2022-01-28,2022,24,24,24,24,2022-01-27 17:00:00+00:00,2022-01-27 16:45:00,2022-01-27 16:45:00+00:00,13140,True,False,1,False,False,False,NONE,OK
2022-01-29,2022,24,24,24,24,2022-01-28 17:00:00+00:00,2022-01-28 16:45:00,2022-01-28 16:45:00+00:00,13145,True,False,1,False,False,False,NONE,OK
2022-01-30,2022,24,24,24,24,2022-01-29 17:00:00+00:00,2022-01-29 16:45:00,2022-01-29 16:45:00+00:00,13150,True,False,1,False,False,False,NONE,OK
2022-01-31,2022,24,24,24,24,2022-01-30 17:00:00+00:00,2022-01-30 16:45:00,2022-01-30 16:45:00+00:00,13155,True,False,1,False,False,False,NONE,OK
2022-02-01,2022,24,24,24,24,2022-01-31 17:00:00+00:00,2022-01-31 16:45:00,2022-01-31 16:45:00+00:00,13160,True,False,1,False,False,False,NONE,OK
2022-02-02,2022,24,24,24,24,2022-02-01 17:00:00+00:00,2022-02-01 16:45:00,2022-02-01 16:45:00+00:00,13165,True,False,1,False,False,False,NONE,OK
2022-02-03,2022,24,24,24,24,2022-02-02 17:00:00+00:00,2022-02-02 16:45:00,2022-02-02 16:45:00+00:00,13170,True,False,1,False,False,False,NONE,OK
2022-02-04,2022,24,24,24,24,2022-02-03 17:00:00+00:00,2022-02-03 16:45:00,2022-02-03 16:45:00+00:00,13175,True,False,1,False,False,False,NONE,OK
2022-02-05,2022,24,24,24,24,2022-02-04 17:00:00+00:00,2022-02-04 16:45:00,2022-02-04 16:45:00+00:00,13180,True,False,1,False,False,False,NONE,OK
2022-02-06,2022,24,24,24,24,2022-02-05 17:00:00+00:00,2022-02-05 16:45:00,2022-02-05 16:45:00+00:00,13185,True,False,1,False,False,False,NONE,OK
2022-02-07,2022,24,24,24,24,2022-02-06 17:00:00+00:00,2022-02-06 16:45:00,2022-02-06 16:45:00+00:00,13190,True,False,1,False,False,False,NONE,OK
2022-02-08,2022,24,24,24,24,2022-02-07 17:00:00+00:00,2022-02-07 16:45:00,2022-02-07 16:45:00+00:00,13195,True,False,1,False,False,False,NONE,OK
2022-02-09,2022,24,24,24,24,2022-02-08 17:00:00+00:00,2022-02-08 16:45:00,2022-02-08 16:45:00+00:00,13200,True,False,1,False,False,False,NONE,OK
2022-02-10,2022,24,24,24,24,2022-02-09 17:00:00+00:00,2022-02-09 16:45:00,2022-02-09 16:45:00+00:00,13205,True,False,1,False,False,False,NONE,OK
2022-02-11,2022,24,24,24,24,2022-02-10 17:00:00+00:00,2022-02-10 16:45:00,2022-02-10 16:45:00+00:00,13210,True,False,1,False,False,False,NONE,OK
2022-02-12,2022,24,24,24,24,2022-02-11 17:00:00+00:00,2022-02-11 16:45:00,2022-02-11 16:45:00+00:00,13215,True,False,1,False,False,False,NONE,OK
2022-02-13,2022,24,24,24,24,2022-02-12 17:00:00+00:00,2022-02-12 16:45:00,2022-02-12 16:45:00+00:00,13220,True,False,1,False,False,False,NONE,OK
2022-02-14,2022,24,24,24,24,2022-02-13 17:00:00+00:00,2022-02-13 16:45:00,2022-02-13 16:45:00+00:00,13225,True,False,1,False,False,False,NONE,OK
2022-02-15,2022,24,24,24,24,2022-02-14 17:00:00+00:00,2022-02-14 16:45:00,2022-02-14 16:45:00+00:00,13230,True,False,1,False,False,False,NONE,OK
2022-02-16,2022,24,24,24,24,2022-02-15 17:00:00+00:00,2022-02-15 16:45:00,2022-02-15 16:45:00+00:00,13235,True,False,1,False,False,False,NONE,OK
2022-02-17,2022,24,24,24,24,2022-02-16 17:00:00+00:00,2022-02-16 16:45:00,2022-02-16 16:45:00+00:00,13240,True,False,1,False,False,False,NONE,OK
2022-02-18,2022,24,24,24,24,2022-02-17 17:00:00+00:00,2022-02-17 16:45:00,2022-02-17 16:45:00+00:00,13245,True,False,1,False,False,False,NONE,OK
2022-02-19,2022,24,24,24,24,2022-02-18 17:00:00+00:00,2022-02-18 16:45:00,2022-02-18 16:45:00+00:00,13250,True,False,1,False,False,False,NONE,OK
2022-02-20,2022,24,24,24,24,2022-02-19 17:00:00+00:00,2022-02-19 16:45:00,2022-02-19 16:45:00+00:00,13255,True,False,1,False,False,False,NONE,OK
2022-02-21,2022,24,24,24,24,2022-02-20 17:00:00+00:00,2022-02-20 16:45:00,2022-02-20 16:45:00+00:00,13260,True,False,1,False,False,False,NONE,OK
2022-02-22,2022,24,24,24,24,2022-02-21 17:00:00+00:00,2022-02-21 16:45:00,2022-02-21 16:45:00+00:00,13265,True,False,1,False,False,False,NONE,OK
2022-02-23,2022,24,24,24,24,2022-02-22 17:00:00+00:00,2022-02-22 16:45:00,2022-02-22 16:45:00+00:00,13270,True,False,1,False,False,False,NONE,OK
2022-02-24,2022,24,24,24,24,2022-02-23 17:00:00+00:00,2022-02-23 16:45:00,2022-02-23 16:45:00+00:00,13275,True,False,1,False,False,False,NONE,OK
2022-02-25,2022,24,24,24,24,2022-02-24 17:00:00+00:00,2022-02-24 16:45:00,2022-02-24 16:45:00+00:00,13280,True,False,1,False,False,False,NONE,OK
2022-02-26,2022,24,24,24,24,2022-02-25 17:00:00+00:00,2022-02-25 16:45:00,2022-02-25 16:45:00+00:00,13285,True,False,1,False,False,False,NONE,OK
2022-02-27,2022,24,24,24,24,2022-02-26 17:00:00+00:00,2022-02-26 16:45:00,2022-02-26 16:45:00+00:00,13290,True,False,1,False,False,False,NONE,OK
2022-02-28,2022,24,24,24,24,2022-02-27 17:00:00+00:00,2022-02-27 16:45:00,2022-02-27 16:45:00+00:00,13295,True,False,1,False,False,False,NONE,OK
2022-03-01,2022,24,24,24,24,2022-02-28 17:00:00+00:00,2022-02-28 16:45:00,2022-02-28 16:45:00+00:00,13300,True,False,1,False,False,False,NONE,OK
2022-03-02,2022,24,24,24,24,2022-03-01 17:00:00+00:00,2022-03-01 16:45:00,2022-03-01 16:45:00+00:00,13305,True,False,1,False,False,False,NONE,OK
2022-03-03,2022,24,24,24,24,2022-03-02 17:00:00+00:00,2022-03-02 16:45:00,2022-03-02 16:45:00+00:00,13310,True,False,1,False,False,False,NONE,OK
2022-03-04,2022,24,24,24,24,2022-03-03 17:00:00+00:00,2022-03-03 16:45:00,2022-03-03 16:45:00+00:00,13315,True,False,1,False,False,False,NONE,OK
2022-03-05,2022,24,24,24,24,2022-03-04 17:00:00+00:00,2022-03-04 16:45:00,2022-03-04 16:45:00+00:00,13320,True,False,1,False,False,False,NONE,OK
2022-03-06,2022,24,24,24,24,2022-03-05 17:00:00+00:00,2022-03-05 16:45:00,2022-03-05 16:45:00+00:00,13325,True,False,1,False,False,False,NONE,OK
2022-03-07,2022,24,24,24,24,2022-03-06 17:00:00+00:00,2022-03-06 16:45:00,2022-03-06 16:45:00+00:00,13330,True,False,1,False,False,False,NONE,OK
2022-03-08,2022,24,24,24,24,2022-03-07 17:00:00+00:00,2022-03-07 16:45:00,2022-03-07 16:45:00+00:00,13335,True,False,1,False,False,False,NONE,OK
2022-03-09,2022,24,24,24,24,2022-03-08 17:00:00+00:00,2022-03-08 16:45:00,2022-03-08 16:45:00+00:00,13340,True,False,1,False,False,False,NONE,OK
2022-03-10,2022,24,24,24,24,2022-03-09 17:00:00+00:00,2022-03-09 16:45:00,2022-03-09 16:45:00+00:00,13345,True,False,1,False,False,False,NONE,OK
2022-03-11,2022,24,24,24,24,2022-03-10 17:00:00+00:00,2022-03-10 16:45:00,2022-03-10 16:45:00+00:00,13350,True,False,1,False,False,False,NONE,OK
2022-03-12,2022,24,24,24,0,2022-03-11 17:00:00+00:00,,,13352,False,False,0,False,False,False,NO_COMPLETE_VINTAGE,UNAVAILABLE
2022-03-13,2022,23,23,23,23,2022-03-12 17:00:00+00:00,2022-03-12 04:45:00,2022-03-12 04:45:00+00:00,13353,True,False,1,False,False,False,NONE,OK
2022-03-14,2022,24,24,24,24,2022-03-13 16:00:00+00:00,2022-03-13 15:45:00,2022-03-13 15:45:00+00:00,13357,True,False,1,False,False,False,NONE,OK
2022-03-15,2022,24,24,24,24,2022-03-14 16:00:00+00:00,2022-03-14 15:45:00,2022-03-14 15:45:00+00:00,13362,True,False,1,False,False,False,NONE,OK
2022-03-16,2022,24,24,24,24,2022-03-15 16:00:00+00:00,2022-03-15 15:45:00,2022-03-15 15:45:00+00:00,13367,True,False,1,False,False,False,NONE,OK
2022-03-17,2022,24,24,24,24,2022-03-16 16:00:00+00:00,2022-03-16 15:45:00,2022-03-16 15:45:00+00:00,13372,True,False,1,False,False,False,NONE,OK
2022-03-18,2022,24,24,24,24,2022-03-17 16:00:00+00:00,2022-03-17 15:45:00,2022-03-17 15:45:00+00:00,13377,True,False,1,False,False,False,NONE,OK
2022-03-19,2022,24,24,24,24,2022-03-18 16:00:00+00:00,2022-03-18 15:45:00,2022-03-18 15:45:00+00:00,13382,True,False,1,False,False,False,NONE,OK
2022-03-20,2022,24,24,24,24,2022-03-19 16:00:00+00:00,2022-03-19 15:45:00,2022-03-19 15:45:00+00:00,13387,True,False,1,False,False,False,NONE,OK
2022-03-21,2022,24,24,24,24,2022-03-20 16:00:00+00:00,2022-03-20 15:45:00,2022-03-20 15:45:00+00:00,13392,True,False,1,False,False,False,NONE,OK
2022-03-22,2022,24,24,24,24,2022-03-21 16:00:00+00:00,2022-03-21 15:45:00,2022-03-21 15:45:00+00:00,13397,True,False,1,False,False,False,NONE,OK
2022-03-23,2022,24,24,24,24,2022-03-22 16:00:00+00:00,2022-03-22 15:45:00,2022-03-22 15:45:00+00:00,13402,True,False,1,False,False,False,NONE,OK
2022-03-24,2022,24,24,24,24,2022-03-23 16:00:00+00:00,2022-03-23 15:45:00,2022-03-23 15:45:00+00:00,13407,True,False,1,False,False,False,NONE,OK
2022-03-25,2022,24,24,24,24,2022-03-24 16:00:00+00:00,2022-03-24 15:45:00,2022-03-24 15:45:00+00:00,13412,True,False,1,False,False,False,NONE,OK
2022-03-26,2022,24,24,24,24,2022-03-25 16:00:00+00:00,2022-03-25 15:45:00,2022-03-25 15:45:00+00:00,13417,True,False,1,False,False,False,NONE,OK
2022-03-27,2022,24,24,24,24,2022-03-26 16:00:00+00:00,2022-03-26 15:45:00,2022-03-26 15:45:00+00:00,13422,True,False,1,False,False,False,NONE,OK
2022-03-28,2022,24,24,24,24,2022-03-27 16:00:00+00:00,2022-03-27 15:45:00,2022-03-27 15:45:00+00:00,13427,True,False,1,False,False,False,NONE,OK
2022-03-29,2022,24,24,24,24,2022-03-28 16:00:00+00:00,2022-03-28 15:45:00,2022-03-28 15:45:00+00:00,13432,True,False,1,False,False,False,NONE,OK
2022-03-30,2022,24,24,24,24,2022-03-29 16:00:00+00:00,2022-03-29 15:45:00,2022-03-29 15:45:00+00:00,13437,True,False,1,False,False,False,NONE,OK
2022-03-31,2022,24,24,24,24,2022-03-30 16:00:00+00:00,2022-03-30 15:45:00,2022-03-30 15:45:00+00:00,13442,True,False,1,False,False,False,NONE,OK
2022-04-01,2022,24,24,24,24,2022-03-31 16:00:00+00:00,2022-03-31 15:45:00,2022-03-31 15:45:00+00:00,13447,True,False,1,False,False,False,NONE,OK
2022-04-02,2022,24,24,24,24,2022-04-01 16:00:00+00:00,2022-04-01 15:45:00,2022-04-01 15:45:00+00:00,13452,True,False,1,False,False,False,NONE,OK
2022-04-03,2022,24,24,24,24,2022-04-02 16:00:00+00:00,2022-04-02 15:45:00,2022-04-02 15:45:00+00:00,13457,True,False,1,False,False,False,NONE,OK
2022-04-04,2022,24,24,24,24,2022-04-03 16:00:00+00:00,2022-04-03 15:45:00,2022-04-03 15:45:00+00:00,13462,True,False,1,False,False,False,NONE,OK
2022-04-05,2022,24,24,24,24,2022-04-04 16:00:00+00:00,2022-04-04 15:45:00,2022-04-04 15:45:00+00:00,13467,True,False,1,False,False,False,NONE,OK
2022-04-06,2022,24,24,24,24,2022-04-05 16:00:00+00:00,2022-04-05 15:45:00,2022-04-05 15:45:00+00:00,13472,True,False,1,False,False,False,NONE,OK
2022-04-07,2022,24,24,24,24,2022-04-06 16:00:00+00:00,2022-04-06 15:45:00,2022-04-06 15:45:00+00:00,13477,True,False,1,False,False,False,NONE,OK
2022-04-08,2022,24,24,24,24,2022-04-07 16:00:00+00:00,2022-04-07 15:45:00,2022-04-07 15:45:00+00:00,13482,True,False,1,False,False,False,NONE,OK
2022-04-09,2022,24,24,24,24,2022-04-08 16:00:00+00:00,2022-04-08 15:45:00,2022-04-08 15:45:00+00:00,13487,True,False,1,False,False,False,NONE,OK
2022-04-10,2022,24,24,24,24,2022-04-09 16:00:00+00:00,2022-04-09 15:45:00,2022-04-09 15:45:00+00:00,13492,True,False,1,False,False,False,NONE,OK
2022-04-11,2022,24,24,24,24,2022-04-10 16:00:00+00:00,2022-04-10 15:45:00,2022-04-10 15:45:00+00:00,13497,True,False,1,False,False,False,NONE,OK
2022-04-12,2022,24,24,24,24,2022-04-11 16:00:00+00:00,2022-04-11 15:45:00,2022-04-11 15:45:00+00:00,13502,True,False,1,False,False,False,NONE,OK
2022-04-13,2022,24,24,24,24,2022-04-12 16:00:00+00:00,2022-04-12 15:45:00,2022-04-12 15:45:00+00:00,13507,True,False,1,False,False,False,NONE,OK
2022-04-14,2022,24,24,24,24,2022-04-13 16:00:00+00:00,2022-04-13 15:45:00,2022-04-13 15:45:00+00:00,13512,True,False,1,False,False,False,NONE,OK
2022-04-15,2022,24,24,24,24,2022-04-14 16:00:00+00:00,2022-04-14 15:45:00,2022-04-14 15:45:00+00:00,13517,True,False,1,False,False,False,NONE,OK
2022-04-16,2022,24,24,24,24,2022-04-15 16:00:00+00:00,2022-04-15 15:45:00,2022-04-15 15:45:00+00:00,13522,True,False,1,False,False,False,NONE,OK
2022-04-17,2022,24,24,24,24,2022-04-16 16:00:00+00:00,2022-04-16 15:45:00,2022-04-16 15:45:00+00:00,13527,True,False,1,False,False,False,NONE,OK
2022-04-18,2022,24,24,24,24,2022-04-17 16:00:00+00:00,2022-04-17 15:45:00,2022-04-17 15:45:00+00:00,13532,True,False,1,False,False,False,NONE,OK
2022-04-19,2022,24,24,24,24,2022-04-18 16:00:00+00:00,2022-04-18 15:45:00,2022-04-18 15:45:00+00:00,13537,True,False,1,False,False,False,NONE,OK
2022-04-20,2022,24,24,24,24,2022-04-19 16:00:00+00:00,2022-04-19 15:45:00,2022-04-19 15:45:00+00:00,13542,True,False,1,False,False,False,NONE,OK
2022-04-21,2022,24,24,24,24,2022-04-20 16:00:00+00:00,2022-04-20 15:45:00,2022-04-20 15:45:00+00:00,13547,True,False,1,False,False,False,NONE,OK
2022-04-22,2022,24,24,24,24,2022-04-21 16:00:00+00:00,2022-04-21 15:45:00,2022-04-21 15:45:00+00:00,13552,True,False,1,False,False,False,NONE,OK
2022-04-23,2022,24,24,24,24,2022-04-22 16:00:00+00:00,2022-04-22 15:45:00,2022-04-22 15:45:00+00:00,13557,True,False,1,False,False,False,NONE,OK
2022-04-24,2022,24,24,24,24,2022-04-23 16:00:00+00:00,2022-04-23 15:45:00,2022-04-23 15:45:00+00:00,13562,True,False,1,False,False,False,NONE,OK
2022-04-25,2022,24,24,24,24,2022-04-24 16:00:00+00:00,2022-04-24 15:45:00,2022-04-24 15:45:00+00:00,13567,True,False,1,False,False,False,NONE,OK
2022-04-26,2022,24,24,24,24,2022-04-25 16:00:00+00:00,2022-04-25 15:45:00,2022-04-25 15:45:00+00:00,13572,True,False,1,False,False,False,NONE,OK
2022-04-27,2022,24,24,24,24,2022-04-26 16:00:00+00:00,2022-04-26 15:45:00,2022-04-26 15:45:00+00:00,13577,True,False,1,False,False,False,NONE,OK
2022-04-28,2022,24,24,24,24,2022-04-27 16:00:00+00:00,2022-04-27 15:45:00,2022-04-27 15:45:00+00:00,13582,True,False,1,False,False,False,NONE,OK
2022-04-29,2022,24,24,24,24,2022-04-28 16:00:00+00:00,2022-04-28 15:45:00,2022-04-28 15:45:00+00:00,13587,True,False,1,False,False,False,NONE,OK
2022-04-30,2022,24,24,24,24,2022-04-29 16:00:00+00:00,2022-04-29 15:45:00,2022-04-29 15:45:00+00:00,13592,True,False,1,False,False,False,NONE,OK
2022-05-01,2022,24,24,24,24,2022-04-30 16:00:00+00:00,2022-04-30 15:45:00,2022-04-30 15:45:00+00:00,13597,True,False,1,False,False,False,NONE,OK
2022-05-02,2022,24,24,24,24,2022-05-01 16:00:00+00:00,2022-05-01 15:45:00,2022-05-01 15:45:00+00:00,13602,True,False,1,False,False,False,NONE,OK
2022-05-03,2022,24,24,24,24,2022-05-02 16:00:00+00:00,2022-05-02 15:45:00,2022-05-02 15:45:00+00:00,13607,True,False,1,False,False,False,NONE,OK
2022-05-04,2022,24,24,24,24,2022-05-03 16:00:00+00:00,2022-05-03 15:45:00,2022-05-03 15:45:00+00:00,13612,True,False,1,False,False,False,NONE,OK
2022-05-05,2022,24,24,24,24,2022-05-04 16:00:00+00:00,2022-05-04 15:45:00,2022-05-04 15:45:00+00:00,13617,True,False,1,False,False,False,NONE,OK
2022-05-06,2022,24,24,24,24,2022-05-05 16:00:00+00:00,2022-05-05 15:45:00,2022-05-05 15:45:00+00:00,13622,True,False,1,False,False,False,NONE,OK
2022-05-07,2022,24,24,24,24,2022-05-06 16:00:00+00:00,2022-05-06 15:45:00,2022-05-06 15:45:00+00:00,13627,True,False,1,False,False,False,NONE,OK
2022-05-08,2022,24,24,24,24,2022-05-07 16:00:00+00:00,2022-05-07 15:45:00,2022-05-07 15:45:00+00:00,13632,True,False,1,False,False,False,NONE,OK
2022-05-09,2022,24,24,24,24,2022-05-08 16:00:00+00:00,2022-05-08 15:45:00,2022-05-08 15:45:00+00:00,13637,True,False,1,False,False,False,NONE,OK
2022-05-10,2022,24,24,24,24,2022-05-09 16:00:00+00:00,2022-05-09 15:45:00,2022-05-09 15:45:00+00:00,13642,True,False,1,False,False,False,NONE,OK
2022-05-11,2022,24,24,24,24,2022-05-10 16:00:00+00:00,2022-05-10 15:45:00,2022-05-10 15:45:00+00:00,13647,True,False,1,False,False,False,NONE,OK
2022-05-12,2022,24,24,24,24,2022-05-11 16:00:00+00:00,2022-05-11 15:45:00,2022-05-11 15:45:00+00:00,13652,True,False,1,False,False,False,NONE,OK
2022-05-13,2022,24,24,24,24,2022-05-12 16:00:00+00:00,2022-05-12 15:45:00,2022-05-12 15:45:00+00:00,13657,True,False,1,False,False,False,NONE,OK
2022-05-14,2022,24,24,24,24,2022-05-13 16:00:00+00:00,2022-05-13 15:45:00,2022-05-13 15:45:00+00:00,13662,True,False,1,False,False,False,NONE,OK
2022-05-15,2022,24,24,24,24,2022-05-14 16:00:00+00:00,2022-05-14 15:45:00,2022-05-14 15:45:00+00:00,13667,True,False,1,False,False,False,NONE,OK
2022-05-16,2022,24,24,24,24,2022-05-15 16:00:00+00:00,2022-05-15 15:45:00,2022-05-15 15:45:00+00:00,13672,True,False,1,False,False,False,NONE,OK
2022-05-17,2022,24,24,24,24,2022-05-16 16:00:00+00:00,2022-05-16 15:45:00,2022-05-16 15:45:00+00:00,13677,True,False,1,False,False,False,NONE,OK
2022-05-18,2022,24,24,24,24,2022-05-17 16:00:00+00:00,2022-05-17 15:45:00,2022-05-17 15:45:00+00:00,13682,True,False,1,False,False,False,NONE,OK
2022-05-19,2022,24,24,24,24,2022-05-18 16:00:00+00:00,2022-05-18 15:45:00,2022-05-18 15:45:00+00:00,13687,True,False,1,False,False,False,NONE,OK
2022-05-20,2022,24,24,24,24,2022-05-19 16:00:00+00:00,2022-05-19 15:45:00,2022-05-19 15:45:00+00:00,13692,True,False,1,False,False,False,NONE,OK
2022-05-21,2022,24,24,24,24,2022-05-20 16:00:00+00:00,2022-05-20 15:45:00,2022-05-20 15:45:00+00:00,13697,True,False,1,False,False,False,NONE,OK
2022-05-22,2022,24,24,24,24,2022-05-21 16:00:00+00:00,2022-05-21 15:45:00,2022-05-21 15:45:00+00:00,13702,True,False,1,False,False,False,NONE,OK
2022-05-23,2022,24,24,24,24,2022-05-22 16:00:00+00:00,2022-05-22 15:45:00,2022-05-22 15:45:00+00:00,13707,True,False,1,False,False,False,NONE,OK
2022-05-24,2022,24,24,24,24,2022-05-23 16:00:00+00:00,2022-05-23 15:45:00,2022-05-23 15:45:00+00:00,13712,True,False,1,False,False,False,NONE,OK
2022-05-25,2022,24,24,24,24,2022-05-24 16:00:00+00:00,2022-05-24 15:45:00,2022-05-24 15:45:00+00:00,13717,True,False,1,False,False,False,NONE,OK
2022-05-26,2022,24,24,24,24,2022-05-25 16:00:00+00:00,2022-05-25 15:45:00,2022-05-25 15:45:00+00:00,13722,True,False,1,False,False,False,NONE,OK
2022-05-27,2022,24,24,24,24,2022-05-26 16:00:00+00:00,2022-05-26 15:45:00,2022-05-26 15:45:00+00:00,13727,True,False,1,False,False,False,NONE,OK
2022-05-28,2022,24,24,24,24,2022-05-27 16:00:00+00:00,2022-05-27 15:45:00,2022-05-27 15:45:00+00:00,13732,True,False,1,False,False,False,NONE,OK
2022-05-29,2022,24,24,24,24,2022-05-28 16:00:00+00:00,2022-05-28 15:45:00,2022-05-28 15:45:00+00:00,13737,True,False,1,False,False,False,NONE,OK
2022-05-30,2022,24,24,24,24,2022-05-29 16:00:00+00:00,2022-05-29 15:45:00,2022-05-29 15:45:00+00:00,13742,True,False,1,False,False,False,NONE,OK
2022-05-31,2022,24,24,24,24,2022-05-30 16:00:00+00:00,2022-05-30 15:45:00,2022-05-30 15:45:00+00:00,13747,True,False,1,False,False,False,NONE,OK
2022-06-01,2022,24,24,24,24,2022-05-31 16:00:00+00:00,2022-05-31 15:45:00,2022-05-31 15:45:00+00:00,13752,True,False,1,False,False,False,NONE,OK
2022-06-02,2022,24,24,24,24,2022-06-01 16:00:00+00:00,2022-06-01 15:45:00,2022-06-01 15:45:00+00:00,13757,True,False,1,False,False,False,NONE,OK
2022-06-03,2022,24,24,24,24,2022-06-02 16:00:00+00:00,2022-06-02 15:45:00,2022-06-02 15:45:00+00:00,13762,True,False,1,False,False,False,NONE,OK
2022-06-04,2022,24,24,24,24,2022-06-03 16:00:00+00:00,2022-06-03 15:45:00,2022-06-03 15:45:00+00:00,13767,True,False,1,False,False,False,NONE,OK
2022-06-05,2022,24,24,24,24,2022-06-04 16:00:00+00:00,2022-06-04 15:45:00,2022-06-04 15:45:00+00:00,13772,True,False,1,False,False,False,NONE,OK
2022-06-06,2022,24,24,24,24,2022-06-05 16:00:00+00:00,2022-06-05 15:45:00,2022-06-05 15:45:00+00:00,13777,True,False,1,False,False,False,NONE,OK
2022-06-07,2022,24,24,24,24,2022-06-06 16:00:00+00:00,2022-06-06 15:45:00,2022-06-06 15:45:00+00:00,13782,True,False,1,False,False,False,NONE,OK
2022-06-08,2022,24,24,24,24,2022-06-07 16:00:00+00:00,2022-06-07 15:45:00,2022-06-07 15:45:00+00:00,13787,True,False,1,False,False,False,NONE,OK
2022-06-09,2022,24,24,24,24,2022-06-08 16:00:00+00:00,2022-06-08 15:45:00,2022-06-08 15:45:00+00:00,13792,True,False,1,False,False,False,NONE,OK
2022-06-10,2022,24,24,24,24,2022-06-09 16:00:00+00:00,2022-06-09 15:45:00,2022-06-09 15:45:00+00:00,13797,True,False,1,False,False,False,NONE,OK
2022-06-11,2022,24,24,24,24,2022-06-10 16:00:00+00:00,2022-06-10 15:45:00,2022-06-10 15:45:00+00:00,13802,True,False,1,False,False,False,NONE,OK
2022-06-12,2022,24,24,24,24,2022-06-11 16:00:00+00:00,2022-06-11 15:45:00,2022-06-11 15:45:00+00:00,13807,True,False,1,False,False,False,NONE,OK
2022-06-13,2022,24,24,24,24,2022-06-12 16:00:00+00:00,2022-06-12 15:45:00,2022-06-12 15:45:00+00:00,13812,True,False,1,False,False,False,NONE,OK
2022-06-14,2022,24,24,24,24,2022-06-13 16:00:00+00:00,2022-06-13 15:45:00,2022-06-13 15:45:00+00:00,13817,True,False,1,False,False,False,NONE,OK
2022-06-15,2022,24,24,24,24,2022-06-14 16:00:00+00:00,2022-06-14 15:45:00,2022-06-14 15:45:00+00:00,13822,True,False,1,False,False,False,NONE,OK
2022-06-16,2022,24,24,24,24,2022-06-15 16:00:00+00:00,2022-06-15 15:45:00,2022-06-15 15:45:00+00:00,13827,True,False,1,False,False,False,NONE,OK
2022-06-17,2022,24,24,24,24,2022-06-16 16:00:00+00:00,2022-06-16 15:45:00,2022-06-16 15:45:00+00:00,13832,True,False,1,False,False,False,NONE,OK
2022-06-18,2022,24,24,24,24,2022-06-17 16:00:00+00:00,2022-06-17 15:45:00,2022-06-17 15:45:00+00:00,13837,True,False,1,False,False,False,NONE,OK
2022-06-19,2022,24,24,24,24,2022-06-18 16:00:00+00:00,2022-06-18 15:45:00,2022-06-18 15:45:00+00:00,13842,True,False,1,False,False,False,NONE,OK
2022-06-20,2022,24,24,24,24,2022-06-19 16:00:00+00:00,2022-06-19 15:45:00,2022-06-19 15:45:00+00:00,13847,True,False,1,False,False,False,NONE,OK
2022-06-21,2022,24,24,24,24,2022-06-20 16:00:00+00:00,2022-06-20 15:45:00,2022-06-20 15:45:00+00:00,13852,True,False,1,False,False,False,NONE,OK
2022-06-22,2022,24,24,24,24,2022-06-21 16:00:00+00:00,2022-06-21 15:45:00,2022-06-21 15:45:00+00:00,13857,True,False,1,False,False,False,NONE,OK
2022-06-23,2022,24,24,24,24,2022-06-22 16:00:00+00:00,2022-06-22 15:45:00,2022-06-22 15:45:00+00:00,13862,True,False,1,False,False,False,NONE,OK
2022-06-24,2022,24,24,24,24,2022-06-23 16:00:00+00:00,2022-06-23 15:45:00,2022-06-23 15:45:00+00:00,13867,True,False,1,False,False,False,NONE,OK
2022-06-25,2022,24,24,24,24,2022-06-24 16:00:00+00:00,2022-06-24 15:45:00,2022-06-24 15:45:00+00:00,13872,True,False,1,False,False,False,NONE,OK
2022-06-26,2022,24,24,24,24,2022-06-25 16:00:00+00:00,2022-06-25 15:45:00,2022-06-25 15:45:00+00:00,13877,True,False,1,False,False,False,NONE,OK
2022-06-27,2022,24,24,24,24,2022-06-26 16:00:00+00:00,2022-06-26 15:45:00,2022-06-26 15:45:00+00:00,13882,True,False,1,False,False,False,NONE,OK
2022-06-28,2022,24,24,24,24,2022-06-27 16:00:00+00:00,2022-06-27 15:45:00,2022-06-27 15:45:00+00:00,13887,True,False,1,False,False,False,NONE,OK
2022-06-29,2022,24,24,24,24,2022-06-28 16:00:00+00:00,2022-06-28 15:45:00,2022-06-28 15:45:00+00:00,13892,True,False,1,False,False,False,NONE,OK
2022-06-30,2022,24,24,24,24,2022-06-29 16:00:00+00:00,2022-06-29 15:45:00,2022-06-29 15:45:00+00:00,13897,True,False,1,False,False,False,NONE,OK
2022-07-01,2022,24,24,24,24,2022-06-30 16:00:00+00:00,2022-06-30 15:45:00,2022-06-30 15:45:00+00:00,13902,True,False,1,False,False,False,NONE,OK
2022-07-02,2022,24,24,24,24,2022-07-01 16:00:00+00:00,2022-07-01 15:45:00,2022-07-01 15:45:00+00:00,13907,True,False,1,False,False,False,NONE,OK
2022-07-03,2022,24,24,24,24,2022-07-02 16:00:00+00:00,2022-07-02 15:45:00,2022-07-02 15:45:00+00:00,13912,True,False,1,False,False,False,NONE,OK
2022-07-04,2022,24,24,24,24,2022-07-03 16:00:00+00:00,2022-07-03 15:45:00,2022-07-03 15:45:00+00:00,13917,True,False,1,False,False,False,NONE,OK
2022-07-05,2022,24,24,24,24,2022-07-04 16:00:00+00:00,2022-07-04 15:45:00,2022-07-04 15:45:00+00:00,13922,True,False,1,False,False,False,NONE,OK
2022-07-06,2022,24,24,24,24,2022-07-05 16:00:00+00:00,2022-07-05 15:45:00,2022-07-05 15:45:00+00:00,13927,True,False,1,False,False,False,NONE,OK
2022-07-07,2022,24,24,24,24,2022-07-06 16:00:00+00:00,2022-07-06 15:45:00,2022-07-06 15:45:00+00:00,13932,True,False,1,False,False,False,NONE,OK
2022-07-08,2022,24,24,24,24,2022-07-07 16:00:00+00:00,2022-07-07 15:45:00,2022-07-07 15:45:00+00:00,13937,True,False,1,False,False,False,NONE,OK
2022-07-09,2022,24,24,24,24,2022-07-08 16:00:00+00:00,2022-07-08 15:45:00,2022-07-08 15:45:00+00:00,13942,True,False,1,False,False,False,NONE,OK
2022-07-10,2022,24,24,24,24,2022-07-09 16:00:00+00:00,2022-07-09 15:45:00,2022-07-09 15:45:00+00:00,13947,True,False,1,False,False,False,NONE,OK
2022-07-11,2022,24,24,24,24,2022-07-10 16:00:00+00:00,2022-07-10 15:45:00,2022-07-10 15:45:00+00:00,13952,True,False,1,False,False,False,NONE,OK
2022-07-12,2022,24,24,24,24,2022-07-11 16:00:00+00:00,2022-07-11 15:45:00,2022-07-11 15:45:00+00:00,13957,True,False,1,False,False,False,NONE,OK
2022-07-13,2022,24,24,24,24,2022-07-12 16:00:00+00:00,2022-07-12 15:45:00,2022-07-12 15:45:00+00:00,13962,True,False,1,False,False,False,NONE,OK
2022-07-14,2022,24,24,24,24,2022-07-13 16:00:00+00:00,2022-07-13 15:45:00,2022-07-13 15:45:00+00:00,13967,True,False,1,False,False,False,NONE,OK
2022-07-15,2022,24,24,24,24,2022-07-14 16:00:00+00:00,2022-07-14 15:45:00,2022-07-14 15:45:00+00:00,13972,True,False,1,False,False,False,NONE,OK
2022-07-16,2022,24,24,24,24,2022-07-15 16:00:00+00:00,2022-07-15 15:45:00,2022-07-15 15:45:00+00:00,13977,True,False,1,False,False,False,NONE,OK
2022-07-17,2022,24,24,24,24,2022-07-16 16:00:00+00:00,2022-07-16 15:45:00,2022-07-16 15:45:00+00:00,13982,True,False,1,False,False,False,NONE,OK
2022-07-18,2022,24,24,24,24,2022-07-17 16:00:00+00:00,2022-07-17 15:45:00,2022-07-17 15:45:00+00:00,13987,True,False,1,False,False,False,NONE,OK
2022-07-19,2022,24,24,24,24,2022-07-18 16:00:00+00:00,2022-07-18 15:45:00,2022-07-18 15:45:00+00:00,13992,True,False,1,False,False,False,NONE,OK
2022-07-20,2022,24,24,24,24,2022-07-19 16:00:00+00:00,2022-07-19 15:45:00,2022-07-19 15:45:00+00:00,13997,True,False,1,False,False,False,NONE,OK
2022-07-21,2022,24,24,24,24,2022-07-20 16:00:00+00:00,2022-07-20 15:45:00,2022-07-20 15:45:00+00:00,14002,True,False,1,False,False,False,NONE,OK
2022-07-22,2022,24,24,24,24,2022-07-21 16:00:00+00:00,2022-07-21 15:45:00,2022-07-21 15:45:00+00:00,14007,True,False,1,False,False,False,NONE,OK
2022-07-23,2022,24,24,24,24,2022-07-22 16:00:00+00:00,2022-07-22 15:45:00,2022-07-22 15:45:00+00:00,14012,True,False,1,False,False,False,NONE,OK
2022-07-24,2022,24,24,24,24,2022-07-23 16:00:00+00:00,2022-07-23 15:45:00,2022-07-23 15:45:00+00:00,14017,True,False,1,False,False,False,NONE,OK
2022-07-25,2022,24,24,24,24,2022-07-24 16:00:00+00:00,2022-07-24 15:45:00,2022-07-24 15:45:00+00:00,14022,True,False,1,False,False,False,NONE,OK
2022-07-26,2022,24,24,24,24,2022-07-25 16:00:00+00:00,2022-07-25 15:45:00,2022-07-25 15:45:00+00:00,14027,True,False,1,False,False,False,NONE,OK
2022-07-27,2022,24,24,24,24,2022-07-26 16:00:00+00:00,2022-07-26 15:45:00,2022-07-26 15:45:00+00:00,14032,True,False,1,False,False,False,NONE,OK
2022-07-28,2022,24,24,24,24,2022-07-27 16:00:00+00:00,2022-07-27 15:45:00,2022-07-27 15:45:00+00:00,14037,True,False,1,False,False,False,NONE,OK
2022-07-29,2022,24,24,24,24,2022-07-28 16:00:00+00:00,2022-07-28 15:45:00,2022-07-28 15:45:00+00:00,14042,True,False,1,False,False,False,NONE,OK
2022-07-30,2022,24,24,24,24,2022-07-29 16:00:00+00:00,2022-07-29 15:45:00,2022-07-29 15:45:00+00:00,14047,True,False,1,False,False,False,NONE,OK
2022-07-31,2022,24,24,24,24,2022-07-30 16:00:00+00:00,2022-07-30 15:45:00,2022-07-30 15:45:00+00:00,14052,True,False,1,False,False,False,NONE,OK
2022-08-01,2022,24,24,24,24,2022-07-31 16:00:00+00:00,2022-07-31 15:45:00,2022-07-31 15:45:00+00:00,14057,True,False,1,False,False,False,NONE,OK
2022-08-02,2022,24,24,24,24,2022-08-01 16:00:00+00:00,2022-08-01 15:45:00,2022-08-01 15:45:00+00:00,14062,True,False,1,False,False,False,NONE,OK
2022-08-03,2022,24,24,24,24,2022-08-02 16:00:00+00:00,2022-08-02 15:45:00,2022-08-02 15:45:00+00:00,14067,True,False,1,False,False,False,NONE,OK
2022-08-04,2022,24,24,24,24,2022-08-03 16:00:00+00:00,2022-08-03 15:45:00,2022-08-03 15:45:00+00:00,14072,True,False,1,False,False,False,NONE,OK
2022-08-05,2022,24,24,24,24,2022-08-04 16:00:00+00:00,2022-08-04 15:45:00,2022-08-04 15:45:00+00:00,14077,True,False,1,False,False,False,NONE,OK
2022-08-06,2022,24,24,24,0,2022-08-05 16:00:00+00:00,,,14079,False,False,0,False,False,False,NO_COMPLETE_VINTAGE,UNAVAILABLE
2022-08-07,2022,24,24,24,24,2022-08-06 16:00:00+00:00,2022-08-06 15:45:00,2022-08-06 15:45:00+00:00,14082,True,False,1,False,False,False,NONE,OK
2022-08-08,2022,24,24,24,24,2022-08-07 16:00:00+00:00,2022-08-07 15:45:00,2022-08-07 15:45:00+00:00,14087,True,False,1,False,False,False,NONE,OK
2022-08-09,2022,24,24,24,24,2022-08-08 16:00:00+00:00,2022-08-08 15:45:00,2022-08-08 15:45:00+00:00,14092,True,False,1,False,False,False,NONE,OK
2022-08-10,2022,24,24,24,24,2022-08-09 16:00:00+00:00,2022-08-09 15:45:00,2022-08-09 15:45:00+00:00,14097,True,False,1,False,False,False,NONE,OK
2022-08-11,2022,24,24,24,24,2022-08-10 16:00:00+00:00,2022-08-10 15:45:00,2022-08-10 15:45:00+00:00,14102,True,False,1,False,False,False,NONE,OK
2022-08-12,2022,24,24,24,24,2022-08-11 16:00:00+00:00,2022-08-11 15:45:00,2022-08-11 15:45:00+00:00,14107,True,False,1,False,False,False,NONE,OK
2022-08-13,2022,24,24,24,24,2022-08-12 16:00:00+00:00,2022-08-12 15:45:00,2022-08-12 15:45:00+00:00,14112,True,False,1,False,False,False,NONE,OK
2022-08-14,2022,24,24,24,24,2022-08-13 16:00:00+00:00,2022-08-13 15:45:00,2022-08-13 15:45:00+00:00,14117,True,False,1,False,False,False,NONE,OK
2022-08-15,2022,24,24,24,24,2022-08-14 16:00:00+00:00,2022-08-14 15:45:00,2022-08-14 15:45:00+00:00,14122,True,False,1,False,False,False,NONE,OK
2022-08-16,2022,24,24,24,24,2022-08-15 16:00:00+00:00,2022-08-15 15:45:00,2022-08-15 15:45:00+00:00,14127,True,False,1,False,False,False,NONE,OK
2022-08-17,2022,24,24,24,24,2022-08-16 16:00:00+00:00,2022-08-16 15:45:00,2022-08-16 15:45:00+00:00,14132,True,False,1,False,False,False,NONE,OK
2022-08-18,2022,24,24,24,24,2022-08-17 16:00:00+00:00,2022-08-17 15:45:00,2022-08-17 15:45:00+00:00,14137,True,False,1,False,False,False,NONE,OK
2022-08-19,2022,24,24,24,24,2022-08-18 16:00:00+00:00,2022-08-18 15:45:00,2022-08-18 15:45:00+00:00,14142,True,False,1,False,False,False,NONE,OK
2022-08-20,2022,24,24,24,24,2022-08-19 16:00:00+00:00,2022-08-19 15:45:00,2022-08-19 15:45:00+00:00,14147,True,False,1,False,False,False,NONE,OK
2022-08-21,2022,24,24,24,24,2022-08-20 16:00:00+00:00,2022-08-20 15:45:00,2022-08-20 15:45:00+00:00,14152,True,False,1,False,False,False,NONE,OK
2022-08-22,2022,24,24,24,24,2022-08-21 16:00:00+00:00,2022-08-21 15:45:00,2022-08-21 15:45:00+00:00,14157,True,False,1,False,False,False,NONE,OK
2022-08-23,2022,24,24,24,24,2022-08-22 16:00:00+00:00,2022-08-22 15:45:00,2022-08-22 15:45:00+00:00,14162,True,False,1,False,False,False,NONE,OK
2022-08-24,2022,24,24,24,24,2022-08-23 16:00:00+00:00,2022-08-23 15:45:00,2022-08-23 15:45:00+00:00,14167,True,False,1,False,False,False,NONE,OK
2022-08-25,2022,24,24,24,24,2022-08-24 16:00:00+00:00,2022-08-24 15:45:00,2022-08-24 15:45:00+00:00,14172,True,False,1,False,False,False,NONE,OK
2022-08-26,2022,24,24,24,24,2022-08-25 16:00:00+00:00,2022-08-25 15:45:00,2022-08-25 15:45:00+00:00,14177,True,False,1,False,False,False,NONE,OK
2022-08-27,2022,24,24,24,24,2022-08-26 16:00:00+00:00,2022-08-26 15:45:00,2022-08-26 15:45:00+00:00,14182,True,False,1,False,False,False,NONE,OK
2022-08-28,2022,24,24,24,24,2022-08-27 16:00:00+00:00,2022-08-27 15:45:00,2022-08-27 15:45:00+00:00,14187,True,False,1,False,False,False,NONE,OK
2022-08-29,2022,24,24,24,24,2022-08-28 16:00:00+00:00,2022-08-28 15:45:00,2022-08-28 15:45:00+00:00,14192,True,False,1,False,False,False,NONE,OK
2022-08-30,2022,24,24,24,24,2022-08-29 16:00:00+00:00,2022-08-29 15:45:00,2022-08-29 15:45:00+00:00,14197,True,False,1,False,False,False,NONE,OK
2022-08-31,2022,24,24,24,24,2022-08-30 16:00:00+00:00,2022-08-30 15:45:00,2022-08-30 15:45:00+00:00,14202,True,False,1,False,False,False,NONE,OK
2022-09-01,2022,24,24,24,24,2022-08-31 16:00:00+00:00,2022-08-31 15:45:00,2022-08-31 15:45:00+00:00,14207,True,False,1,False,False,False,NONE,OK
2022-09-02,2022,24,24,24,24,2022-09-01 16:00:00+00:00,2022-09-01 15:45:00,2022-09-01 15:45:00+00:00,14212,True,False,1,False,False,False,NONE,OK
2022-09-03,2022,24,24,24,24,2022-09-02 16:00:00+00:00,2022-09-02 15:45:00,2022-09-02 15:45:00+00:00,14217,True,False,1,False,False,False,NONE,OK
2022-09-04,2022,24,24,24,24,2022-09-03 16:00:00+00:00,2022-09-03 15:45:00,2022-09-03 15:45:00+00:00,14222,True,False,1,False,False,False,NONE,OK
2022-09-05,2022,24,24,24,24,2022-09-04 16:00:00+00:00,2022-09-04 15:45:00,2022-09-04 15:45:00+00:00,14227,True,False,1,False,False,False,NONE,OK
2022-09-06,2022,24,24,24,24,2022-09-05 16:00:00+00:00,2022-09-05 15:45:00,2022-09-05 15:45:00+00:00,14232,True,False,1,False,False,False,NONE,OK
2022-09-07,2022,24,24,24,24,2022-09-06 16:00:00+00:00,2022-09-06 15:45:00,2022-09-06 15:45:00+00:00,14237,True,False,1,False,False,False,NONE,OK
2022-09-08,2022,24,24,24,24,2022-09-07 16:00:00+00:00,2022-09-07 15:45:00,2022-09-07 15:45:00+00:00,14242,True,False,1,False,False,False,NONE,OK
2022-09-09,2022,24,24,24,24,2022-09-08 16:00:00+00:00,2022-09-08 15:45:00,2022-09-08 15:45:00+00:00,14247,True,False,1,False,False,False,NONE,OK
2022-09-10,2022,24,24,24,24,2022-09-09 16:00:00+00:00,2022-09-09 15:45:00,2022-09-09 15:45:00+00:00,14252,True,False,1,False,False,False,NONE,OK
2022-09-11,2022,24,24,24,24,2022-09-10 16:00:00+00:00,2022-09-10 15:45:00,2022-09-10 15:45:00+00:00,14257,True,False,1,False,False,False,NONE,OK
2022-09-12,2022,24,24,24,24,2022-09-11 16:00:00+00:00,2022-09-11 15:45:00,2022-09-11 15:45:00+00:00,14262,True,False,1,False,False,False,NONE,OK
2022-09-13,2022,24,24,24,24,2022-09-12 16:00:00+00:00,2022-09-12 15:45:00,2022-09-12 15:45:00+00:00,14267,True,False,1,False,False,False,NONE,OK
2022-09-14,2022,24,24,24,24,2022-09-13 16:00:00+00:00,2022-09-13 15:45:00,2022-09-13 15:45:00+00:00,14272,True,False,1,False,False,False,NONE,OK
2022-09-15,2022,24,24,24,24,2022-09-14 16:00:00+00:00,2022-09-14 15:45:00,2022-09-14 15:45:00+00:00,14277,True,False,1,False,False,False,NONE,OK
2022-09-16,2022,24,24,24,24,2022-09-15 16:00:00+00:00,2022-09-15 15:45:00,2022-09-15 15:45:00+00:00,14282,True,False,1,False,False,False,NONE,OK
2022-09-17,2022,24,24,24,24,2022-09-16 16:00:00+00:00,2022-09-16 15:45:00,2022-09-16 15:45:00+00:00,14287,True,False,1,False,False,False,NONE,OK
2022-09-18,2022,24,24,24,24,2022-09-17 16:00:00+00:00,2022-09-17 15:45:00,2022-09-17 15:45:00+00:00,14292,True,False,1,False,False,False,NONE,OK
2022-09-19,2022,24,24,24,24,2022-09-18 16:00:00+00:00,2022-09-18 15:45:00,2022-09-18 15:45:00+00:00,14297,True,False,1,False,False,False,NONE,OK
2022-09-20,2022,24,24,24,24,2022-09-19 16:00:00+00:00,2022-09-19 15:45:00,2022-09-19 15:45:00+00:00,14302,True,False,1,False,False,False,NONE,OK
2022-09-21,2022,24,24,24,24,2022-09-20 16:00:00+00:00,2022-09-20 15:45:00,2022-09-20 15:45:00+00:00,14307,True,False,1,False,False,False,NONE,OK
2022-09-22,2022,24,24,24,24,2022-09-21 16:00:00+00:00,2022-09-21 15:45:00,2022-09-21 15:45:00+00:00,14312,True,False,1,False,False,False,NONE,OK
2022-09-23,2022,24,24,24,24,2022-09-22 16:00:00+00:00,2022-09-22 15:45:00,2022-09-22 15:45:00+00:00,14317,True,False,1,False,False,False,NONE,OK
2022-09-24,2022,24,24,24,24,2022-09-23 16:00:00+00:00,2022-09-23 15:45:00,2022-09-23 15:45:00+00:00,14322,True,False,1,False,False,False,NONE,OK
2022-09-25,2022,24,24,24,24,2022-09-24 16:00:00+00:00,2022-09-24 15:45:00,2022-09-24 15:45:00+00:00,14327,True,False,1,False,False,False,NONE,OK
2022-09-26,2022,24,24,24,24,2022-09-25 16:00:00+00:00,2022-09-25 15:45:00,2022-09-25 15:45:00+00:00,14332,True,False,1,False,False,False,NONE,OK
2022-09-27,2022,24,24,24,24,2022-09-26 16:00:00+00:00,2022-09-26 15:45:00,2022-09-26 15:45:00+00:00,14337,True,False,1,False,False,False,NONE,OK
2022-09-28,2022,24,24,24,24,2022-09-27 16:00:00+00:00,2022-09-27 15:45:00,2022-09-27 15:45:00+00:00,14342,True,False,1,False,False,False,NONE,OK
2022-09-29,2022,24,24,24,24,2022-09-28 16:00:00+00:00,2022-09-28 15:45:00,2022-09-28 15:45:00+00:00,14347,True,False,1,False,False,False,NONE,OK
2022-09-30,2022,24,24,24,24,2022-09-29 16:00:00+00:00,2022-09-29 15:45:00,2022-09-29 15:45:00+00:00,14352,True,False,1,False,False,False,NONE,OK
2022-10-01,2022,24,24,24,24,2022-09-30 16:00:00+00:00,2022-09-30 15:45:00,2022-09-30 15:45:00+00:00,14357,True,False,1,False,False,False,NONE,OK
2022-10-02,2022,24,24,24,24,2022-10-01 16:00:00+00:00,2022-10-01 15:45:00,2022-10-01 15:45:00+00:00,14362,True,False,1,False,False,False,NONE,OK
2022-10-03,2022,24,24,24,24,2022-10-02 16:00:00+00:00,2022-10-02 15:45:00,2022-10-02 15:45:00+00:00,14367,True,False,1,False,False,False,NONE,OK
2022-10-04,2022,24,24,24,24,2022-10-03 16:00:00+00:00,2022-10-03 15:45:00,2022-10-03 15:45:00+00:00,14372,True,False,1,False,False,False,NONE,OK
2022-10-05,2022,24,24,24,24,2022-10-04 16:00:00+00:00,2022-10-04 15:45:00,2022-10-04 15:45:00+00:00,14377,True,False,1,False,False,False,NONE,OK
2022-10-06,2022,24,24,24,24,2022-10-05 16:00:00+00:00,2022-10-05 15:45:00,2022-10-05 15:45:00+00:00,14382,True,False,1,False,False,False,NONE,OK
2022-10-07,2022,24,24,24,24,2022-10-06 16:00:00+00:00,2022-10-06 15:45:00,2022-10-06 15:45:00+00:00,14387,True,False,1,False,False,False,NONE,OK
2022-10-08,2022,24,24,24,24,2022-10-07 16:00:00+00:00,2022-10-07 15:45:00,2022-10-07 15:45:00+00:00,14392,True,False,1,False,False,False,NONE,OK
2022-10-09,2022,24,24,24,24,2022-10-08 16:00:00+00:00,2022-10-08 15:45:00,2022-10-08 15:45:00+00:00,14397,True,False,1,False,False,False,NONE,OK
2022-10-10,2022,24,24,24,24,2022-10-09 16:00:00+00:00,2022-10-09 15:45:00,2022-10-09 15:45:00+00:00,14402,True,False,1,False,False,False,NONE,OK
2022-10-11,2022,24,24,24,24,2022-10-10 16:00:00+00:00,2022-10-10 15:45:00,2022-10-10 15:45:00+00:00,14407,True,False,1,False,False,False,NONE,OK
2022-10-12,2022,24,24,24,24,2022-10-11 16:00:00+00:00,2022-10-11 15:45:00,2022-10-11 15:45:00+00:00,14412,True,False,1,False,False,False,NONE,OK
2022-10-13,2022,24,24,24,24,2022-10-12 16:00:00+00:00,2022-10-12 15:45:00,2022-10-12 15:45:00+00:00,14417,True,False,1,False,False,False,NONE,OK
2022-10-14,2022,24,24,24,24,2022-10-13 16:00:00+00:00,2022-10-13 15:45:00,2022-10-13 15:45:00+00:00,14422,True,False,1,False,False,False,NONE,OK
2022-10-15,2022,24,24,24,24,2022-10-14 16:00:00+00:00,2022-10-14 15:45:00,2022-10-14 15:45:00+00:00,14427,True,False,1,False,False,False,NONE,OK
2022-10-16,2022,24,24,24,24,2022-10-15 16:00:00+00:00,2022-10-15 15:45:00,2022-10-15 15:45:00+00:00,14432,True,False,1,False,False,False,NONE,OK
2022-10-17,2022,24,24,24,24,2022-10-16 16:00:00+00:00,2022-10-16 15:45:00,2022-10-16 15:45:00+00:00,14437,True,False,1,False,False,False,NONE,OK
2022-10-18,2022,24,24,24,24,2022-10-17 16:00:00+00:00,2022-10-17 15:45:00,2022-10-17 15:45:00+00:00,14442,True,False,1,False,False,False,NONE,OK
2022-10-19,2022,24,24,24,24,2022-10-18 16:00:00+00:00,2022-10-18 15:45:00,2022-10-18 15:45:00+00:00,14447,True,False,1,False,False,False,NONE,OK
2022-10-20,2022,24,24,24,24,2022-10-19 16:00:00+00:00,2022-10-19 15:45:00,2022-10-19 15:45:00+00:00,14452,True,False,1,False,False,False,NONE,OK
2022-10-21,2022,24,24,24,24,2022-10-20 16:00:00+00:00,2022-10-20 15:45:00,2022-10-20 15:45:00+00:00,14457,True,False,1,False,False,False,NONE,OK
2022-10-22,2022,24,24,24,24,2022-10-21 16:00:00+00:00,2022-10-21 15:45:00,2022-10-21 15:45:00+00:00,14462,True,False,1,False,False,False,NONE,OK
2022-10-23,2022,24,24,24,24,2022-10-22 16:00:00+00:00,2022-10-22 15:45:00,2022-10-22 15:45:00+00:00,14467,True,False,1,False,False,False,NONE,OK
2022-10-24,2022,24,24,24,24,2022-10-23 16:00:00+00:00,2022-10-23 15:45:00,2022-10-23 15:45:00+00:00,14472,True,False,1,False,False,False,NONE,OK
2022-10-25,2022,24,24,24,24,2022-10-24 16:00:00+00:00,2022-10-24 15:45:00,2022-10-24 15:45:00+00:00,14477,True,False,1,False,False,False,NONE,OK
2022-10-26,2022,24,24,24,24,2022-10-25 16:00:00+00:00,2022-10-25 15:45:00,2022-10-25 15:45:00+00:00,14482,True,False,1,False,False,False,NONE,OK
2022-10-27,2022,24,24,24,24,2022-10-26 16:00:00+00:00,2022-10-26 15:45:00,2022-10-26 15:45:00+00:00,14487,True,False,1,False,False,False,NONE,OK
2022-10-28,2022,24,24,24,24,2022-10-27 16:00:00+00:00,2022-10-27 15:45:00,2022-10-27 15:45:00+00:00,14492,True,False,1,False,False,False,NONE,OK
2022-10-29,2022,24,24,24,24,2022-10-28 16:00:00+00:00,2022-10-28 15:45:00,2022-10-28 15:45:00+00:00,14497,True,False,1,False,False,False,NONE,OK
2022-10-30,2022,24,24,24,24,2022-10-29 16:00:00+00:00,2022-10-29 15:45:00,2022-10-29 15:45:00+00:00,14502,True,False,1,False,False,False,NONE,OK
2022-10-31,2022,24,24,24,24,2022-10-30 16:00:00+00:00,2022-10-30 15:45:00,2022-10-30 15:45:00+00:00,14507,True,False,1,False,False,False,NONE,OK
2022-11-01,2022,24,24,24,24,2022-10-31 16:00:00+00:00,2022-10-31 15:45:00,2022-10-31 15:45:00+00:00,14512,True,False,1,False,False,False,NONE,OK
2022-11-02,2022,24,24,24,24,2022-11-01 16:00:00+00:00,2022-11-01 15:45:00,2022-11-01 15:45:00+00:00,14517,True,False,1,False,False,False,NONE,OK
2022-11-03,2022,24,24,24,24,2022-11-02 16:00:00+00:00,2022-11-02 15:45:00,2022-11-02 15:45:00+00:00,14522,True,False,1,False,False,False,NONE,OK
2022-11-04,2022,24,24,24,24,2022-11-03 16:00:00+00:00,2022-11-03 15:45:00,2022-11-03 15:45:00+00:00,14527,True,False,1,False,False,False,NONE,OK
2022-11-05,2022,24,24,24,24,2022-11-04 16:00:00+00:00,2022-11-04 15:45:00,2022-11-04 15:45:00+00:00,14532,True,False,1,False,False,False,NONE,OK
2022-11-06,2022,25,25,25,25,2022-11-05 16:00:00+00:00,2022-11-05 15:45:00,2022-11-05 15:45:00+00:00,14537,True,False,1,False,False,False,NONE,OK
2022-11-07,2022,24,24,24,24,2022-11-06 17:00:00+00:00,2022-11-06 16:45:00,2022-11-06 16:45:00+00:00,14542,True,False,1,False,False,False,NONE,OK
2022-11-08,2022,24,24,24,24,2022-11-07 17:00:00+00:00,2022-11-07 16:45:00,2022-11-07 16:45:00+00:00,14547,True,False,1,False,False,False,NONE,OK
2022-11-09,2022,24,24,24,24,2022-11-08 17:00:00+00:00,2022-11-08 16:45:00,2022-11-08 16:45:00+00:00,14552,True,False,1,False,False,False,NONE,OK
2022-11-10,2022,24,24,24,24,2022-11-09 17:00:00+00:00,2022-11-09 16:45:00,2022-11-09 16:45:00+00:00,14557,True,False,1,False,False,False,NONE,OK
2022-11-11,2022,24,24,24,24,2022-11-10 17:00:00+00:00,2022-11-10 16:45:00,2022-11-10 16:45:00+00:00,14562,True,False,1,False,False,False,NONE,OK
2022-11-12,2022,24,24,24,24,2022-11-11 17:00:00+00:00,2022-11-11 16:45:00,2022-11-11 16:45:00+00:00,14567,True,False,1,False,False,False,NONE,OK
2022-11-13,2022,24,24,24,24,2022-11-12 17:00:00+00:00,2022-11-12 16:45:00,2022-11-12 16:45:00+00:00,14572,True,False,1,False,False,False,NONE,OK
2022-11-14,2022,24,24,24,24,2022-11-13 17:00:00+00:00,2022-11-13 16:45:00,2022-11-13 16:45:00+00:00,14577,True,False,1,False,False,False,NONE,OK
2022-11-15,2022,24,24,24,24,2022-11-14 17:00:00+00:00,2022-11-14 16:45:00,2022-11-14 16:45:00+00:00,14582,True,False,1,False,False,False,NONE,OK
2022-11-16,2022,24,24,24,24,2022-11-15 17:00:00+00:00,2022-11-15 16:45:00,2022-11-15 16:45:00+00:00,14587,True,False,1,False,False,False,NONE,OK
2022-11-17,2022,24,24,24,24,2022-11-16 17:00:00+00:00,2022-11-16 16:45:00,2022-11-16 16:45:00+00:00,14592,True,False,1,False,False,False,NONE,OK
2022-11-18,2022,24,24,24,24,2022-11-17 17:00:00+00:00,2022-11-17 16:45:00,2022-11-17 16:45:00+00:00,14597,True,False,1,False,False,False,NONE,OK
2022-11-19,2022,24,24,24,24,2022-11-18 17:00:00+00:00,2022-11-18 16:45:00,2022-11-18 16:45:00+00:00,14602,True,False,1,False,False,False,NONE,OK
2022-11-20,2022,24,24,24,24,2022-11-19 17:00:00+00:00,2022-11-19 16:45:00,2022-11-19 16:45:00+00:00,14607,True,False,1,False,False,False,NONE,OK
2022-11-21,2022,24,24,24,24,2022-11-20 17:00:00+00:00,2022-11-20 16:45:00,2022-11-20 16:45:00+00:00,14612,True,False,1,False,False,False,NONE,OK
2022-11-22,2022,24,24,24,24,2022-11-21 17:00:00+00:00,2022-11-21 16:45:00,2022-11-21 16:45:00+00:00,14617,True,False,1,False,False,False,NONE,OK
2022-11-23,2022,24,24,24,24,2022-11-22 17:00:00+00:00,2022-11-22 16:45:00,2022-11-22 16:45:00+00:00,14622,True,False,1,False,False,False,NONE,OK
2022-11-24,2022,24,24,24,24,2022-11-23 17:00:00+00:00,2022-11-23 16:45:00,2022-11-23 16:45:00+00:00,14627,True,False,1,False,False,False,NONE,OK
2022-11-25,2022,24,24,24,24,2022-11-24 17:00:00+00:00,2022-11-24 16:45:00,2022-11-24 16:45:00+00:00,14632,True,False,1,False,False,False,NONE,OK
2022-11-26,2022,24,24,24,24,2022-11-25 17:00:00+00:00,2022-11-25 16:45:00,2022-11-25 16:45:00+00:00,14637,True,False,1,False,False,False,NONE,OK
2022-11-27,2022,24,24,24,24,2022-11-26 17:00:00+00:00,2022-11-26 16:45:00,2022-11-26 16:45:00+00:00,14642,True,False,1,False,False,False,NONE,OK
2022-11-28,2022,24,24,24,24,2022-11-27 17:00:00+00:00,2022-11-27 16:45:00,2022-11-27 16:45:00+00:00,14647,True,False,1,False,False,False,NONE,OK
2022-11-29,2022,24,24,24,24,2022-11-28 17:00:00+00:00,2022-11-28 16:45:00,2022-11-28 16:45:00+00:00,14652,True,False,1,False,False,False,NONE,OK
2022-11-30,2022,24,24,24,24,2022-11-29 17:00:00+00:00,2022-11-29 16:45:00,2022-11-29 16:45:00+00:00,14657,True,False,1,False,False,False,NONE,OK
2022-12-01,2022,24,24,24,24,2022-11-30 17:00:00+00:00,2022-11-30 16:45:00,2022-11-30 16:45:00+00:00,14662,True,False,1,False,False,False,NONE,OK
2022-12-02,2022,24,24,24,24,2022-12-01 17:00:00+00:00,2022-12-01 16:45:00,2022-12-01 16:45:00+00:00,14667,True,False,1,False,False,False,NONE,OK
2022-12-03,2022,24,24,24,24,2022-12-02 17:00:00+00:00,2022-12-02 16:45:00,2022-12-02 16:45:00+00:00,14672,True,False,1,False,False,False,NONE,OK
2022-12-04,2022,24,24,24,24,2022-12-03 17:00:00+00:00,2022-12-03 16:45:00,2022-12-03 16:45:00+00:00,14677,True,False,1,False,False,False,NONE,OK
2022-12-05,2022,24,24,24,24,2022-12-04 17:00:00+00:00,2022-12-04 16:45:00,2022-12-04 16:45:00+00:00,14682,True,False,1,False,False,False,NONE,OK
2022-12-06,2022,24,24,24,24,2022-12-05 17:00:00+00:00,2022-12-05 16:45:00,2022-12-05 16:45:00+00:00,14687,True,False,1,False,False,False,NONE,OK
2022-12-07,2022,24,24,24,24,2022-12-06 17:00:00+00:00,2022-12-06 16:45:00,2022-12-06 16:45:00+00:00,14692,True,False,1,False,False,False,NONE,OK
2022-12-08,2022,24,24,24,24,2022-12-07 17:00:00+00:00,2022-12-07 16:45:00,2022-12-07 16:45:00+00:00,14697,True,False,1,False,False,False,NONE,OK
2022-12-09,2022,24,24,24,24,2022-12-08 17:00:00+00:00,2022-12-08 16:45:00,2022-12-08 16:45:00+00:00,14702,True,False,1,False,False,False,NONE,OK
2022-12-10,2022,24,24,24,24,2022-12-09 17:00:00+00:00,2022-12-09 16:45:00,2022-12-09 16:45:00+00:00,14707,True,False,1,False,False,False,NONE,OK
2022-12-11,2022,24,24,24,24,2022-12-10 17:00:00+00:00,2022-12-10 16:45:00,2022-12-10 16:45:00+00:00,14712,True,False,1,False,False,False,NONE,OK
2022-12-12,2022,24,24,24,24,2022-12-11 17:00:00+00:00,2022-12-11 16:45:00,2022-12-11 16:45:00+00:00,14717,True,False,1,False,False,False,NONE,OK
2022-12-13,2022,24,24,24,24,2022-12-12 17:00:00+00:00,2022-12-12 16:45:00,2022-12-12 16:45:00+00:00,14722,True,False,1,False,False,False,NONE,OK
2022-12-14,2022,24,24,24,24,2022-12-13 17:00:00+00:00,2022-12-13 16:45:00,2022-12-13 16:45:00+00:00,14727,True,False,1,False,False,False,NONE,OK
2022-12-15,2022,24,24,24,24,2022-12-14 17:00:00+00:00,2022-12-14 16:45:00,2022-12-14 16:45:00+00:00,14732,True,False,1,False,False,False,NONE,OK
2022-12-16,2022,24,24,24,24,2022-12-15 17:00:00+00:00,2022-12-15 16:45:00,2022-12-15 16:45:00+00:00,14737,True,False,1,False,False,False,NONE,OK
2022-12-17,2022,24,24,24,24,2022-12-16 17:00:00+00:00,2022-12-16 16:45:00,2022-12-16 16:45:00+00:00,14742,True,False,1,False,False,False,NONE,OK
2022-12-18,2022,24,24,24,24,2022-12-17 17:00:00+00:00,2022-12-17 16:45:00,2022-12-17 16:45:00+00:00,14747,True,False,1,False,False,False,NONE,OK
2022-12-19,2022,24,24,24,24,2022-12-18 17:00:00+00:00,2022-12-18 16:45:00,2022-12-18 16:45:00+00:00,14752,True,False,1,False,False,False,NONE,OK
2022-12-20,2022,24,24,24,24,2022-12-19 17:00:00+00:00,2022-12-19 16:45:00,2022-12-19 16:45:00+00:00,14757,True,False,1,False,False,False,NONE,OK
2022-12-21,2022,24,24,24,24,2022-12-20 17:00:00+00:00,2022-12-20 16:45:00,2022-12-20 16:45:00+00:00,14762,True,False,1,False,False,False,NONE,OK
2022-12-22,2022,24,24,24,24,2022-12-21 17:00:00+00:00,2022-12-21 16:45:00,2022-12-21 16:45:00+00:00,14767,True,False,1,False,False,False,NONE,OK
2022-12-23,2022,24,24,24,24,2022-12-22 17:00:00+00:00,2022-12-22 16:45:00,2022-12-22 16:45:00+00:00,14772,True,False,1,False,False,False,NONE,OK
2022-12-24,2022,24,24,24,24,2022-12-23 17:00:00+00:00,2022-12-23 16:45:00,2022-12-23 16:45:00+00:00,14777,True,False,1,False,False,False,NONE,OK
2022-12-25,2022,24,24,24,24,2022-12-24 17:00:00+00:00,2022-12-24 16:45:00,2022-12-24 16:45:00+00:00,14782,True,False,1,False,False,False,NONE,OK
2022-12-26,2022,24,24,24,24,2022-12-25 17:00:00+00:00,2022-12-25 16:45:00,2022-12-25 16:45:00+00:00,14787,True,False,1,False,False,False,NONE,OK
2022-12-27,2022,24,24,24,24,2022-12-26 17:00:00+00:00,2022-12-26 16:45:00,2022-12-26 16:45:00+00:00,14792,True,False,1,False,False,False,NONE,OK
2022-12-28,2022,24,24,24,24,2022-12-27 17:00:00+00:00,2022-12-27 16:45:00,2022-12-27 16:45:00+00:00,14797,True,False,1,False,False,False,NONE,OK
2022-12-29,2022,24,24,24,24,2022-12-28 17:00:00+00:00,2022-12-28 16:45:00,2022-12-28 16:45:00+00:00,14802,True,False,1,False,False,False,NONE,OK
2022-12-30,2022,24,24,24,24,2022-12-29 17:00:00+00:00,2022-12-29 16:45:00,2022-12-29 16:45:00+00:00,14807,True,False,1,False,False,False,NONE,OK
2022-12-31,2022,24,24,24,24,2022-12-30 17:00:00+00:00,2022-12-30 16:45:00,2022-12-30 16:45:00+00:00,14812,True,False,1,False,False,False,NONE,OK
