station_id,init_date,forecast_hour,relative_horizon_hour,wind_u_10m_mps,wind_v_10m_mps,relative_humidity_2m_percent,temperature_2m_kelvin,surface_pressure_pa,surface_pressure_hpa,temperature_2m_celsius,wind_speed_10m_mps,initialization_utc,valid_time_utc,valid_time_pjm
Baltimore_Washington_MD,2014-03-08,18,0,-2.7272368000000005,-5.012072399999999,100.0,250.37,101097.9,1010.9789999999999,-22.779999999999973,5.706022284053576,2014-03-08 06:00:00,2014-03-09 00:00:00,2014-03-08 19:00:00-05:00
Baltimore_Washington_MD,2014-03-08,19,1,-2.6872368000000004,-5.0551754666666655,100.0,250.17666666666668,101095.96666666666,1010.9596666666666,-22.9733333333333,5.725036298405695,2014-03-08 06:00:00,2014-03-09 01:00:00,2014-03-08 20:00:00-05:00
Baltimore_Washington_MD,2014-03-08,20,2,-2.6472368000000004,-5.098278533333333,100.0,249.98333333333332,101094.03333333334,1010.9403333333335,-23.166666666666657,5.744589339432517,2014-03-08 06:00:00,2014-03-09 02:00:00,2014-03-08 21:00:00-05:00
Baltimore_Washington_MD,2014-03-08,21,3,-2.6072368000000004,-5.141381599999999,100.0,249.79,101092.1,1010.921,-23.359999999999985,5.764675922208706,2014-03-08 06:00:00,2014-03-09 03:00:00,2014-03-08 22:00:00-05:00
Baltimore_Washington_MD,2014-03-08,22,4,-2.6772368,-5.158048266666666,99.96666666666667,249.68666666666667,101082.10350933333,1010.8210350933333,-23.46333333333331,5.811459266357912,2014-03-08 06:00:00,2014-03-09 04:00:00,2014-03-08 23:00:00-05:00
Baltimore_Washington_MD,2014-03-08,23,5,-2.7472368000000005,-5.174714933333333,99.93333333333334,249.58333333333331,101072.10701866668,1010.7210701866668,-23.566666666666663,5.85875282603194,2014-03-08 06:00:00,2014-03-09 05:00:00,2014-03-09 00:00:00-05:00
Baltimore_Washington_MD,2014-03-08,24,6,-2.8172368000000003,-5.1913816,99.9,249.48,101062.110528,1010.62110528,-23.669999999999987,5.906544345392896,2014-03-08 06:00:00,2014-03-09 06:00:00,2014-03-09 01:00:00-05:00
Baltimore_Washington_MD,2014-03-08,25,7,-2.883903466666667,-5.088278533333333,99.93333333333334,249.37,101067.40701866666,1010.6740701866667,-23.779999999999973,5.8487158964881205,2014-03-08 06:00:00,2014-03-09 07:00:00,2014-03-09 03:00:00-04:00
Baltimore_Washington_MD,2014-03-08,26,8,-2.9505701333333336,-4.985175466666667,99.96666666666667,249.26,101072.70350933334,1010.7270350933334,-23.889999999999986,5.792912785911239,2014-03-08 06:00:00,2014-03-09 08:00:00,2014-03-09 04:00:00-04:00
Baltimore_Washington_MD,2014-03-08,27,9,-3.0172368000000005,-4.8820724,100.0,249.15,101078.0,1010.78,-23.99999999999997,5.7391940920407984,2014-03-08 06:00:00,2014-03-09 09:00:00,2014-03-09 05:00:00-04:00
Baltimore_Washington_MD,2014-03-08,28,10,-3.0039034666666673,-4.8485088,100.0,249.06666666666666,101077.06770833333,1010.7706770833333,-24.083333333333314,5.703636876654182,2014-03-08 06:00:00,2014-03-09 10:00:00,2014-03-09 06:00:00-04:00
Baltimore_Washington_MD,2014-03-08,29,11,-2.9905701333333337,-4.8149452,100.0,248.98333333333335,101076.13541666667,1010.7613541666667,-24.16666666666663,5.668086714349773,2014-03-08 06:00:00,2014-03-09 11:00:00,2014-03-09 07:00:00-04:00
Baltimore_Washington_MD,2014-03-08,30,12,-2.9772368000000005,-4.7813816000000005,100.0,248.9,101075.203125,1010.75203125,-24.24999999999997,5.632543738675521,2014-03-08 06:00:00,2014-03-09 12:00:00,2014-03-09 08:00:00-04:00
Baltimore_Washington_MD,2014-03-08,31,13,-3.040570133333334,-4.701611866666667,100.0,248.83333333333334,101081.07225933333,1010.8107225933334,-24.316666666666634,5.599126796251315,2014-03-08 06:00:00,2014-03-09 13:00:00,2014-03-09 09:00:00-04:00
Baltimore_Washington_MD,2014-03-08,32,14,-3.1039034666666674,-4.621842133333333,100.0,248.76666666666665,101086.94139366668,1010.8694139366668,-24.383333333333326,5.567372938454955,2014-03-08 06:00:00,2014-03-09 14:00:00,2014-03-09 10:00:00-04:00
Baltimore_Washington_MD,2014-03-08,33,15,-3.167236800000001,-4.5420723999999995,100.0,248.7,101092.81052800002,1010.9281052800002,-24.44999999999999,5.537310776371144,2014-03-08 06:00:00,2014-03-09 15:00:00,2014-03-09 11:00:00-04:00
Baltimore_Washington_MD,2014-03-08,34,16,-3.1208004000000007,-4.395175466666666,99.96666666666667,248.6,101097.04035200001,1010.9704035200001,-24.549999999999983,5.390451049720117,2014-03-08 06:00:00,2014-03-09 16:00:00,2014-03-09 12:00:00-04:00
Baltimore_Washington_MD,2014-03-08,35,17,-3.074364000000001,-4.248278533333333,99.93333333333334,248.5,101101.270176,1011.01270176,-24.649999999999977,5.2440046244522724,2014-03-08 06:00:00,2014-03-09 17:00:00,2014-03-09 13:00:00-04:00
Baltimore_Washington_MD,2014-03-08,36,18,-3.027927600000001,-4.1013816,99.9,248.4,101105.5,1011.055,-24.74999999999997,5.098007118439551,2014-03-08 06:00:00,2014-03-09 18:00:00,2014-03-09 14:00:00-04:00
Baltimore_Washington_MD,2014-03-08,37,19,-3.001260933333334,-3.9482785333333332,99.23333333333333,248.26666666666668,101138.770176,1011.38770176,-24.883333333333297,4.959482893078037,2014-03-08 06:00:00,2014-03-09 19:00:00,2014-03-09 15:00:00-04:00
Baltimore_Washington_MD,2014-03-08,38,20,-2.9745942666666676,-3.7951754666666666,98.56666666666668,248.13333333333333,101172.04035200001,1011.7204035200001,-25.01666666666665,4.821987958723534,2014-03-08 06:00:00,2014-03-09 20:00:00,2014-03-09 16:00:00-04:00
Baltimore_Washington_MD,2014-03-08,39,21,-2.9479276000000008,-3.6420724,97.9,248.0,101205.31052800002,1012.0531052800002,-25.149999999999977,4.685612927001496,2014-03-08 06:00:00,2014-03-09 21:00:00,2014-03-09 17:00:00-04:00
Baltimore_Washington_MD,2014-03-08,40,22,-2.8614912000000006,-3.4182785333333334,95.8,247.86,101202.940352,1012.0294035200001,-25.289999999999964,4.457887394172819,2014-03-08 06:00:00,2014-03-09 22:00:00,2014-03-09 18:00:00-04:00
Baltimore_Washington_MD,2014-03-08,41,23,-2.7750548000000004,-3.1944846666666664,93.7,247.72,101200.57017600001,1012.0057017600001,-25.42999999999998,4.231508174229548,2014-03-08 06:00:00,2014-03-09 23:00:00,2014-03-09 19:00:00-04:00
Baltimore_Washington_MD,2014-03-08,42,24,-2.6886184,-2.9706908,91.6,247.58,101198.2,1011.982,-25.569999999999965,4.006703474182136,2014-03-08 06:00:00,2014-03-10 00:00:00,2014-03-09 20:00:00-04:00
Baltimore_Washington_MD,2014-03-08,43,25,-2.525285066666667,-2.864024133333333,91.66666666666666,247.44333333333333,101216.53333333333,1012.1653333333333,-25.70666666666665,3.8183371910093826,2014-03-08 06:00:00,2014-03-10 01:00:00,2014-03-09 21:00:00-04:00
Baltimore_Washington_MD,2014-03-08,44,26,-2.3619517333333335,-2.7573574666666665,91.73333333333333,247.30666666666667,101234.86666666667,1012.3486666666666,-25.843333333333305,3.6306798522561525,2014-03-08 06:00:00,2014-03-10 02:00:00,2014-03-09 22:00:00-04:00
Baltimore_Washington_MD,2014-03-08,45,27,-2.1986184000000004,-2.6506907999999996,91.8,247.17,101253.2,1012.5319999999999,-25.97999999999999,3.4438473523115394,2014-03-08 06:00:00,2014-03-10 03:00:00,2014-03-09 23:00:00-04:00
Baltimore_Washington_MD,2014-03-08,46,28,-2.031951733333334,-2.457357466666666,94.46206133333334,246.67999999999998,101265.73333333334,1012.6573333333333,-26.47,3.1886413353619365,2014-03-08 06:00:00,2014-03-10 04:00:00,2014-03-10 00:00:00-04:00
Baltimore_Washington_MD,2014-03-08,47,29,-1.865285066666667,-2.264024133333333,97.12412266666666,246.19,101278.26666666666,1012.7826666666666,-26.95999999999998,2.933443992348485,2014-03-08 06:00:00,2014-03-10 05:00:00,2014-03-10 01:00:00-04:00
Baltimore_Washington_MD,2014-03-08,48,30,-1.6986184000000002,-2.0706907999999995,99.786184,245.7,101290.8,1012.908,-27.44999999999999,2.678257802755963,2014-03-08 06:00:00,2014-03-10 06:00:00,2014-03-10 02:00:00-04:00
Baltimore_Washington_MD,20140106,18,0,-3.610690799999999,0.7879276000000005,99.0,241.0093092,102571.903125,1025.71903125,-32.14069079999999,3.695662045702555,2014-01-06 06:00:00,2014-01-07 00:00:00,2014-01-06 19:00:00-05:00
Baltimore_Washington_MD,20140106,19,1,-3.796896933333333,0.5845942666666671,98.76666666666667,241.0728728,102586.80208333333,1025.8680208333333,-32.07712719999998,3.8416372523932565,2014-01-06 06:00:00,2014-01-07 01:00:00,2014-01-06 20:00:00-05:00
Baltimore_Washington_MD,20140106,20,2,-3.9831030666666667,0.3812609333333338,98.53333333333333,241.13643639999998,102601.70104166667,1026.0170104166668,-32.0135636,4.0013085283411485,2014-01-06 06:00:00,2014-01-07 02:00:00,2014-01-06 21:00:00-05:00
Baltimore_Washington_MD,20140106,21,3,-4.169309200000001,0.1779276000000004,98.3,241.2,102616.6,1026.1660000000002,-31.94999999999999,4.173104052865972,2014-01-06 06:00:00,2014-01-07 03:00:00,2014-01-06 22:00:00-05:00
Baltimore_Washington_MD,20140106,22,4,-4.205975866666667,-0.20207239999999965,98.1,241.36666666666665,102638.6,1026.386,-31.78333333333333,4.210827263831203,2014-01-06 06:00:00,2014-01-07 04:00:00,2014-01-06 23:00:00-05:00
Baltimore_Washington_MD,20140106,23,5,-4.242642533333334,-0.5820723999999997,97.9,241.53333333333333,102660.6,1026.606,-31.616666666666646,4.282385310138597,2014-01-06 06:00:00,2014-01-07 05:00:00,2014-01-07 00:00:00-05:00
Baltimore_Washington_MD,20140106,24,6,-4.2793092,-0.9620723999999996,97.7,241.7,102682.6,1026.826,-31.44999999999999,4.386122493962794,2014-01-06 06:00:00,2014-01-07 06:00:00,2014-01-07 01:00:00-05:00
Baltimore_Washington_MD,20140106,25,7,-4.505975866666667,-1.2256359999999995,97.79539466666667,241.76666666666665,102705.70104166667,1027.0570104166668,-31.383333333333326,4.6696897236838355,2014-01-06 06:00:00,2014-01-07 07:00:00,2014-01-07 02:00:00-05:00
Baltimore_Washington_MD,20140106,26,8,-4.732642533333333,-1.4891995999999996,97.89078933333333,241.83333333333334,102728.80208333333,1027.2880208333333,-31.316666666666634,4.961413185470034,2014-01-06 06:00:00,2014-01-07 08:00:00,2014-01-07 03:00:00-05:00
Baltimore_Washington_MD,20140106,27,9,-4.9593092,-1.7527631999999995,97.986184,241.9,102751.903125,1027.51903125,-31.24999999999997,5.2599359859677834,2014-01-06 06:00:00,2014-01-07 09:00:00,2014-01-07 04:00:00-05:00
Baltimore_Washington_MD,20140106,28,10,-5.0257456,-1.8094298666666662,97.95975866666666,241.99310306666666,102758.36875,1027.5836875,-31.156896933333314,5.341549894768812,2014-01-06 06:00:00,2014-01-07 10:00:00,2014-01-07 05:00:00-05:00
Baltimore_Washington_MD,20140106,29,11,-5.092182,-1.866096533333333,97.93333333333334,242.08620613333335,102764.834375,1027.64834375,-31.06379386666663,5.423341570733185,2014-01-06 06:00:00,2014-01-07 11:00:00,2014-01-07 06:00:00-05:00
Baltimore_Washington_MD,20140106,30,12,-5.1586184,-1.9227631999999997,97.906908,242.1793092,102771.3,1027.713,-30.97069079999997,5.505303090665653,2014-01-06 06:00:00,2014-01-07 12:00:00,2014-01-07 07:00:00-05:00
Baltimore_Washington_MD,20140106,31,13,-5.2586184000000005,-2.0496601333333326,97.964364,242.28264253333333,102780.56770833333,1027.8056770833332,-30.867357466666647,5.64395022470916,2014-01-06 06:00:00,2014-01-07 13:00:00,2014-01-07 08:00:00-05:00
Baltimore_Washington_MD,20140106,32,14,-5.3586184,-2.176557066666666,98.02182000000002,242.38597586666668,102789.83541666667,1027.8983541666666,-30.764024133333294,5.783786979244236,2014-01-06 06:00:00,2014-01-07 14:00:00,2014-01-07 09:00:00-05:00
Baltimore_Washington_MD,20140106,33,15,-5.458618400000001,-2.303453999999999,98.07927600000002,242.4893092,102799.103125,1027.9910312499999,-30.66069079999997,5.924729121819373,2014-01-06 06:00:00,2014-01-07 15:00:00,2014-01-07 10:00:00-05:00
Baltimore_Washington_MD,20140106,34,16,-5.5052850666666675,-2.4067873333333325,98.08618400000002,242.5993092,102778.06874999999,1027.7806874999999,-30.550690799999984,6.008393207269044,2014-01-06 06:00:00,2014-01-07 16:00:00,2014-01-07 11:00:00-05:00
Baltimore_Washington_MD,20140106,35,17,-5.551951733333334,-2.5101206666666656,98.093092,242.7093092,102757.034375,1027.5703437500001,-30.44069079999997,6.093018448231559,2014-01-06 06:00:00,2014-01-07 17:00:00,2014-01-07 12:00:00-05:00
Baltimore_Washington_MD,20140106,36,18,-5.598618400000001,-2.613453999999999,98.1,242.8193092,102736.0,1027.36,-30.330690799999985,6.178565351190725,2014-01-06 06:00:00,2014-01-07 18:00:00,2014-01-07 13:00:00-05:00
Baltimore_Washington_MD,20140106,37,19,-5.685285066666668,-2.7367873333333326,98.06896933333333,242.99597586666667,102721.66666666667,1027.2166666666667,-30.15402413333331,6.309712449641172,2014-01-06 06:00:00,2014-01-07 19:00:00,2014-01-07 14:00:00-05:00
Baltimore_Washington_MD,20140106,38,20,-5.771951733333334,-2.8601206666666656,98.03793866666666,243.17264253333332,102707.33333333333,1027.0733333333333,-29.97735746666666,6.441716932606046,2014-01-06 06:00:00,2014-01-07 20:00:00,2014-01-07 15:00:00-05:00
Baltimore_Washington_MD,20140106,39,21,-5.858618400000001,-2.983453999999999,98.006908,243.3493092,102693.0,1026.93,-29.800690799999984,6.5745271561485366,2014-01-06 06:00:00,2014-01-07 21:00:00,2014-01-07 16:00:00-05:00
Baltimore_Washington_MD,20140106,40,22,-5.8883881333333346,-3.2101206666666657,97.94024133333333,243.54620613333333,102666.73333333334,1026.6673333333333,-29.60379386666665,6.706563166282807,2014-01-06 06:00:00,2014-01-07 22:00:00,2014-01-07 17:00:00-05:00
Baltimore_Washington_MD,20140106,41,23,-5.918157866666667,-3.4367873333333328,97.87357466666667,243.74310306666666,102640.46666666666,1026.4046666666666,-29.406896933333314,6.8436905036207625,2014-01-06 06:00:00,2014-01-07 23:00:00,2014-01-07 18:00:00-05:00
Baltimore_Washington_MD,20140106,42,24,-5.947927600000001,-3.6634539999999993,97.806908,243.94,102614.2,1026.142,-29.20999999999998,6.985609346718278,2014-01-06 06:00:00,2014-01-08 00:00:00,2014-01-07 19:00:00-05:00
Baltimore_Washington_MD,20140106,43,25,-6.057697333333334,-3.8767873333333323,97.7,244.26,102546.83333333333,1025.4683333333332,-28.889999999999986,7.192021760963154,2014-01-06 06:00:00,2014-01-08 01:00:00,2014-01-07 20:00:00-05:00
Baltimore_Washington_MD,20140106,44,26,-6.167467066666667,-4.090120666666666,97.593092,244.58,102479.46666666667,1024.7946666666667,-28.569999999999965,7.400455194534436,2014-01-06 06:00:00,2014-01-08 02:00:00,2014-01-07 21:00:00-05:00
Baltimore_Washington_MD,20140106,45,27,-6.277236800000001,-4.303453999999999,97.486184,244.9,102412.1,1024.121,-28.24999999999997,7.610743601869021,2014-01-06 06:00:00,2014-01-08 03:00:00,2014-01-07 22:00:00-05:00
Baltimore_Washington_MD,20140106,46,28,-6.493673200000001,-4.500350933333332,97.35975866666666,245.26666666666668,102340.73333333334,1023.4073333333333,-27.883333333333297,7.900693017169597,2014-01-06 06:00:00,2014-01-08 04:00:00,2014-01-07 23:00:00-05:00
Baltimore_Washington_MD,20140106,47,29,-6.7101096,-4.6972478666666655,97.23333333333333,245.63333333333333,102269.36666666667,1022.6936666666667,-27.51666666666665,8.190830749375591,2014-01-06 06:00:00,2014-01-08 05:00:00,2014-01-08 00:00:00-05:00
Baltimore_Washington_MD,20140106,48,30,-6.926546,-4.8941447999999985,97.106908,246.0,102198.0,1021.98,-27.149999999999977,8.48113747167696,2014-01-06 06:00:00,2014-01-08 06:00:00,2014-01-08 01:00:00-05:00
Baltimore_Washington_MD,20140714,18,0,0.2293092000000001,-0.2293092000000001,87.2,271.6,101936.4,1019.3639999999999,-1.5499999999999545,0.32429218061692466,2014-07-14 06:00:00,2014-07-15 00:00:00,2014-07-14 20:00:00-04:00
Baltimore_Washington_MD,20140714,19,1,-0.010460533333333272,-0.2562061333333334,86.83333333333334,271.53333333333336,101908.0,1019.08,-1.6166666666666174,0.25641958879000565,2014-07-14 06:00:00,2014-07-15 01:00:00,2014-07-14 21:00:00-04:00
Baltimore_Washington_MD,20140714,20,2,-0.25023026666666665,-0.2831030666666667,86.46666666666667,271.4666666666667,101879.59999999999,1018.7959999999999,-1.6833333333332803,0.37783929482273576,2014-07-14 06:00:00,2014-07-15 02:00:00,2014-07-14 22:00:00-04:00
Baltimore_Washington_MD,20140714,21,3,-0.49,-0.31,86.10000000000001,271.40000000000003,101851.2,1018.512,-1.7499999999999432,0.5798275605729689,2014-07-14 06:00:00,2014-07-15 03:00:00,2014-07-14 23:00:00-04:00
Baltimore_Washington_MD,20140714,22,4,-0.6797697333333333,-0.25356359999999994,85.16666666666667,271.6,101838.26770833333,1018.3826770833333,-1.5499999999999545,0.7255214604689727,2014-07-14 06:00:00,2014-07-15 04:00:00,2014-07-15 00:00:00-04:00
Baltimore_Washington_MD,20140714,23,5,-0.8695394666666667,-0.1971271999999999,84.23333333333335,271.8,101825.33541666667,1018.2533541666667,-1.349999999999966,0.8916041818378776,2014-07-14 06:00:00,2014-07-15 05:00:00,2014-07-15 01:00:00-04:00
Baltimore_Washington_MD,20140714,24,6,-1.0593092000000002,-0.1406907999999998,83.30000000000001,272.0,101812.403125,1018.1240312499999,-1.1499999999999773,1.0686111932827955,2014-07-14 06:00:00,2014-07-15 06:00:00,2014-07-15 02:00:00-04:00
Baltimore_Washington_MD,20140714,25,7,-1.3128728,-0.1875877333333331,81.63103066666667,272.43333333333334,101808.56874999999,1018.0856875,-0.7166666666666401,1.3262066757021613,2014-07-14 06:00:00,2014-07-15 07:00:00,2014-07-15 03:00:00-04:00
Baltimore_Washington_MD,20140714,26,8,-1.5664364000000002,-0.2344846666666664,79.96206133333334,272.8666666666667,101804.734375,1018.04734375,-0.283333333333303,1.5838895334418805,2014-07-14 06:00:00,2014-07-15 08:00:00,2014-07-15 04:00:00-04:00
Baltimore_Washington_MD,20140714,27,9,-1.82,-0.2813815999999997,78.293092,273.3,101800.9,1018.0089999999999,0.1500000000000341,1.8416230897820978,2014-07-14 06:00:00,2014-07-15 09:00:00,2014-07-15 05:00:00-04:00
Baltimore_Washington_MD,20140714,28,10,-1.9600000000000002,-0.264714933333333,79.32642533333333,273.33333333333337,101751.00104166666,1017.5100104166667,0.18333333333339397,1.9777952360974256,2014-07-14 06:00:00,2014-07-15 10:00:00,2014-07-15 06:00:00-04:00
Baltimore_Washington_MD,20140714,29,11,-2.1,-0.24804826666666635,80.35975866666668,273.3666666666667,101701.10208333333,1017.0110208333333,0.21666666666669698,2.114598766337562,2014-07-14 06:00:00,2014-07-15 11:00:00,2014-07-15 07:00:00-04:00
Baltimore_Washington_MD,20140714,30,12,-2.24,-0.2313815999999997,81.39309200000001,273.40000000000003,101651.203125,1016.51203125,0.25000000000005684,2.2519186141640555,2014-07-14 06:00:00,2014-07-15 12:00:00,2014-07-15 08:00:00-04:00
Baltimore_Washington_MD,20140714,31,13,-2.396666666666667,-0.23471493333333301,81.96206133333334,273.43333333333334,101648.76875,1016.4876875,0.28333333333335986,2.4081325152575768,2014-07-14 06:00:00,2014-07-15 13:00:00,2014-07-15 09:00:00-04:00
Baltimore_Washington_MD,20140714,32,14,-2.5533333333333332,-0.23804826666666637,82.53103066666668,273.4666666666667,101646.33437499999,1016.4633437499999,0.3166666666667197,2.5644059913309585,2014-07-14 06:00:00,2014-07-15 14:00:00,2014-07-15 10:00:00-04:00
Baltimore_Washington_MD,20140714,33,15,-2.71,-0.2413815999999997,83.10000000000001,273.5,101643.9,1016.439,0.35000000000002274,2.7207287767836323,2014-07-14 06:00:00,2014-07-15 15:00:00,2014-07-15 11:00:00-04:00
Baltimore_Washington_MD,20140714,34,16,-2.7533333333333334,-0.15138159999999973,83.46666666666667,273.5,101594.5,1015.945,0.35000000000002274,2.7574917648586013,2014-07-14 06:00:00,2014-07-15 16:00:00,2014-07-15 12:00:00-04:00
Baltimore_Washington_MD,20140714,35,17,-2.7966666666666664,-0.06138159999999976,83.83333333333334,273.5,101545.09999999999,1015.4509999999999,0.35000000000002274,2.7973401911928772,2014-07-14 06:00:00,2014-07-15 17:00:00,2014-07-15 13:00:00-04:00
Baltimore_Washington_MD,20140714,36,18,-2.84,0.0286184000000002,84.2,273.5,101495.7,1014.957,0.35000000000002274,2.8401441887373537,2014-07-14 06:00:00,2014-07-15 18:00:00,2014-07-15 14:00:00-04:00
Baltimore_Washington_MD,20140714,37,19,-2.8297697333333334,-0.09804826666666643,83.8,273.53333333333336,101478.69649066667,1014.7869649066666,0.3833333333333826,2.831467853655722,2014-07-14 06:00:00,2014-07-15 19:00:00,2014-07-15 15:00:00-04:00
Baltimore_Washington_MD,20140714,38,20,-2.8195394666666664,-0.22471493333333303,83.4,273.56666666666666,101461.69298133333,1014.6169298133333,0.4166666666666856,2.8284800874946874,2014-07-14 06:00:00,2014-07-15 20:00:00,2014-07-15 16:00:00-04:00
Baltimore_Washington_MD,20140714,39,21,-2.8093092,-0.3513815999999997,83.0,273.6,101444.689472,1014.4468947199999,0.4500000000000455,2.8311988997637023,2014-07-14 06:00:00,2014-07-15 21:00:00,2014-07-15 17:00:00-04:00
Baltimore_Washington_MD,20140714,40,22,-2.7559758666666667,-0.7644846666666665,82.50230266666667,273.6333333333333,101433.62631466666,1014.3362631466666,0.4833333333333485,2.8600419198357088,2014-07-14 06:00:00,2014-07-15 22:00:00,2014-07-15 18:00:00-04:00
Baltimore_Washington_MD,20140714,41,23,-2.702642533333333,-1.1775877333333333,82.00460533333333,273.6666666666667,101422.56315733334,1014.2256315733334,0.5166666666667084,2.9480484278043253,2014-07-14 06:00:00,2014-07-15 23:00:00,2014-07-15 19:00:00-04:00
Baltimore_Washington_MD,20140714,42,24,-2.6493092,-1.5906908,81.506908,273.7,101411.5,1014.115,0.5500000000000114,3.090167707165629,2014-07-14 06:00:00,2014-07-16 00:00:00,2014-07-15 20:00:00-04:00
Baltimore_Washington_MD,20140714,43,25,-2.5457456,-1.8440241333333334,81.50460533333333,273.6666666666667,101385.23333333334,1013.8523333333334,0.5166666666667084,3.1434448721482475,2014-07-14 06:00:00,2014-07-16 01:00:00,2014-07-15 21:00:00-04:00
Baltimore_Washington_MD,20140714,44,26,-2.442182,-2.097357466666667,81.50230266666667,273.6333333333333,101358.96666666666,1013.5896666666666,0.4833333333333485,3.219186428914364,2014-07-14 06:00:00,2014-07-16 02:00:00,2014-07-15 22:00:00-04:00
Baltimore_Washington_MD,20140714,45,27,-2.3386184,-2.3506908,81.5,273.6,101332.7,1013.327,0.4500000000000455,3.3158533227546725,2014-07-14 06:00:00,2014-07-16 03:00:00,2014-07-15 23:00:00-04:00
Baltimore_Washington_MD,20140714,46,28,-2.2688486666666665,-2.5242544000000002,81.76666666666667,273.43333333333334,101328.5,1013.285,0.28333333333335986,3.3940439814702565,2014-07-14 06:00:00,2014-07-16 04:00:00,2014-07-16 00:00:00-04:00
Baltimore_Washington_MD,20140714,47,29,-2.1990789333333334,-2.697818,82.03333333333335,273.2666666666667,101324.3,1013.243,0.11666666666673109,3.480541641203919,2014-07-14 06:00:00,2014-07-16 05:00:00,2014-07-16 01:00:00-04:00
Baltimore_Washington_MD,20140714,48,30,-2.1293092,-2.8713816,82.30000000000001,273.1,101320.1,1013.201,-0.049999999999954525,3.5747433421188712,2014-07-14 06:00:00,2014-07-16 06:00:00,2014-07-16 02:00:00-04:00
Baltimore_Washington_MD,20141101,18,0,0.7393092000000001,1.34,99.906908,247.45,101172.6,1011.7260000000001,-25.69999999999999,1.5304176205221374,2014-11-01 06:00:00,2014-11-02 00:00:00,2014-11-01 20:00:00-04:00
Baltimore_Washington_MD,20141101,19,1,0.6159758666666668,1.1202302666666666,99.93793866666667,246.19,101155.03333333334,1011.5503333333334,-26.95999999999998,1.278413907414896,2014-11-01 06:00:00,2014-11-02 01:00:00,2014-11-01 21:00:00-04:00
Baltimore_Washington_MD,20141101,20,2,0.4926425333333334,0.9004605333333333,99.96896933333333,244.92999999999998,101137.46666666666,1011.3746666666666,-28.22,1.0264140673919253,2014-11-01 06:00:00,2014-11-02 02:00:00,2014-11-01 22:00:00-04:00
Baltimore_Washington_MD,20141101,21,3,0.3693092000000001,0.6806907999999998,100.0,243.67,101119.9,1011.199,-29.47999999999999,0.7744218814117275,2014-11-01 06:00:00,2014-11-02 03:00:00,2014-11-01 23:00:00-04:00
Baltimore_Washington_MD,20141101,22,4,0.11930920000000014,0.7371271999999999,99.96896933333333,243.35023026666667,101099.0,1010.99,-29.799769733333306,0.7467202917990643,2014-11-01 06:00:00,2014-11-02 04:00:00,2014-11-02 00:00:00-04:00
Baltimore_Washington_MD,20141101,23,5,-0.13069079999999983,0.7935635999999999,99.93793866666667,243.03046053333333,101078.09999999999,1010.781,-30.11953946666665,0.8042532390047303,2014-11-01 06:00:00,2014-11-02 05:00:00,2014-11-02 01:00:00-04:00
Baltimore_Washington_MD,20141101,24,6,-0.3806907999999998,0.85,99.906908,242.7106908,101057.2,1010.572,-30.43930919999997,0.9313567980127915,2014-11-01 06:00:00,2014-11-02 06:00:00,2014-11-02 01:00:00-05:00
Baltimore_Washington_MD,20141101,25,7,-0.5137938666666665,0.8133333333333334,99.9,242.65735746666667,101060.3,1010.6030000000001,-30.49264253333331,0.9620266360841552,2014-11-01 06:00:00,2014-11-02 07:00:00,2014-11-02 02:00:00-05:00
Baltimore_Washington_MD,20141101,26,8,-0.6468969333333332,0.7766666666666666,99.893092,242.60402413333335,101063.4,1010.6339999999999,-30.545975866666623,1.0107852162883972,2014-11-01 06:00:00,2014-11-02 08:00:00,2014-11-02 03:00:00-05:00
Baltimore_Washington_MD,20141101,27,9,-0.78,0.74,99.886184,242.5506908,101066.5,1010.665,-30.599309199999965,1.075174404457249,2014-11-01 06:00:00,2014-11-02 09:00:00,2014-11-02 04:00:00-05:00
Baltimore_Washington_MD,20141101,28,10,-0.8002302666666666,0.7166666666666667,99.92182,242.6071272,101038.66666666667,1010.3866666666668,-30.54287279999997,1.074234420785573,2014-11-01 06:00:00,2014-11-02 10:00:00,2014-11-02 05:00:00-05:00
Baltimore_Washington_MD,20141101,29,11,-0.8204605333333332,0.6933333333333334,99.95745600000001,242.6635636,101010.83333333333,1010.1083333333332,-30.486436399999974,1.0741818271916206,2014-11-01 06:00:00,2014-11-02 11:00:00,2014-11-02 06:00:00-05:00
Baltimore_Washington_MD,20141101,30,12,-0.8406907999999998,0.67,99.993092,242.72,100983.0,1009.83,-30.42999999999998,1.0750167539181144,2014-11-01 06:00:00,2014-11-02 12:00:00,2014-11-02 07:00:00-05:00
Baltimore_Washington_MD,20141101,31,13,-0.9504605333333332,0.6264364000000001,99.96206133333334,242.7335636,100974.46666666666,1009.7446666666666,-30.41643639999998,1.1383311419219122,2014-11-01 06:00:00,2014-11-02 13:00:00,2014-11-02 08:00:00-05:00
Baltimore_Washington_MD,20141101,32,14,-1.0602302666666665,0.5828728000000001,99.93103066666667,242.7471272,100965.93333333333,1009.6593333333334,-30.402872799999983,1.2098879780111507,2014-11-01 06:00:00,2014-11-02 14:00:00,2014-11-02 09:00:00-05:00
Baltimore_Washington_MD,20141101,33,15,-1.17,0.5393092000000002,99.9,242.7606908,100957.4,1009.574,-30.389309199999985,1.2883145629870991,2014-11-01 06:00:00,2014-11-02 15:00:00,2014-11-02 10:00:00-05:00
Baltimore_Washington_MD,20141101,34,16,-1.1733333333333333,0.48930920000000017,99.90230266666667,242.77046053333333,100945.934375,1009.45934375,-30.379539466666643,1.2712728284344599,2014-11-01 06:00:00,2014-11-02 16:00:00,2014-11-02 11:00:00-05:00
Baltimore_Washington_MD,20141101,35,17,-1.1766666666666665,0.4393092000000002,99.90460533333334,242.78023026666665,100934.46875,1009.3446875,-30.369769733333328,1.256000405115016,2014-11-01 06:00:00,2014-11-02 17:00:00,2014-11-02 12:00:00-05:00
Baltimore_Washington_MD,20141101,36,18,-1.18,0.3893092000000002,99.906908,242.79,100923.003125,1009.23003125,-30.359999999999985,1.2425625349271723,2014-11-01 06:00:00,2014-11-02 18:00:00,2014-11-02 13:00:00-05:00
Baltimore_Washington_MD,20141101,37,19,-1.1835635999999998,0.39597586666666684,99.90460533333334,242.88333333333333,100934.13541666667,1009.3413541666667,-30.26666666666665,1.2480463461856606,2014-11-01 06:00:00,2014-11-02 19:00:00,2014-11-02 14:00:00-05:00
Baltimore_Washington_MD,20141101,38,20,-1.1871272,0.40264253333333355,99.90230266666667,242.97666666666666,100945.26770833333,1009.4526770833332,-30.173333333333318,1.2535517534704836,2014-11-01 06:00:00,2014-11-02 20:00:00,2014-11-02 15:00:00-05:00
Baltimore_Washington_MD,20141101,39,21,-1.1906907999999998,0.4093092000000002,99.9,243.07,100956.4,1009.564,-30.079999999999984,1.2590784734913387,2014-11-01 06:00:00,2014-11-02 21:00:00,2014-11-02 16:00:00-05:00
Baltimore_Washington_MD,20141101,40,22,-1.0537938666666666,0.46930920000000015,99.93333333333334,242.91,100949.90104166666,1009.4990104166666,-30.23999999999998,1.1535738548653591,2014-11-01 06:00:00,2014-11-02 22:00:00,2014-11-02 17:00:00-05:00
Baltimore_Washington_MD,20141101,41,23,-0.9168969333333332,0.5293092000000001,99.96666666666667,242.75,100943.40208333333,1009.4340208333333,-30.399999999999977,1.0587106382580234,2014-11-01 06:00:00,2014-11-02 23:00:00,2014-11-02 18:00:00-05:00
Baltimore_Washington_MD,20141101,42,24,-0.78,0.5893092000000001,100.0,242.59,100936.903125,1009.3690312499999,-30.559999999999974,0.9775915983705262,2014-11-01 06:00:00,2014-11-03 00:00:00,2014-11-02 19:00:00-05:00
Baltimore_Washington_MD,20141101,43,25,-0.7466666666666667,0.5659758666666668,99.93793866666667,242.64023026666666,100937.43541666666,1009.3743541666666,-30.509769733333314,0.9369310501633489,2014-11-01 06:00:00,2014-11-03 01:00:00,2014-11-02 20:00:00-05:00
Baltimore_Washington_MD,20141101,44,26,-0.7133333333333334,0.5426425333333335,99.87587733333334,242.69046053333335,100937.96770833334,1009.3796770833334,-30.459539466666627,0.896273040667219,2014-11-01 06:00:00,2014-11-03 02:00:00,2014-11-02 21:00:00-05:00
Baltimore_Washington_MD,20141101,45,27,-0.68,0.5193092000000001,99.813816,242.7406908,100938.5,1009.385,-30.409309199999967,0.8556179317923627,2014-11-01 06:00:00,2014-11-03 03:00:00,2014-11-02 22:00:00-05:00
Baltimore_Washington_MD,20141101,46,28,-0.54,0.5095394666666667,99.87357466666667,243.30735746666667,100938.16666666667,1009.3816666666667,-29.842642533333304,0.7424489666576088,2014-11-01 06:00:00,2014-11-03 04:00:00,2014-11-02 23:00:00-05:00
Baltimore_Washington_MD,20141101,47,29,-0.4,0.49976973333333335,99.93333333333334,243.87402413333334,100937.83333333333,1009.3783333333333,-29.27597586666664,0.6401326318475502,2014-11-01 06:00:00,2014-11-03 05:00:00,2014-11-03 00:00:00-05:00
Baltimore_Washington_MD,20141101,48,30,-0.26,0.49,99.993092,244.4406908,100937.5,1009.375,-28.70930919999998,0.5547071299343465,2014-11-01 06:00:00,2014-11-03 06:00:00,2014-11-03 01:00:00-05:00
Chicago_OHare_IL,2014-03-08,18,0,-1.8354703999999993,-5.3386324,99.9,250.38,101110.7,1011.107,-22.769999999999982,5.645347419920754,2014-03-08 06:00:00,2014-03-09 00:00:00,2014-03-08 19:00:00-05:00
Chicago_OHare_IL,2014-03-08,19,1,-1.7921370666666658,-5.371965733333333,99.93333333333334,250.17333333333332,101109.76039466666,1011.0976039466666,-22.97666666666666,5.663017844385459,2014-03-08 06:00:00,2014-03-09 01:00:00,2014-03-08 20:00:00-05:00
Chicago_OHare_IL,2014-03-08,20,2,-1.7488037333333326,-5.405299066666667,99.96666666666667,249.96666666666667,101108.82078933333,1011.0882078933333,-23.18333333333331,5.681159432530313,2014-03-08 06:00:00,2014-03-09 02:00:00,2014-03-08 21:00:00-05:00
Chicago_OHare_IL,2014-03-08,21,3,-1.7054703999999992,-5.4386324,100.0,249.76,101107.881184,1011.07881184,-23.389999999999986,5.699767685406654,2014-03-08 06:00:00,2014-03-09 03:00:00,2014-03-08 22:00:00-05:00
Chicago_OHare_IL,2014-03-08,22,4,-1.7592595999999991,-5.468176533333334,99.96666666666667,249.65666666666667,101096.78118399999,1010.96781184,-23.49333333333331,5.744210036192053,2014-03-08 06:00:00,2014-03-09 04:00:00,2014-03-08 23:00:00-05:00
Chicago_OHare_IL,2014-03-08,23,5,-1.8130487999999991,-5.497720666666668,99.93333333333334,249.5533333333333,101085.681184,1010.85681184,-23.596666666666664,5.788961779099533,2014-03-08 06:00:00,2014-03-09 05:00:00,2014-03-09 00:00:00-05:00
Chicago_OHare_IL,2014-03-08,24,6,-1.866837999999999,-5.527264800000001,99.9,249.45,101074.581184,1010.74581184,-23.69999999999999,5.834015794250393,2014-03-08 06:00:00,2014-03-09 06:00:00,2014-03-09 01:00:00-05:00
Chicago_OHare_IL,2014-03-08,25,7,-1.9597154666666659,-5.430598133333334,99.93333333333334,249.34333333333333,101079.987456,1010.79987456,-23.806666666666644,5.773376897107624,2014-03-08 06:00:00,2014-03-09 07:00:00,2014-03-09 03:00:00-04:00
Chicago_OHare_IL,2014-03-08,26,8,-2.0525929333333326,-5.333931466666668,99.96666666666667,249.23666666666665,101085.393728,1010.85393728,-23.913333333333327,5.715239508635379,2014-03-08 06:00:00,2014-03-09 08:00:00,2014-03-09 04:00:00-04:00
Chicago_OHare_IL,2014-03-08,27,9,-2.1454703999999993,-5.237264800000001,100.0,249.13,101090.8,1010.908,-24.019999999999982,5.659680717372244,2014-03-08 06:00:00,2014-03-09 09:00:00,2014-03-09 05:00:00-04:00
Chicago_OHare_IL,2014-03-08,28,10,-2.132137066666666,-5.207720666666668,100.0,249.02,101089.86770833333,1010.8986770833333,-24.129999999999967,5.627287358317599,2014-03-08 06:00:00,2014-03-09 10:00:00,2014-03-09 06:00:00-04:00
Chicago_OHare_IL,2014-03-08,29,11,-2.1188037333333325,-5.1781765333333345,100.0,248.91,101088.93541666667,1010.8893541666667,-24.23999999999998,5.594894232311394,2014-03-08 06:00:00,2014-03-09 11:00:00,2014-03-09 07:00:00-04:00
Chicago_OHare_IL,2014-03-08,30,12,-2.1054703999999993,-5.148632400000001,100.0,248.8,101088.003125,1010.88003125,-24.349999999999966,5.56250134342509,2014-03-08 06:00:00,2014-03-09 12:00:00,2014-03-09 08:00:00-04:00
Chicago_OHare_IL,2014-03-08,31,13,-2.1816811999999994,-5.068176533333334,100.0,248.76666666666668,101093.83541666667,1010.9383541666667,-24.383333333333297,5.517802663331132,2014-03-08 06:00:00,2014-03-09 13:00:00,2014-03-09 09:00:00-04:00
Chicago_OHare_IL,2014-03-08,32,14,-2.2578919999999996,-4.987720666666668,100.0,248.73333333333332,101099.66770833333,1010.9966770833333,-24.416666666666657,5.474982532607551,2014-03-08 06:00:00,2014-03-09 14:00:00,2014-03-09 10:00:00-04:00
Chicago_OHare_IL,2014-03-08,33,15,-2.3341027999999997,-4.907264800000001,100.0,248.7,101105.5,1011.055,-24.44999999999999,5.434085359863874,2014-03-08 06:00:00,2014-03-09 15:00:00,2014-03-09 11:00:00-04:00
Chicago_OHare_IL,2014-03-08,34,16,-2.317436133333333,-4.753931466666668,100.0,248.6,101109.23333333334,1011.0923333333334,-24.549999999999983,5.288702546167864,2014-03-08 06:00:00,2014-03-09 16:00:00,2014-03-09 12:00:00-04:00
Chicago_OHare_IL,2014-03-08,35,17,-2.3007694666666665,-4.600598133333334,100.0,248.5,101112.96666666666,1011.1296666666666,-24.649999999999977,5.1438354681284055,2014-03-08 06:00:00,2014-03-09 17:00:00,2014-03-09 13:00:00-04:00
Chicago_OHare_IL,2014-03-08,36,18,-2.2841028,-4.447264800000001,100.0,248.4,101116.7,1011.1669999999999,-24.74999999999997,4.999528958040636,2014-03-08 06:00:00,2014-03-09 18:00:00,2014-03-09 14:00:00-04:00
Chicago_OHare_IL,2014-03-08,37,19,-2.2874361333333333,-4.290598133333334,99.3,248.26666666666668,101149.4,1011.4939999999999,-24.883333333333297,4.862262478090055,2014-03-08 06:00:00,2014-03-09 19:00:00,2014-03-09 15:00:00-04:00
Chicago_OHare_IL,2014-03-08,38,20,-2.2907694666666663,-4.133931466666667,98.60000000000001,248.13333333333333,101182.1,1011.821,-25.01666666666665,4.72620504427274,2014-03-08 06:00:00,2014-03-09 20:00:00,2014-03-09 16:00:00-04:00
Chicago_OHare_IL,2014-03-08,39,21,-2.2941027999999997,-3.9772648,97.9,248.0,101214.8,1012.148,-25.149999999999977,4.59146413971479,2014-03-08 06:00:00,2014-03-09 21:00:00,2014-03-09 17:00:00-04:00
Chicago_OHare_IL,2014-03-08,40,22,-2.2503135999999997,-3.7377206666666667,95.86666666666667,247.85333333333332,101211.93333333333,1012.1193333333333,-25.296666666666653,4.362850797399799,2014-03-08 06:00:00,2014-03-09 22:00:00,2014-03-09 18:00:00-04:00
Chicago_OHare_IL,2014-03-08,41,23,-2.2065243999999997,-3.4981765333333334,93.83333333333333,247.70666666666668,101209.06666666667,1012.0906666666666,-25.4433333333333,4.135938706770131,2014-03-08 06:00:00,2014-03-09 23:00:00,2014-03-09 19:00:00-04:00
Chicago_OHare_IL,2014-03-08,42,24,-2.1627351999999997,-3.2586324,91.8,247.56,101206.2,1012.062,-25.589999999999975,3.9110239916994627,2014-03-08 06:00:00,2014-03-10 00:00:00,2014-03-09 20:00:00-04:00
Chicago_OHare_IL,2014-03-08,43,25,-2.0227351999999996,-3.1119657333333333,91.83333333333333,247.38333333333333,101224.0,1012.24,-25.76666666666665,3.711574923770219,2014-03-08 06:00:00,2014-03-10 01:00:00,2014-03-09 21:00:00-04:00
Chicago_OHare_IL,2014-03-08,44,26,-1.8827351999999997,-2.9652990666666668,91.86666666666667,247.20666666666668,101241.8,1012.418,-25.9433333333333,3.512504859511691,2014-03-08 06:00:00,2014-03-10 02:00:00,2014-03-09 22:00:00-04:00
Chicago_OHare_IL,2014-03-08,45,27,-1.7427351999999996,-2.8186324,91.9,247.03,101259.6,1012.596,-26.119999999999976,3.3138821016518976,2014-03-08 06:00:00,2014-03-10 03:00:00,2014-03-09 23:00:00-04:00
Chicago_OHare_IL,2014-03-08,46,28,-1.6094018666666663,-2.5990882666666666,94.53789200000001,246.48666666666668,101271.6,1012.716,-26.6633333333333,3.0570302887532024,2014-03-08 06:00:00,2014-03-10 04:00:00,2014-03-10 00:00:00-04:00
Chicago_OHare_IL,2014-03-08,47,29,-1.4760685333333332,-2.3795441333333334,97.17578400000001,245.94333333333333,101283.6,1012.836,-27.20666666666665,2.800180100918136,2014-03-08 06:00:00,2014-03-10 05:00:00,2014-03-10 01:00:00-04:00
Chicago_OHare_IL,2014-03-08,48,30,-1.3427352,-2.16,99.81367600000002,245.4,101295.6,1012.956,-27.74999999999997,2.5433320304905216,2014-03-08 06:00:00,2014-03-10 06:00:00,2014-03-10 02:00:00-04:00
Chicago_OHare_IL,20140106,18,0,-3.6800000000000006,0.1041027999999994,98.7,240.93,102567.10312500002,1025.6710312500002,-32.21999999999997,3.681472177399667,2014-01-06 06:00:00,2014-01-07 00:00:00,2014-01-06 19:00:00-05:00
Chicago_OHare_IL,20140106,19,1,-3.817122533333334,-0.1058972000000006,98.562108,240.98666666666668,102582.53541666668,1025.8253541666668,-32.1633333333333,3.818591186740069,2014-01-06 06:00:00,2014-01-07 01:00:00,2014-01-06 20:00:00-05:00
Chicago_OHare_IL,20140106,20,2,-3.9542450666666666,-0.3158972000000006,98.424216,241.04333333333332,102597.96770833334,1025.9796770833334,-32.106666666666655,3.966843214474894,2014-01-06 06:00:00,2014-01-07 02:00:00,2014-01-06 21:00:00-05:00
Chicago_OHare_IL,20140106,21,3,-4.0913676,-0.5258972000000006,98.286324,241.1,102613.4,1026.134,-32.04999999999998,4.125028085152585,2014-01-06 06:00:00,2014-01-07 03:00:00,2014-01-06 22:00:00-05:00
Chicago_OHare_IL,20140106,22,4,-4.061823466666667,-0.9025638666666673,98.12421599999999,241.237892,102636.46666666666,1026.3646666666666,-31.91210799999999,4.160893102180865,2014-01-06 06:00:00,2014-01-07 04:00:00,2014-01-06 23:00:00-05:00
Chicago_OHare_IL,20140106,23,5,-4.032279333333333,-1.279230533333334,97.962108,241.375784,102659.53333333334,1026.5953333333334,-31.774215999999967,4.230331828525913,2014-01-06 06:00:00,2014-01-07 05:00:00,2014-01-07 00:00:00-05:00
Chicago_OHare_IL,20140106,24,6,-4.0027352,-1.6558972000000007,97.8,241.513676,102682.6,1026.826,-31.636323999999973,4.331729979844876,2014-01-06 06:00:00,2014-01-07 06:00:00,2014-01-07 01:00:00-05:00
Chicago_OHare_IL,20140106,25,7,-4.1727352,-1.9716521333333341,97.762108,241.64245066666666,102705.70104166667,1027.0570104166668,-31.507549333333316,4.615098177091895,2014-01-06 06:00:00,2014-01-07 07:00:00,2014-01-07 02:00:00-05:00
Chicago_OHare_IL,20140106,26,8,-4.3427352,-2.2874070666666673,97.724216,241.77122533333335,102728.80208333333,1027.2880208333333,-31.37877466666663,4.908317441441175,2014-01-06 06:00:00,2014-01-07 08:00:00,2014-01-07 03:00:00-05:00
Chicago_OHare_IL,20140106,27,9,-4.5127352,-2.6031620000000006,97.686324,241.9,102751.903125,1027.51903125,-31.24999999999997,5.209724693643901,2014-01-06 06:00:00,2014-01-07 09:00:00,2014-01-07 04:00:00-05:00
Chicago_OHare_IL,20140106,28,10,-4.569857733333333,-2.680284533333334,97.75299066666668,241.95378920000002,102759.362478,1027.59362478,-31.19621079999996,5.297879281611874,2014-01-06 06:00:00,2014-01-07 10:00:00,2014-01-07 05:00:00-05:00
Chicago_OHare_IL,20140106,29,11,-4.626980266666666,-2.7574070666666675,97.81965733333334,242.0075784,102766.82183100001,1027.6682183100002,-31.142421599999977,5.386301153799888,2014-01-06 06:00:00,2014-01-07 11:00:00,2014-01-07 06:00:00-05:00
Chicago_OHare_IL,20140106,30,12,-4.684102799999999,-2.8345296000000006,97.88632400000002,242.0613676,102774.281184,1027.74281184,-31.088632399999966,5.474977360158122,2014-01-06 06:00:00,2014-01-07 12:00:00,2014-01-07 07:00:00-05:00
Chicago_OHare_IL,20140106,31,13,-4.757436133333333,-2.9807404000000006,97.88632400000002,242.1675784,102783.54889233333,1027.8354889233333,-30.98242159999998,5.614090477979294,2014-01-06 06:00:00,2014-01-07 13:00:00,2014-01-07 08:00:00-05:00
Chicago_OHare_IL,20140106,32,14,-4.830769466666666,-3.126951200000001,97.88632400000002,242.2737892,102792.81660066667,1027.9281660066667,-30.876210799999967,5.754490198728329,2014-01-06 06:00:00,2014-01-07 14:00:00,2014-01-07 09:00:00-05:00
Chicago_OHare_IL,20140106,33,15,-4.9041028,-3.273162000000001,97.88632400000002,242.38,102802.084309,1028.02084309,-30.769999999999982,5.896084611944765,2014-01-06 06:00:00,2014-01-07 15:00:00,2014-01-07 10:00:00-05:00
Chicago_OHare_IL,20140106,34,16,-4.934558666666667,-3.383162000000001,97.92421600000002,242.4837892,102780.58953933333,1027.8058953933332,-30.666210799999988,5.982946962243533,2014-01-06 06:00:00,2014-01-07 16:00:00,2014-01-07 11:00:00-05:00
Chicago_OHare_IL,20140106,35,17,-4.965014533333333,-3.4931620000000008,97.962108,242.5875784,102759.09476966667,1027.5909476966667,-30.562421599999965,6.070712484911077,2014-01-06 06:00:00,2014-01-07 17:00:00,2014-01-07 12:00:00-05:00
Chicago_OHare_IL,20140106,36,18,-4.995470399999999,-3.6031620000000006,98.0,242.6913676,102737.6,1027.376,-30.45863239999997,6.159342571697093,2014-01-06 06:00:00,2014-01-07 18:00:00,2014-01-07 13:00:00-05:00
Chicago_OHare_IL,20140106,37,19,-5.058347866666666,-3.7431620000000008,97.937892,242.85470093333333,102723.8,1027.238,-30.295299066666644,6.292705689801107,2014-01-06 06:00:00,2014-01-07 19:00:00,2014-01-07 14:00:00-05:00
Chicago_OHare_IL,20140106,38,20,-5.121225333333332,-3.883162000000001,97.87578400000001,243.01803426666666,102710.0,1027.1,-30.131965733333317,6.426966316468378,2014-01-06 06:00:00,2014-01-07 20:00:00,2014-01-07 15:00:00-05:00
Chicago_OHare_IL,20140106,39,21,-5.184102799999999,-4.023162000000001,97.81367600000002,243.1813676,102696.2,1026.962,-29.96863239999999,6.562069362572438,2014-01-06 06:00:00,2014-01-07 21:00:00,2014-01-07 16:00:00-05:00
Chicago_OHare_IL,20140106,40,22,-5.174102799999999,-4.243617866666668,97.77122533333335,243.3813676,102670.46666666666,1026.7046666666665,-29.768632399999973,6.691758541912611,2014-01-06 06:00:00,2014-01-07 22:00:00,2014-01-07 17:00:00-05:00
Chicago_OHare_IL,20140106,41,23,-5.1641028,-4.4640737333333345,97.72877466666667,243.5813676,102644.73333333334,1026.4473333333333,-29.568632399999984,6.826119836745064,2014-01-06 06:00:00,2014-01-07 23:00:00,2014-01-07 18:00:00-05:00
Chicago_OHare_IL,20140106,42,24,-5.1541028,-4.684529600000001,97.686324,243.7813676,102619.0,1026.19,-29.368632399999967,6.964882859477538,2014-01-06 06:00:00,2014-01-08 00:00:00,2014-01-07 19:00:00-05:00
Chicago_OHare_IL,20140106,43,25,-5.214558666666667,-4.9202845333333345,97.586324,244.05424506666668,102552.62706133333,1025.5262706133333,-29.095754933333296,7.169436656883697,2014-01-06 06:00:00,2014-01-08 01:00:00,2014-01-07 20:00:00-05:00
Chicago_OHare_IL,20140106,44,26,-5.275014533333333,-5.156039466666669,97.48632400000001,244.32712253333332,102486.25412266667,1024.8625412266667,-28.822877466666654,7.376348778948985,2014-01-06 06:00:00,2014-01-08 02:00:00,2014-01-07 21:00:00-05:00
Chicago_OHare_IL,20140106,45,27,-5.335470399999999,-5.391794400000002,97.38632400000002,244.6,102419.881184,1024.19881184,-28.549999999999983,7.585426239912134,2014-01-06 06:00:00,2014-01-08 03:00:00,2014-01-07 22:00:00-05:00
Chicago_OHare_IL,20140106,46,28,-5.4925929333333325,-5.628916933333335,97.29544133333334,245.0,102348.51451733333,1023.4851451733333,-28.149999999999977,7.8646858153183725,2014-01-06 06:00:00,2014-01-08 04:00:00,2014-01-07 23:00:00-05:00
Chicago_OHare_IL,20140106,47,29,-5.649715466666666,-5.866039466666669,97.20455866666667,245.4,102277.14785066668,1022.7714785066668,-27.74999999999997,8.144304996669975,2014-01-06 06:00:00,2014-01-08 05:00:00,2014-01-08 00:00:00-05:00
Chicago_OHare_IL,20140106,48,30,-5.806837999999999,-6.103162000000002,97.113676,245.8,102205.781184,1022.0578118400001,-27.349999999999966,8.424247975723887,2014-01-06 06:00:00,2014-01-08 06:00:00,2014-01-08 01:00:00-05:00
Chicago_OHare_IL,20140714,18,0,0.23,-0.15,86.9,271.6,101934.8,1019.3480000000001,-1.5499999999999545,0.2745906043549196,2014-07-14 06:00:00,2014-07-15 00:00:00,2014-07-14 20:00:00-04:00
Chicago_OHare_IL,20140714,19,1,0.006666666666666654,-0.21999999999999997,86.56666666666668,271.53333333333336,101906.93333333333,1019.0693333333334,-1.6166666666666174,0.22010098692292235,2014-07-14 06:00:00,2014-07-15 01:00:00,2014-07-14 21:00:00-04:00
Chicago_OHare_IL,20140714,20,2,-0.2166666666666667,-0.29,86.23333333333333,271.4666666666667,101879.06666666667,1018.7906666666667,-1.6833333333332803,0.36200061387302157,2014-07-14 06:00:00,2014-07-15 02:00:00,2014-07-14 22:00:00-04:00
Chicago_OHare_IL,20140714,21,3,-0.44,-0.36,85.9,271.40000000000003,101851.2,1018.512,-1.7499999999999432,0.5685068161420758,2014-07-14 06:00:00,2014-07-15 03:00:00,2014-07-14 23:00:00-04:00
Chicago_OHare_IL,20140714,22,4,-0.6304558666666666,-0.34621080000000004,84.937892,271.53333333333336,101837.734375,1018.37734375,-1.6166666666666174,0.7192610915731906,2014-07-14 06:00:00,2014-07-15 04:00:00,2014-07-15 00:00:00-04:00
Chicago_OHare_IL,20140714,23,5,-0.8209117333333332,-0.33242160000000015,83.975784,271.6666666666667,101824.26875,1018.2426875,-1.4833333333332916,0.8856637025817969,2014-07-14 06:00:00,2014-07-15 05:00:00,2014-07-15 01:00:00-04:00
Chicago_OHare_IL,20140714,24,6,-1.0113675999999998,-0.3186324000000002,83.013676,271.8,101810.803125,1018.1080312500001,-1.349999999999966,1.0603730610778075,2014-07-14 06:00:00,2014-07-15 06:00:00,2014-07-15 02:00:00-04:00
Chicago_OHare_IL,20140714,25,7,-1.2609117333333333,-0.42150986666666695,81.075784,272.3,101806.96875,1018.0696875,-0.8499999999999659,1.3294995174707744,2014-07-14 06:00:00,2014-07-15 07:00:00,2014-07-15 03:00:00-04:00
Chicago_OHare_IL,20140714,26,8,-1.5104558666666665,-0.5243873333333336,79.13789200000001,272.8,101803.13437500001,1018.0313437500001,-0.3499999999999659,1.5988930547438736,2014-07-14 06:00:00,2014-07-15 08:00:00,2014-07-15 04:00:00-04:00
Chicago_OHare_IL,20140714,27,9,-1.76,-0.6272648000000004,77.2,273.3,101799.3,1017.993,0.1500000000000341,1.8684381523933407,2014-07-14 06:00:00,2014-07-15 09:00:00,2014-07-15 05:00:00-04:00
Chicago_OHare_IL,20140714,28,10,-1.8771225333333332,-0.6410540000000003,78.43333333333334,273.33333333333337,101749.934375,1017.49934375,0.18333333333339397,1.9835673006136572,2014-07-14 06:00:00,2014-07-15 10:00:00,2014-07-15 06:00:00-04:00
Chicago_OHare_IL,20140714,29,11,-1.9942450666666667,-0.6548432000000003,79.66666666666667,273.3666666666667,101700.56875,1017.0056875,0.21666666666669698,2.0990076232616635,2014-07-14 06:00:00,2014-07-15 11:00:00,2014-07-15 07:00:00-04:00
Chicago_OHare_IL,20140714,30,12,-2.1113676,-0.6686324000000002,80.9,273.40000000000003,101651.203125,1016.51203125,0.25000000000005684,2.2147104615862365,2014-07-14 06:00:00,2014-07-15 12:00:00,2014-07-15 08:00:00-04:00
Chicago_OHare_IL,20140714,31,13,-2.2547009333333334,-0.7081765333333336,81.56666666666668,273.43333333333334,101648.23541666666,1016.4823541666666,0.28333333333335986,2.363300721689524,2014-07-14 06:00:00,2014-07-15 13:00:00,2014-07-15 09:00:00-04:00
Chicago_OHare_IL,20140714,32,14,-2.3980342666666665,-0.747720666666667,82.23333333333333,273.4666666666667,101645.26770833334,1016.4526770833334,0.3166666666667197,2.5119025736417373,2014-07-14 06:00:00,2014-07-15 14:00:00,2014-07-15 10:00:00-04:00
Chicago_OHare_IL,20140714,33,15,-2.5413676,-0.7872648000000004,82.9,273.5,101642.3,1016.423,0.35000000000002274,2.6605140750706058,2014-07-14 06:00:00,2014-07-15 15:00:00,2014-07-15 11:00:00-04:00
Chicago_OHare_IL,20140714,34,16,-2.6009117333333336,-0.7034756000000005,83.36666666666667,273.5,101593.43333333333,1015.9343333333334,0.35000000000002274,2.694368156801584,2014-07-14 06:00:00,2014-07-15 16:00:00,2014-07-15 12:00:00-04:00
Chicago_OHare_IL,20140714,35,17,-2.6604558666666667,-0.6196864000000005,83.83333333333334,273.5,101544.56666666667,1015.4456666666666,0.35000000000002274,2.731672867095554,2014-07-14 06:00:00,2014-07-15 17:00:00,2014-07-15 13:00:00-04:00
Chicago_OHare_IL,20140714,36,18,-2.72,-0.5358972000000006,84.30000000000001,273.5,101495.7,1014.957,0.35000000000002274,2.7722889115256084,2014-07-14 06:00:00,2014-07-15 18:00:00,2014-07-15 14:00:00-04:00
Chicago_OHare_IL,20140714,37,19,-2.6971225333333333,-0.5934756000000004,84.00000000000001,273.53333333333336,101478.2,1014.7819999999999,0.3833333333333826,2.761645025634138,2014-07-14 06:00:00,2014-07-15 19:00:00,2014-07-15 15:00:00-04:00
Chicago_OHare_IL,20140714,38,20,-2.6742450666666664,-0.6510540000000004,83.7,273.56666666666666,101460.7,1014.607,0.4166666666666856,2.7523549893694677,2014-07-14 06:00:00,2014-07-15 20:00:00,2014-07-15 16:00:00-04:00
Chicago_OHare_IL,20140714,39,21,-2.6513675999999995,-0.7086324000000002,83.4,273.6,101443.2,1014.432,0.4500000000000455,2.744432551304462,2014-07-14 06:00:00,2014-07-15 21:00:00,2014-07-15 17:00:00-04:00
Chicago_OHare_IL,20140714,40,22,-2.5318234666666664,-1.0752990666666669,82.9,273.6333333333333,101433.16666666667,1014.3316666666667,0.4833333333333485,2.750708663079066,2014-07-14 06:00:00,2014-07-15 22:00:00,2014-07-15 18:00:00-04:00
Chicago_OHare_IL,20140714,41,23,-2.4122793333333328,-1.4419657333333338,82.4,273.6666666666667,101423.13333333333,1014.2313333333333,0.5166666666667084,2.81040152969903,2014-07-14 06:00:00,2014-07-15 23:00:00,2014-07-15 19:00:00-04:00
Chicago_OHare_IL,20140714,42,24,-2.2927351999999996,-1.8086324000000005,81.9,273.7,101413.1,1014.1310000000001,0.5500000000000114,2.920237294407562,2014-07-14 06:00:00,2014-07-16 00:00:00,2014-07-15 20:00:00-04:00
Chicago_OHare_IL,20140714,43,25,-2.1594018666666663,-2.055299066666667,81.80000000000001,273.6666666666667,101387.90000000001,1013.8790000000001,0.5166666666667084,2.9811525749623007,2014-07-14 06:00:00,2014-07-16 01:00:00,2014-07-15 21:00:00-04:00
Chicago_OHare_IL,20140714,44,26,-2.026068533333333,-2.301965733333333,81.7,273.6333333333333,101362.7,1013.627,0.4833333333333485,3.0665941921298216,2014-07-14 06:00:00,2014-07-16 02:00:00,2014-07-15 22:00:00-04:00
Chicago_OHare_IL,20140714,45,27,-1.8927351999999995,-2.5486324,81.60000000000001,273.6,101337.5,1013.375,0.4500000000000455,3.1745824367385387,2014-07-14 06:00:00,2014-07-16 03:00:00,2014-07-15 23:00:00-04:00
Chicago_OHare_IL,20140714,46,28,-1.789857733333333,-2.741965733333333,81.7,273.43333333333334,101333.83333333333,1013.3383333333333,0.28333333333335986,3.274441446773379,2014-07-14 06:00:00,2014-07-16 04:00:00,2014-07-16 00:00:00-04:00
Chicago_OHare_IL,20140714,47,29,-1.6869802666666662,-2.9352990666666665,81.80000000000001,273.2666666666667,101330.16666666667,1013.3016666666667,0.11666666666673109,3.385540286408794,2014-07-14 06:00:00,2014-07-16 05:00:00,2014-07-16 01:00:00-04:00
Chicago_OHare_IL,20140714,48,30,-1.5841027999999997,-3.1286324,81.9,273.1,101326.5,1013.265,-0.049999999999954525,3.50681085536383,2014-07-14 06:00:00,2014-07-16 06:00:00,2014-07-16 02:00:00-04:00
Chicago_OHare_IL,20141101,18,0,0.4113675999999998,1.44,99.9,247.46,101167.8,1011.678,-25.68999999999997,1.4976058568027035,2014-11-01 06:00:00,2014-11-02 00:00:00,2014-11-01 20:00:00-04:00
Chicago_OHare_IL,20141101,19,1,0.33136759999999976,1.2128774666666666,99.93333333333334,246.18,101150.23333333334,1011.5023333333334,-26.96999999999997,1.257329008445089,2014-11-01 06:00:00,2014-11-02 01:00:00,2014-11-01 21:00:00-04:00
Chicago_OHare_IL,20141101,20,2,0.2513675999999998,0.9857549333333335,99.96666666666667,244.9,101132.66666666667,1011.3266666666667,-28.24999999999997,1.0172995915268839,2014-11-01 06:00:00,2014-11-02 02:00:00,2014-11-01 22:00:00-04:00
Chicago_OHare_IL,20141101,21,3,0.1713675999999998,0.7586324000000002,100.0,243.62,101115.1,1011.1510000000001,-29.529999999999973,0.7777467278359455,2014-11-01 06:00:00,2014-11-02 03:00:00,2014-11-01 23:00:00-04:00
Chicago_OHare_IL,20141101,22,4,-0.08196573333333357,0.7657549333333334,100.0,243.36287746666667,101094.2,1010.942,-29.787122533333303,0.7701292095260438,2014-11-01 06:00:00,2014-11-02 04:00:00,2014-11-02 00:00:00-04:00
Chicago_OHare_IL,20141101,23,5,-0.3352990666666669,0.7728774666666668,100.0,243.10575493333334,101073.3,1010.7330000000001,-30.044245066666633,0.8424755442080337,2014-11-01 06:00:00,2014-11-02 05:00:00,2014-11-02 01:00:00-04:00
Chicago_OHare_IL,20141101,24,6,-0.5886324000000002,0.78,100.0,242.8486324,101052.4,1010.5239999999999,-30.301367599999963,0.9771837607787801,2014-11-01 06:00:00,2014-11-02 06:00:00,2014-11-02 01:00:00-05:00
Chicago_OHare_IL,20141101,25,7,-0.7086324000000002,0.7237891999999999,99.97122533333334,242.80196573333336,101056.03333333333,1010.5603333333332,-30.348034266666616,1.0129317273964717,2014-11-01 06:00:00,2014-11-02 07:00:00,2014-11-02 02:00:00-05:00
Chicago_OHare_IL,20141101,26,8,-0.8286324000000002,0.6675783999999999,99.94245066666666,242.75529906666668,101059.66666666667,1010.5966666666667,-30.394700933333297,1.0640923712142287,2014-11-01 06:00:00,2014-11-02 08:00:00,2014-11-02 03:00:00-05:00
Chicago_OHare_IL,20141101,27,9,-0.9486324000000002,0.6113675999999998,99.913676,242.70863240000003,101063.3,1010.633,-30.44136759999995,1.128571562932329,2014-11-01 06:00:00,2014-11-02 09:00:00,2014-11-02 04:00:00-05:00
Chicago_OHare_IL,20141101,28,10,-0.9619657333333335,0.5880342666666665,99.93789199999999,242.7490882666667,101035.46666666667,1010.3546666666667,-30.400911733333288,1.1274583676933452,2014-11-01 06:00:00,2014-11-02 10:00:00,2014-11-02 05:00:00-05:00
Chicago_OHare_IL,20141101,29,11,-0.9752990666666669,0.5647009333333332,99.962108,242.78954413333335,101007.63333333333,1010.0763333333333,-30.360455866666626,1.126985099080023,2014-11-01 06:00:00,2014-11-02 11:00:00,2014-11-02 06:00:00-05:00
Chicago_OHare_IL,20141101,30,12,-0.9886324000000002,0.5413675999999998,99.986324,242.83,100979.8,1009.798,-30.319999999999965,1.1271525631694763,2014-11-01 06:00:00,2014-11-02 12:00:00,2014-11-02 07:00:00-05:00
Chicago_OHare_IL,20141101,31,13,-1.0790882666666668,0.47136759999999983,99.92877466666667,242.83666666666667,100971.26666666666,1009.7126666666667,-30.313333333333304,1.1775478340973802,2014-11-01 06:00:00,2014-11-02 13:00:00,2014-11-02 08:00:00-05:00
Chicago_OHare_IL,20141101,32,14,-1.1695441333333334,0.4013675999999998,99.87122533333334,242.84333333333333,100962.73333333334,1009.6273333333334,-30.306666666666644,1.2364988597423685,2014-11-01 06:00:00,2014-11-02 14:00:00,2014-11-02 09:00:00-05:00
Chicago_OHare_IL,20141101,33,15,-1.26,0.3313675999999999,99.81367600000002,242.85,100954.2,1009.5419999999999,-30.299999999999983,1.3028447667814305,2014-11-01 06:00:00,2014-11-02 15:00:00,2014-11-02 10:00:00-05:00
Chicago_OHare_IL,20141101,34,16,-1.2466666666666666,0.29136759999999984,99.84245066666668,242.85333333333332,100943.26770833333,1009.4326770833333,-30.296666666666653,1.2802628074374174,2014-11-01 06:00:00,2014-11-02 16:00:00,2014-11-02 11:00:00-05:00
Chicago_OHare_IL,20141101,35,17,-1.2333333333333334,0.2513675999999998,99.87122533333334,242.85666666666668,100932.33541666667,1009.3233541666667,-30.293333333333294,1.258688516449114,2014-11-01 06:00:00,2014-11-02 17:00:00,2014-11-02 12:00:00-05:00
Chicago_OHare_IL,20141101,36,18,-1.22,0.2113675999999998,99.9,242.86,100921.403125,1009.21403125,-30.289999999999964,1.238174568600793,2014-11-01 06:00:00,2014-11-02 18:00:00,2014-11-02 13:00:00-05:00
Chicago_OHare_IL,20141101,37,19,-1.2233333333333334,0.20803426666666647,99.92877466666667,242.93,100932.53541666667,1009.3253541666667,-30.21999999999997,1.240895926559509,2014-11-01 06:00:00,2014-11-02 19:00:00,2014-11-02 14:00:00-05:00
Chicago_OHare_IL,20141101,38,20,-1.2266666666666666,0.20470093333333314,99.95754933333333,243.0,100943.66770833333,1009.4366770833334,-30.149999999999977,1.2436291984424652,2014-11-01 06:00:00,2014-11-02 20:00:00,2014-11-02 15:00:00-05:00
Chicago_OHare_IL,20141101,39,21,-1.23,0.2013675999999998,99.986324,243.07,100954.8,1009.548,-30.079999999999984,1.2463743058687304,2014-11-01 06:00:00,2014-11-02 21:00:00,2014-11-02 16:00:00-05:00
Chicago_OHare_IL,20141101,40,22,-1.0995441333333333,0.2913675999999998,99.95754933333333,242.91666666666666,100948.30104166667,1009.4830104166666,-30.23333333333332,1.137493903050698,2014-11-01 06:00:00,2014-11-02 22:00:00,2014-11-02 17:00:00-05:00
Chicago_OHare_IL,20141101,41,23,-0.9690882666666667,0.3813675999999998,99.92877466666667,242.76333333333335,100941.80208333334,1009.4180208333335,-30.386666666666628,1.0414284972674621,2014-11-01 06:00:00,2014-11-02 23:00:00,2014-11-02 18:00:00-05:00
Chicago_OHare_IL,20141101,42,24,-0.8386324000000002,0.4713675999999998,99.9,242.61,100935.303125,1009.3530312500001,-30.539999999999964,0.9620248004389076,2014-11-01 06:00:00,2014-11-03 00:00:00,2014-11-02 19:00:00-05:00
Chicago_OHare_IL,20141101,43,25,-0.7990882666666668,0.4447009333333331,99.9,242.6537892,100935.83541666668,1009.3583541666668,-30.49621079999997,0.9144949305665262,2014-11-01 06:00:00,2014-11-03 01:00:00,2014-11-02 20:00:00-05:00
Chicago_OHare_IL,20141101,44,26,-0.7595441333333334,0.4180342666666665,99.9,242.6975784,100936.36770833335,1009.3636770833334,-30.45242159999998,0.8669832400851946,2014-11-01 06:00:00,2014-11-03 02:00:00,2014-11-02 21:00:00-05:00
Chicago_OHare_IL,20141101,45,27,-0.72,0.3913675999999998,99.9,242.7413676,100936.90000000002,1009.3690000000003,-30.408632399999988,0.8194928909574261,2014-11-01 06:00:00,2014-11-03 03:00:00,2014-11-02 22:00:00-05:00
Chicago_OHare_IL,20141101,46,28,-0.5666666666666667,0.41424506666666655,99.924216,243.36378919999999,100936.56666666668,1009.3656666666668,-29.786210799999992,0.701933106762163,2014-11-01 06:00:00,2014-11-03 04:00:00,2014-11-02 23:00:00-05:00
Chicago_OHare_IL,20141101,47,29,-0.41333333333333333,0.43712253333333334,99.94843200000001,243.9862108,100936.23333333334,1009.3623333333334,-29.163789199999968,0.601598332438011,2014-11-01 06:00:00,2014-11-03 05:00:00,2014-11-03 00:00:00-05:00
Chicago_OHare_IL,20141101,48,30,-0.26,0.4600000000000001,99.972648,244.6086324,100935.9,1009.3589999999999,-28.541367599999973,0.5283937925449164,2014-11-01 06:00:00,2014-11-03 06:00:00,2014-11-03 01:00:00-05:00
Cincinnati_OH,2014-03-08,18,0,-2.1062080000000014,-5.246896,99.96552,250.37,101106.45168,1011.0645168,-22.779999999999973,5.653850880071033,2014-03-08 06:00:00,2014-03-09 00:00:00,2014-03-08 19:00:00-05:00
Cincinnati_OH,2014-03-08,19,1,-2.062874666666668,-5.282413333333333,99.94368,250.17000000000002,101105.05168,1011.0505168000001,-22.97999999999996,5.670920781897142,2014-03-08 06:00:00,2014-03-09 01:00:00,2014-03-08 20:00:00-05:00
Cincinnati_OH,2014-03-08,20,2,-2.019541333333335,-5.317930666666666,99.92184,249.97,101103.65168000001,1011.0365168000001,-23.17999999999998,5.68849134415405,2014-03-08 06:00:00,2014-03-09 02:00:00,2014-03-08 21:00:00-05:00
Cincinnati_OH,2014-03-08,21,3,-1.9762080000000015,-5.353448,99.9,249.77,101102.25168000002,1011.0225168000002,-23.379999999999967,5.706557942224718,2014-03-08 06:00:00,2014-03-09 03:00:00,2014-03-08 22:00:00-05:00
Cincinnati_OH,2014-03-08,22,4,-2.0362080000000016,-5.380114666666667,99.91149333333334,249.66666666666669,101091.50112000002,1010.9150112000002,-23.48333333333329,5.752545249343614,2014-03-08 06:00:00,2014-03-09 04:00:00,2014-03-08 23:00:00-05:00
Cincinnati_OH,2014-03-08,23,5,-2.096208000000001,-5.406781333333334,99.92298666666666,249.56333333333333,101080.75056,1010.8075056,-23.586666666666645,5.7989113086635315,2014-03-08 06:00:00,2014-03-09 05:00:00,2014-03-09 00:00:00-05:00
Cincinnati_OH,2014-03-08,24,6,-2.1562080000000012,-5.433448,99.93448,249.46,101070.0,1010.7,-23.68999999999997,5.845647107717674,2014-03-08 06:00:00,2014-03-09 06:00:00,2014-03-09 01:00:00-05:00
Cincinnati_OH,2014-03-08,25,7,-2.2395413333333347,-5.333448,99.95631999999999,249.35333333333332,101075.86666666667,1010.7586666666667,-23.796666666666653,5.784566790383913,2014-03-08 06:00:00,2014-03-09 07:00:00,2014-03-09 03:00:00-04:00
Cincinnati_OH,2014-03-08,26,8,-2.3228746666666678,-5.233448,99.97816,249.24666666666667,101081.73333333334,1010.8173333333334,-23.903333333333308,5.725794677225667,2014-03-08 06:00:00,2014-03-09 08:00:00,2014-03-09 04:00:00-04:00
Cincinnati_OH,2014-03-08,27,9,-2.4062080000000012,-5.133448,100.0,249.14,101087.6,1010.8760000000001,-24.00999999999999,5.669402553000448,2014-03-08 06:00:00,2014-03-09 09:00:00,2014-03-09 05:00:00-04:00
Cincinnati_OH,2014-03-08,28,10,-2.392874666666668,-5.103447999999999,100.0,249.04850666666667,101086.13437500001,1010.8613437500001,-24.10149333333331,5.636579695088069,2014-03-08 06:00:00,2014-03-09 10:00:00,2014-03-09 06:00:00-04:00
Cincinnati_OH,2014-03-08,29,11,-2.3795413333333344,-5.073448,100.0,248.95701333333332,101084.66875,1010.8466874999999,-24.192986666666656,5.60375691529761,2014-03-08 06:00:00,2014-03-09 11:00:00,2014-03-09 07:00:00-04:00
Cincinnati_OH,2014-03-08,30,12,-2.366208000000001,-5.043448,100.0,248.86552,101083.203125,1010.83203125,-24.284479999999974,5.570934215009903,2014-03-08 06:00:00,2014-03-09 12:00:00,2014-03-09 08:00:00-04:00
Cincinnati_OH,2014-03-08,31,13,-2.4395413333333344,-4.963448,99.98850666666667,248.81034666666667,101089.03541666667,1010.8903541666666,-24.339653333333302,5.5305675988767895,2014-03-08 06:00:00,2014-03-09 13:00:00,2014-03-09 09:00:00-04:00
Cincinnati_OH,2014-03-08,32,14,-2.512874666666668,-4.883448,99.97701333333333,248.75517333333332,101094.86770833333,1010.9486770833333,-24.39482666666666,5.492049112952206,2014-03-08 06:00:00,2014-03-09 14:00:00,2014-03-09 10:00:00-04:00
Cincinnati_OH,2014-03-08,33,15,-2.5862080000000014,-4.8034479999999995,99.96552,248.7,101100.7,1011.007,-24.44999999999999,5.455417904062712,2014-03-08 06:00:00,2014-03-09 15:00:00,2014-03-09 11:00:00-04:00
Cincinnati_OH,2014-03-08,34,16,-2.5595413333333346,-4.651263999999999,99.97701333333333,248.6,101104.96666666666,1011.0496666666666,-24.549999999999983,5.3090026026305335,2014-03-08 06:00:00,2014-03-09 16:00:00,2014-03-09 12:00:00-04:00
Cincinnati_OH,2014-03-08,35,17,-2.532874666666668,-4.499079999999999,99.98850666666667,248.50000000000003,101109.23333333334,1011.0923333333334,-24.64999999999995,5.16305867906242,2014-03-08 06:00:00,2014-03-09 17:00:00,2014-03-09 13:00:00-04:00
Cincinnati_OH,2014-03-08,36,18,-2.5062080000000013,-4.346895999999999,100.0,248.40000000000003,101113.5,1011.135,-24.749999999999943,5.017627265359595,2014-03-08 06:00:00,2014-03-09 18:00:00,2014-03-09 14:00:00-04:00
Cincinnati_OH,2014-03-08,37,19,-2.5028746666666684,-4.192413333333333,99.3,248.26666666666668,101146.2,1011.462,-24.883333333333297,4.88269507081416,2014-03-08 06:00:00,2014-03-09 19:00:00,2014-03-09 15:00:00-04:00
Cincinnati_OH,2014-03-08,38,20,-2.499541333333335,-4.037930666666666,98.60000000000001,248.13333333333335,101178.90000000001,1011.7890000000001,-25.016666666666623,4.748956827119919,2014-03-08 06:00:00,2014-03-09 20:00:00,2014-03-09 16:00:00-04:00
Cincinnati_OH,2014-03-08,39,21,-2.496208000000002,-3.883448,97.9,248.0,101211.6,1012.1160000000001,-25.149999999999977,4.61651629997859,2014-03-08 06:00:00,2014-03-09 21:00:00,2014-03-09 17:00:00-04:00
Cincinnati_OH,2014-03-08,40,22,-2.437357333333335,-3.646781333333333,95.86666666666667,247.85333333333332,101208.91722666667,1012.0891722666668,-25.296666666666653,4.3863110769189895,2014-03-08 06:00:00,2014-03-09 22:00:00,2014-03-09 18:00:00-04:00
Cincinnati_OH,2014-03-08,41,23,-2.378506666666668,-3.4101146666666664,93.83333333333333,247.70666666666668,101206.23445333334,1012.0623445333334,-25.4433333333333,4.1576647295318185,2014-03-08 06:00:00,2014-03-09 23:00:00,2014-03-09 19:00:00-04:00
Cincinnati_OH,2014-03-08,42,24,-2.319656000000001,-3.1734479999999996,91.8,247.56,101203.55168,1012.0355168000001,-25.589999999999975,3.9308492933512476,2014-03-08 06:00:00,2014-03-10 00:00:00,2014-03-09 20:00:00-04:00
Cincinnati_OH,2014-03-08,43,25,-2.1741386666666678,-3.038965333333333,91.81149333333333,247.39885066666668,101221.70112,1012.2170112,-25.751149333333302,3.7366012951741174,2014-03-08 06:00:00,2014-03-10 01:00:00,2014-03-09 21:00:00-04:00
Cincinnati_OH,2014-03-08,44,26,-2.028621333333334,-2.9044826666666665,91.82298666666667,247.23770133333332,101239.85056,1012.3985056,-25.912298666666658,3.542784790955023,2014-03-08 06:00:00,2014-03-10 02:00:00,2014-03-09 22:00:00-04:00
Cincinnati_OH,2014-03-08,45,27,-1.8831040000000008,-2.77,91.83448,247.076552,101258.0,1012.58,-26.073447999999985,3.349474686397257,2014-03-08 06:00:00,2014-03-10 03:00:00,2014-03-09 23:00:00-04:00
Cincinnati_OH,2014-03-08,46,28,-1.7397706666666675,-2.56,94.51149333333333,246.55103466666665,101270.0,1012.7,-26.598965333333325,3.095222443152314,2014-03-08 06:00:00,2014-03-10 04:00:00,2014-03-10 00:00:00-04:00
Cincinnati_OH,2014-03-08,47,29,-1.596437333333334,-2.35,97.18850666666667,246.02551733333334,101282.0,1012.82,-27.124482666666637,2.840970284825318,2014-03-08 06:00:00,2014-03-10 05:00:00,2014-03-10 01:00:00-04:00
Cincinnati_OH,2014-03-08,48,30,-1.4531040000000006,-2.14,99.86552,245.5,101294.0,1012.94,-27.649999999999977,2.5867182364563797,2014-03-08 06:00:00,2014-03-10 06:00:00,2014-03-10 02:00:00-04:00
Cincinnati_OH,20140106,18,0,-3.663448,0.3162080000000014,98.9,240.956552,102568.151445,1025.68151445,-32.19344799999999,3.6770693150888523,2014-01-06 06:00:00,2014-01-07 00:00:00,2014-01-06 19:00:00-05:00
Cincinnati_OH,20140106,19,1,-3.8144826666666667,0.10620800000000141,98.73333333333333,241.03770133333333,102583.23429666666,1025.8323429666666,-32.112298666666646,3.815960973799974,2014-01-06 06:00:00,2014-01-07 01:00:00,2014-01-06 20:00:00-05:00
Cincinnati_OH,20140106,20,2,-3.9655173333333336,-0.10379199999999855,98.56666666666668,241.11885066666665,102598.31714833333,1025.9831714833333,-32.03114933333333,3.966875407702026,2014-01-06 06:00:00,2014-01-07 02:00:00,2014-01-06 21:00:00-05:00
Cincinnati_OH,20140106,21,3,-4.116552,-0.3137919999999985,98.4,241.2,102613.4,1026.134,-31.94999999999999,4.128494373009124,2014-01-06 06:00:00,2014-01-07 03:00:00,2014-01-06 22:00:00-05:00
Cincinnati_OH,20140106,22,4,-4.108736,-0.6926426666666654,98.21034666666667,241.33333333333331,102635.93333333333,1026.3593333333333,-31.816666666666663,4.166709178882432,2014-01-06 06:00:00,2014-01-07 04:00:00,2014-01-06 23:00:00-05:00
Cincinnati_OH,20140106,23,5,-4.10092,-1.0714933333333323,98.02069333333334,241.46666666666667,102658.46666666666,1026.5846666666666,-31.68333333333331,4.238589719444167,2014-01-06 06:00:00,2014-01-07 05:00:00,2014-01-07 00:00:00-05:00
Cincinnati_OH,20140106,24,6,-4.093104,-1.450343999999999,97.83104,241.6,102681.0,1026.81,-31.549999999999983,4.342464516049843,2014-01-06 06:00:00,2014-01-07 06:00:00,2014-01-07 01:00:00-05:00
Cincinnati_OH,20140106,25,7,-4.279770666666667,-1.7481599999999988,97.8092,241.70000000000002,102704.634375,1027.04634375,-31.44999999999996,4.62304016258354,2014-01-06 06:00:00,2014-01-07 07:00:00,2014-01-07 02:00:00-05:00
Cincinnati_OH,20140106,26,8,-4.466437333333334,-2.0459759999999987,97.78735999999999,241.8,102728.26875,1027.2826875,-31.349999999999966,4.9127467108705885,2014-01-06 06:00:00,2014-01-07 08:00:00,2014-01-07 03:00:00-05:00
Cincinnati_OH,20140106,27,9,-4.653104000000001,-2.3437919999999988,97.76552,241.90000000000003,102751.903125,1027.51903125,-31.249999999999943,5.210061206366006,2014-01-06 06:00:00,2014-01-07 09:00:00,2014-01-07 04:00:00-05:00
Cincinnati_OH,20140106,28,10,-4.713104,-2.417125333333332,97.84367999999999,241.96551733333334,102758.90208333333,1027.5890208333333,-31.18448266666664,5.296776773836875,2014-01-06 06:00:00,2014-01-07 10:00:00,2014-01-07 05:00:00-05:00
Cincinnati_OH,20140106,29,11,-4.773104000000001,-2.4904586666666653,97.92184,242.03103466666664,102765.90104166666,1027.6590104166667,-31.118965333333335,5.383763197354719,2014-01-06 06:00:00,2014-01-07 11:00:00,2014-01-07 06:00:00-05:00
Cincinnati_OH,20140106,30,12,-4.8331040000000005,-2.5637919999999985,98.0,242.09655199999995,102772.9,1027.729,-31.05344800000003,5.471007557487011,2014-01-06 06:00:00,2014-01-07 12:00:00,2014-01-07 07:00:00-05:00
Cincinnati_OH,20140106,31,13,-4.915288000000001,-2.704941333333332,97.93333333333334,242.1998853333333,102782.16770833333,1027.8216770833333,-30.95011466666668,5.610415647678799,2014-01-06 06:00:00,2014-01-07 13:00:00,2014-01-07 08:00:00-05:00
Cincinnati_OH,20140106,32,14,-4.997472000000001,-2.8460906666666648,97.86666666666666,242.30321866666668,102791.43541666666,1027.9143541666665,-30.846781333333297,5.7510832435004025,2014-01-06 06:00:00,2014-01-07 14:00:00,2014-01-07 09:00:00-05:00
Cincinnati_OH,20140106,33,15,-5.079656000000002,-2.987239999999998,97.8,242.40655200000003,102800.703125,1028.00703125,-30.743447999999944,5.892920150140846,2014-01-06 06:00:00,2014-01-07 15:00:00,2014-01-07 10:00:00-05:00
Cincinnati_OH,20140106,34,16,-5.114138666666668,-3.0960906666666648,97.87701333333334,242.5132186666667,102779.13541666667,1027.7913541666667,-30.63678133333329,5.978310105549524,2014-01-06 06:00:00,2014-01-07 16:00:00,2014-01-07 11:00:00-05:00
Cincinnati_OH,20140106,35,17,-5.148621333333335,-3.204941333333332,97.95402666666668,242.61988533333334,102757.56770833333,1027.5756770833332,-30.530114666666634,6.064647605934211,2014-01-06 06:00:00,2014-01-07 17:00:00,2014-01-07 12:00:00-05:00
Cincinnati_OH,20140106,36,18,-5.183104000000001,-3.3137919999999985,98.03104000000002,242.726552,102736.0,1027.36,-30.42344799999998,6.15189275703665,2014-01-06 06:00:00,2014-01-07 18:00:00,2014-01-07 13:00:00-05:00
Cincinnati_OH,20140106,37,19,-5.251954666666668,-3.447125333333332,97.99770666666667,242.89321866666666,102722.2,1027.222,-30.256781333333322,6.282173261255235,2014-01-06 06:00:00,2014-01-07 19:00:00,2014-01-07 14:00:00-05:00
Cincinnati_OH,20140106,38,20,-5.320805333333334,-3.580458666666665,97.96437333333334,243.05988533333334,102708.40000000001,1027.084,-30.090114666666636,6.413318459186078,2014-01-06 06:00:00,2014-01-07 20:00:00,2014-01-07 15:00:00-05:00
Cincinnati_OH,20140106,39,21,-5.389656000000001,-3.7137919999999984,97.93104,243.226552,102694.6,1026.9460000000001,-29.92344799999998,6.545276374424536,2014-01-06 06:00:00,2014-01-07 21:00:00,2014-01-07 16:00:00-05:00
Cincinnati_OH,20140106,40,22,-5.391840000000001,-3.937125333333332,97.79885333333333,243.426552,102668.51722666668,1026.6851722666668,-29.72344799999999,6.67629346838312,2014-01-06 06:00:00,2014-01-07 22:00:00,2014-01-07 17:00:00-05:00
Cincinnati_OH,20140106,41,23,-5.394024000000002,-4.160458666666665,97.66666666666667,243.626552,102642.43445333334,1026.4243445333334,-29.523447999999973,6.812115033498611,2014-01-06 06:00:00,2014-01-07 23:00:00,2014-01-07 18:00:00-05:00
Cincinnati_OH,20140106,42,24,-5.3962080000000014,-4.383791999999999,97.53448,243.826552,102616.35168,1026.1635168,-29.323447999999985,6.952459498517629,2014-01-06 06:00:00,2014-01-08 00:00:00,2014-01-07 19:00:00-05:00
Cincinnati_OH,20140106,43,25,-5.471725333333334,-4.611607999999999,97.51149333333333,244.11770133333332,102549.51834666668,1025.4951834666667,-29.032298666666662,7.1558861414297095,2014-01-06 06:00:00,2014-01-08 01:00:00,2014-01-07 20:00:00-05:00
Cincinnati_OH,20140106,44,26,-5.547242666666668,-4.839423999999998,97.48850666666667,244.40885066666667,102482.68501333334,1024.8268501333334,-28.74114933333331,7.361516545839119,2014-01-06 06:00:00,2014-01-08 02:00:00,2014-01-07 21:00:00-05:00
Cincinnati_OH,20140106,45,27,-5.622760000000001,-5.067239999999998,97.46552,244.7,102415.85168,1024.1585168000001,-28.44999999999999,7.569171106217642,2014-01-06 06:00:00,2014-01-08 03:00:00,2014-01-07 22:00:00-05:00
Cincinnati_OH,20140106,46,28,-5.798277333333335,-5.293906666666665,97.35517333333333,245.06666666666666,102344.83445333334,1023.4483445333334,-28.083333333333314,7.851462782795629,2014-01-06 06:00:00,2014-01-08 04:00:00,2014-01-07 23:00:00-05:00
Cincinnati_OH,20140106,47,29,-5.973794666666668,-5.520573333333332,97.24482666666667,245.43333333333334,102273.81722666667,1022.7381722666667,-27.71666666666664,8.134061264104558,2014-01-06 06:00:00,2014-01-08 05:00:00,2014-01-08 00:00:00-05:00
Cincinnati_OH,20140106,48,30,-6.149312000000002,-5.747239999999999,97.13448,245.8,102202.8,1022.028,-27.349999999999966,8.416935647309181,2014-01-06 06:00:00,2014-01-08 06:00:00,2014-01-08 01:00:00-05:00
Cincinnati_OH,20140714,18,0,0.2265520000000003,-0.1765520000000003,87.0,271.6,101934.8,1019.3480000000001,-1.5499999999999545,0.28722189576701884,2014-07-14 06:00:00,2014-07-15 00:00:00,2014-07-14 20:00:00-04:00
Cincinnati_OH,20140714,19,1,-0.0011493333333332523,-0.23103466666666686,86.63333333333334,271.53333333333336,101906.93333333333,1019.0693333333334,-1.6166666666666174,0.23103752545612363,2014-07-14 06:00:00,2014-07-15 01:00:00,2014-07-14 21:00:00-04:00
Cincinnati_OH,20140714,20,2,-0.2288506666666668,-0.28551733333333346,86.26666666666667,271.4666666666667,101879.06666666667,1018.7906666666667,-1.6833333333332803,0.3659136172207256,2014-07-14 06:00:00,2014-07-15 02:00:00,2014-07-14 22:00:00-04:00
Cincinnati_OH,20140714,21,3,-0.4565520000000004,-0.34,85.9,271.40000000000003,101851.2,1018.512,-1.7499999999999432,0.5692448758697792,2014-07-14 06:00:00,2014-07-15 03:00:00,2014-07-14 23:00:00-04:00
Cincinnati_OH,20140714,22,4,-0.6477013333333336,-0.3144826666666666,84.96666666666667,271.53333333333336,101838.26770833333,1018.3826770833333,-1.6166666666666174,0.720011364379449,2014-07-14 06:00:00,2014-07-15 04:00:00,2014-07-15 00:00:00-04:00
Cincinnati_OH,20140714,23,5,-0.8388506666666669,-0.2889653333333331,84.03333333333335,271.6666666666667,101825.33541666667,1018.2533541666667,-1.4833333333332916,0.8872268057467356,2014-07-14 06:00:00,2014-07-15 05:00:00,2014-07-15 01:00:00-04:00
Cincinnati_OH,20140714,24,6,-1.03,-0.2634479999999996,83.10000000000001,271.8,101812.403125,1018.1240312499999,-1.349999999999966,1.0631579603727754,2014-07-14 06:00:00,2014-07-15 06:00:00,2014-07-15 02:00:00-04:00
Cincinnati_OH,20140714,25,7,-1.28,-0.3512639999999995,81.23333333333333,272.3,101808.03541666667,1018.0803541666667,-0.8499999999999659,1.327323019349849,2014-07-14 06:00:00,2014-07-15 07:00:00,2014-07-15 03:00:00-04:00
Cincinnati_OH,20140714,26,8,-1.5299999999999998,-0.43907999999999936,79.36666666666667,272.8,101803.66770833333,1018.0366770833333,-0.3499999999999659,1.5917572825025803,2014-07-14 06:00:00,2014-07-15 08:00:00,2014-07-15 04:00:00-04:00
Cincinnati_OH,20140714,27,9,-1.7799999999999998,-0.5268959999999993,77.5,273.3,101799.3,1017.993,0.1500000000000341,1.8563457099409038,2014-07-14 06:00:00,2014-07-15 09:00:00,2014-07-15 05:00:00-04:00
Cincinnati_OH,20140714,28,10,-1.9055173333333333,-0.5302293333333327,78.66666666666667,273.33333333333337,101749.934375,1017.49934375,0.18333333333339397,1.9779129034315157,2014-07-14 06:00:00,2014-07-15 10:00:00,2014-07-15 06:00:00-04:00
Cincinnati_OH,20140714,29,11,-2.0310346666666668,-0.533562666666666,79.83333333333333,273.3666666666667,101700.56875,1017.0056875,0.21666666666669698,2.0999502223772404,2014-07-14 06:00:00,2014-07-15 11:00:00,2014-07-15 07:00:00-04:00
Cincinnati_OH,20140714,30,12,-2.1565520000000005,-0.5368959999999994,81.0,273.40000000000003,101651.203125,1016.51203125,0.25000000000005684,2.2223802202863494,2014-07-14 06:00:00,2014-07-15 12:00:00,2014-07-15 08:00:00-04:00
Cincinnati_OH,20140714,31,13,-2.303218666666667,-0.5668959999999993,81.66666666666667,273.43333333333334,101648.23541666668,1016.4823541666668,0.28333333333335986,2.3719585370106655,2014-07-14 06:00:00,2014-07-15 13:00:00,2014-07-15 09:00:00-04:00
Cincinnati_OH,20140714,32,14,-2.449885333333334,-0.5968959999999993,82.33333333333333,273.4666666666667,101645.26770833334,1016.4526770833334,0.3166666666667197,2.5215517010955337,2014-07-14 06:00:00,2014-07-15 14:00:00,2014-07-15 10:00:00-04:00
Cincinnati_OH,20140714,33,15,-2.5965520000000004,-0.6268959999999992,83.0,273.5,101642.30000000002,1016.4230000000002,0.35000000000002274,2.671157218046141,2014-07-14 06:00:00,2014-07-15 15:00:00,2014-07-15 11:00:00-04:00
Cincinnati_OH,20140714,34,16,-2.651034666666667,-0.5402293333333326,83.43333333333334,273.5,101592.90000000001,1015.9290000000001,0.35000000000002274,2.7055189033644216,2014-07-14 06:00:00,2014-07-15 16:00:00,2014-07-15 12:00:00-04:00
Cincinnati_OH,20140714,35,17,-2.7055173333333333,-0.4535626666666659,83.86666666666667,273.5,101543.50000000001,1015.4350000000002,0.35000000000002274,2.743272340392198,2014-07-14 06:00:00,2014-07-15 17:00:00,2014-07-15 13:00:00-04:00
Cincinnati_OH,20140714,36,18,-2.76,-0.3668959999999992,84.30000000000001,273.5,101494.1,1014.941,0.35000000000002274,2.78427956118203,2014-07-14 06:00:00,2014-07-15 18:00:00,2014-07-15 14:00:00-04:00
Cincinnati_OH,20140714,37,19,-2.7399999999999998,-0.44689599999999924,83.94482666666667,273.53333333333336,101477.13333333333,1014.7713333333334,0.3833333333333826,2.776205330089257,2014-07-14 06:00:00,2014-07-15 19:00:00,2014-07-15 15:00:00-04:00
Cincinnati_OH,20140714,38,20,-2.72,-0.5268959999999993,83.58965333333333,273.56666666666666,101460.16666666667,1014.6016666666667,0.4166666666666856,2.770563010439575,2014-07-14 06:00:00,2014-07-15 20:00:00,2014-07-15 16:00:00-04:00
Cincinnati_OH,20140714,39,21,-2.7,-0.6068959999999993,83.23447999999999,273.6,101443.2,1014.432,0.4500000000000455,2.767367477371952,2014-07-14 06:00:00,2014-07-15 21:00:00,2014-07-15 17:00:00-04:00
Cincinnati_OH,20140714,40,22,-2.601034666666667,-0.9857466666666661,82.75632,273.6333333333333,101433.16666666667,1014.3316666666667,0.4833333333333485,2.781560322561102,2014-07-14 06:00:00,2014-07-15 22:00:00,2014-07-15 18:00:00-04:00
Cincinnati_OH,20140714,41,23,-2.502069333333334,-1.364597333333333,82.27816,273.6666666666667,101423.13333333333,1014.2313333333333,0.5166666666667084,2.8499959352510587,2014-07-14 06:00:00,2014-07-15 23:00:00,2014-07-15 19:00:00-04:00
Cincinnati_OH,20140714,42,24,-2.403104000000001,-1.7434479999999997,81.80000000000001,273.7,101413.1,1014.1310000000001,0.5500000000000114,2.9689256918151394,2014-07-14 06:00:00,2014-07-16 00:00:00,2014-07-15 20:00:00-04:00
Cincinnati_OH,20140714,43,25,-2.2775866666666675,-1.9934479999999997,81.7,273.6666666666667,101387.36666666667,1013.8736666666667,0.5166666666667084,3.0267533683605246,2014-07-14 06:00:00,2014-07-16 01:00:00,2014-07-15 21:00:00-04:00
Cincinnati_OH,20140714,44,26,-2.1520693333333343,-2.243448,81.60000000000001,273.6333333333333,101361.63333333333,1013.6163333333333,0.4833333333333485,3.1087716777173875,2014-07-14 06:00:00,2014-07-16 02:00:00,2014-07-15 22:00:00-04:00
Cincinnati_OH,20140714,45,27,-2.026552000000001,-2.493448,81.5,273.6,101335.9,1013.3589999999999,0.4500000000000455,3.213128683605436,2014-07-14 06:00:00,2014-07-16 03:00:00,2014-07-15 23:00:00-04:00
Cincinnati_OH,20140714,46,28,-1.9342533333333345,-2.6801146666666664,81.66666666666667,273.43333333333334,101331.7,1013.317,0.28333333333335986,3.3052005361237753,2014-07-14 06:00:00,2014-07-16 04:00:00,2014-07-16 00:00:00-04:00
Cincinnati_OH,20140714,47,29,-1.8419546666666677,-2.866781333333333,81.83333333333333,273.2666666666667,101327.50000000001,1013.2750000000001,0.11666666666673109,3.407525819007621,2014-07-14 06:00:00,2014-07-16 05:00:00,2014-07-16 01:00:00-04:00
Cincinnati_OH,20140714,48,30,-1.7496560000000012,-3.0534479999999995,82.0,273.1,101323.30000000002,1013.2330000000002,-0.049999999999954525,3.5192102533153657,2014-07-14 06:00:00,2014-07-16 06:00:00,2014-07-16 02:00:00-04:00
Cincinnati_OH,20141101,18,0,0.5131040000000007,1.41,100.0,247.46,101169.4,1011.694,-25.68999999999997,1.5004585015307823,2014-11-01 06:00:00,2014-11-02 00:00:00,2014-11-01 20:00:00-04:00
Cincinnati_OH,20141101,19,1,0.41977066666666735,1.1844826666666666,99.95517333333333,246.18666666666667,101151.83333333333,1011.5183333333333,-26.96333333333331,1.2566648718841296,2014-11-01 06:00:00,2014-11-02 01:00:00,2014-11-01 21:00:00-04:00
Cincinnati_OH,20141101,20,2,0.326437333333334,0.958965333333333,99.91034666666667,244.91333333333333,101134.26666666666,1011.3426666666667,-28.23666666666665,1.0130033776492993,2014-11-01 06:00:00,2014-11-02 02:00:00,2014-11-01 22:00:00-04:00
Cincinnati_OH,20141101,21,3,0.2331040000000007,0.7334479999999997,99.86552,243.64,101116.7,1011.1669999999999,-29.50999999999999,0.7695995345112936,2014-11-01 06:00:00,2014-11-02 03:00:00,2014-11-01 23:00:00-04:00
Cincinnati_OH,20141101,22,4,-0.01907999999999943,0.7556319999999997,99.87701333333334,243.36114933333332,101095.8,1010.9580000000001,-29.78885066666666,0.7558728503022182,2014-11-01 06:00:00,2014-11-02 04:00:00,2014-11-02 00:00:00-04:00
Cincinnati_OH,20141101,23,5,-0.27126399999999956,0.777816,99.88850666666667,243.08229866666667,101074.9,1010.7489999999999,-30.067701333333304,0.823760819383879,2014-11-01 06:00:00,2014-11-02 05:00:00,2014-11-02 01:00:00-04:00
Cincinnati_OH,20141101,24,6,-0.5234479999999997,0.8,99.9,242.803448,101054.0,1010.54,-30.346551999999974,0.9560323261814947,2014-11-01 06:00:00,2014-11-02 06:00:00,2014-11-02 01:00:00-05:00
Cincinnati_OH,20141101,25,7,-0.646781333333333,0.7521840000000002,99.92184,242.75678133333332,101057.1,1010.571,-30.393218666666655,0.9920216041016668,2014-11-01 06:00:00,2014-11-02 07:00:00,2014-11-02 02:00:00-05:00
Cincinnati_OH,20141101,26,8,-0.7701146666666663,0.7043680000000002,99.94368,242.71011466666667,101060.2,1010.602,-30.439885333333308,1.0436526621626139,2014-11-01 06:00:00,2014-11-02 08:00:00,2014-11-02 03:00:00-05:00
Cincinnati_OH,20141101,27,9,-0.8934479999999996,0.6565520000000004,99.96552,242.663448,101063.3,1010.633,-30.48655199999999,1.1087424666747459,2014-11-01 06:00:00,2014-11-02 09:00:00,2014-11-02 04:00:00-05:00
Cincinnati_OH,20141101,28,10,-0.9101146666666663,0.6310346666666669,99.97701333333333,242.71011466666667,101036.00000000001,1010.3600000000001,-30.439885333333308,1.1074806802002861,2014-11-01 06:00:00,2014-11-02 10:00:00,2014-11-02 05:00:00-05:00
Cincinnati_OH,20141101,29,11,-0.9267813333333329,0.6055173333333335,99.98850666666667,242.75678133333332,101008.70000000001,1010.0870000000001,-30.393218666666655,1.107056855261834,2014-11-01 06:00:00,2014-11-02 11:00:00,2014-11-02 06:00:00-05:00
Cincinnati_OH,20141101,30,12,-0.9434479999999996,0.58,100.0,242.803448,100981.40000000002,1009.8140000000002,-30.346551999999974,1.1074719539130546,2014-11-01 06:00:00,2014-11-02 12:00:00,2014-11-02 07:00:00-05:00
Cincinnati_OH,20141101,31,13,-1.0401146666666663,0.5188506666666668,100.0,242.8122986666667,100972.86666666668,1009.7286666666669,-30.337701333333285,1.162344412863741,2014-11-01 06:00:00,2014-11-02 13:00:00,2014-11-02 08:00:00-05:00
Cincinnati_OH,20141101,32,14,-1.136781333333333,0.4577013333333335,100.0,242.82114933333335,100964.33333333334,1009.6433333333334,-30.328850666666625,1.2254641203846899,2014-11-01 06:00:00,2014-11-02 14:00:00,2014-11-02 09:00:00-05:00
Cincinnati_OH,20141101,33,15,-1.2334479999999997,0.3965520000000003,100.0,242.83000000000004,100955.8,1009.558,-30.319999999999936,1.2956262799928069,2014-11-01 06:00:00,2014-11-02 15:00:00,2014-11-02 10:00:00-05:00
Cincinnati_OH,20141101,34,16,-1.2256319999999998,0.35321866666666696,100.0,242.83448266666667,100944.334375,1009.44334375,-30.315517333333304,1.2755144945886652,2014-11-01 06:00:00,2014-11-02 16:00:00,2014-11-02 11:00:00-05:00
Cincinnati_OH,20141101,35,17,-1.2178159999999998,0.3098853333333336,100.0,242.83896533333333,100932.86875,1009.3286874999999,-30.311034666666643,1.2566243391209286,2014-11-01 06:00:00,2014-11-02 17:00:00,2014-11-02 12:00:00-05:00
Cincinnati_OH,20141101,36,18,-1.21,0.2665520000000003,100.0,242.84344799999997,100921.403125,1009.21403125,-30.30655200000001,1.2390116903015889,2014-11-01 06:00:00,2014-11-02 18:00:00,2014-11-02 13:00:00-05:00
Cincinnati_OH,20141101,37,19,-1.2133333333333334,0.2665520000000003,100.0,242.92229866666665,100932.53541666667,1009.3253541666667,-30.22770133333333,1.242267179990592,2014-11-01 06:00:00,2014-11-02 19:00:00,2014-11-02 14:00:00-05:00
Cincinnati_OH,20141101,38,20,-1.2166666666666666,0.2665520000000003,100.0,243.00114933333336,100943.66770833335,1009.4366770833335,-30.14885066666662,1.245523081472912,2014-11-01 06:00:00,2014-11-02 20:00:00,2014-11-02 15:00:00-05:00
Cincinnati_OH,20141101,39,21,-1.22,0.2665520000000003,100.0,243.08000000000004,100954.80000000002,1009.5480000000002,-30.069999999999936,1.2487793915275829,2014-11-01 06:00:00,2014-11-02 21:00:00,2014-11-02 16:00:00-05:00
Cincinnati_OH,20141101,40,22,-1.0866666666666667,0.34770133333333353,99.97816,242.92333333333337,100948.30104166668,1009.4830104166668,-30.226666666666603,1.1409385003786237,2014-11-01 06:00:00,2014-11-02 22:00:00,2014-11-02 17:00:00-05:00
Cincinnati_OH,20141101,41,23,-0.9533333333333334,0.42885066666666677,99.95631999999999,242.76666666666668,100941.80208333334,1009.4180208333335,-30.383333333333297,1.045350342586106,2014-11-01 06:00:00,2014-11-02 23:00:00,2014-11-02 18:00:00-05:00
Cincinnati_OH,20141101,42,24,-0.8200000000000001,0.51,99.93448,242.61,100935.303125,1009.3530312500001,-30.539999999999964,0.9656603957913984,2014-11-01 06:00:00,2014-11-03 00:00:00,2014-11-02 19:00:00-05:00
Cincinnati_OH,20141101,43,25,-0.7833333333333333,0.48333333333333334,99.92298666666666,242.65666666666667,100935.83541666667,1009.3583541666667,-30.49333333333331,0.9204467514322717,2014-11-01 06:00:00,2014-11-03 01:00:00,2014-11-02 20:00:00-05:00
Cincinnati_OH,20141101,44,26,-0.7466666666666667,0.45666666666666667,99.91149333333334,242.70333333333335,100936.36770833333,1009.3636770833333,-30.44666666666663,0.8752459971662571,2014-11-01 06:00:00,2014-11-03 02:00:00,2014-11-02 21:00:00-05:00
Cincinnati_OH,20141101,45,27,-0.71,0.43,99.9,242.75,100936.9,1009.3689999999999,-30.399999999999977,0.8300602387778853,2014-11-01 06:00:00,2014-11-03 03:00:00,2014-11-02 22:00:00-05:00
Cincinnati_OH,20141101,46,28,-0.5599999999999999,0.4433333333333333,99.88850666666667,243.35333333333332,100937.09999999999,1009.3709999999999,-29.796666666666653,0.7142439670339851,2014-11-01 06:00:00,2014-11-03 04:00:00,2014-11-02 23:00:00-05:00
Cincinnati_OH,20141101,47,29,-0.41,0.45666666666666667,99.87701333333334,243.95666666666668,100937.3,1009.373,-29.1933333333333,0.613713650202148,2014-11-01 06:00:00,2014-11-03 05:00:00,2014-11-03 00:00:00-05:00
Cincinnati_OH,20141101,48,30,-0.26,0.47,99.86552,244.56,100937.5,1009.375,-28.589999999999975,0.5371219600798314,2014-11-01 06:00:00,2014-11-03 06:00:00,2014-11-03 01:00:00-05:00
Philadelphia_PA,2014-03-08,18,0,-2.866393199999999,-4.9345356,100.0,250.37,101096.3,1010.9630000000001,-22.779999999999973,5.7066497671290115,2014-03-08 06:00:00,2014-03-09 00:00:00,2014-03-08 19:00:00-05:00
Philadelphia_PA,2014-03-08,19,1,-2.8282146666666654,-4.9793808,100.0,250.17666666666668,101094.36666666667,1010.9436666666667,-22.9733333333333,5.7265200036459385,2014-03-08 06:00:00,2014-03-09 01:00:00,2014-03-08 20:00:00-05:00
Philadelphia_PA,2014-03-08,20,2,-2.790036133333332,-5.024226000000001,100.0,249.98333333333332,101092.43333333333,1010.9243333333334,-23.166666666666657,5.746925136486609,2014-03-08 06:00:00,2014-03-09 02:00:00,2014-03-08 21:00:00-05:00
Philadelphia_PA,2014-03-08,21,3,-2.7518575999999983,-5.0690712000000016,100.0,249.79,101090.5,1010.905,-23.359999999999985,5.767859488696583,2014-03-08 06:00:00,2014-03-09 03:00:00,2014-03-08 22:00:00-05:00
Philadelphia_PA,2014-03-08,22,4,-2.821857599999998,-5.082404533333334,99.96666666666667,249.68666666666667,101080.46666666666,1010.8046666666665,-23.46333333333331,5.813236289290585,2014-03-08 06:00:00,2014-03-09 04:00:00,2014-03-08 23:00:00-05:00
Philadelphia_PA,2014-03-08,23,5,-2.8918575999999985,-5.095737866666668,99.93333333333334,249.58333333333331,101070.43333333333,1010.7043333333334,-23.566666666666663,5.859128329748232,2014-03-08 06:00:00,2014-03-09 05:00:00,2014-03-09 00:00:00-05:00
Philadelphia_PA,2014-03-08,24,6,-2.9618575999999983,-5.109071200000001,99.9,249.48,101060.4,1010.6039999999999,-23.669999999999987,5.90552359823811,2014-03-08 06:00:00,2014-03-09 06:00:00,2014-03-09 01:00:00-05:00
Philadelphia_PA,2014-03-08,25,7,-3.0251909333333318,-5.007249733333334,99.93333333333334,249.37,101065.2,1010.6519999999999,-23.779999999999973,5.850156414583198,2014-03-08 06:00:00,2014-03-09 07:00:00,2014-03-09 03:00:00-04:00
Philadelphia_PA,2014-03-08,26,8,-3.088524266666665,-4.905428266666667,99.96666666666667,249.26,101070.0,1010.7,-23.889999999999986,5.796741207368258,2014-03-08 06:00:00,2014-03-09 08:00:00,2014-03-09 04:00:00-04:00
Philadelphia_PA,2014-03-08,27,9,-3.1518575999999983,-4.803606800000001,100.0,249.15,101074.8,1010.748,-23.99999999999997,5.7453324202942335,2014-03-08 06:00:00,2014-03-09 09:00:00,2014-03-09 05:00:00-04:00
Philadelphia_PA,2014-03-08,28,10,-3.1400361333333318,-4.7669401333333346,99.98178533333333,249.06666666666666,101074.40104166667,1010.7440104166667,-24.083333333333314,5.708199817229858,2014-03-08 06:00:00,2014-03-09 10:00:00,2014-03-09 06:00:00-04:00
Philadelphia_PA,2014-03-08,29,11,-3.1282146666666657,-4.7302734666666675,99.96357066666667,248.98333333333335,101074.00208333333,1010.7400208333332,-24.16666666666663,5.671085792879449,2014-03-08 06:00:00,2014-03-09 11:00:00,2014-03-09 07:00:00-04:00
Philadelphia_PA,2014-03-08,30,12,-3.116393199999999,-4.693606800000001,99.945356,248.9,101073.603125,1010.73603125,-24.24999999999997,5.633990714405952,2014-03-08 06:00:00,2014-03-09 12:00:00,2014-03-09 08:00:00-04:00
Philadelphia_PA,2014-03-08,31,13,-3.1763931999999993,-4.616940133333334,99.96357066666667,248.83333333333334,101079.96875,1010.7996875,-24.316666666666634,5.604070837863335,2014-03-08 06:00:00,2014-03-09 13:00:00,2014-03-09 09:00:00-04:00
Philadelphia_PA,2014-03-08,32,14,-3.236393199999999,-4.540273466666668,99.98178533333333,248.76666666666665,101086.33437499999,1010.8633437499999,-24.383333333333326,5.575690459227771,2014-03-08 06:00:00,2014-03-09 14:00:00,2014-03-09 10:00:00-04:00
Philadelphia_PA,2014-03-08,33,15,-3.296393199999999,-4.463606800000001,100.0,248.7,101092.7,1010.927,-24.44999999999999,5.548873200390552,2014-03-08 06:00:00,2014-03-09 15:00:00,2014-03-09 11:00:00-04:00
Philadelphia_PA,2014-03-08,34,16,-3.2463931999999986,-4.315428266666667,99.96666666666667,248.6,101096.43333333333,1010.9643333333333,-24.549999999999983,5.400184249981838,2014-03-08 06:00:00,2014-03-09 16:00:00,2014-03-09 12:00:00-04:00
Philadelphia_PA,2014-03-08,35,17,-3.196393199999999,-4.1672497333333345,99.93333333333334,248.5,101100.16666666666,1011.0016666666666,-24.649999999999977,5.251942481498915,2014-03-08 06:00:00,2014-03-09 17:00:00,2014-03-09 13:00:00-04:00
Philadelphia_PA,2014-03-08,36,18,-3.1463931999999986,-4.019071200000001,99.9,248.4,101103.9,1011.039,-24.74999999999997,5.104186857833056,2014-03-08 06:00:00,2014-03-09 18:00:00,2014-03-09 14:00:00-04:00
Philadelphia_PA,2014-03-08,37,19,-3.114571733333332,-3.8705830666666676,99.196904,248.26333333333335,101137.66666666666,1011.3766666666666,-24.886666666666628,4.9680952444619795,2014-03-08 06:00:00,2014-03-09 19:00:00,2014-03-09 15:00:00-04:00
Philadelphia_PA,2014-03-08,38,20,-3.0827502666666655,-3.7220949333333344,98.493808,248.12666666666667,101171.43333333333,1011.7143333333333,-25.023333333333312,4.832943192235874,2014-03-08 06:00:00,2014-03-09 20:00:00,2014-03-09 16:00:00-04:00
Philadelphia_PA,2014-03-08,39,21,-3.050928799999999,-3.573606800000001,97.790712,247.99,101205.2,1012.052,-25.159999999999968,4.6988117757232715,2014-03-08 06:00:00,2014-03-09 21:00:00,2014-03-09 17:00:00-04:00
Philadelphia_PA,2014-03-08,40,22,-2.9575954666666657,-3.3520949333333343,95.72714133333334,247.85333333333335,101202.86666666667,1012.0286666666667,-25.296666666666624,4.470336831439687,2014-03-08 06:00:00,2014-03-09 22:00:00,2014-03-09 18:00:00-04:00
Philadelphia_PA,2014-03-08,41,23,-2.8642621333333325,-3.1305830666666674,93.66357066666666,247.71666666666667,101200.53333333333,1012.0053333333333,-25.43333333333331,4.243176629100807,2014-03-08 06:00:00,2014-03-09 23:00:00,2014-03-09 19:00:00-04:00
Philadelphia_PA,2014-03-08,42,24,-2.770928799999999,-2.9090712000000005,91.6,247.58,101198.2,1011.982,-25.569999999999965,4.017554188973545,2014-03-08 06:00:00,2014-03-10 00:00:00,2014-03-09 20:00:00-04:00
Philadelphia_PA,2014-03-08,43,25,-2.6042621333333327,-2.810892666666667,91.68178533333332,247.45000000000002,101216.0,1012.16,-25.69999999999996,3.831879283410991,2014-03-08 06:00:00,2014-03-10 01:00:00,2014-03-09 21:00:00-04:00
Philadelphia_PA,2014-03-08,44,26,-2.4375954666666657,-2.7127141333333338,91.76357066666667,247.32,101233.8,1012.3380000000001,-25.829999999999984,3.647011054041419,2014-03-08 06:00:00,2014-03-10 02:00:00,2014-03-09 22:00:00-04:00
Philadelphia_PA,2014-03-08,45,27,-2.270928799999999,-2.6145356000000004,91.845356,247.19,101251.6,1012.5160000000001,-25.95999999999998,3.463078690751453,2014-03-08 06:00:00,2014-03-10 03:00:00,2014-03-09 23:00:00-04:00
Philadelphia_PA,2014-03-08,46,28,-2.097595466666666,-2.4263570666666667,94.5,246.72666666666666,101264.66666666667,1012.6466666666668,-26.423333333333318,3.2073533258348412,2014-03-08 06:00:00,2014-03-10 04:00:00,2014-03-10 00:00:00-04:00
Philadelphia_PA,2014-03-08,47,29,-1.9242621333333325,-2.2381785333333335,97.15464399999999,246.26333333333335,101277.73333333334,1012.7773333333333,-26.886666666666628,2.9516483369220494,2014-03-08 06:00:00,2014-03-10 05:00:00,2014-03-10 01:00:00-04:00
Philadelphia_PA,2014-03-08,48,30,-1.7509287999999992,-2.05,99.809288,245.8,101290.8,1012.908,-27.349999999999966,2.6959695218361497,2014-03-08 06:00:00,2014-03-10 06:00:00,2014-03-10 02:00:00-04:00
Philadelphia_PA,20140106,18,0,-3.5845356000000006,0.9018575999999984,99.24535600000002,241.02000000000004,102574.377429,1025.74377429,-32.12999999999994,3.6962470964946488,2014-01-06 06:00:00,2014-01-07 00:00:00,2014-01-06 19:00:00-05:00
Philadelphia_PA,20140106,19,1,-3.773023733333334,0.7000361333333318,98.945356,241.08,102588.743054,1025.88743054,-32.069999999999965,3.837415625166095,2014-01-06 06:00:00,2014-01-07 01:00:00,2014-01-06 20:00:00-05:00
Philadelphia_PA,20140106,20,2,-3.961511866666667,0.4982146666666653,98.645356,241.14000000000001,102603.108679,1026.03108679,-32.00999999999996,3.9927176363753296,2014-01-06 06:00:00,2014-01-07 02:00:00,2014-01-06 21:00:00-05:00
Philadelphia_PA,20140106,21,3,-4.15,0.2963931999999988,98.345356,241.2,102617.474304,1026.17474304,-31.94999999999999,4.1605707455836205,2014-01-06 06:00:00,2014-01-07 03:00:00,2014-01-06 22:00:00-05:00
Philadelphia_PA,20140106,22,4,-4.198488133333334,-0.08178533333333465,98.23023733333333,241.36666666666665,102639.71620266666,1026.3971620266666,-31.78333333333333,4.199284635088371,2014-01-06 06:00:00,2014-01-07 04:00:00,2014-01-06 23:00:00-05:00
Philadelphia_PA,20140106,23,5,-4.246976266666667,-0.4599638666666681,98.11511866666666,241.53333333333333,102661.95810133334,1026.6195810133333,-31.616666666666646,4.271811579209562,2014-01-06 06:00:00,2014-01-07 05:00:00,2014-01-07 00:00:00-05:00
Philadelphia_PA,20140106,24,6,-4.2954644,-0.8381424000000015,98.0,241.7,102684.2,1026.8419999999999,-31.44999999999999,4.376470849251155,2014-01-06 06:00:00,2014-01-07 06:00:00,2014-01-07 01:00:00-05:00
Philadelphia_PA,20140106,25,7,-4.5354643999999995,-1.091475733333335,97.93333333333334,241.76666666666665,102706.76770833333,1027.0676770833334,-31.383333333333326,4.664949796098871,2014-01-06 06:00:00,2014-01-07 07:00:00,2014-01-07 02:00:00-05:00
Philadelphia_PA,20140106,26,8,-4.7754644,-1.3448090666666683,97.86666666666666,241.83333333333334,102729.33541666667,1027.2933541666666,-31.316666666666634,4.961206673930873,2014-01-06 06:00:00,2014-01-07 08:00:00,2014-01-07 03:00:00-05:00
Philadelphia_PA,20140106,27,9,-5.015464399999999,-1.5981424000000015,97.8,241.9,102751.903125,1027.51903125,-31.24999999999997,5.263928407410678,2014-01-06 06:00:00,2014-01-07 09:00:00,2014-01-07 04:00:00-05:00
Philadelphia_PA,20140106,28,10,-5.0787977333333325,-1.6514757333333347,97.854644,241.99848813333332,102758.90208333333,1027.5890208333333,-31.151511866666652,5.3405578841447525,2014-01-06 06:00:00,2014-01-07 10:00:00,2014-01-07 05:00:00-05:00
Philadelphia_PA,20140106,29,11,-5.142131066666667,-1.7048090666666682,97.909288,242.09697626666667,102765.90104166666,1027.6590104166667,-31.053023733333305,5.417368905711272,2014-01-06 06:00:00,2014-01-07 11:00:00,2014-01-07 06:00:00-05:00
Philadelphia_PA,20140106,30,12,-5.2054644,-1.7581424000000014,97.963932,242.1954644,102772.9,1027.729,-30.954535599999986,5.494353858129737,2014-01-06 06:00:00,2014-01-07 12:00:00,2014-01-07 07:00:00-05:00
Philadelphia_PA,20140106,31,13,-5.3106192,-1.8829876000000016,97.97595466666667,242.30213106666667,102781.634375,1027.81634375,-30.847868933333302,5.634564631731754,2014-01-06 06:00:00,2014-01-07 13:00:00,2014-01-07 08:00:00-05:00
Philadelphia_PA,20140106,32,14,-5.415774,-2.007832800000002,97.98797733333333,242.40879773333333,102790.36875,1027.9036875,-30.741202266666647,5.775984814023652,2014-01-06 06:00:00,2014-01-07 14:00:00,2014-01-07 09:00:00-05:00
Philadelphia_PA,20140106,33,15,-5.520928799999999,-2.132678000000002,98.0,242.5154644,102799.103125,1027.9910312499999,-30.634535599999964,5.9185277110404275,2014-01-06 06:00:00,2014-01-07 15:00:00,2014-01-07 10:00:00-05:00
Philadelphia_PA,20140106,34,16,-5.570928799999999,-2.232678000000002,98.003096,242.62213106666667,102778.06874999999,1027.7806874999999,-30.52786893333331,6.0016746618217685,2014-01-06 06:00:00,2014-01-07 16:00:00,2014-01-07 11:00:00-05:00
Philadelphia_PA,20140106,35,17,-5.620928799999999,-2.332678000000002,98.006192,242.72879773333335,102757.034375,1027.5703437500001,-30.421202266666626,6.085739661401351,2014-01-06 06:00:00,2014-01-07 17:00:00,2014-01-07 12:00:00-05:00
Philadelphia_PA,20140106,36,18,-5.670928799999999,-2.432678000000002,98.009288,242.8354644,102736.0,1027.36,-30.31453559999997,6.170685189373497,2014-01-06 06:00:00,2014-01-07 18:00:00,2014-01-07 13:00:00-05:00
Philadelphia_PA,20140106,37,19,-5.7609287999999985,-2.552678000000002,97.98797733333333,243.0154644,102721.66666666667,1027.2166666666667,-30.134535599999964,6.301147959725548,2014-01-06 06:00:00,2014-01-07 19:00:00,2014-01-07 14:00:00-05:00
Philadelphia_PA,20140106,38,20,-5.850928799999999,-2.6726780000000017,97.96666666666667,243.1954644,102707.33333333333,1027.0733333333333,-29.954535599999986,6.432462632176999,2014-01-06 06:00:00,2014-01-07 20:00:00,2014-01-07 15:00:00-05:00
Philadelphia_PA,20140106,39,21,-5.940928799999999,-2.7926780000000018,97.945356,243.3754644,102693.0,1026.93,-29.77453559999998,6.564578083803515,2014-01-06 06:00:00,2014-01-07 21:00:00,2014-01-07 16:00:00-05:00
Philadelphia_PA,20140106,40,22,-5.976083599999999,-3.0193446666666683,97.85154800000001,243.57213106666666,102666.2,1026.662,-29.57786893333332,6.695522191010751,2014-01-06 06:00:00,2014-01-07 22:00:00,2014-01-07 17:00:00-05:00
Philadelphia_PA,20140106,41,23,-6.011238399999999,-3.2460113333333354,97.75774,243.76879773333332,102639.40000000001,1026.394,-29.381202266666662,6.831659877201368,2014-01-06 06:00:00,2014-01-07 23:00:00,2014-01-07 18:00:00-05:00
Philadelphia_PA,20140106,42,24,-6.046393199999999,-3.472678000000002,97.663932,243.96546439999997,102612.6,1026.126,-29.184535600000004,6.972686944119192,2014-01-06 06:00:00,2014-01-08 00:00:00,2014-01-07 19:00:00-05:00
Philadelphia_PA,20140106,43,25,-6.163059866666665,-3.677523200000002,97.609288,244.27697626666665,102545.475232,1025.45475232,-28.873023733333326,7.176871449779186,2014-01-06 06:00:00,2014-01-08 01:00:00,2014-01-07 20:00:00-05:00
Philadelphia_PA,20140106,44,26,-6.279726533333332,-3.8823684000000025,97.554644,244.58848813333333,102478.350464,1024.78350464,-28.56151186666665,7.382936389186165,2014-01-06 06:00:00,2014-01-08 02:00:00,2014-01-07 21:00:00-05:00
Philadelphia_PA,20140106,45,27,-6.396393199999999,-4.087213600000003,97.5,244.9,102411.225696,1024.11225696,-28.24999999999997,7.5907286199041,2014-01-06 06:00:00,2014-01-08 03:00:00,2014-01-07 22:00:00-05:00
Philadelphia_PA,20140106,46,28,-6.621547999999998,-4.280546933333336,97.41821466666667,245.3,102340.15046399999,1023.4015046399999,-27.849999999999966,7.884667397219327,2014-01-06 06:00:00,2014-01-08 04:00:00,2014-01-07 23:00:00-05:00
Philadelphia_PA,20140106,47,29,-6.846702799999998,-4.473880266666669,97.33642933333333,245.7,102269.075232,1022.69075232,-27.44999999999999,8.178810663659922,2014-01-06 06:00:00,2014-01-08 05:00:00,2014-01-08 00:00:00-05:00
Philadelphia_PA,20140106,48,30,-7.071857599999998,-4.667213600000002,97.254644,246.1,102198.0,1021.98,-27.049999999999983,8.473137122854952,2014-01-06 06:00:00,2014-01-08 06:00:00,2014-01-08 01:00:00-05:00
Philadelphia_PA,20140714,18,0,0.22,-0.2354643999999996,87.30000000000001,271.6,101936.4,1019.3639999999999,-1.5499999999999545,0.3222475502891524,2014-07-14 06:00:00,2014-07-15 00:00:00,2014-07-14 20:00:00-04:00
Philadelphia_PA,20140714,19,1,-0.016666666666666663,-0.2569762666666664,86.93333333333334,271.53333333333336,101908.0,1019.08,-1.6166666666666174,0.25751617309931313,2014-07-14 06:00:00,2014-07-15 01:00:00,2014-07-14 21:00:00-04:00
Philadelphia_PA,20140714,20,2,-0.2533333333333333,-0.2784881333333332,86.56666666666668,271.4666666666667,101879.59999999999,1018.7959999999999,-1.6833333333332803,0.3764749901192138,2014-07-14 06:00:00,2014-07-15 02:00:00,2014-07-14 22:00:00-04:00
Philadelphia_PA,20140714,21,3,-0.49,-0.3,86.2,271.40000000000003,101851.2,1018.512,-1.7499999999999432,0.5745432968889289,2014-07-14 06:00:00,2014-07-15 03:00:00,2014-07-14 23:00:00-04:00
Philadelphia_PA,20140714,22,4,-0.68,-0.23817853333333341,85.23333333333333,271.6,101838.80104166667,1018.3880104166667,-1.5499999999999545,0.7205060816820479,2014-07-14 06:00:00,2014-07-15 04:00:00,2014-07-15 00:00:00-04:00
Philadelphia_PA,20140714,23,5,-0.8700000000000001,-0.17635706666666684,84.26666666666668,271.8,101826.40208333333,1018.2640208333333,-1.349999999999966,0.8876946631377657,2014-07-14 06:00:00,2014-07-15 05:00:00,2014-07-15 01:00:00-04:00
Philadelphia_PA,20140714,24,6,-1.06,-0.1145356000000003,83.30000000000001,272.0,101814.003125,1018.14003125,-1.1499999999999773,1.0661699694079554,2014-07-14 06:00:00,2014-07-15 06:00:00,2014-07-15 02:00:00-04:00
Philadelphia_PA,20140714,25,7,-1.31,-0.151202266666667,81.68488133333334,272.4666666666667,101809.63541666667,1018.0963541666667,-0.6833333333332803,1.3186971318104617,2014-07-14 06:00:00,2014-07-15 07:00:00,2014-07-15 03:00:00-04:00
Philadelphia_PA,20140714,26,8,-1.56,-0.1878689333333337,80.06976266666668,272.93333333333334,101805.26770833333,1018.0526770833333,-0.21666666666664014,1.5712716939192295,2014-07-14 06:00:00,2014-07-15 08:00:00,2014-07-15 04:00:00-04:00
Philadelphia_PA,20140714,27,9,-1.81,-0.2245356000000004,78.454644,273.40000000000003,101800.9,1018.0089999999999,0.25000000000005684,1.8238739637560926,2014-07-14 06:00:00,2014-07-15 09:00:00,2014-07-15 05:00:00-04:00
Philadelphia_PA,20140714,28,10,-1.9566666666666668,-0.19938080000000052,79.43642933333334,273.4182146666667,101751.534375,1017.51534375,0.2682146666667222,1.966798705473716,2014-07-14 06:00:00,2014-07-15 10:00:00,2014-07-15 06:00:00-04:00
Philadelphia_PA,20140714,29,11,-2.1033333333333335,-0.17422600000000066,80.41821466666667,273.43642933333336,101702.16875,1017.0216875,0.2864293333333876,2.110536853548668,2014-07-14 06:00:00,2014-07-15 11:00:00,2014-07-15 07:00:00-04:00
Philadelphia_PA,20140714,30,12,-2.25,-0.1490712000000008,81.4,273.45464400000003,101652.803125,1016.52803125,0.304644000000053,2.254932864337526,2014-07-14 06:00:00,2014-07-15 12:00:00,2014-07-15 08:00:00-04:00
Philadelphia_PA,20140714,31,13,-2.4033333333333333,-0.14724973333333422,81.96666666666667,273.46976266666667,101649.83541666667,1016.4983541666667,0.3197626666666906,2.407840026886722,2014-07-14 06:00:00,2014-07-15 13:00:00,2014-07-15 09:00:00-04:00
Philadelphia_PA,20140714,32,14,-2.5566666666666666,-0.14542826666666767,82.53333333333335,273.48488133333336,101646.86770833333,1016.4686770833333,0.3348813333333851,2.5607994504041343,2014-07-14 06:00:00,2014-07-15 14:00:00,2014-07-15 10:00:00-04:00
Philadelphia_PA,20140714,33,15,-2.71,-0.1436068000000011,83.10000000000001,273.5,101643.9,1016.439,0.35000000000002274,2.713802298069305,2014-07-14 06:00:00,2014-07-15 15:00:00,2014-07-15 11:00:00-04:00
Philadelphia_PA,20140714,34,16,-2.756666666666667,-0.05360680000000112,83.46666666666667,273.5,101594.5,1015.945,0.35000000000002274,2.7571878427334893,2014-07-14 06:00:00,2014-07-15 16:00:00,2014-07-15 12:00:00-04:00
Philadelphia_PA,20140714,35,17,-2.8033333333333332,0.03639319999999885,83.83333333333334,273.5,101545.09999999999,1015.4509999999999,0.35000000000002274,2.803569553762492,2014-07-14 06:00:00,2014-07-15 17:00:00,2014-07-15 13:00:00-04:00
Philadelphia_PA,20140714,36,18,-2.85,0.1263931999999988,84.2,273.5,101495.7,1014.957,0.35000000000002274,2.8528012971474617,2014-07-14 06:00:00,2014-07-15 18:00:00,2014-07-15 14:00:00-04:00
Philadelphia_PA,20140714,37,19,-2.84,-0.01209493333333439,83.76666666666667,273.53333333333336,101478.73333333334,1014.7873333333333,0.3833333333333826,2.840025754709337,2014-07-14 06:00:00,2014-07-15 19:00:00,2014-07-15 15:00:00-04:00
Philadelphia_PA,20140714,38,20,-2.83,-0.15058306666666757,83.33333333333334,273.56666666666666,101461.76666666666,1014.6176666666667,0.4166666666666856,2.834003398016089,2014-07-14 06:00:00,2014-07-15 20:00:00,2014-07-15 16:00:00-04:00
Philadelphia_PA,20140714,39,21,-2.82,-0.2890712000000007,82.9,273.6,101444.8,1014.448,0.4500000000000455,2.8347772679117913,2014-07-14 06:00:00,2014-07-15 21:00:00,2014-07-15 17:00:00-04:00
Philadelphia_PA,20140714,40,22,-2.7818214666666665,-0.7042260000000006,82.43333333333334,273.6333333333333,101433.7,1014.337,0.4833333333333485,2.869575740677267,2014-07-14 06:00:00,2014-07-15 22:00:00,2014-07-15 18:00:00-04:00
Philadelphia_PA,20140714,41,23,-2.743642933333333,-1.1193808000000005,81.96666666666667,273.6666666666667,101422.6,1014.2260000000001,0.5166666666667084,2.963206020687488,2014-07-14 06:00:00,2014-07-15 23:00:00,2014-07-15 19:00:00-04:00
Philadelphia_PA,20140714,42,24,-2.7054644,-1.5345356000000003,81.5,273.7,101411.5,1014.115,0.5500000000000114,3.1103596459790177,2014-07-14 06:00:00,2014-07-16 00:00:00,2014-07-15 20:00:00-04:00
Philadelphia_PA,20140714,43,25,-2.607285866666666,-1.787868933333334,81.5,273.6666666666667,101384.7,1013.847,0.5166666666667084,3.1613944570866543,2014-07-14 06:00:00,2014-07-16 01:00:00,2014-07-15 21:00:00-04:00
Philadelphia_PA,20140714,44,26,-2.5091073333333327,-2.0412022666666676,81.5,273.6333333333333,101357.90000000001,1013.5790000000001,0.4833333333333485,3.234521031564372,2014-07-14 06:00:00,2014-07-16 02:00:00,2014-07-15 22:00:00-04:00
Philadelphia_PA,20140714,45,27,-2.410928799999999,-2.294535600000001,81.5,273.6,101331.1,1013.311,0.4500000000000455,3.3282835363497503,2014-07-14 06:00:00,2014-07-16 03:00:00,2014-07-15 23:00:00-04:00
Philadelphia_PA,20140714,46,28,-2.347595466666666,-2.464535600000001,81.81821466666666,273.43333333333334,101327.43333333333,1013.2743333333333,0.28333333333335986,3.4036950801711434,2014-07-14 06:00:00,2014-07-16 04:00:00,2014-07-16 00:00:00-04:00
Philadelphia_PA,20140714,47,29,-2.2842621333333324,-2.6345356000000004,82.13642933333334,273.2666666666667,101323.76666666668,1013.2376666666668,0.11666666666673109,3.4869229015634846,2014-07-14 06:00:00,2014-07-16 05:00:00,2014-07-16 01:00:00-04:00
Philadelphia_PA,20140714,48,30,-2.2209287999999994,-2.8045356000000004,82.454644,273.1,101320.1,1013.201,-0.049999999999954525,3.57742151085622,2014-07-14 06:00:00,2014-07-16 06:00:00,2014-07-16 02:00:00-04:00
Philadelphia_PA,20141101,18,0,0.7809287999999992,1.3045356000000004,99.9,247.42,101172.6,1011.7260000000001,-25.72999999999999,1.520415378222938,2014-11-01 06:00:00,2014-11-02 00:00:00,2014-11-01 20:00:00-04:00
Philadelphia_PA,20141101,19,1,0.652440666666666,1.0896904000000003,99.88178533333334,246.1648452,101155.56666666667,1011.5556666666666,-26.985154799999975,1.2700803090248287,2014-11-01 06:00:00,2014-11-02 01:00:00,2014-11-01 21:00:00-04:00
Philadelphia_PA,20141101,20,2,0.5239525333333328,0.8748452000000002,99.86357066666666,244.9096904,101138.53333333334,1011.3853333333334,-28.24030959999999,1.01974525306542,2014-11-01 06:00:00,2014-11-02 02:00:00,2014-11-01 22:00:00-04:00
Philadelphia_PA,20141101,21,3,0.3954643999999996,0.66,99.845356,243.6545356,101121.5,1011.215,-29.495464399999975,0.7694102232667303,2014-11-01 06:00:00,2014-11-02 03:00:00,2014-11-01 23:00:00-04:00
Philadelphia_PA,20141101,22,4,0.14879773333333293,0.7251547999999999,99.89690399999999,243.33120226666668,101100.35810133333,1011.0035810133334,-29.818797733333298,0.7402636350707615,2014-11-01 06:00:00,2014-11-02 04:00:00,2014-11-02 00:00:00-04:00
Philadelphia_PA,20141101,23,5,-0.09786893333333374,0.7903095999999997,99.948452,243.00786893333333,101079.21620266666,1010.7921620266666,-30.14213106666665,0.7963464019909703,2014-11-01 06:00:00,2014-11-02 05:00:00,2014-11-02 01:00:00-04:00
Philadelphia_PA,20141101,24,6,-0.3445356000000004,0.8554643999999996,100.0,242.6845356,101058.074304,1010.5807430399999,-30.465464399999973,0.9222386455439392,2014-11-01 06:00:00,2014-11-02 06:00:00,2014-11-02 01:00:00-05:00
Philadelphia_PA,20141101,25,7,-0.4796904000000003,0.823642933333333,99.96357066666667,242.62969040000002,101061.41620266666,1010.6141620266666,-30.520309599999962,0.9531477123101632,2014-11-01 06:00:00,2014-11-02 07:00:00,2014-11-02 02:00:00-05:00
Philadelphia_PA,20141101,26,8,-0.6148452000000002,0.7918214666666665,99.92714133333332,242.57484520000003,101064.75810133334,1010.6475810133334,-30.57515479999995,1.002504790530794,2014-11-01 06:00:00,2014-11-02 08:00:00,2014-11-02 03:00:00-05:00
Philadelphia_PA,20141101,27,9,-0.75,0.76,99.890712,242.52000000000004,101068.1,1010.681,-30.62999999999994,1.067754653466797,2014-11-01 06:00:00,2014-11-02 09:00:00,2014-11-02 04:00:00-05:00
Philadelphia_PA,20141101,28,10,-0.7748452000000001,0.7366666666666667,99.89380799999999,242.57484520000003,101040.26666666668,1010.4026666666667,-30.57515479999995,1.0691411795178494,2014-11-01 06:00:00,2014-11-02 10:00:00,2014-11-02 05:00:00-05:00
Philadelphia_PA,20141101,29,11,-0.7996904000000002,0.7133333333333334,99.896904,242.62969040000002,101012.43333333333,1010.1243333333333,-30.520309599999962,1.0716105543977275,2014-11-01 06:00:00,2014-11-02 11:00:00,2014-11-02 06:00:00-05:00
Philadelphia_PA,20141101,30,12,-0.8245356000000004,0.6900000000000001,99.9,242.6845356,100984.6,1009.846,-30.465464399999973,1.0751553169972052,2014-11-01 06:00:00,2014-11-02 12:00:00,2014-11-02 07:00:00-05:00
Philadelphia_PA,20141101,31,13,-0.9312022666666671,0.6484881333333332,99.88488133333334,242.6996904,100975.53333333334,1009.7553333333334,-30.45030959999997,1.1347574721143234,2014-11-01 06:00:00,2014-11-02 13:00:00,2014-11-02 08:00:00-05:00
Philadelphia_PA,20141101,32,14,-1.0378689333333337,0.6069762666666665,99.86976266666666,242.71484519999998,100966.46666666666,1009.6646666666666,-30.435154799999992,1.202327788531512,2014-11-01 06:00:00,2014-11-02 14:00:00,2014-11-02 09:00:00-05:00
Philadelphia_PA,20141101,33,15,-1.1445356000000004,0.5654643999999996,99.854644,242.73,100957.4,1009.574,-30.419999999999987,1.276601632199615,2014-11-01 06:00:00,2014-11-02 15:00:00,2014-11-02 10:00:00-05:00
Philadelphia_PA,20141101,34,16,-1.1496904000000003,0.5169762666666664,99.90309599999999,242.74151186666666,100945.934375,1009.45934375,-30.40848813333332,1.2605762476537328,2014-11-01 06:00:00,2014-11-02 16:00:00,2014-11-02 11:00:00-05:00
Philadelphia_PA,20141101,35,17,-1.1548452,0.4684881333333332,99.951548,242.75302373333332,100934.46875,1009.3446875,-30.396976266666655,1.2462538132488066,2014-11-01 06:00:00,2014-11-02 17:00:00,2014-11-02 12:00:00-05:00
Philadelphia_PA,20141101,36,18,-1.16,0.42,100.0,242.7645356,100923.003125,1009.23003125,-30.38546439999999,1.2336936410632908,2014-11-01 06:00:00,2014-11-02 18:00:00,2014-11-02 13:00:00-05:00
Philadelphia_PA,20141101,37,19,-1.1666666666666665,0.42666666666666664,99.98488133333333,242.85786893333332,100934.13541666667,1009.3413541666667,-30.292131066666656,1.2422381235316984,2014-11-01 06:00:00,2014-11-02 19:00:00,2014-11-02 14:00:00-05:00
Philadelphia_PA,20141101,38,20,-1.1733333333333333,0.43333333333333335,99.96976266666667,242.95120226666666,100945.26770833333,1009.4526770833332,-30.198797733333322,1.2507953025530951,2014-11-01 06:00:00,2014-11-02 20:00:00,2014-11-02 15:00:00-05:00
Philadelphia_PA,20141101,39,21,-1.18,0.44,99.954644,243.0445356,100956.4,1009.564,-30.10546439999999,1.2593649193144931,2014-11-01 06:00:00,2014-11-02 21:00:00,2014-11-02 16:00:00-05:00
Philadelphia_PA,20141101,40,22,-1.0415118666666667,0.49515479999999984,99.96976266666667,242.8845356,100949.90104166666,1009.4990104166666,-30.265464399999985,1.15322384833584,2014-11-01 06:00:00,2014-11-02 22:00:00,2014-11-02 17:00:00-05:00
Philadelphia_PA,20141101,41,23,-0.9030237333333335,0.5503095999999997,99.98488133333333,242.7245356,100943.40208333333,1009.4340208333333,-30.42546439999998,1.0574935076942227,2014-11-01 06:00:00,2014-11-02 23:00:00,2014-11-02 18:00:00-05:00
Philadelphia_PA,20141101,42,24,-0.7645356000000003,0.6054643999999996,100.0,242.5645356,100936.903125,1009.3690312499999,-30.585464399999978,0.9752444941319689,2014-11-01 06:00:00,2014-11-03 00:00:00,2014-11-02 19:00:00-05:00
Philadelphia_PA,20141101,43,25,-0.7330237333333336,0.5836429333333331,100.0,242.61786893333334,100937.43541666666,1009.3743541666666,-30.532131066666636,0.9369967274541975,2014-11-01 06:00:00,2014-11-03 01:00:00,2014-11-02 20:00:00-05:00
Philadelphia_PA,20141101,44,26,-0.7015118666666668,0.5618214666666665,100.0,242.67120226666665,100937.96770833334,1009.3796770833334,-30.478797733333323,0.8987559510131967,2014-11-01 06:00:00,2014-11-03 02:00:00,2014-11-02 21:00:00-05:00
Philadelphia_PA,20141101,45,27,-0.67,0.54,100.0,242.7245356,100938.5,1009.385,-30.42546439999998,0.8605230967266365,2014-11-01 06:00:00,2014-11-03 03:00:00,2014-11-02 22:00:00-05:00
Philadelphia_PA,20141101,46,28,-0.5315118666666668,0.5233333333333333,100.0,243.2845356,100938.45810133334,1009.3845810133333,-29.86546439999998,0.745910612731353,2014-11-01 06:00:00,2014-11-03 04:00:00,2014-11-02 23:00:00-05:00
Philadelphia_PA,20141101,47,29,-0.3930237333333336,0.5066666666666667,100.0,243.8445356,100938.41620266666,1009.3841620266666,-29.305464399999977,0.6412322247629033,2014-11-01 06:00:00,2014-11-03 05:00:00,2014-11-03 00:00:00-05:00
Philadelphia_PA,20141101,48,30,-0.2545356000000004,0.49,100.0,244.4045356,100938.374304,1009.38374304,-28.745464399999975,0.552166978066744,2014-11-01 06:00:00,2014-11-03 06:00:00,2014-11-03 01:00:00-05:00
